run_id,logger_seq,source_seq,source_stamp_ns,receipt_ros_ns,receipt_monotonic_ns,stamp_basis,source_clock,frame_id,source,validity,inference_id,plan_id,command_id,action_index,command_stage,command_mode,semantic_frame,orientation_unit,position_unit,force_unit,x,y,z,rx,ry,rz,fx,fy,fz,limited,limiting_reason,execution_status,raw_values,details
offline_OFF_20260930T174810_1790758090066374038_ei3wxeen,10,,,123456789000,4001263413817,receipt_only_no_header,,,denormalized_policy_prediction,valid,1,1,,0,policy_prediction,,stain_relative_xy_base_z,rotvec_rad,mm,,27.797149658203125,-14.47172737121582,168.25709533691406,0.02800622582435608,0.15415921807289124,2.483950614929199,,,,,,prediction_only_not_sent,"[27.797149658203125, -14.47172737121582, 168.25709533691406, 0.02800622582435608, 0.15415921807289124, 2.483950614929199]","{""predicted_force"": null, ""force_status"": ""not_predicted""}"
offline_OFF_20260930T174810_1790758090066374038_ei3wxeen,11,,,123456789000,4001263413817,receipt_only_no_header,,,denormalized_policy_prediction,valid,1,1,,1,policy_prediction,,stain_relative_xy_base_z,rotvec_rad,mm,,25.983245849609375,-14.438980102539062,168.837158203125,0.02786770462989807,0.1514962911605835,2.4788436889648438,,,,,,prediction_only_not_sent,"[25.983245849609375, -14.438980102539062, 168.837158203125, 0.02786770462989807, 0.1514962911605835, 2.4788436889648438]","{""predicted_force"": null, ""force_status"": ""not_predicted""}"
offline_OFF_20260930T174810_1790758090066374038_ei3wxeen,12,,,123456789000,4001263413817,receipt_only_no_header,,,denormalized_policy_prediction,valid,1,1,,2,policy_prediction,,stain_relative_xy_base_z,rotvec_rad,mm,,26.356903076171875,-13.913652420043945,169.33876037597656,0.027488574385643005,0.15014240145683289,2.47611141204834,,,,,,prediction_only_not_sent,"[26.356903076171875, -13.913652420043945, 169.33876037597656, 0.027488574385643005, 0.15014240145683289, 2.47611141204834]","{""predicted_force"": null, ""force_status"": ""not_predicted""}"
offline_OFF_20260930T174810_1790758090066374038_ei3wxeen,13,,,123456789000,4001263413817,receipt_only_no_header,,,denormalized_policy_prediction,valid,1,1,,3,policy_prediction,,stain_relative_xy_base_z,rotvec_rad,mm,,27.483200073242188,-13.996654510498047,169.6179656982422,0.02611483633518219,0.14905816316604614,2.47602915763855,,,,,,prediction_only_not_sent,"[27.483200073242188, -13.996654510498047, 169.6179656982422, 0.02611483633518219, 0.14905816316604614, 2.47602915763855]","{""predicted_force"": null, ""force_status"": ""not_predicted""}"
offline_OFF_20260930T174810_1790758090066374038_ei3wxeen,14,,,123456789000,4001263413817,receipt_only_no_header,,,denormalized_policy_prediction,valid,1,1,,4,policy_prediction,,stain_relative_xy_base_z,rotvec_rad,mm,,27.616256713867188,-15.343170166015625,169.4486541748047,0.024281829595565796,0.15112608671188354,2.4758472442626953,,,,,,prediction_only_not_sent,"[27.616256713867188, -15.343170166015625, 169.4486541748047, 0.024281829595565796, 0.15112608671188354, 2.4758472442626953]","{""predicted_force"": null, ""force_status"": ""not_predicted""}"
offline_OFF_20260930T174810_1790758090066374038_ei3wxeen,15,,,123456789000,4001263413817,receipt_only_no_header,,,denormalized_policy_prediction,valid,1,1,,5,policy_prediction,,stain_relative_xy_base_z,rotvec_rad,mm,,28.04058837890625,-15.585054397583008,169.08128356933594,0.024809077382087708,0.15002048015594482,2.474419593811035,,,,,,prediction_only_not_sent,"[28.04058837890625, -15.585054397583008, 169.08128356933594, 0.024809077382087708, 0.15002048015594482, 2.474419593811035]","{""predicted_force"": null, ""force_status"": ""not_predicted""}"
offline_OFF_20260930T174810_1790758090066374038_ei3wxeen,16,,,123456789000,4001263413817,receipt_only_no_header,,,denormalized_policy_prediction,valid,1,1,,6,policy_prediction,,stain_relative_xy_base_z,rotvec_rad,mm,,29.109634399414062,-15.950586318969727,169.1865234375,0.02480253577232361,0.1488845944404602,2.476548433303833,,,,,,prediction_only_not_sent,"[29.109634399414062, -15.950586318969727, 169.1865234375, 0.02480253577232361, 0.1488845944404602, 2.476548433303833]","{""predicted_force"": null, ""force_status"": ""not_predicted""}"
offline_OFF_20260930T174810_1790758090066374038_ei3wxeen,17,,,123456789000,4001263413817,receipt_only_no_header,,,denormalized_policy_prediction,valid,1,1,,7,policy_prediction,,stain_relative_xy_base_z,rotvec_rad,mm,,30.111801147460938,-16.303632736206055,169.78955078125,0.024884432554244995,0.14730501174926758,2.470294713973999,,,,,,prediction_only_not_sent,"[30.111801147460938, -16.303632736206055, 169.78955078125, 0.024884432554244995, 0.14730501174926758, 2.470294713973999]","{""predicted_force"": null, ""force_status"": ""not_predicted""}"
offline_OFF_20260930T174810_1790758090066374038_ei3wxeen,18,,,123456789000,4001263413817,receipt_only_no_header,,,denormalized_policy_prediction,valid,1,1,,8,policy_prediction,,stain_relative_xy_base_z,rotvec_rad,mm,,28.927993774414062,-16.427030563354492,169.85400390625,0.022909164428710938,0.1480940878391266,2.471628427505493,,,,,,prediction_only_not_sent,"[28.927993774414062, -16.427030563354492, 169.85400390625, 0.022909164428710938, 0.1480940878391266, 2.471628427505493]","{""predicted_force"": null, ""force_status"": ""not_predicted""}"
offline_OFF_20260930T174810_1790758090066374038_ei3wxeen,19,,,123456789000,4001263413817,receipt_only_no_header,,,denormalized_policy_prediction,valid,1,1,,9,policy_prediction,,stain_relative_xy_base_z,rotvec_rad,mm,,29.387924194335938,-17.1722469329834,169.50625610351562,0.022747308015823364,0.15067759156227112,2.474447250366211,,,,,,prediction_only_not_sent,"[29.387924194335938, -17.1722469329834, 169.50625610351562, 0.022747308015823364, 0.15067759156227112, 2.474447250366211]","{""predicted_force"": null, ""force_status"": ""not_predicted""}"
offline_OFF_20260930T174810_1790758090066374038_ei3wxeen,20,,,123456789000,4001263413817,receipt_only_no_header,,,denormalized_policy_prediction,valid,1,1,,10,policy_prediction,,stain_relative_xy_base_z,rotvec_rad,mm,,28.986968994140625,-18.204023361206055,170.82022094726562,0.020642578601837158,0.14820873737335205,2.4727022647857666,,,,,,prediction_only_not_sent,"[28.986968994140625, -18.204023361206055, 170.82022094726562, 0.020642578601837158, 0.14820873737335205, 2.4727022647857666]","{""predicted_force"": null, ""force_status"": ""not_predicted""}"
offline_OFF_20260930T174810_1790758090066374038_ei3wxeen,21,,,123456789000,4001263413817,receipt_only_no_header,,,denormalized_policy_prediction,valid,1,1,,11,policy_prediction,,stain_relative_xy_base_z,rotvec_rad,mm,,31.619979858398438,-17.925905227661133,168.9558868408203,0.022078990936279297,0.1468677520751953,2.4666550159454346,,,,,,prediction_only_not_sent,"[31.619979858398438, -17.925905227661133, 168.9558868408203, 0.022078990936279297, 0.1468677520751953, 2.4666550159454346]","{""predicted_force"": null, ""force_status"": ""not_predicted""}"
offline_OFF_20260930T174810_1790758090066374038_ei3wxeen,22,,,123456789000,4001263413817,receipt_only_no_header,,,denormalized_policy_prediction,valid,1,1,,12,policy_prediction,,stain_relative_xy_base_z,rotvec_rad,mm,,30.334686279296875,-18.629196166992188,169.97225952148438,0.017946511507034302,0.14647909998893738,2.468806743621826,,,,,,prediction_only_not_sent,"[30.334686279296875, -18.629196166992188, 169.97225952148438, 0.017946511507034302, 0.14647909998893738, 2.468806743621826]","{""predicted_force"": null, ""force_status"": ""not_predicted""}"
offline_OFF_20260930T174810_1790758090066374038_ei3wxeen,23,,,123456789000,4001263413817,receipt_only_no_header,,,denormalized_policy_prediction,valid,1,1,,13,policy_prediction,,stain_relative_xy_base_z,rotvec_rad,mm,,32.006866455078125,-18.525665283203125,169.5657958984375,0.01989331841468811,0.14701440930366516,2.4660933017730713,,,,,,prediction_only_not_sent,"[32.006866455078125, -18.525665283203125, 169.5657958984375, 0.01989331841468811, 0.14701440930366516, 2.4660933017730713]","{""predicted_force"": null, ""force_status"": ""not_predicted""}"
offline_OFF_20260930T174810_1790758090066374038_ei3wxeen,24,,,123456789000,4001263413817,receipt_only_no_header,,,denormalized_policy_prediction,valid,1,1,,14,policy_prediction,,stain_relative_xy_base_z,rotvec_rad,mm,,32.55729675292969,-18.996994018554688,170.11302185058594,0.019266828894615173,0.14776834845542908,2.4693524837493896,,,,,,prediction_only_not_sent,"[32.55729675292969, -18.996994018554688, 170.11302185058594, 0.019266828894615173, 0.14776834845542908, 2.4693524837493896]","{""predicted_force"": null, ""force_status"": ""not_predicted""}"
offline_OFF_20260930T174810_1790758090066374038_ei3wxeen,25,,,123456789000,4001263413817,receipt_only_no_header,,,denormalized_policy_prediction,valid,1,1,,15,policy_prediction,,stain_relative_xy_base_z,rotvec_rad,mm,,31.153793334960938,-19.608535766601562,169.4296875,0.01798926293849945,0.14717158675193787,2.465319871902466,,,,,,prediction_only_not_sent,"[31.153793334960938, -19.608535766601562, 169.4296875, 0.01798926293849945, 0.14717158675193787, 2.465319871902466]","{""predicted_force"": null, ""force_status"": ""not_predicted""}"
offline_OFF_20260930T174810_1790758090066374038_ei3wxeen,26,,,123456789000,4001263413817,receipt_only_no_header,,,denormalized_policy_prediction,valid,1,1,,16,policy_prediction,,stain_relative_xy_base_z,rotvec_rad,mm,,33.52119445800781,-20.572908401489258,169.7740020751953,0.018682315945625305,0.14688536524772644,2.460047721862793,,,,,,prediction_only_not_sent,"[33.52119445800781, -20.572908401489258, 169.7740020751953, 0.018682315945625305, 0.14688536524772644, 2.460047721862793]","{""predicted_force"": null, ""force_status"": ""not_predicted""}"
offline_OFF_20260930T174810_1790758090066374038_ei3wxeen,27,,,123456789000,4001263413817,receipt_only_no_header,,,denormalized_policy_prediction,valid,1,1,,17,policy_prediction,,stain_relative_xy_base_z,rotvec_rad,mm,,31.9483642578125,-20.032712936401367,169.75015258789062,0.01874479651451111,0.1471332609653473,2.4632818698883057,,,,,,prediction_only_not_sent,"[31.9483642578125, -20.032712936401367, 169.75015258789062, 0.01874479651451111, 0.1471332609653473, 2.4632818698883057]","{""predicted_force"": null, ""force_status"": ""not_predicted""}"
offline_OFF_20260930T174810_1790758090066374038_ei3wxeen,28,,,123456789000,4001263413817,receipt_only_no_header,,,denormalized_policy_prediction,valid,1,1,,18,policy_prediction,,stain_relative_xy_base_z,rotvec_rad,mm,,34.08116149902344,-20.818822860717773,170.0886688232422,0.016981124877929688,0.14774450659751892,2.4592878818511963,,,,,,prediction_only_not_sent,"[34.08116149902344, -20.818822860717773, 170.0886688232422, 0.016981124877929688, 0.14774450659751892, 2.4592878818511963]","{""predicted_force"": null, ""force_status"": ""not_predicted""}"
offline_OFF_20260930T174810_1790758090066374038_ei3wxeen,29,,,123456789000,4001263413817,receipt_only_no_header,,,denormalized_policy_prediction,valid,1,1,,19,policy_prediction,,stain_relative_xy_base_z,rotvec_rad,mm,,33.83375549316406,-21.58574104309082,169.63075256347656,0.016604796051979065,0.14745688438415527,2.4615979194641113,,,,,,prediction_only_not_sent,"[33.83375549316406, -21.58574104309082, 169.63075256347656, 0.016604796051979065, 0.14745688438415527, 2.4615979194641113]","{""predicted_force"": null, ""force_status"": ""not_predicted""}"
offline_OFF_20260930T174810_1790758090066374038_ei3wxeen,30,,,123456789000,4001263413817,receipt_only_no_header,,,denormalized_policy_prediction,valid,1,1,,20,policy_prediction,,stain_relative_xy_base_z,rotvec_rad,mm,,34.0770263671875,-22.41558074951172,170.1548309326172,0.015221431851387024,0.14811110496520996,2.4607176780700684,,,,,,prediction_only_not_sent,"[34.0770263671875, -22.41558074951172, 170.1548309326172, 0.015221431851387024, 0.14811110496520996, 2.4607176780700684]","{""predicted_force"": null, ""force_status"": ""not_predicted""}"
offline_OFF_20260930T174810_1790758090066374038_ei3wxeen,31,,,123456789000,4001263413817,receipt_only_no_header,,,denormalized_policy_prediction,valid,1,1,,21,policy_prediction,,stain_relative_xy_base_z,rotvec_rad,mm,,35.29521179199219,-21.94719123840332,169.31056213378906,0.014460191130638123,0.1469489336013794,2.4562020301818848,,,,,,prediction_only_not_sent,"[35.29521179199219, -21.94719123840332, 169.31056213378906, 0.014460191130638123, 0.1469489336013794, 2.4562020301818848]","{""predicted_force"": null, ""force_status"": ""not_predicted""}"
offline_OFF_20260930T174810_1790758090066374038_ei3wxeen,32,,,123456789000,4001263413817,receipt_only_no_header,,,denormalized_policy_prediction,valid,1,1,,22,policy_prediction,,stain_relative_xy_base_z,rotvec_rad,mm,,35.22084045410156,-23.273849487304688,170.31961059570312,0.014451324939727783,0.1468040645122528,2.4567317962646484,,,,,,prediction_only_not_sent,"[35.22084045410156, -23.273849487304688, 170.31961059570312, 0.014451324939727783, 0.1468040645122528, 2.4567317962646484]","{""predicted_force"": null, ""force_status"": ""not_predicted""}"
offline_OFF_20260930T174810_1790758090066374038_ei3wxeen,33,,,123456789000,4001263413817,receipt_only_no_header,,,denormalized_policy_prediction,valid,1,1,,23,policy_prediction,,stain_relative_xy_base_z,rotvec_rad,mm,,35.675567626953125,-23.992469787597656,169.90786743164062,0.01252312958240509,0.1455325484275818,2.453662395477295,,,,,,prediction_only_not_sent,"[35.675567626953125, -23.992469787597656, 169.90786743164062, 0.01252312958240509, 0.1455325484275818, 2.453662395477295]","{""predicted_force"": null, ""force_status"": ""not_predicted""}"
offline_OFF_20260930T174810_1790758090066374038_ei3wxeen,34,,,123456789000,4001263413817,receipt_only_no_header,,,denormalized_policy_prediction,valid,1,1,,24,policy_prediction,,stain_relative_xy_base_z,rotvec_rad,mm,,36.40936279296875,-24.22627830505371,169.80050659179688,0.015309810638427734,0.14556154608726501,2.451885938644409,,,,,,prediction_only_not_sent,"[36.40936279296875, -24.22627830505371, 169.80050659179688, 0.015309810638427734, 0.14556154608726501, 2.451885938644409]","{""predicted_force"": null, ""force_status"": ""not_predicted""}"
offline_OFF_20260930T174810_1790758090066374038_ei3wxeen,35,,,123456789000,4001263413817,receipt_only_no_header,,,denormalized_policy_prediction,valid,1,1,,25,policy_prediction,,stain_relative_xy_base_z,rotvec_rad,mm,,36.511749267578125,-24.77215003967285,170.03514099121094,0.013656273484230042,0.1462990939617157,2.4506478309631348,,,,,,prediction_only_not_sent,"[36.511749267578125, -24.77215003967285, 170.03514099121094, 0.013656273484230042, 0.1462990939617157, 2.4506478309631348]","{""predicted_force"": null, ""force_status"": ""not_predicted""}"
offline_OFF_20260930T174810_1790758090066374038_ei3wxeen,36,,,123456789000,4001263413817,receipt_only_no_header,,,denormalized_policy_prediction,valid,1,1,,26,policy_prediction,,stain_relative_xy_base_z,rotvec_rad,mm,,36.86573791503906,-25.02674102783203,170.14852905273438,0.013726145029067993,0.14693132042884827,2.4504990577697754,,,,,,prediction_only_not_sent,"[36.86573791503906, -25.02674102783203, 170.14852905273438, 0.013726145029067993, 0.14693132042884827, 2.4504990577697754]","{""predicted_force"": null, ""force_status"": ""not_predicted""}"
offline_OFF_20260930T174810_1790758090066374038_ei3wxeen,37,,,123456789000,4001263413817,receipt_only_no_header,,,denormalized_policy_prediction,valid,1,1,,27,policy_prediction,,stain_relative_xy_base_z,rotvec_rad,mm,,37.302734375,-25.685359954833984,170.25254821777344,0.01237863302230835,0.147222638130188,2.4502291679382324,,,,,,prediction_only_not_sent,"[37.302734375, -25.685359954833984, 170.25254821777344, 0.01237863302230835, 0.147222638130188, 2.4502291679382324]","{""predicted_force"": null, ""force_status"": ""not_predicted""}"
offline_OFF_20260930T174810_1790758090066374038_ei3wxeen,38,,,123456789000,4001263413817,receipt_only_no_header,,,denormalized_policy_prediction,valid,1,1,,28,policy_prediction,,stain_relative_xy_base_z,rotvec_rad,mm,,37.12538146972656,-26.379478454589844,170.19862365722656,0.013259992003440857,0.14665177464485168,2.4481942653656006,,,,,,prediction_only_not_sent,"[37.12538146972656, -26.379478454589844, 170.19862365722656, 0.013259992003440857, 0.14665177464485168, 2.4481942653656006]","{""predicted_force"": null, ""force_status"": ""not_predicted""}"
offline_OFF_20260930T174810_1790758090066374038_ei3wxeen,39,,,123456789000,4001263413817,receipt_only_no_header,,,denormalized_policy_prediction,valid,1,1,,29,policy_prediction,,stain_relative_xy_base_z,rotvec_rad,mm,,38.28802490234375,-26.782014846801758,170.40261840820312,0.011676967144012451,0.14770102500915527,2.448336601257324,,,,,,prediction_only_not_sent,"[38.28802490234375, -26.782014846801758, 170.40261840820312, 0.011676967144012451, 0.14770102500915527, 2.448336601257324]","{""predicted_force"": null, ""force_status"": ""not_predicted""}"
offline_OFF_20260930T174810_1790758090066374038_ei3wxeen,40,,,123456789000,4001263413817,receipt_only_no_header,,,denormalized_policy_prediction,valid,1,1,,30,policy_prediction,,stain_relative_xy_base_z,rotvec_rad,mm,,38.20204162597656,-27.024497985839844,170.42588806152344,0.01198488473892212,0.14905348420143127,2.4462952613830566,,,,,,prediction_only_not_sent,"[38.20204162597656, -27.024497985839844, 170.42588806152344, 0.01198488473892212, 0.14905348420143127, 2.4462952613830566]","{""predicted_force"": null, ""force_status"": ""not_predicted""}"
offline_OFF_20260930T174810_1790758090066374038_ei3wxeen,41,,,123456789000,4001263413817,receipt_only_no_header,,,denormalized_policy_prediction,valid,1,1,,31,policy_prediction,,stain_relative_xy_base_z,rotvec_rad,mm,,38.63362121582031,-27.548198699951172,171.0585479736328,0.009655073285102844,0.14948517084121704,2.445138692855835,,,,,,prediction_only_not_sent,"[38.63362121582031, -27.548198699951172, 171.0585479736328, 0.009655073285102844, 0.14948517084121704, 2.445138692855835]","{""predicted_force"": null, ""force_status"": ""not_predicted""}"
offline_OFF_20260930T174810_1790758090066374038_ei3wxeen,42,,,123456789000,4001263413817,receipt_only_no_header,,,denormalized_policy_prediction,valid,1,1,,32,policy_prediction,,stain_relative_xy_base_z,rotvec_rad,mm,,38.28309631347656,-28.094661712646484,171.1170196533203,0.010204225778579712,0.14905831217765808,2.44511079788208,,,,,,prediction_only_not_sent,"[38.28309631347656, -28.094661712646484, 171.1170196533203, 0.010204225778579712, 0.14905831217765808, 2.44511079788208]","{""predicted_force"": null, ""force_status"": ""not_predicted""}"
offline_OFF_20260930T174810_1790758090066374038_ei3wxeen,43,,,123456789000,4001263413817,receipt_only_no_header,,,denormalized_policy_prediction,valid,1,1,,33,policy_prediction,,stain_relative_xy_base_z,rotvec_rad,mm,,38.760894775390625,-28.141244888305664,170.788818359375,0.006858512759208679,0.15031898021697998,2.4424197673797607,,,,,,prediction_only_not_sent,"[38.760894775390625, -28.141244888305664, 170.788818359375, 0.006858512759208679, 0.15031898021697998, 2.4424197673797607]","{""predicted_force"": null, ""force_status"": ""not_predicted""}"
offline_OFF_20260930T174810_1790758090066374038_ei3wxeen,44,,,123456789000,4001263413817,receipt_only_no_header,,,denormalized_policy_prediction,valid,1,1,,34,policy_prediction,,stain_relative_xy_base_z,rotvec_rad,mm,,40.03501892089844,-29.376964569091797,171.6318359375,0.005629047751426697,0.1517062783241272,2.4422659873962402,,,,,,prediction_only_not_sent,"[40.03501892089844, -29.376964569091797, 171.6318359375, 0.005629047751426697, 0.1517062783241272, 2.4422659873962402]","{""predicted_force"": null, ""force_status"": ""not_predicted""}"
offline_OFF_20260930T174810_1790758090066374038_ei3wxeen,45,,,123456789000,4001263413817,receipt_only_no_header,,,denormalized_policy_prediction,valid,1,1,,35,policy_prediction,,stain_relative_xy_base_z,rotvec_rad,mm,,40.10429382324219,-28.70503044128418,171.30477905273438,0.005536332726478577,0.15136301517486572,2.4395642280578613,,,,,,prediction_only_not_sent,"[40.10429382324219, -28.70503044128418, 171.30477905273438, 0.005536332726478577, 0.15136301517486572, 2.4395642280578613]","{""predicted_force"": null, ""force_status"": ""not_predicted""}"
offline_OFF_20260930T174810_1790758090066374038_ei3wxeen,46,,,123456789000,4001263413817,receipt_only_no_header,,,denormalized_policy_prediction,valid,1,1,,36,policy_prediction,,stain_relative_xy_base_z,rotvec_rad,mm,,40.81816101074219,-29.18737030029297,171.61862182617188,0.004106670618057251,0.15076956152915955,2.440650701522827,,,,,,prediction_only_not_sent,"[40.81816101074219, -29.18737030029297, 171.61862182617188, 0.004106670618057251, 0.15076956152915955, 2.440650701522827]","{""predicted_force"": null, ""force_status"": ""not_predicted""}"
offline_OFF_20260930T174810_1790758090066374038_ei3wxeen,47,,,123456789000,4001263413817,receipt_only_no_header,,,denormalized_policy_prediction,valid,1,1,,37,policy_prediction,,stain_relative_xy_base_z,rotvec_rad,mm,,39.99391174316406,-29.67340850830078,172.318603515625,0.004136815667152405,0.15222781896591187,2.4385852813720703,,,,,,prediction_only_not_sent,"[39.99391174316406, -29.67340850830078, 172.318603515625, 0.004136815667152405, 0.15222781896591187, 2.4385852813720703]","{""predicted_force"": null, ""force_status"": ""not_predicted""}"
offline_OFF_20260930T174810_1790758090066374038_ei3wxeen,48,,,123456789000,4001263413817,receipt_only_no_header,,,denormalized_policy_prediction,valid,1,1,,38,policy_prediction,,stain_relative_xy_base_z,rotvec_rad,mm,,40.7005615234375,-29.748382568359375,172.43023681640625,-2.98917293548584e-05,0.15291252732276917,2.4376747608184814,,,,,,prediction_only_not_sent,"[40.7005615234375, -29.748382568359375, 172.43023681640625, -2.98917293548584e-05, 0.15291252732276917, 2.4376747608184814]","{""predicted_force"": null, ""force_status"": ""not_predicted""}"
offline_OFF_20260930T174810_1790758090066374038_ei3wxeen,49,,,123456789000,4001263413817,receipt_only_no_header,,,denormalized_policy_prediction,valid,1,1,,39,policy_prediction,,stain_relative_xy_base_z,rotvec_rad,mm,,40.27685546875,-29.973474502563477,172.575439453125,0.0014367848634719849,0.15495175123214722,2.4355108737945557,,,,,,prediction_only_not_sent,"[40.27685546875, -29.973474502563477, 172.575439453125, 0.0014367848634719849, 0.15495175123214722, 2.4355108737945557]","{""predicted_force"": null, ""force_status"": ""not_predicted""}"
offline_OFF_20260930T174810_1790758090066374038_ei3wxeen,50,,,123456789000,4001263413817,receipt_only_no_header,,,denormalized_policy_prediction,valid,1,1,,40,policy_prediction,,stain_relative_xy_base_z,rotvec_rad,mm,,40.451751708984375,-30.741331100463867,173.39651489257812,-0.0017971694469451904,0.15629616379737854,2.4364242553710938,,,,,,prediction_only_not_sent,"[40.451751708984375, -30.741331100463867, 173.39651489257812, -0.0017971694469451904, 0.15629616379737854, 2.4364242553710938]","{""predicted_force"": null, ""force_status"": ""not_predicted""}"
offline_OFF_20260930T174810_1790758090066374038_ei3wxeen,51,,,123456789000,4001263413817,receipt_only_no_header,,,denormalized_policy_prediction,valid,1,1,,41,policy_prediction,,stain_relative_xy_base_z,rotvec_rad,mm,,40.94999694824219,-30.17493438720703,173.2562255859375,-0.0018492937088012695,0.15741759538650513,2.433624267578125,,,,,,prediction_only_not_sent,"[40.94999694824219, -30.17493438720703, 173.2562255859375, -0.0018492937088012695, 0.15741759538650513, 2.433624267578125]","{""predicted_force"": null, ""force_status"": ""not_predicted""}"
offline_OFF_20260930T174810_1790758090066374038_ei3wxeen,52,,,123456789000,4001263413817,receipt_only_no_header,,,denormalized_policy_prediction,valid,1,1,,42,policy_prediction,,stain_relative_xy_base_z,rotvec_rad,mm,,41.21784973144531,-30.514930725097656,174.1483612060547,-0.001144513487815857,0.1570049226284027,2.4342830181121826,,,,,,prediction_only_not_sent,"[41.21784973144531, -30.514930725097656, 174.1483612060547, -0.001144513487815857, 0.1570049226284027, 2.4342830181121826]","{""predicted_force"": null, ""force_status"": ""not_predicted""}"
offline_OFF_20260930T174810_1790758090066374038_ei3wxeen,53,,,123456789000,4001263413817,receipt_only_no_header,,,denormalized_policy_prediction,valid,1,1,,43,policy_prediction,,stain_relative_xy_base_z,rotvec_rad,mm,,40.66929626464844,-31.075992584228516,174.37547302246094,-0.005803823471069336,0.1576710343360901,2.4345884323120117,,,,,,prediction_only_not_sent,"[40.66929626464844, -31.075992584228516, 174.37547302246094, -0.005803823471069336, 0.1576710343360901, 2.4345884323120117]","{""predicted_force"": null, ""force_status"": ""not_predicted""}"
offline_OFF_20260930T174810_1790758090066374038_ei3wxeen,54,,,123456789000,4001263413817,receipt_only_no_header,,,denormalized_policy_prediction,valid,1,1,,44,policy_prediction,,stain_relative_xy_base_z,rotvec_rad,mm,,40.96173095703125,-30.478775024414062,174.9287109375,-0.006274983286857605,0.15754994750022888,2.433013677597046,,,,,,prediction_only_not_sent,"[40.96173095703125, -30.478775024414062, 174.9287109375, -0.006274983286857605, 0.15754994750022888, 2.433013677597046]","{""predicted_force"": null, ""force_status"": ""not_predicted""}"
offline_OFF_20260930T174810_1790758090066374038_ei3wxeen,55,,,123456789000,4001263413817,receipt_only_no_header,,,denormalized_policy_prediction,valid,1,1,,45,policy_prediction,,stain_relative_xy_base_z,rotvec_rad,mm,,41.66972351074219,-30.516557693481445,175.49838256835938,-0.009377092123031616,0.1582903265953064,2.432964324951172,,,,,,prediction_only_not_sent,"[41.66972351074219, -30.516557693481445, 175.49838256835938, -0.009377092123031616, 0.1582903265953064, 2.432964324951172]","{""predicted_force"": null, ""force_status"": ""not_predicted""}"
offline_OFF_20260930T174810_1790758090066374038_ei3wxeen,56,,,123456789000,4001263413817,receipt_only_no_header,,,denormalized_policy_prediction,valid,1,1,,46,policy_prediction,,stain_relative_xy_base_z,rotvec_rad,mm,,39.881683349609375,-31.006847381591797,176.04188537597656,-0.014036834239959717,0.1577495038509369,2.4358279705047607,,,,,,prediction_only_not_sent,"[39.881683349609375, -31.006847381591797, 176.04188537597656, -0.014036834239959717, 0.1577495038509369, 2.4358279705047607]","{""predicted_force"": null, ""force_status"": ""not_predicted""}"
offline_OFF_20260930T174810_1790758090066374038_ei3wxeen,57,,,123456789000,4001263413817,receipt_only_no_header,,,denormalized_policy_prediction,valid,1,1,,47,policy_prediction,,stain_relative_xy_base_z,rotvec_rad,mm,,41.39512634277344,-31.140413284301758,176.53964233398438,-0.013496935367584229,0.16146036982536316,2.430828809738159,,,,,,prediction_only_not_sent,"[41.39512634277344, -31.140413284301758, 176.53964233398438, -0.013496935367584229, 0.16146036982536316, 2.430828809738159]","{""predicted_force"": null, ""force_status"": ""not_predicted""}"
offline_OFF_20260930T174810_1790758090066374038_ei3wxeen,58,,,123456789000,4001263413817,receipt_only_no_header,,,denormalized_policy_prediction,valid,1,1,,48,policy_prediction,,stain_relative_xy_base_z,rotvec_rad,mm,,41.46112060546875,-31.283424377441406,177.83554077148438,-0.01707400381565094,0.15969786047935486,2.433244466781616,,,,,,prediction_only_not_sent,"[41.46112060546875, -31.283424377441406, 177.83554077148438, -0.01707400381565094, 0.15969786047935486, 2.433244466781616]","{""predicted_force"": null, ""force_status"": ""not_predicted""}"
offline_OFF_20260930T174810_1790758090066374038_ei3wxeen,59,,,123456789000,4001263413817,receipt_only_no_header,,,denormalized_policy_prediction,valid,1,1,,49,policy_prediction,,stain_relative_xy_base_z,rotvec_rad,mm,,41.101776123046875,-31.244386672973633,178.18247985839844,-0.01851445436477661,0.15923422574996948,2.4330272674560547,,,,,,prediction_only_not_sent,"[41.101776123046875, -31.244386672973633, 178.18247985839844, -0.01851445436477661, 0.15923422574996948, 2.4330272674560547]","{""predicted_force"": null, ""force_status"": ""not_predicted""}"
offline_OFF_20260930T174810_1790758090066374038_ei3wxeen,60,,,123456789000,4001263413817,receipt_only_no_header,,,denormalized_policy_prediction,valid,1,1,,50,policy_prediction,,stain_relative_xy_base_z,rotvec_rad,mm,,41.96307373046875,-31.242286682128906,179.491943359375,-0.02066667377948761,0.15936735272407532,2.4330451488494873,,,,,,prediction_only_not_sent,"[41.96307373046875, -31.242286682128906, 179.491943359375, -0.02066667377948761, 0.15936735272407532, 2.4330451488494873]","{""predicted_force"": null, ""force_status"": ""not_predicted""}"
offline_OFF_20260930T174810_1790758090066374038_ei3wxeen,61,,,123456789000,4001263413817,receipt_only_no_header,,,denormalized_policy_prediction,valid,1,1,,51,policy_prediction,,stain_relative_xy_base_z,rotvec_rad,mm,,40.512481689453125,-31.00096893310547,179.95326232910156,-0.022867992520332336,0.1599235236644745,2.4339993000030518,,,,,,prediction_only_not_sent,"[40.512481689453125, -31.00096893310547, 179.95326232910156, -0.022867992520332336, 0.1599235236644745, 2.4339993000030518]","{""predicted_force"": null, ""force_status"": ""not_predicted""}"
offline_OFF_20260930T174810_1790758090066374038_ei3wxeen,62,,,123456789000,4001263413817,receipt_only_no_header,,,denormalized_policy_prediction,valid,1,1,,52,policy_prediction,,stain_relative_xy_base_z,rotvec_rad,mm,,41.48820495605469,-31.374073028564453,180.560546875,-0.02701874077320099,0.15935811400413513,2.4334828853607178,,,,,,prediction_only_not_sent,"[41.48820495605469, -31.374073028564453, 180.560546875, -0.02701874077320099, 0.15935811400413513, 2.4334828853607178]","{""predicted_force"": null, ""force_status"": ""not_predicted""}"
offline_OFF_20260930T174810_1790758090066374038_ei3wxeen,63,,,123456789000,4001263413817,receipt_only_no_header,,,denormalized_policy_prediction,valid,1,1,,53,policy_prediction,,stain_relative_xy_base_z,rotvec_rad,mm,,41.583251953125,-31.57394027709961,181.45799255371094,-0.027650654315948486,0.16045895218849182,2.434030532836914,,,,,,prediction_only_not_sent,"[41.583251953125, -31.57394027709961, 181.45799255371094, -0.027650654315948486, 0.16045895218849182, 2.434030532836914]","{""predicted_force"": null, ""force_status"": ""not_predicted""}"
offline_OFF_20260930T174810_1790758090066374038_ei3wxeen,64,,,123456789000,4001263413817,receipt_only_no_header,,,denormalized_policy_prediction,valid,1,1,,54,policy_prediction,,stain_relative_xy_base_z,rotvec_rad,mm,,42.16194152832031,-31.674434661865234,182.4417724609375,-0.0285833477973938,0.15970894694328308,2.4335901737213135,,,,,,prediction_only_not_sent,"[42.16194152832031, -31.674434661865234, 182.4417724609375, -0.0285833477973938, 0.15970894694328308, 2.4335901737213135]","{""predicted_force"": null, ""force_status"": ""not_predicted""}"
offline_OFF_20260930T174810_1790758090066374038_ei3wxeen,65,,,123456789000,4001263413817,receipt_only_no_header,,,denormalized_policy_prediction,valid,1,1,,55,policy_prediction,,stain_relative_xy_base_z,rotvec_rad,mm,,41.733428955078125,-31.717437744140625,183.41021728515625,-0.029285669326782227,0.1601194441318512,2.4315836429595947,,,,,,prediction_only_not_sent,"[41.733428955078125, -31.717437744140625, 183.41021728515625, -0.029285669326782227, 0.1601194441318512, 2.4315836429595947]","{""predicted_force"": null, ""force_status"": ""not_predicted""}"
offline_OFF_20260930T174810_1790758090066374038_ei3wxeen,66,,,123456789000,4001263413817,receipt_only_no_header,,,denormalized_policy_prediction,valid,1,1,,56,policy_prediction,,stain_relative_xy_base_z,rotvec_rad,mm,,43.69744873046875,-31.09751319885254,184.37303161621094,-0.027480244636535645,0.15631723403930664,2.430898904800415,,,,,,prediction_only_not_sent,"[43.69744873046875, -31.09751319885254, 184.37303161621094, -0.027480244636535645, 0.15631723403930664, 2.430898904800415]","{""predicted_force"": null, ""force_status"": ""not_predicted""}"
offline_OFF_20260930T174810_1790758090066374038_ei3wxeen,67,,,123456789000,4001263413817,receipt_only_no_header,,,denormalized_policy_prediction,valid,1,1,,57,policy_prediction,,stain_relative_xy_base_z,rotvec_rad,mm,,41.66046142578125,-31.010454177856445,185.49839782714844,-0.029074326157569885,0.1545928716659546,2.4271910190582275,,,,,,prediction_only_not_sent,"[41.66046142578125, -31.010454177856445, 185.49839782714844, -0.029074326157569885, 0.1545928716659546, 2.4271910190582275]","{""predicted_force"": null, ""force_status"": ""not_predicted""}"
offline_OFF_20260930T174810_1790758090066374038_ei3wxeen,68,,,123456789000,4001263413817,receipt_only_no_header,,,denormalized_policy_prediction,valid,1,1,,58,policy_prediction,,stain_relative_xy_base_z,rotvec_rad,mm,,43.04249572753906,-32.24799346923828,185.9754638671875,-0.031072407960891724,0.1586625874042511,2.4326884746551514,,,,,,prediction_only_not_sent,"[43.04249572753906, -32.24799346923828, 185.9754638671875, -0.031072407960891724, 0.1586625874042511, 2.4326884746551514]","{""predicted_force"": null, ""force_status"": ""not_predicted""}"
offline_OFF_20260930T174810_1790758090066374038_ei3wxeen,69,,,123456789000,4001263413817,receipt_only_no_header,,,denormalized_policy_prediction,valid,1,1,,59,policy_prediction,,stain_relative_xy_base_z,rotvec_rad,mm,,44.301116943359375,-31.662220001220703,186.5234375,-0.027770131826400757,0.15731847286224365,2.4278717041015625,,,,,,prediction_only_not_sent,"[44.301116943359375, -31.662220001220703, 186.5234375, -0.027770131826400757, 0.15731847286224365, 2.4278717041015625]","{""predicted_force"": null, ""force_status"": ""not_predicted""}"
offline_OFF_20260930T174810_1790758090066374038_ei3wxeen,70,,,123456789000,4001263413817,receipt_only_no_header,,,denormalized_policy_prediction,valid,1,1,,60,policy_prediction,,stain_relative_xy_base_z,rotvec_rad,mm,,43.8775634765625,-32.1190185546875,187.40989685058594,-0.029740527272224426,0.154281347990036,2.4309146404266357,,,,,,prediction_only_not_sent,"[43.8775634765625, -32.1190185546875, 187.40989685058594, -0.029740527272224426, 0.154281347990036, 2.4309146404266357]","{""predicted_force"": null, ""force_status"": ""not_predicted""}"
offline_OFF_20260930T174810_1790758090066374038_ei3wxeen,71,,,123456789000,4001263413817,receipt_only_no_header,,,denormalized_policy_prediction,valid,1,1,,61,policy_prediction,,stain_relative_xy_base_z,rotvec_rad,mm,,43.31135559082031,-31.29616928100586,188.19207763671875,-0.027889087796211243,0.154950350522995,2.4318037033081055,,,,,,prediction_only_not_sent,"[43.31135559082031, -31.29616928100586, 188.19207763671875, -0.027889087796211243, 0.154950350522995, 2.4318037033081055]","{""predicted_force"": null, ""force_status"": ""not_predicted""}"
offline_OFF_20260930T174810_1790758090066374038_ei3wxeen,72,,,123456789000,4001263413817,receipt_only_no_header,,,denormalized_policy_prediction,valid,1,1,,62,policy_prediction,,stain_relative_xy_base_z,rotvec_rad,mm,,44.114349365234375,-31.77532386779785,189.0805206298828,-0.02759881317615509,0.15262791514396667,2.4316697120666504,,,,,,prediction_only_not_sent,"[44.114349365234375, -31.77532386779785, 189.0805206298828, -0.02759881317615509, 0.15262791514396667, 2.4316697120666504]","{""predicted_force"": null, ""force_status"": ""not_predicted""}"
offline_OFF_20260930T174810_1790758090066374038_ei3wxeen,73,,,123456789000,4001263413817,receipt_only_no_header,,,denormalized_policy_prediction,valid,1,1,,63,policy_prediction,,stain_relative_xy_base_z,rotvec_rad,mm,,43.793121337890625,-32.35357666015625,189.559814453125,-0.028984904289245605,0.15274754166603088,2.4325520992279053,,,,,,prediction_only_not_sent,"[43.793121337890625, -32.35357666015625, 189.559814453125, -0.028984904289245605, 0.15274754166603088, 2.4325520992279053]","{""predicted_force"": null, ""force_status"": ""not_predicted""}"
offline_OFF_20260930T174810_1790758090066374038_ei3wxeen,74,,,123456789000,4001263413817,receipt_only_no_header,,,denormalized_policy_prediction,valid,1,1,,64,policy_prediction,,stain_relative_xy_base_z,rotvec_rad,mm,,44.10600280761719,-31.382173538208008,190.7924346923828,-0.02917170524597168,0.15240952372550964,2.431098699569702,,,,,,prediction_only_not_sent,"[44.10600280761719, -31.382173538208008, 190.7924346923828, -0.02917170524597168, 0.15240952372550964, 2.431098699569702]","{""predicted_force"": null, ""force_status"": ""not_predicted""}"
offline_OFF_20260930T174810_1790758090066374038_ei3wxeen,75,,,123456789000,4001263413817,receipt_only_no_header,,,denormalized_policy_prediction,valid,1,1,,65,policy_prediction,,stain_relative_xy_base_z,rotvec_rad,mm,,44.15779113769531,-31.302169799804688,191.7450408935547,-0.027604490518569946,0.15102636814117432,2.430351972579956,,,,,,prediction_only_not_sent,"[44.15779113769531, -31.302169799804688, 191.7450408935547, -0.027604490518569946, 0.15102636814117432, 2.430351972579956]","{""predicted_force"": null, ""force_status"": ""not_predicted""}"
offline_OFF_20260930T174810_1790758090066374038_ei3wxeen,76,,,123456789000,4001263413817,receipt_only_no_header,,,denormalized_policy_prediction,valid,1,1,,66,policy_prediction,,stain_relative_xy_base_z,rotvec_rad,mm,,43.7081298828125,-31.340190887451172,192.42227172851562,-0.0330856591463089,0.15079274773597717,2.432511806488037,,,,,,prediction_only_not_sent,"[43.7081298828125, -31.340190887451172, 192.42227172851562, -0.0330856591463089, 0.15079274773597717, 2.432511806488037]","{""predicted_force"": null, ""force_status"": ""not_predicted""}"
offline_OFF_20260930T174810_1790758090066374038_ei3wxeen,77,,,123456789000,4001263413817,receipt_only_no_header,,,denormalized_policy_prediction,valid,1,1,,67,policy_prediction,,stain_relative_xy_base_z,rotvec_rad,mm,,44.52415466308594,-32.58214569091797,193.11524963378906,-0.0352497398853302,0.15387365221977234,2.431359052658081,,,,,,prediction_only_not_sent,"[44.52415466308594, -32.58214569091797, 193.11524963378906, -0.0352497398853302, 0.15387365221977234, 2.431359052658081]","{""predicted_force"": null, ""force_status"": ""not_predicted""}"
offline_OFF_20260930T174810_1790758090066374038_ei3wxeen,78,,,123456789000,4001263413817,receipt_only_no_header,,,denormalized_policy_prediction,valid,1,1,,68,policy_prediction,,stain_relative_xy_base_z,rotvec_rad,mm,,44.6639404296875,-31.683612823486328,193.98513793945312,-0.03591693937778473,0.15095165371894836,2.4342164993286133,,,,,,prediction_only_not_sent,"[44.6639404296875, -31.683612823486328, 193.98513793945312, -0.03591693937778473, 0.15095165371894836, 2.4342164993286133]","{""predicted_force"": null, ""force_status"": ""not_predicted""}"
offline_OFF_20260930T174810_1790758090066374038_ei3wxeen,79,,,123456789000,4001263413817,receipt_only_no_header,,,denormalized_policy_prediction,valid,1,1,,69,policy_prediction,,stain_relative_xy_base_z,rotvec_rad,mm,,44.57958984375,-31.650196075439453,193.62271118164062,-0.0390356108546257,0.15139368176460266,2.431488513946533,,,,,,prediction_only_not_sent,"[44.57958984375, -31.650196075439453, 193.62271118164062, -0.0390356108546257, 0.15139368176460266, 2.431488513946533]","{""predicted_force"": null, ""force_status"": ""not_predicted""}"
offline_OFF_20260930T174810_1790758090066374038_ei3wxeen,80,,,123456789000,4001263413817,receipt_only_no_header,,,denormalized_policy_prediction,valid,1,1,,70,policy_prediction,,stain_relative_xy_base_z,rotvec_rad,mm,,42.388031005859375,-32.36893081665039,194.7898712158203,-0.04367402195930481,0.15295663475990295,2.433990955352783,,,,,,prediction_only_not_sent,"[42.388031005859375, -32.36893081665039, 194.7898712158203, -0.04367402195930481, 0.15295663475990295, 2.433990955352783]","{""predicted_force"": null, ""force_status"": ""not_predicted""}"
offline_OFF_20260930T174810_1790758090066374038_ei3wxeen,81,,,123456789000,4001263413817,receipt_only_no_header,,,denormalized_policy_prediction,valid,1,1,,71,policy_prediction,,stain_relative_xy_base_z,rotvec_rad,mm,,42.94439697265625,-31.216747283935547,195.33602905273438,-0.04585818946361542,0.15291833877563477,2.4298505783081055,,,,,,prediction_only_not_sent,"[42.94439697265625, -31.216747283935547, 195.33602905273438, -0.04585818946361542, 0.15291833877563477, 2.4298505783081055]","{""predicted_force"": null, ""force_status"": ""not_predicted""}"
offline_OFF_20260930T174810_1790758090066374038_ei3wxeen,82,,,123456789000,4001263413817,receipt_only_no_header,,,denormalized_policy_prediction,valid,1,1,,72,policy_prediction,,stain_relative_xy_base_z,rotvec_rad,mm,,44.49317932128906,-31.53823471069336,195.8187713623047,-0.04875268042087555,0.15310928225517273,2.435417413711548,,,,,,prediction_only_not_sent,"[44.49317932128906, -31.53823471069336, 195.8187713623047, -0.04875268042087555, 0.15310928225517273, 2.435417413711548]","{""predicted_force"": null, ""force_status"": ""not_predicted""}"
offline_OFF_20260930T174810_1790758090066374038_ei3wxeen,83,,,123456789000,4001263413817,receipt_only_no_header,,,denormalized_policy_prediction,valid,1,1,,73,policy_prediction,,stain_relative_xy_base_z,rotvec_rad,mm,,41.102935791015625,-32.299278259277344,196.5383758544922,-0.05052956938743591,0.15400457382202148,2.4343206882476807,,,,,,prediction_only_not_sent,"[41.102935791015625, -32.299278259277344, 196.5383758544922, -0.05052956938743591, 0.15400457382202148, 2.4343206882476807]","{""predicted_force"": null, ""force_status"": ""not_predicted""}"
offline_OFF_20260930T174810_1790758090066374038_ei3wxeen,84,,,123456789000,4001263413817,receipt_only_no_header,,,denormalized_policy_prediction,valid,1,1,,74,policy_prediction,,stain_relative_xy_base_z,rotvec_rad,mm,,41.73033142089844,-31.700899124145508,197.13693237304688,-0.05566676706075668,0.15457558631896973,2.433901309967041,,,,,,prediction_only_not_sent,"[41.73033142089844, -31.700899124145508, 197.13693237304688, -0.05566676706075668, 0.15457558631896973, 2.433901309967041]","{""predicted_force"": null, ""force_status"": ""not_predicted""}"
offline_OFF_20260930T174810_1790758090066374038_ei3wxeen,85,,,123456789000,4001263413817,receipt_only_no_header,,,denormalized_policy_prediction,valid,1,1,,75,policy_prediction,,stain_relative_xy_base_z,rotvec_rad,mm,,43.03153991699219,-32.71728515625,197.68809509277344,-0.057113975286483765,0.15532058477401733,2.435725688934326,,,,,,prediction_only_not_sent,"[43.03153991699219, -32.71728515625, 197.68809509277344, -0.057113975286483765, 0.15532058477401733, 2.435725688934326]","{""predicted_force"": null, ""force_status"": ""not_predicted""}"
offline_OFF_20260930T174810_1790758090066374038_ei3wxeen,86,,,123456789000,4001263413817,receipt_only_no_header,,,denormalized_policy_prediction,valid,1,1,,76,policy_prediction,,stain_relative_xy_base_z,rotvec_rad,mm,,38.628814697265625,-32.203453063964844,198.0301513671875,-0.05893021076917648,0.15591436624526978,2.437107801437378,,,,,,prediction_only_not_sent,"[38.628814697265625, -32.203453063964844, 198.0301513671875, -0.05893021076917648, 0.15591436624526978, 2.437107801437378]","{""predicted_force"": null, ""force_status"": ""not_predicted""}"
offline_OFF_20260930T174810_1790758090066374038_ei3wxeen,87,,,123456789000,4001263413817,receipt_only_no_header,,,denormalized_policy_prediction,valid,1,1,,77,policy_prediction,,stain_relative_xy_base_z,rotvec_rad,mm,,40.02978515625,-31.517751693725586,197.46324157714844,-0.06515810638666153,0.15723252296447754,2.4325461387634277,,,,,,prediction_only_not_sent,"[40.02978515625, -31.517751693725586, 197.46324157714844, -0.06515810638666153, 0.15723252296447754, 2.4325461387634277]","{""predicted_force"": null, ""force_status"": ""not_predicted""}"
offline_OFF_20260930T174810_1790758090066374038_ei3wxeen,88,,,123456789000,4001263413817,receipt_only_no_header,,,denormalized_policy_prediction,valid,1,1,,78,policy_prediction,,stain_relative_xy_base_z,rotvec_rad,mm,,40.181732177734375,-32.256202697753906,197.61953735351562,-0.06737826019525528,0.15591317415237427,2.4361069202423096,,,,,,prediction_only_not_sent,"[40.181732177734375, -32.256202697753906, 197.61953735351562, -0.06737826019525528, 0.15591317415237427, 2.4361069202423096]","{""predicted_force"": null, ""force_status"": ""not_predicted""}"
offline_OFF_20260930T174810_1790758090066374038_ei3wxeen,89,,,123456789000,4001263413817,receipt_only_no_header,,,denormalized_policy_prediction,valid,1,1,,79,policy_prediction,,stain_relative_xy_base_z,rotvec_rad,mm,,37.35125732421875,-31.564136505126953,197.79098510742188,-0.07038652151823044,0.16016077995300293,2.4296350479125977,,,,,,prediction_only_not_sent,"[37.35125732421875, -31.564136505126953, 197.79098510742188, -0.07038652151823044, 0.16016077995300293, 2.4296350479125977]","{""predicted_force"": null, ""force_status"": ""not_predicted""}"
offline_OFF_20260930T174810_1790758090066374038_ei3wxeen,90,,,123456789000,4001263413817,receipt_only_no_header,,,denormalized_policy_prediction,valid,1,1,,80,policy_prediction,,stain_relative_xy_base_z,rotvec_rad,mm,,36.06903076171875,-31.628475189208984,197.9697723388672,-0.07223100960254669,0.15959054231643677,2.4379708766937256,,,,,,prediction_only_not_sent,"[36.06903076171875, -31.628475189208984, 197.9697723388672, -0.07223100960254669, 0.15959054231643677, 2.4379708766937256]","{""predicted_force"": null, ""force_status"": ""not_predicted""}"
offline_OFF_20260930T174810_1790758090066374038_ei3wxeen,91,,,123456789000,4001263413817,receipt_only_no_header,,,denormalized_policy_prediction,valid,1,1,,81,policy_prediction,,stain_relative_xy_base_z,rotvec_rad,mm,,36.736236572265625,-31.6905517578125,198.06204223632812,-0.06955109536647797,0.1631307303905487,2.433901309967041,,,,,,prediction_only_not_sent,"[36.736236572265625, -31.6905517578125, 198.06204223632812, -0.06955109536647797, 0.1631307303905487, 2.433901309967041]","{""predicted_force"": null, ""force_status"": ""not_predicted""}"
offline_OFF_20260930T174810_1790758090066374038_ei3wxeen,92,,,123456789000,4001263413817,receipt_only_no_header,,,denormalized_policy_prediction,valid,1,1,,82,policy_prediction,,stain_relative_xy_base_z,rotvec_rad,mm,,34.160125732421875,-31.030881881713867,197.86756896972656,-0.07093223184347153,0.16202613711357117,2.4364891052246094,,,,,,prediction_only_not_sent,"[34.160125732421875, -31.030881881713867, 197.86756896972656, -0.07093223184347153, 0.16202613711357117, 2.4364891052246094]","{""predicted_force"": null, ""force_status"": ""not_predicted""}"
offline_OFF_20260930T174810_1790758090066374038_ei3wxeen,93,,,123456789000,4001263413817,receipt_only_no_header,,,denormalized_policy_prediction,valid,1,1,,83,policy_prediction,,stain_relative_xy_base_z,rotvec_rad,mm,,32.6156005859375,-30.530067443847656,198.31700134277344,-0.07195603847503662,0.1624825894832611,2.4387049674987793,,,,,,prediction_only_not_sent,"[32.6156005859375, -30.530067443847656, 198.31700134277344, -0.07195603847503662, 0.1624825894832611, 2.4387049674987793]","{""predicted_force"": null, ""force_status"": ""not_predicted""}"
offline_OFF_20260930T174810_1790758090066374038_ei3wxeen,94,,,123456789000,4001263413817,receipt_only_no_header,,,denormalized_policy_prediction,valid,1,1,,84,policy_prediction,,stain_relative_xy_base_z,rotvec_rad,mm,,32.6365966796875,-29.24505615234375,196.8988037109375,-0.0762457624077797,0.16629835963249207,2.43391752243042,,,,,,prediction_only_not_sent,"[32.6365966796875, -29.24505615234375, 196.8988037109375, -0.0762457624077797, 0.16629835963249207, 2.43391752243042]","{""predicted_force"": null, ""force_status"": ""not_predicted""}"
offline_OFF_20260930T174810_1790758090066374038_ei3wxeen,95,,,123456789000,4001263413817,receipt_only_no_header,,,denormalized_policy_prediction,valid,1,1,,85,policy_prediction,,stain_relative_xy_base_z,rotvec_rad,mm,,33.8701171875,-30.916826248168945,197.77767944335938,-0.07255104184150696,0.16547220945358276,2.4381072521209717,,,,,,prediction_only_not_sent,"[33.8701171875, -30.916826248168945, 197.77767944335938, -0.07255104184150696, 0.16547220945358276, 2.4381072521209717]","{""predicted_force"": null, ""force_status"": ""not_predicted""}"
offline_OFF_20260930T174810_1790758090066374038_ei3wxeen,96,,,123456789000,4001263413817,receipt_only_no_header,,,denormalized_policy_prediction,valid,1,1,,86,policy_prediction,,stain_relative_xy_base_z,rotvec_rad,mm,,31.13262939453125,-29.281721115112305,198.337646484375,-0.07051399350166321,0.16605380177497864,2.4408152103424072,,,,,,prediction_only_not_sent,"[31.13262939453125, -29.281721115112305, 198.337646484375, -0.07051399350166321, 0.16605380177497864, 2.4408152103424072]","{""predicted_force"": null, ""force_status"": ""not_predicted""}"
offline_OFF_20260930T174810_1790758090066374038_ei3wxeen,97,,,123456789000,4001263413817,receipt_only_no_header,,,denormalized_policy_prediction,valid,1,1,,87,policy_prediction,,stain_relative_xy_base_z,rotvec_rad,mm,,28.524917602539062,-28.598899841308594,197.76785278320312,-0.06583615392446518,0.16901272535324097,2.438343048095703,,,,,,prediction_only_not_sent,"[28.524917602539062, -28.598899841308594, 197.76785278320312, -0.06583615392446518, 0.16901272535324097, 2.438343048095703]","{""predicted_force"": null, ""force_status"": ""not_predicted""}"
offline_OFF_20260930T174810_1790758090066374038_ei3wxeen,98,,,123456789000,4001263413817,receipt_only_no_header,,,denormalized_policy_prediction,valid,1,1,,88,policy_prediction,,stain_relative_xy_base_z,rotvec_rad,mm,,27.236236572265625,-26.890426635742188,196.61807250976562,-0.07370814681053162,0.17213428020477295,2.437631130218506,,,,,,prediction_only_not_sent,"[27.236236572265625, -26.890426635742188, 196.61807250976562, -0.07370814681053162, 0.17213428020477295, 2.437631130218506]","{""predicted_force"": null, ""force_status"": ""not_predicted""}"
offline_OFF_20260930T174810_1790758090066374038_ei3wxeen,99,,,123456789000,4001263413817,receipt_only_no_header,,,denormalized_policy_prediction,valid,1,1,,89,policy_prediction,,stain_relative_xy_base_z,rotvec_rad,mm,,26.970077514648438,-27.000850677490234,197.068115234375,-0.0640447810292244,0.17598479986190796,2.4339797496795654,,,,,,prediction_only_not_sent,"[26.970077514648438, -27.000850677490234, 197.068115234375, -0.0640447810292244, 0.17598479986190796, 2.4339797496795654]","{""predicted_force"": null, ""force_status"": ""not_predicted""}"
offline_OFF_20260930T174810_1790758090066374038_ei3wxeen,100,,,123456789000,4001263413817,receipt_only_no_header,,,denormalized_policy_prediction,valid,1,1,,90,policy_prediction,,stain_relative_xy_base_z,rotvec_rad,mm,,27.580780029296875,-26.16864013671875,197.3843231201172,-0.05829010158777237,0.17465966939926147,2.439359188079834,,,,,,prediction_only_not_sent,"[27.580780029296875, -26.16864013671875, 197.3843231201172, -0.05829010158777237, 0.17465966939926147, 2.439359188079834]","{""predicted_force"": null, ""force_status"": ""not_predicted""}"
offline_OFF_20260930T174810_1790758090066374038_ei3wxeen,101,,,123456789000,4001263413817,receipt_only_no_header,,,denormalized_policy_prediction,valid,1,1,,91,policy_prediction,,stain_relative_xy_base_z,rotvec_rad,mm,,23.761398315429688,-26.32868766784668,196.73048400878906,-0.062281519174575806,0.1732926368713379,2.4356777667999268,,,,,,prediction_only_not_sent,"[23.761398315429688, -26.32868766784668, 196.73048400878906, -0.062281519174575806, 0.1732926368713379, 2.4356777667999268]","{""predicted_force"": null, ""force_status"": ""not_predicted""}"
offline_OFF_20260930T174810_1790758090066374038_ei3wxeen,102,,,123456789000,4001263413817,receipt_only_no_header,,,denormalized_policy_prediction,valid,1,1,,92,policy_prediction,,stain_relative_xy_base_z,rotvec_rad,mm,,23.932022094726562,-24.658702850341797,196.50888061523438,-0.055716998875141144,0.17233100533485413,2.4395458698272705,,,,,,prediction_only_not_sent,"[23.932022094726562, -24.658702850341797, 196.50888061523438, -0.055716998875141144, 0.17233100533485413, 2.4395458698272705]","{""predicted_force"": null, ""force_status"": ""not_predicted""}"
offline_OFF_20260930T174810_1790758090066374038_ei3wxeen,103,,,123456789000,4001263413817,receipt_only_no_header,,,denormalized_policy_prediction,valid,1,1,,93,policy_prediction,,stain_relative_xy_base_z,rotvec_rad,mm,,22.482955932617188,-23.66252326965332,196.14866638183594,-0.0536874458193779,0.1733706295490265,2.438624382019043,,,,,,prediction_only_not_sent,"[22.482955932617188, -23.66252326965332, 196.14866638183594, -0.0536874458193779, 0.1733706295490265, 2.438624382019043]","{""predicted_force"": null, ""force_status"": ""not_predicted""}"
offline_OFF_20260930T174810_1790758090066374038_ei3wxeen,104,,,123456789000,4001263413817,receipt_only_no_header,,,denormalized_policy_prediction,valid,1,1,,94,policy_prediction,,stain_relative_xy_base_z,rotvec_rad,mm,,22.02044677734375,-22.950824737548828,195.5489501953125,-0.05113793909549713,0.17191454768180847,2.436972141265869,,,,,,prediction_only_not_sent,"[22.02044677734375, -22.950824737548828, 195.5489501953125, -0.05113793909549713, 0.17191454768180847, 2.436972141265869]","{""predicted_force"": null, ""force_status"": ""not_predicted""}"
offline_OFF_20260930T174810_1790758090066374038_ei3wxeen,105,,,123456789000,4001263413817,receipt_only_no_header,,,denormalized_policy_prediction,valid,1,1,,95,policy_prediction,,stain_relative_xy_base_z,rotvec_rad,mm,,21.478256225585938,-22.511951446533203,195.8662872314453,-0.047313086688518524,0.17188674211502075,2.4390625953674316,,,,,,prediction_only_not_sent,"[21.478256225585938, -22.511951446533203, 195.8662872314453, -0.047313086688518524, 0.17188674211502075, 2.4390625953674316]","{""predicted_force"": null, ""force_status"": ""not_predicted""}"
offline_OFF_20260930T174810_1790758090066374038_ei3wxeen,106,,,123456789000,4001263413817,receipt_only_no_header,,,denormalized_policy_prediction,valid,1,1,,96,policy_prediction,,stain_relative_xy_base_z,rotvec_rad,mm,,18.8885498046875,-21.32208251953125,195.3542938232422,-0.04720081388950348,0.17114388942718506,2.4405784606933594,,,,,,prediction_only_not_sent,"[18.8885498046875, -21.32208251953125, 195.3542938232422, -0.04720081388950348, 0.17114388942718506, 2.4405784606933594]","{""predicted_force"": null, ""force_status"": ""not_predicted""}"
offline_OFF_20260930T174810_1790758090066374038_ei3wxeen,107,,,123456789000,4001263413817,receipt_only_no_header,,,denormalized_policy_prediction,valid,1,1,,97,policy_prediction,,stain_relative_xy_base_z,rotvec_rad,mm,,19.430953979492188,-20.099523544311523,195.16085815429688,-0.04152224212884903,0.17035886645317078,2.437574625015259,,,,,,prediction_only_not_sent,"[19.430953979492188, -20.099523544311523, 195.16085815429688, -0.04152224212884903, 0.17035886645317078, 2.437574625015259]","{""predicted_force"": null, ""force_status"": ""not_predicted""}"
offline_OFF_20260930T174810_1790758090066374038_ei3wxeen,108,,,123456789000,4001263413817,receipt_only_no_header,,,denormalized_policy_prediction,valid,1,1,,98,policy_prediction,,stain_relative_xy_base_z,rotvec_rad,mm,,18.133697509765625,-20.02446174621582,194.96791076660156,-0.041897326707839966,0.17083004117012024,2.440063714981079,,,,,,prediction_only_not_sent,"[18.133697509765625, -20.02446174621582, 194.96791076660156, -0.041897326707839966, 0.17083004117012024, 2.440063714981079]","{""predicted_force"": null, ""force_status"": ""not_predicted""}"
offline_OFF_20260930T174810_1790758090066374038_ei3wxeen,109,,,123456789000,4001263413817,receipt_only_no_header,,,denormalized_policy_prediction,valid,1,1,,99,policy_prediction,,stain_relative_xy_base_z,rotvec_rad,mm,,17.952392578125,-19.177820205688477,194.134521484375,-0.040482886135578156,0.17067813873291016,2.4391775131225586,,,,,,prediction_only_not_sent,"[17.952392578125, -19.177820205688477, 194.134521484375, -0.040482886135578156, 0.17067813873291016, 2.4391775131225586]","{""predicted_force"": null, ""force_status"": ""not_predicted""}"
offline_OFF_20260930T174810_1790758090066374038_ei3wxeen,110,,,123456789000,4001263413817,receipt_only_no_header,,,denormalized_policy_prediction,valid,1,1,,100,policy_prediction,,stain_relative_xy_base_z,rotvec_rad,mm,,16.296524047851562,-18.463661193847656,194.67041015625,-0.039686501026153564,0.16859710216522217,2.4428069591522217,,,,,,prediction_only_not_sent,"[16.296524047851562, -18.463661193847656, 194.67041015625, -0.039686501026153564, 0.16859710216522217, 2.4428069591522217]","{""predicted_force"": null, ""force_status"": ""not_predicted""}"
offline_OFF_20260930T174810_1790758090066374038_ei3wxeen,111,,,123456789000,4001263413817,receipt_only_no_header,,,denormalized_policy_prediction,valid,1,1,,101,policy_prediction,,stain_relative_xy_base_z,rotvec_rad,mm,,15.312255859375,-17.62343406677246,194.2290802001953,-0.03831002861261368,0.16920888423919678,2.4396955966949463,,,,,,prediction_only_not_sent,"[15.312255859375, -17.62343406677246, 194.2290802001953, -0.03831002861261368, 0.16920888423919678, 2.4396955966949463]","{""predicted_force"": null, ""force_status"": ""not_predicted""}"
offline_OFF_20260930T174810_1790758090066374038_ei3wxeen,112,,,123456789000,4001263413817,receipt_only_no_header,,,denormalized_policy_prediction,valid,1,1,,102,policy_prediction,,stain_relative_xy_base_z,rotvec_rad,mm,,17.677291870117188,-16.39080238342285,193.6585235595703,-0.03463256359100342,0.16570046544075012,2.440903663635254,,,,,,prediction_only_not_sent,"[17.677291870117188, -16.39080238342285, 193.6585235595703, -0.03463256359100342, 0.16570046544075012, 2.440903663635254]","{""predicted_force"": null, ""force_status"": ""not_predicted""}"
offline_OFF_20260930T174810_1790758090066374038_ei3wxeen,113,,,123456789000,4001263413817,receipt_only_no_header,,,denormalized_policy_prediction,valid,1,1,,103,policy_prediction,,stain_relative_xy_base_z,rotvec_rad,mm,,16.20367431640625,-16.3631534576416,193.5141143798828,-0.034170836210250854,0.16585305333137512,2.442570686340332,,,,,,prediction_only_not_sent,"[16.20367431640625, -16.3631534576416, 193.5141143798828, -0.034170836210250854, 0.16585305333137512, 2.442570686340332]","{""predicted_force"": null, ""force_status"": ""not_predicted""}"
offline_OFF_20260930T174810_1790758090066374038_ei3wxeen,114,,,123456789000,4001263413817,receipt_only_no_header,,,denormalized_policy_prediction,valid,1,1,,104,policy_prediction,,stain_relative_xy_base_z,rotvec_rad,mm,,14.847854614257812,-16.387664794921875,192.93960571289062,-0.03252032399177551,0.16432836651802063,2.4448838233947754,,,,,,prediction_only_not_sent,"[14.847854614257812, -16.387664794921875, 192.93960571289062, -0.03252032399177551, 0.16432836651802063, 2.4448838233947754]","{""predicted_force"": null, ""force_status"": ""not_predicted""}"
offline_OFF_20260930T174810_1790758090066374038_ei3wxeen,115,,,123456789000,4001263413817,receipt_only_no_header,,,denormalized_policy_prediction,valid,1,1,,105,policy_prediction,,stain_relative_xy_base_z,rotvec_rad,mm,,16.382583618164062,-15.116262435913086,192.11500549316406,-0.03055468201637268,0.16325828433036804,2.4454710483551025,,,,,,prediction_only_not_sent,"[16.382583618164062, -15.116262435913086, 192.11500549316406, -0.03055468201637268, 0.16325828433036804, 2.4454710483551025]","{""predicted_force"": null, ""force_status"": ""not_predicted""}"
offline_OFF_20260930T174810_1790758090066374038_ei3wxeen,116,,,123456789000,4001263413817,receipt_only_no_header,,,denormalized_policy_prediction,valid,1,1,,106,policy_prediction,,stain_relative_xy_base_z,rotvec_rad,mm,,14.285842895507812,-14.919845581054688,192.38662719726562,-0.030607908964157104,0.16730818152427673,2.4468204975128174,,,,,,prediction_only_not_sent,"[14.285842895507812, -14.919845581054688, 192.38662719726562, -0.030607908964157104, 0.16730818152427673, 2.4468204975128174]","{""predicted_force"": null, ""force_status"": ""not_predicted""}"
offline_OFF_20260930T174810_1790758090066374038_ei3wxeen,117,,,123456789000,4001263413817,receipt_only_no_header,,,denormalized_policy_prediction,valid,1,1,,107,policy_prediction,,stain_relative_xy_base_z,rotvec_rad,mm,,15.176300048828125,-14.742341995239258,192.2233123779297,-0.02962358295917511,0.16673544049263,2.4468274116516113,,,,,,prediction_only_not_sent,"[15.176300048828125, -14.742341995239258, 192.2233123779297, -0.02962358295917511, 0.16673544049263, 2.4468274116516113]","{""predicted_force"": null, ""force_status"": ""not_predicted""}"
offline_OFF_20260930T174810_1790758090066374038_ei3wxeen,118,,,123456789000,4001263413817,receipt_only_no_header,,,denormalized_policy_prediction,valid,1,1,,108,policy_prediction,,stain_relative_xy_base_z,rotvec_rad,mm,,14.724624633789062,-14.648038864135742,191.16030883789062,-0.028287634253501892,0.16637015342712402,2.453280448913574,,,,,,prediction_only_not_sent,"[14.724624633789062, -14.648038864135742, 191.16030883789062, -0.028287634253501892, 0.16637015342712402, 2.453280448913574]","{""predicted_force"": null, ""force_status"": ""not_predicted""}"
offline_OFF_20260930T174810_1790758090066374038_ei3wxeen,119,,,123456789000,4001263413817,receipt_only_no_header,,,denormalized_policy_prediction,valid,1,1,,109,policy_prediction,,stain_relative_xy_base_z,rotvec_rad,mm,,13.847549438476562,-12.560903549194336,190.89698791503906,-0.027595847845077515,0.1658335030078888,2.44950532913208,,,,,,prediction_only_not_sent,"[13.847549438476562, -12.560903549194336, 190.89698791503906, -0.027595847845077515, 0.1658335030078888, 2.44950532913208]","{""predicted_force"": null, ""force_status"": ""not_predicted""}"
offline_OFF_20260930T174810_1790758090066374038_ei3wxeen,120,,,123456789000,4001263413817,receipt_only_no_header,,,denormalized_policy_prediction,valid,1,1,,110,policy_prediction,,stain_relative_xy_base_z,rotvec_rad,mm,,12.870742797851562,-13.149208068847656,190.92893981933594,-0.0300217866897583,0.16939270496368408,2.4495980739593506,,,,,,prediction_only_not_sent,"[12.870742797851562, -13.149208068847656, 190.92893981933594, -0.0300217866897583, 0.16939270496368408, 2.4495980739593506]","{""predicted_force"": null, ""force_status"": ""not_predicted""}"
offline_OFF_20260930T174810_1790758090066374038_ei3wxeen,121,,,123456789000,4001263413817,receipt_only_no_header,,,denormalized_policy_prediction,valid,1,1,,111,policy_prediction,,stain_relative_xy_base_z,rotvec_rad,mm,,13.258407592773438,-12.831340789794922,190.35348510742188,-0.029844939708709717,0.16866588592529297,2.4496095180511475,,,,,,prediction_only_not_sent,"[13.258407592773438, -12.831340789794922, 190.35348510742188, -0.029844939708709717, 0.16866588592529297, 2.4496095180511475]","{""predicted_force"": null, ""force_status"": ""not_predicted""}"
offline_OFF_20260930T174810_1790758090066374038_ei3wxeen,122,,,123456789000,4001263413817,receipt_only_no_header,,,denormalized_policy_prediction,valid,1,1,,112,policy_prediction,,stain_relative_xy_base_z,rotvec_rad,mm,,13.552200317382812,-12.924291610717773,190.19564819335938,-0.031830593943595886,0.1686519980430603,2.452099323272705,,,,,,prediction_only_not_sent,"[13.552200317382812, -12.924291610717773, 190.19564819335938, -0.031830593943595886, 0.1686519980430603, 2.452099323272705]","{""predicted_force"": null, ""force_status"": ""not_predicted""}"
offline_OFF_20260930T174810_1790758090066374038_ei3wxeen,123,,,123456789000,4001263413817,receipt_only_no_header,,,denormalized_policy_prediction,valid,1,1,,113,policy_prediction,,stain_relative_xy_base_z,rotvec_rad,mm,,11.898513793945312,-12.408365249633789,189.73190307617188,-0.028994426131248474,0.17007192969322205,2.4501516819000244,,,,,,prediction_only_not_sent,"[11.898513793945312, -12.408365249633789, 189.73190307617188, -0.028994426131248474, 0.17007192969322205, 2.4501516819000244]","{""predicted_force"": null, ""force_status"": ""not_predicted""}"
offline_OFF_20260930T174810_1790758090066374038_ei3wxeen,124,,,123456789000,4001263413817,receipt_only_no_header,,,denormalized_policy_prediction,valid,1,1,,114,policy_prediction,,stain_relative_xy_base_z,rotvec_rad,mm,,12.731094360351562,-12.366203308105469,190.17459106445312,-0.03047233819961548,0.17093494534492493,2.451218605041504,,,,,,prediction_only_not_sent,"[12.731094360351562, -12.366203308105469, 190.17459106445312, -0.03047233819961548, 0.17093494534492493, 2.451218605041504]","{""predicted_force"": null, ""force_status"": ""not_predicted""}"
offline_OFF_20260930T174810_1790758090066374038_ei3wxeen,125,,,123456789000,4001263413817,receipt_only_no_header,,,denormalized_policy_prediction,valid,1,1,,115,policy_prediction,,stain_relative_xy_base_z,rotvec_rad,mm,,11.198104858398438,-12.598859786987305,189.59596252441406,-0.02990323305130005,0.17126348614692688,2.4472951889038086,,,,,,prediction_only_not_sent,"[11.198104858398438, -12.598859786987305, 189.59596252441406, -0.02990323305130005, 0.17126348614692688, 2.4472951889038086]","{""predicted_force"": null, ""force_status"": ""not_predicted""}"
offline_OFF_20260930T174810_1790758090066374038_ei3wxeen,126,,,123456789000,4001263413817,receipt_only_no_header,,,denormalized_policy_prediction,valid,1,1,,116,policy_prediction,,stain_relative_xy_base_z,rotvec_rad,mm,,11.40521240234375,-11.643484115600586,188.90809631347656,-0.0293751060962677,0.17270314693450928,2.444748878479004,,,,,,prediction_only_not_sent,"[11.40521240234375, -11.643484115600586, 188.90809631347656, -0.0293751060962677, 0.17270314693450928, 2.444748878479004]","{""predicted_force"": null, ""force_status"": ""not_predicted""}"
offline_OFF_20260930T174810_1790758090066374038_ei3wxeen,127,,,123456789000,4001263413817,receipt_only_no_header,,,denormalized_policy_prediction,valid,1,1,,117,policy_prediction,,stain_relative_xy_base_z,rotvec_rad,mm,,13.283401489257812,-12.058622360229492,188.85093688964844,-0.025185227394104004,0.1708606481552124,2.444704055786133,,,,,,prediction_only_not_sent,"[13.283401489257812, -12.058622360229492, 188.85093688964844, -0.025185227394104004, 0.1708606481552124, 2.444704055786133]","{""predicted_force"": null, ""force_status"": ""not_predicted""}"
offline_OFF_20260930T174810_1790758090066374038_ei3wxeen,128,,,123456789000,4001263413817,receipt_only_no_header,,,denormalized_policy_prediction,valid,1,1,,118,policy_prediction,,stain_relative_xy_base_z,rotvec_rad,mm,,12.574844360351562,-12.00839614868164,188.3552703857422,-0.026315122842788696,0.17216593027114868,2.44663405418396,,,,,,prediction_only_not_sent,"[12.574844360351562, -12.00839614868164, 188.3552703857422, -0.026315122842788696, 0.17216593027114868, 2.44663405418396]","{""predicted_force"": null, ""force_status"": ""not_predicted""}"
offline_OFF_20260930T174810_1790758090066374038_ei3wxeen,129,,,123456789000,4001263413817,receipt_only_no_header,,,denormalized_policy_prediction,valid,1,1,,119,policy_prediction,,stain_relative_xy_base_z,rotvec_rad,mm,,12.206787109375,-11.43348503112793,188.1361083984375,-0.027712106704711914,0.17168045043945312,2.440446615219116,,,,,,prediction_only_not_sent,"[12.206787109375, -11.43348503112793, 188.1361083984375, -0.027712106704711914, 0.17168045043945312, 2.440446615219116]","{""predicted_force"": null, ""force_status"": ""not_predicted""}"
offline_OFF_20260930T174810_1790758090066374038_ei3wxeen,130,,,123456789000,4001263413817,receipt_only_no_header,,,denormalized_policy_prediction,valid,1,1,,120,policy_prediction,,stain_relative_xy_base_z,rotvec_rad,mm,,13.048202514648438,-11.892894744873047,187.9602813720703,-0.02639158070087433,0.1722838580608368,2.4400594234466553,,,,,,prediction_only_not_sent,"[13.048202514648438, -11.892894744873047, 187.9602813720703, -0.02639158070087433, 0.1722838580608368, 2.4400594234466553]","{""predicted_force"": null, ""force_status"": ""not_predicted""}"
offline_OFF_20260930T174810_1790758090066374038_ei3wxeen,131,,,123456789000,4001263413817,receipt_only_no_header,,,denormalized_policy_prediction,valid,1,1,,121,policy_prediction,,stain_relative_xy_base_z,rotvec_rad,mm,,13.943038940429688,-11.366077423095703,186.6100311279297,-0.025545254349708557,0.17230525612831116,2.438964605331421,,,,,,prediction_only_not_sent,"[13.943038940429688, -11.366077423095703, 186.6100311279297, -0.025545254349708557, 0.17230525612831116, 2.438964605331421]","{""predicted_force"": null, ""force_status"": ""not_predicted""}"
offline_OFF_20260930T174810_1790758090066374038_ei3wxeen,132,,,123456789000,4001263413817,receipt_only_no_header,,,denormalized_policy_prediction,valid,1,1,,122,policy_prediction,,stain_relative_xy_base_z,rotvec_rad,mm,,11.929046630859375,-11.325551986694336,187.71287536621094,-0.028420105576515198,0.17361241579055786,2.438973903656006,,,,,,prediction_only_not_sent,"[11.929046630859375, -11.325551986694336, 187.71287536621094, -0.028420105576515198, 0.17361241579055786, 2.438973903656006]","{""predicted_force"": null, ""force_status"": ""not_predicted""}"
offline_OFF_20260930T174810_1790758090066374038_ei3wxeen,133,,,123456789000,4001263413817,receipt_only_no_header,,,denormalized_policy_prediction,valid,1,1,,123,policy_prediction,,stain_relative_xy_base_z,rotvec_rad,mm,,13.16058349609375,-11.449060440063477,186.978759765625,-0.026967525482177734,0.17328888177871704,2.4344706535339355,,,,,,prediction_only_not_sent,"[13.16058349609375, -11.449060440063477, 186.978759765625, -0.026967525482177734, 0.17328888177871704, 2.4344706535339355]","{""predicted_force"": null, ""force_status"": ""not_predicted""}"
offline_OFF_20260930T174810_1790758090066374038_ei3wxeen,134,,,123456789000,4001263413817,receipt_only_no_header,,,denormalized_policy_prediction,valid,1,1,,124,policy_prediction,,stain_relative_xy_base_z,rotvec_rad,mm,,10.948989868164062,-11.227289199829102,186.24281311035156,-0.02572387456893921,0.17013493180274963,2.437537431716919,,,,,,prediction_only_not_sent,"[10.948989868164062, -11.227289199829102, 186.24281311035156, -0.02572387456893921, 0.17013493180274963, 2.437537431716919]","{""predicted_force"": null, ""force_status"": ""not_predicted""}"
offline_OFF_20260930T174810_1790758090066374038_ei3wxeen,135,,,123456789000,4001263413817,receipt_only_no_header,,,denormalized_policy_prediction,valid,1,1,,125,policy_prediction,,stain_relative_xy_base_z,rotvec_rad,mm,,12.43145751953125,-10.56751823425293,186.22462463378906,-0.025720641016960144,0.17213928699493408,2.4346673488616943,,,,,,prediction_only_not_sent,"[12.43145751953125, -10.56751823425293, 186.22462463378906, -0.025720641016960144, 0.17213928699493408, 2.4346673488616943]","{""predicted_force"": null, ""force_status"": ""not_predicted""}"
offline_OFF_20260930T174810_1790758090066374038_ei3wxeen,136,,,123456789000,4001263413817,receipt_only_no_header,,,denormalized_policy_prediction,valid,1,1,,126,policy_prediction,,stain_relative_xy_base_z,rotvec_rad,mm,,12.304550170898438,-10.066043853759766,186.1109161376953,-0.02506999671459198,0.1693941354751587,2.421623706817627,,,,,,prediction_only_not_sent,"[12.304550170898438, -10.066043853759766, 186.1109161376953, -0.02506999671459198, 0.1693941354751587, 2.421623706817627]","{""predicted_force"": null, ""force_status"": ""not_predicted""}"
offline_OFF_20260930T174810_1790758090066374038_ei3wxeen,137,,,123456789000,4001263413817,receipt_only_no_header,,,denormalized_policy_prediction,valid,1,1,,127,policy_prediction,,stain_relative_xy_base_z,rotvec_rad,mm,,13.084564208984375,-11.8160400390625,185.93728637695312,-0.02385576069355011,0.17112186551094055,2.4247488975524902,,,,,,prediction_only_not_sent,"[13.084564208984375, -11.8160400390625, 185.93728637695312, -0.02385576069355011, 0.17112186551094055, 2.4247488975524902]","{""predicted_force"": null, ""force_status"": ""not_predicted""}"
offline_OFF_20260930T174810_1790758090066374038_ei3wxeen,140,,,123456789000,4001264014285,receipt_only_no_header,,,shared_postprocessor,valid,1,1,,0,postprocessed,,robot_base,rotvec_rad,mm,N,427.7971496582031,485.52825927734375,168.25709533691406,0.02800622582435608,0.15415921807289124,2.483950614929199,0.0,0.0,0.0,,,prepared_not_sent,"[427.7971496582031, 485.52825927734375, 168.25709533691406, 0.02800622582435608, 0.15415921807289124, 2.483950614929199, 0.0, 0.0, 0.0]",
offline_OFF_20260930T174810_1790758090066374038_ei3wxeen,141,,,123456789000,4001264019445,receipt_only_no_header,,,shared_postprocessor,valid,1,1,,1,postprocessed,,robot_base,rotvec_rad,mm,N,425.9832458496094,485.56103515625,168.837158203125,0.02786770462989807,0.1514962911605835,2.4788436889648438,0.0,0.0,0.0,,,prepared_not_sent,"[425.9832458496094, 485.56103515625, 168.837158203125, 0.02786770462989807, 0.1514962911605835, 2.4788436889648438, 0.0, 0.0, 0.0]",
offline_OFF_20260930T174810_1790758090066374038_ei3wxeen,142,,,123456789000,4001264022911,receipt_only_no_header,,,shared_postprocessor,valid,1,1,,2,postprocessed,,robot_base,rotvec_rad,mm,N,426.3569030761719,486.0863342285156,169.33876037597656,0.027488574385643005,0.15014240145683289,2.47611141204834,0.0,0.0,0.0,,,prepared_not_sent,"[426.3569030761719, 486.0863342285156, 169.33876037597656, 0.027488574385643005, 0.15014240145683289, 2.47611141204834, 0.0, 0.0, 0.0]",
offline_OFF_20260930T174810_1790758090066374038_ei3wxeen,143,,,123456789000,4001264025526,receipt_only_no_header,,,shared_postprocessor,valid,1,1,,3,postprocessed,,robot_base,rotvec_rad,mm,N,427.48321533203125,486.00335693359375,169.6179656982422,0.02611483633518219,0.14905816316604614,2.47602915763855,0.0,0.0,0.0,,,prepared_not_sent,"[427.48321533203125, 486.00335693359375, 169.6179656982422, 0.02611483633518219, 0.14905816316604614, 2.47602915763855, 0.0, 0.0, 0.0]",
offline_OFF_20260930T174810_1790758090066374038_ei3wxeen,144,,,123456789000,4001264028362,receipt_only_no_header,,,shared_postprocessor,valid,1,1,,4,postprocessed,,robot_base,rotvec_rad,mm,N,427.61627197265625,484.6568298339844,169.4486541748047,0.024281829595565796,0.15112608671188354,2.4758472442626953,0.0,0.0,0.0,,,prepared_not_sent,"[427.61627197265625, 484.6568298339844, 169.4486541748047, 0.024281829595565796, 0.15112608671188354, 2.4758472442626953, 0.0, 0.0, 0.0]",
offline_OFF_20260930T174810_1790758090066374038_ei3wxeen,145,,,123456789000,4001264030947,receipt_only_no_header,,,shared_postprocessor,valid,1,1,,5,postprocessed,,robot_base,rotvec_rad,mm,N,428.04058837890625,484.4149475097656,169.08128356933594,0.024809077382087708,0.15002048015594482,2.474419593811035,0.0,0.0,0.0,,,prepared_not_sent,"[428.04058837890625, 484.4149475097656, 169.08128356933594, 0.024809077382087708, 0.15002048015594482, 2.474419593811035, 0.0, 0.0, 0.0]",
offline_OFF_20260930T174810_1790758090066374038_ei3wxeen,146,,,123456789000,4001264033492,receipt_only_no_header,,,shared_postprocessor,valid,1,1,,6,postprocessed,,robot_base,rotvec_rad,mm,N,429.109619140625,484.0494079589844,169.1865234375,0.02480253577232361,0.1488845944404602,2.476548433303833,0.0,0.0,0.0,,,prepared_not_sent,"[429.109619140625, 484.0494079589844, 169.1865234375, 0.02480253577232361, 0.1488845944404602, 2.476548433303833, 0.0, 0.0, 0.0]",
offline_OFF_20260930T174810_1790758090066374038_ei3wxeen,147,,,123456789000,4001264035926,receipt_only_no_header,,,shared_postprocessor,valid,1,1,,7,postprocessed,,robot_base,rotvec_rad,mm,N,430.11181640625,483.6963806152344,169.78955078125,0.024884432554244995,0.14730501174926758,2.470294713973999,0.0,0.0,0.0,,,prepared_not_sent,"[430.11181640625, 483.6963806152344, 169.78955078125, 0.024884432554244995, 0.14730501174926758, 2.470294713973999, 0.0, 0.0, 0.0]",
offline_OFF_20260930T174810_1790758090066374038_ei3wxeen,148,,,123456789000,4001264038481,receipt_only_no_header,,,shared_postprocessor,valid,1,1,,8,postprocessed,,robot_base,rotvec_rad,mm,N,428.927978515625,483.5729675292969,169.85400390625,0.022909164428710938,0.1480940878391266,2.471628427505493,0.0,0.0,0.0,,,prepared_not_sent,"[428.927978515625, 483.5729675292969, 169.85400390625, 0.022909164428710938, 0.1480940878391266, 2.471628427505493, 0.0, 0.0, 0.0]",
offline_OFF_20260930T174810_1790758090066374038_ei3wxeen,149,,,123456789000,4001264040916,receipt_only_no_header,,,shared_postprocessor,valid,1,1,,9,postprocessed,,robot_base,rotvec_rad,mm,N,429.387939453125,482.8277587890625,169.50625610351562,0.022747308015823364,0.15067759156227112,2.474447250366211,0.0,0.0,0.0,,,prepared_not_sent,"[429.387939453125, 482.8277587890625, 169.50625610351562, 0.022747308015823364, 0.15067759156227112, 2.474447250366211, 0.0, 0.0, 0.0]",
offline_OFF_20260930T174810_1790758090066374038_ei3wxeen,150,,,123456789000,4001264043431,receipt_only_no_header,,,shared_postprocessor,valid,1,1,,10,postprocessed,,robot_base,rotvec_rad,mm,N,428.9869689941406,481.7959899902344,170.82022094726562,0.020642578601837158,0.14820873737335205,2.4727022647857666,0.0,0.0,0.0,,,prepared_not_sent,"[428.9869689941406, 481.7959899902344, 170.82022094726562, 0.020642578601837158, 0.14820873737335205, 2.4727022647857666, 0.0, 0.0, 0.0]",
offline_OFF_20260930T174810_1790758090066374038_ei3wxeen,151,,,123456789000,4001264045835,receipt_only_no_header,,,shared_postprocessor,valid,1,1,,11,postprocessed,,robot_base,rotvec_rad,mm,N,431.6199951171875,482.0740966796875,168.9558868408203,0.022078990936279297,0.1468677520751953,2.4666550159454346,0.0,0.0,0.0,,,prepared_not_sent,"[431.6199951171875, 482.0740966796875, 168.9558868408203, 0.022078990936279297, 0.1468677520751953, 2.4666550159454346, 0.0, 0.0, 0.0]",
offline_OFF_20260930T174810_1790758090066374038_ei3wxeen,152,,,123456789000,4001264048290,receipt_only_no_header,,,shared_postprocessor,valid,1,1,,12,postprocessed,,robot_base,rotvec_rad,mm,N,430.3346862792969,481.37078857421875,169.97225952148438,0.017946511507034302,0.14647909998893738,2.468806743621826,0.0,0.0,0.0,,,prepared_not_sent,"[430.3346862792969, 481.37078857421875, 169.97225952148438, 0.017946511507034302, 0.14647909998893738, 2.468806743621826, 0.0, 0.0, 0.0]",
offline_OFF_20260930T174810_1790758090066374038_ei3wxeen,153,,,123456789000,4001264093156,receipt_only_no_header,,,shared_postprocessor,valid,1,1,,13,postprocessed,,robot_base,rotvec_rad,mm,N,432.0068664550781,481.4743347167969,169.5657958984375,0.01989331841468811,0.14701440930366516,2.4660933017730713,0.0,0.0,0.0,,,prepared_not_sent,"[432.0068664550781, 481.4743347167969, 169.5657958984375, 0.01989331841468811, 0.14701440930366516, 2.4660933017730713, 0.0, 0.0, 0.0]",
offline_OFF_20260930T174810_1790758090066374038_ei3wxeen,154,,,123456789000,4001264096452,receipt_only_no_header,,,shared_postprocessor,valid,1,1,,14,postprocessed,,robot_base,rotvec_rad,mm,N,432.55731201171875,481.00299072265625,170.11302185058594,0.019266828894615173,0.14776834845542908,2.4693524837493896,0.0,0.0,0.0,,,prepared_not_sent,"[432.55731201171875, 481.00299072265625, 170.11302185058594, 0.019266828894615173, 0.14776834845542908, 2.4693524837493896, 0.0, 0.0, 0.0]",
offline_OFF_20260930T174810_1790758090066374038_ei3wxeen,155,,,123456789000,4001264098997,receipt_only_no_header,,,shared_postprocessor,valid,1,1,,15,postprocessed,,robot_base,rotvec_rad,mm,N,431.15380859375,480.3914794921875,169.4296875,0.01798926293849945,0.14717158675193787,2.465319871902466,0.0,0.0,0.0,,,prepared_not_sent,"[431.15380859375, 480.3914794921875, 169.4296875, 0.01798926293849945, 0.14717158675193787, 2.465319871902466, 0.0, 0.0, 0.0]",
offline_OFF_20260930T174810_1790758090066374038_ei3wxeen,156,,,123456789000,4001264101742,receipt_only_no_header,,,shared_postprocessor,valid,1,1,,16,postprocessed,,robot_base,rotvec_rad,mm,N,433.52117919921875,479.4270935058594,169.7740020751953,0.018682315945625305,0.14688536524772644,2.460047721862793,0.0,0.0,0.0,,,prepared_not_sent,"[433.52117919921875, 479.4270935058594, 169.7740020751953, 0.018682315945625305, 0.14688536524772644, 2.460047721862793, 0.0, 0.0, 0.0]",
offline_OFF_20260930T174810_1790758090066374038_ei3wxeen,157,,,123456789000,4001264104447,receipt_only_no_header,,,shared_postprocessor,valid,1,1,,17,postprocessed,,robot_base,rotvec_rad,mm,N,431.9483642578125,479.96728515625,169.75015258789062,0.01874479651451111,0.1471332609653473,2.4632818698883057,0.0,0.0,0.0,,,prepared_not_sent,"[431.9483642578125, 479.96728515625, 169.75015258789062, 0.01874479651451111, 0.1471332609653473, 2.4632818698883057, 0.0, 0.0, 0.0]",
offline_OFF_20260930T174810_1790758090066374038_ei3wxeen,158,,,123456789000,4001264107072,receipt_only_no_header,,,shared_postprocessor,valid,1,1,,18,postprocessed,,robot_base,rotvec_rad,mm,N,434.0811767578125,479.1811828613281,170.0886688232422,0.016981124877929688,0.14774450659751892,2.4592878818511963,0.0,0.0,0.0,,,prepared_not_sent,"[434.0811767578125, 479.1811828613281, 170.0886688232422, 0.016981124877929688, 0.14774450659751892, 2.4592878818511963, 0.0, 0.0, 0.0]",
offline_OFF_20260930T174810_1790758090066374038_ei3wxeen,159,,,123456789000,4001264109447,receipt_only_no_header,,,shared_postprocessor,valid,1,1,,19,postprocessed,,robot_base,rotvec_rad,mm,N,433.833740234375,478.41424560546875,169.63075256347656,0.016604796051979065,0.14745688438415527,2.4615979194641113,0.0,0.0,0.0,,,prepared_not_sent,"[433.833740234375, 478.41424560546875, 169.63075256347656, 0.016604796051979065, 0.14745688438415527, 2.4615979194641113, 0.0, 0.0, 0.0]",
offline_OFF_20260930T174810_1790758090066374038_ei3wxeen,160,,,123456789000,4001264112002,receipt_only_no_header,,,shared_postprocessor,valid,1,1,,20,postprocessed,,robot_base,rotvec_rad,mm,N,434.0770263671875,477.58441162109375,170.1548309326172,0.015221431851387024,0.14811110496520996,2.4607176780700684,0.0,0.0,0.0,,,prepared_not_sent,"[434.0770263671875, 477.58441162109375, 170.1548309326172, 0.015221431851387024, 0.14811110496520996, 2.4607176780700684, 0.0, 0.0, 0.0]",
offline_OFF_20260930T174810_1790758090066374038_ei3wxeen,161,,,123456789000,4001264114927,receipt_only_no_header,,,shared_postprocessor,valid,1,1,,21,postprocessed,,robot_base,rotvec_rad,mm,N,435.29522705078125,478.05279541015625,169.31056213378906,0.014460191130638123,0.1469489336013794,2.4562020301818848,0.0,0.0,0.0,,,prepared_not_sent,"[435.29522705078125, 478.05279541015625, 169.31056213378906, 0.014460191130638123, 0.1469489336013794, 2.4562020301818848, 0.0, 0.0, 0.0]",
offline_OFF_20260930T174810_1790758090066374038_ei3wxeen,162,,,123456789000,4001264117953,receipt_only_no_header,,,shared_postprocessor,valid,1,1,,22,postprocessed,,robot_base,rotvec_rad,mm,N,435.2208251953125,476.72613525390625,170.31961059570312,0.014451324939727783,0.1468040645122528,2.4567317962646484,0.0,0.0,0.0,,,prepared_not_sent,"[435.2208251953125, 476.72613525390625, 170.31961059570312, 0.014451324939727783, 0.1468040645122528, 2.4567317962646484, 0.0, 0.0, 0.0]",
offline_OFF_20260930T174810_1790758090066374038_ei3wxeen,163,,,123456789000,4001264120438,receipt_only_no_header,,,shared_postprocessor,valid,1,1,,23,postprocessed,,robot_base,rotvec_rad,mm,N,435.6755676269531,476.0075378417969,169.90786743164062,0.01252312958240509,0.1455325484275818,2.453662395477295,0.0,0.0,0.0,,,prepared_not_sent,"[435.6755676269531, 476.0075378417969, 169.90786743164062, 0.01252312958240509, 0.1455325484275818, 2.453662395477295, 0.0, 0.0, 0.0]",
offline_OFF_20260930T174810_1790758090066374038_ei3wxeen,164,,,123456789000,4001264123313,receipt_only_no_header,,,shared_postprocessor,valid,1,1,,24,postprocessed,,robot_base,rotvec_rad,mm,N,436.40936279296875,475.7737121582031,169.80050659179688,0.015309810638427734,0.14556154608726501,2.451885938644409,0.0,0.0,0.0,,,prepared_not_sent,"[436.40936279296875, 475.7737121582031, 169.80050659179688, 0.015309810638427734, 0.14556154608726501, 2.451885938644409, 0.0, 0.0, 0.0]",
offline_OFF_20260930T174810_1790758090066374038_ei3wxeen,165,,,123456789000,4001264125878,receipt_only_no_header,,,shared_postprocessor,valid,1,1,,25,postprocessed,,robot_base,rotvec_rad,mm,N,436.5117492675781,475.22784423828125,170.03514099121094,0.013656273484230042,0.1462990939617157,2.4506478309631348,0.0,0.0,0.0,,,prepared_not_sent,"[436.5117492675781, 475.22784423828125, 170.03514099121094, 0.013656273484230042, 0.1462990939617157, 2.4506478309631348, 0.0, 0.0, 0.0]",
offline_OFF_20260930T174810_1790758090066374038_ei3wxeen,166,,,123456789000,4001264128583,receipt_only_no_header,,,shared_postprocessor,valid,1,1,,26,postprocessed,,robot_base,rotvec_rad,mm,N,436.86572265625,474.9732666015625,170.14852905273438,0.013726145029067993,0.14693132042884827,2.4504990577697754,0.0,0.0,0.0,,,prepared_not_sent,"[436.86572265625, 474.9732666015625, 170.14852905273438, 0.013726145029067993, 0.14693132042884827, 2.4504990577697754, 0.0, 0.0, 0.0]",
offline_OFF_20260930T174810_1790758090066374038_ei3wxeen,167,,,123456789000,4001264131559,receipt_only_no_header,,,shared_postprocessor,valid,1,1,,27,postprocessed,,robot_base,rotvec_rad,mm,N,437.302734375,474.31463623046875,170.25254821777344,0.01237863302230835,0.147222638130188,2.4502291679382324,0.0,0.0,0.0,,,prepared_not_sent,"[437.302734375, 474.31463623046875, 170.25254821777344, 0.01237863302230835, 0.147222638130188, 2.4502291679382324, 0.0, 0.0, 0.0]",
offline_OFF_20260930T174810_1790758090066374038_ei3wxeen,168,,,123456789000,4001264134445,receipt_only_no_header,,,shared_postprocessor,valid,1,1,,28,postprocessed,,robot_base,rotvec_rad,mm,N,437.1253662109375,473.6205139160156,170.19862365722656,0.013259992003440857,0.14665177464485168,2.4481942653656006,0.0,0.0,0.0,,,prepared_not_sent,"[437.1253662109375, 473.6205139160156, 170.19862365722656, 0.013259992003440857, 0.14665177464485168, 2.4481942653656006, 0.0, 0.0, 0.0]",
offline_OFF_20260930T174810_1790758090066374038_ei3wxeen,169,,,123456789000,4001264137140,receipt_only_no_header,,,shared_postprocessor,valid,1,1,,29,postprocessed,,robot_base,rotvec_rad,mm,N,438.28802490234375,473.2179870605469,170.40261840820312,0.011676967144012451,0.14770102500915527,2.448336601257324,0.0,0.0,0.0,,,prepared_not_sent,"[438.28802490234375, 473.2179870605469, 170.40261840820312, 0.011676967144012451, 0.14770102500915527, 2.448336601257324, 0.0, 0.0, 0.0]",
offline_OFF_20260930T174810_1790758090066374038_ei3wxeen,170,,,123456789000,4001264139785,receipt_only_no_header,,,shared_postprocessor,valid,1,1,,30,postprocessed,,robot_base,rotvec_rad,mm,N,438.2020263671875,472.9754943847656,170.42588806152344,0.01198488473892212,0.14905348420143127,2.4462952613830566,0.0,0.0,0.0,,,prepared_not_sent,"[438.2020263671875, 472.9754943847656, 170.42588806152344, 0.01198488473892212, 0.14905348420143127, 2.4462952613830566, 0.0, 0.0, 0.0]",
offline_OFF_20260930T174810_1790758090066374038_ei3wxeen,171,,,123456789000,4001264142350,receipt_only_no_header,,,shared_postprocessor,valid,1,1,,31,postprocessed,,robot_base,rotvec_rad,mm,N,438.63360595703125,472.4518127441406,171.0585479736328,0.009655073285102844,0.14948517084121704,2.445138692855835,0.0,0.0,0.0,,,prepared_not_sent,"[438.63360595703125, 472.4518127441406, 171.0585479736328, 0.009655073285102844, 0.14948517084121704, 2.445138692855835, 0.0, 0.0, 0.0]",
offline_OFF_20260930T174810_1790758090066374038_ei3wxeen,172,,,123456789000,4001264145155,receipt_only_no_header,,,shared_postprocessor,valid,1,1,,32,postprocessed,,robot_base,rotvec_rad,mm,N,438.2830810546875,471.90533447265625,171.1170196533203,0.010204225778579712,0.14905831217765808,2.44511079788208,0.0,0.0,0.0,,,prepared_not_sent,"[438.2830810546875, 471.90533447265625, 171.1170196533203, 0.010204225778579712, 0.14905831217765808, 2.44511079788208, 0.0, 0.0, 0.0]",
offline_OFF_20260930T174810_1790758090066374038_ei3wxeen,173,,,123456789000,4001264147610,receipt_only_no_header,,,shared_postprocessor,valid,1,1,,33,postprocessed,,robot_base,rotvec_rad,mm,N,438.7608947753906,471.8587646484375,170.788818359375,0.006858512759208679,0.15031898021697998,2.4424197673797607,0.0,0.0,0.0,,,prepared_not_sent,"[438.7608947753906, 471.8587646484375, 170.788818359375, 0.006858512759208679, 0.15031898021697998, 2.4424197673797607, 0.0, 0.0, 0.0]",
offline_OFF_20260930T174810_1790758090066374038_ei3wxeen,174,,,123456789000,4001264150115,receipt_only_no_header,,,shared_postprocessor,valid,1,1,,34,postprocessed,,robot_base,rotvec_rad,mm,N,440.0350341796875,470.623046875,171.6318359375,0.005629047751426697,0.1517062783241272,2.4422659873962402,0.0,0.0,0.0,,,prepared_not_sent,"[440.0350341796875, 470.623046875, 171.6318359375, 0.005629047751426697, 0.1517062783241272, 2.4422659873962402, 0.0, 0.0, 0.0]",
offline_OFF_20260930T174810_1790758090066374038_ei3wxeen,175,,,123456789000,4001264152930,receipt_only_no_header,,,shared_postprocessor,valid,1,1,,35,postprocessed,,robot_base,rotvec_rad,mm,N,440.10430908203125,471.29498291015625,171.30477905273438,0.005536332726478577,0.15136301517486572,2.4395642280578613,0.0,0.0,0.0,,,prepared_not_sent,"[440.10430908203125, 471.29498291015625, 171.30477905273438, 0.005536332726478577, 0.15136301517486572, 2.4395642280578613, 0.0, 0.0, 0.0]",
offline_OFF_20260930T174810_1790758090066374038_ei3wxeen,176,,,123456789000,4001264155525,receipt_only_no_header,,,shared_postprocessor,valid,1,1,,36,postprocessed,,robot_base,rotvec_rad,mm,N,440.81817626953125,470.8126220703125,171.61862182617188,0.004106670618057251,0.15076956152915955,2.440650701522827,0.0,0.0,0.0,,,prepared_not_sent,"[440.81817626953125, 470.8126220703125, 171.61862182617188, 0.004106670618057251, 0.15076956152915955, 2.440650701522827, 0.0, 0.0, 0.0]",
offline_OFF_20260930T174810_1790758090066374038_ei3wxeen,177,,,123456789000,4001264158020,receipt_only_no_header,,,shared_postprocessor,valid,1,1,,37,postprocessed,,robot_base,rotvec_rad,mm,N,439.993896484375,470.32659912109375,172.318603515625,0.004136815667152405,0.15222781896591187,2.4385852813720703,0.0,0.0,0.0,,,prepared_not_sent,"[439.993896484375, 470.32659912109375, 172.318603515625, 0.004136815667152405, 0.15222781896591187, 2.4385852813720703, 0.0, 0.0, 0.0]",
offline_OFF_20260930T174810_1790758090066374038_ei3wxeen,178,,,123456789000,4001264160785,receipt_only_no_header,,,shared_postprocessor,valid,1,1,,38,postprocessed,,robot_base,rotvec_rad,mm,N,440.7005615234375,470.2516174316406,172.43023681640625,-2.98917293548584e-05,0.15291252732276917,2.4376747608184814,0.0,0.0,0.0,,,prepared_not_sent,"[440.7005615234375, 470.2516174316406, 172.43023681640625, -2.98917293548584e-05, 0.15291252732276917, 2.4376747608184814, 0.0, 0.0, 0.0]",
offline_OFF_20260930T174810_1790758090066374038_ei3wxeen,179,,,123456789000,4001264163220,receipt_only_no_header,,,shared_postprocessor,valid,1,1,,39,postprocessed,,robot_base,rotvec_rad,mm,N,440.27685546875,470.0265197753906,172.575439453125,0.0014367848634719849,0.15495175123214722,2.4355108737945557,0.0,0.0,0.0,,,prepared_not_sent,"[440.27685546875, 470.0265197753906, 172.575439453125, 0.0014367848634719849, 0.15495175123214722, 2.4355108737945557, 0.0, 0.0, 0.0]",
offline_OFF_20260930T174810_1790758090066374038_ei3wxeen,180,,,123456789000,4001264165734,receipt_only_no_header,,,shared_postprocessor,valid,1,1,,40,postprocessed,,robot_base,rotvec_rad,mm,N,440.4517517089844,469.2586669921875,173.39651489257812,-0.0017971694469451904,0.15629616379737854,2.4364242553710938,0.0,0.0,0.0,,,prepared_not_sent,"[440.4517517089844, 469.2586669921875, 173.39651489257812, -0.0017971694469451904, 0.15629616379737854, 2.4364242553710938, 0.0, 0.0, 0.0]",
offline_OFF_20260930T174810_1790758090066374038_ei3wxeen,181,,,123456789000,4001264168159,receipt_only_no_header,,,shared_postprocessor,valid,1,1,,41,postprocessed,,robot_base,rotvec_rad,mm,N,440.95001220703125,469.8250732421875,173.2562255859375,-0.0018492937088012695,0.15741759538650513,2.433624267578125,0.0,0.0,0.0,,,prepared_not_sent,"[440.95001220703125, 469.8250732421875, 173.2562255859375, -0.0018492937088012695, 0.15741759538650513, 2.433624267578125, 0.0, 0.0, 0.0]",
offline_OFF_20260930T174810_1790758090066374038_ei3wxeen,182,,,123456789000,4001264170774,receipt_only_no_header,,,shared_postprocessor,valid,1,1,,42,postprocessed,,robot_base,rotvec_rad,mm,N,441.21783447265625,469.4850769042969,174.1483612060547,-0.001144513487815857,0.1570049226284027,2.4342830181121826,0.0,0.0,0.0,,,prepared_not_sent,"[441.21783447265625, 469.4850769042969, 174.1483612060547, -0.001144513487815857, 0.1570049226284027, 2.4342830181121826, 0.0, 0.0, 0.0]",
offline_OFF_20260930T174810_1790758090066374038_ei3wxeen,183,,,123456789000,4001264173169,receipt_only_no_header,,,shared_postprocessor,valid,1,1,,43,postprocessed,,robot_base,rotvec_rad,mm,N,440.6693115234375,468.92401123046875,174.37547302246094,-0.005803823471069336,0.1576710343360901,2.4345884323120117,0.0,0.0,0.0,,,prepared_not_sent,"[440.6693115234375, 468.92401123046875, 174.37547302246094, -0.005803823471069336, 0.1576710343360901, 2.4345884323120117, 0.0, 0.0, 0.0]",
offline_OFF_20260930T174810_1790758090066374038_ei3wxeen,184,,,123456789000,4001264175623,receipt_only_no_header,,,shared_postprocessor,valid,1,1,,44,postprocessed,,robot_base,rotvec_rad,mm,N,440.96173095703125,469.521240234375,174.9287109375,-0.006274983286857605,0.15754994750022888,2.433013677597046,0.0,0.0,0.0,,,prepared_not_sent,"[440.96173095703125, 469.521240234375, 174.9287109375, -0.006274983286857605, 0.15754994750022888, 2.433013677597046, 0.0, 0.0, 0.0]",
offline_OFF_20260930T174810_1790758090066374038_ei3wxeen,185,,,123456789000,4001264178078,receipt_only_no_header,,,shared_postprocessor,valid,1,1,,45,postprocessed,,robot_base,rotvec_rad,mm,N,441.66973876953125,469.4834289550781,175.49838256835938,-0.009377092123031616,0.1582903265953064,2.432964324951172,0.0,0.0,0.0,,,prepared_not_sent,"[441.66973876953125, 469.4834289550781, 175.49838256835938, -0.009377092123031616, 0.1582903265953064, 2.432964324951172, 0.0, 0.0, 0.0]",
offline_OFF_20260930T174810_1790758090066374038_ei3wxeen,186,,,123456789000,4001264180793,receipt_only_no_header,,,shared_postprocessor,valid,1,1,,46,postprocessed,,robot_base,rotvec_rad,mm,N,439.8816833496094,468.9931640625,176.04188537597656,-0.014036834239959717,0.1577495038509369,2.4358279705047607,0.0,0.0,0.0,,,prepared_not_sent,"[439.8816833496094, 468.9931640625, 176.04188537597656, -0.014036834239959717, 0.1577495038509369, 2.4358279705047607, 0.0, 0.0, 0.0]",
offline_OFF_20260930T174810_1790758090066374038_ei3wxeen,187,,,123456789000,4001264183348,receipt_only_no_header,,,shared_postprocessor,valid,1,1,,47,postprocessed,,robot_base,rotvec_rad,mm,N,441.3951416015625,468.8595886230469,176.53964233398438,-0.013496935367584229,0.16146036982536316,2.430828809738159,0.0,0.0,0.0,,,prepared_not_sent,"[441.3951416015625, 468.8595886230469, 176.53964233398438, -0.013496935367584229, 0.16146036982536316, 2.430828809738159, 0.0, 0.0, 0.0]",
offline_OFF_20260930T174810_1790758090066374038_ei3wxeen,188,,,123456789000,4001264185793,receipt_only_no_header,,,shared_postprocessor,valid,1,1,,48,postprocessed,,robot_base,rotvec_rad,mm,N,441.46112060546875,468.7165832519531,177.83554077148438,-0.01707400381565094,0.15969786047935486,2.433244466781616,0.0,0.0,0.0,,,prepared_not_sent,"[441.46112060546875, 468.7165832519531, 177.83554077148438, -0.01707400381565094, 0.15969786047935486, 2.433244466781616, 0.0, 0.0, 0.0]",
offline_OFF_20260930T174810_1790758090066374038_ei3wxeen,189,,,123456789000,4001264188217,receipt_only_no_header,,,shared_postprocessor,valid,1,1,,49,postprocessed,,robot_base,rotvec_rad,mm,N,441.1017761230469,468.755615234375,178.18247985839844,-0.01851445436477661,0.15923422574996948,2.4330272674560547,0.0,0.0,0.0,,,prepared_not_sent,"[441.1017761230469, 468.755615234375, 178.18247985839844, -0.01851445436477661, 0.15923422574996948, 2.4330272674560547, 0.0, 0.0, 0.0]",
offline_OFF_20260930T174810_1790758090066374038_ei3wxeen,190,,,123456789000,4001264190742,receipt_only_no_header,,,shared_postprocessor,valid,1,1,,50,postprocessed,,robot_base,rotvec_rad,mm,N,441.96307373046875,468.7577209472656,179.491943359375,-0.02066667377948761,0.15936735272407532,2.4330451488494873,0.0,0.0,0.0,,,prepared_not_sent,"[441.96307373046875, 468.7577209472656, 179.491943359375, -0.02066667377948761, 0.15936735272407532, 2.4330451488494873, 0.0, 0.0, 0.0]",
offline_OFF_20260930T174810_1790758090066374038_ei3wxeen,191,,,123456789000,4001264193508,receipt_only_no_header,,,shared_postprocessor,valid,1,1,,51,postprocessed,,robot_base,rotvec_rad,mm,N,440.5124816894531,468.9990234375,179.95326232910156,-0.022867992520332336,0.1599235236644745,2.4339993000030518,0.0,0.0,0.0,,,prepared_not_sent,"[440.5124816894531, 468.9990234375, 179.95326232910156, -0.022867992520332336, 0.1599235236644745, 2.4339993000030518, 0.0, 0.0, 0.0]",
offline_OFF_20260930T174810_1790758090066374038_ei3wxeen,192,,,123456789000,4001264196042,receipt_only_no_header,,,shared_postprocessor,valid,1,1,,52,postprocessed,,robot_base,rotvec_rad,mm,N,441.48822021484375,468.62591552734375,180.560546875,-0.02701874077320099,0.15935811400413513,2.4334828853607178,0.0,0.0,0.0,,,prepared_not_sent,"[441.48822021484375, 468.62591552734375, 180.560546875, -0.02701874077320099, 0.15935811400413513, 2.4334828853607178, 0.0, 0.0, 0.0]",
offline_OFF_20260930T174810_1790758090066374038_ei3wxeen,193,,,123456789000,4001264198597,receipt_only_no_header,,,shared_postprocessor,valid,1,1,,53,postprocessed,,robot_base,rotvec_rad,mm,N,441.583251953125,468.4260559082031,181.45799255371094,-0.027650654315948486,0.16045895218849182,2.434030532836914,0.0,0.0,0.0,,,prepared_not_sent,"[441.583251953125, 468.4260559082031, 181.45799255371094, -0.027650654315948486, 0.16045895218849182, 2.434030532836914, 0.0, 0.0, 0.0]",
offline_OFF_20260930T174810_1790758090066374038_ei3wxeen,194,,,123456789000,4001264201433,receipt_only_no_header,,,shared_postprocessor,valid,1,1,,54,postprocessed,,robot_base,rotvec_rad,mm,N,442.16192626953125,468.3255615234375,182.4417724609375,-0.0285833477973938,0.15970894694328308,2.4335901737213135,0.0,0.0,0.0,,,prepared_not_sent,"[442.16192626953125, 468.3255615234375, 182.4417724609375, -0.0285833477973938, 0.15970894694328308, 2.4335901737213135, 0.0, 0.0, 0.0]",
offline_OFF_20260930T174810_1790758090066374038_ei3wxeen,195,,,123456789000,4001264204028,receipt_only_no_header,,,shared_postprocessor,valid,1,1,,55,postprocessed,,robot_base,rotvec_rad,mm,N,441.7334289550781,468.2825622558594,183.41021728515625,-0.029285669326782227,0.1601194441318512,2.4315836429595947,0.0,0.0,0.0,,,prepared_not_sent,"[441.7334289550781, 468.2825622558594, 183.41021728515625, -0.029285669326782227, 0.1601194441318512, 2.4315836429595947, 0.0, 0.0, 0.0]",
offline_OFF_20260930T174810_1790758090066374038_ei3wxeen,196,,,123456789000,4001264206553,receipt_only_no_header,,,shared_postprocessor,valid,1,1,,56,postprocessed,,robot_base,rotvec_rad,mm,N,443.69744873046875,468.9024963378906,184.37303161621094,-0.027480244636535645,0.15631723403930664,2.430898904800415,0.0,0.0,0.0,,,prepared_not_sent,"[443.69744873046875, 468.9024963378906, 184.37303161621094, -0.027480244636535645, 0.15631723403930664, 2.430898904800415, 0.0, 0.0, 0.0]",
offline_OFF_20260930T174810_1790758090066374038_ei3wxeen,197,,,123456789000,4001264209067,receipt_only_no_header,,,shared_postprocessor,valid,1,1,,57,postprocessed,,robot_base,rotvec_rad,mm,N,441.66046142578125,468.9895324707031,185.49839782714844,-0.029074326157569885,0.1545928716659546,2.4271910190582275,0.0,0.0,0.0,,,prepared_not_sent,"[441.66046142578125, 468.9895324707031, 185.49839782714844, -0.029074326157569885, 0.1545928716659546, 2.4271910190582275, 0.0, 0.0, 0.0]",
offline_OFF_20260930T174810_1790758090066374038_ei3wxeen,198,,,123456789000,4001264211532,receipt_only_no_header,,,shared_postprocessor,valid,1,1,,58,postprocessed,,robot_base,rotvec_rad,mm,N,443.04248046875,467.75201416015625,185.9754638671875,-0.031072407960891724,0.1586625874042511,2.4326884746551514,0.0,0.0,0.0,,,prepared_not_sent,"[443.04248046875, 467.75201416015625, 185.9754638671875, -0.031072407960891724, 0.1586625874042511, 2.4326884746551514, 0.0, 0.0, 0.0]",
offline_OFF_20260930T174810_1790758090066374038_ei3wxeen,199,,,123456789000,4001264214067,receipt_only_no_header,,,shared_postprocessor,valid,1,1,,59,postprocessed,,robot_base,rotvec_rad,mm,N,444.3011169433594,468.3377685546875,186.5234375,-0.027770131826400757,0.15731847286224365,2.4278717041015625,0.0,0.0,0.0,,,prepared_not_sent,"[444.3011169433594, 468.3377685546875, 186.5234375, -0.027770131826400757, 0.15731847286224365, 2.4278717041015625, 0.0, 0.0, 0.0]",
offline_OFF_20260930T174810_1790758090066374038_ei3wxeen,200,,,123456789000,4001264216692,receipt_only_no_header,,,shared_postprocessor,valid,1,1,,60,postprocessed,,robot_base,rotvec_rad,mm,N,443.8775634765625,467.8809814453125,187.40989685058594,-0.029740527272224426,0.154281347990036,2.4309146404266357,0.0,0.0,0.0,,,prepared_not_sent,"[443.8775634765625, 467.8809814453125, 187.40989685058594, -0.029740527272224426, 0.154281347990036, 2.4309146404266357, 0.0, 0.0, 0.0]",
offline_OFF_20260930T174810_1790758090066374038_ei3wxeen,201,,,123456789000,4001264219287,receipt_only_no_header,,,shared_postprocessor,valid,1,1,,61,postprocessed,,robot_base,rotvec_rad,mm,N,443.31134033203125,468.7038269042969,188.19207763671875,-0.027889087796211243,0.154950350522995,2.4318037033081055,0.0,0.0,0.0,,,prepared_not_sent,"[443.31134033203125, 468.7038269042969, 188.19207763671875, -0.027889087796211243, 0.154950350522995, 2.4318037033081055, 0.0, 0.0, 0.0]",
offline_OFF_20260930T174810_1790758090066374038_ei3wxeen,202,,,123456789000,4001264221692,receipt_only_no_header,,,shared_postprocessor,valid,1,1,,62,postprocessed,,robot_base,rotvec_rad,mm,N,444.1143493652344,468.22467041015625,189.0805206298828,-0.02759881317615509,0.15262791514396667,2.4316697120666504,0.0,0.0,0.0,,,prepared_not_sent,"[444.1143493652344, 468.22467041015625, 189.0805206298828, -0.02759881317615509, 0.15262791514396667, 2.4316697120666504, 0.0, 0.0, 0.0]",
offline_OFF_20260930T174810_1790758090066374038_ei3wxeen,203,,,123456789000,4001264224256,receipt_only_no_header,,,shared_postprocessor,valid,1,1,,63,postprocessed,,robot_base,rotvec_rad,mm,N,443.7931213378906,467.64642333984375,189.559814453125,-0.028984904289245605,0.15274754166603088,2.4325520992279053,0.0,0.0,0.0,,,prepared_not_sent,"[443.7931213378906, 467.64642333984375, 189.559814453125, -0.028984904289245605, 0.15274754166603088, 2.4325520992279053, 0.0, 0.0, 0.0]",
offline_OFF_20260930T174810_1790758090066374038_ei3wxeen,204,,,123456789000,4001264226691,receipt_only_no_header,,,shared_postprocessor,valid,1,1,,64,postprocessed,,robot_base,rotvec_rad,mm,N,444.10601806640625,468.6178283691406,190.7924346923828,-0.02917170524597168,0.15240952372550964,2.431098699569702,0.0,0.0,0.0,,,prepared_not_sent,"[444.10601806640625, 468.6178283691406, 190.7924346923828, -0.02917170524597168, 0.15240952372550964, 2.431098699569702, 0.0, 0.0, 0.0]",
offline_OFF_20260930T174810_1790758090066374038_ei3wxeen,205,,,123456789000,4001264229196,receipt_only_no_header,,,shared_postprocessor,valid,1,1,,65,postprocessed,,robot_base,rotvec_rad,mm,N,444.15777587890625,468.69781494140625,191.7450408935547,-0.027604490518569946,0.15102636814117432,2.430351972579956,0.0,0.0,0.0,,,prepared_not_sent,"[444.15777587890625, 468.69781494140625, 191.7450408935547, -0.027604490518569946, 0.15102636814117432, 2.430351972579956, 0.0, 0.0, 0.0]",
offline_OFF_20260930T174810_1790758090066374038_ei3wxeen,206,,,123456789000,4001264232011,receipt_only_no_header,,,shared_postprocessor,valid,1,1,,66,postprocessed,,robot_base,rotvec_rad,mm,N,443.7081298828125,468.6598205566406,192.42227172851562,-0.0330856591463089,0.15079274773597717,2.432511806488037,0.0,0.0,0.0,,,prepared_not_sent,"[443.7081298828125, 468.6598205566406, 192.42227172851562, -0.0330856591463089, 0.15079274773597717, 2.432511806488037, 0.0, 0.0, 0.0]",
offline_OFF_20260930T174810_1790758090066374038_ei3wxeen,207,,,123456789000,4001264234526,receipt_only_no_header,,,shared_postprocessor,valid,1,1,,67,postprocessed,,robot_base,rotvec_rad,mm,N,444.524169921875,467.4178466796875,193.11524963378906,-0.0352497398853302,0.15387365221977234,2.431359052658081,0.0,0.0,0.0,,,prepared_not_sent,"[444.524169921875, 467.4178466796875, 193.11524963378906, -0.0352497398853302, 0.15387365221977234, 2.431359052658081, 0.0, 0.0, 0.0]",
offline_OFF_20260930T174810_1790758090066374038_ei3wxeen,208,,,123456789000,4001264237131,receipt_only_no_header,,,shared_postprocessor,valid,1,1,,68,postprocessed,,robot_base,rotvec_rad,mm,N,444.6639404296875,468.3163757324219,193.98513793945312,-0.03591693937778473,0.15095165371894836,2.4342164993286133,0.0,0.0,0.0,,,prepared_not_sent,"[444.6639404296875, 468.3163757324219, 193.98513793945312, -0.03591693937778473, 0.15095165371894836, 2.4342164993286133, 0.0, 0.0, 0.0]",
offline_OFF_20260930T174810_1790758090066374038_ei3wxeen,209,,,123456789000,4001264239656,receipt_only_no_header,,,shared_postprocessor,valid,1,1,,69,postprocessed,,robot_base,rotvec_rad,mm,N,444.57958984375,468.34979248046875,193.62271118164062,-0.0390356108546257,0.15139368176460266,2.431488513946533,0.0,0.0,0.0,,,prepared_not_sent,"[444.57958984375, 468.34979248046875, 193.62271118164062, -0.0390356108546257, 0.15139368176460266, 2.431488513946533, 0.0, 0.0, 0.0]",
offline_OFF_20260930T174810_1790758090066374038_ei3wxeen,210,,,123456789000,4001264242091,receipt_only_no_header,,,shared_postprocessor,valid,1,1,,70,postprocessed,,robot_base,rotvec_rad,mm,N,442.3880310058594,467.6310729980469,194.7898712158203,-0.04367402195930481,0.15295663475990295,2.433990955352783,0.0,0.0,0.0,,,prepared_not_sent,"[442.3880310058594, 467.6310729980469, 194.7898712158203, -0.04367402195930481, 0.15295663475990295, 2.433990955352783, 0.0, 0.0, 0.0]",
offline_OFF_20260930T174810_1790758090066374038_ei3wxeen,211,,,123456789000,4001264244655,receipt_only_no_header,,,shared_postprocessor,valid,1,1,,71,postprocessed,,robot_base,rotvec_rad,mm,N,442.94439697265625,468.78326416015625,195.33602905273438,-0.04585818946361542,0.15291833877563477,2.4298505783081055,0.0,0.0,0.0,,,prepared_not_sent,"[442.94439697265625, 468.78326416015625, 195.33602905273438, -0.04585818946361542, 0.15291833877563477, 2.4298505783081055, 0.0, 0.0, 0.0]",
offline_OFF_20260930T174810_1790758090066374038_ei3wxeen,212,,,123456789000,4001264247130,receipt_only_no_header,,,shared_postprocessor,valid,1,1,,72,postprocessed,,robot_base,rotvec_rad,mm,N,444.4931640625,468.4617614746094,195.8187713623047,-0.04875268042087555,0.15310928225517273,2.435417413711548,0.0,0.0,0.0,,,prepared_not_sent,"[444.4931640625, 468.4617614746094, 195.8187713623047, -0.04875268042087555, 0.15310928225517273, 2.435417413711548, 0.0, 0.0, 0.0]",
offline_OFF_20260930T174810_1790758090066374038_ei3wxeen,213,,,123456789000,4001264249575,receipt_only_no_header,,,shared_postprocessor,valid,1,1,,73,postprocessed,,robot_base,rotvec_rad,mm,N,441.1029357910156,467.7007141113281,196.5383758544922,-0.05052956938743591,0.15400457382202148,2.4343206882476807,0.0,0.0,0.0,,,prepared_not_sent,"[441.1029357910156, 467.7007141113281, 196.5383758544922, -0.05052956938743591, 0.15400457382202148, 2.4343206882476807, 0.0, 0.0, 0.0]",
offline_OFF_20260930T174810_1790758090066374038_ei3wxeen,214,,,123456789000,4001264252130,receipt_only_no_header,,,shared_postprocessor,valid,1,1,,74,postprocessed,,robot_base,rotvec_rad,mm,N,441.7303466796875,468.2991027832031,197.13693237304688,-0.05566676706075668,0.15457558631896973,2.433901309967041,0.0,0.0,0.0,,,prepared_not_sent,"[441.7303466796875, 468.2991027832031, 197.13693237304688, -0.05566676706075668, 0.15457558631896973, 2.433901309967041, 0.0, 0.0, 0.0]",
offline_OFF_20260930T174810_1790758090066374038_ei3wxeen,215,,,123456789000,4001264254514,receipt_only_no_header,,,shared_postprocessor,valid,1,1,,75,postprocessed,,robot_base,rotvec_rad,mm,N,443.03155517578125,467.28271484375,197.68809509277344,-0.057113975286483765,0.15532058477401733,2.435725688934326,0.0,0.0,0.0,,,prepared_not_sent,"[443.03155517578125, 467.28271484375, 197.68809509277344, -0.057113975286483765, 0.15532058477401733, 2.435725688934326, 0.0, 0.0, 0.0]",
offline_OFF_20260930T174810_1790758090066374038_ei3wxeen,216,,,123456789000,4001264257119,receipt_only_no_header,,,shared_postprocessor,valid,1,1,,76,postprocessed,,robot_base,rotvec_rad,mm,N,438.6288146972656,467.7965393066406,198.0301513671875,-0.05893021076917648,0.15591436624526978,2.437107801437378,0.0,0.0,0.0,,,prepared_not_sent,"[438.6288146972656, 467.7965393066406, 198.0301513671875, -0.05893021076917648, 0.15591436624526978, 2.437107801437378, 0.0, 0.0, 0.0]",
offline_OFF_20260930T174810_1790758090066374038_ei3wxeen,217,,,123456789000,4001264259855,receipt_only_no_header,,,shared_postprocessor,valid,1,1,,77,postprocessed,,robot_base,rotvec_rad,mm,N,440.02978515625,468.48223876953125,197.46324157714844,-0.06515810638666153,0.15723252296447754,2.4325461387634277,0.0,0.0,0.0,,,prepared_not_sent,"[440.02978515625, 468.48223876953125, 197.46324157714844, -0.06515810638666153, 0.15723252296447754, 2.4325461387634277, 0.0, 0.0, 0.0]",
offline_OFF_20260930T174810_1790758090066374038_ei3wxeen,218,,,123456789000,4001264262409,receipt_only_no_header,,,shared_postprocessor,valid,1,1,,78,postprocessed,,robot_base,rotvec_rad,mm,N,440.1817321777344,467.7438049316406,197.61953735351562,-0.06737826019525528,0.15591317415237427,2.4361069202423096,0.0,0.0,0.0,,,prepared_not_sent,"[440.1817321777344, 467.7438049316406, 197.61953735351562, -0.06737826019525528, 0.15591317415237427, 2.4361069202423096, 0.0, 0.0, 0.0]",
offline_OFF_20260930T174810_1790758090066374038_ei3wxeen,219,,,123456789000,4001264264844,receipt_only_no_header,,,shared_postprocessor,valid,1,1,,79,postprocessed,,robot_base,rotvec_rad,mm,N,437.35125732421875,468.43585205078125,197.79098510742188,-0.07038652151823044,0.16016077995300293,2.4296350479125977,0.0,0.0,0.0,,,prepared_not_sent,"[437.35125732421875, 468.43585205078125, 197.79098510742188, -0.07038652151823044, 0.16016077995300293, 2.4296350479125977, 0.0, 0.0, 0.0]",
offline_OFF_20260930T174810_1790758090066374038_ei3wxeen,220,,,123456789000,4001264267700,receipt_only_no_header,,,shared_postprocessor,valid,1,1,,80,postprocessed,,robot_base,rotvec_rad,mm,N,436.06903076171875,468.37152099609375,197.9697723388672,-0.07223100960254669,0.15959054231643677,2.4379708766937256,0.0,0.0,0.0,,,prepared_not_sent,"[436.06903076171875, 468.37152099609375, 197.9697723388672, -0.07223100960254669, 0.15959054231643677, 2.4379708766937256, 0.0, 0.0, 0.0]",
offline_OFF_20260930T174810_1790758090066374038_ei3wxeen,221,,,123456789000,4001264270204,receipt_only_no_header,,,shared_postprocessor,valid,1,1,,81,postprocessed,,robot_base,rotvec_rad,mm,N,436.7362365722656,468.3094482421875,198.06204223632812,-0.06955109536647797,0.1631307303905487,2.433901309967041,0.0,0.0,0.0,,,prepared_not_sent,"[436.7362365722656, 468.3094482421875, 198.06204223632812, -0.06955109536647797, 0.1631307303905487, 2.433901309967041, 0.0, 0.0, 0.0]",
offline_OFF_20260930T174810_1790758090066374038_ei3wxeen,222,,,123456789000,4001264272629,receipt_only_no_header,,,shared_postprocessor,valid,1,1,,82,postprocessed,,robot_base,rotvec_rad,mm,N,434.1601257324219,468.9691162109375,197.86756896972656,-0.07093223184347153,0.16202613711357117,2.4364891052246094,0.0,0.0,0.0,,,prepared_not_sent,"[434.1601257324219, 468.9691162109375, 197.86756896972656, -0.07093223184347153, 0.16202613711357117, 2.4364891052246094, 0.0, 0.0, 0.0]",
offline_OFF_20260930T174810_1790758090066374038_ei3wxeen,223,,,123456789000,4001264275024,receipt_only_no_header,,,shared_postprocessor,valid,1,1,,83,postprocessed,,robot_base,rotvec_rad,mm,N,432.6156005859375,469.4699401855469,198.31700134277344,-0.07195603847503662,0.1624825894832611,2.4387049674987793,0.0,0.0,0.0,,,prepared_not_sent,"[432.6156005859375, 469.4699401855469, 198.31700134277344, -0.07195603847503662, 0.1624825894832611, 2.4387049674987793, 0.0, 0.0, 0.0]",
offline_OFF_20260930T174810_1790758090066374038_ei3wxeen,224,,,123456789000,4001264277478,receipt_only_no_header,,,shared_postprocessor,valid,1,1,,84,postprocessed,,robot_base,rotvec_rad,mm,N,432.6365966796875,470.75494384765625,196.8988037109375,-0.0762457624077797,0.16629835963249207,2.43391752243042,0.0,0.0,0.0,,,prepared_not_sent,"[432.6365966796875, 470.75494384765625, 196.8988037109375, -0.0762457624077797, 0.16629835963249207, 2.43391752243042, 0.0, 0.0, 0.0]",
offline_OFF_20260930T174810_1790758090066374038_ei3wxeen,225,,,123456789000,4001264279873,receipt_only_no_header,,,shared_postprocessor,valid,1,1,,85,postprocessed,,robot_base,rotvec_rad,mm,N,433.8701171875,469.0831604003906,197.77767944335938,-0.07255104184150696,0.16547220945358276,2.4381072521209717,0.0,0.0,0.0,,,prepared_not_sent,"[433.8701171875, 469.0831604003906, 197.77767944335938, -0.07255104184150696, 0.16547220945358276, 2.4381072521209717, 0.0, 0.0, 0.0]",
offline_OFF_20260930T174810_1790758090066374038_ei3wxeen,226,,,123456789000,4001264282528,receipt_only_no_header,,,shared_postprocessor,valid,1,1,,86,postprocessed,,robot_base,rotvec_rad,mm,N,431.13262939453125,470.7182922363281,198.337646484375,-0.07051399350166321,0.16605380177497864,2.4408152103424072,0.0,0.0,0.0,,,prepared_not_sent,"[431.13262939453125, 470.7182922363281, 198.337646484375, -0.07051399350166321, 0.16605380177497864, 2.4408152103424072, 0.0, 0.0, 0.0]",
offline_OFF_20260930T174810_1790758090066374038_ei3wxeen,227,,,123456789000,4001264284973,receipt_only_no_header,,,shared_postprocessor,valid,1,1,,87,postprocessed,,robot_base,rotvec_rad,mm,N,428.52490234375,471.4010925292969,197.76785278320312,-0.06583615392446518,0.16901272535324097,2.438343048095703,0.0,0.0,0.0,,,prepared_not_sent,"[428.52490234375, 471.4010925292969, 197.76785278320312, -0.06583615392446518, 0.16901272535324097, 2.438343048095703, 0.0, 0.0, 0.0]",
offline_OFF_20260930T174810_1790758090066374038_ei3wxeen,228,,,123456789000,4001264287437,receipt_only_no_header,,,shared_postprocessor,valid,1,1,,88,postprocessed,,robot_base,rotvec_rad,mm,N,427.2362365722656,473.10955810546875,196.61807250976562,-0.07370814681053162,0.17213428020477295,2.437631130218506,0.0,0.0,0.0,,,prepared_not_sent,"[427.2362365722656, 473.10955810546875, 196.61807250976562, -0.07370814681053162, 0.17213428020477295, 2.437631130218506, 0.0, 0.0, 0.0]",
offline_OFF_20260930T174810_1790758090066374038_ei3wxeen,229,,,123456789000,4001264290032,receipt_only_no_header,,,shared_postprocessor,valid,1,1,,89,postprocessed,,robot_base,rotvec_rad,mm,N,426.9700927734375,472.9991455078125,197.068115234375,-0.0640447810292244,0.17598479986190796,2.4339797496795654,0.0,0.0,0.0,,,prepared_not_sent,"[426.9700927734375, 472.9991455078125, 197.068115234375, -0.0640447810292244, 0.17598479986190796, 2.4339797496795654, 0.0, 0.0, 0.0]",
offline_OFF_20260930T174810_1790758090066374038_ei3wxeen,230,,,123456789000,4001264292407,receipt_only_no_header,,,shared_postprocessor,valid,1,1,,90,postprocessed,,robot_base,rotvec_rad,mm,N,427.5807800292969,473.83135986328125,197.3843231201172,-0.05829010158777237,0.17465966939926147,2.439359188079834,0.0,0.0,0.0,,,prepared_not_sent,"[427.5807800292969, 473.83135986328125, 197.3843231201172, -0.05829010158777237, 0.17465966939926147, 2.439359188079834, 0.0, 0.0, 0.0]",
offline_OFF_20260930T174810_1790758090066374038_ei3wxeen,231,,,123456789000,4001264294892,receipt_only_no_header,,,shared_postprocessor,valid,1,1,,91,postprocessed,,robot_base,rotvec_rad,mm,N,423.76141357421875,473.67132568359375,196.73048400878906,-0.062281519174575806,0.1732926368713379,2.4356777667999268,0.0,0.0,0.0,,,prepared_not_sent,"[423.76141357421875, 473.67132568359375, 196.73048400878906, -0.062281519174575806, 0.1732926368713379, 2.4356777667999268, 0.0, 0.0, 0.0]",
offline_OFF_20260930T174810_1790758090066374038_ei3wxeen,232,,,123456789000,4001264297436,receipt_only_no_header,,,shared_postprocessor,valid,1,1,,92,postprocessed,,robot_base,rotvec_rad,mm,N,423.9320068359375,475.34130859375,196.50888061523438,-0.055716998875141144,0.17233100533485413,2.4395458698272705,0.0,0.0,0.0,,,prepared_not_sent,"[423.9320068359375, 475.34130859375, 196.50888061523438, -0.055716998875141144, 0.17233100533485413, 2.4395458698272705, 0.0, 0.0, 0.0]",
offline_OFF_20260930T174810_1790758090066374038_ei3wxeen,233,,,123456789000,4001264299891,receipt_only_no_header,,,shared_postprocessor,valid,1,1,,93,postprocessed,,robot_base,rotvec_rad,mm,N,422.48297119140625,476.33746337890625,196.14866638183594,-0.0536874458193779,0.1733706295490265,2.438624382019043,0.0,0.0,0.0,,,prepared_not_sent,"[422.48297119140625, 476.33746337890625, 196.14866638183594, -0.0536874458193779, 0.1733706295490265, 2.438624382019043, 0.0, 0.0, 0.0]",
offline_OFF_20260930T174810_1790758090066374038_ei3wxeen,234,,,123456789000,4001264302386,receipt_only_no_header,,,shared_postprocessor,valid,1,1,,94,postprocessed,,robot_base,rotvec_rad,mm,N,422.02044677734375,477.0491638183594,195.5489501953125,-0.05113793909549713,0.17191454768180847,2.436972141265869,0.0,0.0,0.0,,,prepared_not_sent,"[422.02044677734375, 477.0491638183594, 195.5489501953125, -0.05113793909549713, 0.17191454768180847, 2.436972141265869, 0.0, 0.0, 0.0]",
offline_OFF_20260930T174810_1790758090066374038_ei3wxeen,235,,,123456789000,4001264304710,receipt_only_no_header,,,shared_postprocessor,valid,1,1,,95,postprocessed,,robot_base,rotvec_rad,mm,N,421.478271484375,477.488037109375,195.8662872314453,-0.047313086688518524,0.17188674211502075,2.4390625953674316,0.0,0.0,0.0,,,prepared_not_sent,"[421.478271484375, 477.488037109375, 195.8662872314453, -0.047313086688518524, 0.17188674211502075, 2.4390625953674316, 0.0, 0.0, 0.0]",
offline_OFF_20260930T174810_1790758090066374038_ei3wxeen,236,,,123456789000,4001264307125,receipt_only_no_header,,,shared_postprocessor,valid,1,1,,96,postprocessed,,robot_base,rotvec_rad,mm,N,418.8885498046875,478.67791748046875,195.3542938232422,-0.04720081388950348,0.17114388942718506,2.4405784606933594,0.0,0.0,0.0,,,prepared_not_sent,"[418.8885498046875, 478.67791748046875, 195.3542938232422, -0.04720081388950348, 0.17114388942718506, 2.4405784606933594, 0.0, 0.0, 0.0]",
offline_OFF_20260930T174810_1790758090066374038_ei3wxeen,237,,,123456789000,4001264309800,receipt_only_no_header,,,shared_postprocessor,valid,1,1,,97,postprocessed,,robot_base,rotvec_rad,mm,N,419.43096923828125,479.9004821777344,195.16085815429688,-0.04152224212884903,0.17035886645317078,2.437574625015259,0.0,0.0,0.0,,,prepared_not_sent,"[419.43096923828125, 479.9004821777344, 195.16085815429688, -0.04152224212884903, 0.17035886645317078, 2.437574625015259, 0.0, 0.0, 0.0]",
offline_OFF_20260930T174810_1790758090066374038_ei3wxeen,238,,,123456789000,4001264312295,receipt_only_no_header,,,shared_postprocessor,valid,1,1,,98,postprocessed,,robot_base,rotvec_rad,mm,N,418.1336975097656,479.97552490234375,194.96791076660156,-0.041897326707839966,0.17083004117012024,2.440063714981079,0.0,0.0,0.0,,,prepared_not_sent,"[418.1336975097656, 479.97552490234375, 194.96791076660156, -0.041897326707839966, 0.17083004117012024, 2.440063714981079, 0.0, 0.0, 0.0]",
offline_OFF_20260930T174810_1790758090066374038_ei3wxeen,239,,,123456789000,4001264314840,receipt_only_no_header,,,shared_postprocessor,valid,1,1,,99,postprocessed,,robot_base,rotvec_rad,mm,N,417.952392578125,480.8221740722656,194.134521484375,-0.040482886135578156,0.17067813873291016,2.4391775131225586,0.0,0.0,0.0,,,prepared_not_sent,"[417.952392578125, 480.8221740722656, 194.134521484375, -0.040482886135578156, 0.17067813873291016, 2.4391775131225586, 0.0, 0.0, 0.0]",
offline_OFF_20260930T174810_1790758090066374038_ei3wxeen,240,,,123456789000,4001264317405,receipt_only_no_header,,,shared_postprocessor,valid,1,1,,100,postprocessed,,robot_base,rotvec_rad,mm,N,416.2965087890625,481.5363464355469,194.67041015625,-0.039686501026153564,0.16859710216522217,2.4428069591522217,0.0,0.0,0.0,,,prepared_not_sent,"[416.2965087890625, 481.5363464355469, 194.67041015625, -0.039686501026153564, 0.16859710216522217, 2.4428069591522217, 0.0, 0.0, 0.0]",
offline_OFF_20260930T174810_1790758090066374038_ei3wxeen,241,,,123456789000,4001264319839,receipt_only_no_header,,,shared_postprocessor,valid,1,1,,101,postprocessed,,robot_base,rotvec_rad,mm,N,415.312255859375,482.3765563964844,194.2290802001953,-0.03831002861261368,0.16920888423919678,2.4396955966949463,0.0,0.0,0.0,,,prepared_not_sent,"[415.312255859375, 482.3765563964844, 194.2290802001953, -0.03831002861261368, 0.16920888423919678, 2.4396955966949463, 0.0, 0.0, 0.0]",
offline_OFF_20260930T174810_1790758090066374038_ei3wxeen,242,,,123456789000,4001264322324,receipt_only_no_header,,,shared_postprocessor,valid,1,1,,102,postprocessed,,robot_base,rotvec_rad,mm,N,417.67730712890625,483.60919189453125,193.6585235595703,-0.03463256359100342,0.16570046544075012,2.440903663635254,0.0,0.0,0.0,,,prepared_not_sent,"[417.67730712890625, 483.60919189453125, 193.6585235595703, -0.03463256359100342, 0.16570046544075012, 2.440903663635254, 0.0, 0.0, 0.0]",
offline_OFF_20260930T174810_1790758090066374038_ei3wxeen,243,,,123456789000,4001264324729,receipt_only_no_header,,,shared_postprocessor,valid,1,1,,103,postprocessed,,robot_base,rotvec_rad,mm,N,416.20367431640625,483.6368408203125,193.5141143798828,-0.034170836210250854,0.16585305333137512,2.442570686340332,0.0,0.0,0.0,,,prepared_not_sent,"[416.20367431640625, 483.6368408203125, 193.5141143798828, -0.034170836210250854, 0.16585305333137512, 2.442570686340332, 0.0, 0.0, 0.0]",
offline_OFF_20260930T174810_1790758090066374038_ei3wxeen,244,,,123456789000,4001264327153,receipt_only_no_header,,,shared_postprocessor,valid,1,1,,104,postprocessed,,robot_base,rotvec_rad,mm,N,414.84783935546875,483.6123352050781,192.93960571289062,-0.03252032399177551,0.16432836651802063,2.4448838233947754,0.0,0.0,0.0,,,prepared_not_sent,"[414.84783935546875, 483.6123352050781, 192.93960571289062, -0.03252032399177551, 0.16432836651802063, 2.4448838233947754, 0.0, 0.0, 0.0]",
offline_OFF_20260930T174810_1790758090066374038_ei3wxeen,245,,,123456789000,4001264329568,receipt_only_no_header,,,shared_postprocessor,valid,1,1,,105,postprocessed,,robot_base,rotvec_rad,mm,N,416.382568359375,484.88372802734375,192.11500549316406,-0.03055468201637268,0.16325828433036804,2.4454710483551025,0.0,0.0,0.0,,,prepared_not_sent,"[416.382568359375, 484.88372802734375, 192.11500549316406, -0.03055468201637268, 0.16325828433036804, 2.4454710483551025, 0.0, 0.0, 0.0]",
offline_OFF_20260930T174810_1790758090066374038_ei3wxeen,246,,,123456789000,4001264332053,receipt_only_no_header,,,shared_postprocessor,valid,1,1,,106,postprocessed,,robot_base,rotvec_rad,mm,N,414.28582763671875,485.08013916015625,192.38662719726562,-0.030607908964157104,0.16730818152427673,2.4468204975128174,0.0,0.0,0.0,,,prepared_not_sent,"[414.28582763671875, 485.08013916015625, 192.38662719726562, -0.030607908964157104, 0.16730818152427673, 2.4468204975128174, 0.0, 0.0, 0.0]",
offline_OFF_20260930T174810_1790758090066374038_ei3wxeen,247,,,123456789000,4001264334497,receipt_only_no_header,,,shared_postprocessor,valid,1,1,,107,postprocessed,,robot_base,rotvec_rad,mm,N,415.1763000488281,485.2576599121094,192.2233123779297,-0.02962358295917511,0.16673544049263,2.4468274116516113,0.0,0.0,0.0,,,prepared_not_sent,"[415.1763000488281, 485.2576599121094, 192.2233123779297, -0.02962358295917511, 0.16673544049263, 2.4468274116516113, 0.0, 0.0, 0.0]",
offline_OFF_20260930T174810_1790758090066374038_ei3wxeen,248,,,123456789000,4001264336942,receipt_only_no_header,,,shared_postprocessor,valid,1,1,,108,postprocessed,,robot_base,rotvec_rad,mm,N,414.724609375,485.3519592285156,191.16030883789062,-0.028287634253501892,0.16637015342712402,2.453280448913574,0.0,0.0,0.0,,,prepared_not_sent,"[414.724609375, 485.3519592285156, 191.16030883789062, -0.028287634253501892, 0.16637015342712402, 2.453280448913574, 0.0, 0.0, 0.0]",
offline_OFF_20260930T174810_1790758090066374038_ei3wxeen,249,,,123456789000,4001264339367,receipt_only_no_header,,,shared_postprocessor,valid,1,1,,109,postprocessed,,robot_base,rotvec_rad,mm,N,413.8475341796875,487.4390869140625,190.89698791503906,-0.027595847845077515,0.1658335030078888,2.44950532913208,0.0,0.0,0.0,,,prepared_not_sent,"[413.8475341796875, 487.4390869140625, 190.89698791503906, -0.027595847845077515, 0.1658335030078888, 2.44950532913208, 0.0, 0.0, 0.0]",
offline_OFF_20260930T174810_1790758090066374038_ei3wxeen,250,,,123456789000,4001264341781,receipt_only_no_header,,,shared_postprocessor,valid,1,1,,110,postprocessed,,robot_base,rotvec_rad,mm,N,412.8707275390625,486.8507995605469,190.92893981933594,-0.0300217866897583,0.16939270496368408,2.4495980739593506,0.0,0.0,0.0,,,prepared_not_sent,"[412.8707275390625, 486.8507995605469, 190.92893981933594, -0.0300217866897583, 0.16939270496368408, 2.4495980739593506, 0.0, 0.0, 0.0]",
offline_OFF_20260930T174810_1790758090066374038_ei3wxeen,251,,,123456789000,4001264344276,receipt_only_no_header,,,shared_postprocessor,valid,1,1,,111,postprocessed,,robot_base,rotvec_rad,mm,N,413.2584228515625,487.1686706542969,190.35348510742188,-0.029844939708709717,0.16866588592529297,2.4496095180511475,0.0,0.0,0.0,,,prepared_not_sent,"[413.2584228515625, 487.1686706542969, 190.35348510742188, -0.029844939708709717, 0.16866588592529297, 2.4496095180511475, 0.0, 0.0, 0.0]",
offline_OFF_20260930T174810_1790758090066374038_ei3wxeen,252,,,123456789000,4001264346821,receipt_only_no_header,,,shared_postprocessor,valid,1,1,,112,postprocessed,,robot_base,rotvec_rad,mm,N,413.55218505859375,487.0757141113281,190.19564819335938,-0.031830593943595886,0.1686519980430603,2.452099323272705,0.0,0.0,0.0,,,prepared_not_sent,"[413.55218505859375, 487.0757141113281, 190.19564819335938, -0.031830593943595886, 0.1686519980430603, 2.452099323272705, 0.0, 0.0, 0.0]",
offline_OFF_20260930T174810_1790758090066374038_ei3wxeen,253,,,123456789000,4001264349215,receipt_only_no_header,,,shared_postprocessor,valid,1,1,,113,postprocessed,,robot_base,rotvec_rad,mm,N,411.89849853515625,487.5916442871094,189.73190307617188,-0.028994426131248474,0.17007192969322205,2.4501516819000244,0.0,0.0,0.0,,,prepared_not_sent,"[411.89849853515625, 487.5916442871094, 189.73190307617188, -0.028994426131248474, 0.17007192969322205, 2.4501516819000244, 0.0, 0.0, 0.0]",
offline_OFF_20260930T174810_1790758090066374038_ei3wxeen,254,,,123456789000,4001264351680,receipt_only_no_header,,,shared_postprocessor,valid,1,1,,114,postprocessed,,robot_base,rotvec_rad,mm,N,412.7310791015625,487.6337890625,190.17459106445312,-0.03047233819961548,0.17093494534492493,2.451218605041504,0.0,0.0,0.0,,,prepared_not_sent,"[412.7310791015625, 487.6337890625, 190.17459106445312, -0.03047233819961548, 0.17093494534492493, 2.451218605041504, 0.0, 0.0, 0.0]",
offline_OFF_20260930T174810_1790758090066374038_ei3wxeen,255,,,123456789000,4001264354025,receipt_only_no_header,,,shared_postprocessor,valid,1,1,,115,postprocessed,,robot_base,rotvec_rad,mm,N,411.1981201171875,487.4011535644531,189.59596252441406,-0.02990323305130005,0.17126348614692688,2.4472951889038086,0.0,0.0,0.0,,,prepared_not_sent,"[411.1981201171875, 487.4011535644531, 189.59596252441406, -0.02990323305130005, 0.17126348614692688, 2.4472951889038086, 0.0, 0.0, 0.0]",
offline_OFF_20260930T174810_1790758090066374038_ei3wxeen,256,,,123456789000,4001264356429,receipt_only_no_header,,,shared_postprocessor,valid,1,1,,116,postprocessed,,robot_base,rotvec_rad,mm,N,411.40521240234375,488.35650634765625,188.90809631347656,-0.0293751060962677,0.17270314693450928,2.444748878479004,0.0,0.0,0.0,,,prepared_not_sent,"[411.40521240234375, 488.35650634765625, 188.90809631347656, -0.0293751060962677, 0.17270314693450928, 2.444748878479004, 0.0, 0.0, 0.0]",
offline_OFF_20260930T174810_1790758090066374038_ei3wxeen,257,,,123456789000,4001264358974,receipt_only_no_header,,,shared_postprocessor,valid,1,1,,117,postprocessed,,robot_base,rotvec_rad,mm,N,413.28338623046875,487.9413757324219,188.85093688964844,-0.025185227394104004,0.1708606481552124,2.444704055786133,0.0,0.0,0.0,,,prepared_not_sent,"[413.28338623046875, 487.9413757324219, 188.85093688964844, -0.025185227394104004, 0.1708606481552124, 2.444704055786133, 0.0, 0.0, 0.0]",
offline_OFF_20260930T174810_1790758090066374038_ei3wxeen,258,,,123456789000,4001264361589,receipt_only_no_header,,,shared_postprocessor,valid,1,1,,118,postprocessed,,robot_base,rotvec_rad,mm,N,412.5748291015625,487.9916076660156,188.3552703857422,-0.026315122842788696,0.17216593027114868,2.44663405418396,0.0,0.0,0.0,,,prepared_not_sent,"[412.5748291015625, 487.9916076660156, 188.3552703857422, -0.026315122842788696, 0.17216593027114868, 2.44663405418396, 0.0, 0.0, 0.0]",
offline_OFF_20260930T174810_1790758090066374038_ei3wxeen,259,,,123456789000,4001264364154,receipt_only_no_header,,,shared_postprocessor,valid,1,1,,119,postprocessed,,robot_base,rotvec_rad,mm,N,412.206787109375,488.5665283203125,188.1361083984375,-0.027712106704711914,0.17168045043945312,2.440446615219116,0.0,0.0,0.0,,,prepared_not_sent,"[412.206787109375, 488.5665283203125, 188.1361083984375, -0.027712106704711914, 0.17168045043945312, 2.440446615219116, 0.0, 0.0, 0.0]",
offline_OFF_20260930T174810_1790758090066374038_ei3wxeen,260,,,123456789000,4001264366619,receipt_only_no_header,,,shared_postprocessor,valid,1,1,,120,postprocessed,,robot_base,rotvec_rad,mm,N,413.0482177734375,488.10711669921875,187.9602813720703,-0.02639158070087433,0.1722838580608368,2.4400594234466553,0.0,0.0,0.0,,,prepared_not_sent,"[413.0482177734375, 488.10711669921875, 187.9602813720703, -0.02639158070087433, 0.1722838580608368, 2.4400594234466553, 0.0, 0.0, 0.0]",
offline_OFF_20260930T174810_1790758090066374038_ei3wxeen,261,,,123456789000,4001264369114,receipt_only_no_header,,,shared_postprocessor,valid,1,1,,121,postprocessed,,robot_base,rotvec_rad,mm,N,413.94305419921875,488.6339111328125,186.6100311279297,-0.025545254349708557,0.17230525612831116,2.438964605331421,0.0,0.0,0.0,,,prepared_not_sent,"[413.94305419921875, 488.6339111328125, 186.6100311279297, -0.025545254349708557, 0.17230525612831116, 2.438964605331421, 0.0, 0.0, 0.0]",
offline_OFF_20260930T174810_1790758090066374038_ei3wxeen,262,,,123456789000,4001264371628,receipt_only_no_header,,,shared_postprocessor,valid,1,1,,122,postprocessed,,robot_base,rotvec_rad,mm,N,411.9290466308594,488.6744384765625,187.71287536621094,-0.028420105576515198,0.17361241579055786,2.438973903656006,0.0,0.0,0.0,,,prepared_not_sent,"[411.9290466308594, 488.6744384765625, 187.71287536621094, -0.028420105576515198, 0.17361241579055786, 2.438973903656006, 0.0, 0.0, 0.0]",
offline_OFF_20260930T174810_1790758090066374038_ei3wxeen,263,,,123456789000,4001264374053,receipt_only_no_header,,,shared_postprocessor,valid,1,1,,123,postprocessed,,robot_base,rotvec_rad,mm,N,413.16058349609375,488.5509338378906,186.978759765625,-0.026967525482177734,0.17328888177871704,2.4344706535339355,0.0,0.0,0.0,,,prepared_not_sent,"[413.16058349609375, 488.5509338378906, 186.978759765625, -0.026967525482177734, 0.17328888177871704, 2.4344706535339355, 0.0, 0.0, 0.0]",
offline_OFF_20260930T174810_1790758090066374038_ei3wxeen,264,,,123456789000,4001264376508,receipt_only_no_header,,,shared_postprocessor,valid,1,1,,124,postprocessed,,robot_base,rotvec_rad,mm,N,410.948974609375,488.772705078125,186.24281311035156,-0.02572387456893921,0.17013493180274963,2.437537431716919,0.0,0.0,0.0,,,prepared_not_sent,"[410.948974609375, 488.772705078125, 186.24281311035156, -0.02572387456893921, 0.17013493180274963, 2.437537431716919, 0.0, 0.0, 0.0]",
offline_OFF_20260930T174810_1790758090066374038_ei3wxeen,265,,,123456789000,4001264378882,receipt_only_no_header,,,shared_postprocessor,valid,1,1,,125,postprocessed,,robot_base,rotvec_rad,mm,N,412.43145751953125,489.4324951171875,186.22462463378906,-0.025720641016960144,0.17213928699493408,2.4346673488616943,0.0,0.0,0.0,,,prepared_not_sent,"[412.43145751953125, 489.4324951171875, 186.22462463378906, -0.025720641016960144, 0.17213928699493408, 2.4346673488616943, 0.0, 0.0, 0.0]",
offline_OFF_20260930T174810_1790758090066374038_ei3wxeen,266,,,123456789000,4001264381347,receipt_only_no_header,,,shared_postprocessor,valid,1,1,,126,postprocessed,,robot_base,rotvec_rad,mm,N,412.3045654296875,489.9339599609375,186.1109161376953,-0.02506999671459198,0.1693941354751587,2.421623706817627,0.0,0.0,0.0,,,prepared_not_sent,"[412.3045654296875, 489.9339599609375, 186.1109161376953, -0.02506999671459198, 0.1693941354751587, 2.421623706817627, 0.0, 0.0, 0.0]",
offline_OFF_20260930T174810_1790758090066374038_ei3wxeen,267,,,123456789000,4001264383822,receipt_only_no_header,,,shared_postprocessor,valid,1,1,,127,postprocessed,,robot_base,rotvec_rad,mm,N,413.0845642089844,488.1839599609375,185.93728637695312,-0.02385576069355011,0.17112186551094055,2.4247488975524902,0.0,0.0,0.0,,,prepared_not_sent,"[413.0845642089844, 488.1839599609375, 185.93728637695312, -0.02385576069355011, 0.17112186551094055, 2.4247488975524902, 0.0, 0.0, 0.0]",
