run_id,logger_seq,source_seq,source_stamp_ns,receipt_ros_ns,receipt_monotonic_ns,stamp_basis,source_clock,frame_id,source,validity,inference_id,plan_id,command_id,action_index,command_stage,command_mode,semantic_frame,orientation_unit,position_unit,force_unit,x,y,z,rx,ry,rz,fx,fy,fz,limited,limiting_reason,execution_status,raw_values,details
offline_ON_20260930T174818_1790758098906168479_uvwi70ar,10,,,123456789000,4010038756520,receipt_only_no_header,,,denormalized_policy_prediction,valid,1,1,,0,policy_prediction,,stain_relative_xy_base_z,rotvec_rad,mm,N,6.76812744140625,5.428089141845703,171.3844451904297,0.022906601428985596,0.13082849979400635,2.5068981647491455,-6.098186016082764,5.413106441497803,6.903299808502197,,,prediction_only_not_sent,"[6.76812744140625, 5.428089141845703, 171.3844451904297, 0.022906601428985596, 0.13082849979400635, 2.5068981647491455, -6.098186016082764, 5.413106441497803, 6.903299808502197]","{""predicted_force"": [-6.098186016082764, 5.413106441497803, 6.903299808502197], ""force_status"": ""policy_prediction""}"
offline_ON_20260930T174818_1790758098906168479_uvwi70ar,11,,,123456789000,4010038756520,receipt_only_no_header,,,denormalized_policy_prediction,valid,1,1,,1,policy_prediction,,stain_relative_xy_base_z,rotvec_rad,mm,N,7.955535888671875,5.630481719970703,170.84791564941406,0.021337047219276428,0.12885841727256775,2.506932497024536,-6.085577011108398,5.651788234710693,7.592296123504639,,,prediction_only_not_sent,"[7.955535888671875, 5.630481719970703, 170.84791564941406, 0.021337047219276428, 0.12885841727256775, 2.506932497024536, -6.085577011108398, 5.651788234710693, 7.592296123504639]","{""predicted_force"": [-6.085577011108398, 5.651788234710693, 7.592296123504639], ""force_status"": ""policy_prediction""}"
offline_ON_20260930T174818_1790758098906168479_uvwi70ar,12,,,123456789000,4010038756520,receipt_only_no_header,,,denormalized_policy_prediction,valid,1,1,,2,policy_prediction,,stain_relative_xy_base_z,rotvec_rad,mm,N,4.998809814453125,4.5696258544921875,170.52369689941406,0.027131065726280212,0.13105642795562744,2.4982423782348633,-5.910921573638916,5.37556791305542,7.324015140533447,,,prediction_only_not_sent,"[4.998809814453125, 4.5696258544921875, 170.52369689941406, 0.027131065726280212, 0.13105642795562744, 2.4982423782348633, -5.910921573638916, 5.37556791305542, 7.324015140533447]","{""predicted_force"": [-5.910921573638916, 5.37556791305542, 7.324015140533447], ""force_status"": ""policy_prediction""}"
offline_ON_20260930T174818_1790758098906168479_uvwi70ar,13,,,123456789000,4010038756520,receipt_only_no_header,,,denormalized_policy_prediction,valid,1,1,,3,policy_prediction,,stain_relative_xy_base_z,rotvec_rad,mm,N,5.0896759033203125,3.7909202575683594,169.7826385498047,0.01960885524749756,0.13154330849647522,2.5080461502075195,-5.745269775390625,5.4650654792785645,7.833779811859131,,,prediction_only_not_sent,"[5.0896759033203125, 3.7909202575683594, 169.7826385498047, 0.01960885524749756, 0.13154330849647522, 2.5080461502075195, -5.745269775390625, 5.4650654792785645, 7.833779811859131]","{""predicted_force"": [-5.745269775390625, 5.4650654792785645, 7.833779811859131], ""force_status"": ""policy_prediction""}"
offline_ON_20260930T174818_1790758098906168479_uvwi70ar,14,,,123456789000,4010038756520,receipt_only_no_header,,,denormalized_policy_prediction,valid,1,1,,4,policy_prediction,,stain_relative_xy_base_z,rotvec_rad,mm,N,6.040130615234375,5.150745391845703,170.2341766357422,0.024436771869659424,0.1276441216468811,2.5054032802581787,-5.797666549682617,5.337866306304932,8.389419555664062,,,prediction_only_not_sent,"[6.040130615234375, 5.150745391845703, 170.2341766357422, 0.024436771869659424, 0.1276441216468811, 2.5054032802581787, -5.797666549682617, 5.337866306304932, 8.389419555664062]","{""predicted_force"": [-5.797666549682617, 5.337866306304932, 8.389419555664062], ""force_status"": ""policy_prediction""}"
offline_ON_20260930T174818_1790758098906168479_uvwi70ar,15,,,123456789000,4010038756520,receipt_only_no_header,,,denormalized_policy_prediction,valid,1,1,,5,policy_prediction,,stain_relative_xy_base_z,rotvec_rad,mm,N,4.7879486083984375,5.724720001220703,170.6356964111328,0.025575339794158936,0.12496671825647354,2.503749370574951,-5.850114822387695,5.710394382476807,9.293712615966797,,,prediction_only_not_sent,"[4.7879486083984375, 5.724720001220703, 170.6356964111328, 0.025575339794158936, 0.12496671825647354, 2.503749370574951, -5.850114822387695, 5.710394382476807, 9.293712615966797]","{""predicted_force"": [-5.850114822387695, 5.710394382476807, 9.293712615966797], ""force_status"": ""policy_prediction""}"
offline_ON_20260930T174818_1790758098906168479_uvwi70ar,16,,,123456789000,4010038756520,receipt_only_no_header,,,denormalized_policy_prediction,valid,1,1,,6,policy_prediction,,stain_relative_xy_base_z,rotvec_rad,mm,N,6.7316436767578125,4.96221923828125,170.6499481201172,0.02336585521697998,0.12377425283193588,2.4982948303222656,-5.5474324226379395,5.812973499298096,8.795583724975586,,,prediction_only_not_sent,"[6.7316436767578125, 4.96221923828125, 170.6499481201172, 0.02336585521697998, 0.12377425283193588, 2.4982948303222656, -5.5474324226379395, 5.812973499298096, 8.795583724975586]","{""predicted_force"": [-5.5474324226379395, 5.812973499298096, 8.795583724975586], ""force_status"": ""policy_prediction""}"
offline_ON_20260930T174818_1790758098906168479_uvwi70ar,17,,,123456789000,4010038756520,receipt_only_no_header,,,denormalized_policy_prediction,valid,1,1,,7,policy_prediction,,stain_relative_xy_base_z,rotvec_rad,mm,N,9.242340087890625,4.460033416748047,169.6272735595703,0.022335156798362732,0.12285936623811722,2.5096495151519775,-5.94234561920166,5.650104999542236,9.611089706420898,,,prediction_only_not_sent,"[9.242340087890625, 4.460033416748047, 169.6272735595703, 0.022335156798362732, 0.12285936623811722, 2.5096495151519775, -5.94234561920166, 5.650104999542236, 9.611089706420898]","{""predicted_force"": [-5.94234561920166, 5.650104999542236, 9.611089706420898], ""force_status"": ""policy_prediction""}"
offline_ON_20260930T174818_1790758098906168479_uvwi70ar,18,,,123456789000,4010038756520,receipt_only_no_header,,,denormalized_policy_prediction,valid,1,1,,8,policy_prediction,,stain_relative_xy_base_z,rotvec_rad,mm,N,10.386245727539062,4.256656646728516,170.21371459960938,0.02829645574092865,0.12671050429344177,2.502244472503662,-5.489047527313232,5.378774166107178,10.175313949584961,,,prediction_only_not_sent,"[10.386245727539062, 4.256656646728516, 170.21371459960938, 0.02829645574092865, 0.12671050429344177, 2.502244472503662, -5.489047527313232, 5.378774166107178, 10.175313949584961]","{""predicted_force"": [-5.489047527313232, 5.378774166107178, 10.175313949584961], ""force_status"": ""policy_prediction""}"
offline_ON_20260930T174818_1790758098906168479_uvwi70ar,19,,,123456789000,4010038756520,receipt_only_no_header,,,denormalized_policy_prediction,valid,1,1,,9,policy_prediction,,stain_relative_xy_base_z,rotvec_rad,mm,N,6.8433074951171875,4.298534393310547,169.84722900390625,0.024116411805152893,0.12430324405431747,2.502408742904663,-5.500251293182373,5.680795192718506,10.1517333984375,,,prediction_only_not_sent,"[6.8433074951171875, 4.298534393310547, 169.84722900390625, 0.024116411805152893, 0.12430324405431747, 2.502408742904663, -5.500251293182373, 5.680795192718506, 10.1517333984375]","{""predicted_force"": [-5.500251293182373, 5.680795192718506, 10.1517333984375], ""force_status"": ""policy_prediction""}"
offline_ON_20260930T174818_1790758098906168479_uvwi70ar,20,,,123456789000,4010038756520,receipt_only_no_header,,,denormalized_policy_prediction,valid,1,1,,10,policy_prediction,,stain_relative_xy_base_z,rotvec_rad,mm,N,11.441162109375,3.661773681640625,170.69224548339844,0.029895126819610596,0.12423514574766159,2.5029869079589844,-5.640345573425293,5.725905895233154,10.914590835571289,,,prediction_only_not_sent,"[11.441162109375, 3.661773681640625, 170.69224548339844, 0.029895126819610596, 0.12423514574766159, 2.5029869079589844, -5.640345573425293, 5.725905895233154, 10.914590835571289]","{""predicted_force"": [-5.640345573425293, 5.725905895233154, 10.914590835571289], ""force_status"": ""policy_prediction""}"
offline_ON_20260930T174818_1790758098906168479_uvwi70ar,21,,,123456789000,4010038756520,receipt_only_no_header,,,denormalized_policy_prediction,valid,1,1,,11,policy_prediction,,stain_relative_xy_base_z,rotvec_rad,mm,N,8.107086181640625,5.477825164794922,170.79490661621094,0.028213515877723694,0.123887799680233,2.505345344543457,-5.474649906158447,5.59186315536499,11.275714874267578,,,prediction_only_not_sent,"[8.107086181640625, 5.477825164794922, 170.79490661621094, 0.028213515877723694, 0.123887799680233, 2.505345344543457, -5.474649906158447, 5.59186315536499, 11.275714874267578]","{""predicted_force"": [-5.474649906158447, 5.59186315536499, 11.275714874267578], ""force_status"": ""policy_prediction""}"
offline_ON_20260930T174818_1790758098906168479_uvwi70ar,22,,,123456789000,4010038756520,receipt_only_no_header,,,denormalized_policy_prediction,valid,1,1,,12,policy_prediction,,stain_relative_xy_base_z,rotvec_rad,mm,N,9.148513793945312,4.482475280761719,169.18470764160156,0.028670981526374817,0.12523627281188965,2.512500286102295,-5.364087104797363,5.435618877410889,11.172677993774414,,,prediction_only_not_sent,"[9.148513793945312, 4.482475280761719, 169.18470764160156, 0.028670981526374817, 0.12523627281188965, 2.512500286102295, -5.364087104797363, 5.435618877410889, 11.172677993774414]","{""predicted_force"": [-5.364087104797363, 5.435618877410889, 11.172677993774414], ""force_status"": ""policy_prediction""}"
offline_ON_20260930T174818_1790758098906168479_uvwi70ar,23,,,123456789000,4010038756520,receipt_only_no_header,,,denormalized_policy_prediction,valid,1,1,,13,policy_prediction,,stain_relative_xy_base_z,rotvec_rad,mm,N,9.215576171875,4.144008636474609,169.97073364257812,0.030087918043136597,0.12480532377958298,2.5004520416259766,-5.253202438354492,5.535022258758545,11.425298690795898,,,prediction_only_not_sent,"[9.215576171875, 4.144008636474609, 169.97073364257812, 0.030087918043136597, 0.12480532377958298, 2.5004520416259766, -5.253202438354492, 5.535022258758545, 11.425298690795898]","{""predicted_force"": [-5.253202438354492, 5.535022258758545, 11.425298690795898], ""force_status"": ""policy_prediction""}"
offline_ON_20260930T174818_1790758098906168479_uvwi70ar,24,,,123456789000,4010038756520,receipt_only_no_header,,,denormalized_policy_prediction,valid,1,1,,14,policy_prediction,,stain_relative_xy_base_z,rotvec_rad,mm,N,7.4200439453125,2.2083396911621094,170.5685577392578,0.028943181037902832,0.12549838423728943,2.5038840770721436,-5.3686113357543945,5.45906400680542,11.68801498413086,,,prediction_only_not_sent,"[7.4200439453125, 2.2083396911621094, 170.5685577392578, 0.028943181037902832, 0.12549838423728943, 2.5038840770721436, -5.3686113357543945, 5.45906400680542, 11.68801498413086]","{""predicted_force"": [-5.3686113357543945, 5.45906400680542, 11.68801498413086], ""force_status"": ""policy_prediction""}"
offline_ON_20260930T174818_1790758098906168479_uvwi70ar,25,,,123456789000,4010038756520,receipt_only_no_header,,,denormalized_policy_prediction,valid,1,1,,15,policy_prediction,,stain_relative_xy_base_z,rotvec_rad,mm,N,11.308822631835938,3.4639739990234375,169.94522094726562,0.03028140962123871,0.1270357072353363,2.5044703483581543,-5.122109413146973,5.605423450469971,12.313838958740234,,,prediction_only_not_sent,"[11.308822631835938, 3.4639739990234375, 169.94522094726562, 0.03028140962123871, 0.1270357072353363, 2.5044703483581543, -5.122109413146973, 5.605423450469971, 12.313838958740234]","{""predicted_force"": [-5.122109413146973, 5.605423450469971, 12.313838958740234], ""force_status"": ""policy_prediction""}"
offline_ON_20260930T174818_1790758098906168479_uvwi70ar,26,,,123456789000,4010038756520,receipt_only_no_header,,,denormalized_policy_prediction,valid,1,1,,16,policy_prediction,,stain_relative_xy_base_z,rotvec_rad,mm,N,9.897140502929688,3.262603759765625,169.78594970703125,0.02672313153743744,0.12330230325460434,2.5047974586486816,-5.189789772033691,5.589226245880127,12.526355743408203,,,prediction_only_not_sent,"[9.897140502929688, 3.262603759765625, 169.78594970703125, 0.02672313153743744, 0.12330230325460434, 2.5047974586486816, -5.189789772033691, 5.589226245880127, 12.526355743408203]","{""predicted_force"": [-5.189789772033691, 5.589226245880127, 12.526355743408203], ""force_status"": ""policy_prediction""}"
offline_ON_20260930T174818_1790758098906168479_uvwi70ar,27,,,123456789000,4010038756520,receipt_only_no_header,,,denormalized_policy_prediction,valid,1,1,,17,policy_prediction,,stain_relative_xy_base_z,rotvec_rad,mm,N,11.59844970703125,4.6703033447265625,169.650634765625,0.031158849596977234,0.12327823787927628,2.503929615020752,-5.306157112121582,5.343869686126709,13.07242202758789,,,prediction_only_not_sent,"[11.59844970703125, 4.6703033447265625, 169.650634765625, 0.031158849596977234, 0.12327823787927628, 2.503929615020752, -5.306157112121582, 5.343869686126709, 13.07242202758789]","{""predicted_force"": [-5.306157112121582, 5.343869686126709, 13.07242202758789], ""force_status"": ""policy_prediction""}"
offline_ON_20260930T174818_1790758098906168479_uvwi70ar,28,,,123456789000,4010038756520,receipt_only_no_header,,,denormalized_policy_prediction,valid,1,1,,18,policy_prediction,,stain_relative_xy_base_z,rotvec_rad,mm,N,9.281036376953125,2.8784141540527344,169.3045196533203,0.032166898250579834,0.1226545050740242,2.5029568672180176,-5.299725532531738,5.5302557945251465,13.110342025756836,,,prediction_only_not_sent,"[9.281036376953125, 2.8784141540527344, 169.3045196533203, 0.032166898250579834, 0.1226545050740242, 2.5029568672180176, -5.299725532531738, 5.5302557945251465, 13.110342025756836]","{""predicted_force"": [-5.299725532531738, 5.5302557945251465, 13.110342025756836], ""force_status"": ""policy_prediction""}"
offline_ON_20260930T174818_1790758098906168479_uvwi70ar,29,,,123456789000,4010038756520,receipt_only_no_header,,,denormalized_policy_prediction,valid,1,1,,19,policy_prediction,,stain_relative_xy_base_z,rotvec_rad,mm,N,10.175033569335938,3.003143310546875,170.77322387695312,0.03083096444606781,0.12688085436820984,2.5054006576538086,-5.186663627624512,5.908806324005127,13.108745574951172,,,prediction_only_not_sent,"[10.175033569335938, 3.003143310546875, 170.77322387695312, 0.03083096444606781, 0.12688085436820984, 2.5054006576538086, -5.186663627624512, 5.908806324005127, 13.108745574951172]","{""predicted_force"": [-5.186663627624512, 5.908806324005127, 13.108745574951172], ""force_status"": ""policy_prediction""}"
offline_ON_20260930T174818_1790758098906168479_uvwi70ar,30,,,123456789000,4010038756520,receipt_only_no_header,,,denormalized_policy_prediction,valid,1,1,,20,policy_prediction,,stain_relative_xy_base_z,rotvec_rad,mm,N,9.048751831054688,2.742870330810547,169.411865234375,0.02986784279346466,0.12500184774398804,2.509371042251587,-5.416359901428223,5.584498882293701,12.951337814331055,,,prediction_only_not_sent,"[9.048751831054688, 2.742870330810547, 169.411865234375, 0.02986784279346466, 0.12500184774398804, 2.509371042251587, -5.416359901428223, 5.584498882293701, 12.951337814331055]","{""predicted_force"": [-5.416359901428223, 5.584498882293701, 12.951337814331055], ""force_status"": ""policy_prediction""}"
offline_ON_20260930T174818_1790758098906168479_uvwi70ar,31,,,123456789000,4010038756520,receipt_only_no_header,,,denormalized_policy_prediction,valid,1,1,,21,policy_prediction,,stain_relative_xy_base_z,rotvec_rad,mm,N,12.396621704101562,3.1739730834960938,170.82257080078125,0.033874571323394775,0.1236419603228569,2.505216121673584,-5.154091835021973,5.509547710418701,13.05837631225586,,,prediction_only_not_sent,"[12.396621704101562, 3.1739730834960938, 170.82257080078125, 0.033874571323394775, 0.1236419603228569, 2.505216121673584, -5.154091835021973, 5.509547710418701, 13.05837631225586]","{""predicted_force"": [-5.154091835021973, 5.509547710418701, 13.05837631225586], ""force_status"": ""policy_prediction""}"
offline_ON_20260930T174818_1790758098906168479_uvwi70ar,32,,,123456789000,4010038756520,receipt_only_no_header,,,denormalized_policy_prediction,valid,1,1,,22,policy_prediction,,stain_relative_xy_base_z,rotvec_rad,mm,N,11.351226806640625,1.5404815673828125,170.4311981201172,0.03474719822406769,0.12415801733732224,2.5036098957061768,-5.194662094116211,5.773316860198975,13.102546691894531,,,prediction_only_not_sent,"[11.351226806640625, 1.5404815673828125, 170.4311981201172, 0.03474719822406769, 0.12415801733732224, 2.5036098957061768, -5.194662094116211, 5.773316860198975, 13.102546691894531]","{""predicted_force"": [-5.194662094116211, 5.773316860198975, 13.102546691894531], ""force_status"": ""policy_prediction""}"
offline_ON_20260930T174818_1790758098906168479_uvwi70ar,33,,,123456789000,4010038756520,receipt_only_no_header,,,denormalized_policy_prediction,valid,1,1,,23,policy_prediction,,stain_relative_xy_base_z,rotvec_rad,mm,N,13.314971923828125,1.6815834045410156,170.11538696289062,0.030140548944473267,0.12404235452413559,2.509925603866577,-5.353087425231934,5.661637783050537,13.526371002197266,,,prediction_only_not_sent,"[13.314971923828125, 1.6815834045410156, 170.11538696289062, 0.030140548944473267, 0.12404235452413559, 2.509925603866577, -5.353087425231934, 5.661637783050537, 13.526371002197266]","{""predicted_force"": [-5.353087425231934, 5.661637783050537, 13.526371002197266], ""force_status"": ""policy_prediction""}"
offline_ON_20260930T174818_1790758098906168479_uvwi70ar,34,,,123456789000,4010038756520,receipt_only_no_header,,,denormalized_policy_prediction,valid,1,1,,24,policy_prediction,,stain_relative_xy_base_z,rotvec_rad,mm,N,9.555435180664062,1.4140586853027344,170.97348022460938,0.032982707023620605,0.12505200505256653,2.5087761878967285,-5.081019401550293,5.5744099617004395,13.243387222290039,,,prediction_only_not_sent,"[9.555435180664062, 1.4140586853027344, 170.97348022460938, 0.032982707023620605, 0.12505200505256653, 2.5087761878967285, -5.081019401550293, 5.5744099617004395, 13.243387222290039]","{""predicted_force"": [-5.081019401550293, 5.5744099617004395, 13.243387222290039], ""force_status"": ""policy_prediction""}"
offline_ON_20260930T174818_1790758098906168479_uvwi70ar,35,,,123456789000,4010038756520,receipt_only_no_header,,,denormalized_policy_prediction,valid,1,1,,25,policy_prediction,,stain_relative_xy_base_z,rotvec_rad,mm,N,8.730255126953125,1.8303146362304688,170.265380859375,0.03492008149623871,0.12421447783708572,2.5099854469299316,-5.115630149841309,5.600155353546143,13.236263275146484,,,prediction_only_not_sent,"[8.730255126953125, 1.8303146362304688, 170.265380859375, 0.03492008149623871, 0.12421447783708572, 2.5099854469299316, -5.115630149841309, 5.600155353546143, 13.236263275146484]","{""predicted_force"": [-5.115630149841309, 5.600155353546143, 13.236263275146484], ""force_status"": ""policy_prediction""}"
offline_ON_20260930T174818_1790758098906168479_uvwi70ar,36,,,123456789000,4010038756520,receipt_only_no_header,,,denormalized_policy_prediction,valid,1,1,,26,policy_prediction,,stain_relative_xy_base_z,rotvec_rad,mm,N,13.03265380859375,1.2648544311523438,171.30995178222656,0.031009957194328308,0.12323542684316635,2.513279914855957,-5.033020973205566,5.9002203941345215,12.986932754516602,,,prediction_only_not_sent,"[13.03265380859375, 1.2648544311523438, 171.30995178222656, 0.031009957194328308, 0.12323542684316635, 2.513279914855957, -5.033020973205566, 5.9002203941345215, 12.986932754516602]","{""predicted_force"": [-5.033020973205566, 5.9002203941345215, 12.986932754516602], ""force_status"": ""policy_prediction""}"
offline_ON_20260930T174818_1790758098906168479_uvwi70ar,37,,,123456789000,4010038756520,receipt_only_no_header,,,denormalized_policy_prediction,valid,1,1,,27,policy_prediction,,stain_relative_xy_base_z,rotvec_rad,mm,N,13.933380126953125,1.1418876647949219,170.4120330810547,0.03227926790714264,0.12659338116645813,2.505514144897461,-5.33882999420166,5.479014873504639,13.350870132446289,,,prediction_only_not_sent,"[13.933380126953125, 1.1418876647949219, 170.4120330810547, 0.03227926790714264, 0.12659338116645813, 2.505514144897461, -5.33882999420166, 5.479014873504639, 13.350870132446289]","{""predicted_force"": [-5.33882999420166, 5.479014873504639, 13.350870132446289], ""force_status"": ""policy_prediction""}"
offline_ON_20260930T174818_1790758098906168479_uvwi70ar,38,,,123456789000,4010038756520,receipt_only_no_header,,,denormalized_policy_prediction,valid,1,1,,28,policy_prediction,,stain_relative_xy_base_z,rotvec_rad,mm,N,13.548690795898438,1.584197998046875,169.40135192871094,0.034380123019218445,0.12675559520721436,2.510298728942871,-5.139527320861816,5.6287922859191895,13.1104736328125,,,prediction_only_not_sent,"[13.548690795898438, 1.584197998046875, 169.40135192871094, 0.034380123019218445, 0.12675559520721436, 2.510298728942871, -5.139527320861816, 5.6287922859191895, 13.1104736328125]","{""predicted_force"": [-5.139527320861816, 5.6287922859191895, 13.1104736328125], ""force_status"": ""policy_prediction""}"
offline_ON_20260930T174818_1790758098906168479_uvwi70ar,39,,,123456789000,4010038756520,receipt_only_no_header,,,denormalized_policy_prediction,valid,1,1,,29,policy_prediction,,stain_relative_xy_base_z,rotvec_rad,mm,N,14.793701171875,2.2679367065429688,170.41497802734375,0.035076841711997986,0.12407606095075607,2.5047073364257812,-5.208399772644043,5.6709065437316895,13.796649932861328,,,prediction_only_not_sent,"[14.793701171875, 2.2679367065429688, 170.41497802734375, 0.035076841711997986, 0.12407606095075607, 2.5047073364257812, -5.208399772644043, 5.6709065437316895, 13.796649932861328]","{""predicted_force"": [-5.208399772644043, 5.6709065437316895, 13.796649932861328], ""force_status"": ""policy_prediction""}"
offline_ON_20260930T174818_1790758098906168479_uvwi70ar,40,,,123456789000,4010038756520,receipt_only_no_header,,,denormalized_policy_prediction,valid,1,1,,30,policy_prediction,,stain_relative_xy_base_z,rotvec_rad,mm,N,9.983367919921875,0.19176101684570312,170.58836364746094,0.033346936106681824,0.12451352924108505,2.5058414936065674,-5.033411026000977,5.483653545379639,13.426998138427734,,,prediction_only_not_sent,"[9.983367919921875, 0.19176101684570312, 170.58836364746094, 0.033346936106681824, 0.12451352924108505, 2.5058414936065674, -5.033411026000977, 5.483653545379639, 13.426998138427734]","{""predicted_force"": [-5.033411026000977, 5.483653545379639, 13.426998138427734], ""force_status"": ""policy_prediction""}"
offline_ON_20260930T174818_1790758098906168479_uvwi70ar,41,,,123456789000,4010038756520,receipt_only_no_header,,,denormalized_policy_prediction,valid,1,1,,31,policy_prediction,,stain_relative_xy_base_z,rotvec_rad,mm,N,13.80145263671875,1.9512176513671875,169.59954833984375,0.03311316668987274,0.12677034735679626,2.509939670562744,-5.237766265869141,5.433957576751709,14.108068466186523,,,prediction_only_not_sent,"[13.80145263671875, 1.9512176513671875, 169.59954833984375, 0.03311316668987274, 0.12677034735679626, 2.509939670562744, -5.237766265869141, 5.433957576751709, 14.108068466186523]","{""predicted_force"": [-5.237766265869141, 5.433957576751709, 14.108068466186523], ""force_status"": ""policy_prediction""}"
offline_ON_20260930T174818_1790758098906168479_uvwi70ar,42,,,123456789000,4010038756520,receipt_only_no_header,,,denormalized_policy_prediction,valid,1,1,,32,policy_prediction,,stain_relative_xy_base_z,rotvec_rad,mm,N,12.593154907226562,1.1080856323242188,170.59829711914062,0.03730122745037079,0.12687468528747559,2.5091047286987305,-5.287531852722168,5.768469333648682,14.064861297607422,,,prediction_only_not_sent,"[12.593154907226562, 1.1080856323242188, 170.59829711914062, 0.03730122745037079, 0.12687468528747559, 2.5091047286987305, -5.287531852722168, 5.768469333648682, 14.064861297607422]","{""predicted_force"": [-5.287531852722168, 5.768469333648682, 14.064861297607422], ""force_status"": ""policy_prediction""}"
offline_ON_20260930T174818_1790758098906168479_uvwi70ar,43,,,123456789000,4010038756520,receipt_only_no_header,,,denormalized_policy_prediction,valid,1,1,,33,policy_prediction,,stain_relative_xy_base_z,rotvec_rad,mm,N,12.012863159179688,1.7183036804199219,169.5393524169922,0.03058481216430664,0.12660875916481018,2.502683401107788,-5.091691970825195,5.861902713775635,14.30941390991211,,,prediction_only_not_sent,"[12.012863159179688, 1.7183036804199219, 169.5393524169922, 0.03058481216430664, 0.12660875916481018, 2.502683401107788, -5.091691970825195, 5.861902713775635, 14.30941390991211]","{""predicted_force"": [-5.091691970825195, 5.861902713775635, 14.30941390991211], ""force_status"": ""policy_prediction""}"
offline_ON_20260930T174818_1790758098906168479_uvwi70ar,44,,,123456789000,4010038756520,receipt_only_no_header,,,denormalized_policy_prediction,valid,1,1,,34,policy_prediction,,stain_relative_xy_base_z,rotvec_rad,mm,N,15.22015380859375,0.6305160522460938,171.0328826904297,0.03689804673194885,0.12560835480690002,2.5090315341949463,-5.009228706359863,5.526068210601807,14.55482292175293,,,prediction_only_not_sent,"[15.22015380859375, 0.6305160522460938, 171.0328826904297, 0.03689804673194885, 0.12560835480690002, 2.5090315341949463, -5.009228706359863, 5.526068210601807, 14.55482292175293]","{""predicted_force"": [-5.009228706359863, 5.526068210601807, 14.55482292175293], ""force_status"": ""policy_prediction""}"
offline_ON_20260930T174818_1790758098906168479_uvwi70ar,45,,,123456789000,4010038756520,receipt_only_no_header,,,denormalized_policy_prediction,valid,1,1,,35,policy_prediction,,stain_relative_xy_base_z,rotvec_rad,mm,N,17.355758666992188,-0.050251007080078125,170.08607482910156,0.03616750240325928,0.12546151876449585,2.508544445037842,-5.239365577697754,5.700684070587158,14.179109573364258,,,prediction_only_not_sent,"[17.355758666992188, -0.050251007080078125, 170.08607482910156, 0.03616750240325928, 0.12546151876449585, 2.508544445037842, -5.239365577697754, 5.700684070587158, 14.179109573364258]","{""predicted_force"": [-5.239365577697754, 5.700684070587158, 14.179109573364258], ""force_status"": ""policy_prediction""}"
offline_ON_20260930T174818_1790758098906168479_uvwi70ar,46,,,123456789000,4010038756520,receipt_only_no_header,,,denormalized_policy_prediction,valid,1,1,,36,policy_prediction,,stain_relative_xy_base_z,rotvec_rad,mm,N,13.788986206054688,-0.07956314086914062,170.49542236328125,0.03574031591415405,0.125396728515625,2.504103183746338,-5.1702775955200195,5.559537410736084,14.779239654541016,,,prediction_only_not_sent,"[13.788986206054688, -0.07956314086914062, 170.49542236328125, 0.03574031591415405, 0.125396728515625, 2.504103183746338, -5.1702775955200195, 5.559537410736084, 14.779239654541016]","{""predicted_force"": [-5.1702775955200195, 5.559537410736084, 14.779239654541016], ""force_status"": ""policy_prediction""}"
offline_ON_20260930T174818_1790758098906168479_uvwi70ar,47,,,123456789000,4010038756520,receipt_only_no_header,,,denormalized_policy_prediction,valid,1,1,,37,policy_prediction,,stain_relative_xy_base_z,rotvec_rad,mm,N,17.576934814453125,-0.4745292663574219,171.05233764648438,0.03428313136100769,0.12076333910226822,2.5075607299804688,-5.1485137939453125,5.597350597381592,15.090106964111328,,,prediction_only_not_sent,"[17.576934814453125, -0.4745292663574219, 171.05233764648438, 0.03428313136100769, 0.12076333910226822, 2.5075607299804688, -5.1485137939453125, 5.597350597381592, 15.090106964111328]","{""predicted_force"": [-5.1485137939453125, 5.597350597381592, 15.090106964111328], ""force_status"": ""policy_prediction""}"
offline_ON_20260930T174818_1790758098906168479_uvwi70ar,48,,,123456789000,4010038756520,receipt_only_no_header,,,denormalized_policy_prediction,valid,1,1,,38,policy_prediction,,stain_relative_xy_base_z,rotvec_rad,mm,N,16.308609008789062,-0.9528121948242188,170.3845977783203,0.037509769201278687,0.1264873743057251,2.5097312927246094,-5.0233564376831055,5.581458568572998,14.868284225463867,,,prediction_only_not_sent,"[16.308609008789062, -0.9528121948242188, 170.3845977783203, 0.037509769201278687, 0.1264873743057251, 2.5097312927246094, -5.0233564376831055, 5.581458568572998, 14.868284225463867]","{""predicted_force"": [-5.0233564376831055, 5.581458568572998, 14.868284225463867], ""force_status"": ""policy_prediction""}"
offline_ON_20260930T174818_1790758098906168479_uvwi70ar,49,,,123456789000,4010038756520,receipt_only_no_header,,,denormalized_policy_prediction,valid,1,1,,39,policy_prediction,,stain_relative_xy_base_z,rotvec_rad,mm,N,19.539581298828125,-1.1825294494628906,169.615478515625,0.032629311084747314,0.12200357764959335,2.50516414642334,-5.163283348083496,5.444389820098877,15.005304336547852,,,prediction_only_not_sent,"[19.539581298828125, -1.1825294494628906, 169.615478515625, 0.032629311084747314, 0.12200357764959335, 2.50516414642334, -5.163283348083496, 5.444389820098877, 15.005304336547852]","{""predicted_force"": [-5.163283348083496, 5.444389820098877, 15.005304336547852], ""force_status"": ""policy_prediction""}"
offline_ON_20260930T174818_1790758098906168479_uvwi70ar,50,,,123456789000,4010038756520,receipt_only_no_header,,,denormalized_policy_prediction,valid,1,1,,40,policy_prediction,,stain_relative_xy_base_z,rotvec_rad,mm,N,16.334381103515625,-1.3343620300292969,170.1522674560547,0.03521603345870972,0.12457526475191116,2.5054972171783447,-4.907562255859375,5.482896327972412,15.333419799804688,,,prediction_only_not_sent,"[16.334381103515625, -1.3343620300292969, 170.1522674560547, 0.03521603345870972, 0.12457526475191116, 2.5054972171783447, -4.907562255859375, 5.482896327972412, 15.333419799804688]","{""predicted_force"": [-4.907562255859375, 5.482896327972412, 15.333419799804688], ""force_status"": ""policy_prediction""}"
offline_ON_20260930T174818_1790758098906168479_uvwi70ar,51,,,123456789000,4010038756520,receipt_only_no_header,,,denormalized_policy_prediction,valid,1,1,,41,policy_prediction,,stain_relative_xy_base_z,rotvec_rad,mm,N,17.455276489257812,-1.4117507934570312,169.8207550048828,0.03306594491004944,0.12481076270341873,2.5059316158294678,-5.015595436096191,5.549078464508057,15.638574600219727,,,prediction_only_not_sent,"[17.455276489257812, -1.4117507934570312, 169.8207550048828, 0.03306594491004944, 0.12481076270341873, 2.5059316158294678, -5.015595436096191, 5.549078464508057, 15.638574600219727]","{""predicted_force"": [-5.015595436096191, 5.549078464508057, 15.638574600219727], ""force_status"": ""policy_prediction""}"
offline_ON_20260930T174818_1790758098906168479_uvwi70ar,52,,,123456789000,4010038756520,receipt_only_no_header,,,denormalized_policy_prediction,valid,1,1,,42,policy_prediction,,stain_relative_xy_base_z,rotvec_rad,mm,N,17.931869506835938,-0.8508567810058594,170.66384887695312,0.03295157849788666,0.124268539249897,2.5043771266937256,-4.963907241821289,5.448564052581787,15.417978286743164,,,prediction_only_not_sent,"[17.931869506835938, -0.8508567810058594, 170.66384887695312, 0.03295157849788666, 0.124268539249897, 2.5043771266937256, -4.963907241821289, 5.448564052581787, 15.417978286743164]","{""predicted_force"": [-4.963907241821289, 5.448564052581787, 15.417978286743164], ""force_status"": ""policy_prediction""}"
offline_ON_20260930T174818_1790758098906168479_uvwi70ar,53,,,123456789000,4010038756520,receipt_only_no_header,,,denormalized_policy_prediction,valid,1,1,,43,policy_prediction,,stain_relative_xy_base_z,rotvec_rad,mm,N,16.731979370117188,-2.5312652587890625,171.06008911132812,0.03223209083080292,0.12362343817949295,2.5019729137420654,-5.2410888671875,5.5418009757995605,16.151565551757812,,,prediction_only_not_sent,"[16.731979370117188, -2.5312652587890625, 171.06008911132812, 0.03223209083080292, 0.12362343817949295, 2.5019729137420654, -5.2410888671875, 5.5418009757995605, 16.151565551757812]","{""predicted_force"": [-5.2410888671875, 5.5418009757995605, 16.151565551757812], ""force_status"": ""policy_prediction""}"
offline_ON_20260930T174818_1790758098906168479_uvwi70ar,54,,,123456789000,4010038756520,receipt_only_no_header,,,denormalized_policy_prediction,valid,1,1,,44,policy_prediction,,stain_relative_xy_base_z,rotvec_rad,mm,N,18.86785888671875,-2.6809463500976562,169.57781982421875,0.033414825797080994,0.125857412815094,2.5015618801116943,-4.864254951477051,5.771137714385986,15.404773712158203,,,prediction_only_not_sent,"[18.86785888671875, -2.6809463500976562, 169.57781982421875, 0.033414825797080994, 0.125857412815094, 2.5015618801116943, -4.864254951477051, 5.771137714385986, 15.404773712158203]","{""predicted_force"": [-4.864254951477051, 5.771137714385986, 15.404773712158203], ""force_status"": ""policy_prediction""}"
offline_ON_20260930T174818_1790758098906168479_uvwi70ar,55,,,123456789000,4010038756520,receipt_only_no_header,,,denormalized_policy_prediction,valid,1,1,,45,policy_prediction,,stain_relative_xy_base_z,rotvec_rad,mm,N,19.358428955078125,-3.7399864196777344,170.89047241210938,0.02958066761493683,0.12640827894210815,2.500824451446533,-4.954774856567383,5.650538921356201,16.107431411743164,,,prediction_only_not_sent,"[19.358428955078125, -3.7399864196777344, 170.89047241210938, 0.02958066761493683, 0.12640827894210815, 2.500824451446533, -4.954774856567383, 5.650538921356201, 16.107431411743164]","{""predicted_force"": [-4.954774856567383, 5.650538921356201, 16.107431411743164], ""force_status"": ""policy_prediction""}"
offline_ON_20260930T174818_1790758098906168479_uvwi70ar,56,,,123456789000,4010038756520,receipt_only_no_header,,,denormalized_policy_prediction,valid,1,1,,46,policy_prediction,,stain_relative_xy_base_z,rotvec_rad,mm,N,15.055252075195312,-4.613315582275391,170.35191345214844,0.02997453510761261,0.12681198120117188,2.5014357566833496,-4.8053693771362305,5.5382304191589355,15.532135009765625,,,prediction_only_not_sent,"[15.055252075195312, -4.613315582275391, 170.35191345214844, 0.02997453510761261, 0.12681198120117188, 2.5014357566833496, -4.8053693771362305, 5.5382304191589355, 15.532135009765625]","{""predicted_force"": [-4.8053693771362305, 5.5382304191589355, 15.532135009765625], ""force_status"": ""policy_prediction""}"
offline_ON_20260930T174818_1790758098906168479_uvwi70ar,57,,,123456789000,4010038756520,receipt_only_no_header,,,denormalized_policy_prediction,valid,1,1,,47,policy_prediction,,stain_relative_xy_base_z,rotvec_rad,mm,N,18.26544189453125,-3.0062713623046875,169.8085174560547,0.02942916750907898,0.12291540950536728,2.500260353088379,-5.059086799621582,5.451939105987549,16.21104621887207,,,prediction_only_not_sent,"[18.26544189453125, -3.0062713623046875, 169.8085174560547, 0.02942916750907898, 0.12291540950536728, 2.500260353088379, -5.059086799621582, 5.451939105987549, 16.21104621887207]","{""predicted_force"": [-5.059086799621582, 5.451939105987549, 16.21104621887207], ""force_status"": ""policy_prediction""}"
offline_ON_20260930T174818_1790758098906168479_uvwi70ar,58,,,123456789000,4010038756520,receipt_only_no_header,,,denormalized_policy_prediction,valid,1,1,,48,policy_prediction,,stain_relative_xy_base_z,rotvec_rad,mm,N,15.12982177734375,-5.152843475341797,170.3998565673828,0.030777961015701294,0.12407738715410233,2.5027756690979004,-4.876456260681152,5.578383922576904,15.791542053222656,,,prediction_only_not_sent,"[15.12982177734375, -5.152843475341797, 170.3998565673828, 0.030777961015701294, 0.12407738715410233, 2.5027756690979004, -4.876456260681152, 5.578383922576904, 15.791542053222656]","{""predicted_force"": [-4.876456260681152, 5.578383922576904, 15.791542053222656], ""force_status"": ""policy_prediction""}"
offline_ON_20260930T174818_1790758098906168479_uvwi70ar,59,,,123456789000,4010038756520,receipt_only_no_header,,,denormalized_policy_prediction,valid,1,1,,49,policy_prediction,,stain_relative_xy_base_z,rotvec_rad,mm,N,18.595199584960938,-4.619258880615234,170.4896697998047,0.030802100896835327,0.1261272132396698,2.5013532638549805,-5.020180702209473,5.717733860015869,16.01005744934082,,,prediction_only_not_sent,"[18.595199584960938, -4.619258880615234, 170.4896697998047, 0.030802100896835327, 0.1261272132396698, 2.5013532638549805, -5.020180702209473, 5.717733860015869, 16.01005744934082]","{""predicted_force"": [-5.020180702209473, 5.717733860015869, 16.01005744934082], ""force_status"": ""policy_prediction""}"
offline_ON_20260930T174818_1790758098906168479_uvwi70ar,60,,,123456789000,4010038756520,receipt_only_no_header,,,denormalized_policy_prediction,valid,1,1,,50,policy_prediction,,stain_relative_xy_base_z,rotvec_rad,mm,N,16.128219604492188,-4.631366729736328,168.4980926513672,0.030912578105926514,0.12574324011802673,2.5008225440979004,-4.961368560791016,5.5555033683776855,15.703866958618164,,,prediction_only_not_sent,"[16.128219604492188, -4.631366729736328, 168.4980926513672, 0.030912578105926514, 0.12574324011802673, 2.5008225440979004, -4.961368560791016, 5.5555033683776855, 15.703866958618164]","{""predicted_force"": [-4.961368560791016, 5.5555033683776855, 15.703866958618164], ""force_status"": ""policy_prediction""}"
offline_ON_20260930T174818_1790758098906168479_uvwi70ar,61,,,123456789000,4010038756520,receipt_only_no_header,,,denormalized_policy_prediction,valid,1,1,,51,policy_prediction,,stain_relative_xy_base_z,rotvec_rad,mm,N,18.8604736328125,-5.734779357910156,168.933837890625,0.032615870237350464,0.12428907305002213,2.5041463375091553,-4.901291847229004,5.545278072357178,15.711444854736328,,,prediction_only_not_sent,"[18.8604736328125, -5.734779357910156, 168.933837890625, 0.032615870237350464, 0.12428907305002213, 2.5041463375091553, -4.901291847229004, 5.545278072357178, 15.711444854736328]","{""predicted_force"": [-4.901291847229004, 5.545278072357178, 15.711444854736328], ""force_status"": ""policy_prediction""}"
offline_ON_20260930T174818_1790758098906168479_uvwi70ar,62,,,123456789000,4010038756520,receipt_only_no_header,,,denormalized_policy_prediction,valid,1,1,,52,policy_prediction,,stain_relative_xy_base_z,rotvec_rad,mm,N,19.954833984375,-5.6393890380859375,169.69410705566406,0.030676349997520447,0.12862631678581238,2.5041778087615967,-4.922223091125488,5.578951358795166,15.738004684448242,,,prediction_only_not_sent,"[19.954833984375, -5.6393890380859375, 169.69410705566406, 0.030676349997520447, 0.12862631678581238, 2.5041778087615967, -4.922223091125488, 5.578951358795166, 15.738004684448242]","{""predicted_force"": [-4.922223091125488, 5.578951358795166, 15.738004684448242], ""force_status"": ""policy_prediction""}"
offline_ON_20260930T174818_1790758098906168479_uvwi70ar,63,,,123456789000,4010038756520,receipt_only_no_header,,,denormalized_policy_prediction,valid,1,1,,53,policy_prediction,,stain_relative_xy_base_z,rotvec_rad,mm,N,21.328964233398438,-6.363208770751953,171.073974609375,0.032599836587905884,0.12891075015068054,2.5050365924835205,-4.819649696350098,5.541581630706787,15.419305801391602,,,prediction_only_not_sent,"[21.328964233398438, -6.363208770751953, 171.073974609375, 0.032599836587905884, 0.12891075015068054, 2.5050365924835205, -4.819649696350098, 5.541581630706787, 15.419305801391602]","{""predicted_force"": [-4.819649696350098, 5.541581630706787, 15.419305801391602], ""force_status"": ""policy_prediction""}"
offline_ON_20260930T174818_1790758098906168479_uvwi70ar,64,,,123456789000,4010038756520,receipt_only_no_header,,,denormalized_policy_prediction,valid,1,1,,54,policy_prediction,,stain_relative_xy_base_z,rotvec_rad,mm,N,17.949249267578125,-5.980522155761719,169.1670684814453,0.027115628123283386,0.12561437487602234,2.507847785949707,-4.779778480529785,5.239102840423584,16.16080093383789,,,prediction_only_not_sent,"[17.949249267578125, -5.980522155761719, 169.1670684814453, 0.027115628123283386, 0.12561437487602234, 2.507847785949707, -4.779778480529785, 5.239102840423584, 16.16080093383789]","{""predicted_force"": [-4.779778480529785, 5.239102840423584, 16.16080093383789], ""force_status"": ""policy_prediction""}"
offline_ON_20260930T174818_1790758098906168479_uvwi70ar,65,,,123456789000,4010038756520,receipt_only_no_header,,,denormalized_policy_prediction,valid,1,1,,55,policy_prediction,,stain_relative_xy_base_z,rotvec_rad,mm,N,20.308639526367188,-6.892940521240234,169.69285583496094,0.0322088897228241,0.12759464979171753,2.506396532058716,-4.737842559814453,5.506038188934326,15.419490814208984,,,prediction_only_not_sent,"[20.308639526367188, -6.892940521240234, 169.69285583496094, 0.0322088897228241, 0.12759464979171753, 2.506396532058716, -4.737842559814453, 5.506038188934326, 15.419490814208984]","{""predicted_force"": [-4.737842559814453, 5.506038188934326, 15.419490814208984], ""force_status"": ""policy_prediction""}"
offline_ON_20260930T174818_1790758098906168479_uvwi70ar,66,,,123456789000,4010038756520,receipt_only_no_header,,,denormalized_policy_prediction,valid,1,1,,56,policy_prediction,,stain_relative_xy_base_z,rotvec_rad,mm,N,21.797027587890625,-7.206302642822266,170.6472930908203,0.033528879284858704,0.126155287027359,2.5070605278015137,-4.989890098571777,5.668649196624756,15.845640182495117,,,prediction_only_not_sent,"[21.797027587890625, -7.206302642822266, 170.6472930908203, 0.033528879284858704, 0.126155287027359, 2.5070605278015137, -4.989890098571777, 5.668649196624756, 15.845640182495117]","{""predicted_force"": [-4.989890098571777, 5.668649196624756, 15.845640182495117], ""force_status"": ""policy_prediction""}"
offline_ON_20260930T174818_1790758098906168479_uvwi70ar,67,,,123456789000,4010038756520,receipt_only_no_header,,,denormalized_policy_prediction,valid,1,1,,57,policy_prediction,,stain_relative_xy_base_z,rotvec_rad,mm,N,22.664581298828125,-6.923809051513672,169.17767333984375,0.026578262448310852,0.12499082833528519,2.4989936351776123,-4.607344627380371,5.518371105194092,15.389732360839844,,,prediction_only_not_sent,"[22.664581298828125, -6.923809051513672, 169.17767333984375, 0.026578262448310852, 0.12499082833528519, 2.4989936351776123, -4.607344627380371, 5.518371105194092, 15.389732360839844]","{""predicted_force"": [-4.607344627380371, 5.518371105194092, 15.389732360839844], ""force_status"": ""policy_prediction""}"
offline_ON_20260930T174818_1790758098906168479_uvwi70ar,68,,,123456789000,4010038756520,receipt_only_no_header,,,denormalized_policy_prediction,valid,1,1,,58,policy_prediction,,stain_relative_xy_base_z,rotvec_rad,mm,N,24.0382080078125,-8.515277862548828,169.06797790527344,0.02717268466949463,0.1262851357460022,2.502551317214966,-4.804993629455566,5.401333332061768,15.548927307128906,,,prediction_only_not_sent,"[24.0382080078125, -8.515277862548828, 169.06797790527344, 0.02717268466949463, 0.1262851357460022, 2.502551317214966, -4.804993629455566, 5.401333332061768, 15.548927307128906]","{""predicted_force"": [-4.804993629455566, 5.401333332061768, 15.548927307128906], ""force_status"": ""policy_prediction""}"
offline_ON_20260930T174818_1790758098906168479_uvwi70ar,69,,,123456789000,4010038756520,receipt_only_no_header,,,denormalized_policy_prediction,valid,1,1,,59,policy_prediction,,stain_relative_xy_base_z,rotvec_rad,mm,N,26.138778686523438,-8.294151306152344,169.5447998046875,0.029740720987319946,0.125547856092453,2.4994118213653564,-4.8177490234375,4.932863712310791,15.743267059326172,,,prediction_only_not_sent,"[26.138778686523438, -8.294151306152344, 169.5447998046875, 0.029740720987319946, 0.125547856092453, 2.4994118213653564, -4.8177490234375, 4.932863712310791, 15.743267059326172]","{""predicted_force"": [-4.8177490234375, 4.932863712310791, 15.743267059326172], ""force_status"": ""policy_prediction""}"
offline_ON_20260930T174818_1790758098906168479_uvwi70ar,70,,,123456789000,4010038756520,receipt_only_no_header,,,denormalized_policy_prediction,valid,1,1,,60,policy_prediction,,stain_relative_xy_base_z,rotvec_rad,mm,N,21.649795532226562,-8.374629974365234,169.8041534423828,0.02641831338405609,0.12284114211797714,2.502017021179199,-4.7048187255859375,5.63043737411499,15.117998123168945,,,prediction_only_not_sent,"[21.649795532226562, -8.374629974365234, 169.8041534423828, 0.02641831338405609, 0.12284114211797714, 2.502017021179199, -4.7048187255859375, 5.63043737411499, 15.117998123168945]","{""predicted_force"": [-4.7048187255859375, 5.63043737411499, 15.117998123168945], ""force_status"": ""policy_prediction""}"
offline_ON_20260930T174818_1790758098906168479_uvwi70ar,71,,,123456789000,4010038756520,receipt_only_no_header,,,denormalized_policy_prediction,valid,1,1,,61,policy_prediction,,stain_relative_xy_base_z,rotvec_rad,mm,N,26.054351806640625,-9.044363021850586,169.59959411621094,0.027110055088996887,0.12366992980241776,2.502831220626831,-4.680050849914551,5.2662739753723145,14.672195434570312,,,prediction_only_not_sent,"[26.054351806640625, -9.044363021850586, 169.59959411621094, 0.027110055088996887, 0.12366992980241776, 2.502831220626831, -4.680050849914551, 5.2662739753723145, 14.672195434570312]","{""predicted_force"": [-4.680050849914551, 5.2662739753723145, 14.672195434570312], ""force_status"": ""policy_prediction""}"
offline_ON_20260930T174818_1790758098906168479_uvwi70ar,72,,,123456789000,4010038756520,receipt_only_no_header,,,denormalized_policy_prediction,valid,1,1,,62,policy_prediction,,stain_relative_xy_base_z,rotvec_rad,mm,N,23.234512329101562,-9.830129623413086,169.61996459960938,0.02562202513217926,0.1258363127708435,2.4997894763946533,-4.63547420501709,5.0713677406311035,15.522428512573242,,,prediction_only_not_sent,"[23.234512329101562, -9.830129623413086, 169.61996459960938, 0.02562202513217926, 0.1258363127708435, 2.4997894763946533, -4.63547420501709, 5.0713677406311035, 15.522428512573242]","{""predicted_force"": [-4.63547420501709, 5.0713677406311035, 15.522428512573242], ""force_status"": ""policy_prediction""}"
offline_ON_20260930T174818_1790758098906168479_uvwi70ar,73,,,123456789000,4010038756520,receipt_only_no_header,,,denormalized_policy_prediction,valid,1,1,,63,policy_prediction,,stain_relative_xy_base_z,rotvec_rad,mm,N,20.635818481445312,-9.764345169067383,170.0341796875,0.02580082416534424,0.13039550185203552,2.49941086769104,-4.8639726638793945,5.245603084564209,15.222101211547852,,,prediction_only_not_sent,"[20.635818481445312, -9.764345169067383, 170.0341796875, 0.02580082416534424, 0.13039550185203552, 2.49941086769104, -4.8639726638793945, 5.245603084564209, 15.222101211547852]","{""predicted_force"": [-4.8639726638793945, 5.245603084564209, 15.222101211547852], ""force_status"": ""policy_prediction""}"
offline_ON_20260930T174818_1790758098906168479_uvwi70ar,74,,,123456789000,4010038756520,receipt_only_no_header,,,denormalized_policy_prediction,valid,1,1,,64,policy_prediction,,stain_relative_xy_base_z,rotvec_rad,mm,N,22.77691650390625,-10.219663619995117,170.88504028320312,0.02843053638935089,0.1280561089515686,2.5005533695220947,-4.621567726135254,5.116043567657471,15.15452766418457,,,prediction_only_not_sent,"[22.77691650390625, -10.219663619995117, 170.88504028320312, 0.02843053638935089, 0.1280561089515686, 2.5005533695220947, -4.621567726135254, 5.116043567657471, 15.15452766418457]","{""predicted_force"": [-4.621567726135254, 5.116043567657471, 15.15452766418457], ""force_status"": ""policy_prediction""}"
offline_ON_20260930T174818_1790758098906168479_uvwi70ar,75,,,123456789000,4010038756520,receipt_only_no_header,,,denormalized_policy_prediction,valid,1,1,,65,policy_prediction,,stain_relative_xy_base_z,rotvec_rad,mm,N,22.103118896484375,-10.08485221862793,171.24636840820312,0.025678783655166626,0.12930387258529663,2.500303268432617,-4.653059005737305,5.322024822235107,14.94842529296875,,,prediction_only_not_sent,"[22.103118896484375, -10.08485221862793, 171.24636840820312, 0.025678783655166626, 0.12930387258529663, 2.500303268432617, -4.653059005737305, 5.322024822235107, 14.94842529296875]","{""predicted_force"": [-4.653059005737305, 5.322024822235107, 14.94842529296875], ""force_status"": ""policy_prediction""}"
offline_ON_20260930T174818_1790758098906168479_uvwi70ar,76,,,123456789000,4010038756520,receipt_only_no_header,,,denormalized_policy_prediction,valid,1,1,,66,policy_prediction,,stain_relative_xy_base_z,rotvec_rad,mm,N,21.634811401367188,-12.169076919555664,169.702392578125,0.023785531520843506,0.13061153888702393,2.5024197101593018,-4.48941707611084,4.9577813148498535,13.651559829711914,,,prediction_only_not_sent,"[21.634811401367188, -12.169076919555664, 169.702392578125, 0.023785531520843506, 0.13061153888702393, 2.5024197101593018, -4.48941707611084, 4.9577813148498535, 13.651559829711914]","{""predicted_force"": [-4.48941707611084, 4.9577813148498535, 13.651559829711914], ""force_status"": ""policy_prediction""}"
offline_ON_20260930T174818_1790758098906168479_uvwi70ar,77,,,123456789000,4010038756520,receipt_only_no_header,,,denormalized_policy_prediction,valid,1,1,,67,policy_prediction,,stain_relative_xy_base_z,rotvec_rad,mm,N,22.56671142578125,-12.030237197875977,168.5436248779297,0.02930501103401184,0.12953674793243408,2.5016491413116455,-4.389604568481445,5.081722736358643,13.45494270324707,,,prediction_only_not_sent,"[22.56671142578125, -12.030237197875977, 168.5436248779297, 0.02930501103401184, 0.12953674793243408, 2.5016491413116455, -4.389604568481445, 5.081722736358643, 13.45494270324707]","{""predicted_force"": [-4.389604568481445, 5.081722736358643, 13.45494270324707], ""force_status"": ""policy_prediction""}"
offline_ON_20260930T174818_1790758098906168479_uvwi70ar,78,,,123456789000,4010038756520,receipt_only_no_header,,,denormalized_policy_prediction,valid,1,1,,68,policy_prediction,,stain_relative_xy_base_z,rotvec_rad,mm,N,22.944839477539062,-12.622657775878906,170.450439453125,0.017701908946037292,0.1352870762348175,2.502082109451294,-4.475981712341309,5.21091890335083,11.71517562866211,,,prediction_only_not_sent,"[22.944839477539062, -12.622657775878906, 170.450439453125, 0.017701908946037292, 0.1352870762348175, 2.502082109451294, -4.475981712341309, 5.21091890335083, 11.71517562866211]","{""predicted_force"": [-4.475981712341309, 5.21091890335083, 11.71517562866211], ""force_status"": ""policy_prediction""}"
offline_ON_20260930T174818_1790758098906168479_uvwi70ar,79,,,123456789000,4010038756520,receipt_only_no_header,,,denormalized_policy_prediction,valid,1,1,,69,policy_prediction,,stain_relative_xy_base_z,rotvec_rad,mm,N,22.543182373046875,-11.829500198364258,170.22935485839844,0.023143306374549866,0.13850948214530945,2.5046985149383545,-4.280139923095703,5.037110805511475,11.344291687011719,,,prediction_only_not_sent,"[22.543182373046875, -11.829500198364258, 170.22935485839844, 0.023143306374549866, 0.13850948214530945, 2.5046985149383545, -4.280139923095703, 5.037110805511475, 11.344291687011719]","{""predicted_force"": [-4.280139923095703, 5.037110805511475, 11.344291687011719], ""force_status"": ""policy_prediction""}"
offline_ON_20260930T174818_1790758098906168479_uvwi70ar,80,,,123456789000,4010038756520,receipt_only_no_header,,,denormalized_policy_prediction,valid,1,1,,70,policy_prediction,,stain_relative_xy_base_z,rotvec_rad,mm,N,20.416885375976562,-12.530672073364258,171.090576171875,0.020984098315238953,0.14203137159347534,2.498457193374634,-4.523926734924316,4.833674907684326,9.924161911010742,,,prediction_only_not_sent,"[20.416885375976562, -12.530672073364258, 171.090576171875, 0.020984098315238953, 0.14203137159347534, 2.498457193374634, -4.523926734924316, 4.833674907684326, 9.924161911010742]","{""predicted_force"": [-4.523926734924316, 4.833674907684326, 9.924161911010742], ""force_status"": ""policy_prediction""}"
offline_ON_20260930T174818_1790758098906168479_uvwi70ar,81,,,123456789000,4010038756520,receipt_only_no_header,,,denormalized_policy_prediction,valid,1,1,,71,policy_prediction,,stain_relative_xy_base_z,rotvec_rad,mm,N,25.030120849609375,-13.538396835327148,171.08480834960938,0.02095736563205719,0.14175614714622498,2.498887300491333,-4.771827697753906,4.714632511138916,9.241737365722656,,,prediction_only_not_sent,"[25.030120849609375, -13.538396835327148, 171.08480834960938, 0.02095736563205719, 0.14175614714622498, 2.498887300491333, -4.771827697753906, 4.714632511138916, 9.241737365722656]","{""predicted_force"": [-4.771827697753906, 4.714632511138916, 9.241737365722656], ""force_status"": ""policy_prediction""}"
offline_ON_20260930T174818_1790758098906168479_uvwi70ar,82,,,123456789000,4010038756520,receipt_only_no_header,,,denormalized_policy_prediction,valid,1,1,,72,policy_prediction,,stain_relative_xy_base_z,rotvec_rad,mm,N,21.484207153320312,-14.0096435546875,171.82666015625,0.018553584814071655,0.14416399598121643,2.493096113204956,-4.624154090881348,4.305481433868408,7.763650417327881,,,prediction_only_not_sent,"[21.484207153320312, -14.0096435546875, 171.82666015625, 0.018553584814071655, 0.14416399598121643, 2.493096113204956, -4.624154090881348, 4.305481433868408, 7.763650417327881]","{""predicted_force"": [-4.624154090881348, 4.305481433868408, 7.763650417327881], ""force_status"": ""policy_prediction""}"
offline_ON_20260930T174818_1790758098906168479_uvwi70ar,83,,,123456789000,4010038756520,receipt_only_no_header,,,denormalized_policy_prediction,valid,1,1,,73,policy_prediction,,stain_relative_xy_base_z,rotvec_rad,mm,N,18.27874755859375,-13.223180770874023,170.47964477539062,0.022784262895584106,0.14397069811820984,2.4939475059509277,-4.477148056030273,4.506679058074951,6.279687404632568,,,prediction_only_not_sent,"[18.27874755859375, -13.223180770874023, 170.47964477539062, 0.022784262895584106, 0.14397069811820984, 2.4939475059509277, -4.477148056030273, 4.506679058074951, 6.279687404632568]","{""predicted_force"": [-4.477148056030273, 4.506679058074951, 6.279687404632568], ""force_status"": ""policy_prediction""}"
offline_ON_20260930T174818_1790758098906168479_uvwi70ar,84,,,123456789000,4010038756520,receipt_only_no_header,,,denormalized_policy_prediction,valid,1,1,,74,policy_prediction,,stain_relative_xy_base_z,rotvec_rad,mm,N,21.309234619140625,-13.107404708862305,170.98715209960938,0.022142112255096436,0.14434823393821716,2.4980053901672363,-4.884251594543457,4.074313640594482,5.038916110992432,,,prediction_only_not_sent,"[21.309234619140625, -13.107404708862305, 170.98715209960938, 0.022142112255096436, 0.14434823393821716, 2.4980053901672363, -4.884251594543457, 4.074313640594482, 5.038916110992432]","{""predicted_force"": [-4.884251594543457, 4.074313640594482, 5.038916110992432], ""force_status"": ""policy_prediction""}"
offline_ON_20260930T174818_1790758098906168479_uvwi70ar,85,,,123456789000,4010038756520,receipt_only_no_header,,,denormalized_policy_prediction,valid,1,1,,75,policy_prediction,,stain_relative_xy_base_z,rotvec_rad,mm,N,25.561614990234375,-13.89763069152832,171.34140014648438,0.023836106061935425,0.145144522190094,2.499633550643921,-4.864099502563477,4.064779758453369,3.28971004486084,,,prediction_only_not_sent,"[25.561614990234375, -13.89763069152832, 171.34140014648438, 0.023836106061935425, 0.145144522190094, 2.499633550643921, -4.864099502563477, 4.064779758453369, 3.28971004486084]","{""predicted_force"": [-4.864099502563477, 4.064779758453369, 3.28971004486084], ""force_status"": ""policy_prediction""}"
offline_ON_20260930T174818_1790758098906168479_uvwi70ar,86,,,123456789000,4010038756520,receipt_only_no_header,,,denormalized_policy_prediction,valid,1,1,,76,policy_prediction,,stain_relative_xy_base_z,rotvec_rad,mm,N,24.488327026367188,-13.863496780395508,172.00607299804688,0.018333911895751953,0.14500898122787476,2.4922754764556885,-4.575181007385254,3.915208339691162,1.9808292388916016,,,prediction_only_not_sent,"[24.488327026367188, -13.863496780395508, 172.00607299804688, 0.018333911895751953, 0.14500898122787476, 2.4922754764556885, -4.575181007385254, 3.915208339691162, 1.9808292388916016]","{""predicted_force"": [-4.575181007385254, 3.915208339691162, 1.9808292388916016], ""force_status"": ""policy_prediction""}"
offline_ON_20260930T174818_1790758098906168479_uvwi70ar,87,,,123456789000,4010038756520,receipt_only_no_header,,,denormalized_policy_prediction,valid,1,1,,77,policy_prediction,,stain_relative_xy_base_z,rotvec_rad,mm,N,24.997772216796875,-15.240787506103516,172.26812744140625,0.02159203588962555,0.14501577615737915,2.4990735054016113,-4.770236968994141,3.4875407218933105,1.5195674896240234,,,prediction_only_not_sent,"[24.997772216796875, -15.240787506103516, 172.26812744140625, 0.02159203588962555, 0.14501577615737915, 2.4990735054016113, -4.770236968994141, 3.4875407218933105, 1.5195674896240234]","{""predicted_force"": [-4.770236968994141, 3.4875407218933105, 1.5195674896240234], ""force_status"": ""policy_prediction""}"
offline_ON_20260930T174818_1790758098906168479_uvwi70ar,88,,,123456789000,4010038756520,receipt_only_no_header,,,denormalized_policy_prediction,valid,1,1,,78,policy_prediction,,stain_relative_xy_base_z,rotvec_rad,mm,N,21.969955444335938,-14.789592742919922,172.89100646972656,0.016967952251434326,0.14329278469085693,2.498769521713257,-4.800766944885254,3.903747081756592,-0.5865850448608398,,,prediction_only_not_sent,"[21.969955444335938, -14.789592742919922, 172.89100646972656, 0.016967952251434326, 0.14329278469085693, 2.498769521713257, -4.800766944885254, 3.903747081756592, -0.5865850448608398]","{""predicted_force"": [-4.800766944885254, 3.903747081756592, -0.5865850448608398], ""force_status"": ""policy_prediction""}"
offline_ON_20260930T174818_1790758098906168479_uvwi70ar,89,,,123456789000,4010038756520,receipt_only_no_header,,,denormalized_policy_prediction,valid,1,1,,79,policy_prediction,,stain_relative_xy_base_z,rotvec_rad,mm,N,21.165237426757812,-15.103178024291992,173.35333251953125,0.016411438584327698,0.14381751418113708,2.4917380809783936,-4.738785743713379,3.656116008758545,-1.0941753387451172,,,prediction_only_not_sent,"[21.165237426757812, -15.103178024291992, 173.35333251953125, 0.016411438584327698, 0.14381751418113708, 2.4917380809783936, -4.738785743713379, 3.656116008758545, -1.0941753387451172]","{""predicted_force"": [-4.738785743713379, 3.656116008758545, -1.0941753387451172], ""force_status"": ""policy_prediction""}"
offline_ON_20260930T174818_1790758098906168479_uvwi70ar,90,,,123456789000,4010038756520,receipt_only_no_header,,,denormalized_policy_prediction,valid,1,1,,80,policy_prediction,,stain_relative_xy_base_z,rotvec_rad,mm,N,21.960357666015625,-15.344642639160156,174.89271545410156,0.016734972596168518,0.14359864592552185,2.4905099868774414,-5.166855812072754,3.476684093475342,-1.1222965717315674,,,prediction_only_not_sent,"[21.960357666015625, -15.344642639160156, 174.89271545410156, 0.016734972596168518, 0.14359864592552185, 2.4905099868774414, -5.166855812072754, 3.476684093475342, -1.1222965717315674]","{""predicted_force"": [-5.166855812072754, 3.476684093475342, -1.1222965717315674], ""force_status"": ""policy_prediction""}"
offline_ON_20260930T174818_1790758098906168479_uvwi70ar,91,,,123456789000,4010038756520,receipt_only_no_header,,,denormalized_policy_prediction,valid,1,1,,81,policy_prediction,,stain_relative_xy_base_z,rotvec_rad,mm,N,22.09375,-15.42733383178711,175.0771026611328,0.015717267990112305,0.14442428946495056,2.482701539993286,-4.8681840896606445,3.5424866676330566,-2.1530158519744873,,,prediction_only_not_sent,"[22.09375, -15.42733383178711, 175.0771026611328, 0.015717267990112305, 0.14442428946495056, 2.482701539993286, -4.8681840896606445, 3.5424866676330566, -2.1530158519744873]","{""predicted_force"": [-4.8681840896606445, 3.5424866676330566, -2.1530158519744873], ""force_status"": ""policy_prediction""}"
offline_ON_20260930T174818_1790758098906168479_uvwi70ar,92,,,123456789000,4010038756520,receipt_only_no_header,,,denormalized_policy_prediction,valid,1,1,,82,policy_prediction,,stain_relative_xy_base_z,rotvec_rad,mm,N,21.234695434570312,-15.361618041992188,175.6761474609375,0.01541946828365326,0.1395685374736786,2.4894425868988037,-4.824397087097168,3.5594124794006348,-2.0563571453094482,,,prediction_only_not_sent,"[21.234695434570312, -15.361618041992188, 175.6761474609375, 0.01541946828365326, 0.1395685374736786, 2.4894425868988037, -4.824397087097168, 3.5594124794006348, -2.0563571453094482]","{""predicted_force"": [-4.824397087097168, 3.5594124794006348, -2.0563571453094482], ""force_status"": ""policy_prediction""}"
offline_ON_20260930T174818_1790758098906168479_uvwi70ar,93,,,123456789000,4010038756520,receipt_only_no_header,,,denormalized_policy_prediction,valid,1,1,,83,policy_prediction,,stain_relative_xy_base_z,rotvec_rad,mm,N,23.13525390625,-15.512031555175781,175.4046630859375,0.009528189897537231,0.14071759581565857,2.490051746368408,-5.056735992431641,3.302917003631592,-3.3543550968170166,,,prediction_only_not_sent,"[23.13525390625, -15.512031555175781, 175.4046630859375, 0.009528189897537231, 0.14071759581565857, 2.490051746368408, -5.056735992431641, 3.302917003631592, -3.3543550968170166]","{""predicted_force"": [-5.056735992431641, 3.302917003631592, -3.3543550968170166], ""force_status"": ""policy_prediction""}"
offline_ON_20260930T174818_1790758098906168479_uvwi70ar,94,,,123456789000,4010038756520,receipt_only_no_header,,,denormalized_policy_prediction,valid,1,1,,84,policy_prediction,,stain_relative_xy_base_z,rotvec_rad,mm,N,23.610610961914062,-16.572837829589844,176.92958068847656,0.01041904091835022,0.14075639843940735,2.48871111869812,-4.840692520141602,3.2814221382141113,-2.7360424995422363,,,prediction_only_not_sent,"[23.610610961914062, -16.572837829589844, 176.92958068847656, 0.01041904091835022, 0.14075639843940735, 2.48871111869812, -4.840692520141602, 3.2814221382141113, -2.7360424995422363]","{""predicted_force"": [-4.840692520141602, 3.2814221382141113, -2.7360424995422363], ""force_status"": ""policy_prediction""}"
offline_ON_20260930T174818_1790758098906168479_uvwi70ar,95,,,123456789000,4010038756520,receipt_only_no_header,,,denormalized_policy_prediction,valid,1,1,,85,policy_prediction,,stain_relative_xy_base_z,rotvec_rad,mm,N,20.46551513671875,-15.976497650146484,177.52020263671875,0.008787497878074646,0.13659265637397766,2.478567123413086,-5.031286239624023,2.9607834815979004,-3.4062671661376953,,,prediction_only_not_sent,"[20.46551513671875, -15.976497650146484, 177.52020263671875, 0.008787497878074646, 0.13659265637397766, 2.478567123413086, -5.031286239624023, 2.9607834815979004, -3.4062671661376953]","{""predicted_force"": [-5.031286239624023, 2.9607834815979004, -3.4062671661376953], ""force_status"": ""policy_prediction""}"
offline_ON_20260930T174818_1790758098906168479_uvwi70ar,96,,,123456789000,4010038756520,receipt_only_no_header,,,denormalized_policy_prediction,valid,1,1,,86,policy_prediction,,stain_relative_xy_base_z,rotvec_rad,mm,N,25.52813720703125,-15.51774787902832,177.73855590820312,0.007262170314788818,0.13690057396888733,2.4805376529693604,-5.030682563781738,3.1997551918029785,-2.979825973510742,,,prediction_only_not_sent,"[25.52813720703125, -15.51774787902832, 177.73855590820312, 0.007262170314788818, 0.13690057396888733, 2.4805376529693604, -5.030682563781738, 3.1997551918029785, -2.979825973510742]","{""predicted_force"": [-5.030682563781738, 3.1997551918029785, -2.979825973510742], ""force_status"": ""policy_prediction""}"
offline_ON_20260930T174818_1790758098906168479_uvwi70ar,97,,,123456789000,4010038756520,receipt_only_no_header,,,denormalized_policy_prediction,valid,1,1,,87,policy_prediction,,stain_relative_xy_base_z,rotvec_rad,mm,N,23.954620361328125,-16.20610237121582,178.324462890625,0.007763117551803589,0.13465893268585205,2.4780197143554688,-4.982422828674316,3.0725760459899902,-3.140620470046997,,,prediction_only_not_sent,"[23.954620361328125, -16.20610237121582, 178.324462890625, 0.007763117551803589, 0.13465893268585205, 2.4780197143554688, -4.982422828674316, 3.0725760459899902, -3.140620470046997]","{""predicted_force"": [-4.982422828674316, 3.0725760459899902, -3.140620470046997], ""force_status"": ""policy_prediction""}"
offline_ON_20260930T174818_1790758098906168479_uvwi70ar,98,,,123456789000,4010038756520,receipt_only_no_header,,,denormalized_policy_prediction,valid,1,1,,88,policy_prediction,,stain_relative_xy_base_z,rotvec_rad,mm,N,23.714157104492188,-15.8292236328125,178.7620849609375,0.006187155842781067,0.13061654567718506,2.4792747497558594,-4.899013519287109,2.7268662452697754,-3.239500045776367,,,prediction_only_not_sent,"[23.714157104492188, -15.8292236328125, 178.7620849609375, 0.006187155842781067, 0.13061654567718506, 2.4792747497558594, -4.899013519287109, 2.7268662452697754, -3.239500045776367]","{""predicted_force"": [-4.899013519287109, 2.7268662452697754, -3.239500045776367], ""force_status"": ""policy_prediction""}"
offline_ON_20260930T174818_1790758098906168479_uvwi70ar,99,,,123456789000,4010038756520,receipt_only_no_header,,,denormalized_policy_prediction,valid,1,1,,89,policy_prediction,,stain_relative_xy_base_z,rotvec_rad,mm,N,23.749114990234375,-16.163986206054688,179.527587890625,0.005380913615226746,0.12947073578834534,2.4865453243255615,-4.814502716064453,2.787031650543213,-3.7307345867156982,,,prediction_only_not_sent,"[23.749114990234375, -16.163986206054688, 179.527587890625, 0.005380913615226746, 0.12947073578834534, 2.4865453243255615, -4.814502716064453, 2.787031650543213, -3.7307345867156982]","{""predicted_force"": [-4.814502716064453, 2.787031650543213, -3.7307345867156982], ""force_status"": ""policy_prediction""}"
offline_ON_20260930T174818_1790758098906168479_uvwi70ar,100,,,123456789000,4010038756520,receipt_only_no_header,,,denormalized_policy_prediction,valid,1,1,,90,policy_prediction,,stain_relative_xy_base_z,rotvec_rad,mm,N,21.357376098632812,-16.80423355102539,181.1876678466797,0.000134393572807312,0.12956631183624268,2.4806742668151855,-4.787317276000977,2.9155030250549316,-3.340583562850952,,,prediction_only_not_sent,"[21.357376098632812, -16.80423355102539, 181.1876678466797, 0.000134393572807312, 0.12956631183624268, 2.4806742668151855, -4.787317276000977, 2.9155030250549316, -3.340583562850952]","{""predicted_force"": [-4.787317276000977, 2.9155030250549316, -3.340583562850952], ""force_status"": ""policy_prediction""}"
offline_ON_20260930T174818_1790758098906168479_uvwi70ar,101,,,123456789000,4010038756520,receipt_only_no_header,,,denormalized_policy_prediction,valid,1,1,,91,policy_prediction,,stain_relative_xy_base_z,rotvec_rad,mm,N,24.185089111328125,-15.525819778442383,181.25942993164062,-0.0009146332740783691,0.12657669186592102,2.4832422733306885,-4.9491682052612305,2.543740749359131,-3.9108879566192627,,,prediction_only_not_sent,"[24.185089111328125, -15.525819778442383, 181.25942993164062, -0.0009146332740783691, 0.12657669186592102, 2.4832422733306885, -4.9491682052612305, 2.543740749359131, -3.9108879566192627]","{""predicted_force"": [-4.9491682052612305, 2.543740749359131, -3.9108879566192627], ""force_status"": ""policy_prediction""}"
offline_ON_20260930T174818_1790758098906168479_uvwi70ar,102,,,123456789000,4010038756520,receipt_only_no_header,,,denormalized_policy_prediction,valid,1,1,,92,policy_prediction,,stain_relative_xy_base_z,rotvec_rad,mm,N,25.724594116210938,-16.413272857666016,182.27354431152344,-0.001725524663925171,0.12672901153564453,2.478206157684326,-4.815655708312988,2.500922679901123,-3.553727149963379,,,prediction_only_not_sent,"[25.724594116210938, -16.413272857666016, 182.27354431152344, -0.001725524663925171, 0.12672901153564453, 2.478206157684326, -4.815655708312988, 2.500922679901123, -3.553727149963379]","{""predicted_force"": [-4.815655708312988, 2.500922679901123, -3.553727149963379], ""force_status"": ""policy_prediction""}"
offline_ON_20260930T174818_1790758098906168479_uvwi70ar,103,,,123456789000,4010038756520,receipt_only_no_header,,,denormalized_policy_prediction,valid,1,1,,93,policy_prediction,,stain_relative_xy_base_z,rotvec_rad,mm,N,23.853622436523438,-15.803977966308594,182.3977508544922,-0.0022619962692260742,0.12539705634117126,2.4798426628112793,-4.584918022155762,2.3810887336730957,-4.010967254638672,,,prediction_only_not_sent,"[23.853622436523438, -15.803977966308594, 182.3977508544922, -0.0022619962692260742, 0.12539705634117126, 2.4798426628112793, -4.584918022155762, 2.3810887336730957, -4.010967254638672]","{""predicted_force"": [-4.584918022155762, 2.3810887336730957, -4.010967254638672], ""force_status"": ""policy_prediction""}"
offline_ON_20260930T174818_1790758098906168479_uvwi70ar,104,,,123456789000,4010038756520,receipt_only_no_header,,,denormalized_policy_prediction,valid,1,1,,94,policy_prediction,,stain_relative_xy_base_z,rotvec_rad,mm,N,23.841033935546875,-15.929410934448242,184.2980194091797,-0.0017696619033813477,0.12151879817247391,2.4746575355529785,-4.815387725830078,2.0109925270080566,-3.314178466796875,,,prediction_only_not_sent,"[23.841033935546875, -15.929410934448242, 184.2980194091797, -0.0017696619033813477, 0.12151879817247391, 2.4746575355529785, -4.815387725830078, 2.0109925270080566, -3.314178466796875]","{""predicted_force"": [-4.815387725830078, 2.0109925270080566, -3.314178466796875], ""force_status"": ""policy_prediction""}"
offline_ON_20260930T174818_1790758098906168479_uvwi70ar,105,,,123456789000,4010038756520,receipt_only_no_header,,,denormalized_policy_prediction,valid,1,1,,95,policy_prediction,,stain_relative_xy_base_z,rotvec_rad,mm,N,23.193603515625,-16.106698989868164,183.2740020751953,-0.0017215907573699951,0.12135442346334457,2.481635570526123,-4.715577125549316,1.9691262245178223,-3.727668285369873,,,prediction_only_not_sent,"[23.193603515625, -16.106698989868164, 183.2740020751953, -0.0017215907573699951, 0.12135442346334457, 2.481635570526123, -4.715577125549316, 1.9691262245178223, -3.727668285369873]","{""predicted_force"": [-4.715577125549316, 1.9691262245178223, -3.727668285369873], ""force_status"": ""policy_prediction""}"
offline_ON_20260930T174818_1790758098906168479_uvwi70ar,106,,,123456789000,4010038756520,receipt_only_no_header,,,denormalized_policy_prediction,valid,1,1,,96,policy_prediction,,stain_relative_xy_base_z,rotvec_rad,mm,N,20.294845581054688,-15.638553619384766,185.5404052734375,-0.004967555403709412,0.11881162971258163,2.4752728939056396,-4.692270278930664,1.937568187713623,-3.5080950260162354,,,prediction_only_not_sent,"[20.294845581054688, -15.638553619384766, 185.5404052734375, -0.004967555403709412, 0.11881162971258163, 2.4752728939056396, -4.692270278930664, 1.937568187713623, -3.5080950260162354]","{""predicted_force"": [-4.692270278930664, 1.937568187713623, -3.5080950260162354], ""force_status"": ""policy_prediction""}"
offline_ON_20260930T174818_1790758098906168479_uvwi70ar,107,,,123456789000,4010038756520,receipt_only_no_header,,,denormalized_policy_prediction,valid,1,1,,97,policy_prediction,,stain_relative_xy_base_z,rotvec_rad,mm,N,22.561569213867188,-16.115266799926758,185.25636291503906,-0.007606193423271179,0.1179664358496666,2.4773149490356445,-4.664730072021484,1.7961668968200684,-3.2828550338745117,,,prediction_only_not_sent,"[22.561569213867188, -16.115266799926758, 185.25636291503906, -0.007606193423271179, 0.1179664358496666, 2.4773149490356445, -4.664730072021484, 1.7961668968200684, -3.2828550338745117]","{""predicted_force"": [-4.664730072021484, 1.7961668968200684, -3.2828550338745117], ""force_status"": ""policy_prediction""}"
offline_ON_20260930T174818_1790758098906168479_uvwi70ar,108,,,123456789000,4010038756520,receipt_only_no_header,,,denormalized_policy_prediction,valid,1,1,,98,policy_prediction,,stain_relative_xy_base_z,rotvec_rad,mm,N,21.101364135742188,-17.632091522216797,186.59271240234375,-0.010766372084617615,0.11887338012456894,2.4801430702209473,-4.562997817993164,1.594637393951416,-3.247422218322754,,,prediction_only_not_sent,"[21.101364135742188, -17.632091522216797, 186.59271240234375, -0.010766372084617615, 0.11887338012456894, 2.4801430702209473, -4.562997817993164, 1.594637393951416, -3.247422218322754]","{""predicted_force"": [-4.562997817993164, 1.594637393951416, -3.247422218322754], ""force_status"": ""policy_prediction""}"
offline_ON_20260930T174818_1790758098906168479_uvwi70ar,109,,,123456789000,4010038756520,receipt_only_no_header,,,denormalized_policy_prediction,valid,1,1,,99,policy_prediction,,stain_relative_xy_base_z,rotvec_rad,mm,N,22.855484008789062,-15.896934509277344,186.61776733398438,-0.01155078411102295,0.11851007491350174,2.4781222343444824,-4.3747148513793945,1.2852072715759277,-3.0676674842834473,,,prediction_only_not_sent,"[22.855484008789062, -15.896934509277344, 186.61776733398438, -0.01155078411102295, 0.11851007491350174, 2.4781222343444824, -4.3747148513793945, 1.2852072715759277, -3.0676674842834473]","{""predicted_force"": [-4.3747148513793945, 1.2852072715759277, -3.0676674842834473], ""force_status"": ""policy_prediction""}"
offline_ON_20260930T174818_1790758098906168479_uvwi70ar,110,,,123456789000,4010038756520,receipt_only_no_header,,,denormalized_policy_prediction,valid,1,1,,100,policy_prediction,,stain_relative_xy_base_z,rotvec_rad,mm,N,23.980438232421875,-16.144311904907227,187.18707275390625,-0.009010151028633118,0.11848533898591995,2.4765074253082275,-4.582390785217285,1.0352730751037598,-3.3570384979248047,,,prediction_only_not_sent,"[23.980438232421875, -16.144311904907227, 187.18707275390625, -0.009010151028633118, 0.11848533898591995, 2.4765074253082275, -4.582390785217285, 1.0352730751037598, -3.3570384979248047]","{""predicted_force"": [-4.582390785217285, 1.0352730751037598, -3.3570384979248047], ""force_status"": ""policy_prediction""}"
offline_ON_20260930T174818_1790758098906168479_uvwi70ar,111,,,123456789000,4010038756520,receipt_only_no_header,,,denormalized_policy_prediction,valid,1,1,,101,policy_prediction,,stain_relative_xy_base_z,rotvec_rad,mm,N,19.266006469726562,-15.495218276977539,188.4656524658203,-0.011426389217376709,0.11623504012823105,2.473609685897827,-4.535433769226074,1.0709328651428223,-3.2361624240875244,,,prediction_only_not_sent,"[19.266006469726562, -15.495218276977539, 188.4656524658203, -0.011426389217376709, 0.11623504012823105, 2.473609685897827, -4.535433769226074, 1.0709328651428223, -3.2361624240875244]","{""predicted_force"": [-4.535433769226074, 1.0709328651428223, -3.2361624240875244], ""force_status"": ""policy_prediction""}"
offline_ON_20260930T174818_1790758098906168479_uvwi70ar,112,,,123456789000,4010038756520,receipt_only_no_header,,,denormalized_policy_prediction,valid,1,1,,102,policy_prediction,,stain_relative_xy_base_z,rotvec_rad,mm,N,22.812713623046875,-16.649450302124023,189.0611114501953,-0.013721749186515808,0.11717983335256577,2.4801862239837646,-4.392058372497559,0.7086505889892578,-2.728628158569336,,,prediction_only_not_sent,"[22.812713623046875, -16.649450302124023, 189.0611114501953, -0.013721749186515808, 0.11717983335256577, 2.4801862239837646, -4.392058372497559, 0.7086505889892578, -2.728628158569336]","{""predicted_force"": [-4.392058372497559, 0.7086505889892578, -2.728628158569336], ""force_status"": ""policy_prediction""}"
offline_ON_20260930T174818_1790758098906168479_uvwi70ar,113,,,123456789000,4010038756520,receipt_only_no_header,,,denormalized_policy_prediction,valid,1,1,,103,policy_prediction,,stain_relative_xy_base_z,rotvec_rad,mm,N,20.352859497070312,-15.683635711669922,188.8942108154297,-0.015858232975006104,0.11632774025201797,2.4762144088745117,-4.320852279663086,0.6036581993103027,-2.697378635406494,,,prediction_only_not_sent,"[20.352859497070312, -15.683635711669922, 188.8942108154297, -0.015858232975006104, 0.11632774025201797, 2.4762144088745117, -4.320852279663086, 0.6036581993103027, -2.697378635406494]","{""predicted_force"": [-4.320852279663086, 0.6036581993103027, -2.697378635406494], ""force_status"": ""policy_prediction""}"
offline_ON_20260930T174818_1790758098906168479_uvwi70ar,114,,,123456789000,4010038756520,receipt_only_no_header,,,denormalized_policy_prediction,valid,1,1,,104,policy_prediction,,stain_relative_xy_base_z,rotvec_rad,mm,N,22.8443603515625,-15.646581649780273,190.65260314941406,-0.016306743025779724,0.11852847784757614,2.475630044937134,-4.505650520324707,0.37491846084594727,-3.328002452850342,,,prediction_only_not_sent,"[22.8443603515625, -15.646581649780273, 190.65260314941406, -0.016306743025779724, 0.11852847784757614, 2.475630044937134, -4.505650520324707, 0.37491846084594727, -3.328002452850342]","{""predicted_force"": [-4.505650520324707, 0.37491846084594727, -3.328002452850342], ""force_status"": ""policy_prediction""}"
offline_ON_20260930T174818_1790758098906168479_uvwi70ar,115,,,123456789000,4010038756520,receipt_only_no_header,,,denormalized_policy_prediction,valid,1,1,,105,policy_prediction,,stain_relative_xy_base_z,rotvec_rad,mm,N,18.559646606445312,-14.903589248657227,189.5338897705078,-0.015353545546531677,0.11689499765634537,2.4787509441375732,-4.203971862792969,0.0721435546875,-3.0413661003112793,,,prediction_only_not_sent,"[18.559646606445312, -14.903589248657227, 189.5338897705078, -0.015353545546531677, 0.11689499765634537, 2.4787509441375732, -4.203971862792969, 0.0721435546875, -3.0413661003112793]","{""predicted_force"": [-4.203971862792969, 0.0721435546875, -3.0413661003112793], ""force_status"": ""policy_prediction""}"
offline_ON_20260930T174818_1790758098906168479_uvwi70ar,116,,,123456789000,4010038756520,receipt_only_no_header,,,denormalized_policy_prediction,valid,1,1,,106,policy_prediction,,stain_relative_xy_base_z,rotvec_rad,mm,N,20.779205322265625,-14.530965805053711,190.39306640625,-0.017744824290275574,0.11898171156644821,2.476541757583618,-4.21436882019043,-0.07976865768432617,-2.6402530670166016,,,prediction_only_not_sent,"[20.779205322265625, -14.530965805053711, 190.39306640625, -0.017744824290275574, 0.11898171156644821, 2.476541757583618, -4.21436882019043, -0.07976865768432617, -2.6402530670166016]","{""predicted_force"": [-4.21436882019043, -0.07976865768432617, -2.6402530670166016], ""force_status"": ""policy_prediction""}"
offline_ON_20260930T174818_1790758098906168479_uvwi70ar,117,,,123456789000,4010038756520,receipt_only_no_header,,,denormalized_policy_prediction,valid,1,1,,107,policy_prediction,,stain_relative_xy_base_z,rotvec_rad,mm,N,19.594558715820312,-14.351350784301758,190.29612731933594,-0.02011720836162567,0.11922524124383926,2.480226755142212,-4.050397872924805,-0.0059185028076171875,-3.024320125579834,,,prediction_only_not_sent,"[19.594558715820312, -14.351350784301758, 190.29612731933594, -0.02011720836162567, 0.11922524124383926, 2.480226755142212, -4.050397872924805, -0.0059185028076171875, -3.024320125579834]","{""predicted_force"": [-4.050397872924805, -0.0059185028076171875, -3.024320125579834], ""force_status"": ""policy_prediction""}"
offline_ON_20260930T174818_1790758098906168479_uvwi70ar,118,,,123456789000,4010038756520,receipt_only_no_header,,,denormalized_policy_prediction,valid,1,1,,108,policy_prediction,,stain_relative_xy_base_z,rotvec_rad,mm,N,19.732269287109375,-13.489175796508789,190.09597778320312,-0.02022901177406311,0.1190604642033577,2.47479248046875,-4.263145446777344,-0.28449153900146484,-2.9761240482330322,,,prediction_only_not_sent,"[19.732269287109375, -13.489175796508789, 190.09597778320312, -0.02022901177406311, 0.1190604642033577, 2.47479248046875, -4.263145446777344, -0.28449153900146484, -2.9761240482330322]","{""predicted_force"": [-4.263145446777344, -0.28449153900146484, -2.9761240482330322], ""force_status"": ""policy_prediction""}"
offline_ON_20260930T174818_1790758098906168479_uvwi70ar,119,,,123456789000,4010038756520,receipt_only_no_header,,,denormalized_policy_prediction,valid,1,1,,109,policy_prediction,,stain_relative_xy_base_z,rotvec_rad,mm,N,19.15032958984375,-12.91795539855957,190.96682739257812,-0.02041323482990265,0.11551744490861893,2.4764201641082764,-4.22315788269043,-0.6115808486938477,-3.211948871612549,,,prediction_only_not_sent,"[19.15032958984375, -12.91795539855957, 190.96682739257812, -0.02041323482990265, 0.11551744490861893, 2.4764201641082764, -4.22315788269043, -0.6115808486938477, -3.211948871612549]","{""predicted_force"": [-4.22315788269043, -0.6115808486938477, -3.211948871612549], ""force_status"": ""policy_prediction""}"
offline_ON_20260930T174818_1790758098906168479_uvwi70ar,120,,,123456789000,4010038756520,receipt_only_no_header,,,denormalized_policy_prediction,valid,1,1,,110,policy_prediction,,stain_relative_xy_base_z,rotvec_rad,mm,N,19.227584838867188,-12.916542053222656,192.24339294433594,-0.025102734565734863,0.12222259491682053,2.4734485149383545,-3.997553825378418,-0.8341999053955078,-3.545646905899048,,,prediction_only_not_sent,"[19.227584838867188, -12.916542053222656, 192.24339294433594, -0.025102734565734863, 0.12222259491682053, 2.4734485149383545, -3.997553825378418, -0.8341999053955078, -3.545646905899048]","{""predicted_force"": [-3.997553825378418, -0.8341999053955078, -3.545646905899048], ""force_status"": ""policy_prediction""}"
offline_ON_20260930T174818_1790758098906168479_uvwi70ar,121,,,123456789000,4010038756520,receipt_only_no_header,,,denormalized_policy_prediction,valid,1,1,,111,policy_prediction,,stain_relative_xy_base_z,rotvec_rad,mm,N,18.247634887695312,-12.63575553894043,191.73715209960938,-0.024350062012672424,0.11873870342969894,2.472626209259033,-3.941282272338867,-1.0412492752075195,-3.676659107208252,,,prediction_only_not_sent,"[18.247634887695312, -12.63575553894043, 191.73715209960938, -0.024350062012672424, 0.11873870342969894, 2.472626209259033, -3.941282272338867, -1.0412492752075195, -3.676659107208252]","{""predicted_force"": [-3.941282272338867, -1.0412492752075195, -3.676659107208252], ""force_status"": ""policy_prediction""}"
offline_ON_20260930T174818_1790758098906168479_uvwi70ar,122,,,123456789000,4010038756520,receipt_only_no_header,,,denormalized_policy_prediction,valid,1,1,,112,policy_prediction,,stain_relative_xy_base_z,rotvec_rad,mm,N,16.398757934570312,-11.586751937866211,191.48243713378906,-0.02141091227531433,0.11845863610506058,2.474977731704712,-4.146592140197754,-1.0593457221984863,-3.1340670585632324,,,prediction_only_not_sent,"[16.398757934570312, -11.586751937866211, 191.48243713378906, -0.02141091227531433, 0.11845863610506058, 2.474977731704712, -4.146592140197754, -1.0593457221984863, -3.1340670585632324]","{""predicted_force"": [-4.146592140197754, -1.0593457221984863, -3.1340670585632324], ""force_status"": ""policy_prediction""}"
offline_ON_20260930T174818_1790758098906168479_uvwi70ar,123,,,123456789000,4010038756520,receipt_only_no_header,,,denormalized_policy_prediction,valid,1,1,,113,policy_prediction,,stain_relative_xy_base_z,rotvec_rad,mm,N,17.50408935546875,-12.068794250488281,192.6516571044922,-0.022420436143875122,0.11795542389154434,2.471294403076172,-3.866206169128418,-1.142763614654541,-3.4732697010040283,,,prediction_only_not_sent,"[17.50408935546875, -12.068794250488281, 192.6516571044922, -0.022420436143875122, 0.11795542389154434, 2.471294403076172, -3.866206169128418, -1.142763614654541, -3.4732697010040283]","{""predicted_force"": [-3.866206169128418, -1.142763614654541, -3.4732697010040283], ""force_status"": ""policy_prediction""}"
offline_ON_20260930T174818_1790758098906168479_uvwi70ar,124,,,123456789000,4010038756520,receipt_only_no_header,,,denormalized_policy_prediction,valid,1,1,,114,policy_prediction,,stain_relative_xy_base_z,rotvec_rad,mm,N,17.615768432617188,-10.506502151489258,191.76673889160156,-0.02215161919593811,0.11662965267896652,2.473038911819458,-3.9620018005371094,-1.3695950508117676,-3.1678831577301025,,,prediction_only_not_sent,"[17.615768432617188, -10.506502151489258, 191.76673889160156, -0.02215161919593811, 0.11662965267896652, 2.473038911819458, -3.9620018005371094, -1.3695950508117676, -3.1678831577301025]","{""predicted_force"": [-3.9620018005371094, -1.3695950508117676, -3.1678831577301025], ""force_status"": ""policy_prediction""}"
offline_ON_20260930T174818_1790758098906168479_uvwi70ar,125,,,123456789000,4010038756520,receipt_only_no_header,,,denormalized_policy_prediction,valid,1,1,,115,policy_prediction,,stain_relative_xy_base_z,rotvec_rad,mm,N,17.756515502929688,-11.05938720703125,191.68685913085938,-0.02430945634841919,0.12040948122739792,2.4704806804656982,-3.9172277450561523,-1.396883487701416,-3.3962197303771973,,,prediction_only_not_sent,"[17.756515502929688, -11.05938720703125, 191.68685913085938, -0.02430945634841919, 0.12040948122739792, 2.4704806804656982, -3.9172277450561523, -1.396883487701416, -3.3962197303771973]","{""predicted_force"": [-3.9172277450561523, -1.396883487701416, -3.3962197303771973], ""force_status"": ""policy_prediction""}"
offline_ON_20260930T174818_1790758098906168479_uvwi70ar,126,,,123456789000,4010038756520,receipt_only_no_header,,,denormalized_policy_prediction,valid,1,1,,116,policy_prediction,,stain_relative_xy_base_z,rotvec_rad,mm,N,15.225982666015625,-11.001819610595703,191.5087432861328,-0.02234761416912079,0.12087399512529373,2.4775164127349854,-3.857171058654785,-1.6420283317565918,-2.8371825218200684,,,prediction_only_not_sent,"[15.225982666015625, -11.001819610595703, 191.5087432861328, -0.02234761416912079, 0.12087399512529373, 2.4775164127349854, -3.857171058654785, -1.6420283317565918, -2.8371825218200684]","{""predicted_force"": [-3.857171058654785, -1.6420283317565918, -2.8371825218200684], ""force_status"": ""policy_prediction""}"
offline_ON_20260930T174818_1790758098906168479_uvwi70ar,127,,,123456789000,4010038756520,receipt_only_no_header,,,denormalized_policy_prediction,valid,1,1,,117,policy_prediction,,stain_relative_xy_base_z,rotvec_rad,mm,N,16.896163940429688,-10.560962677001953,192.3443145751953,-0.02422693371772766,0.11818201094865799,2.475861072540283,-3.87741756439209,-1.5821571350097656,-3.8630549907684326,,,prediction_only_not_sent,"[16.896163940429688, -10.560962677001953, 192.3443145751953, -0.02422693371772766, 0.11818201094865799, 2.475861072540283, -3.87741756439209, -1.5821571350097656, -3.8630549907684326]","{""predicted_force"": [-3.87741756439209, -1.5821571350097656, -3.8630549907684326], ""force_status"": ""policy_prediction""}"
offline_ON_20260930T174818_1790758098906168479_uvwi70ar,128,,,123456789000,4010038756520,receipt_only_no_header,,,denormalized_policy_prediction,valid,1,1,,118,policy_prediction,,stain_relative_xy_base_z,rotvec_rad,mm,N,17.649795532226562,-8.8104248046875,192.07095336914062,-0.026331201195716858,0.11826542764902115,2.469194173812866,-3.777740478515625,-1.5148835182189941,-3.0943191051483154,,,prediction_only_not_sent,"[17.649795532226562, -8.8104248046875, 192.07095336914062, -0.026331201195716858, 0.11826542764902115, 2.469194173812866, -3.777740478515625, -1.5148835182189941, -3.0943191051483154]","{""predicted_force"": [-3.777740478515625, -1.5148835182189941, -3.0943191051483154], ""force_status"": ""policy_prediction""}"
offline_ON_20260930T174818_1790758098906168479_uvwi70ar,129,,,123456789000,4010038756520,receipt_only_no_header,,,denormalized_policy_prediction,valid,1,1,,119,policy_prediction,,stain_relative_xy_base_z,rotvec_rad,mm,N,14.39208984375,-9.928077697753906,192.0736541748047,-0.024035215377807617,0.11974998563528061,2.4676928520202637,-3.872555732727051,-1.6084017753601074,-3.4205374717712402,,,prediction_only_not_sent,"[14.39208984375, -9.928077697753906, 192.0736541748047, -0.024035215377807617, 0.11974998563528061, 2.4676928520202637, -3.872555732727051, -1.6084017753601074, -3.4205374717712402]","{""predicted_force"": [-3.872555732727051, -1.6084017753601074, -3.4205374717712402], ""force_status"": ""policy_prediction""}"
offline_ON_20260930T174818_1790758098906168479_uvwi70ar,130,,,123456789000,4010038756520,receipt_only_no_header,,,denormalized_policy_prediction,valid,1,1,,120,policy_prediction,,stain_relative_xy_base_z,rotvec_rad,mm,N,16.623275756835938,-9.801736831665039,194.26878356933594,-0.02343165874481201,0.12214750796556473,2.470932960510254,-3.606922149658203,-1.7629961967468262,-2.925128936767578,,,prediction_only_not_sent,"[16.623275756835938, -9.801736831665039, 194.26878356933594, -0.02343165874481201, 0.12214750796556473, 2.470932960510254, -3.606922149658203, -1.7629961967468262, -2.925128936767578]","{""predicted_force"": [-3.606922149658203, -1.7629961967468262, -2.925128936767578], ""force_status"": ""policy_prediction""}"
offline_ON_20260930T174818_1790758098906168479_uvwi70ar,131,,,123456789000,4010038756520,receipt_only_no_header,,,denormalized_policy_prediction,valid,1,1,,121,policy_prediction,,stain_relative_xy_base_z,rotvec_rad,mm,N,13.344955444335938,-9.255373001098633,193.7952880859375,-0.02154439687728882,0.12229043990373611,2.4653429985046387,-3.872063636779785,-1.6445093154907227,-3.3373255729675293,,,prediction_only_not_sent,"[13.344955444335938, -9.255373001098633, 193.7952880859375, -0.02154439687728882, 0.12229043990373611, 2.4653429985046387, -3.872063636779785, -1.6445093154907227, -3.3373255729675293]","{""predicted_force"": [-3.872063636779785, -1.6445093154907227, -3.3373255729675293], ""force_status"": ""policy_prediction""}"
offline_ON_20260930T174818_1790758098906168479_uvwi70ar,132,,,123456789000,4010038756520,receipt_only_no_header,,,denormalized_policy_prediction,valid,1,1,,122,policy_prediction,,stain_relative_xy_base_z,rotvec_rad,mm,N,13.6641845703125,-9.687566757202148,192.84283447265625,-0.025660306215286255,0.12129280716180801,2.468526601791382,-3.811992645263672,-1.6550869941711426,-3.3446755409240723,,,prediction_only_not_sent,"[13.6641845703125, -9.687566757202148, 192.84283447265625, -0.025660306215286255, 0.12129280716180801, 2.468526601791382, -3.811992645263672, -1.6550869941711426, -3.3446755409240723]","{""predicted_force"": [-3.811992645263672, -1.6550869941711426, -3.3446755409240723], ""force_status"": ""policy_prediction""}"
offline_ON_20260930T174818_1790758098906168479_uvwi70ar,133,,,123456789000,4010038756520,receipt_only_no_header,,,denormalized_policy_prediction,valid,1,1,,123,policy_prediction,,stain_relative_xy_base_z,rotvec_rad,mm,N,12.721328735351562,-8.239852905273438,192.0636444091797,-0.024524345993995667,0.11857479065656662,2.463618278503418,-3.581221580505371,-1.7358050346374512,-2.985870122909546,,,prediction_only_not_sent,"[12.721328735351562, -8.239852905273438, 192.0636444091797, -0.024524345993995667, 0.11857479065656662, 2.463618278503418, -3.581221580505371, -1.7358050346374512, -2.985870122909546]","{""predicted_force"": [-3.581221580505371, -1.7358050346374512, -2.985870122909546], ""force_status"": ""policy_prediction""}"
offline_ON_20260930T174818_1790758098906168479_uvwi70ar,134,,,123456789000,4010038756520,receipt_only_no_header,,,denormalized_policy_prediction,valid,1,1,,124,policy_prediction,,stain_relative_xy_base_z,rotvec_rad,mm,N,14.47998046875,-9.606803894042969,192.88168334960938,-0.023798584938049316,0.12017207592725754,2.465709924697876,-3.7551498413085938,-1.8534059524536133,-2.7481727600097656,,,prediction_only_not_sent,"[14.47998046875, -9.606803894042969, 192.88168334960938, -0.023798584938049316, 0.12017207592725754, 2.465709924697876, -3.7551498413085938, -1.8534059524536133, -2.7481727600097656]","{""predicted_force"": [-3.7551498413085938, -1.8534059524536133, -2.7481727600097656], ""force_status"": ""policy_prediction""}"
offline_ON_20260930T174818_1790758098906168479_uvwi70ar,135,,,123456789000,4010038756520,receipt_only_no_header,,,denormalized_policy_prediction,valid,1,1,,125,policy_prediction,,stain_relative_xy_base_z,rotvec_rad,mm,N,11.23919677734375,-8.676822662353516,192.81784057617188,-0.022663652896881104,0.11841308325529099,2.466153860092163,-3.536914825439453,-1.6907782554626465,-2.7574212551116943,,,prediction_only_not_sent,"[11.23919677734375, -8.676822662353516, 192.81784057617188, -0.022663652896881104, 0.11841308325529099, 2.466153860092163, -3.536914825439453, -1.6907782554626465, -2.7574212551116943]","{""predicted_force"": [-3.536914825439453, -1.6907782554626465, -2.7574212551116943], ""force_status"": ""policy_prediction""}"
offline_ON_20260930T174818_1790758098906168479_uvwi70ar,136,,,123456789000,4010038756520,receipt_only_no_header,,,denormalized_policy_prediction,valid,1,1,,126,policy_prediction,,stain_relative_xy_base_z,rotvec_rad,mm,N,11.108352661132812,-9.32276725769043,193.03262329101562,-0.02694500982761383,0.1193118616938591,2.4661848545074463,-3.5593080520629883,-1.8842206001281738,-2.5585970878601074,,,prediction_only_not_sent,"[11.108352661132812, -9.32276725769043, 193.03262329101562, -0.02694500982761383, 0.1193118616938591, 2.4661848545074463, -3.5593080520629883, -1.8842206001281738, -2.5585970878601074]","{""predicted_force"": [-3.5593080520629883, -1.8842206001281738, -2.5585970878601074], ""force_status"": ""policy_prediction""}"
offline_ON_20260930T174818_1790758098906168479_uvwi70ar,137,,,123456789000,4010038756520,receipt_only_no_header,,,denormalized_policy_prediction,valid,1,1,,127,policy_prediction,,stain_relative_xy_base_z,rotvec_rad,mm,N,10.080963134765625,-7.694271087646484,192.1374053955078,-0.026179969310760498,0.1164611354470253,2.4699106216430664,-3.500631332397461,-1.5239572525024414,-1.8375201225280762,,,prediction_only_not_sent,"[10.080963134765625, -7.694271087646484, 192.1374053955078, -0.026179969310760498, 0.1164611354470253, 2.4699106216430664, -3.500631332397461, -1.5239572525024414, -1.8375201225280762]","{""predicted_force"": [-3.500631332397461, -1.5239572525024414, -1.8375201225280762], ""force_status"": ""policy_prediction""}"
offline_ON_20260930T174818_1790758098906168479_uvwi70ar,140,,,123456789000,4010039500943,receipt_only_no_header,,,shared_postprocessor,valid,1,1,,0,postprocessed,,robot_base,rotvec_rad,mm,N,406.76812744140625,505.4281005859375,171.3844451904297,0.022906601428985596,0.13082849979400635,2.5068981647491455,0.0,0.0,6.903299808502197,,,prepared_not_sent,"[406.76812744140625, 505.4281005859375, 171.3844451904297, 0.022906601428985596, 0.13082849979400635, 2.5068981647491455, 0.0, 0.0, 6.903299808502197]",
offline_ON_20260930T174818_1790758098906168479_uvwi70ar,141,,,123456789000,4010039505712,receipt_only_no_header,,,shared_postprocessor,valid,1,1,,1,postprocessed,,robot_base,rotvec_rad,mm,N,407.9555358886719,505.6304931640625,170.84791564941406,0.021337047219276428,0.12885841727256775,2.506932497024536,0.0,0.0,7.592296123504639,,,prepared_not_sent,"[407.9555358886719, 505.6304931640625, 170.84791564941406, 0.021337047219276428, 0.12885841727256775, 2.506932497024536, 0.0, 0.0, 7.592296123504639]",
offline_ON_20260930T174818_1790758098906168479_uvwi70ar,142,,,123456789000,4010039508909,receipt_only_no_header,,,shared_postprocessor,valid,1,1,,2,postprocessed,,robot_base,rotvec_rad,mm,N,404.9988098144531,504.56964111328125,170.52369689941406,0.027131065726280212,0.13105642795562744,2.4982423782348633,0.0,0.0,7.324015140533447,,,prepared_not_sent,"[404.9988098144531, 504.56964111328125, 170.52369689941406, 0.027131065726280212, 0.13105642795562744, 2.4982423782348633, 0.0, 0.0, 7.324015140533447]",
offline_ON_20260930T174818_1790758098906168479_uvwi70ar,143,,,123456789000,4010039511674,receipt_only_no_header,,,shared_postprocessor,valid,1,1,,3,postprocessed,,robot_base,rotvec_rad,mm,N,405.08966064453125,503.7909240722656,169.7826385498047,0.01960885524749756,0.13154330849647522,2.5080461502075195,0.0,0.0,7.833779811859131,,,prepared_not_sent,"[405.08966064453125, 503.7909240722656, 169.7826385498047, 0.01960885524749756, 0.13154330849647522, 2.5080461502075195, 0.0, 0.0, 7.833779811859131]",
offline_ON_20260930T174818_1790758098906168479_uvwi70ar,144,,,123456789000,4010039514199,receipt_only_no_header,,,shared_postprocessor,valid,1,1,,4,postprocessed,,robot_base,rotvec_rad,mm,N,406.0401306152344,505.1507568359375,170.2341766357422,0.024436771869659424,0.1276441216468811,2.5054032802581787,0.0,0.0,8.389419555664062,,,prepared_not_sent,"[406.0401306152344, 505.1507568359375, 170.2341766357422, 0.024436771869659424, 0.1276441216468811, 2.5054032802581787, 0.0, 0.0, 8.389419555664062]",
offline_ON_20260930T174818_1790758098906168479_uvwi70ar,145,,,123456789000,4010039516894,receipt_only_no_header,,,shared_postprocessor,valid,1,1,,5,postprocessed,,robot_base,rotvec_rad,mm,N,404.7879638671875,505.7247314453125,170.6356964111328,0.025575339794158936,0.12496671825647354,2.503749370574951,0.0,0.0,9.293712615966797,,,prepared_not_sent,"[404.7879638671875, 505.7247314453125, 170.6356964111328, 0.025575339794158936, 0.12496671825647354, 2.503749370574951, 0.0, 0.0, 9.293712615966797]",
offline_ON_20260930T174818_1790758098906168479_uvwi70ar,146,,,123456789000,4010039519258,receipt_only_no_header,,,shared_postprocessor,valid,1,1,,6,postprocessed,,robot_base,rotvec_rad,mm,N,406.73162841796875,504.96221923828125,170.6499481201172,0.02336585521697998,0.12377425283193588,2.4982948303222656,0.0,0.0,8.795583724975586,,,prepared_not_sent,"[406.73162841796875, 504.96221923828125, 170.6499481201172, 0.02336585521697998, 0.12377425283193588, 2.4982948303222656, 0.0, 0.0, 8.795583724975586]",
offline_ON_20260930T174818_1790758098906168479_uvwi70ar,147,,,123456789000,4010039521723,receipt_only_no_header,,,shared_postprocessor,valid,1,1,,7,postprocessed,,robot_base,rotvec_rad,mm,N,409.2423400878906,504.46002197265625,169.6272735595703,0.022335156798362732,0.12285936623811722,2.5096495151519775,0.0,0.0,9.611089706420898,,,prepared_not_sent,"[409.2423400878906, 504.46002197265625, 169.6272735595703, 0.022335156798362732, 0.12285936623811722, 2.5096495151519775, 0.0, 0.0, 9.611089706420898]",
offline_ON_20260930T174818_1790758098906168479_uvwi70ar,148,,,123456789000,4010039524088,receipt_only_no_header,,,shared_postprocessor,valid,1,1,,8,postprocessed,,robot_base,rotvec_rad,mm,N,410.38623046875,504.25665283203125,170.21371459960938,0.02829645574092865,0.12671050429344177,2.502244472503662,0.0,0.0,10.175313949584961,,,prepared_not_sent,"[410.38623046875, 504.25665283203125, 170.21371459960938, 0.02829645574092865, 0.12671050429344177, 2.502244472503662, 0.0, 0.0, 10.175313949584961]",
offline_ON_20260930T174818_1790758098906168479_uvwi70ar,149,,,123456789000,4010039526572,receipt_only_no_header,,,shared_postprocessor,valid,1,1,,9,postprocessed,,robot_base,rotvec_rad,mm,N,406.84332275390625,504.29852294921875,169.84722900390625,0.024116411805152893,0.12430324405431747,2.502408742904663,0.0,0.0,10.1517333984375,,,prepared_not_sent,"[406.84332275390625, 504.29852294921875, 169.84722900390625, 0.024116411805152893, 0.12430324405431747, 2.502408742904663, 0.0, 0.0, 10.1517333984375]",
offline_ON_20260930T174818_1790758098906168479_uvwi70ar,150,,,123456789000,4010039528907,receipt_only_no_header,,,shared_postprocessor,valid,1,1,,10,postprocessed,,robot_base,rotvec_rad,mm,N,411.441162109375,503.6617736816406,170.69224548339844,0.029895126819610596,0.12423514574766159,2.5029869079589844,0.0,0.0,10.914590835571289,,,prepared_not_sent,"[411.441162109375, 503.6617736816406, 170.69224548339844, 0.029895126819610596, 0.12423514574766159, 2.5029869079589844, 0.0, 0.0, 10.914590835571289]",
offline_ON_20260930T174818_1790758098906168479_uvwi70ar,151,,,123456789000,4010039531482,receipt_only_no_header,,,shared_postprocessor,valid,1,1,,11,postprocessed,,robot_base,rotvec_rad,mm,N,408.1070861816406,505.4778137207031,170.79490661621094,0.028213515877723694,0.123887799680233,2.505345344543457,0.0,0.0,11.275714874267578,,,prepared_not_sent,"[408.1070861816406, 505.4778137207031, 170.79490661621094, 0.028213515877723694, 0.123887799680233, 2.505345344543457, 0.0, 0.0, 11.275714874267578]",
offline_ON_20260930T174818_1790758098906168479_uvwi70ar,152,,,123456789000,4010039534107,receipt_only_no_header,,,shared_postprocessor,valid,1,1,,12,postprocessed,,robot_base,rotvec_rad,mm,N,409.14849853515625,504.48248291015625,169.18470764160156,0.028670981526374817,0.12523627281188965,2.512500286102295,0.0,0.0,11.172677993774414,,,prepared_not_sent,"[409.14849853515625, 504.48248291015625, 169.18470764160156, 0.028670981526374817, 0.12523627281188965, 2.512500286102295, 0.0, 0.0, 11.172677993774414]",
offline_ON_20260930T174818_1790758098906168479_uvwi70ar,153,,,123456789000,4010039536571,receipt_only_no_header,,,shared_postprocessor,valid,1,1,,13,postprocessed,,robot_base,rotvec_rad,mm,N,409.215576171875,504.1440124511719,169.97073364257812,0.030087918043136597,0.12480532377958298,2.5004520416259766,0.0,0.0,11.425298690795898,,,prepared_not_sent,"[409.215576171875, 504.1440124511719, 169.97073364257812, 0.030087918043136597, 0.12480532377958298, 2.5004520416259766, 0.0, 0.0, 11.425298690795898]",
offline_ON_20260930T174818_1790758098906168479_uvwi70ar,154,,,123456789000,4010039538896,receipt_only_no_header,,,shared_postprocessor,valid,1,1,,14,postprocessed,,robot_base,rotvec_rad,mm,N,407.4200439453125,502.2083435058594,170.5685577392578,0.028943181037902832,0.12549838423728943,2.5038840770721436,0.0,0.0,11.68801498413086,,,prepared_not_sent,"[407.4200439453125, 502.2083435058594, 170.5685577392578, 0.028943181037902832, 0.12549838423728943, 2.5038840770721436, 0.0, 0.0, 11.68801498413086]",
offline_ON_20260930T174818_1790758098906168479_uvwi70ar,155,,,123456789000,4010039541391,receipt_only_no_header,,,shared_postprocessor,valid,1,1,,15,postprocessed,,robot_base,rotvec_rad,mm,N,411.308837890625,503.4639892578125,169.94522094726562,0.03028140962123871,0.1270357072353363,2.5044703483581543,0.0,0.0,12.313838958740234,,,prepared_not_sent,"[411.308837890625, 503.4639892578125, 169.94522094726562, 0.03028140962123871, 0.1270357072353363, 2.5044703483581543, 0.0, 0.0, 12.313838958740234]",
offline_ON_20260930T174818_1790758098906168479_uvwi70ar,156,,,123456789000,4010039543875,receipt_only_no_header,,,shared_postprocessor,valid,1,1,,16,postprocessed,,robot_base,rotvec_rad,mm,N,409.89715576171875,503.2626037597656,169.78594970703125,0.02672313153743744,0.12330230325460434,2.5047974586486816,0.0,0.0,12.526355743408203,,,prepared_not_sent,"[409.89715576171875, 503.2626037597656, 169.78594970703125, 0.02672313153743744, 0.12330230325460434, 2.5047974586486816, 0.0, 0.0, 12.526355743408203]",
offline_ON_20260930T174818_1790758098906168479_uvwi70ar,157,,,123456789000,4010039546450,receipt_only_no_header,,,shared_postprocessor,valid,1,1,,17,postprocessed,,robot_base,rotvec_rad,mm,N,411.59844970703125,504.6702880859375,169.650634765625,0.031158849596977234,0.12327823787927628,2.503929615020752,0.0,0.0,13.07242202758789,,,prepared_not_sent,"[411.59844970703125, 504.6702880859375, 169.650634765625, 0.031158849596977234, 0.12327823787927628, 2.503929615020752, 0.0, 0.0, 13.07242202758789]",
offline_ON_20260930T174818_1790758098906168479_uvwi70ar,158,,,123456789000,4010039548775,receipt_only_no_header,,,shared_postprocessor,valid,1,1,,18,postprocessed,,robot_base,rotvec_rad,mm,N,409.2810363769531,502.87841796875,169.3045196533203,0.032166898250579834,0.1226545050740242,2.5029568672180176,0.0,0.0,13.110342025756836,,,prepared_not_sent,"[409.2810363769531, 502.87841796875, 169.3045196533203, 0.032166898250579834, 0.1226545050740242, 2.5029568672180176, 0.0, 0.0, 13.110342025756836]",
offline_ON_20260930T174818_1790758098906168479_uvwi70ar,159,,,123456789000,4010039551510,receipt_only_no_header,,,shared_postprocessor,valid,1,1,,19,postprocessed,,robot_base,rotvec_rad,mm,N,410.175048828125,503.0031433105469,170.77322387695312,0.03083096444606781,0.12688085436820984,2.5054006576538086,0.0,0.0,13.108745574951172,,,prepared_not_sent,"[410.175048828125, 503.0031433105469, 170.77322387695312, 0.03083096444606781, 0.12688085436820984, 2.5054006576538086, 0.0, 0.0, 13.108745574951172]",
offline_ON_20260930T174818_1790758098906168479_uvwi70ar,160,,,123456789000,4010039554315,receipt_only_no_header,,,shared_postprocessor,valid,1,1,,20,postprocessed,,robot_base,rotvec_rad,mm,N,409.04876708984375,502.74285888671875,169.411865234375,0.02986784279346466,0.12500184774398804,2.509371042251587,0.0,0.0,12.951337814331055,,,prepared_not_sent,"[409.04876708984375, 502.74285888671875, 169.411865234375, 0.02986784279346466, 0.12500184774398804, 2.509371042251587, 0.0, 0.0, 12.951337814331055]",
offline_ON_20260930T174818_1790758098906168479_uvwi70ar,161,,,123456789000,4010039557151,receipt_only_no_header,,,shared_postprocessor,valid,1,1,,21,postprocessed,,robot_base,rotvec_rad,mm,N,412.3966064453125,503.1739807128906,170.82257080078125,0.033874571323394775,0.1236419603228569,2.505216121673584,0.0,0.0,13.05837631225586,,,prepared_not_sent,"[412.3966064453125, 503.1739807128906, 170.82257080078125, 0.033874571323394775, 0.1236419603228569, 2.505216121673584, 0.0, 0.0, 13.05837631225586]",
offline_ON_20260930T174818_1790758098906168479_uvwi70ar,162,,,123456789000,4010039560076,receipt_only_no_header,,,shared_postprocessor,valid,1,1,,22,postprocessed,,robot_base,rotvec_rad,mm,N,411.3512268066406,501.54046630859375,170.4311981201172,0.03474719822406769,0.12415801733732224,2.5036098957061768,0.0,0.0,13.102546691894531,,,prepared_not_sent,"[411.3512268066406, 501.54046630859375, 170.4311981201172, 0.03474719822406769, 0.12415801733732224, 2.5036098957061768, 0.0, 0.0, 13.102546691894531]",
offline_ON_20260930T174818_1790758098906168479_uvwi70ar,163,,,123456789000,4010039562701,receipt_only_no_header,,,shared_postprocessor,valid,1,1,,23,postprocessed,,robot_base,rotvec_rad,mm,N,413.3149719238281,501.68157958984375,170.11538696289062,0.030140548944473267,0.12404235452413559,2.509925603866577,0.0,0.0,13.526371002197266,,,prepared_not_sent,"[413.3149719238281, 501.68157958984375, 170.11538696289062, 0.030140548944473267, 0.12404235452413559, 2.509925603866577, 0.0, 0.0, 13.526371002197266]",
offline_ON_20260930T174818_1790758098906168479_uvwi70ar,164,,,123456789000,4010039565246,receipt_only_no_header,,,shared_postprocessor,valid,1,1,,24,postprocessed,,robot_base,rotvec_rad,mm,N,409.555419921875,501.4140625,170.97348022460938,0.032982707023620605,0.12505200505256653,2.5087761878967285,0.0,0.0,13.243387222290039,,,prepared_not_sent,"[409.555419921875, 501.4140625, 170.97348022460938, 0.032982707023620605, 0.12505200505256653, 2.5087761878967285, 0.0, 0.0, 13.243387222290039]",
offline_ON_20260930T174818_1790758098906168479_uvwi70ar,165,,,123456789000,4010039568162,receipt_only_no_header,,,shared_postprocessor,valid,1,1,,25,postprocessed,,robot_base,rotvec_rad,mm,N,408.7302551269531,501.830322265625,170.265380859375,0.03492008149623871,0.12421447783708572,2.5099854469299316,0.0,0.0,13.236263275146484,,,prepared_not_sent,"[408.7302551269531, 501.830322265625, 170.265380859375, 0.03492008149623871, 0.12421447783708572, 2.5099854469299316, 0.0, 0.0, 13.236263275146484]",
offline_ON_20260930T174818_1790758098906168479_uvwi70ar,166,,,123456789000,4010039570496,receipt_only_no_header,,,shared_postprocessor,valid,1,1,,26,postprocessed,,robot_base,rotvec_rad,mm,N,413.03265380859375,501.2648620605469,171.30995178222656,0.031009957194328308,0.12323542684316635,2.513279914855957,0.0,0.0,12.986932754516602,,,prepared_not_sent,"[413.03265380859375, 501.2648620605469, 171.30995178222656, 0.031009957194328308, 0.12323542684316635, 2.513279914855957, 0.0, 0.0, 12.986932754516602]",
offline_ON_20260930T174818_1790758098906168479_uvwi70ar,167,,,123456789000,4010039573212,receipt_only_no_header,,,shared_postprocessor,valid,1,1,,27,postprocessed,,robot_base,rotvec_rad,mm,N,413.9333801269531,501.1418762207031,170.4120330810547,0.03227926790714264,0.12659338116645813,2.505514144897461,0.0,0.0,13.350870132446289,,,prepared_not_sent,"[413.9333801269531, 501.1418762207031, 170.4120330810547, 0.03227926790714264, 0.12659338116645813, 2.505514144897461, 0.0, 0.0, 13.350870132446289]",
offline_ON_20260930T174818_1790758098906168479_uvwi70ar,168,,,123456789000,4010039575887,receipt_only_no_header,,,shared_postprocessor,valid,1,1,,28,postprocessed,,robot_base,rotvec_rad,mm,N,413.5487060546875,501.5841979980469,169.40135192871094,0.034380123019218445,0.12675559520721436,2.510298728942871,0.0,0.0,13.1104736328125,,,prepared_not_sent,"[413.5487060546875, 501.5841979980469, 169.40135192871094, 0.034380123019218445, 0.12675559520721436, 2.510298728942871, 0.0, 0.0, 13.1104736328125]",
offline_ON_20260930T174818_1790758098906168479_uvwi70ar,169,,,123456789000,4010039578532,receipt_only_no_header,,,shared_postprocessor,valid,1,1,,29,postprocessed,,robot_base,rotvec_rad,mm,N,414.793701171875,502.2679443359375,170.41497802734375,0.035076841711997986,0.12407606095075607,2.5047073364257812,0.0,0.0,13.796649932861328,,,prepared_not_sent,"[414.793701171875, 502.2679443359375, 170.41497802734375, 0.035076841711997986, 0.12407606095075607, 2.5047073364257812, 0.0, 0.0, 13.796649932861328]",
offline_ON_20260930T174818_1790758098906168479_uvwi70ar,170,,,123456789000,4010039581217,receipt_only_no_header,,,shared_postprocessor,valid,1,1,,30,postprocessed,,robot_base,rotvec_rad,mm,N,409.9833679199219,500.1917724609375,170.58836364746094,0.033346936106681824,0.12451352924108505,2.5058414936065674,0.0,0.0,13.426998138427734,,,prepared_not_sent,"[409.9833679199219, 500.1917724609375, 170.58836364746094, 0.033346936106681824, 0.12451352924108505, 2.5058414936065674, 0.0, 0.0, 13.426998138427734]",
offline_ON_20260930T174818_1790758098906168479_uvwi70ar,171,,,123456789000,4010039583772,receipt_only_no_header,,,shared_postprocessor,valid,1,1,,31,postprocessed,,robot_base,rotvec_rad,mm,N,413.80145263671875,501.95123291015625,169.59954833984375,0.03311316668987274,0.12677034735679626,2.509939670562744,0.0,0.0,14.108068466186523,,,prepared_not_sent,"[413.80145263671875, 501.95123291015625, 169.59954833984375, 0.03311316668987274, 0.12677034735679626, 2.509939670562744, 0.0, 0.0, 14.108068466186523]",
offline_ON_20260930T174818_1790758098906168479_uvwi70ar,172,,,123456789000,4010039586146,receipt_only_no_header,,,shared_postprocessor,valid,1,1,,32,postprocessed,,robot_base,rotvec_rad,mm,N,412.5931396484375,501.10809326171875,170.59829711914062,0.03730122745037079,0.12687468528747559,2.5091047286987305,0.0,0.0,14.064861297607422,,,prepared_not_sent,"[412.5931396484375, 501.10809326171875, 170.59829711914062, 0.03730122745037079, 0.12687468528747559, 2.5091047286987305, 0.0, 0.0, 14.064861297607422]",
offline_ON_20260930T174818_1790758098906168479_uvwi70ar,173,,,123456789000,4010039588871,receipt_only_no_header,,,shared_postprocessor,valid,1,1,,33,postprocessed,,robot_base,rotvec_rad,mm,N,412.01287841796875,501.7182922363281,169.5393524169922,0.03058481216430664,0.12660875916481018,2.502683401107788,0.0,0.0,14.30941390991211,,,prepared_not_sent,"[412.01287841796875, 501.7182922363281, 169.5393524169922, 0.03058481216430664, 0.12660875916481018, 2.502683401107788, 0.0, 0.0, 14.30941390991211]",
offline_ON_20260930T174818_1790758098906168479_uvwi70ar,174,,,123456789000,4010039591356,receipt_only_no_header,,,shared_postprocessor,valid,1,1,,34,postprocessed,,robot_base,rotvec_rad,mm,N,415.22015380859375,500.6305236816406,171.0328826904297,0.03689804673194885,0.12560835480690002,2.5090315341949463,0.0,0.0,14.55482292175293,,,prepared_not_sent,"[415.22015380859375, 500.6305236816406, 171.0328826904297, 0.03689804673194885, 0.12560835480690002, 2.5090315341949463, 0.0, 0.0, 14.55482292175293]",
offline_ON_20260930T174818_1790758098906168479_uvwi70ar,175,,,123456789000,4010039593871,receipt_only_no_header,,,shared_postprocessor,valid,1,1,,35,postprocessed,,robot_base,rotvec_rad,mm,N,417.35577392578125,499.9497375488281,170.08607482910156,0.03616750240325928,0.12546151876449585,2.508544445037842,0.0,0.0,14.179109573364258,,,prepared_not_sent,"[417.35577392578125, 499.9497375488281, 170.08607482910156, 0.03616750240325928, 0.12546151876449585, 2.508544445037842, 0.0, 0.0, 14.179109573364258]",
offline_ON_20260930T174818_1790758098906168479_uvwi70ar,176,,,123456789000,4010039596456,receipt_only_no_header,,,shared_postprocessor,valid,1,1,,36,postprocessed,,robot_base,rotvec_rad,mm,N,413.78900146484375,499.9204406738281,170.49542236328125,0.03574031591415405,0.125396728515625,2.504103183746338,0.0,0.0,14.779239654541016,,,prepared_not_sent,"[413.78900146484375, 499.9204406738281, 170.49542236328125, 0.03574031591415405, 0.125396728515625, 2.504103183746338, 0.0, 0.0, 14.779239654541016]",
offline_ON_20260930T174818_1790758098906168479_uvwi70ar,177,,,123456789000,4010039599151,receipt_only_no_header,,,shared_postprocessor,valid,1,1,,37,postprocessed,,robot_base,rotvec_rad,mm,N,417.5769348144531,499.5254821777344,171.05233764648438,0.03428313136100769,0.12076333910226822,2.5075607299804688,0.0,0.0,15.090106964111328,,,prepared_not_sent,"[417.5769348144531, 499.5254821777344, 171.05233764648438, 0.03428313136100769, 0.12076333910226822, 2.5075607299804688, 0.0, 0.0, 15.090106964111328]",
offline_ON_20260930T174818_1790758098906168479_uvwi70ar,178,,,123456789000,4010039601586,receipt_only_no_header,,,shared_postprocessor,valid,1,1,,38,postprocessed,,robot_base,rotvec_rad,mm,N,416.30859375,499.04718017578125,170.3845977783203,0.037509769201278687,0.1264873743057251,2.5097312927246094,0.0,0.0,14.868284225463867,,,prepared_not_sent,"[416.30859375, 499.04718017578125, 170.3845977783203, 0.037509769201278687, 0.1264873743057251, 2.5097312927246094, 0.0, 0.0, 14.868284225463867]",
offline_ON_20260930T174818_1790758098906168479_uvwi70ar,179,,,123456789000,4010039604020,receipt_only_no_header,,,shared_postprocessor,valid,1,1,,39,postprocessed,,robot_base,rotvec_rad,mm,N,419.5395812988281,498.8174743652344,169.615478515625,0.032629311084747314,0.12200357764959335,2.50516414642334,0.0,0.0,15.005304336547852,,,prepared_not_sent,"[419.5395812988281, 498.8174743652344, 169.615478515625, 0.032629311084747314, 0.12200357764959335, 2.50516414642334, 0.0, 0.0, 15.005304336547852]",
offline_ON_20260930T174818_1790758098906168479_uvwi70ar,180,,,123456789000,4010039606846,receipt_only_no_header,,,shared_postprocessor,valid,1,1,,40,postprocessed,,robot_base,rotvec_rad,mm,N,416.3343811035156,498.6656494140625,170.1522674560547,0.03521603345870972,0.12457526475191116,2.5054972171783447,0.0,0.0,15.333419799804688,,,prepared_not_sent,"[416.3343811035156, 498.6656494140625, 170.1522674560547, 0.03521603345870972, 0.12457526475191116, 2.5054972171783447, 0.0, 0.0, 15.333419799804688]",
offline_ON_20260930T174818_1790758098906168479_uvwi70ar,181,,,123456789000,4010039609381,receipt_only_no_header,,,shared_postprocessor,valid,1,1,,41,postprocessed,,robot_base,rotvec_rad,mm,N,417.45526123046875,498.5882568359375,169.8207550048828,0.03306594491004944,0.12481076270341873,2.5059316158294678,0.0,0.0,15.638574600219727,,,prepared_not_sent,"[417.45526123046875, 498.5882568359375, 169.8207550048828, 0.03306594491004944, 0.12481076270341873, 2.5059316158294678, 0.0, 0.0, 15.638574600219727]",
offline_ON_20260930T174818_1790758098906168479_uvwi70ar,182,,,123456789000,4010039611845,receipt_only_no_header,,,shared_postprocessor,valid,1,1,,42,postprocessed,,robot_base,rotvec_rad,mm,N,417.931884765625,499.1491394042969,170.66384887695312,0.03295157849788666,0.124268539249897,2.5043771266937256,0.0,0.0,15.417978286743164,,,prepared_not_sent,"[417.931884765625, 499.1491394042969, 170.66384887695312, 0.03295157849788666, 0.124268539249897, 2.5043771266937256, 0.0, 0.0, 15.417978286743164]",
offline_ON_20260930T174818_1790758098906168479_uvwi70ar,183,,,123456789000,4010039614591,receipt_only_no_header,,,shared_postprocessor,valid,1,1,,43,postprocessed,,robot_base,rotvec_rad,mm,N,416.73199462890625,497.46875,171.06008911132812,0.03223209083080292,0.12362343817949295,2.5019729137420654,0.0,0.0,16.151565551757812,,,prepared_not_sent,"[416.73199462890625, 497.46875, 171.06008911132812, 0.03223209083080292, 0.12362343817949295, 2.5019729137420654, 0.0, 0.0, 16.151565551757812]",
offline_ON_20260930T174818_1790758098906168479_uvwi70ar,184,,,123456789000,4010039617075,receipt_only_no_header,,,shared_postprocessor,valid,1,1,,44,postprocessed,,robot_base,rotvec_rad,mm,N,418.86785888671875,497.3190612792969,169.57781982421875,0.033414825797080994,0.125857412815094,2.5015618801116943,0.0,0.0,15.404773712158203,,,prepared_not_sent,"[418.86785888671875, 497.3190612792969, 169.57781982421875, 0.033414825797080994, 0.125857412815094, 2.5015618801116943, 0.0, 0.0, 15.404773712158203]",
offline_ON_20260930T174818_1790758098906168479_uvwi70ar,185,,,123456789000,4010039619560,receipt_only_no_header,,,shared_postprocessor,valid,1,1,,45,postprocessed,,robot_base,rotvec_rad,mm,N,419.3584289550781,496.260009765625,170.89047241210938,0.02958066761493683,0.12640827894210815,2.500824451446533,0.0,0.0,16.107431411743164,,,prepared_not_sent,"[419.3584289550781, 496.260009765625, 170.89047241210938, 0.02958066761493683, 0.12640827894210815, 2.500824451446533, 0.0, 0.0, 16.107431411743164]",
offline_ON_20260930T174818_1790758098906168479_uvwi70ar,186,,,123456789000,4010039621905,receipt_only_no_header,,,shared_postprocessor,valid,1,1,,46,postprocessed,,robot_base,rotvec_rad,mm,N,415.05523681640625,495.3866882324219,170.35191345214844,0.02997453510761261,0.12681198120117188,2.5014357566833496,0.0,0.0,15.532135009765625,,,prepared_not_sent,"[415.05523681640625, 495.3866882324219, 170.35191345214844, 0.02997453510761261, 0.12681198120117188, 2.5014357566833496, 0.0, 0.0, 15.532135009765625]",
offline_ON_20260930T174818_1790758098906168479_uvwi70ar,187,,,123456789000,4010039624500,receipt_only_no_header,,,shared_postprocessor,valid,1,1,,47,postprocessed,,robot_base,rotvec_rad,mm,N,418.26544189453125,496.99371337890625,169.8085174560547,0.02942916750907898,0.12291540950536728,2.500260353088379,0.0,0.0,16.21104621887207,,,prepared_not_sent,"[418.26544189453125, 496.99371337890625, 169.8085174560547, 0.02942916750907898, 0.12291540950536728, 2.500260353088379, 0.0, 0.0, 16.21104621887207]",
offline_ON_20260930T174818_1790758098906168479_uvwi70ar,188,,,123456789000,4010039626904,receipt_only_no_header,,,shared_postprocessor,valid,1,1,,48,postprocessed,,robot_base,rotvec_rad,mm,N,415.12982177734375,494.84716796875,170.3998565673828,0.030777961015701294,0.12407738715410233,2.5027756690979004,0.0,0.0,15.791542053222656,,,prepared_not_sent,"[415.12982177734375, 494.84716796875, 170.3998565673828, 0.030777961015701294, 0.12407738715410233, 2.5027756690979004, 0.0, 0.0, 15.791542053222656]",
offline_ON_20260930T174818_1790758098906168479_uvwi70ar,189,,,123456789000,4010039629399,receipt_only_no_header,,,shared_postprocessor,valid,1,1,,49,postprocessed,,robot_base,rotvec_rad,mm,N,418.59521484375,495.3807373046875,170.4896697998047,0.030802100896835327,0.1261272132396698,2.5013532638549805,0.0,0.0,16.01005744934082,,,prepared_not_sent,"[418.59521484375, 495.3807373046875, 170.4896697998047, 0.030802100896835327, 0.1261272132396698, 2.5013532638549805, 0.0, 0.0, 16.01005744934082]",
offline_ON_20260930T174818_1790758098906168479_uvwi70ar,190,,,123456789000,4010039631844,receipt_only_no_header,,,shared_postprocessor,valid,1,1,,50,postprocessed,,robot_base,rotvec_rad,mm,N,416.12823486328125,495.3686218261719,168.4980926513672,0.030912578105926514,0.12574324011802673,2.5008225440979004,0.0,0.0,15.703866958618164,,,prepared_not_sent,"[416.12823486328125, 495.3686218261719, 168.4980926513672, 0.030912578105926514, 0.12574324011802673, 2.5008225440979004, 0.0, 0.0, 15.703866958618164]",
offline_ON_20260930T174818_1790758098906168479_uvwi70ar,191,,,123456789000,4010039634348,receipt_only_no_header,,,shared_postprocessor,valid,1,1,,51,postprocessed,,robot_base,rotvec_rad,mm,N,418.8604736328125,494.2652282714844,168.933837890625,0.032615870237350464,0.12428907305002213,2.5041463375091553,0.0,0.0,15.711444854736328,,,prepared_not_sent,"[418.8604736328125, 494.2652282714844, 168.933837890625, 0.032615870237350464, 0.12428907305002213, 2.5041463375091553, 0.0, 0.0, 15.711444854736328]",
offline_ON_20260930T174818_1790758098906168479_uvwi70ar,192,,,123456789000,4010039636723,receipt_only_no_header,,,shared_postprocessor,valid,1,1,,52,postprocessed,,robot_base,rotvec_rad,mm,N,419.954833984375,494.360595703125,169.69410705566406,0.030676349997520447,0.12862631678581238,2.5041778087615967,0.0,0.0,15.738004684448242,,,prepared_not_sent,"[419.954833984375, 494.360595703125, 169.69410705566406, 0.030676349997520447, 0.12862631678581238, 2.5041778087615967, 0.0, 0.0, 15.738004684448242]",
offline_ON_20260930T174818_1790758098906168479_uvwi70ar,193,,,123456789000,4010039639168,receipt_only_no_header,,,shared_postprocessor,valid,1,1,,53,postprocessed,,robot_base,rotvec_rad,mm,N,421.3289794921875,493.63677978515625,171.073974609375,0.032599836587905884,0.12891075015068054,2.5050365924835205,0.0,0.0,15.419305801391602,,,prepared_not_sent,"[421.3289794921875, 493.63677978515625, 171.073974609375, 0.032599836587905884, 0.12891075015068054, 2.5050365924835205, 0.0, 0.0, 15.419305801391602]",
offline_ON_20260930T174818_1790758098906168479_uvwi70ar,194,,,123456789000,4010039641943,receipt_only_no_header,,,shared_postprocessor,valid,1,1,,54,postprocessed,,robot_base,rotvec_rad,mm,N,417.9492492675781,494.01947021484375,169.1670684814453,0.027115628123283386,0.12561437487602234,2.507847785949707,0.0,0.0,16.16080093383789,,,prepared_not_sent,"[417.9492492675781, 494.01947021484375, 169.1670684814453, 0.027115628123283386, 0.12561437487602234, 2.507847785949707, 0.0, 0.0, 16.16080093383789]",
offline_ON_20260930T174818_1790758098906168479_uvwi70ar,195,,,123456789000,4010039644348,receipt_only_no_header,,,shared_postprocessor,valid,1,1,,55,postprocessed,,robot_base,rotvec_rad,mm,N,420.30865478515625,493.1070556640625,169.69285583496094,0.0322088897228241,0.12759464979171753,2.506396532058716,0.0,0.0,15.419490814208984,,,prepared_not_sent,"[420.30865478515625, 493.1070556640625, 169.69285583496094, 0.0322088897228241, 0.12759464979171753, 2.506396532058716, 0.0, 0.0, 15.419490814208984]",
offline_ON_20260930T174818_1790758098906168479_uvwi70ar,196,,,123456789000,4010039646892,receipt_only_no_header,,,shared_postprocessor,valid,1,1,,56,postprocessed,,robot_base,rotvec_rad,mm,N,421.7970275878906,492.793701171875,170.6472930908203,0.033528879284858704,0.126155287027359,2.5070605278015137,0.0,0.0,15.845640182495117,,,prepared_not_sent,"[421.7970275878906, 492.793701171875, 170.6472930908203, 0.033528879284858704, 0.126155287027359, 2.5070605278015137, 0.0, 0.0, 15.845640182495117]",
offline_ON_20260930T174818_1790758098906168479_uvwi70ar,197,,,123456789000,4010039649487,receipt_only_no_header,,,shared_postprocessor,valid,1,1,,57,postprocessed,,robot_base,rotvec_rad,mm,N,422.6645812988281,493.0762023925781,169.17767333984375,0.026578262448310852,0.12499082833528519,2.4989936351776123,0.0,0.0,15.389732360839844,,,prepared_not_sent,"[422.6645812988281, 493.0762023925781, 169.17767333984375, 0.026578262448310852, 0.12499082833528519, 2.4989936351776123, 0.0, 0.0, 15.389732360839844]",
offline_ON_20260930T174818_1790758098906168479_uvwi70ar,198,,,123456789000,4010039651912,receipt_only_no_header,,,shared_postprocessor,valid,1,1,,58,postprocessed,,robot_base,rotvec_rad,mm,N,424.0382080078125,491.4847106933594,169.06797790527344,0.02717268466949463,0.1262851357460022,2.502551317214966,0.0,0.0,15.548927307128906,,,prepared_not_sent,"[424.0382080078125, 491.4847106933594, 169.06797790527344, 0.02717268466949463, 0.1262851357460022, 2.502551317214966, 0.0, 0.0, 15.548927307128906]",
offline_ON_20260930T174818_1790758098906168479_uvwi70ar,199,,,123456789000,4010039654317,receipt_only_no_header,,,shared_postprocessor,valid,1,1,,59,postprocessed,,robot_base,rotvec_rad,mm,N,426.1387939453125,491.7058410644531,169.5447998046875,0.029740720987319946,0.125547856092453,2.4994118213653564,0.0,0.0,15.743267059326172,,,prepared_not_sent,"[426.1387939453125, 491.7058410644531, 169.5447998046875, 0.029740720987319946, 0.125547856092453, 2.4994118213653564, 0.0, 0.0, 15.743267059326172]",
offline_ON_20260930T174818_1790758098906168479_uvwi70ar,200,,,123456789000,4010039656631,receipt_only_no_header,,,shared_postprocessor,valid,1,1,,60,postprocessed,,robot_base,rotvec_rad,mm,N,421.6497802734375,491.6253662109375,169.8041534423828,0.02641831338405609,0.12284114211797714,2.502017021179199,0.0,0.0,15.117998123168945,,,prepared_not_sent,"[421.6497802734375, 491.6253662109375, 169.8041534423828, 0.02641831338405609, 0.12284114211797714, 2.502017021179199, 0.0, 0.0, 15.117998123168945]",
offline_ON_20260930T174818_1790758098906168479_uvwi70ar,201,,,123456789000,4010039659086,receipt_only_no_header,,,shared_postprocessor,valid,1,1,,61,postprocessed,,robot_base,rotvec_rad,mm,N,426.0543518066406,490.95562744140625,169.59959411621094,0.027110055088996887,0.12366992980241776,2.502831220626831,0.0,0.0,14.672195434570312,,,prepared_not_sent,"[426.0543518066406, 490.95562744140625, 169.59959411621094, 0.027110055088996887, 0.12366992980241776, 2.502831220626831, 0.0, 0.0, 14.672195434570312]",
offline_ON_20260930T174818_1790758098906168479_uvwi70ar,202,,,123456789000,4010039661430,receipt_only_no_header,,,shared_postprocessor,valid,1,1,,62,postprocessed,,robot_base,rotvec_rad,mm,N,423.2344970703125,490.16986083984375,169.61996459960938,0.02562202513217926,0.1258363127708435,2.4997894763946533,0.0,0.0,15.522428512573242,,,prepared_not_sent,"[423.2344970703125, 490.16986083984375, 169.61996459960938, 0.02562202513217926, 0.1258363127708435, 2.4997894763946533, 0.0, 0.0, 15.522428512573242]",
offline_ON_20260930T174818_1790758098906168479_uvwi70ar,203,,,123456789000,4010039663885,receipt_only_no_header,,,shared_postprocessor,valid,1,1,,63,postprocessed,,robot_base,rotvec_rad,mm,N,420.63580322265625,490.23565673828125,170.0341796875,0.02580082416534424,0.13039550185203552,2.49941086769104,0.0,0.0,15.222101211547852,,,prepared_not_sent,"[420.63580322265625, 490.23565673828125, 170.0341796875, 0.02580082416534424, 0.13039550185203552, 2.49941086769104, 0.0, 0.0, 15.222101211547852]",
offline_ON_20260930T174818_1790758098906168479_uvwi70ar,204,,,123456789000,4010039666330,receipt_only_no_header,,,shared_postprocessor,valid,1,1,,64,postprocessed,,robot_base,rotvec_rad,mm,N,422.77691650390625,489.78033447265625,170.88504028320312,0.02843053638935089,0.1280561089515686,2.5005533695220947,0.0,0.0,15.15452766418457,,,prepared_not_sent,"[422.77691650390625, 489.78033447265625, 170.88504028320312, 0.02843053638935089, 0.1280561089515686, 2.5005533695220947, 0.0, 0.0, 15.15452766418457]",
offline_ON_20260930T174818_1790758098906168479_uvwi70ar,205,,,123456789000,4010039668654,receipt_only_no_header,,,shared_postprocessor,valid,1,1,,65,postprocessed,,robot_base,rotvec_rad,mm,N,422.1031188964844,489.9151611328125,171.24636840820312,0.025678783655166626,0.12930387258529663,2.500303268432617,0.0,0.0,14.94842529296875,,,prepared_not_sent,"[422.1031188964844, 489.9151611328125, 171.24636840820312, 0.025678783655166626, 0.12930387258529663, 2.500303268432617, 0.0, 0.0, 14.94842529296875]",
offline_ON_20260930T174818_1790758098906168479_uvwi70ar,206,,,123456789000,4010039671179,receipt_only_no_header,,,shared_postprocessor,valid,1,1,,66,postprocessed,,robot_base,rotvec_rad,mm,N,421.63482666015625,487.8309326171875,169.702392578125,0.023785531520843506,0.13061153888702393,2.5024197101593018,0.0,0.0,13.651559829711914,,,prepared_not_sent,"[421.63482666015625, 487.8309326171875, 169.702392578125, 0.023785531520843506, 0.13061153888702393, 2.5024197101593018, 0.0, 0.0, 13.651559829711914]",
offline_ON_20260930T174818_1790758098906168479_uvwi70ar,207,,,123456789000,4010039673594,receipt_only_no_header,,,shared_postprocessor,valid,1,1,,67,postprocessed,,robot_base,rotvec_rad,mm,N,422.56671142578125,487.9697570800781,168.5436248779297,0.02930501103401184,0.12953674793243408,2.5016491413116455,0.0,0.0,13.45494270324707,,,prepared_not_sent,"[422.56671142578125, 487.9697570800781, 168.5436248779297, 0.02930501103401184, 0.12953674793243408, 2.5016491413116455, 0.0, 0.0, 13.45494270324707]",
offline_ON_20260930T174818_1790758098906168479_uvwi70ar,208,,,123456789000,4010039675928,receipt_only_no_header,,,shared_postprocessor,valid,1,1,,68,postprocessed,,robot_base,rotvec_rad,mm,N,422.94482421875,487.3773498535156,170.450439453125,0.017701908946037292,0.1352870762348175,2.502082109451294,0.0,0.0,11.71517562866211,,,prepared_not_sent,"[422.94482421875, 487.3773498535156, 170.450439453125, 0.017701908946037292, 0.1352870762348175, 2.502082109451294, 0.0, 0.0, 11.71517562866211]",
offline_ON_20260930T174818_1790758098906168479_uvwi70ar,209,,,123456789000,4010039678553,receipt_only_no_header,,,shared_postprocessor,valid,1,1,,69,postprocessed,,robot_base,rotvec_rad,mm,N,422.5431823730469,488.1705017089844,170.22935485839844,0.023143306374549866,0.13850948214530945,2.5046985149383545,0.0,0.0,11.344291687011719,,,prepared_not_sent,"[422.5431823730469, 488.1705017089844, 170.22935485839844, 0.023143306374549866, 0.13850948214530945, 2.5046985149383545, 0.0, 0.0, 11.344291687011719]",
offline_ON_20260930T174818_1790758098906168479_uvwi70ar,210,,,123456789000,4010039680948,receipt_only_no_header,,,shared_postprocessor,valid,1,1,,70,postprocessed,,robot_base,rotvec_rad,mm,N,420.4168701171875,487.4693298339844,171.090576171875,0.020984098315238953,0.14203137159347534,2.498457193374634,0.0,0.0,9.924161911010742,,,prepared_not_sent,"[420.4168701171875, 487.4693298339844, 171.090576171875, 0.020984098315238953, 0.14203137159347534, 2.498457193374634, 0.0, 0.0, 9.924161911010742]",
offline_ON_20260930T174818_1790758098906168479_uvwi70ar,211,,,123456789000,4010039683462,receipt_only_no_header,,,shared_postprocessor,valid,1,1,,71,postprocessed,,robot_base,rotvec_rad,mm,N,425.0301208496094,486.46160888671875,171.08480834960938,0.02095736563205719,0.14175614714622498,2.498887300491333,0.0,0.0,9.241737365722656,,,prepared_not_sent,"[425.0301208496094, 486.46160888671875, 171.08480834960938, 0.02095736563205719, 0.14175614714622498, 2.498887300491333, 0.0, 0.0, 9.241737365722656]",
offline_ON_20260930T174818_1790758098906168479_uvwi70ar,212,,,123456789000,4010039685837,receipt_only_no_header,,,shared_postprocessor,valid,1,1,,72,postprocessed,,robot_base,rotvec_rad,mm,N,421.48419189453125,485.9903564453125,171.82666015625,0.018553584814071655,0.14416399598121643,2.493096113204956,0.0,0.0,7.763650417327881,,,prepared_not_sent,"[421.48419189453125, 485.9903564453125, 171.82666015625, 0.018553584814071655, 0.14416399598121643, 2.493096113204956, 0.0, 0.0, 7.763650417327881]",
offline_ON_20260930T174818_1790758098906168479_uvwi70ar,213,,,123456789000,4010039688131,receipt_only_no_header,,,shared_postprocessor,valid,1,1,,73,postprocessed,,robot_base,rotvec_rad,mm,N,418.27874755859375,486.7768249511719,170.47964477539062,0.022784262895584106,0.14397069811820984,2.4939475059509277,0.0,0.0,6.279687404632568,,,prepared_not_sent,"[418.27874755859375, 486.7768249511719, 170.47964477539062, 0.022784262895584106, 0.14397069811820984, 2.4939475059509277, 0.0, 0.0, 6.279687404632568]",
offline_ON_20260930T174818_1790758098906168479_uvwi70ar,214,,,123456789000,4010039690566,receipt_only_no_header,,,shared_postprocessor,valid,1,1,,74,postprocessed,,robot_base,rotvec_rad,mm,N,421.3092346191406,486.8926086425781,170.98715209960938,0.022142112255096436,0.14434823393821716,2.4980053901672363,0.0,0.0,5.038916110992432,,,prepared_not_sent,"[421.3092346191406, 486.8926086425781, 170.98715209960938, 0.022142112255096436, 0.14434823393821716, 2.4980053901672363, 0.0, 0.0, 5.038916110992432]",
offline_ON_20260930T174818_1790758098906168479_uvwi70ar,215,,,123456789000,4010039726815,receipt_only_no_header,,,shared_postprocessor,valid,1,1,,75,postprocessed,,robot_base,rotvec_rad,mm,N,425.5616149902344,486.10235595703125,171.34140014648438,0.023836106061935425,0.145144522190094,2.499633550643921,0.0,0.0,3.28971004486084,,,prepared_not_sent,"[425.5616149902344, 486.10235595703125, 171.34140014648438, 0.023836106061935425, 0.145144522190094, 2.499633550643921, 0.0, 0.0, 3.28971004486084]",
offline_ON_20260930T174818_1790758098906168479_uvwi70ar,216,,,123456789000,4010039729430,receipt_only_no_header,,,shared_postprocessor,valid,1,1,,76,postprocessed,,robot_base,rotvec_rad,mm,N,424.48834228515625,486.1365051269531,172.00607299804688,0.018333911895751953,0.14500898122787476,2.4922754764556885,0.0,0.0,1.9808292388916016,,,prepared_not_sent,"[424.48834228515625, 486.1365051269531, 172.00607299804688, 0.018333911895751953, 0.14500898122787476, 2.4922754764556885, 0.0, 0.0, 1.9808292388916016]",
offline_ON_20260930T174818_1790758098906168479_uvwi70ar,217,,,123456789000,4010039731875,receipt_only_no_header,,,shared_postprocessor,valid,1,1,,77,postprocessed,,robot_base,rotvec_rad,mm,N,424.9977722167969,484.75921630859375,172.26812744140625,0.02159203588962555,0.14501577615737915,2.4990735054016113,0.0,0.0,1.5195674896240234,,,prepared_not_sent,"[424.9977722167969, 484.75921630859375, 172.26812744140625, 0.02159203588962555, 0.14501577615737915, 2.4990735054016113, 0.0, 0.0, 1.5195674896240234]",
offline_ON_20260930T174818_1790758098906168479_uvwi70ar,218,,,123456789000,4010039734330,receipt_only_no_header,,,shared_postprocessor,valid,1,1,,78,postprocessed,,robot_base,rotvec_rad,mm,N,421.969970703125,485.2104187011719,172.89100646972656,0.016967952251434326,0.14329278469085693,2.498769521713257,0.0,0.0,-0.5865850448608398,,,prepared_not_sent,"[421.969970703125, 485.2104187011719, 172.89100646972656, 0.016967952251434326, 0.14329278469085693, 2.498769521713257, 0.0, 0.0, -0.5865850448608398]",
offline_ON_20260930T174818_1790758098906168479_uvwi70ar,219,,,123456789000,4010039736844,receipt_only_no_header,,,shared_postprocessor,valid,1,1,,79,postprocessed,,robot_base,rotvec_rad,mm,N,421.16522216796875,484.8968200683594,173.35333251953125,0.016411438584327698,0.14381751418113708,2.4917380809783936,0.0,0.0,-1.0941753387451172,,,prepared_not_sent,"[421.16522216796875, 484.8968200683594, 173.35333251953125, 0.016411438584327698, 0.14381751418113708, 2.4917380809783936, 0.0, 0.0, -1.0941753387451172]",
offline_ON_20260930T174818_1790758098906168479_uvwi70ar,220,,,123456789000,4010039739259,receipt_only_no_header,,,shared_postprocessor,valid,1,1,,80,postprocessed,,robot_base,rotvec_rad,mm,N,421.9603576660156,484.6553649902344,174.89271545410156,0.016734972596168518,0.14359864592552185,2.4905099868774414,0.0,0.0,-1.1222965717315674,,,prepared_not_sent,"[421.9603576660156, 484.6553649902344, 174.89271545410156, 0.016734972596168518, 0.14359864592552185, 2.4905099868774414, 0.0, 0.0, -1.1222965717315674]",
offline_ON_20260930T174818_1790758098906168479_uvwi70ar,221,,,123456789000,4010039741704,receipt_only_no_header,,,shared_postprocessor,valid,1,1,,81,postprocessed,,robot_base,rotvec_rad,mm,N,422.09375,484.5726623535156,175.0771026611328,0.015717267990112305,0.14442428946495056,2.482701539993286,0.0,0.0,-2.1530158519744873,,,prepared_not_sent,"[422.09375, 484.5726623535156, 175.0771026611328, 0.015717267990112305, 0.14442428946495056, 2.482701539993286, 0.0, 0.0, -2.1530158519744873]",
offline_ON_20260930T174818_1790758098906168479_uvwi70ar,222,,,123456789000,4010039744068,receipt_only_no_header,,,shared_postprocessor,valid,1,1,,82,postprocessed,,robot_base,rotvec_rad,mm,N,421.23468017578125,484.63836669921875,175.6761474609375,0.01541946828365326,0.1395685374736786,2.4894425868988037,0.0,0.0,-2.0563571453094482,,,prepared_not_sent,"[421.23468017578125, 484.63836669921875, 175.6761474609375, 0.01541946828365326, 0.1395685374736786, 2.4894425868988037, 0.0, 0.0, -2.0563571453094482]",
offline_ON_20260930T174818_1790758098906168479_uvwi70ar,223,,,123456789000,4010039746483,receipt_only_no_header,,,shared_postprocessor,valid,1,1,,83,postprocessed,,robot_base,rotvec_rad,mm,N,423.13525390625,484.48797607421875,175.4046630859375,0.009528189897537231,0.14071759581565857,2.490051746368408,0.0,0.0,-3.3543550968170166,,,prepared_not_sent,"[423.13525390625, 484.48797607421875, 175.4046630859375, 0.009528189897537231, 0.14071759581565857, 2.490051746368408, 0.0, 0.0, -3.3543550968170166]",
offline_ON_20260930T174818_1790758098906168479_uvwi70ar,224,,,123456789000,4010039748817,receipt_only_no_header,,,shared_postprocessor,valid,1,1,,84,postprocessed,,robot_base,rotvec_rad,mm,N,423.610595703125,483.4271545410156,176.92958068847656,0.01041904091835022,0.14075639843940735,2.48871111869812,0.0,0.0,-2.7360424995422363,,,prepared_not_sent,"[423.610595703125, 483.4271545410156, 176.92958068847656, 0.01041904091835022, 0.14075639843940735, 2.48871111869812, 0.0, 0.0, -2.7360424995422363]",
offline_ON_20260930T174818_1790758098906168479_uvwi70ar,225,,,123456789000,4010039751272,receipt_only_no_header,,,shared_postprocessor,valid,1,1,,85,postprocessed,,robot_base,rotvec_rad,mm,N,420.46551513671875,484.02349853515625,177.52020263671875,0.008787497878074646,0.13659265637397766,2.478567123413086,0.0,0.0,-3.4062671661376953,,,prepared_not_sent,"[420.46551513671875, 484.02349853515625, 177.52020263671875, 0.008787497878074646, 0.13659265637397766, 2.478567123413086, 0.0, 0.0, -3.4062671661376953]",
offline_ON_20260930T174818_1790758098906168479_uvwi70ar,226,,,123456789000,4010039753697,receipt_only_no_header,,,shared_postprocessor,valid,1,1,,86,postprocessed,,robot_base,rotvec_rad,mm,N,425.52813720703125,484.48223876953125,177.73855590820312,0.007262170314788818,0.13690057396888733,2.4805376529693604,0.0,0.0,-2.979825973510742,,,prepared_not_sent,"[425.52813720703125, 484.48223876953125, 177.73855590820312, 0.007262170314788818, 0.13690057396888733, 2.4805376529693604, 0.0, 0.0, -2.979825973510742]",
offline_ON_20260930T174818_1790758098906168479_uvwi70ar,227,,,123456789000,4010039756211,receipt_only_no_header,,,shared_postprocessor,valid,1,1,,87,postprocessed,,robot_base,rotvec_rad,mm,N,423.9546203613281,483.79388427734375,178.324462890625,0.007763117551803589,0.13465893268585205,2.4780197143554688,0.0,0.0,-3.140620470046997,,,prepared_not_sent,"[423.9546203613281, 483.79388427734375, 178.324462890625, 0.007763117551803589, 0.13465893268585205, 2.4780197143554688, 0.0, 0.0, -3.140620470046997]",
offline_ON_20260930T174818_1790758098906168479_uvwi70ar,228,,,123456789000,4010039758536,receipt_only_no_header,,,shared_postprocessor,valid,1,1,,88,postprocessed,,robot_base,rotvec_rad,mm,N,423.71417236328125,484.1707763671875,178.7620849609375,0.006187155842781067,0.13061654567718506,2.4792747497558594,0.0,0.0,-3.239500045776367,,,prepared_not_sent,"[423.71417236328125, 484.1707763671875, 178.7620849609375, 0.006187155842781067, 0.13061654567718506, 2.4792747497558594, 0.0, 0.0, -3.239500045776367]",
offline_ON_20260930T174818_1790758098906168479_uvwi70ar,229,,,123456789000,4010039761031,receipt_only_no_header,,,shared_postprocessor,valid,1,1,,89,postprocessed,,robot_base,rotvec_rad,mm,N,423.7491149902344,483.83599853515625,179.527587890625,0.005380913615226746,0.12947073578834534,2.4865453243255615,0.0,0.0,-3.7307345867156982,,,prepared_not_sent,"[423.7491149902344, 483.83599853515625, 179.527587890625, 0.005380913615226746, 0.12947073578834534, 2.4865453243255615, 0.0, 0.0, -3.7307345867156982]",
offline_ON_20260930T174818_1790758098906168479_uvwi70ar,230,,,123456789000,4010039763485,receipt_only_no_header,,,shared_postprocessor,valid,1,1,,90,postprocessed,,robot_base,rotvec_rad,mm,N,421.35736083984375,483.1957702636719,181.1876678466797,0.000134393572807312,0.12956631183624268,2.4806742668151855,0.0,0.0,-3.340583562850952,,,prepared_not_sent,"[421.35736083984375, 483.1957702636719, 181.1876678466797, 0.000134393572807312, 0.12956631183624268, 2.4806742668151855, 0.0, 0.0, -3.340583562850952]",
offline_ON_20260930T174818_1790758098906168479_uvwi70ar,231,,,123456789000,4010039765850,receipt_only_no_header,,,shared_postprocessor,valid,1,1,,91,postprocessed,,robot_base,rotvec_rad,mm,N,424.1850891113281,484.47418212890625,181.25942993164062,-0.0009146332740783691,0.12657669186592102,2.4832422733306885,0.0,0.0,-3.9108879566192627,,,prepared_not_sent,"[424.1850891113281, 484.47418212890625, 181.25942993164062, -0.0009146332740783691, 0.12657669186592102, 2.4832422733306885, 0.0, 0.0, -3.9108879566192627]",
offline_ON_20260930T174818_1790758098906168479_uvwi70ar,232,,,123456789000,4010039768285,receipt_only_no_header,,,shared_postprocessor,valid,1,1,,92,postprocessed,,robot_base,rotvec_rad,mm,N,425.724609375,483.58673095703125,182.27354431152344,-0.001725524663925171,0.12672901153564453,2.478206157684326,0.0,0.0,-3.553727149963379,,,prepared_not_sent,"[425.724609375, 483.58673095703125, 182.27354431152344, -0.001725524663925171, 0.12672901153564453, 2.478206157684326, 0.0, 0.0, -3.553727149963379]",
offline_ON_20260930T174818_1790758098906168479_uvwi70ar,233,,,123456789000,4010039770619,receipt_only_no_header,,,shared_postprocessor,valid,1,1,,93,postprocessed,,robot_base,rotvec_rad,mm,N,423.8536376953125,484.1960144042969,182.3977508544922,-0.0022619962692260742,0.12539705634117126,2.4798426628112793,0.0,0.0,-4.010967254638672,,,prepared_not_sent,"[423.8536376953125, 484.1960144042969, 182.3977508544922, -0.0022619962692260742, 0.12539705634117126, 2.4798426628112793, 0.0, 0.0, -4.010967254638672]",
offline_ON_20260930T174818_1790758098906168479_uvwi70ar,234,,,123456789000,4010039772923,receipt_only_no_header,,,shared_postprocessor,valid,1,1,,94,postprocessed,,robot_base,rotvec_rad,mm,N,423.8410339355469,484.0705871582031,184.2980194091797,-0.0017696619033813477,0.12151879817247391,2.4746575355529785,0.0,0.0,-3.314178466796875,,,prepared_not_sent,"[423.8410339355469, 484.0705871582031, 184.2980194091797, -0.0017696619033813477, 0.12151879817247391, 2.4746575355529785, 0.0, 0.0, -3.314178466796875]",
offline_ON_20260930T174818_1790758098906168479_uvwi70ar,235,,,123456789000,4010039775268,receipt_only_no_header,,,shared_postprocessor,valid,1,1,,95,postprocessed,,robot_base,rotvec_rad,mm,N,423.193603515625,483.893310546875,183.2740020751953,-0.0017215907573699951,0.12135442346334457,2.481635570526123,0.0,0.0,-3.727668285369873,,,prepared_not_sent,"[423.193603515625, 483.893310546875, 183.2740020751953, -0.0017215907573699951, 0.12135442346334457, 2.481635570526123, 0.0, 0.0, -3.727668285369873]",
offline_ON_20260930T174818_1790758098906168479_uvwi70ar,236,,,123456789000,4010039777632,receipt_only_no_header,,,shared_postprocessor,valid,1,1,,96,postprocessed,,robot_base,rotvec_rad,mm,N,420.29486083984375,484.3614501953125,185.5404052734375,-0.004967555403709412,0.11881162971258163,2.4752728939056396,0.0,0.0,-3.5080950260162354,,,prepared_not_sent,"[420.29486083984375, 484.3614501953125, 185.5404052734375, -0.004967555403709412, 0.11881162971258163, 2.4752728939056396, 0.0, 0.0, -3.5080950260162354]",
offline_ON_20260930T174818_1790758098906168479_uvwi70ar,237,,,123456789000,4010039780007,receipt_only_no_header,,,shared_postprocessor,valid,1,1,,97,postprocessed,,robot_base,rotvec_rad,mm,N,422.56158447265625,483.8847351074219,185.25636291503906,-0.007606193423271179,0.1179664358496666,2.4773149490356445,0.0,0.0,-3.2828550338745117,,,prepared_not_sent,"[422.56158447265625, 483.8847351074219, 185.25636291503906, -0.007606193423271179, 0.1179664358496666, 2.4773149490356445, 0.0, 0.0, -3.2828550338745117]",
offline_ON_20260930T174818_1790758098906168479_uvwi70ar,238,,,123456789000,4010039782362,receipt_only_no_header,,,shared_postprocessor,valid,1,1,,98,postprocessed,,robot_base,rotvec_rad,mm,N,421.10137939453125,482.367919921875,186.59271240234375,-0.010766372084617615,0.11887338012456894,2.4801430702209473,0.0,0.0,-3.247422218322754,,,prepared_not_sent,"[421.10137939453125, 482.367919921875, 186.59271240234375, -0.010766372084617615, 0.11887338012456894, 2.4801430702209473, 0.0, 0.0, -3.247422218322754]",
offline_ON_20260930T174818_1790758098906168479_uvwi70ar,239,,,123456789000,4010039784766,receipt_only_no_header,,,shared_postprocessor,valid,1,1,,99,postprocessed,,robot_base,rotvec_rad,mm,N,422.85546875,484.1030578613281,186.61776733398438,-0.01155078411102295,0.11851007491350174,2.4781222343444824,0.0,0.0,-3.0676674842834473,,,prepared_not_sent,"[422.85546875, 484.1030578613281, 186.61776733398438, -0.01155078411102295, 0.11851007491350174, 2.4781222343444824, 0.0, 0.0, -3.0676674842834473]",
offline_ON_20260930T174818_1790758098906168479_uvwi70ar,240,,,123456789000,4010039787101,receipt_only_no_header,,,shared_postprocessor,valid,1,1,,100,postprocessed,,robot_base,rotvec_rad,mm,N,423.9804382324219,483.8556823730469,187.18707275390625,-0.009010151028633118,0.11848533898591995,2.4765074253082275,0.0,0.0,-3.3570384979248047,,,prepared_not_sent,"[423.9804382324219, 483.8556823730469, 187.18707275390625, -0.009010151028633118, 0.11848533898591995, 2.4765074253082275, 0.0, 0.0, -3.3570384979248047]",
offline_ON_20260930T174818_1790758098906168479_uvwi70ar,241,,,123456789000,4010039789445,receipt_only_no_header,,,shared_postprocessor,valid,1,1,,101,postprocessed,,robot_base,rotvec_rad,mm,N,419.2659912109375,484.5047912597656,188.4656524658203,-0.011426389217376709,0.11623504012823105,2.473609685897827,0.0,0.0,-3.2361624240875244,,,prepared_not_sent,"[419.2659912109375, 484.5047912597656, 188.4656524658203, -0.011426389217376709, 0.11623504012823105, 2.473609685897827, 0.0, 0.0, -3.2361624240875244]",
offline_ON_20260930T174818_1790758098906168479_uvwi70ar,242,,,123456789000,4010039791739,receipt_only_no_header,,,shared_postprocessor,valid,1,1,,102,postprocessed,,robot_base,rotvec_rad,mm,N,422.8127136230469,483.3505554199219,189.0611114501953,-0.013721749186515808,0.11717983335256577,2.4801862239837646,0.0,0.0,-2.728628158569336,,,prepared_not_sent,"[422.8127136230469, 483.3505554199219, 189.0611114501953, -0.013721749186515808, 0.11717983335256577, 2.4801862239837646, 0.0, 0.0, -2.728628158569336]",
offline_ON_20260930T174818_1790758098906168479_uvwi70ar,243,,,123456789000,4010039794084,receipt_only_no_header,,,shared_postprocessor,valid,1,1,,103,postprocessed,,robot_base,rotvec_rad,mm,N,420.35284423828125,484.3163757324219,188.8942108154297,-0.015858232975006104,0.11632774025201797,2.4762144088745117,0.0,0.0,-2.697378635406494,,,prepared_not_sent,"[420.35284423828125, 484.3163757324219, 188.8942108154297, -0.015858232975006104, 0.11632774025201797, 2.4762144088745117, 0.0, 0.0, -2.697378635406494]",
offline_ON_20260930T174818_1790758098906168479_uvwi70ar,244,,,123456789000,4010039796398,receipt_only_no_header,,,shared_postprocessor,valid,1,1,,104,postprocessed,,robot_base,rotvec_rad,mm,N,422.8443603515625,484.3534240722656,190.65260314941406,-0.016306743025779724,0.11852847784757614,2.475630044937134,0.0,0.0,-3.328002452850342,,,prepared_not_sent,"[422.8443603515625, 484.3534240722656, 190.65260314941406, -0.016306743025779724, 0.11852847784757614, 2.475630044937134, 0.0, 0.0, -3.328002452850342]",
offline_ON_20260930T174818_1790758098906168479_uvwi70ar,245,,,123456789000,4010039798793,receipt_only_no_header,,,shared_postprocessor,valid,1,1,,105,postprocessed,,robot_base,rotvec_rad,mm,N,418.55963134765625,485.0964050292969,189.5338897705078,-0.015353545546531677,0.11689499765634537,2.4787509441375732,0.0,0.0,-3.0413661003112793,,,prepared_not_sent,"[418.55963134765625, 485.0964050292969, 189.5338897705078, -0.015353545546531677, 0.11689499765634537, 2.4787509441375732, 0.0, 0.0, -3.0413661003112793]",
offline_ON_20260930T174818_1790758098906168479_uvwi70ar,246,,,123456789000,4010039801167,receipt_only_no_header,,,shared_postprocessor,valid,1,1,,106,postprocessed,,robot_base,rotvec_rad,mm,N,420.7792053222656,485.4690246582031,190.39306640625,-0.017744824290275574,0.11898171156644821,2.476541757583618,0.0,0.0,-2.6402530670166016,,,prepared_not_sent,"[420.7792053222656, 485.4690246582031, 190.39306640625, -0.017744824290275574, 0.11898171156644821, 2.476541757583618, 0.0, 0.0, -2.6402530670166016]",
offline_ON_20260930T174818_1790758098906168479_uvwi70ar,247,,,123456789000,4010039803612,receipt_only_no_header,,,shared_postprocessor,valid,1,1,,107,postprocessed,,robot_base,rotvec_rad,mm,N,419.59454345703125,485.6486511230469,190.29612731933594,-0.02011720836162567,0.11922524124383926,2.480226755142212,0.0,0.0,-3.024320125579834,,,prepared_not_sent,"[419.59454345703125, 485.6486511230469, 190.29612731933594, -0.02011720836162567, 0.11922524124383926, 2.480226755142212, 0.0, 0.0, -3.024320125579834]",
offline_ON_20260930T174818_1790758098906168479_uvwi70ar,248,,,123456789000,4010039805987,receipt_only_no_header,,,shared_postprocessor,valid,1,1,,108,postprocessed,,robot_base,rotvec_rad,mm,N,419.7322692871094,486.5108337402344,190.09597778320312,-0.02022901177406311,0.1190604642033577,2.47479248046875,0.0,0.0,-2.9761240482330322,,,prepared_not_sent,"[419.7322692871094, 486.5108337402344, 190.09597778320312, -0.02022901177406311, 0.1190604642033577, 2.47479248046875, 0.0, 0.0, -2.9761240482330322]",
offline_ON_20260930T174818_1790758098906168479_uvwi70ar,249,,,123456789000,4010039808532,receipt_only_no_header,,,shared_postprocessor,valid,1,1,,109,postprocessed,,robot_base,rotvec_rad,mm,N,419.15032958984375,487.08203125,190.96682739257812,-0.02041323482990265,0.11551744490861893,2.4764201641082764,0.0,0.0,-3.211948871612549,,,prepared_not_sent,"[419.15032958984375, 487.08203125, 190.96682739257812, -0.02041323482990265, 0.11551744490861893, 2.4764201641082764, 0.0, 0.0, -3.211948871612549]",
offline_ON_20260930T174818_1790758098906168479_uvwi70ar,250,,,123456789000,4010039810906,receipt_only_no_header,,,shared_postprocessor,valid,1,1,,110,postprocessed,,robot_base,rotvec_rad,mm,N,419.22760009765625,487.0834655761719,192.24339294433594,-0.025102734565734863,0.12222259491682053,2.4734485149383545,0.0,0.0,-3.545646905899048,,,prepared_not_sent,"[419.22760009765625, 487.0834655761719, 192.24339294433594, -0.025102734565734863, 0.12222259491682053, 2.4734485149383545, 0.0, 0.0, -3.545646905899048]",
offline_ON_20260930T174818_1790758098906168479_uvwi70ar,251,,,123456789000,4010039813411,receipt_only_no_header,,,shared_postprocessor,valid,1,1,,111,postprocessed,,robot_base,rotvec_rad,mm,N,418.24761962890625,487.3642578125,191.73715209960938,-0.024350062012672424,0.11873870342969894,2.472626209259033,0.0,0.0,-3.676659107208252,,,prepared_not_sent,"[418.24761962890625, 487.3642578125, 191.73715209960938, -0.024350062012672424, 0.11873870342969894, 2.472626209259033, 0.0, 0.0, -3.676659107208252]",
offline_ON_20260930T174818_1790758098906168479_uvwi70ar,252,,,123456789000,4010039815615,receipt_only_no_header,,,shared_postprocessor,valid,1,1,,112,postprocessed,,robot_base,rotvec_rad,mm,N,416.39874267578125,488.4132385253906,191.48243713378906,-0.02141091227531433,0.11845863610506058,2.474977731704712,0.0,0.0,-3.1340670585632324,,,prepared_not_sent,"[416.39874267578125, 488.4132385253906, 191.48243713378906, -0.02141091227531433, 0.11845863610506058, 2.474977731704712, 0.0, 0.0, -3.1340670585632324]",
offline_ON_20260930T174818_1790758098906168479_uvwi70ar,253,,,123456789000,4010039818060,receipt_only_no_header,,,shared_postprocessor,valid,1,1,,113,postprocessed,,robot_base,rotvec_rad,mm,N,417.50408935546875,487.93121337890625,192.6516571044922,-0.022420436143875122,0.11795542389154434,2.471294403076172,0.0,0.0,-3.4732697010040283,,,prepared_not_sent,"[417.50408935546875, 487.93121337890625, 192.6516571044922, -0.022420436143875122, 0.11795542389154434, 2.471294403076172, 0.0, 0.0, -3.4732697010040283]",
offline_ON_20260930T174818_1790758098906168479_uvwi70ar,254,,,123456789000,4010039820354,receipt_only_no_header,,,shared_postprocessor,valid,1,1,,114,postprocessed,,robot_base,rotvec_rad,mm,N,417.61578369140625,489.4934997558594,191.76673889160156,-0.02215161919593811,0.11662965267896652,2.473038911819458,0.0,0.0,-3.1678831577301025,,,prepared_not_sent,"[417.61578369140625, 489.4934997558594, 191.76673889160156, -0.02215161919593811, 0.11662965267896652, 2.473038911819458, 0.0, 0.0, -3.1678831577301025]",
offline_ON_20260930T174818_1790758098906168479_uvwi70ar,255,,,123456789000,4010039822929,receipt_only_no_header,,,shared_postprocessor,valid,1,1,,115,postprocessed,,robot_base,rotvec_rad,mm,N,417.75653076171875,488.94061279296875,191.68685913085938,-0.02430945634841919,0.12040948122739792,2.4704806804656982,0.0,0.0,-3.3962197303771973,,,prepared_not_sent,"[417.75653076171875, 488.94061279296875, 191.68685913085938, -0.02430945634841919, 0.12040948122739792, 2.4704806804656982, 0.0, 0.0, -3.3962197303771973]",
offline_ON_20260930T174818_1790758098906168479_uvwi70ar,256,,,123456789000,4010039826756,receipt_only_no_header,,,shared_postprocessor,valid,1,1,,116,postprocessed,,robot_base,rotvec_rad,mm,N,415.2259826660156,488.9981689453125,191.5087432861328,-0.02234761416912079,0.12087399512529373,2.4775164127349854,0.0,0.0,-2.8371825218200684,,,prepared_not_sent,"[415.2259826660156, 488.9981689453125, 191.5087432861328, -0.02234761416912079, 0.12087399512529373, 2.4775164127349854, 0.0, 0.0, -2.8371825218200684]",
offline_ON_20260930T174818_1790758098906168479_uvwi70ar,257,,,123456789000,4010039829692,receipt_only_no_header,,,shared_postprocessor,valid,1,1,,117,postprocessed,,robot_base,rotvec_rad,mm,N,416.89617919921875,489.43902587890625,192.3443145751953,-0.02422693371772766,0.11818201094865799,2.475861072540283,0.0,0.0,-3.8630549907684326,,,prepared_not_sent,"[416.89617919921875, 489.43902587890625, 192.3443145751953, -0.02422693371772766, 0.11818201094865799, 2.475861072540283, 0.0, 0.0, -3.8630549907684326]",
offline_ON_20260930T174818_1790758098906168479_uvwi70ar,258,,,123456789000,4010039832367,receipt_only_no_header,,,shared_postprocessor,valid,1,1,,118,postprocessed,,robot_base,rotvec_rad,mm,N,417.6497802734375,491.1895751953125,192.07095336914062,-0.026331201195716858,0.11826542764902115,2.469194173812866,0.0,0.0,-3.0943191051483154,,,prepared_not_sent,"[417.6497802734375, 491.1895751953125, 192.07095336914062, -0.026331201195716858, 0.11826542764902115, 2.469194173812866, 0.0, 0.0, -3.0943191051483154]",
offline_ON_20260930T174818_1790758098906168479_uvwi70ar,259,,,123456789000,4010039834782,receipt_only_no_header,,,shared_postprocessor,valid,1,1,,119,postprocessed,,robot_base,rotvec_rad,mm,N,414.39208984375,490.0719299316406,192.0736541748047,-0.024035215377807617,0.11974998563528061,2.4676928520202637,0.0,0.0,-3.4205374717712402,,,prepared_not_sent,"[414.39208984375, 490.0719299316406, 192.0736541748047, -0.024035215377807617, 0.11974998563528061, 2.4676928520202637, 0.0, 0.0, -3.4205374717712402]",
offline_ON_20260930T174818_1790758098906168479_uvwi70ar,260,,,123456789000,4010039837096,receipt_only_no_header,,,shared_postprocessor,valid,1,1,,120,postprocessed,,robot_base,rotvec_rad,mm,N,416.623291015625,490.1982727050781,194.26878356933594,-0.02343165874481201,0.12214750796556473,2.470932960510254,0.0,0.0,-2.925128936767578,,,prepared_not_sent,"[416.623291015625, 490.1982727050781, 194.26878356933594, -0.02343165874481201, 0.12214750796556473, 2.470932960510254, 0.0, 0.0, -2.925128936767578]",
offline_ON_20260930T174818_1790758098906168479_uvwi70ar,261,,,123456789000,4010039839361,receipt_only_no_header,,,shared_postprocessor,valid,1,1,,121,postprocessed,,robot_base,rotvec_rad,mm,N,413.344970703125,490.74462890625,193.7952880859375,-0.02154439687728882,0.12229043990373611,2.4653429985046387,0.0,0.0,-3.3373255729675293,,,prepared_not_sent,"[413.344970703125, 490.74462890625, 193.7952880859375, -0.02154439687728882, 0.12229043990373611, 2.4653429985046387, 0.0, 0.0, -3.3373255729675293]",
offline_ON_20260930T174818_1790758098906168479_uvwi70ar,262,,,123456789000,4010039841655,receipt_only_no_header,,,shared_postprocessor,valid,1,1,,122,postprocessed,,robot_base,rotvec_rad,mm,N,413.6641845703125,490.31243896484375,192.84283447265625,-0.025660306215286255,0.12129280716180801,2.468526601791382,0.0,0.0,-3.3446755409240723,,,prepared_not_sent,"[413.6641845703125, 490.31243896484375, 192.84283447265625, -0.025660306215286255, 0.12129280716180801, 2.468526601791382, 0.0, 0.0, -3.3446755409240723]",
offline_ON_20260930T174818_1790758098906168479_uvwi70ar,263,,,123456789000,4010039843919,receipt_only_no_header,,,shared_postprocessor,valid,1,1,,123,postprocessed,,robot_base,rotvec_rad,mm,N,412.7213134765625,491.7601318359375,192.0636444091797,-0.024524345993995667,0.11857479065656662,2.463618278503418,0.0,0.0,-2.985870122909546,,,prepared_not_sent,"[412.7213134765625, 491.7601318359375, 192.0636444091797, -0.024524345993995667, 0.11857479065656662, 2.463618278503418, 0.0, 0.0, -2.985870122909546]",
offline_ON_20260930T174818_1790758098906168479_uvwi70ar,264,,,123456789000,4010039846264,receipt_only_no_header,,,shared_postprocessor,valid,1,1,,124,postprocessed,,robot_base,rotvec_rad,mm,N,414.47998046875,490.3931884765625,192.88168334960938,-0.023798584938049316,0.12017207592725754,2.465709924697876,0.0,0.0,-2.7481727600097656,,,prepared_not_sent,"[414.47998046875, 490.3931884765625, 192.88168334960938, -0.023798584938049316, 0.12017207592725754, 2.465709924697876, 0.0, 0.0, -2.7481727600097656]",
offline_ON_20260930T174818_1790758098906168479_uvwi70ar,265,,,123456789000,4010039848678,receipt_only_no_header,,,shared_postprocessor,valid,1,1,,125,postprocessed,,robot_base,rotvec_rad,mm,N,411.23919677734375,491.32318115234375,192.81784057617188,-0.022663652896881104,0.11841308325529099,2.466153860092163,0.0,0.0,-2.7574212551116943,,,prepared_not_sent,"[411.23919677734375, 491.32318115234375, 192.81784057617188, -0.022663652896881104, 0.11841308325529099, 2.466153860092163, 0.0, 0.0, -2.7574212551116943]",
offline_ON_20260930T174818_1790758098906168479_uvwi70ar,266,,,123456789000,4010039850963,receipt_only_no_header,,,shared_postprocessor,valid,1,1,,126,postprocessed,,robot_base,rotvec_rad,mm,N,411.10833740234375,490.67724609375,193.03262329101562,-0.02694500982761383,0.1193118616938591,2.4661848545074463,0.0,0.0,-2.5585970878601074,,,prepared_not_sent,"[411.10833740234375, 490.67724609375, 193.03262329101562, -0.02694500982761383, 0.1193118616938591, 2.4661848545074463, 0.0, 0.0, -2.5585970878601074]",
offline_ON_20260930T174818_1790758098906168479_uvwi70ar,267,,,123456789000,4010039853387,receipt_only_no_header,,,shared_postprocessor,valid,1,1,,127,postprocessed,,robot_base,rotvec_rad,mm,N,410.0809631347656,492.30572509765625,192.1374053955078,-0.026179969310760498,0.1164611354470253,2.4699106216430664,0.0,0.0,-1.8375201225280762,,,prepared_not_sent,"[410.0809631347656, 492.30572509765625, 192.1374053955078, -0.026179969310760498, 0.1164611354470253, 2.4699106216430664, 0.0, 0.0, -1.8375201225280762]",
