run_id,logger_seq,source_seq,source_stamp_ns,receipt_ros_ns,receipt_monotonic_ns,stamp_basis,source_clock,frame_id,source,validity,x,y,z,rx,ry,rz,qx,qy,qz,qw,position_unit,orientation_representation,quaternion_order,pose_kind,semantic_frame,velocity,work_pose,contact_offset,raw_values,details
rel_single_90deg_best_20260920T160636_1789887996648993205_r3lvdifh,3,,,1789887996654667506,9515411336995,receipt_only_no_header,,,/ur10skku/currentP,valid,445.05026827975587,394.56823624884044,219.95988500781823,3.790144618946353e-05,7.232560409772216e-05,2.3563423895874505,1.4860931510021657e-05,2.8358438977349325e-05,0.9239078290251256,0.38261511005321147,mm,rotation_vector_rad,xyzw,TCP_from_joint_feedback_FK,robot_base,,"{""values"": [8.675684928894043, 28.620729446411133, 219.9598846435547, 3.790144546655938e-05, 7.232560164993629e-05, 2.356342315673828], ""schema"": ""x_mm,y_mm,z_mm,rotation_vector_rad[3]"", ""frame"": ""policy_stain_relative_xy_base_z"", ""transform"": ""stain_relative_v1"", ""note"": ""existing policy XY transform only; not a full rotated rigid TCP frame""}",,"[445.05026827975587, 394.56823624884044, 219.95988500781823, 3.790144618946353e-05, 7.232560409772216e-05, 2.3563423895874505]","{""source_acquisition_stamp"": null, ""calibration"": ""deployed EE2TCP unverified"", ""layout"": ""std_msgs.msg.MultiArrayLayout(dim=[], data_offset=0)""}"
rel_single_90deg_best_20260920T160636_1789887996648993205_r3lvdifh,15,,,1789887996710454901,9515467119982,receipt_only_no_header,,,/ur10skku/currentP,valid,445.0479751936436,394.5523066305552,219.928252939316,5.386784976624769e-05,0.00016336014429984633,2.3562828851407533,2.1121536449737933e-05,6.405336870204168e-05,0.9238964439894485,0.382642595949142,mm,rotation_vector_rad,xyzw,TCP_from_joint_feedback_FK,robot_base,,"{""values"": [8.673396110534668, 28.604799270629883, 219.92825317382812, 5.3867850510869175e-05, 0.00016336014959961176, 2.356282949447632], ""schema"": ""x_mm,y_mm,z_mm,rotation_vector_rad[3]"", ""frame"": ""policy_stain_relative_xy_base_z"", ""transform"": ""stain_relative_v1"", ""note"": ""existing policy XY transform only; not a full rotated rigid TCP frame""}",,"[445.0479751936436, 394.5523066305552, 219.928252939316, 5.386784976624769e-05, 0.00016336014429984633, 2.3562828851407533]","{""source_acquisition_stamp"": null, ""calibration"": ""deployed EE2TCP unverified"", ""layout"": ""std_msgs.msg.MultiArrayLayout(dim=[], data_offset=0)""}"
rel_single_90deg_best_20260920T160636_1789887996648993205_r3lvdifh,17,,,1789887996766302803,9515522968826,receipt_only_no_header,,,/ur10skku/currentP,valid,445.0550120659509,394.56908042732493,219.94763267419182,7.062437998902859e-05,8.201774925038435e-05,2.3563189036180714,2.7691540458988726e-05,3.2158835547654204e-05,0.923903335703001,0.38262595896757406,mm,rotation_vector_rad,xyzw,TCP_from_joint_feedback_FK,robot_base,,"{""values"": [8.680445671081543, 28.621583938598633, 219.9476318359375, 7.06243808963336e-05, 8.201775199268013e-05, 2.356318950653076], ""schema"": ""x_mm,y_mm,z_mm,rotation_vector_rad[3]"", ""frame"": ""policy_stain_relative_xy_base_z"", ""transform"": ""stain_relative_v1"", ""note"": ""existing policy XY transform only; not a full rotated rigid TCP frame""}",,"[445.0550120659509, 394.56908042732493, 219.94763267419182, 7.062437998902859e-05, 8.201774925038435e-05, 2.3563189036180714]","{""source_acquisition_stamp"": null, ""calibration"": ""deployed EE2TCP unverified"", ""layout"": ""std_msgs.msg.MultiArrayLayout(dim=[], data_offset=0)""}"
rel_single_90deg_best_20260920T160636_1789887996648993205_r3lvdifh,19,,,1789887996822468124,9515579135991,receipt_only_no_header,,,/ur10skku/currentP,valid,445.041690166501,394.5547431155385,219.93549089300978,4.840439862381758e-05,0.0001322172769559292,2.3562944501334564,1.8979274377124125e-05,5.184214757515935e-05,0.9238986570194193,0.38263725447202884,mm,rotation_vector_rad,xyzw,TCP_from_joint_feedback_FK,robot_base,,"{""values"": [8.667109489440918, 28.607240676879883, 219.93548583984375, 4.840439942199737e-05, 0.00013221727567724884, 2.3562943935394287], ""schema"": ""x_mm,y_mm,z_mm,rotation_vector_rad[3]"", ""frame"": ""policy_stain_relative_xy_base_z"", ""transform"": ""stain_relative_v1"", ""note"": ""existing policy XY transform only; not a full rotated rigid TCP frame""}",,"[445.041690166501, 394.5547431155385, 219.93549089300978, 4.840439862381758e-05, 0.0001322172769559292, 2.3562944501334564]","{""source_acquisition_stamp"": null, ""calibration"": ""deployed EE2TCP unverified"", ""layout"": ""std_msgs.msg.MultiArrayLayout(dim=[], data_offset=0)""}"
rel_single_90deg_best_20260920T160636_1789887996648993205_r3lvdifh,21,,,1789887996886972331,9515643637051,receipt_only_no_header,,,/ur10skku/currentP,valid,445.06629229931093,394.57503199441425,219.94864365334217,1.0536322245669986e-05,9.317671581085204e-05,2.3563184140620317,4.13125077884993e-06,3.6534226154904746e-05,0.9239032421690324,0.3826261854051982,mm,rotation_vector_rad,xyzw,TCP_from_joint_feedback_FK,robot_base,,"{""values"": [8.691706657409668, 28.627534866333008, 219.94863891601562, 1.0536322406551335e-05, 9.317671356257051e-05, 2.356318473815918], ""schema"": ""x_mm,y_mm,z_mm,rotation_vector_rad[3]"", ""frame"": ""policy_stain_relative_xy_base_z"", ""transform"": ""stain_relative_v1"", ""note"": ""existing policy XY transform only; not a full rotated rigid TCP frame""}",,"[445.06629229931093, 394.57503199441425, 219.94864365334217, 1.0536322245669986e-05, 9.317671581085204e-05, 2.3563184140620317]","{""source_acquisition_stamp"": null, ""calibration"": ""deployed EE2TCP unverified"", ""layout"": ""std_msgs.msg.MultiArrayLayout(dim=[], data_offset=0)""}"
rel_single_90deg_best_20260920T160636_1789887996648993205_r3lvdifh,23,,,1789887996942452687,9515699118069,receipt_only_no_header,,,/ur10skku/currentP,valid,445.0439410273013,394.57669324791124,219.95454330288248,6.536853536031646e-05,5.2074076428268814e-05,2.356294452032873,2.5630880740788433e-05,2.0418148200241372e-05,0.923898657929845,0.38263725485319433,mm,rotation_vector_rad,xyzw,TCP_from_joint_feedback_FK,robot_base,,"{""values"": [8.669367790222168, 28.629182815551758, 219.9545440673828, 6.53685347060673e-05, 5.207407593843527e-05, 2.3562943935394287], ""schema"": ""x_mm,y_mm,z_mm,rotation_vector_rad[3]"", ""frame"": ""policy_stain_relative_xy_base_z"", ""transform"": ""stain_relative_v1"", ""note"": ""existing policy XY transform only; not a full rotated rigid TCP frame""}",,"[445.0439410273013, 394.57669324791124, 219.95454330288248, 6.536853536031646e-05, 5.2074076428268814e-05, 2.356294452032873]","{""source_acquisition_stamp"": null, ""calibration"": ""deployed EE2TCP unverified"", ""layout"": ""std_msgs.msg.MultiArrayLayout(dim=[], data_offset=0)""}"
rel_single_90deg_best_20260920T160636_1789887996648993205_r3lvdifh,25,,,1789887996998476958,9515755142379,receipt_only_no_header,,,/ur10skku/currentP,valid,445.06364120537717,394.5422551260973,219.95025637370134,3.091460828405193e-05,0.00012046848937608504,2.3562948836051354,1.2121559081662826e-05,4.723546544835892e-05,0.9238987401361927,0.3826370546570662,mm,rotation_vector_rad,xyzw,TCP_from_joint_feedback_FK,robot_base,,"{""values"": [8.689051628112793, 28.594758987426758, 219.95025634765625, 3.0914608942111954e-05, 0.00012046848860336468, 2.356294870376587], ""schema"": ""x_mm,y_mm,z_mm,rotation_vector_rad[3]"", ""frame"": ""policy_stain_relative_xy_base_z"", ""transform"": ""stain_relative_v1"", ""note"": ""existing policy XY transform only; not a full rotated rigid TCP frame""}",,"[445.06364120537717, 394.5422551260973, 219.95025637370134, 3.091460828405193e-05, 0.00012046848937608504, 2.3562948836051354]","{""source_acquisition_stamp"": null, ""calibration"": ""deployed EE2TCP unverified"", ""layout"": ""std_msgs.msg.MultiArrayLayout(dim=[], data_offset=0)""}"
rel_single_90deg_best_20260920T160636_1789887996648993205_r3lvdifh,27,,,1789887997054075802,9515810742676,receipt_only_no_header,,,/ur10skku/currentP,valid,445.05922948814543,394.59158257062995,219.9790724662958,4.5038850873154085e-05,2.415505153924363e-05,2.356330409860033,1.7659511392935033e-05,9.471076627944464e-06,0.9239055373689744,0.382620644525863,mm,rotation_vector_rad,xyzw,TCP_from_joint_feedback_FK,robot_base,,"{""values"": [8.684657096862793, 28.644075393676758, 219.97906494140625, 4.503885065787472e-05, 2.4155051505658776e-05, 2.356330394744873], ""schema"": ""x_mm,y_mm,z_mm,rotation_vector_rad[3]"", ""frame"": ""policy_stain_relative_xy_base_z"", ""transform"": ""stain_relative_v1"", ""note"": ""existing policy XY transform only; not a full rotated rigid TCP frame""}",,"[445.05922948814543, 394.59158257062995, 219.9790724662958, 4.5038850873154085e-05, 2.415505153924363e-05, 2.356330409860033]","{""source_acquisition_stamp"": null, ""calibration"": ""deployed EE2TCP unverified"", ""layout"": ""std_msgs.msg.MultiArrayLayout(dim=[], data_offset=0)""}"
rel_single_90deg_best_20260920T160636_1789887996648993205_r3lvdifh,29,,,1789887997110743577,9515867410311,receipt_only_no_header,,,/ur10skku/currentP,valid,445.0511440377215,394.55383778002107,219.94344092551796,6.363609864810889e-05,0.00013016212077193433,2.356306921570197,2.4951527907214937e-05,5.1036186345463776e-05,0.9239010429698882,0.38263149317833445,mm,rotation_vector_rad,xyzw,TCP_from_joint_feedback_FK,robot_base,,"{""values"": [8.676569938659668, 28.606325149536133, 219.9434356689453, 6.363610009429976e-05, 0.0001301621232414618, 2.356307029724121], ""schema"": ""x_mm,y_mm,z_mm,rotation_vector_rad[3]"", ""frame"": ""policy_stain_relative_xy_base_z"", ""transform"": ""stain_relative_v1"", ""note"": ""existing policy XY transform only; not a full rotated rigid TCP frame""}",,"[445.0511440377215, 394.55383778002107, 219.94344092551796, 6.363609864810889e-05, 0.00013016212077193433, 2.356306921570197]","{""source_acquisition_stamp"": null, ""calibration"": ""deployed EE2TCP unverified"", ""layout"": ""std_msgs.msg.MultiArrayLayout(dim=[], data_offset=0)""}"
rel_single_90deg_best_20260920T160636_1789887996648993205_r3lvdifh,31,,,1789887997166498991,9515923165305,receipt_only_no_header,,,/ur10skku/currentP,valid,445.050519785322,394.57471835635687,219.97503033643233,6.526409642683329e-05,5.147439763650641e-05,2.3562948692869905,2.5589928109525772e-05,2.018301343489934e-05,0.923898737761537,0.38263706211035076,mm,rotation_vector_rad,xyzw,TCP_from_joint_feedback_FK,robot_base,,"{""values"": [8.675929069519043, 28.627199172973633, 219.97503662109375, 6.52640956104733e-05, 5.147439878783189e-05, 2.356294870376587], ""schema"": ""x_mm,y_mm,z_mm,rotation_vector_rad[3]"", ""frame"": ""policy_stain_relative_xy_base_z"", ""transform"": ""stain_relative_v1"", ""note"": ""existing policy XY transform only; not a full rotated rigid TCP frame""}",,"[445.050519785322, 394.57471835635687, 219.97503033643233, 6.526409642683329e-05, 5.147439763650641e-05, 2.3562948692869905]","{""source_acquisition_stamp"": null, ""calibration"": ""deployed EE2TCP unverified"", ""layout"": ""std_msgs.msg.MultiArrayLayout(dim=[], data_offset=0)""}"
rel_single_90deg_best_20260920T160636_1789887996648993205_r3lvdifh,33,,,1789887997220542179,9515977207761,receipt_only_no_header,,,/ur10skku/currentP,valid,445.04934486717195,394.57603433706487,219.9679851259814,5.039565588430188e-05,5.470034664585607e-05,2.3562944525411975,1.9760042635930855e-05,2.144790385115327e-05,0.9238986580889978,0.3826372547607946,mm,rotation_vector_rad,xyzw,TCP_from_joint_feedback_FK,robot_base,,"{""values"": [8.674769401550293, 28.628511428833008, 219.96798706054688, 5.039565439801663e-05, 5.470034739119001e-05, 2.3562943935394287], ""schema"": ""x_mm,y_mm,z_mm,rotation_vector_rad[3]"", ""frame"": ""policy_stain_relative_xy_base_z"", ""transform"": ""stain_relative_v1"", ""note"": ""existing policy XY transform only; not a full rotated rigid TCP frame""}",,"[445.04934486717195, 394.57603433706487, 219.9679851259814, 5.039565588430188e-05, 5.470034664585607e-05, 2.3562944525411975]","{""source_acquisition_stamp"": null, ""calibration"": ""deployed EE2TCP unverified"", ""layout"": ""std_msgs.msg.MultiArrayLayout(dim=[], data_offset=0)""}"
rel_single_90deg_best_20260920T160636_1789887996648993205_r3lvdifh,36,,,1789887997278346726,9516035011817,receipt_only_no_header,,,/ur10skku/currentP,valid,445.0633774402168,394.5888565932356,219.96553528886898,3.254306703978328e-05,4.1780740168392604e-05,2.3563423903979834,1.2759942931667532e-05,1.6381979594602746e-05,0.9239078293447646,0.38261511005743076,mm,rotation_vector_rad,xyzw,TCP_from_joint_feedback_FK,robot_base,,"{""values"": [8.688807487487793, 28.641359329223633, 219.9655303955078, 3.2543066481593996e-05, 4.17807386838831e-05, 2.356342315673828], ""schema"": ""x_mm,y_mm,z_mm,rotation_vector_rad[3]"", ""frame"": ""policy_stain_relative_xy_base_z"", ""transform"": ""stain_relative_v1"", ""note"": ""existing policy XY transform only; not a full rotated rigid TCP frame""}",,"[445.0633774402168, 394.5888565932356, 219.96553528886898, 3.254306703978328e-05, 4.1780740168392604e-05, 2.3563423903979834]","{""source_acquisition_stamp"": null, ""calibration"": ""deployed EE2TCP unverified"", ""layout"": ""std_msgs.msg.MultiArrayLayout(dim=[], data_offset=0)""}"
rel_single_90deg_best_20260920T160636_1789887996648993205_r3lvdifh,38,,,1789887997334350217,9516091018675,receipt_only_no_header,,,/ur10skku/currentP,valid,445.0491683821351,394.53577417872026,219.91914197912405,2.629492914205853e-05,0.0001830133407869304,2.356294866616386,1.0310191709906897e-05,7.175918287475779e-05,0.9238987360884963,0.38263706067028946,mm,rotation_vector_rad,xyzw,TCP_from_joint_feedback_FK,robot_base,,"{""values"": [8.674586296081543, 28.588258743286133, 219.9191436767578, 2.6294928829884157e-05, 0.0001830133405746892, 2.356294870376587], ""schema"": ""x_mm,y_mm,z_mm,rotation_vector_rad[3]"", ""frame"": ""policy_stain_relative_xy_base_z"", ""transform"": ""stain_relative_v1"", ""note"": ""existing policy XY transform only; not a full rotated rigid TCP frame""}",,"[445.0491683821351, 394.53577417872026, 219.91914197912405, 2.629492914205853e-05, 0.0001830133407869304, 2.356294866616386]","{""source_acquisition_stamp"": null, ""calibration"": ""deployed EE2TCP unverified"", ""layout"": ""std_msgs.msg.MultiArrayLayout(dim=[], data_offset=0)""}"
rel_single_90deg_best_20260920T160636_1789887996648993205_r3lvdifh,40,,,1789887997390488426,9516147154609,receipt_only_no_header,,,/ur10skku/currentP,valid,445.0670168180901,394.5915082329128,219.97363552708947,4.503887734792267e-05,2.415473044026052e-05,2.356318846558949,1.7659566151095207e-05,9.47097452666253e-06,0.9239033251746753,0.38262598621842,mm,rotation_vector_rad,xyzw,TCP_from_joint_feedback_FK,robot_base,,"{""values"": [8.692439079284668, 28.644014358520508, 219.9736328125, 4.503887612372637e-05, 2.4154729544534348e-05, 2.356318950653076], ""schema"": ""x_mm,y_mm,z_mm,rotation_vector_rad[3]"", ""frame"": ""policy_stain_relative_xy_base_z"", ""transform"": ""stain_relative_v1"", ""note"": ""existing policy XY transform only; not a full rotated rigid TCP frame""}",,"[445.0670168180901, 394.5915082329128, 219.97363552708947, 4.503887734792267e-05, 2.415473044026052e-05, 2.356318846558949]","{""source_acquisition_stamp"": null, ""calibration"": ""deployed EE2TCP unverified"", ""layout"": ""std_msgs.msg.MultiArrayLayout(dim=[], data_offset=0)""}"
rel_single_90deg_best_20260920T160636_1789887996648993205_r3lvdifh,42,,,1789887997453732945,9516210398025,receipt_only_no_header,,,/ur10skku/currentP,valid,445.0613788525658,394.5571053496971,219.9735960107983,5.3022754288545084e-05,6.967174646158344e-05,2.356258927668163,2.079028351881615e-05,2.73183726802424e-05,0.9238918612823915,0.38265366518253646,mm,rotation_vector_rad,xyzw,TCP_from_joint_feedback_FK,robot_base,,"{""values"": [8.686793327331543, 28.609590530395508, 219.97360229492188, 5.3022755309939384e-05, 6.967174704186618e-05, 2.3562588691711426], ""schema"": ""x_mm,y_mm,z_mm,rotation_vector_rad[3]"", ""frame"": ""policy_stain_relative_xy_base_z"", ""transform"": ""stain_relative_v1"", ""note"": ""existing policy XY transform only; not a full rotated rigid TCP frame""}",,"[445.0613788525658, 394.5571053496971, 219.9735960107983, 5.3022754288545084e-05, 6.967174646158344e-05, 2.356258927668163]","{""source_acquisition_stamp"": null, ""calibration"": ""deployed EE2TCP unverified"", ""layout"": ""std_msgs.msg.MultiArrayLayout(dim=[], data_offset=0)""}"
rel_single_90deg_best_20260920T160636_1789887996648993205_r3lvdifh,44,,,1789887997510475634,9516267141045,receipt_only_no_header,,,/ur10skku/currentP,valid,445.0722914330022,394.572145164977,219.96392712596764,2.551266644136254e-06,4.765855989562161e-05,2.356270910046513,1.0003520087098705e-06,1.8686928014121986e-05,0.923894154045852,0.3826481304928819,mm,rotation_vector_rad,xyzw,TCP_from_joint_feedback_FK,robot_base,,"{""values"": [8.697718620300293, 28.624635696411133, 219.96392822265625, 2.5512665615678998e-06, 4.765855919686146e-05, 2.3562710285186768], ""schema"": ""x_mm,y_mm,z_mm,rotation_vector_rad[3]"", ""frame"": ""policy_stain_relative_xy_base_z"", ""transform"": ""stain_relative_v1"", ""note"": ""existing policy XY transform only; not a full rotated rigid TCP frame""}",,"[445.0722914330022, 394.572145164977, 219.96392712596764, 2.551266644136254e-06, 4.765855989562161e-05, 2.356270910046513]","{""source_acquisition_stamp"": null, ""calibration"": ""deployed EE2TCP unverified"", ""layout"": ""std_msgs.msg.MultiArrayLayout(dim=[], data_offset=0)""}"
rel_single_90deg_best_20260920T160636_1789887996648993205_r3lvdifh,46,,,1789887997566790382,9516323456144,receipt_only_no_header,,,/ur10skku/currentP,valid,445.0652628582113,394.5918223032436,219.9856983642569,3.254306703978328e-05,4.1780740168392604e-05,2.3563423903979834,1.2759942931667532e-05,1.6381979594602746e-05,0.9239078293447646,0.38261511005743076,mm,rotation_vector_rad,xyzw,TCP_from_joint_feedback_FK,robot_base,,"{""values"": [8.690699577331543, 28.644319534301758, 219.98570251464844, 3.2543066481593996e-05, 4.17807386838831e-05, 2.356342315673828], ""schema"": ""x_mm,y_mm,z_mm,rotation_vector_rad[3]"", ""frame"": ""policy_stain_relative_xy_base_z"", ""transform"": ""stain_relative_v1"", ""note"": ""existing policy XY transform only; not a full rotated rigid TCP frame""}",,"[445.0652628582113, 394.5918223032436, 219.9856983642569, 3.254306703978328e-05, 4.1780740168392604e-05, 2.3563423903979834]","{""source_acquisition_stamp"": null, ""calibration"": ""deployed EE2TCP unverified"", ""layout"": ""std_msgs.msg.MultiArrayLayout(dim=[], data_offset=0)""}"
rel_single_90deg_best_20260920T160636_1789887996648993205_r3lvdifh,48,,,1789887997622064502,9516378731136,receipt_only_no_header,,,/ur10skku/currentP,valid,445.0544150419089,394.56559998974046,219.95988494141125,2.2927455688045816e-05,7.495214487698749e-05,2.3563184140605102,8.989765780826998e-06,2.9388443113033456e-05,0.9239032422816207,0.38262618566560824,mm,rotation_vector_rad,xyzw,TCP_from_joint_feedback_FK,robot_base,,"{""values"": [8.679835319519043, 28.618104934692383, 219.9598846435547, 2.2927455574972555e-05, 7.495214231312275e-05, 2.356318473815918], ""schema"": ""x_mm,y_mm,z_mm,rotation_vector_rad[3]"", ""frame"": ""policy_stain_relative_xy_base_z"", ""transform"": ""stain_relative_v1"", ""note"": ""existing policy XY transform only; not a full rotated rigid TCP frame""}",,"[445.0544150419089, 394.56559998974046, 219.95988494141125, 2.2927455688045816e-05, 7.495214487698749e-05, 2.3563184140605102]","{""source_acquisition_stamp"": null, ""calibration"": ""deployed EE2TCP unverified"", ""layout"": ""std_msgs.msg.MultiArrayLayout(dim=[], data_offset=0)""}"
rel_single_90deg_best_20260920T160636_1789887996648993205_r3lvdifh,50,,,1789887997686959278,9516443623898,receipt_only_no_header,,,/ur10skku/currentP,valid,445.06107521402015,394.57607625502646,219.97640900129704,1.7568847112390344e-05,4.440735511359384e-05,2.356294453658889,6.888712169352848e-06,1.741204107605024e-05,0.923898658441349,0.3826372545631725,mm,rotation_vector_rad,xyzw,TCP_from_joint_feedback_FK,robot_base,,"{""values"": [8.686488151550293, 28.628572463989258, 219.97640991210938, 1.7568847397342324e-05, 4.440735574462451e-05, 2.3562943935394287], ""schema"": ""x_mm,y_mm,z_mm,rotation_vector_rad[3]"", ""frame"": ""policy_stain_relative_xy_base_z"", ""transform"": ""stain_relative_v1"", ""note"": ""existing policy XY transform only; not a full rotated rigid TCP frame""}",,"[445.06107521402015, 394.57607625502646, 219.97640900129704, 1.7568847112390344e-05, 4.440735511359384e-05, 2.356294453658889]","{""source_acquisition_stamp"": null, ""calibration"": ""deployed EE2TCP unverified"", ""layout"": ""std_msgs.msg.MultiArrayLayout(dim=[], data_offset=0)""}"
rel_single_90deg_best_20260920T160636_1789887996648993205_r3lvdifh,52,,,1789887997742990833,9516499656104,receipt_only_no_header,,,/ur10skku/currentP,valid,445.06217068546124,394.56193124145557,219.9612639888457,3.5273976424977425e-05,5.735211070254956e-05,2.3562829492884894,1.3830894912179305e-05,2.248771180662671e-05,0.9238964573297288,0.382642568772197,mm,rotation_vector_rad,xyzw,TCP_from_joint_feedback_FK,robot_base,,"{""values"": [8.687586784362793, 28.614412307739258, 219.9612579345703, 3.527397711877711e-05, 5.7352110161446035e-05, 2.356282949447632], ""schema"": ""x_mm,y_mm,z_mm,rotation_vector_rad[3]"", ""frame"": ""policy_stain_relative_xy_base_z"", ""transform"": ""stain_relative_v1"", ""note"": ""existing policy XY transform only; not a full rotated rigid TCP frame""}",,"[445.06217068546124, 394.56193124145557, 219.9612639888457, 3.5273976424977425e-05, 5.735211070254956e-05, 2.3562829492884894]","{""source_acquisition_stamp"": null, ""calibration"": ""deployed EE2TCP unverified"", ""layout"": ""std_msgs.msg.MultiArrayLayout(dim=[], data_offset=0)""}"
rel_single_90deg_best_20260920T160636_1789887996648993205_r3lvdifh,54,,,1789887997799043197,9516555711454,receipt_only_no_header,,,/ur10skku/currentP,valid,445.04760888964273,394.5574360411274,219.93635282903955,8.133966146069208e-05,0.00014310726888077616,2.356294924308933,3.189312618063174e-05,5.6112087287034474e-05,0.9238987474281959,0.382637034714196,mm,rotation_vector_rad,xyzw,TCP_from_joint_feedback_FK,robot_base,,"{""values"": [8.673029899597168, 28.609926223754883, 219.9363555908203, 8.13396618468687e-05, 0.0001431072741979733, 2.356294870376587], ""schema"": ""x_mm,y_mm,z_mm,rotation_vector_rad[3]"", ""frame"": ""policy_stain_relative_xy_base_z"", ""transform"": ""stain_relative_v1"", ""note"": ""existing policy XY transform only; not a full rotated rigid TCP frame""}",,"[445.04760888964273, 394.5574360411274, 219.93635282903955, 8.133966146069208e-05, 0.00014310726888077616, 2.356294924308933]","{""source_acquisition_stamp"": null, ""calibration"": ""deployed EE2TCP unverified"", ""layout"": ""std_msgs.msg.MultiArrayLayout(dim=[], data_offset=0)""}"
rel_single_90deg_best_20260920T160636_1789887996648993205_r3lvdifh,56,,,1789887997854285336,9516610949756,receipt_only_no_header,,,/ur10skku/currentP,valid,445.0529045795753,394.5723830750515,219.9612639888457,3.52747897440729e-05,5.735263158419491e-05,2.3563423900204667,1.3831035148338618e-05,2.2487625554848325e-05,0.9239078291988797,0.382615110062348,mm,rotation_vector_rad,xyzw,TCP_from_joint_feedback_FK,robot_base,,"{""values"": [8.678339958190918, 28.624879837036133, 219.9612579345703, 3.527478838805109e-05, 5.735263039241545e-05, 2.356342315673828], ""schema"": ""x_mm,y_mm,z_mm,rotation_vector_rad[3]"", ""frame"": ""policy_stain_relative_xy_base_z"", ""transform"": ""stain_relative_v1"", ""note"": ""existing policy XY transform only; not a full rotated rigid TCP frame""}",,"[445.0529045795753, 394.5723830750515, 219.9612639888457, 3.52747897440729e-05, 5.735263158419491e-05, 2.3563423900204667]","{""source_acquisition_stamp"": null, ""calibration"": ""deployed EE2TCP unverified"", ""layout"": ""std_msgs.msg.MultiArrayLayout(dim=[], data_offset=0)""}"
rel_single_90deg_best_20260920T160636_1789887996648993205_r3lvdifh,58,,,1789887997910486666,9516667151086,receipt_only_no_header,,,/ur10skku/currentP,valid,445.0597565058864,394.5268950077542,219.91871971199896,2.9132457204817983e-05,0.00019918228842787737,2.356258924103307,1.1422870285905006e-05,7.80996064961207e-05,0.9238918592004959,0.3826536636085176,mm,rotation_vector_rad,xyzw,TCP_from_joint_feedback_FK,robot_base,,"{""values"": [8.685175895690918, 28.579378128051758, 219.91871643066406, 2.9132457711966708e-05, 0.00019918229372706264, 2.3562588691711426], ""schema"": ""x_mm,y_mm,z_mm,rotation_vector_rad[3]"", ""frame"": ""policy_stain_relative_xy_base_z"", ""transform"": ""stain_relative_v1"", ""note"": ""existing policy XY transform only; not a full rotated rigid TCP frame""}",,"[445.0597565058864, 394.5268950077542, 219.91871971199896, 2.9132457204817983e-05, 0.00019918228842787737, 2.356258924103307]","{""source_acquisition_stamp"": null, ""calibration"": ""deployed EE2TCP unverified"", ""layout"": ""std_msgs.msg.MultiArrayLayout(dim=[], data_offset=0)""}"
rel_single_90deg_best_20260920T160636_1789887996648993205_r3lvdifh,60,,,1789887997966441934,9516723105833,receipt_only_no_header,,,/ur10skku/currentP,valid,445.06573092254024,394.5649899638797,219.9393428712549,3.3385766720187645e-06,0.00014012338526639008,2.3563304086118197,1.3090394537691599e-06,5.494168854851744e-05,0.9239055364044493,0.3826206434327667,mm,rotation_vector_rad,xyzw,TCP_from_joint_feedback_FK,robot_base,,"{""values"": [8.691157341003418, 28.617494583129883, 219.93934631347656, 3.3385765618731966e-06, 0.00014012338942848146, 2.356330394744873], ""schema"": ""x_mm,y_mm,z_mm,rotation_vector_rad[3]"", ""frame"": ""policy_stain_relative_xy_base_z"", ""transform"": ""stain_relative_v1"", ""note"": ""existing policy XY transform only; not a full rotated rigid TCP frame""}",,"[445.06573092254024, 394.5649899638797, 219.9393428712549, 3.3385766720187645e-06, 0.00014012338526639008, 2.3563304086118197]","{""source_acquisition_stamp"": null, ""calibration"": ""deployed EE2TCP unverified"", ""layout"": ""std_msgs.msg.MultiArrayLayout(dim=[], data_offset=0)""}"
rel_single_90deg_best_20260920T160636_1789887996648993205_r3lvdifh,62,,,1789887998020607808,9516777272888,receipt_only_no_header,,,/ur10skku/currentP,valid,445.04747681724973,394.5756372166727,219.9682150468023,9.798421684165425e-05,6.116863078497792e-05,2.356246989916568,3.841982484819236e-05,2.398435336540393e-05,0.923889577011867,0.3826591792150049,mm,rotation_vector_rad,xyzw,TCP_from_joint_feedback_FK,robot_base,,"{""values"": [8.672907829284668, 28.628114700317383, 219.9682159423828, 9.798421524465084e-05, 6.11686336924322e-05, 2.3562469482421875], ""schema"": ""x_mm,y_mm,z_mm,rotation_vector_rad[3]"", ""frame"": ""policy_stain_relative_xy_base_z"", ""transform"": ""stain_relative_v1"", ""note"": ""existing policy XY transform only; not a full rotated rigid TCP frame""}",,"[445.04747681724973, 394.5756372166727, 219.9682150468023, 9.798421684165425e-05, 6.116863078497792e-05, 2.356246989916568]","{""source_acquisition_stamp"": null, ""calibration"": ""deployed EE2TCP unverified"", ""layout"": ""std_msgs.msg.MultiArrayLayout(dim=[], data_offset=0)""}"
rel_single_90deg_best_20260920T160636_1789887996648993205_r3lvdifh,64,,,1789887998078412034,9516835076694,receipt_only_no_header,,,/ur10skku/currentP,valid,445.07536994281236,394.5698611447716,219.95706762717953,3.789924538740091e-05,7.232460502431069e-05,2.3562349522153085,1.4860415545110374e-05,2.8358709357166473e-05,0.9238872741110806,0.38266474061578826,mm,rotation_vector_rad,xyzw,TCP_from_joint_feedback_FK,robot_base,,"{""values"": [8.700800895690918, 28.622346878051758, 219.95706176757812, 3.789924448938109e-05, 7.232460484374315e-05, 2.3562350273132324], ""schema"": ""x_mm,y_mm,z_mm,rotation_vector_rad[3]"", ""frame"": ""policy_stain_relative_xy_base_z"", ""transform"": ""stain_relative_v1"", ""note"": ""existing policy XY transform only; not a full rotated rigid TCP frame""}",,"[445.07536994281236, 394.5698611447716, 219.95706762717953, 3.789924538740091e-05, 7.232460502431069e-05, 2.3562349522153085]","{""source_acquisition_stamp"": null, ""calibration"": ""deployed EE2TCP unverified"", ""layout"": ""std_msgs.msg.MultiArrayLayout(dim=[], data_offset=0)""}"
rel_single_90deg_best_20260920T160636_1789887996648993205_r3lvdifh,66,,,1789887998134512290,9516891178253,receipt_only_no_header,,,/ur10skku/currentP,valid,445.0766921141608,394.5790671371189,219.94485815824794,7.80522951528023e-06,7.760463264287863e-05,2.3563068511355705,3.060407682510305e-06,3.042854966323546e-05,0.9239010301298052,0.38263152717702503,mm,rotation_vector_rad,xyzw,TCP_from_joint_feedback_FK,robot_base,,"{""values"": [8.702113151550293, 28.631563186645508, 219.94485473632812, 7.805229870427866e-06, 7.760462904116139e-05, 2.356306791305542], ""schema"": ""x_mm,y_mm,z_mm,rotation_vector_rad[3]"", ""frame"": ""policy_stain_relative_xy_base_z"", ""transform"": ""stain_relative_v1"", ""note"": ""existing policy XY transform only; not a full rotated rigid TCP frame""}",,"[445.0766921141608, 394.5790671371189, 219.94485815824794, 7.80522951528023e-06, 7.760463264287863e-05, 2.3563068511355705]","{""source_acquisition_stamp"": null, ""calibration"": ""deployed EE2TCP unverified"", ""layout"": ""std_msgs.msg.MultiArrayLayout(dim=[], data_offset=0)""}"
rel_single_90deg_best_20260920T160636_1789887996648993205_r3lvdifh,68,,,1789887998190079944,9516946743963,receipt_only_no_header,,,/ur10skku/currentP,valid,445.0595647336933,394.58285931203477,219.97778816823023,2.991521791418074e-05,2.680831481852399e-05,2.3562824731218113,1.1729731661993928e-05,1.0511517583914397e-05,0.9238963663532844,0.3826427890227634,mm,rotation_vector_rad,xyzw,TCP_from_joint_feedback_FK,robot_base,,"{""values"": [8.684992790222168, 28.635347366333008, 219.977783203125, 2.9915217965026386e-05, 2.680831494217273e-05, 2.3562824726104736], ""schema"": ""x_mm,y_mm,z_mm,rotation_vector_rad[3]"", ""frame"": ""policy_stain_relative_xy_base_z"", ""transform"": ""stain_relative_v1"", ""note"": ""existing policy XY transform only; not a full rotated rigid TCP frame""}",,"[445.0595647336933, 394.58285931203477, 219.97778816823023, 2.991521791418074e-05, 2.680831481852399e-05, 2.3562824731218113]","{""source_acquisition_stamp"": null, ""calibration"": ""deployed EE2TCP unverified"", ""layout"": ""std_msgs.msg.MultiArrayLayout(dim=[], data_offset=0)""}"
rel_single_90deg_best_20260920T160636_1789887996648993205_r3lvdifh,70,,,1789887998255007913,9517011672604,receipt_only_no_header,,,/ur10skku/currentP,valid,445.0618276955582,394.568009297023,219.9544481086948,7.80528624442209e-06,7.760502827715788e-05,2.356330409871405,3.0604142571107224e-06,3.0428549001982144e-05,0.9239055372232456,0.3826206441803203,mm,rotation_vector_rad,xyzw,TCP_from_joint_feedback_FK,robot_base,,"{""values"": [8.687251091003418, 28.620515823364258, 219.95445251464844, 7.805286259099375e-06, 7.760502921883017e-05, 2.356330394744873], ""schema"": ""x_mm,y_mm,z_mm,rotation_vector_rad[3]"", ""frame"": ""policy_stain_relative_xy_base_z"", ""transform"": ""stain_relative_v1"", ""note"": ""existing policy XY transform only; not a full rotated rigid TCP frame""}",,"[445.0618276955582, 394.568009297023, 219.9544481086948, 7.80528624442209e-06, 7.760502827715788e-05, 2.356330409871405]","{""source_acquisition_stamp"": null, ""calibration"": ""deployed EE2TCP unverified"", ""layout"": ""std_msgs.msg.MultiArrayLayout(dim=[], data_offset=0)""}"
rel_single_90deg_best_20260920T160636_1789887996648993205_r3lvdifh,72,,,1789887998310130162,9517066795183,receipt_only_no_header,,,/ur10skku/currentP,valid,445.0381306297199,394.5748061643888,219.9585060853691,4.052474899825474e-05,8.72995833013614e-05,2.3563185323267377,1.588959531149916e-05,3.422982458400624e-05,0.9239032647745693,0.3826261307264988,mm,rotation_vector_rad,xyzw,TCP_from_joint_feedback_FK,robot_base,,"{""values"": [8.663538932800293, 28.627290725708008, 219.95851135253906, 4.052474832860753e-05, 8.729958062758669e-05, 2.356318473815918], ""schema"": ""x_mm,y_mm,z_mm,rotation_vector_rad[3]"", ""frame"": ""policy_stain_relative_xy_base_z"", ""transform"": ""stain_relative_v1"", ""note"": ""existing policy XY transform only; not a full rotated rigid TCP frame""}",,"[445.0381306297199, 394.5748061643888, 219.9585060853691, 4.052474899825474e-05, 8.72995833013614e-05, 2.3563185323267377]","{""source_acquisition_stamp"": null, ""calibration"": ""deployed EE2TCP unverified"", ""layout"": ""std_msgs.msg.MultiArrayLayout(dim=[], data_offset=0)""}"
rel_single_90deg_best_20260920T160636_1789887996648993205_r3lvdifh,74,,,1789887998366232342,9517122896642,receipt_only_no_header,,,/ur10skku/currentP,valid,445.1657684205427,394.4693709152894,219.98017731529245,-0.0005015904153840316,0.00018358893834056274,2.356270555331426,-0.00019667368476057278,7.198525306165481e-05,0.9238940741223457,0.3826482666094265,mm,rotation_vector_rad,xyzw,TCP_from_joint_feedback_FK,robot_base,,"{""values"": [8.791193962097168, 28.521852493286133, 219.9801788330078, -0.0005015904316678643, 0.00018358894158154726, 2.3562705516815186], ""schema"": ""x_mm,y_mm,z_mm,rotation_vector_rad[3]"", ""frame"": ""policy_stain_relative_xy_base_z"", ""transform"": ""stain_relative_v1"", ""note"": ""existing policy XY transform only; not a full rotated rigid TCP frame""}",,"[445.1657684205427, 394.4693709152894, 219.98017731529245, -0.0005015904153840316, 0.00018358893834056274, 2.356270555331426]","{""source_acquisition_stamp"": null, ""calibration"": ""deployed EE2TCP unverified"", ""layout"": ""std_msgs.msg.MultiArrayLayout(dim=[], data_offset=0)""}"
rel_single_90deg_best_20260920T160636_1789887996648993205_r3lvdifh,76,,,1789887998422232496,9517178898849,receipt_only_no_header,,,/ur10skku/currentP,valid,445.2514393130561,394.43168448941026,220.01433229203639,-0.00132088472623042,0.00010895652443349937,2.356294174158244,-0.000517916425947314,4.272164905660001e-05,0.9238985302246813,0.3826372117111847,mm,rotation_vector_rad,xyzw,TCP_from_joint_feedback_FK,robot_base,,"{""values"": [8.876856803894043, 28.484163284301758, 220.0143280029297, -0.0013208846794441342, 0.00010895652667386457, 2.3562941551208496], ""schema"": ""x_mm,y_mm,z_mm,rotation_vector_rad[3]"", ""frame"": ""policy_stain_relative_xy_base_z"", ""transform"": ""stain_relative_v1"", ""note"": ""existing policy XY transform only; not a full rotated rigid TCP frame""}",,"[445.2514393130561, 394.43168448941026, 220.01433229203639, -0.00132088472623042, 0.00010895652443349937, 2.356294174158244]","{""source_acquisition_stamp"": null, ""calibration"": ""deployed EE2TCP unverified"", ""layout"": ""std_msgs.msg.MultiArrayLayout(dim=[], data_offset=0)""}"
rel_single_90deg_best_20260920T160636_1789887996648993205_r3lvdifh,78,,,1789887998487947747,9517244613138,receipt_only_no_header,,,/ur10skku/currentP,valid,445.2489692798245,394.3076162636555,220.05743427983606,-0.0024638776978421215,0.00013807302121800173,2.3563764813416994,-0.0009660643548891975,5.413719369569066e-05,0.9239140917250642,0.3825987648969559,mm,rotation_vector_rad,xyzw,TCP_from_joint_feedback_FK,robot_base,,"{""values"": [8.874384880065918, 28.360109329223633, 220.05743408203125, -0.0024638776667416096, 0.00013807302457280457, 2.3563764095306396], ""schema"": ""x_mm,y_mm,z_mm,rotation_vector_rad[3]"", ""frame"": ""policy_stain_relative_xy_base_z"", ""transform"": ""stain_relative_v1"", ""note"": ""existing policy XY transform only; not a full rotated rigid TCP frame""}",,"[445.2489692798245, 394.3076162636555, 220.05743427983606, -0.0024638776978421215, 0.00013807302121800173, 2.3563764813416994]","{""source_acquisition_stamp"": null, ""calibration"": ""deployed EE2TCP unverified"", ""layout"": ""std_msgs.msg.MultiArrayLayout(dim=[], data_offset=0)""}"
rel_single_90deg_best_20260920T160636_1789887996648993205_r3lvdifh,80,,,1789887998543587639,9517300252119,receipt_only_no_header,,,/ur10skku/currentP,valid,445.34449660668236,393.9765617395138,219.99880179255535,-0.004562634801364442,0.000380030410097672,2.3563848412586914,-0.0017889637211212582,0.00014900614363969232,0.9239150573154015,0.382593445150139,mm,rotation_vector_rad,xyzw,TCP_from_joint_feedback_FK,robot_base,,"{""values"": [8.969904899597168, 28.029054641723633, 219.99879455566406, -0.004562634974718094, 0.00038003039662726223, 2.356384754180908], ""schema"": ""x_mm,y_mm,z_mm,rotation_vector_rad[3]"", ""frame"": ""policy_stain_relative_xy_base_z"", ""transform"": ""stain_relative_v1"", ""note"": ""existing policy XY transform only; not a full rotated rigid TCP frame""}",,"[445.34449660668236, 393.9765617395138, 219.99880179255535, -0.004562634801364442, 0.000380030410097672, 2.3563848412586914]","{""source_acquisition_stamp"": null, ""calibration"": ""deployed EE2TCP unverified"", ""layout"": ""std_msgs.msg.MultiArrayLayout(dim=[], data_offset=0)""}"
rel_single_90deg_best_20260920T160636_1789887996648993205_r3lvdifh,82,,,1789887998598269904,9517354935967,receipt_only_no_header,,,/ur10skku/currentP,valid,445.39194892278294,393.61755191531347,219.9012380473572,-0.006546375342630385,0.0005673460898647905,2.3565000050768776,-0.002566701782643341,0.00022244496290164915,0.9239361398119216,0.38253806622301356,mm,rotation_vector_rad,xyzw,TCP_from_joint_feedback_FK,robot_base,,"{""values"": [9.017359733581543, 27.670045852661133, 219.9012451171875, -0.0065463753417134285, 0.0005673461128026247, 2.3564999103546143], ""schema"": ""x_mm,y_mm,z_mm,rotation_vector_rad[3]"", ""frame"": ""policy_stain_relative_xy_base_z"", ""transform"": ""stain_relative_v1"", ""note"": ""existing policy XY transform only; not a full rotated rigid TCP frame""}",,"[445.39194892278294, 393.61755191531347, 219.9012380473572, -0.006546375342630385, 0.0005673460898647905, 2.3565000050768776]","{""source_acquisition_stamp"": null, ""calibration"": ""deployed EE2TCP unverified"", ""layout"": ""std_msgs.msg.MultiArrayLayout(dim=[], data_offset=0)""}"
rel_single_90deg_best_20260920T160636_1789887996648993205_r3lvdifh,84,,,1789887998654277913,9517410948454,receipt_only_no_header,,,/ur10skku/currentP,valid,445.50305583498476,393.2606687445815,219.83624480887704,-0.008887153918069369,0.0007506277648559114,2.356552513536205,-0.003484428257053907,0.0002943021600059496,0.92394463324213,0.38251024410991397,mm,rotation_vector_rad,xyzw,TCP_from_joint_feedback_FK,robot_base,,"{""values"": [9.128474235534668, 27.313173294067383, 219.83624267578125, -0.008887154050171375, 0.0007506277761422098, 2.3565526008605957], ""schema"": ""x_mm,y_mm,z_mm,rotation_vector_rad[3]"", ""frame"": ""policy_stain_relative_xy_base_z"", ""transform"": ""stain_relative_v1"", ""note"": ""existing policy XY transform only; not a full rotated rigid TCP frame""}",,"[445.50305583498476, 393.2606687445815, 219.83624480887704, -0.008887153918069369, 0.0007506277648559114, 2.356552513536205]","{""source_acquisition_stamp"": null, ""calibration"": ""deployed EE2TCP unverified"", ""layout"": ""std_msgs.msg.MultiArrayLayout(dim=[], data_offset=0)""}"
rel_single_90deg_best_20260920T160636_1789887996648993205_r3lvdifh,86,,,1789887998721467583,9517478132785,receipt_only_no_header,,,/ur10skku/currentP,valid,445.63233552440227,392.8279205835455,219.7002823294721,-0.01160498904653527,0.0009939913819634247,2.3566015218175265,-0.004549962423752854,0.0003897137187577101,0.923951615036619,0.38248210289683243,mm,rotation_vector_rad,xyzw,TCP_from_joint_feedback_FK,robot_base,,"{""values"": [9.257746696472168, 26.880403518676758, 219.70028686523438, -0.01160498894751072, 0.000993991387076676, 2.3566014766693115], ""schema"": ""x_mm,y_mm,z_mm,rotation_vector_rad[3]"", ""frame"": ""policy_stain_relative_xy_base_z"", ""transform"": ""stain_relative_v1"", ""note"": ""existing policy XY transform only; not a full rotated rigid TCP frame""}",,"[445.63233552440227, 392.8279205835455, 219.7002823294721, -0.01160498904653527, 0.0009939913819634247, 2.3566015218175265]","{""source_acquisition_stamp"": null, ""calibration"": ""deployed EE2TCP unverified"", ""layout"": ""std_msgs.msg.MultiArrayLayout(dim=[], data_offset=0)""}"
rel_single_90deg_best_20260920T160636_1789887996648993205_r3lvdifh,88,,,1789887998774174196,9517530837634,receipt_only_no_header,,,/ur10skku/currentP,valid,445.7544816579158,392.2012780405356,219.50063545949752,-0.01495081330082164,0.00146161617954156,2.3565856621654904,-0.005861753993127127,0.0005730547432075894,0.9239447471787738,0.3824806081478341,mm,rotation_vector_rad,xyzw,TCP_from_joint_feedback_FK,robot_base,,"{""values"": [9.379908561706543, 26.253755569458008, 219.50064086914062, -0.014950813725590706, 0.0014616161352023482, 2.356585741043091], ""schema"": ""x_mm,y_mm,z_mm,rotation_vector_rad[3]"", ""frame"": ""policy_stain_relative_xy_base_z"", ""transform"": ""stain_relative_v1"", ""note"": ""existing policy XY transform only; not a full rotated rigid TCP frame""}",,"[445.7544816579158, 392.2012780405356, 219.50063545949752, -0.01495081330082164, 0.00146161617954156, 2.3565856621654904]","{""source_acquisition_stamp"": null, ""calibration"": ""deployed EE2TCP unverified"", ""layout"": ""std_msgs.msg.MultiArrayLayout(dim=[], data_offset=0)""}"
rel_single_90deg_best_20260920T160636_1789887996648993205_r3lvdifh,90,,,1789887998830015705,9517586681477,receipt_only_no_header,,,/ur10skku/currentP,valid,445.91858342037324,391.6214835784284,219.35703114337326,-0.018232244734068957,0.001849158193721139,2.3566856283029,-0.0071481106814996346,0.0007249786095521951,0.9239591700483436,0.3824236276739144,mm,rotation_vector_rad,xyzw,TCP_from_joint_feedback_FK,robot_base,,"{""values"": [9.544001579284668, 25.673982620239258, 219.35702514648438, -0.01823224499821663, 0.001849158201366663, 2.3566856384277344], ""schema"": ""x_mm,y_mm,z_mm,rotation_vector_rad[3]"", ""frame"": ""policy_stain_relative_xy_base_z"", ""transform"": ""stain_relative_v1"", ""note"": ""existing policy XY transform only; not a full rotated rigid TCP frame""}",,"[445.91858342037324, 391.6214835784284, 219.35703114337326, -0.018232244734068957, 0.001849158193721139, 2.3566856283029]","{""source_acquisition_stamp"": null, ""calibration"": ""deployed EE2TCP unverified"", ""layout"": ""std_msgs.msg.MultiArrayLayout(dim=[], data_offset=0)""}"
rel_single_90deg_best_20260920T160636_1789887996648993205_r3lvdifh,92,,,1789887998886030998,9517642695628,receipt_only_no_header,,,/ur10skku/currentP,valid,446.1150228552883,391.0014219250672,219.30745501263272,-0.021698579731127158,0.0021514157194517194,2.3566604626863086,-0.008507109329731088,0.0008434804934639429,0.9239484084927084,0.38242156852784925,mm,rotation_vector_rad,xyzw,TCP_from_joint_feedback_FK,robot_base,,"{""values"": [9.740443229675293, 25.053926467895508, 219.3074493408203, -0.02169857919216156, 0.0021514156833291054, 2.3566603660583496], ""schema"": ""x_mm,y_mm,z_mm,rotation_vector_rad[3]"", ""frame"": ""policy_stain_relative_xy_base_z"", ""transform"": ""stain_relative_v1"", ""note"": ""existing policy XY transform only; not a full rotated rigid TCP frame""}",,"[446.1150228552883, 391.0014219250672, 219.30745501263272, -0.021698579731127158, 0.0021514157194517194, 2.3566604626863086]","{""source_acquisition_stamp"": null, ""calibration"": ""deployed EE2TCP unverified"", ""layout"": ""std_msgs.msg.MultiArrayLayout(dim=[], data_offset=0)""}"
rel_single_90deg_best_20260920T160636_1789887996648993205_r3lvdifh,94,,,1789887998955204697,9517711869658,receipt_only_no_header,,,/ur10skku/currentP,valid,446.32602752170766,390.3123401050608,219.15603661550182,-0.025427174225111975,0.00255128265446523,2.35677347330755,-0.009968609402598291,0.0010002189009611043,0.9239624504796665,0.3823519536923258,mm,rotation_vector_rad,xyzw,TCP_from_joint_feedback_FK,robot_base,,"{""values"": [9.951441764831543, 24.364839553833008, 219.15603637695312, -0.02542717382311821, 0.0025512827560305595, 2.3567733764648438], ""schema"": ""x_mm,y_mm,z_mm,rotation_vector_rad[3]"", ""frame"": ""policy_stain_relative_xy_base_z"", ""transform"": ""stain_relative_v1"", ""note"": ""existing policy XY transform only; not a full rotated rigid TCP frame""}",,"[446.32602752170766, 390.3123401050608, 219.15603661550182, -0.025427174225111975, 0.00255128265446523, 2.35677347330755]","{""source_acquisition_stamp"": null, ""calibration"": ""deployed EE2TCP unverified"", ""layout"": ""std_msgs.msg.MultiArrayLayout(dim=[], data_offset=0)""}"
rel_single_90deg_best_20260920T160636_1789887996648993205_r3lvdifh,96,,,1789887999006212839,9517762876297,receipt_only_no_header,,,/ur10skku/currentP,valid,446.5507294983018,389.41972284244576,218.96178454879743,-0.029981406590871954,0.0030090416678915464,2.356729033533338,-0.011754051116517308,0.0011796787942196113,0.9239430926621395,0.38234750183859434,mm,rotation_vector_rad,xyzw,TCP_from_joint_feedback_FK,robot_base,,"{""values"": [10.176142692565918, 23.472200393676758, 218.9617919921875, -0.029981406405568123, 0.0030090417712926865, 2.356729030609131], ""schema"": ""x_mm,y_mm,z_mm,rotation_vector_rad[3]"", ""frame"": ""policy_stain_relative_xy_base_z"", ""transform"": ""stain_relative_v1"", ""note"": ""existing policy XY transform only; not a full rotated rigid TCP frame""}",,"[446.5507294983018, 389.41972284244576, 218.96178454879743, -0.029981406590871954, 0.0030090416678915464, 2.356729033533338]","{""source_acquisition_stamp"": null, ""calibration"": ""deployed EE2TCP unverified"", ""layout"": ""std_msgs.msg.MultiArrayLayout(dim=[], data_offset=0)""}"
rel_single_90deg_best_20260920T160636_1789887996648993205_r3lvdifh,98,,,1789887999062269311,9517818934382,receipt_only_no_header,,,/ur10skku/currentP,valid,446.8170804819954,388.6028161863629,218.77875399223365,-0.03432839758327383,0.0033189209357026438,2.356859113704114,-0.013457710564360636,0.0013011116301113272,0.9239559672502671,0.38225981703223133,mm,rotation_vector_rad,xyzw,TCP_from_joint_feedback_FK,robot_base,,"{""values"": [10.442500114440918, 22.655305862426758, 218.77874755859375, -0.0343283973634243, 0.0033189209643751383, 2.3568592071533203], ""schema"": ""x_mm,y_mm,z_mm,rotation_vector_rad[3]"", ""frame"": ""policy_stain_relative_xy_base_z"", ""transform"": ""stain_relative_v1"", ""note"": ""existing policy XY transform only; not a full rotated rigid TCP frame""}",,"[446.8170804819954, 388.6028161863629, 218.77875399223365, -0.03432839758327383, 0.0033189209357026438, 2.356859113704114]","{""source_acquisition_stamp"": null, ""calibration"": ""deployed EE2TCP unverified"", ""layout"": ""std_msgs.msg.MultiArrayLayout(dim=[], data_offset=0)""}"
rel_single_90deg_best_20260920T160636_1789887996648993205_r3lvdifh,100,,,1789887999118261740,9517874927803,receipt_only_no_header,,,/ur10skku/currentP,valid,447.0919326153023,387.752975169094,218.6610254480127,-0.03877075343681746,0.0035972754411074674,2.35675305175673,-0.015199362171770796,0.0014102458016481897,0.923921771121945,0.38227679950951615,mm,rotation_vector_rad,xyzw,TCP_from_joint_feedback_FK,robot_base,,"{""values"": [10.717341423034668, 21.805452346801758, 218.66102600097656, -0.038770753890275955, 0.0035972753539681435, 2.35675311088562], ""schema"": ""x_mm,y_mm,z_mm,rotation_vector_rad[3]"", ""frame"": ""policy_stain_relative_xy_base_z"", ""transform"": ""stain_relative_v1"", ""note"": ""existing policy XY transform only; not a full rotated rigid TCP frame""}",,"[447.0919326153023, 387.752975169094, 218.6610254480127, -0.03877075343681746, 0.0035972754411074674, 2.35675305175673]","{""source_acquisition_stamp"": null, ""calibration"": ""deployed EE2TCP unverified"", ""layout"": ""std_msgs.msg.MultiArrayLayout(dim=[], data_offset=0)""}"
rel_single_90deg_best_20260920T160636_1789887996648993205_r3lvdifh,102,,,1789887999174151663,9517930814930,receipt_only_no_header,,,/ur10skku/currentP,valid,447.3504507853579,386.81176669571136,218.46544415628648,-0.043535085884470984,0.004081327375082325,2.3567695860055458,-0.01706675833790255,0.001599974516950298,0.9239080655362316,0.38223036545842176,mm,rotation_vector_rad,xyzw,TCP_from_joint_feedback_FK,robot_base,,"{""values"": [10.975886344909668, 20.864259719848633, 218.46543884277344, -0.04353508725762367, 0.004081327468156815, 2.356769561767578], ""schema"": ""x_mm,y_mm,z_mm,rotation_vector_rad[3]"", ""frame"": ""policy_stain_relative_xy_base_z"", ""transform"": ""stain_relative_v1"", ""note"": ""existing policy XY transform only; not a full rotated rigid TCP frame""}",,"[447.3504507853579, 386.81176669571136, 218.46544415628648, -0.043535085884470984, 0.004081327375082325, 2.3567695860055458]","{""source_acquisition_stamp"": null, ""calibration"": ""deployed EE2TCP unverified"", ""layout"": ""std_msgs.msg.MultiArrayLayout(dim=[], data_offset=0)""}"
rel_single_90deg_best_20260920T160636_1789887996648993205_r3lvdifh,104,,,1789887999230345658,9517987013805,receipt_only_no_header,,,/ur10skku/currentP,valid,447.6238395341591,385.84637373493024,218.32629036640827,-0.04841454552340054,0.004436363594551055,2.3569309286571127,-0.01897855808532572,0.001739059682510428,0.9239196619329927,0.3821115652503168,mm,rotation_vector_rad,xyzw,TCP_from_joint_feedback_FK,robot_base,,"{""values"": [11.249262809753418, 19.898866653442383, 218.3262939453125, -0.04841454699635506, 0.0044363634660840034, 2.35693097114563], ""schema"": ""x_mm,y_mm,z_mm,rotation_vector_rad[3]"", ""frame"": ""policy_stain_relative_xy_base_z"", ""transform"": ""stain_relative_v1"", ""note"": ""existing policy XY transform only; not a full rotated rigid TCP frame""}",,"[447.6238395341591, 385.84637373493024, 218.32629036640827, -0.04841454552340054, 0.004436363594551055, 2.3569309286571127]","{""source_acquisition_stamp"": null, ""calibration"": ""deployed EE2TCP unverified"", ""layout"": ""std_msgs.msg.MultiArrayLayout(dim=[], data_offset=0)""}"
rel_single_90deg_best_20260920T160636_1789887996648993205_r3lvdifh,106,,,1789887999288745178,9518045411160,receipt_only_no_header,,,/ur10skku/currentP,valid,447.86683417673356,384.94714735917853,218.1006476730579,-0.05281765086294774,0.004952964301798646,2.3569879595921,-0.020703893534643626,0.001941503340453688,0.9239113625945973,0.38204106248658626,mm,rotation_vector_rad,xyzw,TCP_from_joint_feedback_FK,robot_base,,"{""values"": [11.492243766784668, 18.999635696411133, 218.10064697265625, -0.05281765013933182, 0.004952964372932911, 2.356987953186035], ""schema"": ""x_mm,y_mm,z_mm,rotation_vector_rad[3]"", ""frame"": ""policy_stain_relative_xy_base_z"", ""transform"": ""stain_relative_v1"", ""note"": ""existing policy XY transform only; not a full rotated rigid TCP frame""}",,"[447.86683417673356, 384.94714735917853, 218.1006476730579, -0.05281765086294774, 0.004952964301798646, 2.3569879595921]","{""source_acquisition_stamp"": null, ""calibration"": ""deployed EE2TCP unverified"", ""layout"": ""std_msgs.msg.MultiArrayLayout(dim=[], data_offset=0)""}"
rel_single_90deg_best_20260920T160636_1789887996648993205_r3lvdifh,108,,,1789887999344261222,9518100925321,receipt_only_no_header,,,/ur10skku/currentP,valid,448.23185890040685,383.70598562470593,217.8426932670164,-0.05873102549586289,0.005597090172162464,2.356985357479301,-0.02302117179169737,0.0021939268606173,0.9238824687109956,0.38197695786885333,mm,rotation_vector_rad,xyzw,TCP_from_joint_feedback_FK,robot_base,,"{""values"": [11.857295036315918, 17.758485794067383, 217.8426971435547, -0.05873102694749832, 0.005597090348601341, 2.356985330581665], ""schema"": ""x_mm,y_mm,z_mm,rotation_vector_rad[3]"", ""frame"": ""policy_stain_relative_xy_base_z"", ""transform"": ""stain_relative_v1"", ""note"": ""existing policy XY transform only; not a full rotated rigid TCP frame""}",,"[448.23185890040685, 383.70598562470593, 217.8426932670164, -0.05873102549586289, 0.005597090172162464, 2.356985357479301]","{""source_acquisition_stamp"": null, ""calibration"": ""deployed EE2TCP unverified"", ""layout"": ""std_msgs.msg.MultiArrayLayout(dim=[], data_offset=0)""}"
rel_single_90deg_best_20260920T160636_1789887996648993205_r3lvdifh,110,,,1789887999397999414,9518154664095,receipt_only_no_header,,,/ur10skku/currentP,valid,448.5512450526079,382.68069305746974,217.66513086022576,-0.06362728398696528,0.006021571553575094,2.356990721766447,-0.02493966534800887,0.0023602450081951923,0.9238577563873276,0.3819152894279093,mm,rotation_vector_rad,xyzw,TCP_from_joint_feedback_FK,robot_base,,"{""values"": [12.176661491394043, 16.733186721801758, 217.66513061523438, -0.06362728029489517, 0.006021571345627308, 2.3569908142089844], ""schema"": ""x_mm,y_mm,z_mm,rotation_vector_rad[3]"", ""frame"": ""policy_stain_relative_xy_base_z"", ""transform"": ""stain_relative_v1"", ""note"": ""existing policy XY transform only; not a full rotated rigid TCP frame""}",,"[448.5512450526079, 382.68069305746974, 217.66513086022576, -0.06362728398696528, 0.006021571553575094, 2.356990721766447]","{""source_acquisition_stamp"": null, ""calibration"": ""deployed EE2TCP unverified"", ""layout"": ""std_msgs.msg.MultiArrayLayout(dim=[], data_offset=0)""}"
rel_single_90deg_best_20260920T160636_1789887996648993205_r3lvdifh,112,,,1789887999454174624,9518210845567,receipt_only_no_header,,,/ur10skku/currentP,valid,448.8941435275162,381.5660381368095,217.44786182381574,-0.06858994831735472,0.006510806115109263,2.3569887519109236,-0.02688404615629782,0.002551930952089892,0.9238291608424387,0.38185130258758737,mm,rotation_vector_rad,xyzw,TCP_from_joint_feedback_FK,robot_base,,"{""values"": [12.519556999206543, 15.61853313446045, 217.44786071777344, -0.068589948117733, 0.006510806269943714, 2.3569886684417725], ""schema"": ""x_mm,y_mm,z_mm,rotation_vector_rad[3]"", ""frame"": ""policy_stain_relative_xy_base_z"", ""transform"": ""stain_relative_v1"", ""note"": ""existing policy XY transform only; not a full rotated rigid TCP frame""}",,"[448.8941435275162, 381.5660381368095, 217.44786182381574, -0.06858994831735472, 0.006510806115109263, 2.3569887519109236]","{""source_acquisition_stamp"": null, ""calibration"": ""deployed EE2TCP unverified"", ""layout"": ""std_msgs.msg.MultiArrayLayout(dim=[], data_offset=0)""}"
rel_single_90deg_best_20260920T160636_1789887996648993205_r3lvdifh,114,,,1789887999510535871,9518267201714,receipt_only_no_header,,,/ur10skku/currentP,valid,449.2384119546398,380.52489088495736,217.26267357874264,-0.07333521960412027,0.00680337222362678,2.356969548721419,-0.02874319218708999,0.002666530984697937,0.9237966298284898,0.38179379936416974,mm,rotation_vector_rad,xyzw,TCP_from_joint_feedback_FK,robot_base,,"{""values"": [12.863825798034668, 14.57739543914795, 217.26268005371094, -0.07333522289991379, 0.006803372409194708, 2.3569695949554443], ""schema"": ""x_mm,y_mm,z_mm,rotation_vector_rad[3]"", ""frame"": ""policy_stain_relative_xy_base_z"", ""transform"": ""stain_relative_v1"", ""note"": ""existing policy XY transform only; not a full rotated rigid TCP frame""}",,"[449.2384119546398, 380.52489088495736, 217.26267357874264, -0.07333521960412027, 0.00680337222362678, 2.356969548721419]","{""source_acquisition_stamp"": null, ""calibration"": ""deployed EE2TCP unverified"", ""layout"": ""std_msgs.msg.MultiArrayLayout(dim=[], data_offset=0)""}"
rel_single_90deg_best_20260920T160636_1789887996648993205_r3lvdifh,116,,,1789887999566244816,9518322912021,receipt_only_no_header,,,/ur10skku/currentP,valid,449.56724545782197,379.55653842799256,217.20933218166795,-0.0779793822014045,0.0069428583175994135,2.356953363466205,-0.03056255131761004,0.0027211226561718762,0.9237635140286101,0.3817322308869957,mm,rotation_vector_rad,xyzw,TCP_from_joint_feedback_FK,robot_base,,"{""values"": [13.192652702331543, 13.609042167663574, 217.20933532714844, -0.07797938585281372, 0.006942858453840017, 2.3569533824920654], ""schema"": ""x_mm,y_mm,z_mm,rotation_vector_rad[3]"", ""frame"": ""policy_stain_relative_xy_base_z"", ""transform"": ""stain_relative_v1"", ""note"": ""existing policy XY transform only; not a full rotated rigid TCP frame""}",,"[449.56724545782197, 379.55653842799256, 217.20933218166795, -0.0779793822014045, 0.0069428583175994135, 2.356953363466205]","{""source_acquisition_stamp"": null, ""calibration"": ""deployed EE2TCP unverified"", ""layout"": ""std_msgs.msg.MultiArrayLayout(dim=[], data_offset=0)""}"
rel_single_90deg_best_20260920T160636_1789887996648993205_r3lvdifh,118,,,1789887999622435886,9518379101729,receipt_only_no_header,,,/ur10skku/currentP,valid,449.8388373445102,378.4484457931763,216.95401266089624,-0.08266184708867014,0.007543958010034179,2.3569992342509885,-0.03239629521344867,0.002956579115740878,0.9237398594391355,0.3816364903671313,mm,rotation_vector_rad,xyzw,TCP_from_joint_feedback_FK,robot_base,,"{""values"": [13.464259147644043, 12.500948905944824, 216.95401000976562, -0.08266184478998184, 0.0075439577922225, 2.356999158859253], ""schema"": ""x_mm,y_mm,z_mm,rotation_vector_rad[3]"", ""frame"": ""policy_stain_relative_xy_base_z"", ""transform"": ""stain_relative_v1"", ""note"": ""existing policy XY transform only; not a full rotated rigid TCP frame""}",,"[449.8388373445102, 378.4484457931763, 216.95401266089624, -0.08266184708867014, 0.007543958010034179, 2.3569992342509885]","{""source_acquisition_stamp"": null, ""calibration"": ""deployed EE2TCP unverified"", ""layout"": ""std_msgs.msg.MultiArrayLayout(dim=[], data_offset=0)""}"
rel_single_90deg_best_20260920T160636_1789887996648993205_r3lvdifh,120,,,1789887999678367509,9518435032560,receipt_only_no_header,,,/ur10skku/currentP,valid,450.15348414289895,377.3790971051658,216.69910513711727,-0.08728735546342667,0.007999407586096014,2.3569292724391806,-0.03420836331921385,0.0031350089550863484,0.923692697999911,0.3815910890724747,mm,rotation_vector_rad,xyzw,TCP_from_joint_feedback_FK,robot_base,,"{""values"": [13.778895378112793, 11.4315824508667, 216.69911193847656, -0.08728735893964767, 0.00799940712749958, 2.356929302215576], ""schema"": ""x_mm,y_mm,z_mm,rotation_vector_rad[3]"", ""frame"": ""policy_stain_relative_xy_base_z"", ""transform"": ""stain_relative_v1"", ""note"": ""existing policy XY transform only; not a full rotated rigid TCP frame""}",,"[450.15348414289895, 377.3790971051658, 216.69910513711727, -0.08728735546342667, 0.007999407586096014, 2.3569292724391806]","{""source_acquisition_stamp"": null, ""calibration"": ""deployed EE2TCP unverified"", ""layout"": ""std_msgs.msg.MultiArrayLayout(dim=[], data_offset=0)""}"
rel_single_90deg_best_20260920T160636_1789887996648993205_r3lvdifh,122,,,1789887999734231040,9518490896302,receipt_only_no_header,,,/ur10skku/currentP,valid,450.4915988894778,376.4330099165276,216.62444922844804,-0.09200101656750269,0.008174653888385501,2.3569149128753577,-0.036054373764672784,0.003203573587390056,0.9236538287377534,0.38151464441983957,mm,rotation_vector_rad,xyzw,TCP_from_joint_feedback_FK,robot_base,,"{""values"": [14.117030143737793, 10.485507011413574, 216.62445068359375, -0.09200101345777512, 0.008174654096364975, 2.35691499710083], ""schema"": ""x_mm,y_mm,z_mm,rotation_vector_rad[3]"", ""frame"": ""policy_stain_relative_xy_base_z"", ""transform"": ""stain_relative_v1"", ""note"": ""existing policy XY transform only; not a full rotated rigid TCP frame""}",,"[450.4915988894778, 376.4330099165276, 216.62444922844804, -0.09200101656750269, 0.008174653888385501, 2.3569149128753577]","{""source_acquisition_stamp"": null, ""calibration"": ""deployed EE2TCP unverified"", ""layout"": ""std_msgs.msg.MultiArrayLayout(dim=[], data_offset=0)""}"
rel_single_90deg_best_20260920T160636_1789887996648993205_r3lvdifh,124,,,1789887999788460906,9518545125276,receipt_only_no_header,,,/ur10skku/currentP,valid,450.748515763342,375.47099236874,216.40856968961464,-0.09614536296158363,0.008747130981124077,2.3568636933318086,-0.037677553609390374,0.003427835584762906,0.9236104105303214,0.38146095666165697,mm,rotation_vector_rad,xyzw,TCP_from_joint_feedback_FK,robot_base,,"{""values"": [14.373927116394043, 9.523470878601074, 216.4085693359375, -0.09614536166191101, 0.008747130632400513, 2.3568637371063232], ""schema"": ""x_mm,y_mm,z_mm,rotation_vector_rad[3]"", ""frame"": ""policy_stain_relative_xy_base_z"", ""transform"": ""stain_relative_v1"", ""note"": ""existing policy XY transform only; not a full rotated rigid TCP frame""}",,"[450.748515763342, 375.47099236874, 216.40856968961464, -0.09614536296158363, 0.008747130981124077, 2.3568636933318086]","{""source_acquisition_stamp"": null, ""calibration"": ""deployed EE2TCP unverified"", ""layout"": ""std_msgs.msg.MultiArrayLayout(dim=[], data_offset=0)""}"
rel_single_90deg_best_20260920T160636_1789887996648993205_r3lvdifh,126,,,1789887999846230537,9518602895878,receipt_only_no_header,,,/ur10skku/currentP,valid,451.1047253567607,374.20991961933896,216.15401025982692,-0.10175426806407846,0.009328040713558507,2.356791193307738,-0.03987414534554856,0.003655351842021969,0.9235488238378561,0.3813846626748194,mm,rotation_vector_rad,xyzw,TCP_from_joint_feedback_FK,robot_base,,"{""values"": [14.730158805847168, 8.262423515319824, 216.1540069580078, -0.10175427049398422, 0.009328040294349194, 2.3567912578582764], ""schema"": ""x_mm,y_mm,z_mm,rotation_vector_rad[3]"", ""frame"": ""policy_stain_relative_xy_base_z"", ""transform"": ""stain_relative_v1"", ""note"": ""existing policy XY transform only; not a full rotated rigid TCP frame""}",,"[451.1047253567607, 374.20991961933896, 216.15401025982692, -0.10175426806407846, 0.009328040713558507, 2.356791193307738]","{""source_acquisition_stamp"": null, ""calibration"": ""deployed EE2TCP unverified"", ""layout"": ""std_msgs.msg.MultiArrayLayout(dim=[], data_offset=0)""}"
rel_single_90deg_best_20260920T160636_1789887996648993205_r3lvdifh,128,,,1789887999902436004,9518659102598,receipt_only_no_header,,,/ur10skku/currentP,valid,451.5163896701653,373.2240117631469,216.00782113281088,-0.10709057213227835,0.009460415961148558,2.3568257946559483,-0.0419627893712039,0.0037070064566589087,0.9235078535541646,0.3812592645892001,mm,rotation_vector_rad,xyzw,TCP_from_joint_feedback_FK,robot_base,,"{""values"": [15.141810417175293, 7.276492118835449, 216.00782775878906, -0.10709057003259659, 0.009460415691137314, 2.356825828552246], ""schema"": ""x_mm,y_mm,z_mm,rotation_vector_rad[3]"", ""frame"": ""policy_stain_relative_xy_base_z"", ""transform"": ""stain_relative_v1"", ""note"": ""existing policy XY transform only; not a full rotated rigid TCP frame""}",,"[451.5163896701653, 373.2240117631469, 216.00782113281088, -0.10709057213227835, 0.009460415961148558, 2.3568257946559483]","{""source_acquisition_stamp"": null, ""calibration"": ""deployed EE2TCP unverified"", ""layout"": ""std_msgs.msg.MultiArrayLayout(dim=[], data_offset=0)""}"
rel_single_90deg_best_20260920T160636_1789887996648993205_r3lvdifh,130,,,1789887999958140140,9518714806373,receipt_only_no_header,,,/ur10skku/currentP,valid,451.76637541283696,372.08296127503763,215.7360530975023,-0.11225907570380692,0.010098439123745593,2.356790142187069,-0.04398605139954993,0.003956833419190857,0.9234522169567223,0.38116344755141957,mm,rotation_vector_rad,xyzw,TCP_from_joint_feedback_FK,robot_base,,"{""values"": [15.391810417175293, 6.135439872741699, 215.73605346679688, -0.11225907504558563, 0.010098438709974289, 2.356790065765381], ""schema"": ""x_mm,y_mm,z_mm,rotation_vector_rad[3]"", ""frame"": ""policy_stain_relative_xy_base_z"", ""transform"": ""stain_relative_v1"", ""note"": ""existing policy XY transform only; not a full rotated rigid TCP frame""}",,"[451.76637541283696, 372.08296127503763, 215.7360530975023, -0.11225907570380692, 0.010098439123745593, 2.356790142187069]","{""source_acquisition_stamp"": null, ""calibration"": ""deployed EE2TCP unverified"", ""layout"": ""std_msgs.msg.MultiArrayLayout(dim=[], data_offset=0)""}"
rel_single_90deg_best_20260920T160636_1789887996648993205_r3lvdifh,132,,,1789888000022644106,9518779309006,receipt_only_no_header,,,/ur10skku/currentP,valid,452.05401822824894,371.05302056511124,215.53169365351079,-0.11725101099114299,0.010647138690803968,2.3566319284171464,-0.045941150880479835,0.0041717491465943,0.9233727033820339,0.38112315308019473,mm,rotation_vector_rad,xyzw,TCP_from_joint_feedback_FK,robot_base,,"{""values"": [15.679438591003418, 5.105502128601074, 215.5316925048828, -0.11725100874900818, 0.010647138580679893, 2.3566319942474365], ""schema"": ""x_mm,y_mm,z_mm,rotation_vector_rad[3]"", ""frame"": ""policy_stain_relative_xy_base_z"", ""transform"": ""stain_relative_v1"", ""note"": ""existing policy XY transform only; not a full rotated rigid TCP frame""}",,"[452.05401822824894, 371.05302056511124, 215.53169365351079, -0.11725101099114299, 0.010647138690803968, 2.3566319284171464]","{""source_acquisition_stamp"": null, ""calibration"": ""deployed EE2TCP unverified"", ""layout"": ""std_msgs.msg.MultiArrayLayout(dim=[], data_offset=0)""}"
rel_single_90deg_best_20260920T160636_1789887996648993205_r3lvdifh,134,,,1789888000078125454,9518834789853,receipt_only_no_header,,,/ur10skku/currentP,valid,452.3820379357138,369.9868122363194,215.36261306326253,-0.1227066699563135,0.011112862172229607,2.3566243002430163,-0.048075934570191874,0.004353970610317113,0.9233150545552565,0.38099745076148595,mm,rotation_vector_rad,xyzw,TCP_from_joint_feedback_FK,robot_base,,"{""values"": [16.007471084594727, 4.039309501647949, 215.36260986328125, -0.12270666658878326, 0.011112862266600132, 2.3566243648529053], ""schema"": ""x_mm,y_mm,z_mm,rotation_vector_rad[3]"", ""frame"": ""policy_stain_relative_xy_base_z"", ""transform"": ""stain_relative_v1"", ""note"": ""existing policy XY transform only; not a full rotated rigid TCP frame""}",,"[452.3820379357138, 369.9868122363194, 215.36261306326253, -0.1227066699563135, 0.011112862172229607, 2.3566243002430163]","{""source_acquisition_stamp"": null, ""calibration"": ""deployed EE2TCP unverified"", ""layout"": ""std_msgs.msg.MultiArrayLayout(dim=[], data_offset=0)""}"
rel_single_90deg_best_20260920T160636_1789887996648993205_r3lvdifh,136,,,1789888000134337193,9518891006903,receipt_only_no_header,,,/ur10skku/currentP,valid,452.59153877434846,369.139302753166,215.12864754901426,-0.12702798273620797,0.011613662095959437,2.356515464782567,-0.04976767986805667,0.004550060583798792,0.9232478130347782,0.3809408756168518,mm,rotation_vector_rad,xyzw,TCP_from_joint_feedback_FK,robot_base,,"{""values"": [16.21697425842285, 3.191805601119995, 215.12864685058594, -0.1270279884338379, 0.011613662354648113, 2.356515407562256], ""schema"": ""x_mm,y_mm,z_mm,rotation_vector_rad[3]"", ""frame"": ""policy_stain_relative_xy_base_z"", ""transform"": ""stain_relative_v1"", ""note"": ""existing policy XY transform only; not a full rotated rigid TCP frame""}",,"[452.59153877434846, 369.139302753166, 215.12864754901426, -0.12702798273620797, 0.011613662095959437, 2.356515464782567]","{""source_acquisition_stamp"": null, ""calibration"": ""deployed EE2TCP unverified"", ""layout"": ""std_msgs.msg.MultiArrayLayout(dim=[], data_offset=0)""}"
rel_single_90deg_best_20260920T160636_1789887996648993205_r3lvdifh,138,,,1789888000190168353,9518946831901,receipt_only_no_header,,,/ur10skku/currentP,valid,452.8625151386832,368.4039213647849,215.01408593369115,-0.13125205361797349,0.011827814728626592,2.356479699984857,-0.051420408173871515,0.004633764153672821,0.9231943020057296,0.3808500368874268,mm,rotation_vector_rad,xyzw,TCP_from_joint_feedback_FK,robot_base,,"{""values"": [16.487939834594727, 2.45642352104187, 215.0140838623047, -0.13125205039978027, 0.011827814392745495, 2.3564796447753906], ""schema"": ""x_mm,y_mm,z_mm,rotation_vector_rad[3]"", ""frame"": ""policy_stain_relative_xy_base_z"", ""transform"": ""stain_relative_v1"", ""note"": ""existing policy XY transform only; not a full rotated rigid TCP frame""}",,"[452.8625151386832, 368.4039213647849, 215.01408593369115, -0.13125205361797349, 0.011827814728626592, 2.356479699984857]","{""source_acquisition_stamp"": null, ""calibration"": ""deployed EE2TCP unverified"", ""layout"": ""std_msgs.msg.MultiArrayLayout(dim=[], data_offset=0)""}"
rel_single_90deg_best_20260920T160636_1789887996648993205_r3lvdifh,140,,,1789888000256127832,9519012792993,receipt_only_no_header,,,/ur10skku/currentP,valid,453.0603251564046,367.61489811736203,214.80154748457414,-0.13516842706364174,0.012341721102366253,2.3563080682287376,-0.0529541162813559,0.00483504135221649,0.9231165454113993,0.3808258493481067,mm,rotation_vector_rad,xyzw,TCP_from_joint_feedback_FK,robot_base,,"{""values"": [16.685754776000977, 1.6673915386199951, 214.80154418945312, -0.1351684331893921, 0.01234172098338604, 2.3563079833984375], ""schema"": ""x_mm,y_mm,z_mm,rotation_vector_rad[3]"", ""frame"": ""policy_stain_relative_xy_base_z"", ""transform"": ""stain_relative_v1"", ""note"": ""existing policy XY transform only; not a full rotated rigid TCP frame""}",,"[453.0603251564046, 367.61489811736203, 214.80154748457414, -0.13516842706364174, 0.012341721102366253, 2.3563080682287376]","{""source_acquisition_stamp"": null, ""calibration"": ""deployed EE2TCP unverified"", ""layout"": ""std_msgs.msg.MultiArrayLayout(dim=[], data_offset=0)""}"
rel_single_90deg_best_20260920T160636_1789887996648993205_r3lvdifh,142,,,1789888000311528676,9519068193426,receipt_only_no_header,,,/ur10skku/currentP,valid,453.32006215488934,366.85760208054023,214.7123916045702,-0.13946159014042575,0.01261069523124428,2.356261119683595,-0.054633591869999755,0.004940195904600123,0.9230570813248378,0.38073138788373906,mm,rotation_vector_rad,xyzw,TCP_from_joint_feedback_FK,robot_base,,"{""values"": [16.94548988342285, 0.9100978970527649, 214.71238708496094, -0.13946159183979034, 0.012610695324838161, 2.3562610149383545], ""schema"": ""x_mm,y_mm,z_mm,rotation_vector_rad[3]"", ""frame"": ""policy_stain_relative_xy_base_z"", ""transform"": ""stain_relative_v1"", ""note"": ""existing policy XY transform only; not a full rotated rigid TCP frame""}",,"[453.32006215488934, 366.85760208054023, 214.7123916045702, -0.13946159014042575, 0.01261069523124428, 2.356261119683595]","{""source_acquisition_stamp"": null, ""calibration"": ""deployed EE2TCP unverified"", ""layout"": ""std_msgs.msg.MultiArrayLayout(dim=[], data_offset=0)""}"
rel_single_90deg_best_20260920T160636_1789887996648993205_r3lvdifh,144,,,1789888000366164120,9519122830243,receipt_only_no_header,,,/ur10skku/currentP,valid,453.5009979038266,366.26401349589173,214.62083263508157,-0.14282787766395988,0.012867498385864306,2.356133892477647,-0.05595140110215853,0.005040714565980974,0.9229920280589007,0.38069639878922823,mm,rotation_vector_rad,xyzw,TCP_from_joint_feedback_FK,robot_base,,"{""values"": [17.126428604125977, 0.3165004849433899, 214.62083435058594, -0.14282788336277008, 0.012867498211562634, 2.3561339378356934], ""schema"": ""x_mm,y_mm,z_mm,rotation_vector_rad[3]"", ""frame"": ""policy_stain_relative_xy_base_z"", ""transform"": ""stain_relative_v1"", ""note"": ""existing policy XY transform only; not a full rotated rigid TCP frame""}",,"[453.5009979038266, 366.26401349589173, 214.62083263508157, -0.14282787766395988, 0.012867498385864306, 2.356133892477647]","{""source_acquisition_stamp"": null, ""calibration"": ""deployed EE2TCP unverified"", ""layout"": ""std_msgs.msg.MultiArrayLayout(dim=[], data_offset=0)""}"
rel_single_90deg_best_20260920T160636_1789887996648993205_r3lvdifh,146,,,1789888000422298191,9519178964203,receipt_only_no_header,,,/ur10skku/currentP,valid,453.7053056158209,365.65769274735277,214.57095311451752,-0.1461256706595462,0.013181122058227957,2.3560094757947305,-0.05724228893734987,0.005163484239079992,0.9229273305906002,0.3806596921616931,mm,rotation_vector_rad,xyzw,TCP_from_joint_feedback_FK,robot_base,,"{""values"": [17.330713272094727, -0.2898227572441101, 214.57095336914062, -0.1461256742477417, 0.01318112201988697, 2.3560094833374023], ""schema"": ""x_mm,y_mm,z_mm,rotation_vector_rad[3]"", ""frame"": ""policy_stain_relative_xy_base_z"", ""transform"": ""stain_relative_v1"", ""note"": ""existing policy XY transform only; not a full rotated rigid TCP frame""}",,"[453.7053056158209, 365.65769274735277, 214.57095311451752, -0.1461256706595462, 0.013181122058227957, 2.3560094757947305]","{""source_acquisition_stamp"": null, ""calibration"": ""deployed EE2TCP unverified"", ""layout"": ""std_msgs.msg.MultiArrayLayout(dim=[], data_offset=0)""}"
rel_single_90deg_best_20260920T160636_1789887996648993205_r3lvdifh,148,,,1789888000489688817,9519246353767,receipt_only_no_header,,,/ur10skku/currentP,valid,453.79546398218423,365.12687337434346,214.43563057168308,-0.14887139040749786,0.013470697697800599,2.3558852469308893,-0.058317253662880195,0.005276864093955883,0.9228687739789275,0.3806369380987406,mm,rotation_vector_rad,xyzw,TCP_from_joint_feedback_FK,robot_base,,"{""values"": [17.4208927154541, -0.8206455111503601, 214.4356231689453, -0.14887139201164246, 0.013470698148012161, 2.3558852672576904], ""schema"": ""x_mm,y_mm,z_mm,rotation_vector_rad[3]"", ""frame"": ""policy_stain_relative_xy_base_z"", ""transform"": ""stain_relative_v1"", ""note"": ""existing policy XY transform only; not a full rotated rigid TCP frame""}",,"[453.79546398218423, 365.12687337434346, 214.43563057168308, -0.14887139040749786, 0.013470697697800599, 2.3558852469308893]","{""source_acquisition_stamp"": null, ""calibration"": ""deployed EE2TCP unverified"", ""layout"": ""std_msgs.msg.MultiArrayLayout(dim=[], data_offset=0)""}"
rel_single_90deg_best_20260920T160636_1789887996648993205_r3lvdifh,150,,,1789888000542177811,9519298846289,receipt_only_no_header,,,/ur10skku/currentP,valid,454.00354770659965,364.6580808483036,214.39862013473834,-0.1519589207361992,0.013600472114965236,2.3556866920066137,-0.05952673780105027,0.005327701286872674,0.9227911291890141,0.3806372485396394,mm,rotation_vector_rad,xyzw,TCP_from_joint_feedback_FK,robot_base,,"{""values"": [17.62896156311035, -1.2894260883331299, 214.39862060546875, -0.15195892751216888, 0.01360047236084938, 2.355686664581299], ""schema"": ""x_mm,y_mm,z_mm,rotation_vector_rad[3]"", ""frame"": ""policy_stain_relative_xy_base_z"", ""transform"": ""stain_relative_v1"", ""note"": ""existing policy XY transform only; not a full rotated rigid TCP frame""}",,"[454.00354770659965, 364.6580808483036, 214.39862013473834, -0.1519589207361992, 0.013600472114965236, 2.3556866920066137]","{""source_acquisition_stamp"": null, ""calibration"": ""deployed EE2TCP unverified"", ""layout"": ""std_msgs.msg.MultiArrayLayout(dim=[], data_offset=0)""}"
rel_single_90deg_best_20260920T160636_1789887996648993205_r3lvdifh,152,,,1789888000598291734,9519354961303,receipt_only_no_header,,,/ur10skku/currentP,valid,454.11877209988126,364.34432050586616,214.36030572573532,-0.1542509720442962,0.013739539881614462,2.355695158994279,-0.06042252285861463,0.005381993069873786,0.9227627074621272,0.38056423715210164,mm,rotation_vector_rad,xyzw,TCP_from_joint_feedback_FK,robot_base,,"{""values"": [17.74419593811035, -1.6031773090362549, 214.3603057861328, -0.15425097942352295, 0.013739540241658688, 2.3556952476501465], ""schema"": ""x_mm,y_mm,z_mm,rotation_vector_rad[3]"", ""frame"": ""policy_stain_relative_xy_base_z"", ""transform"": ""stain_relative_v1"", ""note"": ""existing policy XY transform only; not a full rotated rigid TCP frame""}",,"[454.11877209988126, 364.34432050586616, 214.36030572573532, -0.1542509720442962, 0.013739539881614462, 2.355695158994279]","{""source_acquisition_stamp"": null, ""calibration"": ""deployed EE2TCP unverified"", ""layout"": ""std_msgs.msg.MultiArrayLayout(dim=[], data_offset=0)""}"
rel_single_90deg_best_20260920T160636_1789887996648993205_r3lvdifh,154,,,1789888000654393292,9519411063062,receipt_only_no_header,,,/ur10skku/currentP,valid,454.166056114491,364.07317245820286,214.3369210304253,-0.1560666896948852,0.013863278955669018,2.3556902993396065,-0.06113223374922173,0.005430327325488213,0.9227376469735075,0.38051096751573826,mm,rotation_vector_rad,xyzw,TCP_from_joint_feedback_FK,robot_base,,"{""values"": [17.791467666625977, -1.8743259906768799, 214.3369140625, -0.1560666859149933, 0.013863278552889824, 2.3556902408599854], ""schema"": ""x_mm,y_mm,z_mm,rotation_vector_rad[3]"", ""frame"": ""policy_stain_relative_xy_base_z"", ""transform"": ""stain_relative_v1"", ""note"": ""existing policy XY transform only; not a full rotated rigid TCP frame""}",,"[454.166056114491, 364.07317245820286, 214.3369210304253, -0.1560666896948852, 0.013863278955669018, 2.3556902993396065]","{""source_acquisition_stamp"": null, ""calibration"": ""deployed EE2TCP unverified"", ""layout"": ""std_msgs.msg.MultiArrayLayout(dim=[], data_offset=0)""}"
rel_single_90deg_best_20260920T160636_1789887996648993205_r3lvdifh,156,,,1789888000723529398,9519480201302,receipt_only_no_header,,,/ur10skku/currentP,valid,454.29355139661976,363.8353075451138,214.27089872921056,-0.15786236051084065,0.014005615690833155,2.3556148787244253,-0.06183500271369774,0.005486027710767721,0.9226990648499073,0.3804901728881573,mm,rotation_vector_rad,xyzw,TCP_from_joint_feedback_FK,robot_base,,"{""values"": [17.918970108032227, -2.112210512161255, 214.27090454101562, -0.1578623652458191, 0.014005615375936031, 2.3556149005889893], ""schema"": ""x_mm,y_mm,z_mm,rotation_vector_rad[3]"", ""frame"": ""policy_stain_relative_xy_base_z"", ""transform"": ""stain_relative_v1"", ""note"": ""existing policy XY transform only; not a full rotated rigid TCP frame""}",,"[454.29355139661976, 363.8353075451138, 214.27089872921056, -0.15786236051084065, 0.014005615690833155, 2.3556148787244253]","{""source_acquisition_stamp"": null, ""calibration"": ""deployed EE2TCP unverified"", ""layout"": ""std_msgs.msg.MultiArrayLayout(dim=[], data_offset=0)""}"
rel_single_90deg_best_20260920T160636_1789887996648993205_r3lvdifh,158,,,1789888000774205543,9519530874461,receipt_only_no_header,,,/ur10skku/currentP,valid,454.4228819389011,363.6699504645866,214.2799563836162,-0.1594452611860175,0.014071781640082165,2.3557492264000905,-0.06245175180254818,0.005511655899141469,0.9227032832574709,0.3803788261876911,mm,rotation_vector_rad,xyzw,TCP_from_joint_feedback_FK,robot_base,,"{""values"": [18.048303604125977, -2.277554750442505, 214.2799530029297, -0.15944525599479675, 0.014071781188249588, 2.3557491302490234], ""schema"": ""x_mm,y_mm,z_mm,rotation_vector_rad[3]"", ""frame"": ""policy_stain_relative_xy_base_z"", ""transform"": ""stain_relative_v1"", ""note"": ""existing policy XY transform only; not a full rotated rigid TCP frame""}",,"[454.4228819389011, 363.6699504645866, 214.2799563836162, -0.1594452611860175, 0.014071781640082165, 2.3557492264000905]","{""source_acquisition_stamp"": null, ""calibration"": ""deployed EE2TCP unverified"", ""layout"": ""std_msgs.msg.MultiArrayLayout(dim=[], data_offset=0)""}"
rel_single_90deg_best_20260920T160636_1789887996648993205_r3lvdifh,160,,,1789888000830210216,9519586878964,receipt_only_no_header,,,/ur10skku/currentP,valid,454.44171769171635,363.5538729123034,214.2191899960569,-0.1601620198513345,0.014237146490449645,2.355718368120507,-0.06273223710476133,0.005576403507917336,0.9226874346249434,0.3803701725122381,mm,rotation_vector_rad,xyzw,TCP_from_joint_feedback_FK,robot_base,,"{""values"": [18.0671329498291, -2.393643617630005, 214.2191925048828, -0.16016201674938202, 0.014237146824598312, 2.3557183742523193], ""schema"": ""x_mm,y_mm,z_mm,rotation_vector_rad[3]"", ""frame"": ""policy_stain_relative_xy_base_z"", ""transform"": ""stain_relative_v1"", ""note"": ""existing policy XY transform only; not a full rotated rigid TCP frame""}",,"[454.44171769171635, 363.5538729123034, 214.2191899960569, -0.1601620198513345, 0.014237146490449645, 2.355718368120507]","{""source_acquisition_stamp"": null, ""calibration"": ""deployed EE2TCP unverified"", ""layout"": ""std_msgs.msg.MultiArrayLayout(dim=[], data_offset=0)""}"
rel_single_90deg_best_20260920T160636_1789887996648993205_r3lvdifh,162,,,1789888000886504614,9519643176258,receipt_only_no_header,,,/ur10skku/currentP,valid,454.4339155477225,363.502954417726,214.17819368003836,-0.1603576395547671,0.01428452334195293,2.355757985975225,-0.06280813091514686,0.005594895351496084,0.9226922795717599,0.38034562315822823,mm,rotation_vector_rad,xyzw,TCP_from_joint_feedback_FK,robot_base,,"{""values"": [18.059350967407227, -2.444546937942505, 214.17819213867188, -0.16035763919353485, 0.014284523203969002, 2.35575795173645], ""schema"": ""x_mm,y_mm,z_mm,rotation_vector_rad[3]"", ""frame"": ""policy_stain_relative_xy_base_z"", ""transform"": ""stain_relative_v1"", ""note"": ""existing policy XY transform only; not a full rotated rigid TCP frame""}",,"[454.4339155477225, 363.502954417726, 214.17819368003836, -0.1603576395547671, 0.01428452334195293, 2.355757985975225]","{""source_acquisition_stamp"": null, ""calibration"": ""deployed EE2TCP unverified"", ""layout"": ""std_msgs.msg.MultiArrayLayout(dim=[], data_offset=0)""}"
rel_single_90deg_best_20260920T160636_1789887996648993205_r3lvdifh,164,,,1789888000942252964,9519698917184,receipt_only_no_header,,,/ur10skku/currentP,valid,454.41237144636995,363.5106683281853,214.14975791024028,-0.16038799850153213,0.014296208453421675,2.355793010261028,-0.06281951430977192,0.005599426889204719,0.9226985441653206,0.3803284786018459,mm,rotation_vector_rad,xyzw,TCP_from_joint_feedback_FK,robot_base,,"{""values"": [18.037805557250977, -2.43682599067688, 214.14976501464844, -0.16038799285888672, 0.014296208508312702, 2.355792999267578], ""schema"": ""x_mm,y_mm,z_mm,rotation_vector_rad[3]"", ""frame"": ""policy_stain_relative_xy_base_z"", ""transform"": ""stain_relative_v1"", ""note"": ""existing policy XY transform only; not a full rotated rigid TCP frame""}",,"[454.41237144636995, 363.5106683281853, 214.14975791024028, -0.16038799850153213, 0.014296208453421675, 2.355793010261028]","{""source_acquisition_stamp"": null, ""calibration"": ""deployed EE2TCP unverified"", ""layout"": ""std_msgs.msg.MultiArrayLayout(dim=[], data_offset=0)""}"
rel_single_90deg_best_20260920T160636_1789887996648993205_r3lvdifh,166,,,1789888000998345305,9519755022509,receipt_only_no_header,,,/ur10skku/currentP,valid,454.3908315955779,363.5157249333291,214.15994816259303,-0.1603514148092592,0.014210612759692568,2.355767885203323,-0.06280556957777067,0.0055659354766733945,0.9226943460349908,0.3803414578866495,mm,rotation_vector_rad,xyzw,TCP_from_joint_feedback_FK,robot_base,,"{""values"": [18.016260147094727, -2.431790590286255, 214.15994262695312, -0.16035141050815582, 0.014210612513124943, 2.3557679653167725], ""schema"": ""x_mm,y_mm,z_mm,rotation_vector_rad[3]"", ""frame"": ""policy_stain_relative_xy_base_z"", ""transform"": ""stain_relative_v1"", ""note"": ""existing policy XY transform only; not a full rotated rigid TCP frame""}",,"[454.3908315955779, 363.5157249333291, 214.15994816259303, -0.1603514148092592, 0.014210612759692568, 2.355767885203323]","{""source_acquisition_stamp"": null, ""calibration"": ""deployed EE2TCP unverified"", ""layout"": ""std_msgs.msg.MultiArrayLayout(dim=[], data_offset=0)""}"
rel_single_90deg_best_20260920T160636_1789887996648993205_r3lvdifh,168,,,1789888001054377130,9519811043022,receipt_only_no_header,,,/ur10skku/currentP,valid,454.38837242343624,363.48156732823503,214.106959720409,-0.1603773777373488,0.014344612857363336,2.3556769875953556,-0.0628169445039288,0.005618527765599519,0.9226764565342982,0.3803822027727489,mm,rotation_vector_rad,xyzw,TCP_from_joint_feedback_FK,robot_base,,"{""values"": [18.0137882232666, -2.46593976020813, 214.10696411132812, -0.1603773832321167, 0.014344613067805767, 2.3556768894195557], ""schema"": ""x_mm,y_mm,z_mm,rotation_vector_rad[3]"", ""frame"": ""policy_stain_relative_xy_base_z"", ""transform"": ""stain_relative_v1"", ""note"": ""existing policy XY transform only; not a full rotated rigid TCP frame""}",,"[454.38837242343624, 363.48156732823503, 214.106959720409, -0.1603773777373488, 0.014344612857363336, 2.3556769875953556]","{""source_acquisition_stamp"": null, ""calibration"": ""deployed EE2TCP unverified"", ""layout"": ""std_msgs.msg.MultiArrayLayout(dim=[], data_offset=0)""}"
rel_single_90deg_best_20260920T160636_1789887996648993205_r3lvdifh,170,,,1789888001112252452,9519868919327,receipt_only_no_header,,,/ur10skku/currentP,valid,454.3916242007244,363.44380511723904,214.10197489362332,-0.16047848475288698,0.01440000932612601,2.3556740191811794,-0.06285648817249699,0.005640220352810895,0.922674440458016,0.38038023967403933,mm,rotation_vector_rad,xyzw,TCP_from_joint_feedback_FK,robot_base,,"{""values"": [18.017053604125977, -2.503690004348755, 214.1019744873047, -0.16047848761081696, 0.01440000906586647, 2.3556740283966064], ""schema"": ""x_mm,y_mm,z_mm,rotation_vector_rad[3]"", ""frame"": ""policy_stain_relative_xy_base_z"", ""transform"": ""stain_relative_v1"", ""note"": ""existing policy XY transform only; not a full rotated rigid TCP frame""}",,"[454.3916242007244, 363.44380511723904, 214.10197489362332, -0.16047848475288698, 0.01440000932612601, 2.3556740191811794]","{""source_acquisition_stamp"": null, ""calibration"": ""deployed EE2TCP unverified"", ""layout"": ""std_msgs.msg.MultiArrayLayout(dim=[], data_offset=0)""}"
rel_single_90deg_best_20260920T160636_1789887996648993205_r3lvdifh,172,,,1789888001166261645,9519922926956,receipt_only_no_header,,,/ur10skku/currentP,valid,454.38086058096553,363.4371101849353,214.14620930809394,-0.16055434028571144,0.014298506447753843,2.3557129786508724,-0.06288560465664429,0.0056004105653813295,0.9226809739079255,0.3803601668376823,mm,rotation_vector_rad,xyzw,TCP_from_joint_feedback_FK,robot_base,,"{""values"": [18.00628089904785, -2.510403871536255, 214.14620971679688, -0.16055433452129364, 0.014298506081104279, 2.355712890625], ""schema"": ""x_mm,y_mm,z_mm,rotation_vector_rad[3]"", ""frame"": ""policy_stain_relative_xy_base_z"", ""transform"": ""stain_relative_v1"", ""note"": ""existing policy XY transform only; not a full rotated rigid TCP frame""}",,"[454.38086058096553, 363.4371101849353, 214.14620930809394, -0.16055434028571144, 0.014298506447753843, 2.3557129786508724]","{""source_acquisition_stamp"": null, ""calibration"": ""deployed EE2TCP unverified"", ""layout"": ""std_msgs.msg.MultiArrayLayout(dim=[], data_offset=0)""}"
rel_single_90deg_best_20260920T160636_1789887996648993205_r3lvdifh,174,,,1789888001222348285,9519979016792,receipt_only_no_header,,,/ur10skku/currentP,valid,454.3852209616968,363.45784569511454,214.16475608637523,-0.16056412628036024,0.01420053273684433,2.3556480714212125,-0.06289032387147797,0.005562114798969912,0.9226685534988243,0.3803900766669536,mm,rotation_vector_rad,xyzw,TCP_from_joint_feedback_FK,robot_base,,"{""values"": [18.010644912719727, -2.489651918411255, 214.1647491455078, -0.160564124584198, 0.01420053280889988, 2.3556480407714844], ""schema"": ""x_mm,y_mm,z_mm,rotation_vector_rad[3]"", ""frame"": ""policy_stain_relative_xy_base_z"", ""transform"": ""stain_relative_v1"", ""note"": ""existing policy XY transform only; not a full rotated rigid TCP frame""}",,"[454.3852209616968, 363.45784569511454, 214.16475608637523, -0.16056412628036024, 0.01420053273684433, 2.3556480714212125]","{""source_acquisition_stamp"": null, ""calibration"": ""deployed EE2TCP unverified"", ""layout"": ""std_msgs.msg.MultiArrayLayout(dim=[], data_offset=0)""}"
rel_single_90deg_best_20260920T160636_1789887996648993205_r3lvdifh,176,,,1789888001279403513,9520036072973,receipt_only_no_header,,,/ur10skku/currentP,valid,454.4158058516225,363.4356377780406,214.13480959441267,-0.16068897968834053,0.01430580836624407,2.355634013645312,-0.06293929402824588,0.0056033555059041016,0.9226640314433276,0.38039234055780674,mm,rotation_vector_rad,xyzw,TCP_from_joint_feedback_FK,robot_base,,"{""values"": [18.041223526000977, -2.511868715286255, 214.1348114013672, -0.16068898141384125, 0.014305808581411839, 2.3556339740753174], ""schema"": ""x_mm,y_mm,z_mm,rotation_vector_rad[3]"", ""frame"": ""policy_stain_relative_xy_base_z"", ""transform"": ""stain_relative_v1"", ""note"": ""existing policy XY transform only; not a full rotated rigid TCP frame""}",,"[454.4158058516225, 363.4356377780406, 214.13480959441267, -0.16068897968834053, 0.01430580836624407, 2.355634013645312]","{""source_acquisition_stamp"": null, ""calibration"": ""deployed EE2TCP unverified"", ""layout"": ""std_msgs.msg.MultiArrayLayout(dim=[], data_offset=0)""}"
rel_single_90deg_best_20260920T160636_1789887996648993205_r3lvdifh,178,,,1789888001334305189,9520090979638,receipt_only_no_header,,,/ur10skku/currentP,valid,454.41826113885514,363.4562329159913,214.17253860163453,-0.16077149883557648,0.014262462282060018,2.355651853935008,-0.0629712977994647,0.005586349360565218,0.9226663648742279,0.3803816339993967,mm,rotation_vector_rad,xyzw,TCP_from_joint_feedback_FK,robot_base,,"{""values"": [18.0436954498291, -2.49126935005188, 214.1725311279297, -0.16077150404453278, 0.01426246203482151, 2.35565185546875], ""schema"": ""x_mm,y_mm,z_mm,rotation_vector_rad[3]"", ""frame"": ""policy_stain_relative_xy_base_z"", ""transform"": ""stain_relative_v1"", ""note"": ""existing policy XY transform only; not a full rotated rigid TCP frame""}",,"[454.41826113885514, 363.4562329159913, 214.17253860163453, -0.16077149883557648, 0.014262462282060018, 2.355651853935008]","{""source_acquisition_stamp"": null, ""calibration"": ""deployed EE2TCP unverified"", ""layout"": ""std_msgs.msg.MultiArrayLayout(dim=[], data_offset=0)""}"
rel_single_90deg_best_20260920T160636_1789887996648993205_r3lvdifh,192,,,1789888001389962774,9520146627845,receipt_only_no_header,,,/ur10skku/currentP,valid,454.424786700269,363.47091027494383,214.15754847381982,-0.1607902223976727,0.014230695171812344,2.3556374949513446,-0.06297881317652773,0.005573922837055899,0.9226634026243614,0.38038775733811164,mm,rotation_vector_rad,xyzw,TCP_from_joint_feedback_FK,robot_base,,"{""values"": [18.050195693969727, -2.476590394973755, 214.1575469970703, -0.16079021990299225, 0.014230695553123951, 2.355637550354004], ""schema"": ""x_mm,y_mm,z_mm,rotation_vector_rad[3]"", ""frame"": ""policy_stain_relative_xy_base_z"", ""transform"": ""stain_relative_v1"", ""note"": ""existing policy XY transform only; not a full rotated rigid TCP frame""}",,"[454.424786700269, 363.47091027494383, 214.15754847381982, -0.1607902223976727, 0.014230695171812344, 2.3556374949513446]","{""source_acquisition_stamp"": null, ""calibration"": ""deployed EE2TCP unverified"", ""layout"": ""std_msgs.msg.MultiArrayLayout(dim=[], data_offset=0)""}"
rel_single_90deg_best_20260920T160636_1789887996648993205_r3lvdifh,194,,,1789888001446281920,9520202947813,receipt_only_no_header,,,/ur10skku/currentP,valid,454.3808697282814,363.43972031532115,214.11515890346442,-0.16068510407510803,0.014323317746209182,2.355599745835872,-0.06293824695314297,0.00561025562816248,0.9226575131499429,0.3804082222168902,mm,rotation_vector_rad,xyzw,TCP_from_joint_feedback_FK,robot_base,,"{""values"": [18.00628089904785, -2.507779359817505, 214.1151580810547, -0.16068510711193085, 0.01432331744581461, 2.3555996417999268], ""schema"": ""x_mm,y_mm,z_mm,rotation_vector_rad[3]"", ""frame"": ""policy_stain_relative_xy_base_z"", ""transform"": ""stain_relative_v1"", ""note"": ""existing policy XY transform only; not a full rotated rigid TCP frame""}",,"[454.3808697282814, 363.43972031532115, 214.11515890346442, -0.16068510407510803, 0.014323317746209182, 2.355599745835872]","{""source_acquisition_stamp"": null, ""calibration"": ""deployed EE2TCP unverified"", ""layout"": ""std_msgs.msg.MultiArrayLayout(dim=[], data_offset=0)""}"
rel_single_90deg_best_20260920T160636_1789887996648993205_r3lvdifh,372,,,1789888001789311723,9520545974650,receipt_only_no_header,,,/ur10skku/currentP,valid,454.46261729346736,363.39241225124493,214.19941912002713,-0.16090960765361334,0.014231545476077512,2.3555229602297145,-0.06302703160879812,0.005574384771937782,0.9226398736192192,0.3804368319825374,mm,rotation_vector_rad,xyzw,TCP_from_joint_feedback_FK,robot_base,,"{""values"": [18.088037490844727, -2.555081605911255, 214.1994171142578, -0.16090960800647736, 0.014231545850634575, 2.355522871017456], ""schema"": ""x_mm,y_mm,z_mm,rotation_vector_rad[3]"", ""frame"": ""policy_stain_relative_xy_base_z"", ""transform"": ""stain_relative_v1"", ""note"": ""existing policy XY transform only; not a full rotated rigid TCP frame""}",,"[454.46261729346736, 363.39241225124493, 214.19941912002713, -0.16090960765361334, 0.014231545476077512, 2.3555229602297145]","{""source_acquisition_stamp"": null, ""calibration"": ""deployed EE2TCP unverified"", ""layout"": ""std_msgs.msg.MultiArrayLayout(dim=[], data_offset=0)""}"
rel_single_90deg_best_20260920T160636_1789887996648993205_r3lvdifh,376,,,1789888001846345541,9520603011944,receipt_only_no_header,,,/ur10skku/currentP,valid,454.445165680493,363.3677450959991,214.17141894419706,-0.16098829441877638,0.014361129719872636,2.3555964636858064,-0.06305676073647962,0.005625044503520979,0.9226526881261828,0.38040008003848336,mm,rotation_vector_rad,xyzw,TCP_from_joint_feedback_FK,robot_base,,"{""values"": [18.070581436157227, -2.57977032661438, 214.17141723632812, -0.16098830103874207, 0.014361130073666573, 2.3555965423583984], ""schema"": ""x_mm,y_mm,z_mm,rotation_vector_rad[3]"", ""frame"": ""policy_stain_relative_xy_base_z"", ""transform"": ""stain_relative_v1"", ""note"": ""existing policy XY transform only; not a full rotated rigid TCP frame""}",,"[454.445165680493, 363.3677450959991, 214.17141894419706, -0.16098829441877638, 0.014361129719872636, 2.3555964636858064]","{""source_acquisition_stamp"": null, ""calibration"": ""deployed EE2TCP unverified"", ""layout"": ""std_msgs.msg.MultiArrayLayout(dim=[], data_offset=0)""}"
rel_single_90deg_best_20260920T160636_1789887996648993205_r3lvdifh,378,,,1789888001923023272,9520679690387,receipt_only_no_header,,,/ur10skku/currentP,valid,454.40303284552965,363.37928244642245,214.14334545780605,-0.16089484372370524,0.014420763728291663,2.3557719225077,-0.06301783650032118,0.005648194247913951,0.9226874299313856,0.38032191211021593,mm,rotation_vector_rad,xyzw,TCP_from_joint_feedback_FK,robot_base,,"{""values"": [18.028467178344727, -2.56823468208313, 214.14334106445312, -0.16089484095573425, 0.014420763589441776, 2.355772018432617], ""schema"": ""x_mm,y_mm,z_mm,rotation_vector_rad[3]"", ""frame"": ""policy_stain_relative_xy_base_z"", ""transform"": ""stain_relative_v1"", ""note"": ""existing policy XY transform only; not a full rotated rigid TCP frame""}",,"[454.40303284552965, 363.37928244642245, 214.14334545780605, -0.16089484372370524, 0.014420763728291663, 2.3557719225077]","{""source_acquisition_stamp"": null, ""calibration"": ""deployed EE2TCP unverified"", ""layout"": ""std_msgs.msg.MultiArrayLayout(dim=[], data_offset=0)""}"
rel_single_90deg_best_20260920T160636_1789887996648993205_r3lvdifh,406,,,1789888001974226959,9520730894806,receipt_only_no_header,,,/ur10skku/currentP,valid,453.95474589682044,363.5057457572833,213.74020449285933,-0.16049444990906928,0.01526775704621908,2.3582697146528013,-0.06282717072340961,0.005976717444433831,0.9231684588363173,0.37917940618823165,mm,rotation_vector_rad,xyzw,TCP_from_joint_feedback_FK,robot_base,,"{""values"": [17.580163955688477, -2.44176983833313, 213.74020385742188, -0.16049444675445557, 0.015267756767570972, 2.358269691467285], ""schema"": ""x_mm,y_mm,z_mm,rotation_vector_rad[3]"", ""frame"": ""policy_stain_relative_xy_base_z"", ""transform"": ""stain_relative_v1"", ""note"": ""existing policy XY transform only; not a full rotated rigid TCP frame""}",,"[453.95474589682044, 363.5057457572833, 213.74020449285933, -0.16049444990906928, 0.01526775704621908, 2.3582697146528013]","{""source_acquisition_stamp"": null, ""calibration"": ""deployed EE2TCP unverified"", ""layout"": ""std_msgs.msg.MultiArrayLayout(dim=[], data_offset=0)""}"
rel_single_90deg_best_20260920T160636_1789887996648993205_r3lvdifh,408,,,1789888002030390266,9520787054776,receipt_only_no_header,,,/ur10skku/currentP,valid,453.6709975282612,363.62327591097176,213.38550824335283,-0.16016761228255996,0.015958838354123078,2.3601697727191784,-0.06267353057194926,0.0062446878568398105,0.9235336051869983,0.3783103389143929,mm,rotation_vector_rad,xyzw,TCP_from_joint_feedback_FK,robot_base,,"{""values"": [17.296411514282227, -2.32421612739563, 213.38551330566406, -0.1601676195859909, 0.015958838164806366, 2.3601698875427246], ""schema"": ""x_mm,y_mm,z_mm,rotation_vector_rad[3]"", ""frame"": ""policy_stain_relative_xy_base_z"", ""transform"": ""stain_relative_v1"", ""note"": ""existing policy XY transform only; not a full rotated rigid TCP frame""}",,"[453.6709975282612, 363.62327591097176, 213.38550824335283, -0.16016761228255996, 0.015958838354123078, 2.3601697727191784]","{""source_acquisition_stamp"": null, ""calibration"": ""deployed EE2TCP unverified"", ""layout"": ""std_msgs.msg.MultiArrayLayout(dim=[], data_offset=0)""}"
rel_single_90deg_best_20260920T160636_1789887996648993205_r3lvdifh,410,,,1789888002086345554,9520843010164,receipt_only_no_header,,,/ur10skku/currentP,valid,453.3511519101425,363.71959655333177,212.9590940436358,-0.15984112130968073,0.016873399766180505,2.3624498497878146,-0.06251490898138864,0.0065992971141993146,0.9239696025808335,0.3772645079241674,mm,rotation_vector_rad,xyzw,TCP_from_joint_feedback_FK,robot_base,,"{""values"": [16.976587295532227, -2.22790265083313, 212.95909118652344, -0.1598411202430725, 0.016873400658369064, 2.362449884414673], ""schema"": ""x_mm,y_mm,z_mm,rotation_vector_rad[3]"", ""frame"": ""policy_stain_relative_xy_base_z"", ""transform"": ""stain_relative_v1"", ""note"": ""existing policy XY transform only; not a full rotated rigid TCP frame""}",,"[453.3511519101425, 363.71959655333177, 212.9590940436358, -0.15984112130968073, 0.016873399766180505, 2.3624498497878146]","{""source_acquisition_stamp"": null, ""calibration"": ""deployed EE2TCP unverified"", ""layout"": ""std_msgs.msg.MultiArrayLayout(dim=[], data_offset=0)""}"
rel_single_90deg_best_20260920T160636_1789887996648993205_r3lvdifh,412,,,1789888002142163077,9520898827586,receipt_only_no_header,,,/ur10skku/currentP,valid,453.0521931250333,363.76698341730923,212.4829387664684,-0.15953025502759416,0.017870431207859895,2.364635853922325,-0.06236375292989176,0.00698592976238163,0.9243861995811883,0.37626069835913234,mm,rotation_vector_rad,xyzw,TCP_from_joint_feedback_FK,robot_base,,"{""values"": [16.6776065826416, -2.180508852005005, 212.48294067382812, -0.15953025221824646, 0.017870431765913963, 2.364635944366455], ""schema"": ""x_mm,y_mm,z_mm,rotation_vector_rad[3]"", ""frame"": ""policy_stain_relative_xy_base_z"", ""transform"": ""stain_relative_v1"", ""note"": ""existing policy XY transform only; not a full rotated rigid TCP frame""}",,"[453.0521931250333, 363.76698341730923, 212.4829387664684, -0.15953025502759416, 0.017870431207859895, 2.364635853922325]","{""source_acquisition_stamp"": null, ""calibration"": ""deployed EE2TCP unverified"", ""layout"": ""std_msgs.msg.MultiArrayLayout(dim=[], data_offset=0)""}"
rel_single_90deg_best_20260920T160636_1789887996648993205_r3lvdifh,414,,,1789888002198302197,9520954968190,receipt_only_no_header,,,/ur10skku/currentP,valid,452.76188755732073,363.92234500307063,212.08108828403857,-0.15918870277496575,0.01860995913082504,2.3668250234732513,-0.062200708955142965,0.007271575378058751,0.9248030285222029,0.3752566514176136,mm,rotation_vector_rad,xyzw,TCP_from_joint_feedback_FK,robot_base,,"{""values"": [16.3873233795166, -2.025174379348755, 212.08108520507812, -0.15918870270252228, 0.01860995963215828, 2.3668251037597656], ""schema"": ""x_mm,y_mm,z_mm,rotation_vector_rad[3]"", ""frame"": ""policy_stain_relative_xy_base_z"", ""transform"": ""stain_relative_v1"", ""note"": ""existing policy XY transform only; not a full rotated rigid TCP frame""}",,"[452.76188755732073, 363.92234500307063, 212.08108828403857, -0.15918870277496575, 0.01860995913082504, 2.3668250234732513]","{""source_acquisition_stamp"": null, ""calibration"": ""deployed EE2TCP unverified"", ""layout"": ""std_msgs.msg.MultiArrayLayout(dim=[], data_offset=0)""}"
rel_single_90deg_best_20260920T160636_1789887996648993205_r3lvdifh,416,,,1789888002254437259,9521011104434,receipt_only_no_header,,,/ur10skku/currentP,valid,452.450092510042,364.0457880849627,211.64114196610205,-0.15873452650929132,0.019471518587503418,2.368904871288503,-0.06199535513605851,0.007604796110945529,0.9251994635866027,0.37430561790698186,mm,rotation_vector_rad,xyzw,TCP_from_joint_feedback_FK,robot_base,,"{""values"": [16.075525283813477, -1.9017307758331299, 211.64114379882812, -0.158734530210495, 0.01947151869535446, 2.3689048290252686], ""schema"": ""x_mm,y_mm,z_mm,rotation_vector_rad[3]"", ""frame"": ""policy_stain_relative_xy_base_z"", ""transform"": ""stain_relative_v1"", ""note"": ""existing policy XY transform only; not a full rotated rigid TCP frame""}",,"[452.450092510042, 364.0457880849627, 211.64114196610205, -0.15873452650929132, 0.019471518587503418, 2.368904871288503]","{""source_acquisition_stamp"": null, ""calibration"": ""deployed EE2TCP unverified"", ""layout"": ""std_msgs.msg.MultiArrayLayout(dim=[], data_offset=0)""}"
rel_single_90deg_best_20260920T160636_1789887996648993205_r3lvdifh,418,,,1789888002310493140,9521067166186,receipt_only_no_header,,,/ur10skku/currentP,valid,452.1066072049819,364.22596590955544,211.23856508253982,-0.15821238858069214,0.020155772436039127,2.3710879632983946,-0.06176229147744969,0.007868326262661048,0.9256154162239836,0.3733090007510942,mm,rotation_vector_rad,xyzw,TCP_from_joint_feedback_FK,robot_base,,"{""values"": [15.732020378112793, -1.7215549945831299, 211.2385711669922, -0.15821239352226257, 0.02015577256679535, 2.3710880279541016], ""schema"": ""x_mm,y_mm,z_mm,rotation_vector_rad[3]"", ""frame"": ""policy_stain_relative_xy_base_z"", ""transform"": ""stain_relative_v1"", ""note"": ""existing policy XY transform only; not a full rotated rigid TCP frame""}",,"[452.1066072049819, 364.22596590955544, 211.23856508253982, -0.15821238858069214, 0.020155772436039127, 2.3710879632983946]","{""source_acquisition_stamp"": null, ""calibration"": ""deployed EE2TCP unverified"", ""layout"": ""std_msgs.msg.MultiArrayLayout(dim=[], data_offset=0)""}"
rel_single_90deg_best_20260920T160636_1789887996648993205_r3lvdifh,420,,,1789888002366213106,9521122881804,receipt_only_no_header,,,/ur10skku/currentP,valid,451.7827043331786,364.36859635564963,210.77375578265503,-0.15769821953084323,0.020983351392262692,2.3732050541869842,-0.06153337256319967,0.008187640816021398,0.9260174985019078,0.37234150865453547,mm,rotation_vector_rad,xyzw,TCP_from_joint_feedback_FK,robot_base,,"{""values"": [15.408137321472168, -1.5789158344268799, 210.7737579345703, -0.15769821405410767, 0.02098335139453411, 2.3732049465179443], ""schema"": ""x_mm,y_mm,z_mm,rotation_vector_rad[3]"", ""frame"": ""policy_stain_relative_xy_base_z"", ""transform"": ""stain_relative_v1"", ""note"": ""existing policy XY transform only; not a full rotated rigid TCP frame""}",,"[451.7827043331786, 364.36859635564963, 210.77375578265503, -0.15769821953084323, 0.020983351392262692, 2.3732050541869842]","{""source_acquisition_stamp"": null, ""calibration"": ""deployed EE2TCP unverified"", ""layout"": ""std_msgs.msg.MultiArrayLayout(dim=[], data_offset=0)""}"
rel_single_90deg_best_20260920T160636_1789887996648993205_r3lvdifh,422,,,1789888002427505437,9521184182150,receipt_only_no_header,,,/ur10skku/currentP,valid,451.4781601354321,364.4818096903194,210.38742737223816,-0.15725824388538753,0.021751967373815385,2.3750166033758426,-0.0613376066742165,0.008484220516527424,0.9263605561357632,0.3715129015869375,mm,rotation_vector_rad,xyzw,TCP_from_joint_feedback_FK,robot_base,,"{""values"": [15.103571891784668, -1.4656956195831299, 210.38742065429688, -0.15725824236869812, 0.021751968190073967, 2.375016689300537], ""schema"": ""x_mm,y_mm,z_mm,rotation_vector_rad[3]"", ""frame"": ""policy_stain_relative_xy_base_z"", ""transform"": ""stain_relative_v1"", ""note"": ""existing policy XY transform only; not a full rotated rigid TCP frame""}",,"[451.4781601354321, 364.4818096903194, 210.38742737223816, -0.15725824388538753, 0.021751967373815385, 2.3750166033758426]","{""source_acquisition_stamp"": null, ""calibration"": ""deployed EE2TCP unverified"", ""layout"": ""std_msgs.msg.MultiArrayLayout(dim=[], data_offset=0)""}"
rel_single_90deg_best_20260920T160636_1789887996648993205_r3lvdifh,424,,,1789888002480138999,9521236806845,receipt_only_no_header,,,/ur10skku/currentP,valid,451.0578300507158,364.624057872728,209.88190578910928,-0.1566696149192394,0.022748184895835244,2.3774894618931293,-0.061075224074614444,0.008868027731606314,0.926827462332173,0.3703809257444177,mm,rotation_vector_rad,xyzw,TCP_from_joint_feedback_FK,robot_base,,"{""values"": [14.683253288269043, -1.3234531879425049, 209.8819122314453, -0.15666961669921875, 0.022748185321688652, 2.3774895668029785], ""schema"": ""x_mm,y_mm,z_mm,rotation_vector_rad[3]"", ""frame"": ""policy_stain_relative_xy_base_z"", ""transform"": ""stain_relative_v1"", ""note"": ""existing policy XY transform only; not a full rotated rigid TCP frame""}",,"[451.0578300507158, 364.624057872728, 209.88190578910928, -0.1566696149192394, 0.022748184895835244, 2.3774894618931293]","{""source_acquisition_stamp"": null, ""calibration"": ""deployed EE2TCP unverified"", ""layout"": ""std_msgs.msg.MultiArrayLayout(dim=[], data_offset=0)""}"
rel_single_90deg_best_20260920T160636_1789887996648993205_r3lvdifh,426,,,1789888002534315061,9521290980533,receipt_only_no_header,,,/ur10skku/currentP,valid,450.78623000268976,364.7026140909275,209.44634379188943,-0.1563449581574869,0.02358981642608554,2.3794161880288027,-0.06092301624041034,0.009192255293496886,0.927188268648574,0.3694939823802949,mm,rotation_vector_rad,xyzw,TCP_from_joint_feedback_FK,robot_base,,"{""values"": [14.411646842956543, -1.2449009418487549, 209.44635009765625, -0.1563449651002884, 0.023589815944433212, 2.3794162273406982], ""schema"": ""x_mm,y_mm,z_mm,rotation_vector_rad[3]"", ""frame"": ""policy_stain_relative_xy_base_z"", ""transform"": ""stain_relative_v1"", ""note"": ""existing policy XY transform only; not a full rotated rigid TCP frame""}",,"[450.78623000268976, 364.7026140909275, 209.44634379188943, -0.1563449581574869, 0.02358981642608554, 2.3794161880288027]","{""source_acquisition_stamp"": null, ""calibration"": ""deployed EE2TCP unverified"", ""layout"": ""std_msgs.msg.MultiArrayLayout(dim=[], data_offset=0)""}"
rel_single_90deg_best_20260920T160636_1789887996648993205_r3lvdifh,428,,,1789888002590508275,9521347185940,receipt_only_no_header,,,/ur10skku/currentP,valid,450.4508000425843,364.839769935485,209.0393371953171,-0.15591609849504798,0.024353861550454887,2.381656024777664,-0.06072622121719518,0.009485344991831226,0.9276076814384092,0.3684648472019074,mm,rotation_vector_rad,xyzw,TCP_from_joint_feedback_FK,robot_base,,"{""values"": [14.076228141784668, -1.1077244281768799, 209.03933715820312, -0.15591609477996826, 0.024353861808776855, 2.3816559314727783], ""schema"": ""x_mm,y_mm,z_mm,rotation_vector_rad[3]"", ""frame"": ""policy_stain_relative_xy_base_z"", ""transform"": ""stain_relative_v1"", ""note"": ""existing policy XY transform only; not a full rotated rigid TCP frame""}",,"[450.4508000425843, 364.839769935485, 209.0393371953171, -0.15591609849504798, 0.024353861550454887, 2.381656024777664]","{""source_acquisition_stamp"": null, ""calibration"": ""deployed EE2TCP unverified"", ""layout"": ""std_msgs.msg.MultiArrayLayout(dim=[], data_offset=0)""}"
rel_single_90deg_best_20260920T160636_1789887996648993205_r3lvdifh,434,,,1789888002657592162,9521414259668,receipt_only_no_header,,,/ur10skku/currentP,valid,450.0987340158117,364.9507184215588,208.56463543838737,-0.15541129115425434,0.025302941916649745,2.383798859807605,-0.06050133388681059,0.009850389414102068,0.9280085743131041,0.36748148855101154,mm,rotation_vector_rad,xyzw,TCP_from_joint_feedback_FK,robot_base,,"{""values"": [13.724146842956543, -0.9967929720878601, 208.56463623046875, -0.15541128814220428, 0.025302942842245102, 2.383798837661743], ""schema"": ""x_mm,y_mm,z_mm,rotation_vector_rad[3]"", ""frame"": ""policy_stain_relative_xy_base_z"", ""transform"": ""stain_relative_v1"", ""note"": ""existing policy XY transform only; not a full rotated rigid TCP frame""}",,"[450.0987340158117, 364.9507184215588, 208.56463543838737, -0.15541129115425434, 0.025302941916649745, 2.383798859807605]","{""source_acquisition_stamp"": null, ""calibration"": ""deployed EE2TCP unverified"", ""layout"": ""std_msgs.msg.MultiArrayLayout(dim=[], data_offset=0)""}"
rel_single_90deg_best_20260920T160636_1789887996648993205_r3lvdifh,440,,,1789888002819597556,9521576264681,receipt_only_no_header,,,/ur10skku/currentP,valid,450.0855625653029,364.95314317183147,208.50350577692421,-0.1554666503151415,0.02543478593521877,2.3841235273770094,-0.060518484389797796,0.009900996081527265,0.9280674805975598,0.36732851071085326,mm,rotation_vector_rad,xyzw,TCP_from_joint_feedback_FK,robot_base,,"{""values"": [13.710993766784668, -0.9943515658378601, 208.50350952148438, -0.15546664595603943, 0.025434786453843117, 2.3841235637664795], ""schema"": ""x_mm,y_mm,z_mm,rotation_vector_rad[3]"", ""frame"": ""policy_stain_relative_xy_base_z"", ""transform"": ""stain_relative_v1"", ""note"": ""existing policy XY transform only; not a full rotated rigid TCP frame""}",,"[450.0855625653029, 364.95314317183147, 208.50350577692421, -0.1554666503151415, 0.02543478593521877, 2.3841235273770094]","{""source_acquisition_stamp"": null, ""calibration"": ""deployed EE2TCP unverified"", ""layout"": ""std_msgs.msg.MultiArrayLayout(dim=[], data_offset=0)""}"
rel_single_90deg_best_20260920T160636_1789887996648993205_r3lvdifh,442,,,1789888002870283961,9521626949893,receipt_only_no_header,,,/ur10skku/currentP,valid,449.75009864575594,365.0899722425008,208.09131027057663,-0.1549745141246275,0.026152806642966278,2.3862315714870745,-0.06029917340449559,0.010175819112491494,0.9284609932486662,0.3663613604186784,mm,rotation_vector_rad,xyzw,TCP_from_joint_feedback_FK,robot_base,,"{""values"": [13.375514030456543, -0.8575412631034851, 208.09130859375, -0.15497452020645142, 0.026152806356549263, 2.3862316608428955], ""schema"": ""x_mm,y_mm,z_mm,rotation_vector_rad[3]"", ""frame"": ""policy_stain_relative_xy_base_z"", ""transform"": ""stain_relative_v1"", ""note"": ""existing policy XY transform only; not a full rotated rigid TCP frame""}",,"[449.75009864575594, 365.0899722425008, 208.09131027057663, -0.1549745141246275, 0.026152806642966278, 2.3862315714870745]","{""source_acquisition_stamp"": null, ""calibration"": ""deployed EE2TCP unverified"", ""layout"": ""std_msgs.msg.MultiArrayLayout(dim=[], data_offset=0)""}"
rel_single_90deg_best_20260920T160636_1789887996648993205_r3lvdifh,451,,,1789888002924212438,9521680875095,receipt_only_no_header,,,/ur10skku/currentP,valid,448.682569528088,365.4425747139277,206.45679306105956,-0.15357809696046926,0.029186611610692623,2.393194352881992,-0.059664597533168245,0.01133890489317045,0.9297483215989367,0.36315234202878094,mm,rotation_vector_rad,xyzw,TCP_from_joint_feedback_FK,robot_base,,"{""values"": [12.307978630065918, -0.5049411654472351, 206.456787109375, -0.15357810258865356, 0.029186611995100975, 2.3931944370269775], ""schema"": ""x_mm,y_mm,z_mm,rotation_vector_rad[3]"", ""frame"": ""policy_stain_relative_xy_base_z"", ""transform"": ""stain_relative_v1"", ""note"": ""existing policy XY transform only; not a full rotated rigid TCP frame""}",,"[448.682569528088, 365.4425747139277, 206.45679306105956, -0.15357809696046926, 0.029186611610692623, 2.393194352881992]","{""source_acquisition_stamp"": null, ""calibration"": ""deployed EE2TCP unverified"", ""layout"": ""std_msgs.msg.MultiArrayLayout(dim=[], data_offset=0)""}"
rel_single_90deg_best_20260920T160636_1789887996648993205_r3lvdifh,454,,,1789888002974821244,9521731484922,receipt_only_no_header,,,/ur10skku/currentP,valid,448.1160640000124,365.74451204006414,205.85075274993534,-0.15291711408507863,0.030458736204572658,2.3969434661830733,-0.059358770662551824,0.011823353768188941,0.9304361931726155,0.36142113259403363,mm,rotation_vector_rad,xyzw,TCP_from_joint_feedback_FK,robot_base,,"{""values"": [11.741480827331543, -0.2030002474784851, 205.8507537841797, -0.15291711688041687, 0.030458735302090645, 2.3969435691833496], ""schema"": ""x_mm,y_mm,z_mm,rotation_vector_rad[3]"", ""frame"": ""policy_stain_relative_xy_base_z"", ""transform"": ""stain_relative_v1"", ""note"": ""existing policy XY transform only; not a full rotated rigid TCP frame""}",,"[448.1160640000124, 365.74451204006414, 205.85075274993534, -0.15291711408507863, 0.030458736204572658, 2.3969434661830733]","{""source_acquisition_stamp"": null, ""calibration"": ""deployed EE2TCP unverified"", ""layout"": ""std_msgs.msg.MultiArrayLayout(dim=[], data_offset=0)""}"
rel_single_90deg_best_20260920T160636_1789887996648993205_r3lvdifh,460,,,1789888003024897137,9521781559963,receipt_only_no_header,,,/ur10skku/currentP,valid,447.86485186469315,365.7483216620719,205.55447487435174,-0.15269875036401467,0.031129399719928647,2.39836529827071,-0.05925536022903023,0.012079887947482139,0.9306952373287256,0.3607620459595652,mm,rotation_vector_rad,xyzw,TCP_from_joint_feedback_FK,robot_base,,"{""values"": [11.490260124206543, -0.1991855502128601, 205.55447387695312, -0.15269875526428223, 0.031129399314522743, 2.3983652591705322], ""schema"": ""x_mm,y_mm,z_mm,rotation_vector_rad[3]"", ""frame"": ""policy_stain_relative_xy_base_z"", ""transform"": ""stain_relative_v1"", ""note"": ""existing policy XY transform only; not a full rotated rigid TCP frame""}",,"[447.86485186469315, 365.7483216620719, 205.55447487435174, -0.15269875036401467, 0.031129399719928647, 2.39836529827071]","{""source_acquisition_stamp"": null, ""calibration"": ""deployed EE2TCP unverified"", ""layout"": ""std_msgs.msg.MultiArrayLayout(dim=[], data_offset=0)""}"
rel_single_90deg_best_20260920T160636_1789887996648993205_r3lvdifh,466,,,1789888003080684572,9521837348871,receipt_only_no_header,,,/ur10skku/currentP,valid,447.7303321729301,365.9212241552,205.402606018641,-0.15259747747181843,0.03152125349257909,2.4003439012680126,-0.05919003683106915,0.012226572719931019,0.931053686320106,0.3598417480632321,mm,rotation_vector_rad,xyzw,TCP_from_joint_feedback_FK,robot_base,,"{""values"": [11.355769157409668, -0.026272956281900406, 205.40260314941406, -0.15259747207164764, 0.031521253287792206, 2.400343894958496], ""schema"": ""x_mm,y_mm,z_mm,rotation_vector_rad[3]"", ""frame"": ""policy_stain_relative_xy_base_z"", ""transform"": ""stain_relative_v1"", ""note"": ""existing policy XY transform only; not a full rotated rigid TCP frame""}",,"[447.7303321729301, 365.9212241552, 205.402606018641, -0.15259747747181843, 0.03152125349257909, 2.4003439012680126]","{""source_acquisition_stamp"": null, ""calibration"": ""deployed EE2TCP unverified"", ""layout"": ""std_msgs.msg.MultiArrayLayout(dim=[], data_offset=0)""}"
rel_single_90deg_best_20260920T160636_1789887996648993205_r3lvdifh,468,,,1789888003134493159,9521891158450,receipt_only_no_header,,,/ur10skku/currentP,valid,447.39744921630376,366.02720887536424,205.03298712124746,-0.15217834004042533,0.0323504494574859,2.40256896910584,-0.058998441987119225,0.01254203531900597,0.9314586156360309,0.35881294367756295,mm,rotation_vector_rad,xyzw,TCP_from_joint_feedback_FK,robot_base,,"{""values"": [11.022883415222168, 0.0797145888209343, 205.03298950195312, -0.1521783471107483, 0.03235045075416565, 2.402569055557251], ""schema"": ""x_mm,y_mm,z_mm,rotation_vector_rad[3]"", ""frame"": ""policy_stain_relative_xy_base_z"", ""transform"": ""stain_relative_v1"", ""note"": ""existing policy XY transform only; not a full rotated rigid TCP frame""}",,"[447.39744921630376, 366.02720887536424, 205.03298712124746, -0.15217834004042533, 0.0323504494574859, 2.40256896910584]","{""source_acquisition_stamp"": null, ""calibration"": ""deployed EE2TCP unverified"", ""layout"": ""std_msgs.msg.MultiArrayLayout(dim=[], data_offset=0)""}"
rel_single_90deg_best_20260920T160636_1789887996648993205_r3lvdifh,470,,,1789888003190415453,9521947081756,receipt_only_no_header,,,/ur10skku/currentP,valid,447.0082510769064,366.1363608674316,204.59732133823297,-0.15165520330812535,0.03334541381149702,2.4047697573367235,-0.058767057383452205,0.01292149431202677,0.9318588432225984,0.357796819800114,mm,rotation_vector_rad,xyzw,TCP_from_joint_feedback_FK,robot_base,,"{""values"": [10.633662223815918, 0.1888454556465149, 204.59732055664062, -0.1516551971435547, 0.03334541246294975, 2.4047696590423584], ""schema"": ""x_mm,y_mm,z_mm,rotation_vector_rad[3]"", ""frame"": ""policy_stain_relative_xy_base_z"", ""transform"": ""stain_relative_v1"", ""note"": ""existing policy XY transform only; not a full rotated rigid TCP frame""}",,"[447.0082510769064, 366.1363608674316, 204.59732133823297, -0.15165520330812535, 0.03334541381149702, 2.4047697573367235]","{""source_acquisition_stamp"": null, ""calibration"": ""deployed EE2TCP unverified"", ""layout"": ""std_msgs.msg.MultiArrayLayout(dim=[], data_offset=0)""}"
rel_single_90deg_best_20260920T160636_1789887996648993205_r3lvdifh,472,,,1789888003258418755,9522015083505,receipt_only_no_header,,,/ur10skku/currentP,valid,446.64697464178846,366.35521251372626,204.27381793748998,-0.1511508625677517,0.03397418278430371,2.4069320393257034,-0.05854368009401242,0.013158864293534845,0.9322517710089233,0.3567998280020335,mm,rotation_vector_rad,xyzw,TCP_from_joint_feedback_FK,robot_base,,"{""values"": [10.272395133972168, 0.4077175259590149, 204.27381896972656, -0.1511508673429489, 0.03397418186068535, 2.4069321155548096], ""schema"": ""x_mm,y_mm,z_mm,rotation_vector_rad[3]"", ""frame"": ""policy_stain_relative_xy_base_z"", ""transform"": ""stain_relative_v1"", ""note"": ""existing policy XY transform only; not a full rotated rigid TCP frame""}",,"[446.64697464178846, 366.35521251372626, 204.27381793748998, -0.1511508625677517, 0.03397418278430371, 2.4069320393257034]","{""source_acquisition_stamp"": null, ""calibration"": ""deployed EE2TCP unverified"", ""layout"": ""std_msgs.msg.MultiArrayLayout(dim=[], data_offset=0)""}"
rel_single_90deg_best_20260920T160636_1789887996648993205_r3lvdifh,474,,,1789888003310887099,9522067553974,receipt_only_no_header,,,/ur10skku/currentP,valid,446.2854357795451,366.4617970981398,203.84534426155517,-0.15076336462611073,0.03502830027447285,2.4093180751315546,-0.058362608450415736,0.013559945273658275,0.9326807464143001,0.355691662942924,mm,rotation_vector_rad,xyzw,TCP_from_joint_feedback_FK,robot_base,,"{""values"": [9.910853385925293, 0.5142849087715149, 203.8453369140625, -0.1507633626461029, 0.03502830117940903, 2.409317970275879], ""schema"": ""x_mm,y_mm,z_mm,rotation_vector_rad[3]"", ""frame"": ""policy_stain_relative_xy_base_z"", ""transform"": ""stain_relative_v1"", ""note"": ""existing policy XY transform only; not a full rotated rigid TCP frame""}",,"[446.2854357795451, 366.4617970981398, 203.84534426155517, -0.15076336462611073, 0.03502830027447285, 2.4093180751315546]","{""source_acquisition_stamp"": null, ""calibration"": ""deployed EE2TCP unverified"", ""layout"": ""std_msgs.msg.MultiArrayLayout(dim=[], data_offset=0)""}"
rel_single_90deg_best_20260920T160636_1789887996648993205_r3lvdifh,476,,,1789888003366409355,9522123074086,receipt_only_no_header,,,/ur10skku/currentP,valid,445.97024185937676,366.5755560450702,203.4743158902604,-0.15040663768126175,0.03590561747298264,2.411444752667275,-0.05819695925218621,0.013892988961218473,0.9330622250015208,0.35470407816479066,mm,rotation_vector_rad,xyzw,TCP_from_joint_feedback_FK,robot_base,,"{""values"": [9.595667839050293, 0.6280544400215149, 203.4743194580078, -0.1504066437482834, 0.0359056182205677, 2.411444664001465], ""schema"": ""x_mm,y_mm,z_mm,rotation_vector_rad[3]"", ""frame"": ""policy_stain_relative_xy_base_z"", ""transform"": ""stain_relative_v1"", ""note"": ""existing policy XY transform only; not a full rotated rigid TCP frame""}",,"[445.97024185937676, 366.5755560450702, 203.4743158902604, -0.15040663768126175, 0.03590561747298264, 2.411444752667275]","{""source_acquisition_stamp"": null, ""calibration"": ""deployed EE2TCP unverified"", ""layout"": ""std_msgs.msg.MultiArrayLayout(dim=[], data_offset=0)""}"
rel_single_90deg_best_20260920T160636_1789887996648993205_r3lvdifh,478,,,1789888003422328574,9522178993715,receipt_only_no_header,,,/ur10skku/currentP,valid,445.6119660202829,366.72508464933304,203.1007573209551,-0.14996633804772044,0.036718759244232936,2.4135973642868898,-0.057998840700927395,0.014200823303855708,0.9334484716357412,0.3537066890740685,mm,rotation_vector_rad,xyzw,TCP_from_joint_feedback_FK,robot_base,,"{""values"": [9.237391471862793, 0.7775905728340149, 203.1007537841797, -0.14996634423732758, 0.036718759685754776, 2.413597345352173], ""schema"": ""x_mm,y_mm,z_mm,rotation_vector_rad[3]"", ""frame"": ""policy_stain_relative_xy_base_z"", ""transform"": ""stain_relative_v1"", ""note"": ""existing policy XY transform only; not a full rotated rigid TCP frame""}",,"[445.6119660202829, 366.72508464933304, 203.1007573209551, -0.14996633804772044, 0.036718759244232936, 2.4135973642868898]","{""source_acquisition_stamp"": null, ""calibration"": ""deployed EE2TCP unverified"", ""layout"": ""std_msgs.msg.MultiArrayLayout(dim=[], data_offset=0)""}"
rel_single_90deg_best_20260920T160636_1789887996648993205_r3lvdifh,483,,,1789888003492083948,9522248746895,receipt_only_no_header,,,/ur10skku/currentP,valid,445.2841566164856,366.84948233837355,202.764208914777,-0.14959652753509037,0.03736697870080934,2.4152513630705243,-0.05783455171829119,0.014446207394227922,0.933744801244869,0.3529406718807666,mm,rotation_vector_rad,xyzw,TCP_from_joint_feedback_FK,robot_base,,"{""values"": [8.909571647644043, 0.9019802212715149, 202.7642059326172, -0.14959652721881866, 0.03736697882413864, 2.4152512550354004], ""schema"": ""x_mm,y_mm,z_mm,rotation_vector_rad[3]"", ""frame"": ""policy_stain_relative_xy_base_z"", ""transform"": ""stain_relative_v1"", ""note"": ""existing policy XY transform only; not a full rotated rigid TCP frame""}",,"[445.2841566164856, 366.84948233837355, 202.764208914777, -0.14959652753509037, 0.03736697870080934, 2.4152513630705243]","{""source_acquisition_stamp"": null, ""calibration"": ""deployed EE2TCP unverified"", ""layout"": ""std_msgs.msg.MultiArrayLayout(dim=[], data_offset=0)""}"
rel_single_90deg_best_20260920T160636_1789887996648993205_r3lvdifh,486,,,1789888003542254002,9522298918451,receipt_only_no_header,,,/ur10skku/currentP,valid,444.8109345698988,367.20266839069956,202.44996683749758,-0.14895808924260895,0.03760536273198589,2.4168446989641885,-0.057567620530656304,0.01453329095908811,0.9340345275568992,0.35221336410178566,mm,rotation_vector_rad,xyzw,TCP_from_joint_feedback_FK,robot_base,,"{""values"": [8.436366081237793, 1.2551600933074951, 202.44996643066406, -0.14895808696746826, 0.03760536387562752, 2.416844606399536], ""schema"": ""x_mm,y_mm,z_mm,rotation_vector_rad[3]"", ""frame"": ""policy_stain_relative_xy_base_z"", ""transform"": ""stain_relative_v1"", ""note"": ""existing policy XY transform only; not a full rotated rigid TCP frame""}",,"[444.8109345698988, 367.20266839069956, 202.44996683749758, -0.14895808924260895, 0.03760536273198589, 2.4168446989641885]","{""source_acquisition_stamp"": null, ""calibration"": ""deployed EE2TCP unverified"", ""layout"": ""std_msgs.msg.MultiArrayLayout(dim=[], data_offset=0)""}"
rel_single_90deg_best_20260920T160636_1789887996648993205_r3lvdifh,492,,,1789888003598316164,9522354981586,receipt_only_no_header,,,/ur10skku/currentP,valid,444.44589785286485,367.5505550203202,202.26964626332716,-0.14847641625932323,0.037539220430012385,2.4180254969123243,-0.057366662675905594,0.01450398554719804,0.93424973822668,0.3516761678590904,mm,rotation_vector_rad,xyzw,TCP_from_joint_feedback_FK,robot_base,,"{""values"": [8.071314811706543, 1.6030604839324951, 202.2696533203125, -0.14847642183303833, 0.037539221346378326, 2.418025493621826], ""schema"": ""x_mm,y_mm,z_mm,rotation_vector_rad[3]"", ""frame"": ""policy_stain_relative_xy_base_z"", ""transform"": ""stain_relative_v1"", ""note"": ""existing policy XY transform only; not a full rotated rigid TCP frame""}",,"[444.44589785286485, 367.5505550203202, 202.26964626332716, -0.14847641625932323, 0.037539220430012385, 2.4180254969123243]","{""source_acquisition_stamp"": null, ""calibration"": ""deployed EE2TCP unverified"", ""layout"": ""std_msgs.msg.MultiArrayLayout(dim=[], data_offset=0)""}"
rel_single_90deg_best_20260920T160636_1789887996648993205_r3lvdifh,498,,,1789888003654421900,9522411086811,receipt_only_no_header,,,/ur10skku/currentP,valid,444.070873621461,367.89523777953184,202.0622499277972,-0.14793524743208675,0.037429201898390524,2.4191477853444945,-0.057143619249866405,0.014457947644221106,0.934455191406262,0.351168150296734,mm,rotation_vector_rad,xyzw,TCP_from_joint_feedback_FK,robot_base,,"{""values"": [7.696284294128418, 1.9477260112762451, 202.062255859375, -0.14793524146080017, 0.03742920234799385, 2.4191477298736572], ""schema"": ""x_mm,y_mm,z_mm,rotation_vector_rad[3]"", ""frame"": ""policy_stain_relative_xy_base_z"", ""transform"": ""stain_relative_v1"", ""note"": ""existing policy XY transform only; not a full rotated rigid TCP frame""}",,"[444.070873621461, 367.89523777953184, 202.0622499277972, -0.14793524743208675, 0.037429201898390524, 2.4191477853444945]","{""source_acquisition_stamp"": null, ""calibration"": ""deployed EE2TCP unverified"", ""layout"": ""std_msgs.msg.MultiArrayLayout(dim=[], data_offset=0)""}"
rel_single_90deg_best_20260920T160636_1789887996648993205_r3lvdifh,504,,,1789888003710280091,9522466946174,receipt_only_no_header,,,/ur10skku/currentP,valid,443.7735910390885,368.34164296888605,201.83713874137754,-0.1474310922607992,0.037047170338532893,2.4202112042499033,-0.05693574325010231,0.014307078284451966,0.9346503618954226,0.35068836544755316,mm,rotation_vector_rad,xyzw,TCP_from_joint_feedback_FK,robot_base,,"{""values"": [7.399012565612793, 2.394137144088745, 201.83714294433594, -0.14743109047412872, 0.03704717010259628, 2.4202113151550293], ""schema"": ""x_mm,y_mm,z_mm,rotation_vector_rad[3]"", ""frame"": ""policy_stain_relative_xy_base_z"", ""transform"": ""stain_relative_v1"", ""note"": ""existing policy XY transform only; not a full rotated rigid TCP frame""}",,"[443.7735910390885, 368.34164296888605, 201.83713874137754, -0.1474310922607992, 0.037047170338532893, 2.4202112042499033]","{""source_acquisition_stamp"": null, ""calibration"": ""deployed EE2TCP unverified"", ""layout"": ""std_msgs.msg.MultiArrayLayout(dim=[], data_offset=0)""}"
rel_single_90deg_best_20260920T160636_1789887996648993205_r3lvdifh,510,,,1789888003766250267,9522522913715,receipt_only_no_header,,,/ur10skku/currentP,valid,443.46487942461187,368.67553262184816,201.5766479807537,-0.14701761857261414,0.03702499327089713,2.4213302347055583,-0.05676211269004849,0.01429499988365633,0.9348527134133582,0.35017726905807256,mm,rotation_vector_rad,xyzw,TCP_from_joint_feedback_FK,robot_base,,"{""values"": [7.090296745300293, 2.72802996635437, 201.57664489746094, -0.14701761305332184, 0.03702499344944954, 2.421330213546753], ""schema"": ""x_mm,y_mm,z_mm,rotation_vector_rad[3]"", ""frame"": ""policy_stain_relative_xy_base_z"", ""transform"": ""stain_relative_v1"", ""note"": ""existing policy XY transform only; not a full rotated rigid TCP frame""}",,"[443.46487942461187, 368.67553262184816, 201.5766479807537, -0.14701761857261414, 0.03702499327089713, 2.4213302347055583]","{""source_acquisition_stamp"": null, ""calibration"": ""deployed EE2TCP unverified"", ""layout"": ""std_msgs.msg.MultiArrayLayout(dim=[], data_offset=0)""}"
rel_single_90deg_best_20260920T160636_1789887996648993205_r3lvdifh,512,,,1789888003822271070,9522578934869,receipt_only_no_header,,,/ur10skku/currentP,valid,443.05197082053064,369.0164556622243,201.3071982204645,-0.1463194562450485,0.03702477856221318,2.4224749481599277,-0.056478554608651976,0.01429137335227056,0.9350628218478758,0.34966190629651245,mm,rotation_vector_rad,xyzw,TCP_from_joint_feedback_FK,robot_base,,"{""values"": [6.677393913269043, 3.068941831588745, 201.3072052001953, -0.1463194489479065, 0.03702477738261223, 2.4224748611450195], ""schema"": ""x_mm,y_mm,z_mm,rotation_vector_rad[3]"", ""frame"": ""policy_stain_relative_xy_base_z"", ""transform"": ""stain_relative_v1"", ""note"": ""existing policy XY transform only; not a full rotated rigid TCP frame""}",,"[443.05197082053064, 369.0164556622243, 201.3071982204645, -0.1463194562450485, 0.03702477856221318, 2.4224749481599277]","{""source_acquisition_stamp"": null, ""calibration"": ""deployed EE2TCP unverified"", ""layout"": ""std_msgs.msg.MultiArrayLayout(dim=[], data_offset=0)""}"
rel_single_90deg_best_20260920T160636_1789887996648993205_r3lvdifh,518,,,1789888003878294438,9522634960291,receipt_only_no_header,,,/ur10skku/currentP,valid,442.7439088895728,369.4128182713134,201.1102810693622,-0.14590088004583798,0.03680033703299299,2.4234803609602356,-0.05630461026573412,0.014201618479884145,0.9352453334596539,0.3492051991842569,mm,rotation_vector_rad,xyzw,TCP_from_joint_feedback_FK,robot_base,,"{""values"": [6.369318962097168, 3.465304136276245, 201.1102752685547, -0.1459008753299713, 0.036800336092710495, 2.423480272293091], ""schema"": ""x_mm,y_mm,z_mm,rotation_vector_rad[3]"", ""frame"": ""policy_stain_relative_xy_base_z"", ""transform"": ""stain_relative_v1"", ""note"": ""existing policy XY transform only; not a full rotated rigid TCP frame""}",,"[442.7439088895728, 369.4128182713134, 201.1102810693622, -0.14590088004583798, 0.03680033703299299, 2.4234803609602356]","{""source_acquisition_stamp"": null, ""calibration"": ""deployed EE2TCP unverified"", ""layout"": ""std_msgs.msg.MultiArrayLayout(dim=[], data_offset=0)""}"
rel_single_90deg_best_20260920T160636_1789887996648993205_r3lvdifh,524,,,1789888003934422908,9522691088320,receipt_only_no_header,,,/ur10skku/currentP,valid,442.4287247151668,369.8026660209255,200.93254724726808,-0.14552867480294535,0.036441357492696974,2.4243238676396945,-0.05615066059253879,0.01406050250147942,0.9353990671773255,0.34882372440563253,mm,rotation_vector_rad,xyzw,TCP_from_joint_feedback_FK,robot_base,,"{""values"": [6.054133415222168, 3.85516619682312, 200.9325408935547, -0.1455286741256714, 0.03644135594367981, 2.424323797225952], ""schema"": ""x_mm,y_mm,z_mm,rotation_vector_rad[3]"", ""frame"": ""policy_stain_relative_xy_base_z"", ""transform"": ""stain_relative_v1"", ""note"": ""existing policy XY transform only; not a full rotated rigid TCP frame""}",,"[442.4287247151668, 369.8026660209255, 200.93254724726808, -0.14552867480294535, 0.036441357492696974, 2.4243238676396945]","{""source_acquisition_stamp"": null, ""calibration"": ""deployed EE2TCP unverified"", ""layout"": ""std_msgs.msg.MultiArrayLayout(dim=[], data_offset=0)""}"
rel_single_90deg_best_20260920T160636_1789887996648993205_r3lvdifh,530,,,1789888003991946105,9522748610504,receipt_only_no_header,,,/ur10skku/currentP,valid,442.14329008125895,370.05126337386895,200.6897271703292,-0.14525388594720814,0.036482917705438905,2.4251522283187263,-0.05603438170558339,0.014073962449327798,0.9355474710339035,0.3484436842445499,mm,rotation_vector_rad,xyzw,TCP_from_joint_feedback_FK,robot_base,,"{""values"": [5.768702507019043, 4.103762626647949, 200.68972778320312, -0.14525388181209564, 0.03648291900753975, 2.42515230178833], ""schema"": ""x_mm,y_mm,z_mm,rotation_vector_rad[3]"", ""frame"": ""policy_stain_relative_xy_base_z"", ""transform"": ""stain_relative_v1"", ""note"": ""existing policy XY transform only; not a full rotated rigid TCP frame""}",,"[442.14329008125895, 370.05126337386895, 200.6897271703292, -0.14525388594720814, 0.036482917705438905, 2.4251522283187263]","{""source_acquisition_stamp"": null, ""calibration"": ""deployed EE2TCP unverified"", ""layout"": ""std_msgs.msg.MultiArrayLayout(dim=[], data_offset=0)""}"
rel_single_90deg_best_20260920T160636_1789887996648993205_r3lvdifh,536,,,1789888004047364932,9522804029171,receipt_only_no_header,,,/ur10skku/currentP,valid,441.75669252898115,370.449356829006,200.4457188522715,-0.1447578400449399,0.0362742790147427,2.4262573310844884,-0.055829531600812804,0.013990095499639706,0.9357476617185829,0.3479420270926597,mm,rotation_vector_rad,xyzw,TCP_from_joint_feedback_FK,robot_base,,"{""values"": [5.382105827331543, 4.501864433288574, 200.4457244873047, -0.14475783705711365, 0.03627428039908409, 2.426257371902466], ""schema"": ""x_mm,y_mm,z_mm,rotation_vector_rad[3]"", ""frame"": ""policy_stain_relative_xy_base_z"", ""transform"": ""stain_relative_v1"", ""note"": ""existing policy XY transform only; not a full rotated rigid TCP frame""}",,"[441.75669252898115, 370.449356829006, 200.4457188522715, -0.1447578400449399, 0.0362742790147427, 2.4262573310844884]","{""source_acquisition_stamp"": null, ""calibration"": ""deployed EE2TCP unverified"", ""layout"": ""std_msgs.msg.MultiArrayLayout(dim=[], data_offset=0)""}"
rel_single_90deg_best_20260920T160636_1789887996648993205_r3lvdifh,542,,,1789888004102600839,9522859269456,receipt_only_no_header,,,/ur10skku/currentP,valid,441.3820031022536,370.7895049260541,200.2112734330952,-0.14416163162897616,0.036263942195107576,2.427086363162164,-0.05558964520978583,0.013983607550464355,0.9358999915382152,0.3475707926510702,mm,rotation_vector_rad,xyzw,TCP_from_joint_feedback_FK,robot_base,,"{""values"": [5.007411003112793, 4.841982841491699, 200.21127319335938, -0.1441616266965866, 0.03626394271850586, 2.427086353302002], ""schema"": ""x_mm,y_mm,z_mm,rotation_vector_rad[3]"", ""frame"": ""policy_stain_relative_xy_base_z"", ""transform"": ""stain_relative_v1"", ""note"": ""existing policy XY transform only; not a full rotated rigid TCP frame""}",,"[441.3820031022536, 370.7895049260541, 200.2112734330952, -0.14416163162897616, 0.036263942195107576, 2.427086363162164]","{""source_acquisition_stamp"": null, ""calibration"": ""deployed EE2TCP unverified"", ""layout"": ""std_msgs.msg.MultiArrayLayout(dim=[], data_offset=0)""}"
rel_single_90deg_best_20260920T160636_1789887996648993205_r3lvdifh,548,,,1789888004158430164,9522915093381,receipt_only_no_header,,,/ur10skku/currentP,valid,441.03328616645933,371.2285332545878,200.02717890075428,-0.14359893992943448,0.03590988359652052,2.4279145509527003,-0.0553628082289209,0.013844614730818975,0.9360526459781248,0.34720128177372034,mm,rotation_vector_rad,xyzw,TCP_from_joint_feedback_FK,robot_base,,"{""values"": [4.658717155456543, 5.281039237976074, 200.0271759033203, -0.14359894394874573, 0.03590988367795944, 2.427914619445801], ""schema"": ""x_mm,y_mm,z_mm,rotation_vector_rad[3]"", ""frame"": ""policy_stain_relative_xy_base_z"", ""transform"": ""stain_relative_v1"", ""note"": ""existing policy XY transform only; not a full rotated rigid TCP frame""}",,"[441.03328616645933, 371.2285332545878, 200.02717890075428, -0.14359893992943448, 0.03590988359652052, 2.4279145509527003]","{""source_acquisition_stamp"": null, ""calibration"": ""deployed EE2TCP unverified"", ""layout"": ""std_msgs.msg.MultiArrayLayout(dim=[], data_offset=0)""}"
rel_single_90deg_best_20260920T160636_1789887996648993205_r3lvdifh,553,,,1789888004225990405,9522982653442,receipt_only_no_header,,,/ur10skku/currentP,valid,440.71389613300755,371.61974063286556,199.7956679350263,-0.14310882260711022,0.03569108475485313,2.4286839728430927,-0.05516467254522333,0.013757970804432173,0.9361935458412802,0.3468561976777314,mm,rotation_vector_rad,xyzw,TCP_from_joint_feedback_FK,robot_base,,"{""values"": [4.339320182800293, 5.672244071960449, 199.79566955566406, -0.14310882985591888, 0.03569108620285988, 2.4286839962005615], ""schema"": ""x_mm,y_mm,z_mm,rotation_vector_rad[3]"", ""frame"": ""policy_stain_relative_xy_base_z"", ""transform"": ""stain_relative_v1"", ""note"": ""existing policy XY transform only; not a full rotated rigid TCP frame""}",,"[440.71389613300755, 371.61974063286556, 199.7956679350263, -0.14310882260711022, 0.03569108475485313, 2.4286839728430927]","{""source_acquisition_stamp"": null, ""calibration"": ""deployed EE2TCP unverified"", ""layout"": ""std_msgs.msg.MultiArrayLayout(dim=[], data_offset=0)""}"
rel_single_90deg_best_20260920T160636_1789887996648993205_r3lvdifh,556,,,1789888004278502203,9523035169228,receipt_only_no_header,,,/ur10skku/currentP,valid,440.28334279244535,372.00389646791996,199.49357584024153,-0.1424388116955559,0.03568821779175717,2.42970814256025,-0.05489419772933018,0.013753808114149274,0.9363801734554017,0.34639519421845916,mm,rotation_vector_rad,xyzw,TCP_from_joint_feedback_FK,robot_base,,"{""values"": [3.908778190612793, 6.056399345397949, 199.4935760498047, -0.14243881404399872, 0.03568821772933006, 2.429708242416382], ""schema"": ""x_mm,y_mm,z_mm,rotation_vector_rad[3]"", ""frame"": ""policy_stain_relative_xy_base_z"", ""transform"": ""stain_relative_v1"", ""note"": ""existing policy XY transform only; not a full rotated rigid TCP frame""}",,"[440.28334279244535, 372.00389646791996, 199.49357584024153, -0.1424388116955559, 0.03568821779175717, 2.42970814256025]","{""source_acquisition_stamp"": null, ""calibration"": ""deployed EE2TCP unverified"", ""layout"": ""std_msgs.msg.MultiArrayLayout(dim=[], data_offset=0)""}"
rel_single_90deg_best_20260920T160636_1789887996648993205_r3lvdifh,562,,,1789888004334337320,9523091003984,receipt_only_no_header,,,/ur10skku/currentP,valid,439.95749847326215,372.3068809489412,199.21236990643519,-0.14187098519884786,0.035658522718870815,2.430426830676819,-0.05466690679523273,0.013740238253762619,0.9365122603400483,0.3460744448625828,mm,rotation_vector_rad,xyzw,TCP_from_joint_feedback_FK,robot_base,,"{""values"": [3.582911491394043, 6.359377861022949, 199.21237182617188, -0.14187099039554596, 0.03565852344036102, 2.430426836013794], ""schema"": ""x_mm,y_mm,z_mm,rotation_vector_rad[3]"", ""frame"": ""policy_stain_relative_xy_base_z"", ""transform"": ""stain_relative_v1"", ""note"": ""existing policy XY transform only; not a full rotated rigid TCP frame""}",,"[439.95749847326215, 372.3068809489412, 199.21236990643519, -0.14187098519884786, 0.035658522718870815, 2.430426830676819]","{""source_acquisition_stamp"": null, ""calibration"": ""deployed EE2TCP unverified"", ""layout"": ""std_msgs.msg.MultiArrayLayout(dim=[], data_offset=0)""}"
rel_single_90deg_best_20260920T160636_1789887996648993205_r3lvdifh,575,,,1789888004390464166,9523147127795,receipt_only_no_header,,,/ur10skku/currentP,valid,439.62864147162804,372.72133541261127,198.95917423415,-0.14120701750302384,0.035204427592766124,2.431148219228486,-0.054402751320607366,0.01356319079306785,0.9366471605520065,0.34575783018483114,mm,rotation_vector_rad,xyzw,TCP_from_joint_feedback_FK,robot_base,,"{""values"": [3.254054069519043, 6.773837089538574, 198.95916748046875, -0.1412070244550705, 0.03520442917943001, 2.4311482906341553], ""schema"": ""x_mm,y_mm,z_mm,rotation_vector_rad[3]"", ""frame"": ""policy_stain_relative_xy_base_z"", ""transform"": ""stain_relative_v1"", ""note"": ""existing policy XY transform only; not a full rotated rigid TCP frame""}",,"[439.62864147162804, 372.72133541261127, 198.95917423415, -0.14120701750302384, 0.035204427592766124, 2.431148219228486]","{""source_acquisition_stamp"": null, ""calibration"": ""deployed EE2TCP unverified"", ""layout"": ""std_msgs.msg.MultiArrayLayout(dim=[], data_offset=0)""}"
rel_single_90deg_best_20260920T160636_1789887996648993205_r3lvdifh,581,,,1789888004459366403,9523216033939,receipt_only_no_header,,,/ur10skku/currentP,valid,439.28406302343484,373.07832623484893,198.71644544736773,-0.14062028755804304,0.0351029417554396,2.4319139908466627,-0.05416776154475362,0.013521859552044916,0.9367875677196162,0.3454157869719487,mm,rotation_vector_rad,xyzw,TCP_from_joint_feedback_FK,robot_base,,"{""values"": [2.909480094909668, 7.130831718444824, 198.71644592285156, -0.14062029123306274, 0.03510294109582901, 2.4319140911102295], ""schema"": ""x_mm,y_mm,z_mm,rotation_vector_rad[3]"", ""frame"": ""policy_stain_relative_xy_base_z"", ""transform"": ""stain_relative_v1"", ""note"": ""existing policy XY transform only; not a full rotated rigid TCP frame""}",,"[439.28406302343484, 373.07832623484893, 198.71644544736773, -0.14062028755804304, 0.0351029417554396, 2.4319139908466627]","{""source_acquisition_stamp"": null, ""calibration"": ""deployed EE2TCP unverified"", ""layout"": ""std_msgs.msg.MultiArrayLayout(dim=[], data_offset=0)""}"
rel_single_90deg_best_20260920T160636_1789887996648993205_r3lvdifh,587,,,1789888004510303679,9523266967348,receipt_only_no_header,,,/ur10skku/currentP,valid,438.9198281273844,373.436954816461,198.52092736450027,-0.13995812207177233,0.03497861310922761,2.4326934104847426,-0.05390367963582499,0.01347171516189948,0.9369311641928602,0.34506941298313704,mm,rotation_vector_rad,xyzw,TCP_from_joint_feedback_FK,robot_base,,"{""values"": [2.545252799987793, 7.489443778991699, 198.5209197998047, -0.13995812833309174, 0.03497861325740814, 2.4326934814453125], ""schema"": ""x_mm,y_mm,z_mm,rotation_vector_rad[3]"", ""frame"": ""policy_stain_relative_xy_base_z"", ""transform"": ""stain_relative_v1"", ""note"": ""existing policy XY transform only; not a full rotated rigid TCP frame""}",,"[438.9198281273844, 373.436954816461, 198.52092736450027, -0.13995812207177233, 0.03497861310922761, 2.4326934104847426]","{""source_acquisition_stamp"": null, ""calibration"": ""deployed EE2TCP unverified"", ""layout"": ""std_msgs.msg.MultiArrayLayout(dim=[], data_offset=0)""}"
rel_single_90deg_best_20260920T160636_1789887996648993205_r3lvdifh,593,,,1789888004566088018,9523322752127,receipt_only_no_header,,,/ur10skku/currentP,valid,438.62531913107455,373.79583194879694,198.35348656541424,-0.13939980369394295,0.03478795635687817,2.4335254511421476,-0.05367896802576468,0.013395869631656447,0.9370826315404623,0.3446958960209751,mm,rotation_vector_rad,xyzw,TCP_from_joint_feedback_FK,robot_base,,"{""values"": [2.250727653503418, 7.848330497741699, 198.35348510742188, -0.13939979672431946, 0.03478795662522316, 2.433525562286377], ""schema"": ""x_mm,y_mm,z_mm,rotation_vector_rad[3]"", ""frame"": ""policy_stain_relative_xy_base_z"", ""transform"": ""stain_relative_v1"", ""note"": ""existing policy XY transform only; not a full rotated rigid TCP frame""}",,"[438.62531913107455, 373.79583194879694, 198.35348656541424, -0.13939980369394295, 0.03478795635687817, 2.4335254511421476]","{""source_acquisition_stamp"": null, ""calibration"": ""deployed EE2TCP unverified"", ""layout"": ""std_msgs.msg.MultiArrayLayout(dim=[], data_offset=0)""}"
rel_single_90deg_best_20260920T160636_1789887996648993205_r3lvdifh,595,,,1789888004622124742,9523378788410,receipt_only_no_header,,,/ur10skku/currentP,valid,438.31662988610515,374.14480818503756,198.18049675603538,-0.13883587608062986,0.03474621123994828,2.4343385986800894,-0.053452376955233874,0.013377432644897052,0.9372302612745079,0.34433025577922205,mm,rotation_vector_rad,xyzw,TCP_from_joint_feedback_FK,robot_base,,"{""values"": [1.942042350769043, 8.197299003601074, 198.1804962158203, -0.1388358771800995, 0.034746211022138596, 2.4343385696411133], ""schema"": ""x_mm,y_mm,z_mm,rotation_vector_rad[3]"", ""frame"": ""policy_stain_relative_xy_base_z"", ""transform"": ""stain_relative_v1"", ""note"": ""existing policy XY transform only; not a full rotated rigid TCP frame""}",,"[438.31662988610515, 374.14480818503756, 198.18049675603538, -0.13883587608062986, 0.03474621123994828, 2.4343385986800894]","{""source_acquisition_stamp"": null, ""calibration"": ""deployed EE2TCP unverified"", ""layout"": ""std_msgs.msg.MultiArrayLayout(dim=[], data_offset=0)""}"
rel_single_90deg_best_20260920T160636_1789887996648993205_r3lvdifh,601,,,1789888004678299801,9523434968769,receipt_only_no_header,,,/ur10skku/currentP,valid,437.970091030781,374.5385929095252,197.9106449075697,-0.138106903709357,0.03462995328556154,2.4350732852636043,-0.05316339681788905,0.013330585936382372,0.9373663724845264,0.34400615176559907,mm,rotation_vector_rad,xyzw,TCP_from_joint_feedback_FK,robot_base,,"{""values"": [1.595515251159668, 8.591097831726074, 197.91064453125, -0.13810689747333527, 0.034629952162504196, 2.4350733757019043], ""schema"": ""x_mm,y_mm,z_mm,rotation_vector_rad[3]"", ""frame"": ""policy_stain_relative_xy_base_z"", ""transform"": ""stain_relative_v1"", ""note"": ""existing policy XY transform only; not a full rotated rigid TCP frame""}",,"[437.970091030781, 374.5385929095252, 197.9106449075697, -0.138106903709357, 0.03462995328556154, 2.4350732852636043]","{""source_acquisition_stamp"": null, ""calibration"": ""deployed EE2TCP unverified"", ""layout"": ""std_msgs.msg.MultiArrayLayout(dim=[], data_offset=0)""}"
rel_single_90deg_best_20260920T160636_1789887996648993205_r3lvdifh,607,,,1789888004734515438,9523491182072,receipt_only_no_header,,,/ur10skku/currentP,valid,437.68953695567427,374.98694536003984,197.67170738512675,-0.13740729619649938,0.03430718538831534,2.435823861541833,-0.052885626771454725,0.013204226065484383,0.9375053231400884,0.34367503252200365,mm,rotation_vector_rad,xyzw,TCP_from_joint_feedback_FK,robot_base,,"{""values"": [1.314967155456543, 9.03943157196045, 197.6717071533203, -0.1374073028564453, 0.03430718556046486, 2.435823917388916], ""schema"": ""x_mm,y_mm,z_mm,rotation_vector_rad[3]"", ""frame"": ""policy_stain_relative_xy_base_z"", ""transform"": ""stain_relative_v1"", ""note"": ""existing policy XY transform only; not a full rotated rigid TCP frame""}",,"[437.68953695567427, 374.98694536003984, 197.67170738512675, -0.13740729619649938, 0.03430718538831534, 2.435823861541833]","{""source_acquisition_stamp"": null, ""calibration"": ""deployed EE2TCP unverified"", ""layout"": ""std_msgs.msg.MultiArrayLayout(dim=[], data_offset=0)""}"
rel_single_90deg_best_20260920T160636_1789887996648993205_r3lvdifh,613,,,1789888004793005430,9523549669679,receipt_only_no_header,,,/ur10skku/currentP,valid,437.4161007285525,375.31114921113823,197.47177267507345,-0.1368762400438835,0.034097445979810036,2.4364624024904993,-0.052674005237600754,0.013121700651285399,0.9376224340240186,0.34339109097226467,mm,rotation_vector_rad,xyzw,TCP_from_joint_feedback_FK,robot_base,,"{""values"": [1.041529655456543, 9.36365032196045, 197.47177124023438, -0.13687624037265778, 0.034097444266080856, 2.43646240234375], ""schema"": ""x_mm,y_mm,z_mm,rotation_vector_rad[3]"", ""frame"": ""policy_stain_relative_xy_base_z"", ""transform"": ""stain_relative_v1"", ""note"": ""existing policy XY transform only; not a full rotated rigid TCP frame""}",,"[437.4161007285525, 375.31114921113823, 197.47177267507345, -0.1368762400438835, 0.034097445979810036, 2.4364624024904993]","{""source_acquisition_stamp"": null, ""calibration"": ""deployed EE2TCP unverified"", ""layout"": ""std_msgs.msg.MultiArrayLayout(dim=[], data_offset=0)""}"
rel_single_90deg_best_20260920T160636_1789887996648993205_r3lvdifh,619,,,1789888004848044328,9523604708347,receipt_only_no_header,,,/ur10skku/currentP,valid,437.05677081229743,375.6902155866836,197.1593835321038,-0.13624748553124208,0.034067477533285866,2.43725490185835,-0.052423050655958696,0.013107919705708338,0.9377665700282312,0.3430362463915413,mm,rotation_vector_rad,xyzw,TCP_from_joint_feedback_FK,robot_base,,"{""values"": [0.6821851134300232, 9.742709159851074, 197.1593780517578, -0.13624748587608337, 0.03406747803092003, 2.4372549057006836], ""schema"": ""x_mm,y_mm,z_mm,rotation_vector_rad[3]"", ""frame"": ""policy_stain_relative_xy_base_z"", ""transform"": ""stain_relative_v1"", ""note"": ""existing policy XY transform only; not a full rotated rigid TCP frame""}",,"[437.05677081229743, 375.6902155866836, 197.1593835321038, -0.13624748553124208, 0.034067477533285866, 2.43725490185835]","{""source_acquisition_stamp"": null, ""calibration"": ""deployed EE2TCP unverified"", ""layout"": ""std_msgs.msg.MultiArrayLayout(dim=[], data_offset=0)""}"
rel_single_90deg_best_20260920T160636_1789887996648993205_r3lvdifh,632,,,1789888004902463658,9523659129300,receipt_only_no_header,,,/ur10skku/currentP,valid,436.67449536708364,376.01078429917334,196.85107683151955,-0.13552675065811257,0.034104388861472414,2.4379341507293613,-0.05213817850275335,0.013120219481041053,0.9378919313821615,0.3427363348573115,mm,rotation_vector_rad,xyzw,TCP_from_joint_feedback_FK,robot_base,,"{""values"": [0.2999219298362732, 10.063265800476074, 196.85107421875, -0.13552674651145935, 0.03410438820719719, 2.437934160232544], ""schema"": ""x_mm,y_mm,z_mm,rotation_vector_rad[3]"", ""frame"": ""policy_stain_relative_xy_base_z"", ""transform"": ""stain_relative_v1"", ""note"": ""existing policy XY transform only; not a full rotated rigid TCP frame""}",,"[436.67449536708364, 376.01078429917334, 196.85107683151955, -0.13552675065811257, 0.034104388861472414, 2.4379341507293613]","{""source_acquisition_stamp"": null, ""calibration"": ""deployed EE2TCP unverified"", ""layout"": ""std_msgs.msg.MultiArrayLayout(dim=[], data_offset=0)""}"
rel_single_90deg_best_20260920T160636_1789887996648993205_r3lvdifh,638,,,1789888004958991323,9523715654621,receipt_only_no_header,,,/ur10skku/currentP,valid,436.29481460261854,376.39723697416173,196.64085184306936,-0.13493352113726675,0.03393339681656945,2.438733000089779,-0.051900971055248164,0.01305217733250577,0.9380368182964474,0.3423782373204835,mm,rotation_vector_rad,xyzw,TCP_from_joint_feedback_FK,robot_base,,"{""values"": [-0.07977776229381561, 10.449740409851074, 196.64085388183594, -0.13493351638317108, 0.03393339738249779, 2.4387331008911133], ""schema"": ""x_mm,y_mm,z_mm,rotation_vector_rad[3]"", ""frame"": ""policy_stain_relative_xy_base_z"", ""transform"": ""stain_relative_v1"", ""note"": ""existing policy XY transform only; not a full rotated rigid TCP frame""}",,"[436.29481460261854, 376.39723697416173, 196.64085184306936, -0.13493352113726675, 0.03393339681656945, 2.438733000089779]","{""source_acquisition_stamp"": null, ""calibration"": ""deployed EE2TCP unverified"", ""layout"": ""std_msgs.msg.MultiArrayLayout(dim=[], data_offset=0)""}"
rel_single_90deg_best_20260920T160636_1789887996648993205_r3lvdifh,643,,,1789888005026531306,9523783195144,receipt_only_no_header,,,/ur10skku/currentP,valid,436.0364737470912,376.76443341574446,196.53687297963404,-0.13461492517745163,0.03369389167138174,2.439456944992815,-0.05177016881316851,0.012957987069417667,0.9381656431354497,0.3420484852070136,mm,rotation_vector_rad,xyzw,TCP_from_joint_feedback_FK,robot_base,,"{""values"": [-0.3381090760231018, 10.816927909851074, 196.53688049316406, -0.13461492955684662, 0.033693891018629074, 2.4394569396972656], ""schema"": ""x_mm,y_mm,z_mm,rotation_vector_rad[3]"", ""frame"": ""policy_stain_relative_xy_base_z"", ""transform"": ""stain_relative_v1"", ""note"": ""existing policy XY transform only; not a full rotated rigid TCP frame""}",,"[436.0364737470912, 376.76443341574446, 196.53687297963404, -0.13461492517745163, 0.03369389167138174, 2.439456944992815]","{""source_acquisition_stamp"": null, ""calibration"": ""deployed EE2TCP unverified"", ""layout"": ""std_msgs.msg.MultiArrayLayout(dim=[], data_offset=0)""}"
rel_single_90deg_best_20260920T160636_1789887996648993205_r3lvdifh,646,,,1789888005079165007,9523835829587,receipt_only_no_header,,,/ur10skku/currentP,valid,435.5549067187123,377.19101810433017,196.3024754837159,-0.13352463308425286,0.03369951493173656,2.440293653140872,-0.05134181185966345,0.012957864892955,0.9383219764613258,0.34168403618269017,mm,rotation_vector_rad,xyzw,TCP_from_joint_feedback_FK,robot_base,,"{""values"": [-0.8196764588356018, 11.243502616882324, 196.30247497558594, -0.13352462649345398, 0.03369951620697975, 2.440293550491333], ""schema"": ""x_mm,y_mm,z_mm,rotation_vector_rad[3]"", ""frame"": ""policy_stain_relative_xy_base_z"", ""transform"": ""stain_relative_v1"", ""note"": ""existing policy XY transform only; not a full rotated rigid TCP frame""}",,"[435.5549067187123, 377.19101810433017, 196.3024754837159, -0.13352463308425286, 0.03369951493173656, 2.440293653140872]","{""source_acquisition_stamp"": null, ""calibration"": ""deployed EE2TCP unverified"", ""layout"": ""std_msgs.msg.MultiArrayLayout(dim=[], data_offset=0)""}"
rel_single_90deg_best_20260920T160636_1789887996648993205_r3lvdifh,652,,,1789888005134299159,9523890965001,receipt_only_no_header,,,/ur10skku/currentP,valid,435.2689765129421,377.47339848025246,196.051577980869,-0.13285218940167678,0.03380259078488137,2.4408519902772414,-0.051077183561054305,0.012995955445931079,0.9384252206473751,0.34143862071306924,mm,rotation_vector_rad,xyzw,TCP_from_joint_feedback_FK,robot_base,,"{""values"": [-1.105595588684082, 11.52588176727295, 196.05157470703125, -0.1328521966934204, 0.033802591264247894, 2.440851926803589], ""schema"": ""x_mm,y_mm,z_mm,rotation_vector_rad[3]"", ""frame"": ""policy_stain_relative_xy_base_z"", ""transform"": ""stain_relative_v1"", ""note"": ""existing policy XY transform only; not a full rotated rigid TCP frame""}",,"[435.2689765129421, 377.47339848025246, 196.051577980869, -0.13285218940167678, 0.03380259078488137, 2.4408519902772414]","{""source_acquisition_stamp"": null, ""calibration"": ""deployed EE2TCP unverified"", ""layout"": ""std_msgs.msg.MultiArrayLayout(dim=[], data_offset=0)""}"
rel_single_90deg_best_20260920T160636_1789887996648993205_r3lvdifh,658,,,1789888005190091463,9523946756444,receipt_only_no_header,,,/ur10skku/currentP,valid,434.9328465582373,377.9275014708507,195.82249965713436,-0.13206058432842768,0.03352670639090926,2.4414153981571918,-0.050766881547598154,0.012888374988524156,0.9385317122214797,0.34119618796625606,mm,rotation_vector_rad,xyzw,TCP_from_joint_feedback_FK,robot_base,,"{""values"": [-1.441716194152832, 11.97998332977295, 195.82249450683594, -0.13206058740615845, 0.0335267074406147, 2.441415309906006], ""schema"": ""x_mm,y_mm,z_mm,rotation_vector_rad[3]"", ""frame"": ""policy_stain_relative_xy_base_z"", ""transform"": ""stain_relative_v1"", ""note"": ""existing policy XY transform only; not a full rotated rigid TCP frame""}",,"[434.9328465582373, 377.9275014708507, 195.82249965713436, -0.13206058432842768, 0.03352670639090926, 2.4414153981571918]","{""source_acquisition_stamp"": null, ""calibration"": ""deployed EE2TCP unverified"", ""layout"": ""std_msgs.msg.MultiArrayLayout(dim=[], data_offset=0)""}"
rel_single_90deg_best_20260920T160636_1789887996648993205_r3lvdifh,664,,,1789888005246198712,9524002864714,receipt_only_no_header,,,/ur10skku/currentP,valid,434.63685334776244,378.2880546284611,195.48183866337354,-0.13134868761155455,0.03346189555998973,2.441981242097253,-0.05048717435485093,0.012861921851683576,0.9386369592488712,0.34094907966436416,mm,rotation_vector_rad,xyzw,TCP_from_joint_feedback_FK,robot_base,,"{""values"": [-1.737736701965332, 12.340548515319824, 195.48184204101562, -0.13134868443012238, 0.03346189484000206, 2.441981315612793], ""schema"": ""x_mm,y_mm,z_mm,rotation_vector_rad[3]"", ""frame"": ""policy_stain_relative_xy_base_z"", ""transform"": ""stain_relative_v1"", ""note"": ""existing policy XY transform only; not a full rotated rigid TCP frame""}",,"[434.63685334776244, 378.2880546284611, 195.48183866337354, -0.13134868761155455, 0.03346189555998973, 2.441981242097253]","{""source_acquisition_stamp"": null, ""calibration"": ""deployed EE2TCP unverified"", ""layout"": ""std_msgs.msg.MultiArrayLayout(dim=[], data_offset=0)""}"
rel_single_90deg_best_20260920T160636_1789887996648993205_r3lvdifh,670,,,1789888005302176552,9524058842595,receipt_only_no_header,,,/ur10skku/currentP,valid,434.34915255158865,378.60159226336384,195.1984899221751,-0.13071617451011355,0.03350347032851213,2.4425472504909176,-0.05023797158713505,0.01287634370224007,0.938740900506567,0.34069908673166627,mm,rotation_vector_rad,xyzw,TCP_from_joint_feedback_FK,robot_base,,"{""values"": [-2.025425910949707, 12.654086112976074, 195.198486328125, -0.13071617484092712, 0.033503469079732895, 2.44254732131958], ""schema"": ""x_mm,y_mm,z_mm,rotation_vector_rad[3]"", ""frame"": ""policy_stain_relative_xy_base_z"", ""transform"": ""stain_relative_v1"", ""note"": ""existing policy XY transform only; not a full rotated rigid TCP frame""}",,"[434.34915255158865, 378.60159226336384, 195.1984899221751, -0.13071617451011355, 0.03350347032851213, 2.4425472504909176]","{""source_acquisition_stamp"": null, ""calibration"": ""deployed EE2TCP unverified"", ""layout"": ""std_msgs.msg.MultiArrayLayout(dim=[], data_offset=0)""}"
rel_single_90deg_best_20260920T160636_1789887996648993205_r3lvdifh,676,,,1789888005358191153,9524114854511,receipt_only_no_header,,,/ur10skku/currentP,valid,434.09007007030556,378.9733472684679,194.93425647071518,-0.13007859788038378,0.033227302806817544,2.4430325567427595,-0.04998784827930664,0.012768905865399496,0.9388319276024422,0.3404890332766808,mm,rotation_vector_rad,xyzw,TCP_from_joint_feedback_FK,robot_base,,"{""values"": [-2.284520149230957, 13.025851249694824, 194.9342498779297, -0.13007859885692596, 0.03322730213403702, 2.4430325031280518], ""schema"": ""x_mm,y_mm,z_mm,rotation_vector_rad[3]"", ""frame"": ""policy_stain_relative_xy_base_z"", ""transform"": ""stain_relative_v1"", ""note"": ""existing policy XY transform only; not a full rotated rigid TCP frame""}",,"[434.09007007030556, 378.9733472684679, 194.93425647071518, -0.13007859788038378, 0.033227302806817544, 2.4430325567427595]","{""source_acquisition_stamp"": null, ""calibration"": ""deployed EE2TCP unverified"", ""layout"": ""std_msgs.msg.MultiArrayLayout(dim=[], data_offset=0)""}"
rel_single_90deg_best_20260920T160636_1789887996648993205_r3lvdifh,678,,,1789888005415168081,9524171833473,receipt_only_no_header,,,/ur10skku/currentP,valid,433.8018987259634,379.3524097443299,194.6448636711296,-0.1294555238688891,0.03306517288712148,2.4434607174899887,-0.049743964593474424,0.012705466249859732,0.938912607077851,0.3403046067630728,mm,rotation_vector_rad,xyzw,TCP_from_joint_feedback_FK,robot_base,,"{""values"": [-2.572667121887207, 13.40491008758545, 194.64486694335938, -0.12945552170276642, 0.03306517377495766, 2.443460702896118], ""schema"": ""x_mm,y_mm,z_mm,rotation_vector_rad[3]"", ""frame"": ""policy_stain_relative_xy_base_z"", ""transform"": ""stain_relative_v1"", ""note"": ""existing policy XY transform only; not a full rotated rigid TCP frame""}",,"[433.8018987259634, 379.3524097443299, 194.6448636711296, -0.1294555238688891, 0.03306517288712148, 2.4434607174899887]","{""source_acquisition_stamp"": null, ""calibration"": ""deployed EE2TCP unverified"", ""layout"": ""std_msgs.msg.MultiArrayLayout(dim=[], data_offset=0)""}"
rel_single_90deg_best_20260920T160636_1789887996648993205_r3lvdifh,691,,,1789888005470284147,9524226948457,receipt_only_no_header,,,/ur10skku/currentP,valid,433.49790702500366,379.664386617591,194.30202675228537,-0.12870255595581626,0.033037742505727725,2.4438735473727724,-0.04945044211346978,0.01269385025966439,0.9389916656238396,0.3401296397395193,mm,rotation_vector_rad,xyzw,TCP_from_joint_feedback_FK,robot_base,,"{""values"": [-2.876683235168457, 13.716891288757324, 194.30203247070312, -0.1287025511264801, 0.03303774073719978, 2.443873643875122], ""schema"": ""x_mm,y_mm,z_mm,rotation_vector_rad[3]"", ""frame"": ""policy_stain_relative_xy_base_z"", ""transform"": ""stain_relative_v1"", ""note"": ""existing policy XY transform only; not a full rotated rigid TCP frame""}",,"[433.49790702500366, 379.664386617591, 194.30202675228537, -0.12870255595581626, 0.033037742505727725, 2.4438735473727724]","{""source_acquisition_stamp"": null, ""calibration"": ""deployed EE2TCP unverified"", ""layout"": ""std_msgs.msg.MultiArrayLayout(dim=[], data_offset=0)""}"
rel_single_90deg_best_20260920T160636_1789887996648993205_r3lvdifh,697,,,1789888005525879494,9524282544084,receipt_only_no_header,,,/ur10skku/currentP,valid,433.19717563651267,379.95789819495343,194.04429677098784,-0.12800896597796596,0.033141016473502136,2.44426349072552,-0.049179979347332856,0.012732502706076083,0.939065690242449,0.33996300153944475,mm,rotation_vector_rad,xyzw,TCP_from_joint_feedback_FK,robot_base,,"{""values"": [-3.177403450012207, 14.01037883758545, 194.04429626464844, -0.12800896167755127, 0.03314101696014404, 2.444263458251953], ""schema"": ""x_mm,y_mm,z_mm,rotation_vector_rad[3]"", ""frame"": ""policy_stain_relative_xy_base_z"", ""transform"": ""stain_relative_v1"", ""note"": ""existing policy XY transform only; not a full rotated rigid TCP frame""}",,"[433.19717563651267, 379.95789819495343, 194.04429677098784, -0.12800896597796596, 0.033141016473502136, 2.44426349072552]","{""source_acquisition_stamp"": null, ""calibration"": ""deployed EE2TCP unverified"", ""layout"": ""std_msgs.msg.MultiArrayLayout(dim=[], data_offset=0)""}"
rel_single_90deg_best_20260920T160636_1789887996648993205_r3lvdifh,703,,,1789888005582181517,9524338846768,receipt_only_no_header,,,/ur10skku/currentP,valid,432.86478457809983,380.376961074718,193.82399010019247,-0.12718950353380404,0.03292473479929318,2.4447451461920977,-0.04886030307213698,0.012648154731067418,0.9391575991593866,0.3397582948314501,mm,rotation_vector_rad,xyzw,TCP_from_joint_feedback_FK,robot_base,,"{""values"": [-3.509800910949707, 14.42944622039795, 193.82398986816406, -0.127189502120018, 0.03292473405599594, 2.4447450637817383], ""schema"": ""x_mm,y_mm,z_mm,rotation_vector_rad[3]"", ""frame"": ""policy_stain_relative_xy_base_z"", ""transform"": ""stain_relative_v1"", ""note"": ""existing policy XY transform only; not a full rotated rigid TCP frame""}",,"[432.86478457809983, 380.376961074718, 193.82399010019247, -0.12718950353380404, 0.03292473479929318, 2.4447451461920977]","{""source_acquisition_stamp"": null, ""calibration"": ""deployed EE2TCP unverified"", ""layout"": ""std_msgs.msg.MultiArrayLayout(dim=[], data_offset=0)""}"
rel_single_90deg_best_20260920T160636_1789887996648993205_r3lvdifh,709,,,1789888005639840674,9524396505244,receipt_only_no_header,,,/ur10skku/currentP,valid,432.5988959194511,380.7545686890698,193.62229890217066,-0.12648972472520137,0.03272736645889982,2.4450788185264125,-0.04858822240699609,0.012571491982885704,0.9392228000756085,0.3396198964295019,mm,rotation_vector_rad,xyzw,TCP_from_joint_feedback_FK,robot_base,,"{""values"": [-3.775670051574707, 14.8070707321167, 193.62229919433594, -0.12648972868919373, 0.03272736817598343, 2.4450788497924805], ""schema"": ""x_mm,y_mm,z_mm,rotation_vector_rad[3]"", ""frame"": ""policy_stain_relative_xy_base_z"", ""transform"": ""stain_relative_v1"", ""note"": ""existing policy XY transform only; not a full rotated rigid TCP frame""}",,"[432.5988959194511, 380.7545686890698, 193.62229890217066, -0.12648972472520137, 0.03272736645889982, 2.4450788185264125]","{""source_acquisition_stamp"": null, ""calibration"": ""deployed EE2TCP unverified"", ""layout"": ""std_msgs.msg.MultiArrayLayout(dim=[], data_offset=0)""}"
rel_single_90deg_best_20260920T160636_1789887996648993205_r3lvdifh,715,,,1789888005694175451,9524450838919,receipt_only_no_header,,,/ur10skku/currentP,valid,432.345452345439,381.017445530502,193.43411143683448,-0.1258777693904936,0.0328039792050398,2.445488586386305,-0.04834898091286213,0.012599833728624799,0.939299143592411,0.3394418051467172,mm,rotation_vector_rad,xyzw,TCP_from_joint_feedback_FK,robot_base,,"{""values"": [-4.029118537902832, 15.06994915008545, 193.43411254882812, -0.1258777678012848, 0.0328039787709713, 2.445488691329956], ""schema"": ""x_mm,y_mm,z_mm,rotation_vector_rad[3]"", ""frame"": ""policy_stain_relative_xy_base_z"", ""transform"": ""stain_relative_v1"", ""note"": ""existing policy XY transform only; not a full rotated rigid TCP frame""}",,"[432.345452345439, 381.017445530502, 193.43411143683448, -0.1258777693904936, 0.0328039792050398, 2.445488586386305]","{""source_acquisition_stamp"": null, ""calibration"": ""deployed EE2TCP unverified"", ""layout"": ""std_msgs.msg.MultiArrayLayout(dim=[], data_offset=0)""}"
rel_single_90deg_best_20260920T160636_1789887996648993205_r3lvdifh,717,,,1789888005749998775,9524506663615,receipt_only_no_header,,,/ur10skku/currentP,valid,431.9851469835608,381.3648940965531,193.03884789472318,-0.12484632531171362,0.032936438753427826,2.4457721627269002,-0.0479502714524602,0.012650041360536672,0.9393583577315129,0.33933261511556373,mm,rotation_vector_rad,xyzw,TCP_from_joint_feedback_FK,robot_base,,"{""values"": [-4.389439582824707, 15.417391777038574, 193.03884887695312, -0.12484632432460785, 0.03293643891811371, 2.445772171020508], ""schema"": ""x_mm,y_mm,z_mm,rotation_vector_rad[3]"", ""frame"": ""policy_stain_relative_xy_base_z"", ""transform"": ""stain_relative_v1"", ""note"": ""existing policy XY transform only; not a full rotated rigid TCP frame""}",,"[431.9851469835608, 381.3648940965531, 193.03884789472318, -0.12484632531171362, 0.032936438753427826, 2.4457721627269002]","{""source_acquisition_stamp"": null, ""calibration"": ""deployed EE2TCP unverified"", ""layout"": ""std_msgs.msg.MultiArrayLayout(dim=[], data_offset=0)""}"
rel_single_90deg_best_20260920T160636_1789887996648993205_r3lvdifh,723,,,1789888005806170848,9524562836901,receipt_only_no_header,,,/ur10skku/currentP,valid,431.64789342593497,381.83674681853125,192.7045756175953,-0.1237935994814489,0.03268148775681995,2.4462125781708552,-0.04754179599523231,0.012551025499410022,0.9394454950782639,0.3391524895524381,mm,rotation_vector_rad,xyzw,TCP_from_joint_feedback_FK,robot_base,,"{""values"": [-4.726689338684082, 15.889254570007324, 192.70457458496094, -0.1237936019897461, 0.03268148750066757, 2.4462125301361084], ""schema"": ""x_mm,y_mm,z_mm,rotation_vector_rad[3]"", ""frame"": ""policy_stain_relative_xy_base_z"", ""transform"": ""stain_relative_v1"", ""note"": ""existing policy XY transform only; not a full rotated rigid TCP frame""}",,"[431.64789342593497, 381.83674681853125, 192.7045756175953, -0.1237935994814489, 0.03268148775681995, 2.4462125781708552]","{""source_acquisition_stamp"": null, ""calibration"": ""deployed EE2TCP unverified"", ""layout"": ""std_msgs.msg.MultiArrayLayout(dim=[], data_offset=0)""}"
rel_single_90deg_best_20260920T160636_1789887996648993205_r3lvdifh,874,,,1789888005912527302,9524669191150,receipt_only_no_header,,,/ur10skku/currentP,valid,431.4894809335012,382.1089310853174,192.4628042057687,-0.12331721930286192,0.032541632355364926,2.4464543798976193,-0.04735651890134801,0.012496701080591041,0.9394921790960176,0.33905108464221917,mm,rotation_vector_rad,xyzw,TCP_from_joint_feedback_FK,robot_base,,"{""values"": [-4.885106086730957, 16.161409378051758, 192.46279907226562, -0.12331721931695938, 0.032541632652282715, 2.4464542865753174], ""schema"": ""x_mm,y_mm,z_mm,rotation_vector_rad[3]"", ""frame"": ""policy_stain_relative_xy_base_z"", ""transform"": ""stain_relative_v1"", ""note"": ""existing policy XY transform only; not a full rotated rigid TCP frame""}",,"[431.4894809335012, 382.1089310853174, 192.4628042057687, -0.12331721930286192, 0.032541632355364926, 2.4464543798976193]","{""source_acquisition_stamp"": null, ""calibration"": ""deployed EE2TCP unverified"", ""layout"": ""std_msgs.msg.MultiArrayLayout(dim=[], data_offset=0)""}"
rel_single_90deg_best_20260920T160636_1789887996648993205_r3lvdifh,877,,,1789888006007888212,9524764558343,receipt_only_no_header,,,/ur10skku/currentP,valid,430.9650633363481,382.673507819823,191.86068180515662,-0.12185017434148379,0.032601182656482784,2.4471344601975815,-0.04678666955704971,0.012517838143121907,0.9396233691883551,0.33876575292538946,mm,rotation_vector_rad,xyzw,TCP_from_joint_feedback_FK,robot_base,,"{""values"": [-5.409520149230957, 16.726015090942383, 191.86068725585938, -0.12185017764568329, 0.03260118141770363, 2.447134494781494], ""schema"": ""x_mm,y_mm,z_mm,rotation_vector_rad[3]"", ""frame"": ""policy_stain_relative_xy_base_z"", ""transform"": ""stain_relative_v1"", ""note"": ""existing policy XY transform only; not a full rotated rigid TCP frame""}",,"[430.9650633363481, 382.673507819823, 191.86068180515662, -0.12185017434148379, 0.032601182656482784, 2.4471344601975815]","{""source_acquisition_stamp"": null, ""calibration"": ""deployed EE2TCP unverified"", ""layout"": ""std_msgs.msg.MultiArrayLayout(dim=[], data_offset=0)""}"
rel_single_90deg_best_20260920T160636_1789887996648993205_r3lvdifh,879,,,1789888006061843019,9524818509333,receipt_only_no_header,,,/ur10skku/currentP,valid,430.39436673733127,383.37915745505074,191.20431464002775,-0.11978962885648006,0.032384109451785846,2.4479107816370442,-0.045988446286405686,0.01243258612847745,0.9397776299157367,0.3384501439212,mm,rotation_vector_rad,xyzw,TCP_from_joint_feedback_FK,robot_base,,"{""values"": [-5.980198860168457, 17.431642532348633, 191.20431518554688, -0.11978963017463684, 0.03238410875201225, 2.447910785675049], ""schema"": ""x_mm,y_mm,z_mm,rotation_vector_rad[3]"", ""frame"": ""policy_stain_relative_xy_base_z"", ""transform"": ""stain_relative_v1"", ""note"": ""existing policy XY transform only; not a full rotated rigid TCP frame""}",,"[430.39436673733127, 383.37915745505074, 191.20431464002775, -0.11978962885648006, 0.032384109451785846, 2.4479107816370442]","{""source_acquisition_stamp"": null, ""calibration"": ""deployed EE2TCP unverified"", ""layout"": ""std_msgs.msg.MultiArrayLayout(dim=[], data_offset=0)""}"
rel_single_90deg_best_20260920T160636_1789887996648993205_r3lvdifh,881,,,1789888006118479454,9524875144234,receipt_only_no_header,,,/ur10skku/currentP,valid,430.11339096464815,383.6941256145463,190.7836017835724,-0.11888123824033903,0.03243368429617272,2.4483643233695713,-0.04563544281757694,0.012450455319694798,0.9398639493461663,0.3382575191190919,mm,rotation_vector_rad,xyzw,TCP_from_joint_feedback_FK,robot_base,,"{""values"": [-6.261174201965332, 17.746614456176758, 190.78359985351562, -0.1188812404870987, 0.032433684915304184, 2.4483642578125], ""schema"": ""x_mm,y_mm,z_mm,rotation_vector_rad[3]"", ""frame"": ""policy_stain_relative_xy_base_z"", ""transform"": ""stain_relative_v1"", ""note"": ""existing policy XY transform only; not a full rotated rigid TCP frame""}",,"[430.11339096464815, 383.6941256145463, 190.7836017835724, -0.11888123824033903, 0.03243368429617272, 2.4483643233695713]","{""source_acquisition_stamp"": null, ""calibration"": ""deployed EE2TCP unverified"", ""layout"": ""std_msgs.msg.MultiArrayLayout(dim=[], data_offset=0)""}"
rel_single_90deg_best_20260920T160636_1789887996648993205_r3lvdifh,883,,,1789888006174491570,9524931157622,receipt_only_no_header,,,/ur10skku/currentP,valid,429.8522660415764,384.1062159280369,190.4871983767378,-0.11795841408796491,0.0322383232587754,2.4487515889184737,-0.04527768485840892,0.01237450208330052,0.9399397541653709,0.33809770997685745,mm,rotation_vector_rad,xyzw,TCP_from_joint_feedback_FK,robot_base,,"{""values"": [-6.522313117980957, 18.158693313598633, 190.48719787597656, -0.11795841157436371, 0.032238323241472244, 2.44875168800354], ""schema"": ""x_mm,y_mm,z_mm,rotation_vector_rad[3]"", ""frame"": ""policy_stain_relative_xy_base_z"", ""transform"": ""stain_relative_v1"", ""note"": ""existing policy XY transform only; not a full rotated rigid TCP frame""}",,"[429.8522660415764, 384.1062159280369, 190.4871983767378, -0.11795841408796491, 0.0322383232587754, 2.4487515889184737]","{""source_acquisition_stamp"": null, ""calibration"": ""deployed EE2TCP unverified"", ""layout"": ""std_msgs.msg.MultiArrayLayout(dim=[], data_offset=0)""}"
rel_single_90deg_best_20260920T160636_1789887996648993205_r3lvdifh,885,,,1789888006230475352,9524987142677,receipt_only_no_header,,,/ur10skku/currentP,valid,429.5553536334201,384.41981667929554,190.1411778343616,-0.11699433983195871,0.03221211538780548,2.4490964753447035,-0.04490457655367868,0.012363601550854836,0.9400082116999939,0.3379575155220046,mm,rotation_vector_rad,xyzw,TCP_from_joint_feedback_FK,robot_base,,"{""values"": [-6.819218635559082, 18.472322463989258, 190.14117431640625, -0.11699433624744415, 0.032212115824222565, 2.449096441268921], ""schema"": ""x_mm,y_mm,z_mm,rotation_vector_rad[3]"", ""frame"": ""policy_stain_relative_xy_base_z"", ""transform"": ""stain_relative_v1"", ""note"": ""existing policy XY transform only; not a full rotated rigid TCP frame""}",,"[429.5553536334201, 384.41981667929554, 190.1411778343616, -0.11699433983195871, 0.03221211538780548, 2.4490964753447035]","{""source_acquisition_stamp"": null, ""calibration"": ""deployed EE2TCP unverified"", ""layout"": ""std_msgs.msg.MultiArrayLayout(dim=[], data_offset=0)""}"
rel_single_90deg_best_20260920T160636_1789887996648993205_r3lvdifh,887,,,1789888006286516834,9525043185442,receipt_only_no_header,,,/ur10skku/currentP,valid,429.3574651356206,384.78126791717,189.81729008446382,-0.1161786795150797,0.03199748026301553,2.449275371151138,-0.04459011570409159,0.012280836321453095,0.940047456613031,0.33789300370992126,mm,rotation_vector_rad,xyzw,TCP_from_joint_feedback_FK,robot_base,,"{""values"": [-7.017125129699707, 18.833772659301758, 189.81729125976562, -0.11617867648601532, 0.03199747949838638, 2.449275255203247], ""schema"": ""x_mm,y_mm,z_mm,rotation_vector_rad[3]"", ""frame"": ""policy_stain_relative_xy_base_z"", ""transform"": ""stain_relative_v1"", ""note"": ""existing policy XY transform only; not a full rotated rigid TCP frame""}",,"[429.3574651356206, 384.78126791717, 189.81729008446382, -0.1161786795150797, 0.03199748026301553, 2.449275371151138]","{""source_acquisition_stamp"": null, ""calibration"": ""deployed EE2TCP unverified"", ""layout"": ""std_msgs.msg.MultiArrayLayout(dim=[], data_offset=0)""}"
rel_single_90deg_best_20260920T160636_1789887996648993205_r3lvdifh,889,,,1789888006342419249,9525099087126,receipt_only_no_header,,,/ur10skku/currentP,valid,429.0395255130789,385.08676917324226,189.40799791776112,-0.115094078611248,0.03202769846083183,2.4494822093008337,-0.04417226739477041,0.012291996925658346,0.9400933951904911,0.3378196647976544,mm,rotation_vector_rad,xyzw,TCP_from_joint_feedback_FK,robot_base,,"{""values"": [-7.335057258605957, 19.139253616333008, 189.4080047607422, -0.11509408056735992, 0.032027699053287506, 2.4494822025299072], ""schema"": ""x_mm,y_mm,z_mm,rotation_vector_rad[3]"", ""frame"": ""policy_stain_relative_xy_base_z"", ""transform"": ""stain_relative_v1"", ""note"": ""existing policy XY transform only; not a full rotated rigid TCP frame""}",,"[429.0395255130789, 385.08676917324226, 189.40799791776112, -0.115094078611248, 0.03202769846083183, 2.4494822093008337]","{""source_acquisition_stamp"": null, ""calibration"": ""deployed EE2TCP unverified"", ""layout"": ""std_msgs.msg.MultiArrayLayout(dim=[], data_offset=0)""}"
rel_single_90deg_best_20260920T160636_1789887996648993205_r3lvdifh,891,,,1789888006398487754,9525155152815,receipt_only_no_header,,,/ur10skku/currentP,valid,428.8075802321188,385.43978107947686,189.05578697416473,-0.11425862351029098,0.031966541080186546,2.4497252866159887,-0.04384959414912998,0.012267956760317717,0.9401431270113035,0.3377241641684693,mm,rotation_vector_rad,xyzw,TCP_from_joint_feedback_FK,robot_base,,"{""values"": [-7.566990852355957, 19.492280960083008, 189.0557861328125, -0.11425862461328506, 0.03196654096245766, 2.449725389480591], ""schema"": ""x_mm,y_mm,z_mm,rotation_vector_rad[3]"", ""frame"": ""policy_stain_relative_xy_base_z"", ""transform"": ""stain_relative_v1"", ""note"": ""existing policy XY transform only; not a full rotated rigid TCP frame""}",,"[428.8075802321188, 385.43978107947686, 189.05578697416473, -0.11425862351029098, 0.031966541080186546, 2.4497252866159887]","{""source_acquisition_stamp"": null, ""calibration"": ""deployed EE2TCP unverified"", ""layout"": ""std_msgs.msg.MultiArrayLayout(dim=[], data_offset=0)""}"
rel_single_90deg_best_20260920T160636_1789887996648993205_r3lvdifh,893,,,1789888006454447269,9525211114153,receipt_only_no_header,,,/ur10skku/currentP,valid,428.5294746588737,385.83161149541985,188.69575123017813,-0.11324401686059134,0.031830228007199306,2.449924447234319,-0.04345872405380474,0.012215224555637848,0.9401873357786015,0.33765352246675223,mm,rotation_vector_rad,xyzw,TCP_from_joint_feedback_FK,robot_base,,"{""values"": [-7.845097541809082, 19.884096145629883, 188.6957550048828, -0.11324401944875717, 0.03183022886514664, 2.4499244689941406], ""schema"": ""x_mm,y_mm,z_mm,rotation_vector_rad[3]"", ""frame"": ""policy_stain_relative_xy_base_z"", ""transform"": ""stain_relative_v1"", ""note"": ""existing policy XY transform only; not a full rotated rigid TCP frame""}",,"[428.5294746588737, 385.83161149541985, 188.69575123017813, -0.11324401686059134, 0.031830228007199306, 2.449924447234319]","{""source_acquisition_stamp"": null, ""calibration"": ""deployed EE2TCP unverified"", ""layout"": ""std_msgs.msg.MultiArrayLayout(dim=[], data_offset=0)""}"
rel_single_90deg_best_20260920T160636_1789887996648993205_r3lvdifh,895,,,1789888006510396975,9525267062086,receipt_only_no_header,,,/ur10skku/currentP,valid,428.36073329068165,386.1698275348498,188.36835596900823,-0.11244048461171054,0.0316190318923194,2.4500306033874932,-0.04314970546988418,0.012133991756687619,0.9402138321748441,0.33762230220914774,mm,rotation_vector_rad,xyzw,TCP_from_joint_feedback_FK,robot_base,,"{""values"": [-8.013829231262207, 20.222322463989258, 188.3683624267578, -0.11244048178195953, 0.031619030982255936, 2.450030565261841], ""schema"": ""x_mm,y_mm,z_mm,rotation_vector_rad[3]"", ""frame"": ""policy_stain_relative_xy_base_z"", ""transform"": ""stain_relative_v1"", ""note"": ""existing policy XY transform only; not a full rotated rigid TCP frame""}",,"[428.36073329068165, 386.1698275348498, 188.36835596900823, -0.11244048461171054, 0.0316190318923194, 2.4500306033874932]","{""source_acquisition_stamp"": null, ""calibration"": ""deployed EE2TCP unverified"", ""layout"": ""std_msgs.msg.MultiArrayLayout(dim=[], data_offset=0)""}"
rel_single_90deg_best_20260920T160636_1789887996648993205_r3lvdifh,897,,,1789888006566503182,9525323167822,receipt_only_no_header,,,/ur10skku/currentP,valid,428.1168479494241,386.4494413381615,188.01434503157634,-0.1114168927359865,0.03163427926295419,2.4501493880244376,-0.04275619164412332,0.012139643042241495,0.9402439272771808,0.3375883504525613,mm,rotation_vector_rad,xyzw,TCP_from_joint_feedback_FK,robot_base,,"{""values"": [-8.257725715637207, 20.501924514770508, 188.01434326171875, -0.11141689121723175, 0.03163427859544754, 2.4501492977142334], ""schema"": ""x_mm,y_mm,z_mm,rotation_vector_rad[3]"", ""frame"": ""policy_stain_relative_xy_base_z"", ""transform"": ""stain_relative_v1"", ""note"": ""existing policy XY transform only; not a full rotated rigid TCP frame""}",,"[428.1168479494241, 386.4494413381615, 188.01434503157634, -0.1114168927359865, 0.03163427926295419, 2.4501493880244376]","{""source_acquisition_stamp"": null, ""calibration"": ""deployed EE2TCP unverified"", ""layout"": ""std_msgs.msg.MultiArrayLayout(dim=[], data_offset=0)""}"
rel_single_90deg_best_20260920T160636_1789887996648993205_r3lvdifh,899,,,1789888006627174330,9525383840714,receipt_only_no_header,,,/ur10skku/currentP,valid,427.9038809776931,386.80563050163977,187.67890376371764,-0.1104240513592935,0.03154063957550357,2.4502522318074695,-0.04237464114433154,0.012103552324175622,0.9402712340095694,0.33756169851324475,mm,rotation_vector_rad,xyzw,TCP_from_joint_feedback_FK,robot_base,,"{""values"": [-8.470707893371582, 20.858125686645508, 187.6789093017578, -0.11042404919862747, 0.0315406396985054, 2.4502522945404053], ""schema"": ""x_mm,y_mm,z_mm,rotation_vector_rad[3]"", ""frame"": ""policy_stain_relative_xy_base_z"", ""transform"": ""stain_relative_v1"", ""note"": ""existing policy XY transform only; not a full rotated rigid TCP frame""}",,"[427.9038809776931, 386.80563050163977, 187.67890376371764, -0.1104240513592935, 0.03154063957550357, 2.4502522318074695]","{""source_acquisition_stamp"": null, ""calibration"": ""deployed EE2TCP unverified"", ""layout"": ""std_msgs.msg.MultiArrayLayout(dim=[], data_offset=0)""}"
rel_single_90deg_best_20260920T160636_1789887996648993205_r3lvdifh,901,,,1789888006678523567,9525435189179,receipt_only_no_header,,,/ur10skku/currentP,valid,427.63748434965765,387.17957675607994,187.25387450285473,-0.1092683041989424,0.03148451042643742,2.4503368374522094,-0.041930822551809514,0.0120819246669916,0.9402968214488421,0.33754662017219794,mm,rotation_vector_rad,xyzw,TCP_from_joint_feedback_FK,robot_base,,"{""values"": [-8.737095832824707, 21.232057571411133, 187.25387573242188, -0.10926830768585205, 0.031484510749578476, 2.4503369331359863], ""schema"": ""x_mm,y_mm,z_mm,rotation_vector_rad[3]"", ""frame"": ""policy_stain_relative_xy_base_z"", ""transform"": ""stain_relative_v1"", ""note"": ""existing policy XY transform only; not a full rotated rigid TCP frame""}",,"[427.63748434965765, 387.17957675607994, 187.25387450285473, -0.1092683041989424, 0.03148451042643742, 2.4503368374522094]","{""source_acquisition_stamp"": null, ""calibration"": ""deployed EE2TCP unverified"", ""layout"": ""std_msgs.msg.MultiArrayLayout(dim=[], data_offset=0)""}"
rel_single_90deg_best_20260920T160636_1789887996648993205_r3lvdifh,907,,,1789888006734501037,9525491169534,receipt_only_no_header,,,/ur10skku/currentP,valid,427.4134236309527,387.5898740993373,186.89486570094118,-0.1081164261429602,0.03127857693885549,2.45044125300712,-0.041488319002876334,0.012002760582183233,0.940326017326342,0.33752279073256974,mm,rotation_vector_rad,xyzw,TCP_from_joint_feedback_FK,robot_base,,"{""values"": [-8.961155891418457, 21.642366409301758, 186.89486694335938, -0.10811642557382584, 0.0312785767018795, 2.450441360473633], ""schema"": ""x_mm,y_mm,z_mm,rotation_vector_rad[3]"", ""frame"": ""policy_stain_relative_xy_base_z"", ""transform"": ""stain_relative_v1"", ""note"": ""existing policy XY transform only; not a full rotated rigid TCP frame""}",,"[427.4134236309527, 387.5898740993373, 186.89486570094118, -0.1081164261429602, 0.03127857693885549, 2.45044125300712]","{""source_acquisition_stamp"": null, ""calibration"": ""deployed EE2TCP unverified"", ""layout"": ""std_msgs.msg.MultiArrayLayout(dim=[], data_offset=0)""}"
rel_single_90deg_best_20260920T160636_1789887996648993205_r3lvdifh,913,,,1789888006790361311,9525547027634,receipt_only_no_header,,,/ur10skku/currentP,valid,427.1319777734692,387.9179846329678,186.56254716289095,-0.10700353321633313,0.03125941777545408,2.4505607611218942,-0.041060600700009164,0.01199521579159191,0.9403567702769806,0.33748968349049285,mm,rotation_vector_rad,xyzw,TCP_from_joint_feedback_FK,robot_base,,"{""values"": [-9.242588996887207, 21.970491409301758, 186.5625457763672, -0.10700353235006332, 0.03125941753387451, 2.4505608081817627], ""schema"": ""x_mm,y_mm,z_mm,rotation_vector_rad[3]"", ""frame"": ""policy_stain_relative_xy_base_z"", ""transform"": ""stain_relative_v1"", ""note"": ""existing policy XY transform only; not a full rotated rigid TCP frame""}",,"[427.1319777734692, 387.9179846329678, 186.56254716289095, -0.10700353321633313, 0.03125941777545408, 2.4505607611218942]","{""source_acquisition_stamp"": null, ""calibration"": ""deployed EE2TCP unverified"", ""layout"": ""std_msgs.msg.MultiArrayLayout(dim=[], data_offset=0)""}"
rel_single_90deg_best_20260920T160636_1789887996648993205_r3lvdifh,919,,,1789888006846360653,9525603027667,receipt_only_no_header,,,/ur10skku/currentP,valid,426.8949639268489,388.22779563273394,186.16952438394367,-0.10605096437081675,0.03134542622698364,2.4507248611754333,-0.040693920875723474,0.012027880201414862,0.9403931796426473,0.33743147835258697,mm,rotation_vector_rad,xyzw,TCP_from_joint_feedback_FK,robot_base,,"{""values"": [-9.479619026184082, 22.280275344848633, 186.16952514648438, -0.10605096071958542, 0.0313454270362854, 2.4507248401641846], ""schema"": ""x_mm,y_mm,z_mm,rotation_vector_rad[3]"", ""frame"": ""policy_stain_relative_xy_base_z"", ""transform"": ""stain_relative_v1"", ""note"": ""existing policy XY transform only; not a full rotated rigid TCP frame""}",,"[426.8949639268489, 388.22779563273394, 186.16952438394367, -0.10605096437081675, 0.03134542622698364, 2.4507248611754333]","{""source_acquisition_stamp"": null, ""calibration"": ""deployed EE2TCP unverified"", ""layout"": ""std_msgs.msg.MultiArrayLayout(dim=[], data_offset=0)""}"
rel_single_90deg_best_20260920T160636_1789887996648993205_r3lvdifh,925,,,1789888006902345056,9525659008544,receipt_only_no_header,,,/ur10skku/currentP,valid,426.6316086153831,388.5063411620447,185.7151174142055,-0.1049708565129634,0.03154058173149441,2.450859107689196,-0.04027863197442567,0.012102516127085875,0.9404253266009248,0.3373890424972426,mm,rotation_vector_rad,xyzw,TCP_from_joint_feedback_FK,robot_base,,"{""values"": [-9.742955207824707, 22.558839797973633, 185.71511840820312, -0.10497085750102997, 0.031540580093860626, 2.4508590698242188], ""schema"": ""x_mm,y_mm,z_mm,rotation_vector_rad[3]"", ""frame"": ""policy_stain_relative_xy_base_z"", ""transform"": ""stain_relative_v1"", ""note"": ""existing policy XY transform only; not a full rotated rigid TCP frame""}",,"[426.6316086153831, 388.5063411620447, 185.7151174142055, -0.1049708565129634, 0.03154058173149441, 2.450859107689196]","{""source_acquisition_stamp"": null, ""calibration"": ""deployed EE2TCP unverified"", ""layout"": ""std_msgs.msg.MultiArrayLayout(dim=[], data_offset=0)""}"
rel_single_90deg_best_20260920T160636_1789887996648993205_r3lvdifh,931,,,1789888006958194530,9525714857907,receipt_only_no_header,,,/ur10skku/currentP,valid,426.3711625096178,388.81873232026913,185.33279078489437,-0.10385171895953142,0.03155861876458135,2.450966379326136,-0.03984866086759726,0.012109271846425946,0.9404536489733865,0.3373609104431795,mm,rotation_vector_rad,xyzw,TCP_from_joint_feedback_FK,robot_base,,"{""values"": [-10.003422737121582, 22.871217727661133, 185.33279418945312, -0.10385172069072723, 0.03155861794948578, 2.4509663581848145], ""schema"": ""x_mm,y_mm,z_mm,rotation_vector_rad[3]"", ""frame"": ""policy_stain_relative_xy_base_z"", ""transform"": ""stain_relative_v1"", ""note"": ""existing policy XY transform only; not a full rotated rigid TCP frame""}",,"[426.3711625096178, 388.81873232026913, 185.33279078489437, -0.10385171895953142, 0.03155861876458135, 2.450966379326136]","{""source_acquisition_stamp"": null, ""calibration"": ""deployed EE2TCP unverified"", ""layout"": ""std_msgs.msg.MultiArrayLayout(dim=[], data_offset=0)""}"
rel_single_90deg_best_20260920T160636_1789887996648993205_r3lvdifh,933,,,1789888007014343318,9525771012266,receipt_only_no_header,,,/ur10skku/currentP,valid,426.1136561419852,389.1686623819381,184.9640022125604,-0.10269486135596481,0.03151149704287196,2.4511083520437986,-0.03940393330290715,0.012090935333639872,0.940488245924514,0.33731735591405426,mm,rotation_vector_rad,xyzw,TCP_from_joint_feedback_FK,robot_base,,"{""values"": [-10.260930061340332, 23.221162796020508, 184.96400451660156, -0.10269486159086227, 0.031511496752500534, 2.451108455657959], ""schema"": ""x_mm,y_mm,z_mm,rotation_vector_rad[3]"", ""frame"": ""policy_stain_relative_xy_base_z"", ""transform"": ""stain_relative_v1"", ""note"": ""existing policy XY transform only; not a full rotated rigid TCP frame""}",,"[426.1136561419852, 389.1686623819381, 184.9640022125604, -0.10269486135596481, 0.03151149704287196, 2.4511083520437986]","{""source_acquisition_stamp"": null, ""calibration"": ""deployed EE2TCP unverified"", ""layout"": ""std_msgs.msg.MultiArrayLayout(dim=[], data_offset=0)""}"
rel_single_90deg_best_20260920T160636_1789887996648993205_r3lvdifh,939,,,1789888007070308764,9525826976891,receipt_only_no_header,,,/ur10skku/currentP,valid,425.87623571574903,389.56362628365235,184.62370907869786,-0.10160537036320781,0.031197559068247737,2.451181926207997,-0.03898568160737946,0.011970411607323246,0.9405112918274597,0.337305997308975,mm,rotation_vector_rad,xyzw,TCP_from_joint_feedback_FK,robot_base,,"{""values"": [-10.498356819152832, 23.616121292114258, 184.6237030029297, -0.1016053706407547, 0.03119755908846855, 2.4511818885803223], ""schema"": ""x_mm,y_mm,z_mm,rotation_vector_rad[3]"", ""frame"": ""policy_stain_relative_xy_base_z"", ""transform"": ""stain_relative_v1"", ""note"": ""existing policy XY transform only; not a full rotated rigid TCP frame""}",,"[425.87623571574903, 389.56362628365235, 184.62370907869786, -0.10160537036320781, 0.031197559068247737, 2.451181926207997]","{""source_acquisition_stamp"": null, ""calibration"": ""deployed EE2TCP unverified"", ""layout"": ""std_msgs.msg.MultiArrayLayout(dim=[], data_offset=0)""}"
rel_single_90deg_best_20260920T160636_1789887996648993205_r3lvdifh,945,,,1789888007127373401,9525884043862,receipt_only_no_header,,,/ur10skku/currentP,valid,425.71300536490384,389.8329375122792,184.27932388380543,-0.10073065328568372,0.031144589964209688,2.4512666349123977,-0.03864963243173833,0.011949956791603473,0.9405335053556455,0.3372834560855189,mm,rotation_vector_rad,xyzw,TCP_from_joint_feedback_FK,robot_base,,"{""values"": [-10.661564826965332, 23.885438919067383, 184.27932739257812, -0.10073065012693405, 0.03114458918571472, 2.4512665271759033], ""schema"": ""x_mm,y_mm,z_mm,rotation_vector_rad[3]"", ""frame"": ""policy_stain_relative_xy_base_z"", ""transform"": ""stain_relative_v1"", ""note"": ""existing policy XY transform only; not a full rotated rigid TCP frame""}",,"[425.71300536490384, 389.8329375122792, 184.27932388380543, -0.10073065328568372, 0.031144589964209688, 2.4512666349123977]","{""source_acquisition_stamp"": null, ""calibration"": ""deployed EE2TCP unverified"", ""layout"": ""std_msgs.msg.MultiArrayLayout(dim=[], data_offset=0)""}"
rel_single_90deg_best_20260920T160636_1789887996648993205_r3lvdifh,951,,,1789888007183680613,9525940345243,receipt_only_no_header,,,/ur10skku/currentP,valid,425.3951740037642,390.23708676704126,183.81269782088577,-0.09943803371356842,0.03118444444715696,2.4514971455741836,-0.03815211140186445,0.011964761913738872,0.9405836851994864,0.3371996322721615,mm,rotation_vector_rad,xyzw,TCP_from_joint_feedback_FK,robot_base,,"{""values"": [-10.979405403137207, 24.289583206176758, 183.8126983642578, -0.09943803399801254, 0.031184444203972816, 2.4514970779418945], ""schema"": ""x_mm,y_mm,z_mm,rotation_vector_rad[3]"", ""frame"": ""policy_stain_relative_xy_base_z"", ""transform"": ""stain_relative_v1"", ""note"": ""existing policy XY transform only; not a full rotated rigid TCP frame""}",,"[425.3951740037642, 390.23708676704126, 183.81269782088577, -0.09943803371356842, 0.03118444444715696, 2.4514971455741836]","{""source_acquisition_stamp"": null, ""calibration"": ""deployed EE2TCP unverified"", ""layout"": ""std_msgs.msg.MultiArrayLayout(dim=[], data_offset=0)""}"
rel_single_90deg_best_20260920T160636_1789887996648993205_r3lvdifh,957,,,1789888007238210144,9525994873471,receipt_only_no_header,,,/ur10skku/currentP,valid,425.22193543121773,390.58202871316723,183.45340855305568,-0.09855266295296172,0.031106883796253128,2.451593119112707,-0.03781190352262712,0.011934842283814195,0.9406077899779407,0.3371717736176478,mm,rotation_vector_rad,xyzw,TCP_from_joint_feedback_FK,robot_base,,"{""values"": [-11.152653694152832, 24.634523391723633, 183.4534149169922, -0.09855266660451889, 0.03110688365995884, 2.4515931606292725], ""schema"": ""x_mm,y_mm,z_mm,rotation_vector_rad[3]"", ""frame"": ""policy_stain_relative_xy_base_z"", ""transform"": ""stain_relative_v1"", ""note"": ""existing policy XY transform only; not a full rotated rigid TCP frame""}",,"[425.22193543121773, 390.58202871316723, 183.45340855305568, -0.09855266295296172, 0.031106883796253128, 2.451593119112707]","{""source_acquisition_stamp"": null, ""calibration"": ""deployed EE2TCP unverified"", ""layout"": ""std_msgs.msg.MultiArrayLayout(dim=[], data_offset=0)""}"
rel_single_90deg_best_20260920T160636_1789887996648993205_r3lvdifh,963,,,1789888007294164148,9526050827636,receipt_only_no_header,,,/ur10skku/currentP,valid,424.9589640025192,390.8341990639254,183.06698404792814,-0.09741169265495361,0.031265954268479446,2.4516409771999577,-0.037374108571063755,0.011995861457281045,0.9406252325755122,0.3371697601486225,mm,rotation_vector_rad,xyzw,TCP_from_joint_feedback_FK,robot_base,,"{""values"": [-11.415623664855957, 24.886690139770508, 183.06698608398438, -0.09741169214248657, 0.03126595541834831, 2.451641082763672], ""schema"": ""x_mm,y_mm,z_mm,rotation_vector_rad[3]"", ""frame"": ""policy_stain_relative_xy_base_z"", ""transform"": ""stain_relative_v1"", ""note"": ""existing policy XY transform only; not a full rotated rigid TCP frame""}",,"[424.9589640025192, 390.8341990639254, 183.06698404792814, -0.09741169265495361, 0.031265954268479446, 2.4516409771999577]","{""source_acquisition_stamp"": null, ""calibration"": ""deployed EE2TCP unverified"", ""layout"": ""std_msgs.msg.MultiArrayLayout(dim=[], data_offset=0)""}"
rel_single_90deg_best_20260920T160636_1789887996648993205_r3lvdifh,968,,,1789888007362013654,9526118678074,receipt_only_no_header,,,/ur10skku/currentP,valid,424.72188065827663,391.1922077365002,182.68695033198048,-0.09625043785500621,0.031124640771637204,2.451742458774718,-0.036928114303879316,0.01194149676299285,0.9406526118633943,0.3371444480094452,mm,rotation_vector_rad,xyzw,TCP_from_joint_feedback_FK,robot_base,,"{""values"": [-11.652684211730957, 25.244691848754883, 182.68695068359375, -0.09625043720006943, 0.031124640256166458, 2.45174241065979], ""schema"": ""x_mm,y_mm,z_mm,rotation_vector_rad[3]"", ""frame"": ""policy_stain_relative_xy_base_z"", ""transform"": ""stain_relative_v1"", ""note"": ""existing policy XY transform only; not a full rotated rigid TCP frame""}",,"[424.72188065827663, 391.1922077365002, 182.68695033198048, -0.09625043785500621, 0.031124640771637204, 2.451742458774718]","{""source_acquisition_stamp"": null, ""calibration"": ""deployed EE2TCP unverified"", ""layout"": ""std_msgs.msg.MultiArrayLayout(dim=[], data_offset=0)""}"
rel_single_90deg_best_20260920T160636_1789887996648993205_r3lvdifh,971,,,1789888007414552564,9526171223025,receipt_only_no_header,,,/ur10skku/currentP,valid,424.43439947933246,391.6172587224746,182.2336803307079,-0.09480780457237309,0.030955595013326963,2.451767019815799,-0.036374904127563265,0.011876731097194514,0.9406692907949582,0.3371603401402157,mm,rotation_vector_rad,xyzw,TCP_from_joint_feedback_FK,robot_base,,"{""values"": [-11.940190315246582, 25.669740676879883, 182.23367309570312, -0.09480780363082886, 0.030955595895648003, 2.4517669677734375], ""schema"": ""x_mm,y_mm,z_mm,rotation_vector_rad[3]"", ""frame"": ""policy_stain_relative_xy_base_z"", ""transform"": ""stain_relative_v1"", ""note"": ""existing policy XY transform only; not a full rotated rigid TCP frame""}",,"[424.43439947933246, 391.6172587224746, 182.2336803307079, -0.09480780457237309, 0.030955595013326963, 2.451767019815799]","{""source_acquisition_stamp"": null, ""calibration"": ""deployed EE2TCP unverified"", ""layout"": ""std_msgs.msg.MultiArrayLayout(dim=[], data_offset=0)""}"
rel_single_90deg_best_20260920T160636_1789887996648993205_r3lvdifh,977,,,1789888007470229106,9526226894217,receipt_only_no_header,,,/ur10skku/currentP,valid,424.1878733287985,391.87221475373536,181.77320962027363,-0.09371675085211185,0.03121561088047263,2.451825720856537,-0.03595613503883582,0.011976436548778772,0.9406875068676372,0.3371509094512589,mm,rotation_vector_rad,xyzw,TCP_from_joint_feedback_FK,robot_base,,"{""values"": [-12.186711311340332, 25.924715042114258, 181.77320861816406, -0.09371674805879593, 0.03121560998260975, 2.4518256187438965], ""schema"": ""x_mm,y_mm,z_mm,rotation_vector_rad[3]"", ""frame"": ""policy_stain_relative_xy_base_z"", ""transform"": ""stain_relative_v1"", ""note"": ""existing policy XY transform only; not a full rotated rigid TCP frame""}",,"[424.1878733287985, 391.87221475373536, 181.77320962027363, -0.09371675085211185, 0.03121561088047263, 2.451825720856537]","{""source_acquisition_stamp"": null, ""calibration"": ""deployed EE2TCP unverified"", ""layout"": ""std_msgs.msg.MultiArrayLayout(dim=[], data_offset=0)""}"
rel_single_90deg_best_20260920T160636_1789887996648993205_r3lvdifh,983,,,1789888007526205112,9526282871686,receipt_only_no_header,,,/ur10skku/currentP,valid,423.9295403874603,392.2075818211971,181.31749281935112,-0.09245806197056394,0.03143871214787194,2.4519473311956443,-0.035472595252914435,0.0120618222740749,0.9407176984594146,0.3371148457642789,mm,rotation_vector_rad,xyzw,TCP_from_joint_feedback_FK,robot_base,,"{""values"": [-12.445042610168457, 26.260072708129883, 181.31748962402344, -0.09245806187391281, 0.031438712030649185, 2.4519472122192383], ""schema"": ""x_mm,y_mm,z_mm,rotation_vector_rad[3]"", ""frame"": ""policy_stain_relative_xy_base_z"", ""transform"": ""stain_relative_v1"", ""note"": ""existing policy XY transform only; not a full rotated rigid TCP frame""}",,"[423.9295403874603, 392.2075818211971, 181.31749281935112, -0.09245806197056394, 0.03143871214787194, 2.4519473311956443]","{""source_acquisition_stamp"": null, ""calibration"": ""deployed EE2TCP unverified"", ""layout"": ""std_msgs.msg.MultiArrayLayout(dim=[], data_offset=0)""}"
rel_single_90deg_best_20260920T160636_1789887996648993205_r3lvdifh,989,,,1789888007594520883,9526351185764,receipt_only_no_header,,,/ur10skku/currentP,valid,423.72499201974733,392.56184692708035,180.89852390324427,-0.09118051606124988,0.03132709561884803,2.452097580557474,-0.034981643624022195,0.012018722223266025,0.9407536543965989,0.33706734737278615,mm,rotation_vector_rad,xyzw,TCP_from_joint_feedback_FK,robot_base,,"{""values"": [-12.649571418762207, 26.614351272583008, 180.89852905273438, -0.09118051826953888, 0.03132709488272667, 2.4520976543426514], ""schema"": ""x_mm,y_mm,z_mm,rotation_vector_rad[3]"", ""frame"": ""policy_stain_relative_xy_base_z"", ""transform"": ""stain_relative_v1"", ""note"": ""existing policy XY transform only; not a full rotated rigid TCP frame""}",,"[423.72499201974733, 392.56184692708035, 180.89852390324427, -0.09118051606124988, 0.03132709561884803, 2.452097580557474]","{""source_acquisition_stamp"": null, ""calibration"": ""deployed EE2TCP unverified"", ""layout"": ""std_msgs.msg.MultiArrayLayout(dim=[], data_offset=0)""}"
rel_single_90deg_best_20260920T160636_1789887996648993205_r3lvdifh,995,,,1789888007646218729,9526402886976,receipt_only_no_header,,,/ur10skku/currentP,valid,423.50576756187144,392.9800599009761,180.38487241711965,-0.08986717773243105,0.031249657340676334,2.4522378173732,-0.034477063435608885,0.01198876437049531,0.9407879597654724,0.33702465249006,mm,rotation_vector_rad,xyzw,TCP_from_joint_feedback_FK,robot_base,,"{""values"": [-12.868809700012207, 27.032564163208008, 180.38487243652344, -0.08986717462539673, 0.03124965727329254, 2.452237844467163], ""schema"": ""x_mm,y_mm,z_mm,rotation_vector_rad[3]"", ""frame"": ""policy_stain_relative_xy_base_z"", ""transform"": ""stain_relative_v1"", ""note"": ""existing policy XY transform only; not a full rotated rigid TCP frame""}",,"[423.50576756187144, 392.9800599009761, 180.38487241711965, -0.08986717773243105, 0.031249657340676334, 2.4522378173732]","{""source_acquisition_stamp"": null, ""calibration"": ""deployed EE2TCP unverified"", ""layout"": ""std_msgs.msg.MultiArrayLayout(dim=[], data_offset=0)""}"
rel_single_90deg_best_20260920T160636_1789887996648993205_r3lvdifh,1001,,,1789888007702256936,9526458920564,receipt_only_no_header,,,/ur10skku/currentP,valid,423.30936359926613,393.2441501653961,179.96204377349892,-0.08864060676883716,0.03143875427910519,2.4522722533789185,-0.03400655651508846,0.012061331856002538,0.940802844371228,0.3370283169273055,mm,rotation_vector_rad,xyzw,TCP_from_joint_feedback_FK,robot_base,,"{""values"": [-13.065220832824707, 27.296632766723633, 179.96205139160156, -0.08864060789346695, 0.03143875300884247, 2.4522721767425537], ""schema"": ""x_mm,y_mm,z_mm,rotation_vector_rad[3]"", ""frame"": ""policy_stain_relative_xy_base_z"", ""transform"": ""stain_relative_v1"", ""note"": ""existing policy XY transform only; not a full rotated rigid TCP frame""}",,"[423.30936359926613, 393.2441501653961, 179.96204377349892, -0.08864060676883716, 0.03143875427910519, 2.4522722533789185]","{""source_acquisition_stamp"": null, ""calibration"": ""deployed EE2TCP unverified"", ""layout"": ""std_msgs.msg.MultiArrayLayout(dim=[], data_offset=0)""}"
rel_single_90deg_best_20260920T160636_1789887996648993205_r3lvdifh,1007,,,1789888007758306844,9526514970572,receipt_only_no_header,,,/ur10skku/currentP,valid,423.23974426474035,393.5843062936768,179.5809063623418,-0.0875220572015633,0.0314010742550256,2.4522986415660593,-0.0335775395873882,0.012046915344510497,0.940816033695925,0.3370350299399273,mm,rotation_vector_rad,xyzw,TCP_from_joint_feedback_FK,robot_base,,"{""values"": [-13.134831428527832, 27.636812210083008, 179.58090209960938, -0.08752205967903137, 0.031401075422763824, 2.452298641204834], ""schema"": ""x_mm,y_mm,z_mm,rotation_vector_rad[3]"", ""frame"": ""policy_stain_relative_xy_base_z"", ""transform"": ""stain_relative_v1"", ""note"": ""existing policy XY transform only; not a full rotated rigid TCP frame""}",,"[423.23974426474035, 393.5843062936768, 179.5809063623418, -0.0875220572015633, 0.0314010742550256, 2.4522986415660593]","{""source_acquisition_stamp"": null, ""calibration"": ""deployed EE2TCP unverified"", ""layout"": ""std_msgs.msg.MultiArrayLayout(dim=[], data_offset=0)""}"
rel_single_90deg_best_20260920T160636_1789887996648993205_r3lvdifh,1009,,,1789888007814205973,9526570871033,receipt_only_no_header,,,/ur10skku/currentP,valid,423.1045340676143,393.80732294926435,179.12872125241825,-0.08613640812906066,0.03167916271837729,2.4523008910407005,-0.03304626627159725,0.01215372302132897,0.9408261846951236,0.33705536858837415,mm,rotation_vector_rad,xyzw,TCP_from_joint_feedback_FK,robot_base,,"{""values"": [-13.270054817199707, 27.859804153442383, 179.12872314453125, -0.08613640815019608, 0.03167916089296341, 2.452300786972046], ""schema"": ""x_mm,y_mm,z_mm,rotation_vector_rad[3]"", ""frame"": ""policy_stain_relative_xy_base_z"", ""transform"": ""stain_relative_v1"", ""note"": ""existing policy XY transform only; not a full rotated rigid TCP frame""}",,"[423.1045340676143, 393.80732294926435, 179.12872125241825, -0.08613640812906066, 0.03167916271837729, 2.4523008910407005]","{""source_acquisition_stamp"": null, ""calibration"": ""deployed EE2TCP unverified"", ""layout"": ""std_msgs.msg.MultiArrayLayout(dim=[], data_offset=0)""}"
rel_single_90deg_best_20260920T160636_1789887996648993205_r3lvdifh,1015,,,1789888007870252254,9526626919289,receipt_only_no_header,,,/ur10skku/currentP,valid,422.9983457963212,394.0747308642789,178.66556356924667,-0.08479136451981052,0.03176854386387997,2.4521902462613054,-0.03253140119366108,0.01218844927932301,0.9408173244537302,0.33712892437206676,mm,rotation_vector_rad,xyzw,TCP_from_joint_feedback_FK,robot_base,,"{""values"": [-13.376225471496582, 28.127229690551758, 178.66555786132812, -0.08479136228561401, 0.031768545508384705, 2.4521901607513428], ""schema"": ""x_mm,y_mm,z_mm,rotation_vector_rad[3]"", ""frame"": ""policy_stain_relative_xy_base_z"", ""transform"": ""stain_relative_v1"", ""note"": ""existing policy XY transform only; not a full rotated rigid TCP frame""}",,"[422.9983457963212, 394.0747308642789, 178.66556356924667, -0.08479136451981052, 0.03176854386387997, 2.4521902462613054]","{""source_acquisition_stamp"": null, ""calibration"": ""deployed EE2TCP unverified"", ""layout"": ""std_msgs.msg.MultiArrayLayout(dim=[], data_offset=0)""}"
rel_single_90deg_best_20260920T160636_1789887996648993205_r3lvdifh,1021,,,1789888007928109462,9526684776657,receipt_only_no_header,,,/ur10skku/currentP,valid,422.8331048373434,394.27796221969896,178.302867610335,-0.08365701089672926,0.031949581746629374,2.452040113752478,-0.03209755890822976,0.012258429642814702,0.940799834381719,0.33721676892194263,mm,rotation_vector_rad,xyzw,TCP_from_joint_feedback_FK,robot_base,,"{""values"": [-13.541478157043457, 28.330446243286133, 178.30287170410156, -0.08365701138973236, 0.03194958344101906, 2.452040195465088], ""schema"": ""x_mm,y_mm,z_mm,rotation_vector_rad[3]"", ""frame"": ""policy_stain_relative_xy_base_z"", ""transform"": ""stain_relative_v1"", ""note"": ""existing policy XY transform only; not a full rotated rigid TCP frame""}",,"[422.8331048373434, 394.27796221969896, 178.302867610335, -0.08365701089672926, 0.031949581746629374, 2.452040113752478]","{""source_acquisition_stamp"": null, ""calibration"": ""deployed EE2TCP unverified"", ""layout"": ""std_msgs.msg.MultiArrayLayout(dim=[], data_offset=0)""}"
rel_single_90deg_best_20260920T160636_1789887996648993205_r3lvdifh,1027,,,1789888007983575630,9526740241933,receipt_only_no_header,,,/ur10skku/currentP,valid,422.60522694342336,394.61320967908625,177.76898308209957,-0.08209150221351777,0.031931780405203336,2.451847725341015,-0.031498669380326895,0.012252286370550508,0.9407787504064695,0.3373322666001645,mm,rotation_vector_rad,xyzw,TCP_from_joint_feedback_FK,robot_base,,"{""values"": [-13.769352912902832, 28.665712356567383, 177.76898193359375, -0.08209150284528732, 0.03193178027868271, 2.451847791671753], ""schema"": ""x_mm,y_mm,z_mm,rotation_vector_rad[3]"", ""frame"": ""policy_stain_relative_xy_base_z"", ""transform"": ""stain_relative_v1"", ""note"": ""existing policy XY transform only; not a full rotated rigid TCP frame""}",,"[422.60522694342336, 394.61320967908625, 177.76898308209957, -0.08209150221351777, 0.031931780405203336, 2.451847725341015]","{""source_acquisition_stamp"": null, ""calibration"": ""deployed EE2TCP unverified"", ""layout"": ""std_msgs.msg.MultiArrayLayout(dim=[], data_offset=0)""}"
rel_single_90deg_best_20260920T160636_1789887996648993205_r3lvdifh,1033,,,1789888008038364017,9526795027415,receipt_only_no_header,,,/ur10skku/currentP,valid,422.4322701041091,394.8333754578903,177.31281173568385,-0.08084118862725878,0.03214092225183551,2.4516269252972323,-0.031020759865620706,0.01233326535599187,0.940749776458529,0.337454383756154,mm,rotation_vector_rad,xyzw,TCP_from_joint_feedback_FK,robot_base,,"{""values"": [-13.942296028137207, 28.885866165161133, 177.31280517578125, -0.08084119111299515, 0.03214092180132866, 2.451627016067505], ""schema"": ""x_mm,y_mm,z_mm,rotation_vector_rad[3]"", ""frame"": ""policy_stain_relative_xy_base_z"", ""transform"": ""stain_relative_v1"", ""note"": ""existing policy XY transform only; not a full rotated rigid TCP frame""}",,"[422.4322701041091, 394.8333754578903, 177.31281173568385, -0.08084118862725878, 0.03214092225183551, 2.4516269252972323]","{""source_acquisition_stamp"": null, ""calibration"": ""deployed EE2TCP unverified"", ""layout"": ""std_msgs.msg.MultiArrayLayout(dim=[], data_offset=0)""}"
rel_single_90deg_best_20260920T160636_1789887996648993205_r3lvdifh,1039,,,1789888008094287984,9526850953596,receipt_only_no_header,,,/ur10skku/currentP,valid,422.2242027778947,395.188072873613,176.9153493832115,-0.07940760921338853,0.031977595934270166,2.451404028892547,-0.03047255096166754,0.012271354488460846,0.9407226201373957,0.33758227065226626,mm,rotation_vector_rad,xyzw,TCP_from_joint_feedback_FK,robot_base,,"{""values"": [-14.150364875793457, 29.240571975708008, 176.91534423828125, -0.07940760999917984, 0.03197759762406349, 2.451404094696045], ""schema"": ""x_mm,y_mm,z_mm,rotation_vector_rad[3]"", ""frame"": ""policy_stain_relative_xy_base_z"", ""transform"": ""stain_relative_v1"", ""note"": ""existing policy XY transform only; not a full rotated rigid TCP frame""}",,"[422.2242027778947, 395.188072873613, 176.9153493832115, -0.07940760921338853, 0.031977595934270166, 2.451404028892547]","{""source_acquisition_stamp"": null, ""calibration"": ""deployed EE2TCP unverified"", ""layout"": ""std_msgs.msg.MultiArrayLayout(dim=[], data_offset=0)""}"
rel_single_90deg_best_20260920T160636_1789887996648993205_r3lvdifh,1044,,,1789888008161929420,9526918592798,receipt_only_no_header,,,/ur10skku/currentP,valid,422.0037650348557,395.4581835458674,176.49582623560082,-0.07808820818673101,0.032255359581716055,2.4513159869620753,-0.02996709988921313,0.012378304035820102,0.9407160536409892,0.33764190636760494,mm,rotation_vector_rad,xyzw,TCP_from_joint_feedback_FK,robot_base,,"{""values"": [-14.370823860168457, 29.510683059692383, 176.49581909179688, -0.07808820903301239, 0.03225535899400711, 2.4513158798217773], ""schema"": ""x_mm,y_mm,z_mm,rotation_vector_rad[3]"", ""frame"": ""policy_stain_relative_xy_base_z"", ""transform"": ""stain_relative_v1"", ""note"": ""existing policy XY transform only; not a full rotated rigid TCP frame""}",,"[422.0037650348557, 395.4581835458674, 176.49582623560082, -0.07808820818673101, 0.032255359581716055, 2.4513159869620753]","{""source_acquisition_stamp"": null, ""calibration"": ""deployed EE2TCP unverified"", ""layout"": ""std_msgs.msg.MultiArrayLayout(dim=[], data_offset=0)""}"
rel_single_90deg_best_20260920T160636_1789887996648993205_r3lvdifh,1047,,,1789888008214233790,9526970900474,receipt_only_no_header,,,/ur10skku/currentP,valid,421.7170275326345,395.78250465005004,175.97036282972306,-0.07642143632682749,0.032639194398330726,2.451127857573013,-0.0293290368573362,0.01252627772407301,0.9406944272724426,0.33775271199795254,mm,rotation_vector_rad,xyzw,TCP_from_joint_feedback_FK,robot_base,,"{""values"": [-14.657536506652832, 29.834993362426758, 175.97036743164062, -0.07642143964767456, 0.032639194279909134, 2.451127767562866], ""schema"": ""x_mm,y_mm,z_mm,rotation_vector_rad[3]"", ""frame"": ""policy_stain_relative_xy_base_z"", ""transform"": ""stain_relative_v1"", ""note"": ""existing policy XY transform only; not a full rotated rigid TCP frame""}",,"[421.7170275326345, 395.78250465005004, 175.97036282972306, -0.07642143632682749, 0.032639194398330726, 2.451127857573013]","{""source_acquisition_stamp"": null, ""calibration"": ""deployed EE2TCP unverified"", ""layout"": ""std_msgs.msg.MultiArrayLayout(dim=[], data_offset=0)""}"
rel_single_90deg_best_20260920T160636_1789887996648993205_r3lvdifh,1056,,,1789888008270510263,9527027175064,receipt_only_no_header,,,/ur10skku/currentP,valid,421.5990005040195,396.04075880347995,175.56910523458555,-0.07500891657053675,0.03273720229747121,2.4507498408191557,-0.028789700759741445,0.012565096270508256,0.9406395636686449,0.33795041462785436,mm,rotation_vector_rad,xyzw,TCP_from_joint_feedback_FK,robot_base,,"{""values"": [-14.775578498840332, 30.093263626098633, 175.56910705566406, -0.07500891387462616, 0.03273720294237137, 2.4507498741149902], ""schema"": ""x_mm,y_mm,z_mm,rotation_vector_rad[3]"", ""frame"": ""policy_stain_relative_xy_base_z"", ""transform"": ""stain_relative_v1"", ""note"": ""existing policy XY transform only; not a full rotated rigid TCP frame""}",,"[421.5990005040195, 396.04075880347995, 175.56910523458555, -0.07500891657053675, 0.03273720229747121, 2.4507498408191557]","{""source_acquisition_stamp"": null, ""calibration"": ""deployed EE2TCP unverified"", ""layout"": ""std_msgs.msg.MultiArrayLayout(dim=[], data_offset=0)""}"
rel_single_90deg_best_20260920T160636_1789887996648993205_r3lvdifh,1065,,,1789888008326503473,9527083166961,receipt_only_no_header,,,/ur10skku/currentP,valid,421.5054385476291,396.2229063316021,175.144046698929,-0.07345529231069975,0.03303291307598495,2.4503888073101034,-0.0281959925859463,0.012679764015410636,0.9405877026717301,0.33814047845433093,mm,rotation_vector_rad,xyzw,TCP_from_joint_feedback_FK,robot_base,,"{""values"": [-14.869145393371582, 30.275392532348633, 175.14404296875, -0.07345528900623322, 0.03303291276097298, 2.4503889083862305], ""schema"": ""x_mm,y_mm,z_mm,rotation_vector_rad[3]"", ""frame"": ""policy_stain_relative_xy_base_z"", ""transform"": ""stain_relative_v1"", ""note"": ""existing policy XY transform only; not a full rotated rigid TCP frame""}",,"[421.5054385476291, 396.2229063316021, 175.144046698929, -0.07345529231069975, 0.03303291307598495, 2.4503888073101034]","{""source_acquisition_stamp"": null, ""calibration"": ""deployed EE2TCP unverified"", ""layout"": ""std_msgs.msg.MultiArrayLayout(dim=[], data_offset=0)""}"
rel_single_90deg_best_20260920T160636_1789887996648993205_r3lvdifh,1071,,,1789888008383927459,9527140592830,receipt_only_no_header,,,/ur10skku/currentP,valid,421.36673403093164,396.4340645696692,174.8195956304417,-0.07199696361748192,0.033242498966226434,2.450190939687319,-0.027637711858481767,0.012760907706687771,0.9405628763613297,0.33825255613022437,mm,rotation_vector_rad,xyzw,TCP_from_joint_feedback_FK,robot_base,,"{""values"": [-15.007847785949707, 30.486543655395508, 174.81959533691406, -0.07199696451425552, 0.033242497593164444, 2.450191020965576], ""schema"": ""x_mm,y_mm,z_mm,rotation_vector_rad[3]"", ""frame"": ""policy_stain_relative_xy_base_z"", ""transform"": ""stain_relative_v1"", ""note"": ""existing policy XY transform only; not a full rotated rigid TCP frame""}",,"[421.36673403093164, 396.4340645696692, 174.8195956304417, -0.07199696361748192, 0.033242498966226434, 2.450190939687319]","{""source_acquisition_stamp"": null, ""calibration"": ""deployed EE2TCP unverified"", ""layout"": ""std_msgs.msg.MultiArrayLayout(dim=[], data_offset=0)""}"
rel_single_90deg_best_20260920T160636_1789887996648993205_r3lvdifh,1077,,,1789888008438737387,9527195404943,receipt_only_no_header,,,/ur10skku/currentP,valid,421.06270557864343,396.63703016719256,174.4464982962943,-0.07037475536631453,0.03364773490651059,2.4502844082583626,-0.02701466981992143,0.012916314152087561,0.9405876284677697,0.33822816206907186,mm,rotation_vector_rad,xyzw,TCP_from_joint_feedback_FK,robot_base,,"{""values"": [-15.311863899230957, 30.689516067504883, 174.44650268554688, -0.0703747570514679, 0.03364773467183113, 2.450284481048584], ""schema"": ""x_mm,y_mm,z_mm,rotation_vector_rad[3]"", ""frame"": ""policy_stain_relative_xy_base_z"", ""transform"": ""stain_relative_v1"", ""note"": ""existing policy XY transform only; not a full rotated rigid TCP frame""}",,"[421.06270557864343, 396.63703016719256, 174.4464982962943, -0.07037475536631453, 0.03364773490651059, 2.4502844082583626]","{""source_acquisition_stamp"": null, ""calibration"": ""deployed EE2TCP unverified"", ""layout"": ""std_msgs.msg.MultiArrayLayout(dim=[], data_offset=0)""}"
rel_single_90deg_best_20260920T160636_1789887996648993205_r3lvdifh,1083,,,1789888008494681082,9527251344189,receipt_only_no_header,,,/ur10skku/currentP,valid,420.8293187836359,396.9429861244138,174.285497394309,-0.0689265210941814,0.0336032656461926,2.450416612315753,-0.02645819219177525,0.012898977732002442,0.9406189758218059,0.33818563358509074,mm,rotation_vector_rad,xyzw,TCP_from_joint_feedback_FK,robot_base,,"{""values"": [-15.545262336730957, 30.995485305786133, 174.28549194335938, -0.06892652064561844, 0.03360326588153839, 2.4504165649414062], ""schema"": ""x_mm,y_mm,z_mm,rotation_vector_rad[3]"", ""frame"": ""policy_stain_relative_xy_base_z"", ""transform"": ""stain_relative_v1"", ""note"": ""existing policy XY transform only; not a full rotated rigid TCP frame""}",,"[420.8293187836359, 396.9429861244138, 174.285497394309, -0.0689265210941814, 0.0336032656461926, 2.450416612315753]","{""source_acquisition_stamp"": null, ""calibration"": ""deployed EE2TCP unverified"", ""layout"": ""std_msgs.msg.MultiArrayLayout(dim=[], data_offset=0)""}"
rel_single_90deg_best_20260920T160636_1789887996648993205_r3lvdifh,1088,,,1789888008551156918,9527307821928,receipt_only_no_header,,,/ur10skku/currentP,valid,420.66302894261827,397.18952840111683,174.06495579949137,-0.06730101266438182,0.03376723101308654,2.450445299961579,-0.025834307089764308,0.01296195972434115,0.9406330436894107,0.33819233181267044,mm,rotation_vector_rad,xyzw,TCP_from_joint_feedback_FK,robot_base,,"{""values"": [-15.711552619934082, 31.242006301879883, 174.06495666503906, -0.06730101257562637, 0.033767230808734894, 2.4504454135894775], ""schema"": ""x_mm,y_mm,z_mm,rotation_vector_rad[3]"", ""frame"": ""policy_stain_relative_xy_base_z"", ""transform"": ""stain_relative_v1"", ""note"": ""existing policy XY transform only; not a full rotated rigid TCP frame""}",,"[420.66302894261827, 397.18952840111683, 174.06495579949137, -0.06730101266438182, 0.03376723101308654, 2.450445299961579]","{""source_acquisition_stamp"": null, ""calibration"": ""deployed EE2TCP unverified"", ""layout"": ""std_msgs.msg.MultiArrayLayout(dim=[], data_offset=0)""}"
rel_single_90deg_best_20260920T160636_1789887996648993205_r3lvdifh,1094,,,1789888008606506211,9527363169980,receipt_only_no_header,,,/ur10skku/currentP,valid,420.56927431311067,397.48534740982836,173.88444915579657,-0.06560771767871114,0.03383759090634782,2.450593234338359,-0.02518372371376537,0.012988663082261081,0.940667731357856,0.3381438952181584,mm,rotation_vector_rad,xyzw,TCP_from_joint_feedback_FK,robot_base,,"{""values"": [-15.805302619934082, 31.537843704223633, 173.8844451904297, -0.0656077191233635, 0.033837590366601944, 2.4505932331085205], ""schema"": ""x_mm,y_mm,z_mm,rotation_vector_rad[3]"", ""frame"": ""policy_stain_relative_xy_base_z"", ""transform"": ""stain_relative_v1"", ""note"": ""existing policy XY transform only; not a full rotated rigid TCP frame""}",,"[420.56927431311067, 397.48534740982836, 173.88444915579657, -0.06560771767871114, 0.03383759090634782, 2.450593234338359]","{""source_acquisition_stamp"": null, ""calibration"": ""deployed EE2TCP unverified"", ""layout"": ""std_msgs.msg.MultiArrayLayout(dim=[], data_offset=0)""}"
rel_single_90deg_best_20260920T160636_1789887996648993205_r3lvdifh,1100,,,1789888008662667734,9527419332053,receipt_only_no_header,,,/ur10skku/currentP,valid,420.50511583238426,397.7909651655702,173.66624021612523,-0.06402906429609134,0.03387196757313394,2.450713331374567,-0.02457731085437519,0.013001624894041254,0.9406969166630628,0.3381068241279505,mm,rotation_vector_rad,xyzw,TCP_from_joint_feedback_FK,robot_base,,"{""values"": [-15.869450569152832, 31.843446731567383, 173.66624450683594, -0.06402906775474548, 0.03387196734547615, 2.4507133960723877], ""schema"": ""x_mm,y_mm,z_mm,rotation_vector_rad[3]"", ""frame"": ""policy_stain_relative_xy_base_z"", ""transform"": ""stain_relative_v1"", ""note"": ""existing policy XY transform only; not a full rotated rigid TCP frame""}",,"[420.50511583238426, 397.7909651655702, 173.66624021612523, -0.06402906429609134, 0.03387196757313394, 2.450713331374567]","{""source_acquisition_stamp"": null, ""calibration"": ""deployed EE2TCP unverified"", ""layout"": ""std_msgs.msg.MultiArrayLayout(dim=[], data_offset=0)""}"
rel_single_90deg_best_20260920T160636_1789887996648993205_r3lvdifh,1106,,,1789888008718656365,9527475322388,receipt_only_no_header,,,/ur10skku/currentP,valid,420.51105966514143,398.0068056426989,173.51095499808696,-0.06269248436679178,0.03407831741395573,2.4506866436400254,-0.024064590289066226,0.013081005715287818,0.9406992018539786,0.33813428458969336,mm,rotation_vector_rad,xyzw,TCP_from_joint_feedback_FK,robot_base,,"{""values"": [-15.863530158996582, 32.05929946899414, 173.51095581054688, -0.06269248574972153, 0.03407831862568855, 2.4506866931915283], ""schema"": ""x_mm,y_mm,z_mm,rotation_vector_rad[3]"", ""frame"": ""policy_stain_relative_xy_base_z"", ""transform"": ""stain_relative_v1"", ""note"": ""existing policy XY transform only; not a full rotated rigid TCP frame""}",,"[420.51105966514143, 398.0068056426989, 173.51095499808696, -0.06269248436679178, 0.03407831741395573, 2.4506866436400254]","{""source_acquisition_stamp"": null, ""calibration"": ""deployed EE2TCP unverified"", ""layout"": ""std_msgs.msg.MultiArrayLayout(dim=[], data_offset=0)""}"
rel_single_90deg_best_20260920T160636_1789887996648993205_r3lvdifh,1112,,,1789888008774721322,9527531387054,receipt_only_no_header,,,/ur10skku/currentP,valid,420.457292887584,398.18719529572576,173.31550785892773,-0.06105877308960806,0.03435873015476201,2.4507005733274907,-0.023437613259507384,0.013188712918834306,0.940709571222592,0.33814529236180285,mm,rotation_vector_rad,xyzw,TCP_from_joint_feedback_FK,robot_base,,"{""values"": [-15.917271614074707, 32.239688873291016, 173.3155059814453, -0.06105877459049225, 0.03435872867703438, 2.450700521469116], ""schema"": ""x_mm,y_mm,z_mm,rotation_vector_rad[3]"", ""frame"": ""policy_stain_relative_xy_base_z"", ""transform"": ""stain_relative_v1"", ""note"": ""existing policy XY transform only; not a full rotated rigid TCP frame""}",,"[420.457292887584, 398.18719529572576, 173.31550785892773, -0.06105877308960806, 0.03435873015476201, 2.4507005733274907]","{""source_acquisition_stamp"": null, ""calibration"": ""deployed EE2TCP unverified"", ""layout"": ""std_msgs.msg.MultiArrayLayout(dim=[], data_offset=0)""}"
rel_single_90deg_best_20260920T160636_1789887996648993205_r3lvdifh,1118,,,1789888008830666339,9527587330128,receipt_only_no_header,,,/ur10skku/currentP,valid,420.39224742689487,398.40971695921354,173.15508991271986,-0.05923153781884713,0.03443127561070767,2.450882224782972,-0.022735508011376953,0.01321614415758231,0.9407497172691031,0.338080463303003,mm,rotation_vector_rad,xyzw,TCP_from_joint_feedback_FK,robot_base,,"{""values"": [-15.982335090637207, 32.462223052978516, 173.15509033203125, -0.05923153832554817, 0.034431274980306625, 2.4508821964263916], ""schema"": ""x_mm,y_mm,z_mm,rotation_vector_rad[3]"", ""frame"": ""policy_stain_relative_xy_base_z"", ""transform"": ""stain_relative_v1"", ""note"": ""existing policy XY transform only; not a full rotated rigid TCP frame""}",,"[420.39224742689487, 398.40971695921354, 173.15508991271986, -0.05923153781884713, 0.03443127561070767, 2.450882224782972]","{""source_acquisition_stamp"": null, ""calibration"": ""deployed EE2TCP unverified"", ""layout"": ""std_msgs.msg.MultiArrayLayout(dim=[], data_offset=0)""}"
rel_single_90deg_best_20260920T160636_1789887996648993205_r3lvdifh,1123,,,1789888008895991300,9527652654727,receipt_only_no_header,,,/ur10skku/currentP,valid,420.26045719589433,398.59260451662897,172.97747020906644,-0.05734080437691531,0.034625088128166295,2.451338851314104,-0.022007685455638592,0.013289280760512471,0.9408360236855368,0.337885532885535,mm,rotation_vector_rad,xyzw,TCP_from_joint_feedback_FK,robot_base,,"{""values"": [-16.114110946655273, 32.645084381103516, 172.9774627685547, -0.05734080448746681, 0.034625086933374405, 2.451338768005371], ""schema"": ""x_mm,y_mm,z_mm,rotation_vector_rad[3]"", ""frame"": ""policy_stain_relative_xy_base_z"", ""transform"": ""stain_relative_v1"", ""note"": ""existing policy XY transform only; not a full rotated rigid TCP frame""}",,"[420.26045719589433, 398.59260451662897, 172.97747020906644, -0.05734080437691531, 0.034625088128166295, 2.451338851314104]","{""source_acquisition_stamp"": null, ""calibration"": ""deployed EE2TCP unverified"", ""layout"": ""std_msgs.msg.MultiArrayLayout(dim=[], data_offset=0)""}"
rel_single_90deg_best_20260920T160636_1789887996648993205_r3lvdifh,1126,,,1789888008950849882,9527707514121,receipt_only_no_header,,,/ur10skku/currentP,valid,420.1697276014894,398.6472270022375,172.8035654107327,-0.05519524443274104,0.03531170044762931,2.4521490109444612,-0.02118048260779651,0.013550422049387247,0.9409814198997526,0.33752294828978624,mm,rotation_vector_rad,xyzw,TCP_from_joint_feedback_FK,robot_base,,"{""values"": [-16.2048397064209, 32.699710845947266, 172.80355834960938, -0.055195245891809464, 0.03531169891357422, 2.452148914337158], ""schema"": ""x_mm,y_mm,z_mm,rotation_vector_rad[3]"", ""frame"": ""policy_stain_relative_xy_base_z"", ""transform"": ""stain_relative_v1"", ""note"": ""existing policy XY transform only; not a full rotated rigid TCP frame""}",,"[420.1697276014894, 398.6472270022375, 172.8035654107327, -0.05519524443274104, 0.03531170044762931, 2.4521490109444612]","{""source_acquisition_stamp"": null, ""calibration"": ""deployed EE2TCP unverified"", ""layout"": ""std_msgs.msg.MultiArrayLayout(dim=[], data_offset=0)""}"
rel_single_90deg_best_20260920T160636_1789887996648993205_r3lvdifh,1132,,,1789888009006717460,9527763381339,receipt_only_no_header,,,/ur10skku/currentP,valid,420.1178190721838,398.6052549979022,172.6449672873166,-0.05338974999689284,0.035826263175172644,2.4526756981416167,-0.020485335190526876,0.013746327896462398,0.9410773377476876,0.3372904295843851,mm,rotation_vector_rad,xyzw,TCP_from_joint_feedback_FK,robot_base,,"{""values"": [-16.256750106811523, 32.65774917602539, 172.6449737548828, -0.05338975042104721, 0.03582626208662987, 2.4526755809783936], ""schema"": ""x_mm,y_mm,z_mm,rotation_vector_rad[3]"", ""frame"": ""policy_stain_relative_xy_base_z"", ""transform"": ""stain_relative_v1"", ""note"": ""existing policy XY transform only; not a full rotated rigid TCP frame""}",,"[420.1178190721838, 398.6052549979022, 172.6449672873166, -0.05338974999689284, 0.035826263175172644, 2.4526756981416167]","{""source_acquisition_stamp"": null, ""calibration"": ""deployed EE2TCP unverified"", ""layout"": ""std_msgs.msg.MultiArrayLayout(dim=[], data_offset=0)""}"
rel_single_90deg_best_20260920T160636_1789887996648993205_r3lvdifh,1138,,,1789888009062531135,9527819196587,receipt_only_no_header,,,/ur10skku/currentP,valid,420.1152309321331,398.41935933146937,172.4872685429492,-0.05180174605009504,0.03654685785447544,2.453164413588532,-0.01987391530988742,0.014021325789673958,0.9411648354428137,0.33707147971796236,mm,rotation_vector_rad,xyzw,TCP_from_joint_feedback_FK,robot_base,,"{""values"": [-16.25934410095215, 32.471866607666016, 172.48727416992188, -0.05180174484848976, 0.03654685616493225, 2.4531643390655518], ""schema"": ""x_mm,y_mm,z_mm,rotation_vector_rad[3]"", ""frame"": ""policy_stain_relative_xy_base_z"", ""transform"": ""stain_relative_v1"", ""note"": ""existing policy XY transform only; not a full rotated rigid TCP frame""}",,"[420.1152309321331, 398.41935933146937, 172.4872685429492, -0.05180174605009504, 0.03654685785447544, 2.453164413588532]","{""source_acquisition_stamp"": null, ""calibration"": ""deployed EE2TCP unverified"", ""layout"": ""std_msgs.msg.MultiArrayLayout(dim=[], data_offset=0)""}"
rel_single_90deg_best_20260920T160636_1789887996648993205_r3lvdifh,1144,,,1789888009128897795,9527885562886,receipt_only_no_header,,,/ur10skku/currentP,valid,420.0215962061436,398.2588817832104,172.43513442396699,-0.050283038826760225,0.03724889775536398,2.4537108343029854,-0.01928894292850291,0.014288950702209358,0.9412614939400038,0.33682423100834485,mm,rotation_vector_rad,xyzw,TCP_from_joint_feedback_FK,robot_base,,"{""values"": [-16.35297203063965, 32.31137466430664, 172.4351348876953, -0.0502830371260643, 0.037248898297548294, 2.4537107944488525], ""schema"": ""x_mm,y_mm,z_mm,rotation_vector_rad[3]"", ""frame"": ""policy_stain_relative_xy_base_z"", ""transform"": ""stain_relative_v1"", ""note"": ""existing policy XY transform only; not a full rotated rigid TCP frame""}",,"[420.0215962061436, 398.2588817832104, 172.43513442396699, -0.050283038826760225, 0.03724889775536398, 2.4537108343029854]","{""source_acquisition_stamp"": null, ""calibration"": ""deployed EE2TCP unverified"", ""layout"": ""std_msgs.msg.MultiArrayLayout(dim=[], data_offset=0)""}"
rel_single_90deg_best_20260920T160636_1789887996648993205_r3lvdifh,1150,,,1789888009184287626,9527940952326,receipt_only_no_header,,,/ur10skku/currentP,valid,419.9308566731327,397.80635218212495,172.34949976283923,-0.04875838730243965,0.038557515271747264,2.4542234766376643,-0.018701929618844267,0.014789249127885937,0.9413501403213211,0.3365879220289907,mm,rotation_vector_rad,xyzw,TCP_from_joint_feedback_FK,robot_base,,"{""values"": [-16.4437313079834, 31.858858108520508, 172.34950256347656, -0.04875838756561279, 0.0385575145483017, 2.454223394393921], ""schema"": ""x_mm,y_mm,z_mm,rotation_vector_rad[3]"", ""frame"": ""policy_stain_relative_xy_base_z"", ""transform"": ""stain_relative_v1"", ""note"": ""existing policy XY transform only; not a full rotated rigid TCP frame""}",,"[419.9308566731327, 397.80635218212495, 172.34949976283923, -0.04875838730243965, 0.038557515271747264, 2.4542234766376643]","{""source_acquisition_stamp"": null, ""calibration"": ""deployed EE2TCP unverified"", ""layout"": ""std_msgs.msg.MultiArrayLayout(dim=[], data_offset=0)""}"
rel_single_90deg_best_20260920T160636_1789887996648993205_r3lvdifh,1156,,,1789888009238723156,9527995390080,receipt_only_no_header,,,/ur10skku/currentP,valid,419.95702141083257,397.446538920104,172.38914107600664,-0.047518263615758,0.039230934330787365,2.4543443272203067,-0.018225817115320255,0.015047179336303776,0.9413734308066526,0.33653746560496456,mm,rotation_vector_rad,xyzw,TCP_from_joint_feedback_FK,robot_base,,"{""values"": [-16.41754722595215, 31.499025344848633, 172.38914489746094, -0.04751826450228691, 0.03923093527555466, 2.4543442726135254], ""schema"": ""x_mm,y_mm,z_mm,rotation_vector_rad[3]"", ""frame"": ""policy_stain_relative_xy_base_z"", ""transform"": ""stain_relative_v1"", ""note"": ""existing policy XY transform only; not a full rotated rigid TCP frame""}",,"[419.95702141083257, 397.446538920104, 172.38914107600664, -0.047518263615758, 0.039230934330787365, 2.4543443272203067]","{""source_acquisition_stamp"": null, ""calibration"": ""deployed EE2TCP unverified"", ""layout"": ""std_msgs.msg.MultiArrayLayout(dim=[], data_offset=0)""}"
rel_single_90deg_best_20260920T160636_1789887996648993205_r3lvdifh,1162,,,1789888009294595153,9528051258520,receipt_only_no_header,,,/ur10skku/currentP,valid,419.9809594333498,396.990916351933,172.37355408667298,-0.046343895024820836,0.04038855022118778,2.4545511143604015,-0.01777455825949874,0.01549046834623431,0.9414090412502003,0.3364418635090948,mm,rotation_vector_rad,xyzw,TCP_from_joint_feedback_FK,robot_base,,"{""values"": [-16.39362144470215, 31.043397903442383, 172.37355041503906, -0.04634389653801918, 0.040388550609350204, 2.4545512199401855], ""schema"": ""x_mm,y_mm,z_mm,rotation_vector_rad[3]"", ""frame"": ""policy_stain_relative_xy_base_z"", ""transform"": ""stain_relative_v1"", ""note"": ""existing policy XY transform only; not a full rotated rigid TCP frame""}",,"[419.9809594333498, 396.990916351933, 172.37355408667298, -0.046343895024820836, 0.04038855022118778, 2.4545511143604015]","{""source_acquisition_stamp"": null, ""calibration"": ""deployed EE2TCP unverified"", ""layout"": ""std_msgs.msg.MultiArrayLayout(dim=[], data_offset=0)""}"
rel_single_90deg_best_20260920T160636_1789887996648993205_r3lvdifh,1167,,,1789888009363108843,9528119772071,receipt_only_no_header,,,/ur10skku/currentP,valid,420.17121017362757,396.5427388903285,172.45892195446845,-0.04550542538666951,0.041485763510865754,2.454669450503919,-0.017452492356356313,0.01591084940792773,0.941428400202379,0.33638493229343536,mm,rotation_vector_rad,xyzw,TCP_from_joint_feedback_FK,robot_base,,"{""values"": [-16.2033748626709, 30.595216751098633, 172.45892333984375, -0.045505426824092865, 0.04148576408624649, 2.45466947555542], ""schema"": ""x_mm,y_mm,z_mm,rotation_vector_rad[3]"", ""frame"": ""policy_stain_relative_xy_base_z"", ""transform"": ""stain_relative_v1"", ""note"": ""existing policy XY transform only; not a full rotated rigid TCP frame""}",,"[420.17121017362757, 396.5427388903285, 172.45892195446845, -0.04550542538666951, 0.041485763510865754, 2.454669450503919]","{""source_acquisition_stamp"": null, ""calibration"": ""deployed EE2TCP unverified"", ""layout"": ""std_msgs.msg.MultiArrayLayout(dim=[], data_offset=0)""}"
rel_single_90deg_best_20260920T160636_1789887996648993205_r3lvdifh,1173,,,1789888009414721505,9528171386676,receipt_only_no_header,,,/ur10skku/currentP,valid,420.45446758568727,396.0835467437138,172.55782850004334,-0.04498719297252919,0.042453072915286064,2.4546410147799556,-0.017253821590338596,0.016281917088920368,0.9414221101370487,0.3363950287408317,mm,rotation_vector_rad,xyzw,TCP_from_joint_feedback_FK,robot_base,,"{""values"": [-15.920109748840332, 30.136049270629883, 172.55783081054688, -0.04498719424009323, 0.04245307296514511, 2.454641103744507], ""schema"": ""x_mm,y_mm,z_mm,rotation_vector_rad[3]"", ""frame"": ""policy_stain_relative_xy_base_z"", ""transform"": ""stain_relative_v1"", ""note"": ""existing policy XY transform only; not a full rotated rigid TCP frame""}",,"[420.45446758568727, 396.0835467437138, 172.55782850004334, -0.04498719297252919, 0.042453072915286064, 2.4546410147799556]","{""source_acquisition_stamp"": null, ""calibration"": ""deployed EE2TCP unverified"", ""layout"": ""std_msgs.msg.MultiArrayLayout(dim=[], data_offset=0)""}"
rel_single_90deg_best_20260920T160636_1789887996648993205_r3lvdifh,1179,,,1789888009470481176,9528227146087,receipt_only_no_header,,,/ur10skku/currentP,valid,420.5550015702259,395.5963704171455,172.6454710120363,-0.044149659630814624,0.04353970150653697,2.454674247181662,-0.01693246115855484,0.01669852748083136,0.9414268806344006,0.33637758450596594,mm,rotation_vector_rad,xyzw,TCP_from_joint_feedback_FK,robot_base,,"{""values"": [-15.819584846496582, 29.648866653442383, 172.64547729492188, -0.04414965957403183, 0.04353970289230347, 2.454674243927002], ""schema"": ""x_mm,y_mm,z_mm,rotation_vector_rad[3]"", ""frame"": ""policy_stain_relative_xy_base_z"", ""transform"": ""stain_relative_v1"", ""note"": ""existing policy XY transform only; not a full rotated rigid TCP frame""}",,"[420.5550015702259, 395.5963704171455, 172.6454710120363, -0.044149659630814624, 0.04353970150653697, 2.454674247181662]","{""source_acquisition_stamp"": null, ""calibration"": ""deployed EE2TCP unverified"", ""layout"": ""std_msgs.msg.MultiArrayLayout(dim=[], data_offset=0)""}"
rel_single_90deg_best_20260920T160636_1789887996648993205_r3lvdifh,1185,,,1789888009526798989,9528283466695,receipt_only_no_header,,,/ur10skku/currentP,valid,420.634685706108,395.14679260447787,172.763898119933,-0.04336911914536814,0.04448238743360616,2.4545495068238252,-0.016633567934775585,0.01706054510348334,0.941405238925275,0.33643489465657,mm,rotation_vector_rad,xyzw,TCP_from_joint_feedback_FK,robot_base,,"{""values"": [-15.739903450012207, 29.199281692504883, 172.76390075683594, -0.0433691181242466, 0.044482387602329254, 2.454549551010132], ""schema"": ""x_mm,y_mm,z_mm,rotation_vector_rad[3]"", ""frame"": ""policy_stain_relative_xy_base_z"", ""transform"": ""stain_relative_v1"", ""note"": ""existing policy XY transform only; not a full rotated rigid TCP frame""}",,"[420.634685706108, 395.14679260447787, 172.763898119933, -0.04336911914536814, 0.04448238743360616, 2.4545495068238252]","{""source_acquisition_stamp"": null, ""calibration"": ""deployed EE2TCP unverified"", ""layout"": ""std_msgs.msg.MultiArrayLayout(dim=[], data_offset=0)""}"
rel_single_90deg_best_20260920T160636_1789887996648993205_r3lvdifh,1191,,,1789888009582714048,9528339381343,receipt_only_no_header,,,/ur10skku/currentP,valid,420.7706419425403,394.59236753084133,172.91242798931825,-0.04268598052159249,0.04547636288356922,2.4543518218686984,-0.016372276862076724,0.01744253252970111,0.9413706105275058,0.3365250068633428,mm,rotation_vector_rad,xyzw,TCP_from_joint_feedback_FK,robot_base,,"{""values"": [-15.603947639465332, 28.644868850708008, 172.9124298095703, -0.04268598183989525, 0.045476362109184265, 2.4543519020080566], ""schema"": ""x_mm,y_mm,z_mm,rotation_vector_rad[3]"", ""frame"": ""policy_stain_relative_xy_base_z"", ""transform"": ""stain_relative_v1"", ""note"": ""existing policy XY transform only; not a full rotated rigid TCP frame""}",,"[420.7706419425403, 394.59236753084133, 172.91242798931825, -0.04268598052159249, 0.04547636288356922, 2.4543518218686984]","{""source_acquisition_stamp"": null, ""calibration"": ""deployed EE2TCP unverified"", ""layout"": ""std_msgs.msg.MultiArrayLayout(dim=[], data_offset=0)""}"
rel_single_90deg_best_20260920T160636_1789887996648993205_r3lvdifh,1197,,,1789888009638763115,9528395429088,receipt_only_no_header,,,/ur10skku/currentP,valid,421.00780180447225,394.1563863124315,173.10167722221496,-0.041805831434262565,0.04605166562028836,2.4541416515430954,-0.016035480658652554,0.01766405709485909,0.9413361638027452,0.33662601082525795,mm,rotation_vector_rad,xyzw,TCP_from_joint_feedback_FK,robot_base,,"{""values"": [-15.366765022277832, 28.208864212036133, 173.1016845703125, -0.04180582985281944, 0.046051666140556335, 2.454141616821289], ""schema"": ""x_mm,y_mm,z_mm,rotation_vector_rad[3]"", ""frame"": ""policy_stain_relative_xy_base_z"", ""transform"": ""stain_relative_v1"", ""note"": ""existing policy XY transform only; not a full rotated rigid TCP frame""}",,"[421.00780180447225, 394.1563863124315, 173.10167722221496, -0.041805831434262565, 0.04605166562028836, 2.4541416515430954]","{""source_acquisition_stamp"": null, ""calibration"": ""deployed EE2TCP unverified"", ""layout"": ""std_msgs.msg.MultiArrayLayout(dim=[], data_offset=0)""}"
rel_single_90deg_best_20260920T160636_1789887996648993205_r3lvdifh,1203,,,1789888009694673967,9528451337645,receipt_only_no_header,,,/ur10skku/currentP,valid,421.2847166259255,393.6775200080855,173.23498968607214,-0.04103897561852018,0.0468859089313006,2.4541233083666087,-0.015741393168294364,0.01798411182094365,0.9413324601367598,0.3366333016146927,mm,rotation_vector_rad,xyzw,TCP_from_joint_feedback_FK,robot_base,,"{""values"": [-15.089848518371582, 27.730012893676758, 173.2349853515625, -0.04103897511959076, 0.046885907649993896, 2.4541232585906982], ""schema"": ""x_mm,y_mm,z_mm,rotation_vector_rad[3]"", ""frame"": ""policy_stain_relative_xy_base_z"", ""transform"": ""stain_relative_v1"", ""note"": ""existing policy XY transform only; not a full rotated rigid TCP frame""}",,"[421.2847166259255, 393.6775200080855, 173.23498968607214, -0.04103897561852018, 0.0468859089313006, 2.4541233083666087]","{""source_acquisition_stamp"": null, ""calibration"": ""deployed EE2TCP unverified"", ""layout"": ""std_msgs.msg.MultiArrayLayout(dim=[], data_offset=0)""}"
rel_single_90deg_best_20260920T160636_1789887996648993205_r3lvdifh,1208,,,1789888009751663598,9528508327717,receipt_only_no_header,,,/ur10skku/currentP,valid,421.5906752556845,393.3298494215423,173.38077027473054,-0.04028936920847028,0.047516446726109066,2.454139277844925,-0.015453809937545988,0.018225903036934128,0.9413352133621506,0.336625923394704,mm,rotation_vector_rad,xyzw,TCP_from_joint_feedback_FK,robot_base,,"{""values"": [-14.783909797668457, 27.382356643676758, 173.38076782226562, -0.040289368480443954, 0.04751644656062126, 2.454139232635498], ""schema"": ""x_mm,y_mm,z_mm,rotation_vector_rad[3]"", ""frame"": ""policy_stain_relative_xy_base_z"", ""transform"": ""stain_relative_v1"", ""note"": ""existing policy XY transform only; not a full rotated rigid TCP frame""}",,"[421.5906752556845, 393.3298494215423, 173.38077027473054, -0.04028936920847028, 0.047516446726109066, 2.454139277844925]","{""source_acquisition_stamp"": null, ""calibration"": ""deployed EE2TCP unverified"", ""layout"": ""std_msgs.msg.MultiArrayLayout(dim=[], data_offset=0)""}"
rel_single_90deg_best_20260920T160636_1789887996648993205_r3lvdifh,1214,,,1789888009806779634,9528563445326,receipt_only_no_header,,,/ur10skku/currentP,valid,421.9958217280805,393.03645713951744,173.55644352412128,-0.03973400806409916,0.04802440672470523,2.4539150207679548,-0.015241567974632636,0.01842168195957441,0.9412972517816597,0.3367310796878567,mm,rotation_vector_rad,xyzw,TCP_from_joint_feedback_FK,robot_base,,"{""values"": [-14.378758430480957, 27.088960647583008, 173.5564422607422, -0.03973400965332985, 0.048024408519268036, 2.4539151191711426], ""schema"": ""x_mm,y_mm,z_mm,rotation_vector_rad[3]"", ""frame"": ""policy_stain_relative_xy_base_z"", ""transform"": ""stain_relative_v1"", ""note"": ""existing policy XY transform only; not a full rotated rigid TCP frame""}",,"[421.9958217280805, 393.03645713951744, 173.55644352412128, -0.03973400806409916, 0.04802440672470523, 2.4539150207679548]","{""source_acquisition_stamp"": null, ""calibration"": ""deployed EE2TCP unverified"", ""layout"": ""std_msgs.msg.MultiArrayLayout(dim=[], data_offset=0)""}"
rel_single_90deg_best_20260920T160636_1789887996648993205_r3lvdifh,1220,,,1789888009862635781,9528619301303,receipt_only_no_header,,,/ur10skku/currentP,valid,422.2930304014472,392.5785446169879,173.71664374208444,-0.03902746866128797,0.04876290744292645,2.453678950528075,-0.014971343007438395,0.01870595860838313,0.9412567726926454,0.3368406653913994,mm,rotation_vector_rad,xyzw,TCP_from_joint_feedback_FK,robot_base,,"{""values"": [-14.081547737121582, 26.631044387817383, 173.71664428710938, -0.039027467370033264, 0.04876290634274483, 2.453678846359253], ""schema"": ""x_mm,y_mm,z_mm,rotation_vector_rad[3]"", ""frame"": ""policy_stain_relative_xy_base_z"", ""transform"": ""stain_relative_v1"", ""note"": ""existing policy XY transform only; not a full rotated rigid TCP frame""}",,"[422.2930304014472, 392.5785446169879, 173.71664374208444, -0.03902746866128797, 0.04876290744292645, 2.453678950528075]","{""source_acquisition_stamp"": null, ""calibration"": ""deployed EE2TCP unverified"", ""layout"": ""std_msgs.msg.MultiArrayLayout(dim=[], data_offset=0)""}"
rel_single_90deg_best_20260920T160636_1789887996648993205_r3lvdifh,1226,,,1789888009918686641,9528675352924,receipt_only_no_header,,,/ur10skku/currentP,valid,422.631379079794,392.245768230927,173.8571932099885,-0.038442857076826625,0.04905832594501402,2.4534774870397196,-0.014747769946665755,0.018820164785351954,0.9412235275821037,0.3369370502110943,mm,rotation_vector_rad,xyzw,TCP_from_joint_feedback_FK,robot_base,,"{""values"": [-13.743199348449707, 26.298250198364258, 173.85719299316406, -0.038442857563495636, 0.049058325588703156, 2.453477382659912], ""schema"": ""x_mm,y_mm,z_mm,rotation_vector_rad[3]"", ""frame"": ""policy_stain_relative_xy_base_z"", ""transform"": ""stain_relative_v1"", ""note"": ""existing policy XY transform only; not a full rotated rigid TCP frame""}",,"[422.631379079794, 392.245768230927, 173.8571932099885, -0.038442857076826625, 0.04905832594501402, 2.4534774870397196]","{""source_acquisition_stamp"": null, ""calibration"": ""deployed EE2TCP unverified"", ""layout"": ""std_msgs.msg.MultiArrayLayout(dim=[], data_offset=0)""}"
rel_single_90deg_best_20260920T160636_1789887996648993205_r3lvdifh,1232,,,1789888009974653921,9528731317769,receipt_only_no_header,,,/ur10skku/currentP,valid,422.99114788677576,391.8914429796947,174.01897115407849,-0.037975819255797884,0.049224429116107846,2.4530723366469718,-0.01456996246685798,0.01888565141526751,0.9411560454479799,0.3371295692772367,mm,rotation_vector_rad,xyzw,TCP_from_joint_feedback_FK,robot_base,,"{""values"": [-13.383427619934082, 25.943941116333008, 174.0189666748047, -0.037975817918777466, 0.049224428832530975, 2.4530723094940186], ""schema"": ""x_mm,y_mm,z_mm,rotation_vector_rad[3]"", ""frame"": ""policy_stain_relative_xy_base_z"", ""transform"": ""stain_relative_v1"", ""note"": ""existing policy XY transform only; not a full rotated rigid TCP frame""}",,"[422.99114788677576, 391.8914429796947, 174.01897115407849, -0.037975819255797884, 0.049224429116107846, 2.4530723366469718]","{""source_acquisition_stamp"": null, ""calibration"": ""deployed EE2TCP unverified"", ""layout"": ""std_msgs.msg.MultiArrayLayout(dim=[], data_offset=0)""}"
rel_single_90deg_best_20260920T160636_1789887996648993205_r3lvdifh,1238,,,1789888010030656959,9528787320367,receipt_only_no_header,,,/ur10skku/currentP,valid,423.26739391527724,391.410731886339,174.15667453265132,-0.03735406511362531,0.04983952656937902,2.4526550005732974,-0.014332774245824801,0.019123452311409436,0.9410850015702252,0.33732459882682786,mm,rotation_vector_rad,xyzw,TCP_from_joint_feedback_FK,robot_base,,"{""values"": [-13.107182502746582, 25.463228225708008, 174.15667724609375, -0.03735406696796417, 0.049839526414871216, 2.452655076980591], ""schema"": ""x_mm,y_mm,z_mm,rotation_vector_rad[3]"", ""frame"": ""policy_stain_relative_xy_base_z"", ""transform"": ""stain_relative_v1"", ""note"": ""existing policy XY transform only; not a full rotated rigid TCP frame""}",,"[423.26739391527724, 391.410731886339, 174.15667453265132, -0.03735406511362531, 0.04983952656937902, 2.4526550005732974]","{""source_acquisition_stamp"": null, ""calibration"": ""deployed EE2TCP unverified"", ""layout"": ""std_msgs.msg.MultiArrayLayout(dim=[], data_offset=0)""}"
rel_single_90deg_best_20260920T160636_1789887996648993205_r3lvdifh,1398,,,1789888010114304376,9528870967323,receipt_only_no_header,,,/ur10skku/currentP,valid,423.42470860267076,391.28268057695635,174.25143299587262,-0.03703737714330613,0.04990003350357051,2.452524250135283,-0.014211696801642252,0.019147256129952592,0.941063696458242,0.33738780278051284,mm,rotation_vector_rad,xyzw,TCP_from_joint_feedback_FK,robot_base,,"{""values"": [-12.949864387512207, 25.335176467895508, 174.25143432617188, -0.03703737631440163, 0.049900032579898834, 2.452524185180664], ""schema"": ""x_mm,y_mm,z_mm,rotation_vector_rad[3]"", ""frame"": ""policy_stain_relative_xy_base_z"", ""transform"": ""stain_relative_v1"", ""note"": ""existing policy XY transform only; not a full rotated rigid TCP frame""}",,"[423.42470860267076, 391.28268057695635, 174.25143299587262, -0.03703737714330613, 0.04990003350357051, 2.452524250135283]","{""source_acquisition_stamp"": null, ""calibration"": ""deployed EE2TCP unverified"", ""layout"": ""std_msgs.msg.MultiArrayLayout(dim=[], data_offset=0)""}"
rel_single_90deg_best_20260920T160636_1789887996648993205_r3lvdifh,1402,,,1789888010206794826,9528963466960,receipt_only_no_header,,,/ur10skku/currentP,valid,424.02940948820736,390.5916096593965,174.50994006211607,-0.03579772097399855,0.05035939231033167,2.45159305641617,-0.013738974049255165,0.01932766570783806,0.9409083166467748,0.33783016679286143,mm,rotation_vector_rad,xyzw,TCP_from_joint_feedback_FK,robot_base,,"{""values"": [-12.345158576965332, 24.644105911254883, 174.5099334716797, -0.03579772263765335, 0.050359390676021576, 2.4515931606292725], ""schema"": ""x_mm,y_mm,z_mm,rotation_vector_rad[3]"", ""frame"": ""policy_stain_relative_xy_base_z"", ""transform"": ""stain_relative_v1"", ""note"": ""existing policy XY transform only; not a full rotated rigid TCP frame""}",,"[424.02940948820736, 390.5916096593965, 174.50994006211607, -0.03579772097399855, 0.05035939231033167, 2.45159305641617]","{""source_acquisition_stamp"": null, ""calibration"": ""deployed EE2TCP unverified"", ""layout"": ""std_msgs.msg.MultiArrayLayout(dim=[], data_offset=0)""}"
rel_single_90deg_best_20260920T160636_1789887996648993205_r3lvdifh,1408,,,1789888010262745353,9529019412498,receipt_only_no_header,,,/ur10skku/currentP,valid,424.7796111952606,389.9894090852342,174.67837615730213,-0.03459713233069477,0.050624040398725464,2.450781271018874,-0.013280690082435799,0.019432887813643863,0.9407735360587367,0.3382175926732633,mm,rotation_vector_rad,xyzw,TCP_from_joint_feedback_FK,robot_base,,"{""values"": [-11.594975471496582, 24.041902542114258, 174.67837524414062, -0.03459713235497475, 0.05062403902411461, 2.4507813453674316], ""schema"": ""x_mm,y_mm,z_mm,rotation_vector_rad[3]"", ""frame"": ""policy_stain_relative_xy_base_z"", ""transform"": ""stain_relative_v1"", ""note"": ""existing policy XY transform only; not a full rotated rigid TCP frame""}",,"[424.7796111952606, 389.9894090852342, 174.67837615730213, -0.03459713233069477, 0.050624040398725464, 2.450781271018874]","{""source_acquisition_stamp"": null, ""calibration"": ""deployed EE2TCP unverified"", ""layout"": ""std_msgs.msg.MultiArrayLayout(dim=[], data_offset=0)""}"
rel_single_90deg_best_20260920T160636_1789887996648993205_r3lvdifh,1410,,,1789888010329888814,9529086553394,receipt_only_no_header,,,/ur10skku/currentP,valid,425.2226129470971,389.6224643221693,174.76764865423644,-0.03397906230540731,0.05086240247291923,2.4504110702309547,-0.01304454611015744,0.019526052495739334,0.9407116625870282,0.3383934706277044,mm,rotation_vector_rad,xyzw,TCP_from_joint_feedback_FK,robot_base,,"{""values"": [-11.151951789855957, 23.674959182739258, 174.7676544189453, -0.033979061990976334, 0.050862401723861694, 2.450411081314087], ""schema"": ""x_mm,y_mm,z_mm,rotation_vector_rad[3]"", ""frame"": ""policy_stain_relative_xy_base_z"", ""transform"": ""stain_relative_v1"", ""note"": ""existing policy XY transform only; not a full rotated rigid TCP frame""}",,"[425.2226129470971, 389.6224643221693, 174.76764865423644, -0.03397906230540731, 0.05086240247291923, 2.4504110702309547]","{""source_acquisition_stamp"": null, ""calibration"": ""deployed EE2TCP unverified"", ""layout"": ""std_msgs.msg.MultiArrayLayout(dim=[], data_offset=0)""}"
rel_single_90deg_best_20260920T160636_1789887996648993205_r3lvdifh,1412,,,1789888010382536823,9529139201222,receipt_only_no_header,,,/ur10skku/currentP,valid,425.76381463651956,389.195438802162,174.84380457676804,-0.03338205829030412,0.051108838476168615,2.4499444167455695,-0.012816729524855425,0.019622761226465092,0.9406332787297874,0.33861440257642017,mm,rotation_vector_rad,xyzw,TCP_from_joint_feedback_FK,robot_base,,"{""values"": [-10.610753059387207, 23.247926712036133, 174.84381103515625, -0.03338205814361572, 0.05110883712768555, 2.449944496154785], ""schema"": ""x_mm,y_mm,z_mm,rotation_vector_rad[3]"", ""frame"": ""policy_stain_relative_xy_base_z"", ""transform"": ""stain_relative_v1"", ""note"": ""existing policy XY transform only; not a full rotated rigid TCP frame""}",,"[425.76381463651956, 389.195438802162, 174.84380457676804, -0.03338205829030412, 0.051108838476168615, 2.4499444167455695]","{""source_acquisition_stamp"": null, ""calibration"": ""deployed EE2TCP unverified"", ""layout"": ""std_msgs.msg.MultiArrayLayout(dim=[], data_offset=0)""}"
rel_single_90deg_best_20260920T160636_1789887996648993205_r3lvdifh,1414,,,1789888010438814348,9529195483677,receipt_only_no_header,,,/ur10skku/currentP,valid,426.11302669975066,388.77385949786486,174.79515002544042,-0.032751573229616214,0.051527458607739066,2.4495499003918493,-0.012575791145186236,0.019785265066509555,0.9405663578683796,0.33879982173775136,mm,rotation_vector_rad,xyzw,TCP_from_joint_feedback_FK,robot_base,,"{""values"": [-10.261540412902832, 22.826356887817383, 174.79515075683594, -0.032751571387052536, 0.05152745917439461, 2.449549913406372], ""schema"": ""x_mm,y_mm,z_mm,rotation_vector_rad[3]"", ""frame"": ""policy_stain_relative_xy_base_z"", ""transform"": ""stain_relative_v1"", ""note"": ""existing policy XY transform only; not a full rotated rigid TCP frame""}",,"[426.11302669975066, 388.77385949786486, 174.79515002544042, -0.032751573229616214, 0.051527458607739066, 2.4495499003918493]","{""source_acquisition_stamp"": null, ""calibration"": ""deployed EE2TCP unverified"", ""layout"": ""std_msgs.msg.MultiArrayLayout(dim=[], data_offset=0)""}"
rel_single_90deg_best_20260920T160636_1789887996648993205_r3lvdifh,1416,,,1789888010494687667,9529251352287,receipt_only_no_header,,,/ur10skku/currentP,valid,426.5194411472445,388.3665060076247,174.8972395812508,-0.032147988041474666,0.0515992832895797,2.4489516195250083,-0.012345731292882026,0.01981557556810723,0.9404662775449116,0.33908421768723707,mm,rotation_vector_rad,xyzw,TCP_from_joint_feedback_FK,robot_base,,"{""values"": [-9.855137825012207, 22.419008255004883, 174.89723205566406, -0.03214798867702484, 0.05159928277134895, 2.4489517211914062], ""schema"": ""x_mm,y_mm,z_mm,rotation_vector_rad[3]"", ""frame"": ""policy_stain_relative_xy_base_z"", ""transform"": ""stain_relative_v1"", ""note"": ""existing policy XY transform only; not a full rotated rigid TCP frame""}",,"[426.5194411472445, 388.3665060076247, 174.8972395812508, -0.032147988041474666, 0.0515992832895797, 2.4489516195250083]","{""source_acquisition_stamp"": null, ""calibration"": ""deployed EE2TCP unverified"", ""layout"": ""std_msgs.msg.MultiArrayLayout(dim=[], data_offset=0)""}"
rel_single_90deg_best_20260920T160636_1789887996648993205_r3lvdifh,1422,,,1789888010563497165,9529320163318,receipt_only_no_header,,,/ur10skku/currentP,valid,426.8764294541088,387.9427856515816,174.9376783994233,-0.03170031831988169,0.05199372839058946,2.448424930276936,-0.012175267869168796,0.01996943892753301,0.9403763420563622,0.3393306936631715,mm,rotation_vector_rad,xyzw,TCP_from_joint_feedback_FK,robot_base,,"{""values"": [-9.498143196105957, 21.995271682739258, 174.93768310546875, -0.031700316816568375, 0.051993727684020996, 2.448424816131592], ""schema"": ""x_mm,y_mm,z_mm,rotation_vector_rad[3]"", ""frame"": ""policy_stain_relative_xy_base_z"", ""transform"": ""stain_relative_v1"", ""note"": ""existing policy XY transform only; not a full rotated rigid TCP frame""}",,"[426.8764294541088, 387.9427856515816, 174.9376783994233, -0.03170031831988169, 0.05199372839058946, 2.448424930276936]","{""source_acquisition_stamp"": null, ""calibration"": ""deployed EE2TCP unverified"", ""layout"": ""std_msgs.msg.MultiArrayLayout(dim=[], data_offset=0)""}"
rel_single_90deg_best_20260920T160636_1789887996648993205_r3lvdifh,1424,,,1789888010614747732,9529371411240,receipt_only_no_header,,,/ur10skku/currentP,valid,427.2980442448607,387.53254552428916,175.07979326456052,-0.031074198311763255,0.05208004815358883,2.4479580438316724,-0.011936077904856538,0.02000474817767367,0.9402983666978172,0.3395531205570263,mm,rotation_vector_rad,xyzw,TCP_from_joint_feedback_FK,robot_base,,"{""values"": [-9.076542854309082, 21.585023880004883, 175.0797882080078, -0.031074197962880135, 0.05208004638552666, 2.447957992553711], ""schema"": ""x_mm,y_mm,z_mm,rotation_vector_rad[3]"", ""frame"": ""policy_stain_relative_xy_base_z"", ""transform"": ""stain_relative_v1"", ""note"": ""existing policy XY transform only; not a full rotated rigid TCP frame""}",,"[427.2980442448607, 387.53254552428916, 175.07979326456052, -0.031074198311763255, 0.05208004815358883, 2.4479580438316724]","{""source_acquisition_stamp"": null, ""calibration"": ""deployed EE2TCP unverified"", ""layout"": ""std_msgs.msg.MultiArrayLayout(dim=[], data_offset=0)""}"
rel_single_90deg_best_20260920T160636_1789887996648993205_r3lvdifh,1426,,,1789888010670525438,9529427189276,receipt_only_no_header,,,/ur10skku/currentP,valid,427.73148704547884,387.21212265197397,175.19171759005008,-0.0306833444862917,0.05204387686835814,2.4475397549355424,-0.011787083248581165,0.019992784994488203,0.940228496229481,0.3397524511974918,mm,rotation_vector_rad,xyzw,TCP_from_joint_feedback_FK,robot_base,,"{""values"": [-8.643101692199707, 21.264619827270508, 175.19171142578125, -0.03068334423005581, 0.05204387754201889, 2.447539806365967], ""schema"": ""x_mm,y_mm,z_mm,rotation_vector_rad[3]"", ""frame"": ""policy_stain_relative_xy_base_z"", ""transform"": ""stain_relative_v1"", ""note"": ""existing policy XY transform only; not a full rotated rigid TCP frame""}",,"[427.73148704547884, 387.21212265197397, 175.19171759005008, -0.0306833444862917, 0.05204387686835814, 2.4475397549355424]","{""source_acquisition_stamp"": null, ""calibration"": ""deployed EE2TCP unverified"", ""layout"": ""std_msgs.msg.MultiArrayLayout(dim=[], data_offset=0)""}"
rel_single_90deg_best_20260920T160636_1789887996648993205_r3lvdifh,1432,,,1789888010726479953,9529483146637,receipt_only_no_header,,,/ur10skku/currentP,valid,428.12672917295083,386.8475672434404,175.17813807233097,-0.03021485832546372,0.05234423575319988,2.4472398691538424,-0.011607904350353426,0.020109539332290385,0.9401773795367699,0.3398931567298882,mm,rotation_vector_rad,xyzw,TCP_from_joint_feedback_FK,robot_base,,"{""values"": [-8.247838020324707, 20.900056838989258, 175.17813110351562, -0.030214859172701836, 0.05234423652291298, 2.447239875793457], ""schema"": ""x_mm,y_mm,z_mm,rotation_vector_rad[3]"", ""frame"": ""policy_stain_relative_xy_base_z"", ""transform"": ""stain_relative_v1"", ""note"": ""existing policy XY transform only; not a full rotated rigid TCP frame""}",,"[428.12672917295083, 386.8475672434404, 175.17813807233097, -0.03021485832546372, 0.05234423575319988, 2.4472398691538424]","{""source_acquisition_stamp"": null, ""calibration"": ""deployed EE2TCP unverified"", ""layout"": ""std_msgs.msg.MultiArrayLayout(dim=[], data_offset=0)""}"
rel_single_90deg_best_20260920T160636_1789887996648993205_r3lvdifh,1434,,,1789888010782553527,9529539219369,receipt_only_no_header,,,/ur10skku/currentP,valid,428.5827724058705,386.45765964313017,175.20263912516805,-0.029822152054285116,0.05256244222436235,2.4467969923402975,-0.011458190754775928,0.020195406704630922,0.9401020632385481,0.34010140562380314,mm,rotation_vector_rad,xyzw,TCP_from_joint_feedback_FK,robot_base,,"{""values"": [-7.791813850402832, 20.510164260864258, 175.20263671875, -0.029822152107954025, 0.05256244167685509, 2.4467968940734863], ""schema"": ""x_mm,y_mm,z_mm,rotation_vector_rad[3]"", ""frame"": ""policy_stain_relative_xy_base_z"", ""transform"": ""stain_relative_v1"", ""note"": ""existing policy XY transform only; not a full rotated rigid TCP frame""}",,"[428.5827724058705, 386.45765964313017, 175.20263912516805, -0.029822152054285116, 0.05256244222436235, 2.4467969923402975]","{""source_acquisition_stamp"": null, ""calibration"": ""deployed EE2TCP unverified"", ""layout"": ""std_msgs.msg.MultiArrayLayout(dim=[], data_offset=0)""}"
rel_single_90deg_best_20260920T160636_1789887996648993205_r3lvdifh,1436,,,1789888010838779453,9529595446908,receipt_only_no_header,,,/ur10skku/currentP,valid,428.9538139731503,386.0820275923571,175.2521313648641,-0.029204831417386366,0.05270616029844353,2.4463894689012373,-0.011222057578910948,0.020252524562779217,0.9400336227966476,0.34029500243808986,mm,rotation_vector_rad,xyzw,TCP_from_joint_feedback_FK,robot_base,,"{""values"": [-7.420750617980957, 20.134523391723633, 175.25213623046875, -0.029204830527305603, 0.05270615965127945, 2.4463894367218018], ""schema"": ""x_mm,y_mm,z_mm,rotation_vector_rad[3]"", ""frame"": ""policy_stain_relative_xy_base_z"", ""transform"": ""stain_relative_v1"", ""note"": ""existing policy XY transform only; not a full rotated rigid TCP frame""}",,"[428.9538139731503, 386.0820275923571, 175.2521313648641, -0.029204831417386366, 0.05270616029844353, 2.4463894689012373]","{""source_acquisition_stamp"": null, ""calibration"": ""deployed EE2TCP unverified"", ""layout"": ""std_msgs.msg.MultiArrayLayout(dim=[], data_offset=0)""}"
rel_single_90deg_best_20260920T160636_1789887996648993205_r3lvdifh,1438,,,1789888010894781780,9529651445618,receipt_only_no_header,,,/ur10skku/currentP,valid,429.3264442150706,385.69614920249404,175.26183951485706,-0.02858171956239162,0.05287915434017774,2.4459456780624587,-0.01098374313459186,0.02032106735842419,0.9399588079491721,0.3405052877224361,mm,rotation_vector_rad,xyzw,TCP_from_joint_feedback_FK,robot_base,,"{""values"": [-7.048130989074707, 19.748628616333008, 175.2618408203125, -0.02858171984553337, 0.052879154682159424, 2.4459457397460938], ""schema"": ""x_mm,y_mm,z_mm,rotation_vector_rad[3]"", ""frame"": ""policy_stain_relative_xy_base_z"", ""transform"": ""stain_relative_v1"", ""note"": ""existing policy XY transform only; not a full rotated rigid TCP frame""}",,"[429.3264442150706, 385.69614920249404, 175.26183951485706, -0.02858171956239162, 0.05287915434017774, 2.4459456780624587]","{""source_acquisition_stamp"": null, ""calibration"": ""deployed EE2TCP unverified"", ""layout"": ""std_msgs.msg.MultiArrayLayout(dim=[], data_offset=0)""}"
rel_single_90deg_best_20260920T160636_1789887996648993205_r3lvdifh,1440,,,1789888010950750362,9529707415884,receipt_only_no_header,,,/ur10skku/currentP,valid,429.7644544661436,385.3894014079598,175.25828520043262,-0.028052994323453786,0.05305381794962029,2.445573896230689,-0.010781475754726337,0.020389925058419706,0.9398959470989049,0.3406811109582024,mm,rotation_vector_rad,xyzw,TCP_from_joint_feedback_FK,robot_base,,"{""values"": [-6.610112190246582, 19.441896438598633, 175.25828552246094, -0.02805299498140812, 0.05305381864309311, 2.4455738067626953], ""schema"": ""x_mm,y_mm,z_mm,rotation_vector_rad[3]"", ""frame"": ""policy_stain_relative_xy_base_z"", ""transform"": ""stain_relative_v1"", ""note"": ""existing policy XY transform only; not a full rotated rigid TCP frame""}",,"[429.7644544661436, 385.3894014079598, 175.25828520043262, -0.028052994323453786, 0.05305381794962029, 2.445573896230689]","{""source_acquisition_stamp"": null, ""calibration"": ""deployed EE2TCP unverified"", ""layout"": ""std_msgs.msg.MultiArrayLayout(dim=[], data_offset=0)""}"
rel_single_90deg_best_20260920T160636_1789887996648993205_r3lvdifh,1442,,,1789888011006791273,9529763454691,receipt_only_no_header,,,/ur10skku/currentP,valid,430.2325072484452,384.9715454432062,175.2743551297254,-0.02773409145755118,0.05328334825730033,2.4451906902096368,-0.010659839346756178,0.020479918484058893,0.9398303156861393,0.3408605557721215,mm,rotation_vector_rad,xyzw,TCP_from_joint_feedback_FK,robot_base,,"{""values"": [-6.142064094543457, 19.024049758911133, 175.27435302734375, -0.027734091505408287, 0.05328334867954254, 2.445190668106079], ""schema"": ""x_mm,y_mm,z_mm,rotation_vector_rad[3]"", ""frame"": ""policy_stain_relative_xy_base_z"", ""transform"": ""stain_relative_v1"", ""note"": ""existing policy XY transform only; not a full rotated rigid TCP frame""}",,"[430.2325072484452, 384.9715454432062, 175.2743551297254, -0.02773409145755118, 0.05328334825730033, 2.4451906902096368]","{""source_acquisition_stamp"": null, ""calibration"": ""deployed EE2TCP unverified"", ""layout"": ""std_msgs.msg.MultiArrayLayout(dim=[], data_offset=0)""}"
rel_single_90deg_best_20260920T160636_1789887996648993205_r3lvdifh,1444,,,1789888011063830500,9529820498677,receipt_only_no_header,,,/ur10skku/currentP,valid,430.5087479946763,384.6256988032759,175.37963221886298,-0.027121615800892448,0.05335451210002213,2.444769989410291,-0.0104254392134452,0.020509258251623187,0.9397596773940501,0.3410607413458869,mm,rotation_vector_rad,xyzw,TCP_from_joint_feedback_FK,robot_base,,"{""values"": [-5.865818977355957, 18.678194046020508, 175.379638671875, -0.027121616527438164, 0.05335451290011406, 2.444770097732544], ""schema"": ""x_mm,y_mm,z_mm,rotation_vector_rad[3]"", ""frame"": ""policy_stain_relative_xy_base_z"", ""transform"": ""stain_relative_v1"", ""note"": ""existing policy XY transform only; not a full rotated rigid TCP frame""}",,"[430.5087479946763, 384.6256988032759, 175.37963221886298, -0.027121615800892448, 0.05335451210002213, 2.444769989410291]","{""source_acquisition_stamp"": null, ""calibration"": ""deployed EE2TCP unverified"", ""layout"": ""std_msgs.msg.MultiArrayLayout(dim=[], data_offset=0)""}"
rel_single_90deg_best_20260920T160636_1789887996648993205_r3lvdifh,1446,,,1789888011119634226,9529876300128,receipt_only_no_header,,,/ur10skku/currentP,valid,430.82322190257025,384.08135016592576,175.2696088268263,-0.026006953522168707,0.053787762247397654,2.4441801871067312,-0.009998314422475492,0.020678583463165773,0.9396595412471914,0.34133909304060656,mm,rotation_vector_rad,xyzw,TCP_from_joint_feedback_FK,robot_base,,"{""values"": [-5.551365852355957, 18.133852005004883, 175.2696075439453, -0.026006953790783882, 0.05378776043653488, 2.4441802501678467], ""schema"": ""x_mm,y_mm,z_mm,rotation_vector_rad[3]"", ""frame"": ""policy_stain_relative_xy_base_z"", ""transform"": ""stain_relative_v1"", ""note"": ""existing policy XY transform only; not a full rotated rigid TCP frame""}",,"[430.82322190257025, 384.08135016592576, 175.2696088268263, -0.026006953522168707, 0.053787762247397654, 2.4441801871067312]","{""source_acquisition_stamp"": null, ""calibration"": ""deployed EE2TCP unverified"", ""layout"": ""std_msgs.msg.MultiArrayLayout(dim=[], data_offset=0)""}"
rel_single_90deg_best_20260920T160636_1789887996648993205_r3lvdifh,1448,,,1789888011174710405,9529931374233,receipt_only_no_header,,,/ur10skku/currentP,valid,431.2289734947312,383.6550757206633,175.31502410965004,-0.025304549149449435,0.05380931488997616,2.4439637118424606,-0.009728770721789798,0.020687919953419044,0.9396240361550553,0.34144403885252883,mm,rotation_vector_rad,xyzw,TCP_from_joint_feedback_FK,robot_base,,"{""values"": [-5.145604133605957, 17.707582473754883, 175.3150177001953, -0.02530454844236374, 0.05380931496620178, 2.4439637660980225], ""schema"": ""x_mm,y_mm,z_mm,rotation_vector_rad[3]"", ""frame"": ""policy_stain_relative_xy_base_z"", ""transform"": ""stain_relative_v1"", ""note"": ""existing policy XY transform only; not a full rotated rigid TCP frame""}",,"[431.2289734947312, 383.6550757206633, 175.31502410965004, -0.025304549149449435, 0.05380931488997616, 2.4439637118424606]","{""source_acquisition_stamp"": null, ""calibration"": ""deployed EE2TCP unverified"", ""layout"": ""std_msgs.msg.MultiArrayLayout(dim=[], data_offset=0)""}"
rel_single_90deg_best_20260920T160636_1789887996648993205_r3lvdifh,1450,,,1789888011230836599,9529987502181,receipt_only_no_header,,,/ur10skku/currentP,valid,431.574986754881,383.30962877401953,175.26373852700755,-0.02451006289057937,0.05399944068796448,2.4438530954158035,-0.009423562102690198,0.02076155761432812,0.9396059698954987,0.34149784119297527,mm,rotation_vector_rad,xyzw,TCP_from_joint_feedback_FK,robot_base,,"{""values"": [-4.799595832824707, 17.362123489379883, 175.26373291015625, -0.024510063230991364, 0.053999438881874084, 2.4438531398773193], ""schema"": ""x_mm,y_mm,z_mm,rotation_vector_rad[3]"", ""frame"": ""policy_stain_relative_xy_base_z"", ""transform"": ""stain_relative_v1"", ""note"": ""existing policy XY transform only; not a full rotated rigid TCP frame""}",,"[431.574986754881, 383.30962877401953, 175.26373852700755, -0.02451006289057937, 0.05399944068796448, 2.4438530954158035]","{""source_acquisition_stamp"": null, ""calibration"": ""deployed EE2TCP unverified"", ""layout"": ""std_msgs.msg.MultiArrayLayout(dim=[], data_offset=0)""}"
rel_single_90deg_best_20260920T160636_1789887996648993205_r3lvdifh,1460,,,1789888011286776386,9530043442238,receipt_only_no_header,,,/ur10skku/currentP,valid,432.0274974854976,382.92008144146746,175.32338969767346,-0.024029403190265433,0.05412122170171114,2.443684471098926,-0.009239117887777096,0.020809187126844573,0.9395775970898679,0.3415780371724826,mm,rotation_vector_rad,xyzw,TCP_from_joint_feedback_FK,robot_base,,"{""values"": [-4.347081184387207, 16.972566604614258, 175.32339477539062, -0.024029403924942017, 0.0541212223470211, 2.4436845779418945], ""schema"": ""x_mm,y_mm,z_mm,rotation_vector_rad[3]"", ""frame"": ""policy_stain_relative_xy_base_z"", ""transform"": ""stain_relative_v1"", ""note"": ""existing policy XY transform only; not a full rotated rigid TCP frame""}",,"[432.0274974854976, 382.92008144146746, 175.32338969767346, -0.024029403190265433, 0.05412122170171114, 2.443684471098926]","{""source_acquisition_stamp"": null, ""calibration"": ""deployed EE2TCP unverified"", ""layout"": ""std_msgs.msg.MultiArrayLayout(dim=[], data_offset=0)""}"
rel_single_90deg_best_20260920T160636_1789887996648993205_r3lvdifh,1462,,,1789888011342712636,9530099376204,receipt_only_no_header,,,/ur10skku/currentP,valid,432.45002803893976,382.50733256747037,175.3286972499534,-0.023461047014801884,0.054378457263803824,2.443299865101873,-0.009021377580289697,0.02090991910552479,0.9395118048673758,0.3417586261448276,mm,rotation_vector_rad,xyzw,TCP_from_joint_feedback_FK,robot_base,,"{""values"": [-3.924534797668457, 16.559816360473633, 175.32870483398438, -0.023461047559976578, 0.0543784573674202, 2.4432997703552246], ""schema"": ""x_mm,y_mm,z_mm,rotation_vector_rad[3]"", ""frame"": ""policy_stain_relative_xy_base_z"", ""transform"": ""stain_relative_v1"", ""note"": ""existing policy XY transform only; not a full rotated rigid TCP frame""}",,"[432.45002803893976, 382.50733256747037, 175.3286972499534, -0.023461047014801884, 0.054378457263803824, 2.443299865101873]","{""source_acquisition_stamp"": null, ""calibration"": ""deployed EE2TCP unverified"", ""layout"": ""std_msgs.msg.MultiArrayLayout(dim=[], data_offset=0)""}"
rel_single_90deg_best_20260920T160636_1789887996648993205_r3lvdifh,1464,,,1789888011398742796,9530155409130,receipt_only_no_header,,,/ur10skku/currentP,valid,432.8218602888972,382.1724412720521,175.35723878718892,-0.022827658865432723,0.05458614381859248,2.442937270761489,-0.008778549543252126,0.020991516068790544,0.9394500762805378,0.3419295943575843,mm,rotation_vector_rad,xyzw,TCP_from_joint_feedback_FK,robot_base,,"{""values"": [-3.552708625793457, 16.224946975708008, 175.35723876953125, -0.02282765880227089, 0.05458614230155945, 2.4429373741149902], ""schema"": ""x_mm,y_mm,z_mm,rotation_vector_rad[3]"", ""frame"": ""policy_stain_relative_xy_base_z"", ""transform"": ""stain_relative_v1"", ""note"": ""existing policy XY transform only; not a full rotated rigid TCP frame""}",,"[432.8218602888972, 382.1724412720521, 175.35723878718892, -0.022827658865432723, 0.05458614381859248, 2.442937270761489]","{""source_acquisition_stamp"": null, ""calibration"": ""deployed EE2TCP unverified"", ""layout"": ""std_msgs.msg.MultiArrayLayout(dim=[], data_offset=0)""}"
rel_single_90deg_best_20260920T160636_1789887996648993205_r3lvdifh,1466,,,1789888011464556655,9530221224261,receipt_only_no_header,,,/ur10skku/currentP,valid,433.17811359228745,381.7192158930575,175.4055588970137,-0.022163605911719293,0.05518418733442106,2.442513492954644,-0.008523989435156332,0.021223506305784318,0.939375988370347,0.3421252064046601,mm,rotation_vector_rad,xyzw,TCP_from_joint_feedback_FK,robot_base,,"{""values"": [-3.196476936340332, 15.771700859069824, 175.4055633544922, -0.02216360531747341, 0.05518418550491333, 2.4425134658813477], ""schema"": ""x_mm,y_mm,z_mm,rotation_vector_rad[3]"", ""frame"": ""policy_stain_relative_xy_base_z"", ""transform"": ""stain_relative_v1"", ""note"": ""existing policy XY transform only; not a full rotated rigid TCP frame""}",,"[433.17811359228745, 381.7192158930575, 175.4055588970137, -0.022163605911719293, 0.05518418733442106, 2.442513492954644]","{""source_acquisition_stamp"": null, ""calibration"": ""deployed EE2TCP unverified"", ""layout"": ""std_msgs.msg.MultiArrayLayout(dim=[], data_offset=0)""}"
rel_single_90deg_best_20260920T160636_1789887996648993205_r3lvdifh,1468,,,1789888011519420988,9530276085928,receipt_only_no_header,,,/ur10skku/currentP,valid,433.6381128145221,381.25994548449245,175.515098487778,-0.021511345313559936,0.055343239667727494,2.4419960387744974,-0.008274110599564932,0.02128718958643435,0.939287850852497,0.34236928585110377,mm,rotation_vector_rad,xyzw,TCP_from_joint_feedback_FK,robot_base,,"{""values"": [-2.736454963684082, 15.3124418258667, 175.5150909423828, -0.021511346101760864, 0.05534324049949646, 2.4419960975646973], ""schema"": ""x_mm,y_mm,z_mm,rotation_vector_rad[3]"", ""frame"": ""policy_stain_relative_xy_base_z"", ""transform"": ""stain_relative_v1"", ""note"": ""existing policy XY transform only; not a full rotated rigid TCP frame""}",,"[433.6381128145221, 381.25994548449245, 175.515098487778, -0.021511345313559936, 0.055343239667727494, 2.4419960387744974]","{""source_acquisition_stamp"": null, ""calibration"": ""deployed EE2TCP unverified"", ""layout"": ""std_msgs.msg.MultiArrayLayout(dim=[], data_offset=0)""}"
rel_single_90deg_best_20260920T160636_1789887996648993205_r3lvdifh,1474,,,1789888011574697601,9530331363504,receipt_only_no_header,,,/ur10skku/currentP,valid,433.90433509918444,380.8717129283554,175.49339138888712,-0.020595744051412814,0.05552227465112021,2.441523935503902,-0.007922790541524925,0.021358361773760187,0.9392077651979801,0.34259279555208394,mm,rotation_vector_rad,xyzw,TCP_from_joint_feedback_FK,robot_base,,"{""values"": [-2.470250129699707, 14.92419719696045, 175.49339294433594, -0.020595744252204895, 0.05552227422595024, 2.441524028778076], ""schema"": ""x_mm,y_mm,z_mm,rotation_vector_rad[3]"", ""frame"": ""policy_stain_relative_xy_base_z"", ""transform"": ""stain_relative_v1"", ""note"": ""existing policy XY transform only; not a full rotated rigid TCP frame""}",,"[433.90433509918444, 380.8717129283554, 175.49339138888712, -0.020595744051412814, 0.05552227465112021, 2.441523935503902]","{""source_acquisition_stamp"": null, ""calibration"": ""deployed EE2TCP unverified"", ""layout"": ""std_msgs.msg.MultiArrayLayout(dim=[], data_offset=0)""}"
rel_single_90deg_best_20260920T160636_1789887996648993205_r3lvdifh,1487,,,1789888011630661264,9530387326155,receipt_only_no_header,,,/ur10skku/currentP,valid,434.2365927296743,380.4914842311237,175.56091034553134,-0.0196262359116399,0.055601027662702855,2.4411599586888846,-0.00755047376915787,0.02139045422645084,0.9391466767943698,0.3427666236376274,mm,rotation_vector_rad,xyzw,TCP_from_joint_feedback_FK,robot_base,,"{""values"": [-2.137974739074707, 14.543978691101074, 175.5609130859375, -0.019626235589385033, 0.055601026862859726, 2.441159963607788], ""schema"": ""x_mm,y_mm,z_mm,rotation_vector_rad[3]"", ""frame"": ""policy_stain_relative_xy_base_z"", ""transform"": ""stain_relative_v1"", ""note"": ""existing policy XY transform only; not a full rotated rigid TCP frame""}",,"[434.2365927296743, 380.4914842311237, 175.56091034553134, -0.0196262359116399, 0.055601027662702855, 2.4411599586888846]","{""source_acquisition_stamp"": null, ""calibration"": ""deployed EE2TCP unverified"", ""layout"": ""std_msgs.msg.MultiArrayLayout(dim=[], data_offset=0)""}"
rel_single_90deg_best_20260920T160636_1789887996648993205_r3lvdifh,1499,,,1789888011698809463,9530455472810,receipt_only_no_header,,,/ur10skku/currentP,valid,434.5820276083698,380.0855261824202,175.47778473274906,-0.018641715989635106,0.05583130995486984,2.4407343465118347,-0.0071724127876563746,0.021481134123841644,0.9390741843683817,0.3429676276624599,mm,rotation_vector_rad,xyzw,TCP_from_joint_feedback_FK,robot_base,,"{""values"": [-1.792546272277832, 14.138033866882324, 175.477783203125, -0.018641715869307518, 0.05583130940794945, 2.440734386444092], ""schema"": ""x_mm,y_mm,z_mm,rotation_vector_rad[3]"", ""frame"": ""policy_stain_relative_xy_base_z"", ""transform"": ""stain_relative_v1"", ""note"": ""existing policy XY transform only; not a full rotated rigid TCP frame""}",,"[434.5820276083698, 380.0855261824202, 175.47778473274906, -0.018641715989635106, 0.05583130995486984, 2.4407343465118347]","{""source_acquisition_stamp"": null, ""calibration"": ""deployed EE2TCP unverified"", ""layout"": ""std_msgs.msg.MultiArrayLayout(dim=[], data_offset=0)""}"
rel_single_90deg_best_20260920T160636_1789887996648993205_r3lvdifh,1502,,,1789888011750561853,9530507228106,receipt_only_no_header,,,/ur10skku/currentP,valid,435.13016109297587,379.6541917693208,175.46283336069507,-0.017753221919211037,0.05606926726676617,2.440202037175166,-0.006831391108321924,0.02157530028066782,0.938983051928655,0.3432181036951178,mm,rotation_vector_rad,xyzw,TCP_from_joint_feedback_FK,robot_base,,"{""values"": [-1.244420051574707, 13.706698417663574, 175.46282958984375, -0.017753221094608307, 0.056069266051054, 2.440201997756958], ""schema"": ""x_mm,y_mm,z_mm,rotation_vector_rad[3]"", ""frame"": ""policy_stain_relative_xy_base_z"", ""transform"": ""stain_relative_v1"", ""note"": ""existing policy XY transform only; not a full rotated rigid TCP frame""}",,"[435.13016109297587, 379.6541917693208, 175.46283336069507, -0.017753221919211037, 0.05606926726676617, 2.440202037175166]","{""source_acquisition_stamp"": null, ""calibration"": ""deployed EE2TCP unverified"", ""layout"": ""std_msgs.msg.MultiArrayLayout(dim=[], data_offset=0)""}"
rel_single_90deg_best_20260920T160636_1789887996648993205_r3lvdifh,1511,,,1789888011806602273,9530563265991,receipt_only_no_header,,,/ur10skku/currentP,valid,435.5047527791399,379.2518286535823,175.3733230465072,-0.017168122624256342,0.0563921555241771,2.439958270847169,-0.0066066070249809405,0.021700730999757993,0.9389404890470664,0.3433310196381173,mm,rotation_vector_rad,xyzw,TCP_from_joint_feedback_FK,robot_base,,"{""values"": [-0.8698168396949768, 13.30432415008545, 175.37332153320312, -0.01716812327504158, 0.05639215558767319, 2.439958333969116], ""schema"": ""x_mm,y_mm,z_mm,rotation_vector_rad[3]"", ""frame"": ""policy_stain_relative_xy_base_z"", ""transform"": ""stain_relative_v1"", ""note"": ""existing policy XY transform only; not a full rotated rigid TCP frame""}",,"[435.5047527791399, 379.2518286535823, 175.3733230465072, -0.017168122624256342, 0.0563921555241771, 2.439958270847169]","{""source_acquisition_stamp"": null, ""calibration"": ""deployed EE2TCP unverified"", ""layout"": ""std_msgs.msg.MultiArrayLayout(dim=[], data_offset=0)""}"
rel_single_90deg_best_20260920T160636_1789887996648993205_r3lvdifh,1517,,,1789888011862768424,9530619433335,receipt_only_no_header,,,/ur10skku/currentP,valid,435.7805969796772,378.89084624223574,175.31740040871875,-0.01649731230557563,0.0565600998589265,2.439486421218728,-0.006349147617730403,0.02176769261721064,0.9388595616591326,0.3435528771002688,mm,rotation_vector_rad,xyzw,TCP_from_joint_feedback_FK,robot_base,,"{""values"": [-0.5939684510231018, 12.943331718444824, 175.31739807128906, -0.016497312113642693, 0.05656009912490845, 2.439486503601074], ""schema"": ""x_mm,y_mm,z_mm,rotation_vector_rad[3]"", ""frame"": ""policy_stain_relative_xy_base_z"", ""transform"": ""stain_relative_v1"", ""note"": ""existing policy XY transform only; not a full rotated rigid TCP frame""}",,"[435.7805969796772, 378.89084624223574, 175.31740040871875, -0.01649731230557563, 0.0565600998589265, 2.439486421218728]","{""source_acquisition_stamp"": null, ""calibration"": ""deployed EE2TCP unverified"", ""layout"": ""std_msgs.msg.MultiArrayLayout(dim=[], data_offset=0)""}"
rel_single_90deg_best_20260920T160636_1789887996648993205_r3lvdifh,1523,,,1789888011930749863,9530687415845,receipt_only_no_header,,,/ur10skku/currentP,valid,435.984184182017,378.5347020427968,175.18804331659254,-0.0156745890854276,0.05678789749150127,2.4389159499474973,-0.006033295474580682,0.021858191183139374,0.9387614873668929,0.3438207216859052,mm,rotation_vector_rad,xyzw,TCP_from_joint_feedback_FK,robot_base,,"{""values"": [-0.3903856873512268, 12.587191581726074, 175.18804931640625, -0.015674589201807976, 0.056787896901369095, 2.438915967941284], ""schema"": ""x_mm,y_mm,z_mm,rotation_vector_rad[3]"", ""frame"": ""policy_stain_relative_xy_base_z"", ""transform"": ""stain_relative_v1"", ""note"": ""existing policy XY transform only; not a full rotated rigid TCP frame""}",,"[435.984184182017, 378.5347020427968, 175.18804331659254, -0.0156745890854276, 0.05678789749150127, 2.4389159499474973]","{""source_acquisition_stamp"": null, ""calibration"": ""deployed EE2TCP unverified"", ""layout"": ""std_msgs.msg.MultiArrayLayout(dim=[], data_offset=0)""}"
rel_single_90deg_best_20260920T160636_1789887996648993205_r3lvdifh,1529,,,1789888011982979007,9530739648727,receipt_only_no_header,,,/ur10skku/currentP,valid,436.26225265220785,378.30321224637646,174.97314619496984,-0.01511326176999739,0.056778415203988346,2.4383492972680516,-0.005817987747949015,0.02185736798793126,0.938664766919343,0.3440884505871422,mm,rotation_vector_rad,xyzw,TCP_from_joint_feedback_FK,robot_base,,"{""values"": [-0.11234001815319061, 12.35571575164795, 174.97314453125, -0.01511326152831316, 0.05677841603755951, 2.4383492469787598], ""schema"": ""x_mm,y_mm,z_mm,rotation_vector_rad[3]"", ""frame"": ""policy_stain_relative_xy_base_z"", ""transform"": ""stain_relative_v1"", ""note"": ""existing policy XY transform only; not a full rotated rigid TCP frame""}",,"[436.26225265220785, 378.30321224637646, 174.97314619496984, -0.01511326176999739, 0.056778415203988346, 2.4383492972680516]","{""source_acquisition_stamp"": null, ""calibration"": ""deployed EE2TCP unverified"", ""layout"": ""std_msgs.msg.MultiArrayLayout(dim=[], data_offset=0)""}"
rel_single_90deg_best_20260920T160636_1789887996648993205_r3lvdifh,1535,,,1789888012038727106,9530795391766,receipt_only_no_header,,,/ur10skku/currentP,valid,436.3934899932053,378.32731260594215,174.40302603525066,-0.014903815774675509,0.05648759311628441,2.438206387034431,-0.005737555937287152,0.021746157505389246,0.9386418715689898,0.3441592974526206,mm,rotation_vector_rad,xyzw,TCP_from_joint_feedback_FK,robot_base,,"{""values"": [0.01891608163714409, 12.379794120788574, 174.4030303955078, -0.01490381546318531, 0.05648759379982948, 2.438206434249878], ""schema"": ""x_mm,y_mm,z_mm,rotation_vector_rad[3]"", ""frame"": ""policy_stain_relative_xy_base_z"", ""transform"": ""stain_relative_v1"", ""note"": ""existing policy XY transform only; not a full rotated rigid TCP frame""}",,"[436.3934899932053, 378.32731260594215, 174.40302603525066, -0.014903815774675509, 0.05648759311628441, 2.438206387034431]","{""source_acquisition_stamp"": null, ""calibration"": ""deployed EE2TCP unverified"", ""layout"": ""std_msgs.msg.MultiArrayLayout(dim=[], data_offset=0)""}"
rel_single_90deg_best_20260920T160636_1789887996648993205_r3lvdifh,1541,,,1789888012094787825,9530851451463,receipt_only_no_header,,,/ur10skku/currentP,valid,436.42598932349244,378.4171423527209,173.97623692192775,-0.014795831015134221,0.05607007729499362,2.4381721496369195,-0.005696042296295362,0.021585643381716917,0.9386381661006887,0.34418019734013156,mm,rotation_vector_rad,xyzw,TCP_from_joint_feedback_FK,robot_base,,"{""values"": [0.05141730234026909, 12.469637870788574, 173.9762420654297, -0.01479583140462637, 0.056070078164339066, 2.4381721019744873], ""schema"": ""x_mm,y_mm,z_mm,rotation_vector_rad[3]"", ""frame"": ""policy_stain_relative_xy_base_z"", ""transform"": ""stain_relative_v1"", ""note"": ""existing policy XY transform only; not a full rotated rigid TCP frame""}",,"[436.42598932349244, 378.4171423527209, 173.97623692192775, -0.014795831015134221, 0.05607007729499362, 2.4381721496369195]","{""source_acquisition_stamp"": null, ""calibration"": ""deployed EE2TCP unverified"", ""layout"": ""std_msgs.msg.MultiArrayLayout(dim=[], data_offset=0)""}"
rel_single_90deg_best_20260920T160636_1789887996648993205_r3lvdifh,1543,,,1789888012150838354,9530907509216,receipt_only_no_header,,,/ur10skku/currentP,valid,436.19619926700653,378.1553298556565,174.0538870053195,-0.0145278951152541,0.05699900676446344,2.4382115085093483,-0.005592818198548935,0.02194296419422693,0.9386407038679965,0.3441523728658005,mm,rotation_vector_rad,xyzw,TCP_from_joint_feedback_FK,robot_base,,"{""values"": [-0.1783800572156906, 12.2078275680542, 174.05389404296875, -0.014527895487844944, 0.05699900537729263, 2.438211441040039], ""schema"": ""x_mm,y_mm,z_mm,rotation_vector_rad[3]"", ""frame"": ""policy_stain_relative_xy_base_z"", ""transform"": ""stain_relative_v1"", ""note"": ""existing policy XY transform only; not a full rotated rigid TCP frame""}",,"[436.19619926700653, 378.1553298556565, 174.0538870053195, -0.0145278951152541, 0.05699900676446344, 2.4382115085093483]","{""source_acquisition_stamp"": null, ""calibration"": ""deployed EE2TCP unverified"", ""layout"": ""std_msgs.msg.MultiArrayLayout(dim=[], data_offset=0)""}"
rel_single_90deg_best_20260920T160636_1789887996648993205_r3lvdifh,1549,,,1789888012206855780,9530963522845,receipt_only_no_header,,,/ur10skku/currentP,valid,436.1684210577597,378.0414528159115,174.04348468398678,-0.014503564711653344,0.05726461512173091,2.4381616328639577,-0.005583507130132043,0.022045434566824024,0.9386308216056777,0.34417292745760536,mm,rotation_vector_rad,xyzw,TCP_from_joint_feedback_FK,robot_base,,"{""values"": [-0.2061510533094406, 12.0939359664917, 174.04348754882812, -0.014503564685583115, 0.05726461485028267, 2.438161611557007], ""schema"": ""x_mm,y_mm,z_mm,rotation_vector_rad[3]"", ""frame"": ""policy_stain_relative_xy_base_z"", ""transform"": ""stain_relative_v1"", ""note"": ""existing policy XY transform only; not a full rotated rigid TCP frame""}",,"[436.1684210577597, 378.0414528159115, 174.04348468398678, -0.014503564711653344, 0.05726461512173091, 2.4381616328639577]","{""source_acquisition_stamp"": null, ""calibration"": ""deployed EE2TCP unverified"", ""layout"": ""std_msgs.msg.MultiArrayLayout(dim=[], data_offset=0)""}"
rel_single_90deg_best_20260920T160636_1789887996648993205_r3lvdifh,1555,,,1789888012262795948,9531019462141,receipt_only_no_header,,,/ur10skku/currentP,valid,436.15448866020824,378.03153895809686,174.0387752144137,-0.014487358535759904,0.05734183680511451,2.4382085850326827,-0.00557720662952992,0.022074919426444125,0.9386385413914772,0.34415008544675346,mm,rotation_vector_rad,xyzw,TCP_from_joint_feedback_FK,robot_base,,"{""values"": [-0.2200975865125656, 12.084017753601074, 174.0387725830078, -0.01448735874146223, 0.057341836392879486, 2.43820858001709], ""schema"": ""x_mm,y_mm,z_mm,rotation_vector_rad[3]"", ""frame"": ""policy_stain_relative_xy_base_z"", ""transform"": ""stain_relative_v1"", ""note"": ""existing policy XY transform only; not a full rotated rigid TCP frame""}",,"[436.15448866020824, 378.03153895809686, 174.0387752144137, -0.014487358535759904, 0.05734183680511451, 2.4382085850326827]","{""source_acquisition_stamp"": null, ""calibration"": ""deployed EE2TCP unverified"", ""layout"": ""std_msgs.msg.MultiArrayLayout(dim=[], data_offset=0)""}"
rel_single_90deg_best_20260920T160636_1789887996648993205_r3lvdifh,1561,,,1789888012331724193,9531088391619,receipt_only_no_header,,,/ur10skku/currentP,valid,436.1229922567852,378.01816300495005,174.04662891106761,-0.014430108320665045,0.05731368804573935,2.4381846188673824,-0.005555198421839278,0.022064207856674373,0.9386346273983236,0.34416180315508793,mm,rotation_vector_rad,xyzw,TCP_from_joint_feedback_FK,robot_base,,"{""values"": [-0.2515917420387268, 12.070651054382324, 174.046630859375, -0.014430108480155468, 0.05731368809938431, 2.4381844997406006], ""schema"": ""x_mm,y_mm,z_mm,rotation_vector_rad[3]"", ""frame"": ""policy_stain_relative_xy_base_z"", ""transform"": ""stain_relative_v1"", ""note"": ""existing policy XY transform only; not a full rotated rigid TCP frame""}",,"[436.1229922567852, 378.01816300495005, 174.04662891106761, -0.014430108320665045, 0.05731368804573935, 2.4381846188673824]","{""source_acquisition_stamp"": null, ""calibration"": ""deployed EE2TCP unverified"", ""layout"": ""std_msgs.msg.MultiArrayLayout(dim=[], data_offset=0)""}"
rel_single_90deg_best_20260920T160636_1789887996648993205_r3lvdifh,1567,,,1789888012382803581,9531139470786,receipt_only_no_header,,,/ur10skku/currentP,valid,436.0739577206971,377.94520865417195,174.05182370640853,-0.014417531091008597,0.05753360646989193,2.438206977969025,-0.005550321977420969,0.02214873256831599,0.9386373915130525,0.3441489137352267,mm,rotation_vector_rad,xyzw,TCP_from_joint_feedback_FK,robot_base,,"{""values"": [-0.3006334900856018, 11.997714042663574, 174.05181884765625, -0.014417530968785286, 0.05753360688686371, 2.438206911087036], ""schema"": ""x_mm,y_mm,z_mm,rotation_vector_rad[3]"", ""frame"": ""policy_stain_relative_xy_base_z"", ""transform"": ""stain_relative_v1"", ""note"": ""existing policy XY transform only; not a full rotated rigid TCP frame""}",,"[436.0739577206971, 377.94520865417195, 174.05182370640853, -0.014417531091008597, 0.05753360646989193, 2.438206977969025]","{""source_acquisition_stamp"": null, ""calibration"": ""deployed EE2TCP unverified"", ""layout"": ""std_msgs.msg.MultiArrayLayout(dim=[], data_offset=0)""}"
rel_single_90deg_best_20260920T160636_1789887996648993205_r3lvdifh,1573,,,1789888012438659036,9531195322704,receipt_only_no_header,,,/ur10skku/currentP,valid,436.05948159391323,377.96566698832754,174.12543834147328,-0.014416132554369448,0.05739076298627804,2.4382198841433462,-0.005549771591456639,0.02209369432696634,0.9386403319829423,0.3441444404334046,mm,rotation_vector_rad,xyzw,TCP_from_joint_feedback_FK,robot_base,,"{""values"": [-0.3150988221168518, 12.018160820007324, 174.1254425048828, -0.014416132122278214, 0.057390764355659485, 2.4382197856903076], ""schema"": ""x_mm,y_mm,z_mm,rotation_vector_rad[3]"", ""frame"": ""policy_stain_relative_xy_base_z"", ""transform"": ""stain_relative_v1"", ""note"": ""existing policy XY transform only; not a full rotated rigid TCP frame""}",,"[436.05948159391323, 377.96566698832754, 174.12543834147328, -0.014416132554369448, 0.05739076298627804, 2.4382198841433462]","{""source_acquisition_stamp"": null, ""calibration"": ""deployed EE2TCP unverified"", ""layout"": ""std_msgs.msg.MultiArrayLayout(dim=[], data_offset=0)""}"
rel_single_90deg_best_20260920T160636_1789887996648993205_r3lvdifh,1579,,,1789888012494745003,9531251408832,receipt_only_no_header,,,/ur10skku/currentP,valid,436.01832136313334,377.88034500483445,174.13084923213938,-0.014407866500060646,0.057593315249459265,2.438146548079105,-0.0055466756738642865,0.022172015590929312,0.9386266972621956,0.34417663967833034,mm,rotation_vector_rad,xyzw,TCP_from_joint_feedback_FK,robot_base,,"{""values"": [-0.3562670350074768, 11.932833671569824, 174.13084411621094, -0.014407866634428501, 0.057593315839767456, 2.4381465911865234], ""schema"": ""x_mm,y_mm,z_mm,rotation_vector_rad[3]"", ""frame"": ""policy_stain_relative_xy_base_z"", ""transform"": ""stain_relative_v1"", ""note"": ""existing policy XY transform only; not a full rotated rigid TCP frame""}",,"[436.01832136313334, 377.88034500483445, 174.13084923213938, -0.014407866500060646, 0.057593315249459265, 2.438146548079105]","{""source_acquisition_stamp"": null, ""calibration"": ""deployed EE2TCP unverified"", ""layout"": ""std_msgs.msg.MultiArrayLayout(dim=[], data_offset=0)""}"
rel_single_90deg_best_20260920T160636_1789887996648993205_r3lvdifh,1584,,,1789888012550621769,9531307286419,receipt_only_no_header,,,/ur10skku/currentP,valid,435.95826865942587,377.82696466334164,174.14649053713998,-0.01429274602503344,0.057695564564669156,2.438060418978734,-0.005502462362694588,0.02221180394274619,0.9386114935442924,0.3442162443292138,mm,rotation_vector_rad,xyzw,TCP_from_joint_feedback_FK,robot_base,,"{""values"": [-0.4162951111793518, 11.8794584274292, 174.146484375, -0.014292745850980282, 0.05769556388258934, 2.4380605220794678], ""schema"": ""x_mm,y_mm,z_mm,rotation_vector_rad[3]"", ""frame"": ""policy_stain_relative_xy_base_z"", ""transform"": ""stain_relative_v1"", ""note"": ""existing policy XY transform only; not a full rotated rigid TCP frame""}",,"[435.95826865942587, 377.82696466334164, 174.14649053713998, -0.01429274602503344, 0.057695564564669156, 2.438060418978734]","{""source_acquisition_stamp"": null, ""calibration"": ""deployed EE2TCP unverified"", ""layout"": ""std_msgs.msg.MultiArrayLayout(dim=[], data_offset=0)""}"
rel_single_90deg_best_20260920T160636_1789887996648993205_r3lvdifh,1590,,,1789888012606657810,9531363324204,receipt_only_no_header,,,/ur10skku/currentP,valid,435.95890733430747,377.8030555653971,174.16869858737124,-0.014353298015998873,0.057708257123708105,2.4381089146278834,-0.005525712279483484,0.02221644284544403,0.9386197063044736,0.34419317702128144,mm,rotation_vector_rad,xyzw,TCP_from_joint_feedback_FK,robot_base,,"{""values"": [-0.4156847596168518, 11.855563163757324, 174.168701171875, -0.014353297650814056, 0.0577082559466362, 2.4381089210510254], ""schema"": ""x_mm,y_mm,z_mm,rotation_vector_rad[3]"", ""frame"": ""policy_stain_relative_xy_base_z"", ""transform"": ""stain_relative_v1"", ""note"": ""existing policy XY transform only; not a full rotated rigid TCP frame""}",,"[435.95890733430747, 377.8030555653971, 174.16869858737124, -0.014353298015998873, 0.057708257123708105, 2.4381089146278834]","{""source_acquisition_stamp"": null, ""calibration"": ""deployed EE2TCP unverified"", ""layout"": ""std_msgs.msg.MultiArrayLayout(dim=[], data_offset=0)""}"
rel_single_90deg_best_20260920T160636_1789887996648993205_r3lvdifh,1596,,,1789888012662549064,9531419213323,receipt_only_no_header,,,/ur10skku/currentP,valid,435.9516390619221,377.7756558148507,174.21457308094512,-0.014329720961128216,0.057749013473409085,2.4380125461035007,-0.005516755087187782,0.022232614628276904,0.9386029325225032,0.34423801550708505,mm,rotation_vector_rad,xyzw,TCP_from_joint_feedback_FK,robot_base,,"{""values"": [-0.4229479432106018, 11.828158378601074, 174.21456909179688, -0.014329721219837666, 0.05774901434779167, 2.4380125999450684], ""schema"": ""x_mm,y_mm,z_mm,rotation_vector_rad[3]"", ""frame"": ""policy_stain_relative_xy_base_z"", ""transform"": ""stain_relative_v1"", ""note"": ""existing policy XY transform only; not a full rotated rigid TCP frame""}",,"[435.9516390619221, 377.7756558148507, 174.21457308094512, -0.014329720961128216, 0.057749013473409085, 2.4380125461035007]","{""source_acquisition_stamp"": null, ""calibration"": ""deployed EE2TCP unverified"", ""layout"": ""std_msgs.msg.MultiArrayLayout(dim=[], data_offset=0)""}"
rel_single_90deg_best_20260920T160636_1789887996648993205_r3lvdifh,1602,,,1789888012718576709,9531475243764,receipt_only_no_header,,,/ur10skku/currentP,valid,435.94264736370513,377.7610377299029,174.24222288279435,-0.014385765631927604,0.05779208520032733,2.438048661835086,-0.005538284520266368,0.02224900773779676,0.9386088658034203,0.34422043241863637,mm,rotation_vector_rad,xyzw,TCP_from_joint_feedback_FK,robot_base,,"{""values"": [-0.4319201111793518, 11.8135404586792, 174.24221801757812, -0.014385765418410301, 0.05779208615422249, 2.4380486011505127], ""schema"": ""x_mm,y_mm,z_mm,rotation_vector_rad[3]"", ""frame"": ""policy_stain_relative_xy_base_z"", ""transform"": ""stain_relative_v1"", ""note"": ""existing policy XY transform only; not a full rotated rigid TCP frame""}",,"[435.94264736370513, 377.7610377299029, 174.24222288279435, -0.014385765631927604, 0.05779208520032733, 2.438048661835086]","{""source_acquisition_stamp"": null, ""calibration"": ""deployed EE2TCP unverified"", ""layout"": ""std_msgs.msg.MultiArrayLayout(dim=[], data_offset=0)""}"
rel_single_90deg_best_20260920T160636_1789887996648993205_r3lvdifh,1608,,,1789888012774503852,9531531167831,receipt_only_no_header,,,/ur10skku/currentP,valid,435.9405152284227,377.7922303862269,174.3131859118718,-0.01440783032578544,0.05761935711509105,2.4379902213313565,-0.005546857515952437,0.022182823981914644,0.9385996418078422,0.34424971618009453,mm,rotation_vector_rad,xyzw,TCP_from_joint_feedback_FK,robot_base,,"{""values"": [-0.4340563416481018, 11.84472942352295, 174.3131866455078, -0.014407830312848091, 0.057619355618953705, 2.437990188598633], ""schema"": ""x_mm,y_mm,z_mm,rotation_vector_rad[3]"", ""frame"": ""policy_stain_relative_xy_base_z"", ""transform"": ""stain_relative_v1"", ""note"": ""existing policy XY transform only; not a full rotated rigid TCP frame""}",,"[435.9405152284227, 377.7922303862269, 174.3131859118718, -0.01440783032578544, 0.05761935711509105, 2.4379902213313565]","{""source_acquisition_stamp"": null, ""calibration"": ""deployed EE2TCP unverified"", ""layout"": ""std_msgs.msg.MultiArrayLayout(dim=[], data_offset=0)""}"
rel_single_90deg_best_20260920T160636_1789887996648993205_r3lvdifh,1613,,,1789888012832058628,9531588722036,receipt_only_no_header,,,/ur10skku/currentP,valid,435.91358389543853,377.79886046575405,174.26984456160477,-0.01445848978482614,0.05769445836027163,2.43808594280933,-0.005566237468119098,0.022211244784694693,0.9386156872069857,0.34420381946532924,mm,rotation_vector_rad,xyzw,TCP_from_joint_feedback_FK,robot_base,,"{""values"": [-0.4610033631324768, 11.851351737976074, 174.2698516845703, -0.0144584896042943, 0.0576944574713707, 2.4380860328674316], ""schema"": ""x_mm,y_mm,z_mm,rotation_vector_rad[3]"", ""frame"": ""policy_stain_relative_xy_base_z"", ""transform"": ""stain_relative_v1"", ""note"": ""existing policy XY transform only; not a full rotated rigid TCP frame""}",,"[435.91358389543853, 377.79886046575405, 174.26984456160477, -0.01445848978482614, 0.05769445836027163, 2.43808594280933]","{""source_acquisition_stamp"": null, ""calibration"": ""deployed EE2TCP unverified"", ""layout"": ""std_msgs.msg.MultiArrayLayout(dim=[], data_offset=0)""}"
rel_single_90deg_best_20260920T160636_1789887996648993205_r3lvdifh,1616,,,1789888012888076805,9531644742167,receipt_only_no_header,,,/ur10skku/currentP,valid,435.8901962781383,377.8111945372198,174.28171805294198,-0.01439926342488231,0.05768045820040687,2.4380495558492594,-0.005543483047897159,0.022206041572679233,0.9386095652246207,0.344221216054761,mm,rotation_vector_rad,xyzw,TCP_from_joint_feedback_FK,robot_base,,"{""values"": [-0.4843798279762268, 11.863680839538574, 174.28172302246094, -0.014399263076484203, 0.05768045783042908, 2.438049554824829], ""schema"": ""x_mm,y_mm,z_mm,rotation_vector_rad[3]"", ""frame"": ""policy_stain_relative_xy_base_z"", ""transform"": ""stain_relative_v1"", ""note"": ""existing policy XY transform only; not a full rotated rigid TCP frame""}",,"[435.8901962781383, 377.8111945372198, 174.28171805294198, -0.01439926342488231, 0.05768045820040687, 2.4380495558492594]","{""source_acquisition_stamp"": null, ""calibration"": ""deployed EE2TCP unverified"", ""layout"": ""std_msgs.msg.MultiArrayLayout(dim=[], data_offset=0)""}"
rel_single_90deg_best_20260920T160636_1789887996648993205_r3lvdifh,1622,,,1789888012942769779,9531699434549,receipt_only_no_header,,,/ur10skku/currentP,valid,435.91078216513824,377.8194151329703,174.3319920773484,-0.014484992809193452,0.057571573581532955,2.438086991710778,-0.005576442764260196,0.022163945067480442,0.9386164523970872,0.34420461663761726,mm,rotation_vector_rad,xyzw,TCP_from_joint_feedback_FK,robot_base,,"{""values"": [-0.4637804627418518, 11.871920585632324, 174.3319854736328, -0.014484993182122707, 0.05757157504558563, 2.438086986541748], ""schema"": ""x_mm,y_mm,z_mm,rotation_vector_rad[3]"", ""frame"": ""policy_stain_relative_xy_base_z"", ""transform"": ""stain_relative_v1"", ""note"": ""existing policy XY transform only; not a full rotated rigid TCP frame""}",,"[435.91078216513824, 377.8194151329703, 174.3319920773484, -0.014484992809193452, 0.057571573581532955, 2.438086991710778]","{""source_acquisition_stamp"": null, ""calibration"": ""deployed EE2TCP unverified"", ""layout"": ""std_msgs.msg.MultiArrayLayout(dim=[], data_offset=0)""}"
rel_single_90deg_best_20260920T160636_1789887996648993205_r3lvdifh,1628,,,1789888012998555570,9531755219178,receipt_only_no_header,,,/ur10skku/currentP,valid,435.8881187054686,377.85171206307933,174.31485679957427,-0.014470188824313977,0.05750409303276536,2.438063291516073,-0.005570775563638479,0.022138093715671346,0.9386127279942836,0.34421652794917407,mm,rotation_vector_rad,xyzw,TCP_from_joint_feedback_FK,robot_base,,"{""values"": [-0.4864550232887268, 11.904208183288574, 174.31484985351562, -0.01447018887847662, 0.057504091411828995, 2.438063383102417], ""schema"": ""x_mm,y_mm,z_mm,rotation_vector_rad[3]"", ""frame"": ""policy_stain_relative_xy_base_z"", ""transform"": ""stain_relative_v1"", ""note"": ""existing policy XY transform only; not a full rotated rigid TCP frame""}",,"[435.8881187054686, 377.85171206307933, 174.31485679957427, -0.014470188824313977, 0.05750409303276536, 2.438063291516073]","{""source_acquisition_stamp"": null, ""calibration"": ""deployed EE2TCP unverified"", ""layout"": ""std_msgs.msg.MultiArrayLayout(dim=[], data_offset=0)""}"
rel_single_90deg_best_20260920T160636_1789887996648993205_r3lvdifh,1634,,,1789888013054611169,9531811277041,receipt_only_no_header,,,/ur10skku/currentP,valid,435.9140137255264,377.8748191254021,174.29041317863442,-0.014513227227129994,0.057449067194302685,2.4380640721879026,-0.005587344943874125,0.02211691101468737,0.9386130840090252,0.344216650310111,mm,rotation_vector_rad,xyzw,TCP_from_joint_feedback_FK,robot_base,,"{""values"": [-0.4605761170387268, 11.9273099899292, 174.29042053222656, -0.01451322715729475, 0.05744906887412071, 2.4380640983581543], ""schema"": ""x_mm,y_mm,z_mm,rotation_vector_rad[3]"", ""frame"": ""policy_stain_relative_xy_base_z"", ""transform"": ""stain_relative_v1"", ""note"": ""existing policy XY transform only; not a full rotated rigid TCP frame""}",,"[435.9140137255264, 377.8748191254021, 174.29041317863442, -0.014513227227129994, 0.057449067194302685, 2.4380640721879026]","{""source_acquisition_stamp"": null, ""calibration"": ""deployed EE2TCP unverified"", ""layout"": ""std_msgs.msg.MultiArrayLayout(dim=[], data_offset=0)""}"
rel_single_90deg_best_20260920T160636_1789887996648993205_r3lvdifh,1640,,,1789888013110853436,9531867516854,receipt_only_no_header,,,/ur10skku/currentP,valid,435.8932612729909,377.88829215839047,174.27677465494958,-0.01450140782959486,0.05743173163188113,2.4381360123367406,-0.005582704248263848,0.02210987898099888,0.9386255757967792,0.34418311278284186,mm,rotation_vector_rad,xyzw,TCP_from_joint_feedback_FK,robot_base,,"{""values"": [-0.4813280701637268, 11.94079875946045, 174.2767791748047, -0.014501407742500305, 0.05743173137307167, 2.438136100769043], ""schema"": ""x_mm,y_mm,z_mm,rotation_vector_rad[3]"", ""frame"": ""policy_stain_relative_xy_base_z"", ""transform"": ""stain_relative_v1"", ""note"": ""existing policy XY transform only; not a full rotated rigid TCP frame""}",,"[435.8932612729909, 377.88829215839047, 174.27677465494958, -0.01450140782959486, 0.05743173163188113, 2.4381360123367406]","{""source_acquisition_stamp"": null, ""calibration"": ""deployed EE2TCP unverified"", ""layout"": ""std_msgs.msg.MultiArrayLayout(dim=[], data_offset=0)""}"
rel_single_90deg_best_20260920T160636_1789887996648993205_r3lvdifh,1645,,,1789888013166326497,9531922989945,receipt_only_no_header,,,/ur10skku/currentP,valid,435.9456668247616,377.9040988696618,174.27668429184098,-0.01456808497406563,0.057254861340950654,2.438077932858459,-0.005608452012219716,0.0220420970133455,0.9386163735886311,0.3442121358357493,mm,rotation_vector_rad,xyzw,TCP_from_joint_feedback_FK,robot_base,,"{""values"": [-0.4288988709449768, 11.9566068649292, 174.2766876220703, -0.014568084850907326, 0.057254862040281296, 2.438077926635742], ""schema"": ""x_mm,y_mm,z_mm,rotation_vector_rad[3]"", ""frame"": ""policy_stain_relative_xy_base_z"", ""transform"": ""stain_relative_v1"", ""note"": ""existing policy XY transform only; not a full rotated rigid TCP frame""}",,"[435.9456668247616, 377.9040988696618, 174.27668429184098, -0.01456808497406563, 0.057254861340950654, 2.438077932858459]","{""source_acquisition_stamp"": null, ""calibration"": ""deployed EE2TCP unverified"", ""layout"": ""std_msgs.msg.MultiArrayLayout(dim=[], data_offset=0)""}"
rel_single_90deg_best_20260920T160636_1789887996648993205_r3lvdifh,1648,,,1789888013222771613,9531979436364,receipt_only_no_header,,,/ur10skku/currentP,valid,435.90162773743623,377.91755852001927,174.24185086056156,-0.014497095197900736,0.0572229424711072,2.438077503762892,-0.00558112424488958,0.022029816817072737,0.9386165491374677,0.3442128874816294,mm,rotation_vector_rad,xyzw,TCP_from_joint_feedback_FK,robot_base,,"{""values"": [-0.4729357361793518, 11.970065116882324, 174.24185180664062, -0.014497094787657261, 0.057222943753004074, 2.438077449798584], ""schema"": ""x_mm,y_mm,z_mm,rotation_vector_rad[3]"", ""frame"": ""policy_stain_relative_xy_base_z"", ""transform"": ""stain_relative_v1"", ""note"": ""existing policy XY transform only; not a full rotated rigid TCP frame""}",,"[435.90162773743623, 377.91755852001927, 174.24185086056156, -0.014497095197900736, 0.0572229424711072, 2.438077503762892]","{""source_acquisition_stamp"": null, ""calibration"": ""deployed EE2TCP unverified"", ""layout"": ""std_msgs.msg.MultiArrayLayout(dim=[], data_offset=0)""}"
rel_single_90deg_best_20260920T160636_1789887996648993205_r3lvdifh,1654,,,1789888013278700179,9532035365410,receipt_only_no_header,,,/ur10skku/currentP,valid,435.86279568643926,377.90166042459816,174.19470063696218,-0.014463697007808841,0.05731212910641512,2.438136415912054,-0.0055681897857469565,0.022063847971750133,0.9386262917433634,0.34418434932938463,mm,rotation_vector_rad,xyzw,TCP_from_joint_feedback_FK,robot_base,,"{""values"": [-0.5117846131324768, 11.9541654586792, 174.1947021484375, -0.014463696628808975, 0.05731213092803955, 2.438136339187622], ""schema"": ""x_mm,y_mm,z_mm,rotation_vector_rad[3]"", ""frame"": ""policy_stain_relative_xy_base_z"", ""transform"": ""stain_relative_v1"", ""note"": ""existing policy XY transform only; not a full rotated rigid TCP frame""}",,"[435.86279568643926, 377.90166042459816, 174.19470063696218, -0.014463697007808841, 0.05731212910641512, 2.438136415912054]","{""source_acquisition_stamp"": null, ""calibration"": ""deployed EE2TCP unverified"", ""layout"": ""std_msgs.msg.MultiArrayLayout(dim=[], data_offset=0)""}"
rel_single_90deg_best_20260920T160636_1789887996648993205_r3lvdifh,1660,,,1789888013334608345,9532091276932,receipt_only_no_header,,,/ur10skku/currentP,valid,435.8700377808862,377.8507246151686,174.15582991605083,-0.014511949760463423,0.05738526242081974,2.438088482975041,-0.0055868241411369465,0.02209223258969417,0.9386176096076794,0.3442059028976475,mm,rotation_vector_rad,xyzw,TCP_from_joint_feedback_FK,robot_base,,"{""values"": [-0.5045519471168518, 11.903231620788574, 174.15582275390625, -0.014511949382722378, 0.05738526210188866, 2.4380884170532227], ""schema"": ""x_mm,y_mm,z_mm,rotation_vector_rad[3]"", ""frame"": ""policy_stain_relative_xy_base_z"", ""transform"": ""stain_relative_v1"", ""note"": ""existing policy XY transform only; not a full rotated rigid TCP frame""}",,"[435.8700377808862, 377.8507246151686, 174.15582991605083, -0.014511949760463423, 0.05738526242081974, 2.438088482975041]","{""source_acquisition_stamp"": null, ""calibration"": ""deployed EE2TCP unverified"", ""layout"": ""std_msgs.msg.MultiArrayLayout(dim=[], data_offset=0)""}"
rel_single_90deg_best_20260920T160636_1789887996648993205_r3lvdifh,1666,,,1789888013390770288,9532147437473,receipt_only_no_header,,,/ur10skku/currentP,valid,435.83927318797686,377.89776109245736,174.17865873140022,-0.014452848904134348,0.05729347772181406,2.4381360630685505,-0.005564014595009958,0.02205667189614508,0.9386263379293287,0.34418475084150657,mm,rotation_vector_rad,xyzw,TCP_from_joint_feedback_FK,robot_base,,"{""values"": [-0.5353136658668518, 11.9502592086792, 174.1786651611328, -0.014452848583459854, 0.05729347839951515, 2.438136100769043], ""schema"": ""x_mm,y_mm,z_mm,rotation_vector_rad[3]"", ""frame"": ""policy_stain_relative_xy_base_z"", ""transform"": ""stain_relative_v1"", ""note"": ""existing policy XY transform only; not a full rotated rigid TCP frame""}",,"[435.83927318797686, 377.89776109245736, 174.17865873140022, -0.014452848904134348, 0.05729347772181406, 2.4381360630685505]","{""source_acquisition_stamp"": null, ""calibration"": ""deployed EE2TCP unverified"", ""layout"": ""std_msgs.msg.MultiArrayLayout(dim=[], data_offset=0)""}"
rel_single_90deg_best_20260920T160636_1789887996648993205_r3lvdifh,1672,,,1789888013446785038,9532203449388,receipt_only_no_header,,,/ur10skku/currentP,valid,435.8080510559687,377.86929413296576,174.1756145982809,-0.014419757757695358,0.05738152937286036,2.438123214779763,-0.00555128907241716,0.022090624705269322,0.9386237263375974,0.34418990084819223,mm,rotation_vector_rad,xyzw,TCP_from_joint_feedback_FK,robot_base,,"{""values"": [-0.5665331482887268, 11.921786308288574, 174.1756134033203, -0.014419757761061192, 0.0573815293610096, 2.4381232261657715], ""schema"": ""x_mm,y_mm,z_mm,rotation_vector_rad[3]"", ""frame"": ""policy_stain_relative_xy_base_z"", ""transform"": ""stain_relative_v1"", ""note"": ""existing policy XY transform only; not a full rotated rigid TCP frame""}",,"[435.8080510559687, 377.86929413296576, 174.1756145982809, -0.014419757757695358, 0.05738152937286036, 2.438123214779763]","{""source_acquisition_stamp"": null, ""calibration"": ""deployed EE2TCP unverified"", ""layout"": ""std_msgs.msg.MultiArrayLayout(dim=[], data_offset=0)""}"
rel_single_90deg_best_20260920T160636_1789887996648993205_r3lvdifh,1678,,,1789888013502772316,9532259439982,receipt_only_no_header,,,/ur10skku/currentP,valid,435.8152413869878,377.8808450063999,174.17825959249666,-0.01449195141412745,0.05734826681824046,2.4381360276911024,-0.005579066284758841,0.02207775700814848,0.9386260083984884,0.3441840539926276,mm,rotation_vector_rad,xyzw,TCP_from_joint_feedback_FK,robot_base,,"{""values"": [-0.5593309998512268, 11.93335247039795, 174.17825317382812, -0.01449195109307766, 0.05734826624393463, 2.438136100769043], ""schema"": ""x_mm,y_mm,z_mm,rotation_vector_rad[3]"", ""frame"": ""policy_stain_relative_xy_base_z"", ""transform"": ""stain_relative_v1"", ""note"": ""existing policy XY transform only; not a full rotated rigid TCP frame""}",,"[435.8152413869878, 377.8808450063999, 174.17825959249666, -0.01449195141412745, 0.05734826681824046, 2.4381360276911024]","{""source_acquisition_stamp"": null, ""calibration"": ""deployed EE2TCP unverified"", ""layout"": ""std_msgs.msg.MultiArrayLayout(dim=[], data_offset=0)""}"
rel_single_90deg_best_20260920T160636_1789887996648993205_r3lvdifh,1683,,,1789888013566299635,9532322963083,receipt_only_no_header,,,/ur10skku/currentP,valid,435.7991772435947,377.8581167017814,174.1526347950463,-0.014492274463961258,0.05742702933287471,2.4381355435704433,-0.005579188916800891,0.022108071881713348,0.9386255301866809,0.34418341024877397,mm,rotation_vector_rad,xyzw,TCP_from_joint_feedback_FK,robot_base,,"{""values"": [-0.5754137635231018, 11.910616874694824, 174.1526336669922, -0.014492274262011051, 0.05742703005671501, 2.4381356239318848], ""schema"": ""x_mm,y_mm,z_mm,rotation_vector_rad[3]"", ""frame"": ""policy_stain_relative_xy_base_z"", ""transform"": ""stain_relative_v1"", ""note"": ""existing policy XY transform only; not a full rotated rigid TCP frame""}",,"[435.7991772435947, 377.8581167017814, 174.1526347950463, -0.014492274463961258, 0.05742702933287471, 2.4381355435704433]","{""source_acquisition_stamp"": null, ""calibration"": ""deployed EE2TCP unverified"", ""layout"": ""std_msgs.msg.MultiArrayLayout(dim=[], data_offset=0)""}"
rel_single_90deg_best_20260920T160636_1789887996648993205_r3lvdifh,1686,,,1789888013622784218,9532379449649,receipt_only_no_header,,,/ur10skku/currentP,valid,435.8082719995895,377.8633941329874,174.18000256298228,-0.014513860667011233,0.05740080297613611,2.438123944085331,-0.005587514413971049,0.022098035895553262,0.9386236366171523,0.34418908360932154,mm,rotation_vector_rad,xyzw,TCP_from_joint_feedback_FK,robot_base,,"{""values"": [-0.5663195252418518, 11.91589641571045, 174.1800079345703, -0.014513860456645489, 0.05740080401301384, 2.438123941421509], ""schema"": ""x_mm,y_mm,z_mm,rotation_vector_rad[3]"", ""frame"": ""policy_stain_relative_xy_base_z"", ""transform"": ""stain_relative_v1"", ""note"": ""existing policy XY transform only; not a full rotated rigid TCP frame""}",,"[435.8082719995895, 377.8633941329874, 174.18000256298228, -0.014513860667011233, 0.05740080297613611, 2.438123944085331]","{""source_acquisition_stamp"": null, ""calibration"": ""deployed EE2TCP unverified"", ""layout"": ""std_msgs.msg.MultiArrayLayout(dim=[], data_offset=0)""}"
rel_single_90deg_best_20260920T160636_1789887996648993205_r3lvdifh,1692,,,1789888013678821020,9532435484448,receipt_only_no_header,,,/ur10skku/currentP,valid,435.76757533594406,377.863340785963,174.2069038506707,-0.014469636133013221,0.05739078515513267,2.438147465983535,-0.005570459878714886,0.022094063954049004,0.9386277935949283,0.3441782785212495,mm,rotation_vector_rad,xyzw,TCP_from_joint_feedback_FK,robot_base,,"{""values"": [-0.6069994568824768, 11.9158353805542, 174.2069091796875, -0.014469635672867298, 0.057390786707401276, 2.43814754486084], ""schema"": ""x_mm,y_mm,z_mm,rotation_vector_rad[3]"", ""frame"": ""policy_stain_relative_xy_base_z"", ""transform"": ""stain_relative_v1"", ""note"": ""existing policy XY transform only; not a full rotated rigid TCP frame""}",,"[435.76757533594406, 377.863340785963, 174.2069038506707, -0.014469636133013221, 0.05739078515513267, 2.438147465983535]","{""source_acquisition_stamp"": null, ""calibration"": ""deployed EE2TCP unverified"", ""layout"": ""std_msgs.msg.MultiArrayLayout(dim=[], data_offset=0)""}"
rel_single_90deg_best_20260920T160636_1789887996648993205_r3lvdifh,1698,,,1789888013734827295,9532491493548,receipt_only_no_header,,,/ur10skku/currentP,valid,435.7940912559252,377.837411977583,174.19313803559584,-0.0145547975578958,0.05743952490558313,2.4381240633950347,-0.005603272589178548,0.022112936587310564,0.9386234112220156,0.3441884851033281,mm,rotation_vector_rad,xyzw,TCP_from_joint_feedback_FK,robot_base,,"{""values"": [-0.5804796814918518, 11.88989543914795, 174.19313049316406, -0.014554797671735287, 0.05743952468037605, 2.438124179840088], ""schema"": ""x_mm,y_mm,z_mm,rotation_vector_rad[3]"", ""frame"": ""policy_stain_relative_xy_base_z"", ""transform"": ""stain_relative_v1"", ""note"": ""existing policy XY transform only; not a full rotated rigid TCP frame""}",,"[435.7940912559252, 377.837411977583, 174.19313803559584, -0.0145547975578958, 0.05743952490558313, 2.4381240633950347]","{""source_acquisition_stamp"": null, ""calibration"": ""deployed EE2TCP unverified"", ""layout"": ""std_msgs.msg.MultiArrayLayout(dim=[], data_offset=0)""}"
rel_single_90deg_best_20260920T160636_1789887996648993205_r3lvdifh,1704,,,1789888013799045781,9532555716252,receipt_only_no_header,,,/ur10skku/currentP,valid,435.7620160142268,377.8575144475629,174.17834811493339,-0.014469809309470344,0.057469822253429344,2.438158973455222,-0.005570509665061315,0.022124424272997024,0.9386293790132496,0.3441720036927194,mm,rotation_vector_rad,xyzw,TCP_from_joint_feedback_FK,robot_base,,"{""values"": [-0.6125536561012268, 11.910006523132324, 174.1783447265625, -0.014469808898866177, 0.057469822466373444, 2.4381589889526367], ""schema"": ""x_mm,y_mm,z_mm,rotation_vector_rad[3]"", ""frame"": ""policy_stain_relative_xy_base_z"", ""transform"": ""stain_relative_v1"", ""note"": ""existing policy XY transform only; not a full rotated rigid TCP frame""}",,"[435.7620160142268, 377.8575144475629, 174.17834811493339, -0.014469809309470344, 0.057469822253429344, 2.438158973455222]","{""source_acquisition_stamp"": null, ""calibration"": ""deployed EE2TCP unverified"", ""layout"": ""std_msgs.msg.MultiArrayLayout(dim=[], data_offset=0)""}"
rel_single_90deg_best_20260920T160636_1789887996648993205_r3lvdifh,1710,,,1789888013855006237,9532611670206,receipt_only_no_header,,,/ur10skku/currentP,valid,435.7648932795282,377.85269293013044,174.19159321487996,-0.014424505800564195,0.057458419276950105,2.438062712722822,-0.0055531908043853434,0.022120519758174077,0.9386129149934272,0.34421743198893834,mm,rotation_vector_rad,xyzw,TCP_from_joint_feedback_FK,robot_base,,"{""values"": [-0.6096850037574768, 11.905184745788574, 174.19158935546875, -0.014424505643546581, 0.05745841935276985, 2.4380626678466797], ""schema"": ""x_mm,y_mm,z_mm,rotation_vector_rad[3]"", ""frame"": ""policy_stain_relative_xy_base_z"", ""transform"": ""stain_relative_v1"", ""note"": ""existing policy XY transform only; not a full rotated rigid TCP frame""}",,"[435.7648932795282, 377.85269293013044, 174.19159321487996, -0.014424505800564195, 0.057458419276950105, 2.438062712722822]","{""source_acquisition_stamp"": null, ""calibration"": ""deployed EE2TCP unverified"", ""layout"": ""std_msgs.msg.MultiArrayLayout(dim=[], data_offset=0)""}"
rel_single_90deg_best_20260920T160636_1789887996648993205_r3lvdifh,1716,,,1789888013910557578,9532667221186,receipt_only_no_header,,,/ur10skku/currentP,valid,435.72299477599677,377.8287701717728,174.20116949276166,-0.014386933163455552,0.05749818433658909,2.4380141135186495,-0.0055387860884358155,0.022136068882475116,0.9386043920512575,0.34423990402797044,mm,rotation_vector_rad,xyzw,TCP_from_joint_feedback_FK,robot_base,,"{""values"": [-0.6515856385231018, 11.881258964538574, 174.201171875, -0.014386933296918869, 0.057498183101415634, 2.438014030456543], ""schema"": ""x_mm,y_mm,z_mm,rotation_vector_rad[3]"", ""frame"": ""policy_stain_relative_xy_base_z"", ""transform"": ""stain_relative_v1"", ""note"": ""existing policy XY transform only; not a full rotated rigid TCP frame""}",,"[435.72299477599677, 377.8287701717728, 174.20116949276166, -0.014386933163455552, 0.05749818433658909, 2.4380141135186495]","{""source_acquisition_stamp"": null, ""calibration"": ""deployed EE2TCP unverified"", ""layout"": ""std_msgs.msg.MultiArrayLayout(dim=[], data_offset=0)""}"
rel_single_90deg_best_20260920T160636_1789887996648993205_r3lvdifh,1722,,,1789888013966822018,9532723489032,receipt_only_no_header,,,/ur10skku/currentP,valid,435.74058773917153,377.738230629867,174.18337695693936,-0.014361769251385822,0.057939236364504904,2.4392578139804426,-0.005527526512310334,0.022299527272861087,0.9388162420055604,0.34365133679446047,mm,rotation_vector_rad,xyzw,TCP_from_joint_feedback_FK,robot_base,,"{""values"": [-0.6339769959449768, 11.7907133102417, 174.18338012695312, -0.014361768960952759, 0.057939235121011734, 2.439257860183716], ""schema"": ""x_mm,y_mm,z_mm,rotation_vector_rad[3]"", ""frame"": ""policy_stain_relative_xy_base_z"", ""transform"": ""stain_relative_v1"", ""note"": ""existing policy XY transform only; not a full rotated rigid TCP frame""}",,"[435.74058773917153, 377.738230629867, 174.18337695693936, -0.014361769251385822, 0.057939236364504904, 2.4392578139804426]","{""source_acquisition_stamp"": null, ""calibration"": ""deployed EE2TCP unverified"", ""layout"": ""std_msgs.msg.MultiArrayLayout(dim=[], data_offset=0)""}"
rel_single_90deg_best_20260920T160636_1789887996648993205_r3lvdifh,1724,,,1789888014022602248,9532779266538,receipt_only_no_header,,,/ur10skku/currentP,valid,435.9617939073469,377.6636061482801,174.18335785828532,-0.013585395621716087,0.059214409991060854,2.445115645594704,-0.005221734079013876,0.022759874738190675,0.9398139037867104,0.3408878816330875,mm,rotation_vector_rad,xyzw,TCP_from_joint_feedback_FK,robot_base,,"{""values"": [-0.4127855896949768, 11.716097831726074, 174.18336486816406, -0.01358539517968893, 0.059214409440755844, 2.445115566253662], ""schema"": ""x_mm,y_mm,z_mm,rotation_vector_rad[3]"", ""frame"": ""policy_stain_relative_xy_base_z"", ""transform"": ""stain_relative_v1"", ""note"": ""existing policy XY transform only; not a full rotated rigid TCP frame""}",,"[435.9617939073469, 377.6636061482801, 174.18335785828532, -0.013585395621716087, 0.059214409991060854, 2.445115645594704]","{""source_acquisition_stamp"": null, ""calibration"": ""deployed EE2TCP unverified"", ""layout"": ""std_msgs.msg.MultiArrayLayout(dim=[], data_offset=0)""}"
rel_single_90deg_best_20260920T160636_1789887996648993205_r3lvdifh,1733,,,1789888014078780102,9532835448208,receipt_only_no_header,,,/ur10skku/currentP,valid,436.4418082918307,377.5775073741718,174.24618767833363,-0.01285499461344927,0.060296804562972504,2.4513951626825037,-0.004933904885185513,0.023142654473232865,0.9408755843448778,0.33792485689898744,mm,rotation_vector_rad,xyzw,TCP_from_joint_feedback_FK,robot_base,,"{""values"": [0.06722541153430939, 11.63000774383545, 174.24618530273438, -0.012854994274675846, 0.06029680371284485, 2.451395273208618], ""schema"": ""x_mm,y_mm,z_mm,rotation_vector_rad[3]"", ""frame"": ""policy_stain_relative_xy_base_z"", ""transform"": ""stain_relative_v1"", ""note"": ""existing policy XY transform only; not a full rotated rigid TCP frame""}",,"[436.4418082918307, 377.5775073741718, 174.24618767833363, -0.01285499461344927, 0.060296804562972504, 2.4513951626825037]","{""source_acquisition_stamp"": null, ""calibration"": ""deployed EE2TCP unverified"", ""layout"": ""std_msgs.msg.MultiArrayLayout(dim=[], data_offset=0)""}"
rel_single_90deg_best_20260920T160636_1789887996648993205_r3lvdifh,1739,,,1789888014134806825,9532891473208,receipt_only_no_header,,,/ur10skku/currentP,valid,436.9367304936927,377.19916257539194,174.33232407951107,-0.012440165467220413,0.060733830659438846,2.4538827618442025,-0.004771967472161486,0.02329710686970167,0.941293646846864,0.3367502688101046,mm,rotation_vector_rad,xyzw,TCP_from_joint_feedback_FK,robot_base,,"{""values"": [0.5621594786643982, 11.2516508102417, 174.3323211669922, -0.012440165504813194, 0.06073383241891861, 2.4538826942443848], ""schema"": ""x_mm,y_mm,z_mm,rotation_vector_rad[3]"", ""frame"": ""policy_stain_relative_xy_base_z"", ""transform"": ""stain_relative_v1"", ""note"": ""existing policy XY transform only; not a full rotated rigid TCP frame""}",,"[436.9367304936927, 377.19916257539194, 174.33232407951107, -0.012440165467220413, 0.060733830659438846, 2.4538827618442025]","{""source_acquisition_stamp"": null, ""calibration"": ""deployed EE2TCP unverified"", ""layout"": ""std_msgs.msg.MultiArrayLayout(dim=[], data_offset=0)""}"
rel_single_90deg_best_20260920T160636_1789887996648993205_r3lvdifh,1745,,,1789888014190553020,9532947219153,receipt_only_no_header,,,/ur10skku/currentP,valid,437.3675808830353,376.8737262971716,174.34262141941514,-0.012007258076143524,0.060719663872572785,2.4545760430508157,-0.00460517992002953,0.023287995897455074,0.9414109561034508,0.3364251377251274,mm,rotation_vector_rad,xyzw,TCP_from_joint_feedback_FK,robot_base,,"{""values"": [0.9930066466331482, 10.9262113571167, 174.34262084960938, -0.012007257901132107, 0.06071966513991356, 2.454576015472412], ""schema"": ""x_mm,y_mm,z_mm,rotation_vector_rad[3]"", ""frame"": ""policy_stain_relative_xy_base_z"", ""transform"": ""stain_relative_v1"", ""note"": ""existing policy XY transform only; not a full rotated rigid TCP frame""}",,"[437.3675808830353, 376.8737262971716, 174.34262141941514, -0.012007258076143524, 0.060719663872572785, 2.4545760430508157]","{""source_acquisition_stamp"": null, ""calibration"": ""deployed EE2TCP unverified"", ""layout"": ""std_msgs.msg.MultiArrayLayout(dim=[], data_offset=0)""}"
rel_single_90deg_best_20260920T160636_1789887996648993205_r3lvdifh,1751,,,1789888014246814855,9533003479805,receipt_only_no_header,,,/ur10skku/currentP,valid,437.7709104815096,376.4813283297515,174.3083685555692,-0.011520765437847472,0.060800330388712895,2.454512049738721,-0.004418658900276313,0.023319277044670222,0.941400254429609,0.33645541715285904,mm,rotation_vector_rad,xyzw,TCP_from_joint_feedback_FK,robot_base,,"{""values"": [1.396327018737793, 10.53381633758545, 174.30836486816406, -0.011520765721797943, 0.060800328850746155, 2.454512119293213], ""schema"": ""x_mm,y_mm,z_mm,rotation_vector_rad[3]"", ""frame"": ""policy_stain_relative_xy_base_z"", ""transform"": ""stain_relative_v1"", ""note"": ""existing policy XY transform only; not a full rotated rigid TCP frame""}",,"[437.7709104815096, 376.4813283297515, 174.3083685555692, -0.011520765437847472, 0.060800330388712895, 2.454512049738721]","{""source_acquisition_stamp"": null, ""calibration"": ""deployed EE2TCP unverified"", ""layout"": ""std_msgs.msg.MultiArrayLayout(dim=[], data_offset=0)""}"
rel_single_90deg_best_20260920T160636_1789887996648993205_r3lvdifh,1898,,,1789888014317526573,9533074189821,receipt_only_no_header,,,/ur10skku/currentP,valid,437.8385687034329,376.42196667957666,174.26531698064468,-0.011470230106967337,0.06084116995149038,2.4544764225930016,-0.004399311691924955,0.02333512648149937,0.9413940891132182,0.3364718218683754,mm,rotation_vector_rad,xyzw,TCP_from_joint_feedback_FK,robot_base,,"{""values"": [1.463984489440918, 10.474459648132324, 174.26531982421875, -0.011470230296254158, 0.06084116920828819, 2.4544763565063477], ""schema"": ""x_mm,y_mm,z_mm,rotation_vector_rad[3]"", ""frame"": ""policy_stain_relative_xy_base_z"", ""transform"": ""stain_relative_v1"", ""note"": ""existing policy XY transform only; not a full rotated rigid TCP frame""}",,"[437.8385687034329, 376.42196667957666, 174.26531698064468, -0.011470230106967337, 0.06084116995149038, 2.4544764225930016]","{""source_acquisition_stamp"": null, ""calibration"": ""deployed EE2TCP unverified"", ""layout"": ""std_msgs.msg.MultiArrayLayout(dim=[], data_offset=0)""}"
rel_single_90deg_best_20260920T160636_1789887996648993205_r3lvdifh,1902,,,1789888014407161942,9533163833987,receipt_only_no_header,,,/ur10skku/currentP,valid,438.55026719173736,375.80425053279527,174.26663110912068,-0.01070403412291602,0.06093050964471388,2.453907404264463,-0.004105978640624956,0.0233724377455024,0.9412985115967164,0.33674022949306426,mm,rotation_vector_rad,xyzw,TCP_from_joint_feedback_FK,robot_base,,"{""values"": [2.175684928894043, 9.8567533493042, 174.26663208007812, -0.010704034008085728, 0.060930509120225906, 2.4539074897766113], ""schema"": ""x_mm,y_mm,z_mm,rotation_vector_rad[3]"", ""frame"": ""policy_stain_relative_xy_base_z"", ""transform"": ""stain_relative_v1"", ""note"": ""existing policy XY transform only; not a full rotated rigid TCP frame""}",,"[438.55026719173736, 375.80425053279527, 174.26663110912068, -0.01070403412291602, 0.06093050964471388, 2.453907404264463]","{""source_acquisition_stamp"": null, ""calibration"": ""deployed EE2TCP unverified"", ""layout"": ""std_msgs.msg.MultiArrayLayout(dim=[], data_offset=0)""}"
rel_single_90deg_best_20260920T160636_1789887996648993205_r3lvdifh,1904,,,1789888014466697210,9533223367821,receipt_only_no_header,,,/ur10skku/currentP,valid,439.2018341567232,375.1902429317567,174.27961236733705,-0.010023210260151079,0.06125714304468789,2.4533135733712688,-0.003845337296874666,0.023500891504412518,0.9411972751004833,0.3370172263000749,mm,rotation_vector_rad,xyzw,TCP_from_joint_feedback_FK,robot_base,,"{""values"": [2.827265739440918, 9.2427396774292, 174.2796173095703, -0.010023210197687149, 0.06125714257359505, 2.4533135890960693], ""schema"": ""x_mm,y_mm,z_mm,rotation_vector_rad[3]"", ""frame"": ""policy_stain_relative_xy_base_z"", ""transform"": ""stain_relative_v1"", ""note"": ""existing policy XY transform only; not a full rotated rigid TCP frame""}",,"[439.2018341567232, 375.1902429317567, 174.27961236733705, -0.010023210260151079, 0.06125714304468789, 2.4533135733712688]","{""source_acquisition_stamp"": null, ""calibration"": ""deployed EE2TCP unverified"", ""layout"": ""std_msgs.msg.MultiArrayLayout(dim=[], data_offset=0)""}"
rel_single_90deg_best_20260920T160636_1789887996648993205_r3lvdifh,1906,,,1789888014518723916,9533275393395,receipt_only_no_header,,,/ur10skku/currentP,valid,439.5880680214541,374.715498461559,174.33929543971982,-0.009405820220647185,0.06150358934757551,2.45281547216527,-0.0036088872348563556,0.02359810343887694,0.9411124430726504,0.3372498701865452,mm,rotation_vector_rad,xyzw,TCP_from_joint_feedback_FK,robot_base,,"{""values"": [3.213496208190918, 8.767977714538574, 174.33929443359375, -0.00940582063049078, 0.061503589153289795, 2.452815532684326], ""schema"": ""x_mm,y_mm,z_mm,rotation_vector_rad[3]"", ""frame"": ""policy_stain_relative_xy_base_z"", ""transform"": ""stain_relative_v1"", ""note"": ""existing policy XY transform only; not a full rotated rigid TCP frame""}",,"[439.5880680214541, 374.715498461559, 174.33929543971982, -0.009405820220647185, 0.06150358934757551, 2.45281547216527]","{""source_acquisition_stamp"": null, ""calibration"": ""deployed EE2TCP unverified"", ""layout"": ""std_msgs.msg.MultiArrayLayout(dim=[], data_offset=0)""}"
rel_single_90deg_best_20260920T160636_1789887996648993205_r3lvdifh,1908,,,1789888014574639235,9533331305499,receipt_only_no_header,,,/ur10skku/currentP,valid,439.9534623089874,374.3078930666253,174.38121238100445,-0.00897027487615181,0.06154833958452886,2.4523207129815496,-0.0034421635756999706,0.023617944331441074,0.9410290265019093,0.3374829114138137,mm,rotation_vector_rad,xyzw,TCP_from_joint_feedback_FK,robot_base,,"{""values"": [3.578883171081543, 8.360384941101074, 174.38121032714844, -0.008970274589955807, 0.06154834106564522, 2.4523208141326904], ""schema"": ""x_mm,y_mm,z_mm,rotation_vector_rad[3]"", ""frame"": ""policy_stain_relative_xy_base_z"", ""transform"": ""stain_relative_v1"", ""note"": ""existing policy XY transform only; not a full rotated rigid TCP frame""}",,"[439.9534623089874, 374.3078930666253, 174.38121238100445, -0.00897027487615181, 0.06154833958452886, 2.4523207129815496]","{""source_acquisition_stamp"": null, ""calibration"": ""deployed EE2TCP unverified"", ""layout"": ""std_msgs.msg.MultiArrayLayout(dim=[], data_offset=0)""}"
rel_single_90deg_best_20260920T160636_1789887996648993205_r3lvdifh,1910,,,1789888014630558793,9533387222562,receipt_only_no_header,,,/ur10skku/currentP,valid,440.3307537856494,373.89736748319126,174.43284950688172,-0.008646458241223572,0.06175890158208976,2.4517775669660105,-0.0033183137046934974,0.023701659545361395,0.9409363781501463,0.3377365132801576,mm,rotation_vector_rad,xyzw,TCP_from_joint_feedback_FK,robot_base,,"{""values"": [3.956171989440918, 7.949862480163574, 174.43284606933594, -0.008646458387374878, 0.06175890192389488, 2.451777458190918], ""schema"": ""x_mm,y_mm,z_mm,rotation_vector_rad[3]"", ""frame"": ""policy_stain_relative_xy_base_z"", ""transform"": ""stain_relative_v1"", ""note"": ""existing policy XY transform only; not a full rotated rigid TCP frame""}",,"[440.3307537856494, 373.89736748319126, 174.43284950688172, -0.008646458241223572, 0.06175890158208976, 2.4517775669660105]","{""source_acquisition_stamp"": null, ""calibration"": ""deployed EE2TCP unverified"", ""layout"": ""std_msgs.msg.MultiArrayLayout(dim=[], data_offset=0)""}"
rel_single_90deg_best_20260920T160636_1789887996648993205_r3lvdifh,1912,,,1789888014699825528,9533456492804,receipt_only_no_header,,,/ur10skku/currentP,valid,440.76687985006794,373.4934052340909,174.5171041928724,-0.008289598430849057,0.0617762723077737,2.451439741521484,-0.0031816049162822577,0.02371015837782543,0.9408794405009073,0.3378958185928833,mm,rotation_vector_rad,xyzw,TCP_from_joint_feedback_FK,robot_base,,"{""values"": [4.392298698425293, 7.545901298522949, 174.51710510253906, -0.008289598859846592, 0.06177627295255661, 2.45143985748291], ""schema"": ""x_mm,y_mm,z_mm,rotation_vector_rad[3]"", ""frame"": ""policy_stain_relative_xy_base_z"", ""transform"": ""stain_relative_v1"", ""note"": ""existing policy XY transform only; not a full rotated rigid TCP frame""}",,"[440.76687985006794, 373.4934052340909, 174.5171041928724, -0.008289598430849057, 0.0617762723077737, 2.451439741521484]","{""source_acquisition_stamp"": null, ""calibration"": ""deployed EE2TCP unverified"", ""layout"": ""std_msgs.msg.MultiArrayLayout(dim=[], data_offset=0)""}"
rel_single_90deg_best_20260920T160636_1789887996648993205_r3lvdifh,1918,,,1789888014750623857,9533507288276,receipt_only_no_header,,,/ur10skku/currentP,valid,441.25909748191157,373.0723520936431,174.633602052688,-0.007842409738878828,0.061767243195360894,2.4507539359204737,-0.00301044302935712,0.02371041209416121,0.9407637892834804,0.3382192282589495,mm,rotation_vector_rad,xyzw,TCP_from_joint_feedback_FK,robot_base,,"{""values"": [4.884516716003418, 7.124850273132324, 174.63360595703125, -0.007842409424483776, 0.06176724284887314, 2.450753927230835], ""schema"": ""x_mm,y_mm,z_mm,rotation_vector_rad[3]"", ""frame"": ""policy_stain_relative_xy_base_z"", ""transform"": ""stain_relative_v1"", ""note"": ""existing policy XY transform only; not a full rotated rigid TCP frame""}",,"[441.25909748191157, 373.0723520936431, 174.633602052688, -0.007842409738878828, 0.061767243195360894, 2.4507539359204737]","{""source_acquisition_stamp"": null, ""calibration"": ""deployed EE2TCP unverified"", ""layout"": ""std_msgs.msg.MultiArrayLayout(dim=[], data_offset=0)""}"
rel_single_90deg_best_20260920T160636_1789887996648993205_r3lvdifh,1920,,,1789888014806966146,9533563629413,receipt_only_no_header,,,/ur10skku/currentP,valid,441.69579581579114,372.70896976625335,174.7396013892618,-0.007351144237819661,0.061893096951194285,2.4502335070413883,-0.002822196312103725,0.023761534845376263,0.9406753212362724,0.3384632397865441,mm,rotation_vector_rad,xyzw,TCP_from_joint_feedback_FK,robot_base,,"{""values"": [5.321223258972168, 6.761477470397949, 174.73960876464844, -0.007351144216954708, 0.061893098056316376, 2.4502334594726562], ""schema"": ""x_mm,y_mm,z_mm,rotation_vector_rad[3]"", ""frame"": ""policy_stain_relative_xy_base_z"", ""transform"": ""stain_relative_v1"", ""note"": ""existing policy XY transform only; not a full rotated rigid TCP frame""}",,"[441.69579581579114, 372.70896976625335, 174.7396013892618, -0.007351144237819661, 0.061893096951194285, 2.4502335070413883]","{""source_acquisition_stamp"": null, ""calibration"": ""deployed EE2TCP unverified"", ""layout"": ""std_msgs.msg.MultiArrayLayout(dim=[], data_offset=0)""}"
rel_single_90deg_best_20260920T160636_1789887996648993205_r3lvdifh,1922,,,1789888014862616046,9533619281788,receipt_only_no_header,,,/ur10skku/currentP,valid,442.09545214226677,372.4309809395876,174.82837786909522,-0.006736752035347831,0.061926655272263285,2.449867934087517,-0.002586539623984775,0.023776405425360813,0.9406135852705331,0.3386356088221321,mm,rotation_vector_rad,xyzw,TCP_from_joint_feedback_FK,robot_base,,"{""values"": [5.720881462097168, 6.483462333679199, 174.82838439941406, -0.006736752111464739, 0.06192665547132492, 2.4498679637908936], ""schema"": ""x_mm,y_mm,z_mm,rotation_vector_rad[3]"", ""frame"": ""policy_stain_relative_xy_base_z"", ""transform"": ""stain_relative_v1"", ""note"": ""existing policy XY transform only; not a full rotated rigid TCP frame""}",,"[442.09545214226677, 372.4309809395876, 174.82837786909522, -0.006736752035347831, 0.061926655272263285, 2.449867934087517]","{""source_acquisition_stamp"": null, ""calibration"": ""deployed EE2TCP unverified"", ""layout"": ""std_msgs.msg.MultiArrayLayout(dim=[], data_offset=0)""}"
rel_single_90deg_best_20260920T160636_1789887996648993205_r3lvdifh,1924,,,1789888014918770524,9533675434493,receipt_only_no_header,,,/ur10skku/currentP,valid,442.5285675644798,372.05538913670745,174.9458817643456,-0.006278397438635191,0.062043078762895006,2.4494197622290295,-0.0024108022330785804,0.02382353049334387,0.9405372454108613,0.33884556574105396,mm,rotation_vector_rad,xyzw,TCP_from_joint_feedback_FK,robot_base,,"{""values"": [6.153986930847168, 6.107882499694824, 174.9458770751953, -0.006278397515416145, 0.06204307824373245, 2.4494197368621826], ""schema"": ""x_mm,y_mm,z_mm,rotation_vector_rad[3]"", ""frame"": ""policy_stain_relative_xy_base_z"", ""transform"": ""stain_relative_v1"", ""note"": ""existing policy XY transform only; not a full rotated rigid TCP frame""}",,"[442.5285675644798, 372.05538913670745, 174.9458817643456, -0.006278397438635191, 0.062043078762895006, 2.4494197622290295]","{""source_acquisition_stamp"": null, ""calibration"": ""deployed EE2TCP unverified"", ""layout"": ""std_msgs.msg.MultiArrayLayout(dim=[], data_offset=0)""}"
rel_single_90deg_best_20260920T160636_1789887996648993205_r3lvdifh,1933,,,1789888014974712044,9533731375532,receipt_only_no_header,,,/ur10skku/currentP,valid,442.92317845181685,371.7110107863049,175.07931888022006,-0.005768661993558146,0.06197134414295265,2.448996435864719,-0.002215287446753934,0.023798298616153298,0.9404661024644162,0.3390460788740891,mm,rotation_vector_rad,xyzw,TCP_from_joint_feedback_FK,robot_base,,"{""values"": [6.548609733581543, 5.763491630554199, 175.07931518554688, -0.005768661852926016, 0.06197134405374527, 2.4489965438842773], ""schema"": ""x_mm,y_mm,z_mm,rotation_vector_rad[3]"", ""frame"": ""policy_stain_relative_xy_base_z"", ""transform"": ""stain_relative_v1"", ""note"": ""existing policy XY transform only; not a full rotated rigid TCP frame""}",,"[442.92317845181685, 371.7110107863049, 175.07931888022006, -0.005768661993558146, 0.06197134414295265, 2.448996435864719]","{""source_acquisition_stamp"": null, ""calibration"": ""deployed EE2TCP unverified"", ""layout"": ""std_msgs.msg.MultiArrayLayout(dim=[], data_offset=0)""}"
rel_single_90deg_best_20260920T160636_1789887996648993205_r3lvdifh,1938,,,1789888015033522040,9533790186029,receipt_only_no_header,,,/ur10skku/currentP,valid,443.23107573684877,371.40079866004567,175.13659013189033,-0.005341625788221362,0.06208771744949162,2.4485602413531242,-0.002051499573796491,0.023845348014923606,0.9403916505397102,0.33925025323902874,mm,rotation_vector_rad,xyzw,TCP_from_joint_feedback_FK,robot_base,,"{""values"": [6.856501579284668, 5.453280448913574, 175.1365966796875, -0.005341625772416592, 0.06208771839737892, 2.4485602378845215], ""schema"": ""x_mm,y_mm,z_mm,rotation_vector_rad[3]"", ""frame"": ""policy_stain_relative_xy_base_z"", ""transform"": ""stain_relative_v1"", ""note"": ""existing policy XY transform only; not a full rotated rigid TCP frame""}",,"[443.23107573684877, 371.40079866004567, 175.13659013189033, -0.005341625788221362, 0.06208771744949162, 2.4485602413531242]","{""source_acquisition_stamp"": null, ""calibration"": ""deployed EE2TCP unverified"", ""layout"": ""std_msgs.msg.MultiArrayLayout(dim=[], data_offset=0)""}"
rel_single_90deg_best_20260920T160636_1789887996648993205_r3lvdifh,1941,,,1789888015086555878,9533843219968,receipt_only_no_header,,,/ur10skku/currentP,valid,443.708714372309,371.01438818501686,175.1886201179388,-0.004924846810293563,0.06191483231644847,2.4476236662983872,-0.0018918377376005192,0.02378405274426866,0.940233675831109,0.33969305942004985,mm,rotation_vector_rad,xyzw,TCP_from_joint_feedback_FK,robot_base,,"{""values"": [7.334132194519043, 5.066866874694824, 175.18861389160156, -0.004924846813082695, 0.0619148313999176, 2.4476237297058105], ""schema"": ""x_mm,y_mm,z_mm,rotation_vector_rad[3]"", ""frame"": ""policy_stain_relative_xy_base_z"", ""transform"": ""stain_relative_v1"", ""note"": ""existing policy XY transform only; not a full rotated rigid TCP frame""}",,"[443.708714372309, 371.01438818501686, 175.1886201179388, -0.004924846810293563, 0.06191483231644847, 2.4476236662983872]","{""source_acquisition_stamp"": null, ""calibration"": ""deployed EE2TCP unverified"", ""layout"": ""std_msgs.msg.MultiArrayLayout(dim=[], data_offset=0)""}"
rel_single_90deg_best_20260920T160636_1789887996648993205_r3lvdifh,1950,,,1789888015142719354,9533899382612,receipt_only_no_header,,,/ur10skku/currentP,valid,444.0634809900961,370.60576340598794,175.1450612216163,-0.004489351771419702,0.062055975618189076,2.446887079614407,-0.0017248342730130273,0.023842255862624104,0.9401078177879145,0.34003803127908655,mm,rotation_vector_rad,xyzw,TCP_from_joint_feedback_FK,robot_base,,"{""values"": [7.688899040222168, 4.658267021179199, 175.1450653076172, -0.004489351995289326, 0.06205597519874573, 2.4468870162963867], ""schema"": ""x_mm,y_mm,z_mm,rotation_vector_rad[3]"", ""frame"": ""policy_stain_relative_xy_base_z"", ""transform"": ""stain_relative_v1"", ""note"": ""existing policy XY transform only; not a full rotated rigid TCP frame""}",,"[444.0634809900961, 370.60576340598794, 175.1450612216163, -0.004489351771419702, 0.062055975618189076, 2.446887079614407]","{""source_acquisition_stamp"": null, ""calibration"": ""deployed EE2TCP unverified"", ""layout"": ""std_msgs.msg.MultiArrayLayout(dim=[], data_offset=0)""}"
rel_single_90deg_best_20260920T160636_1789887996648993205_r3lvdifh,1956,,,1789888015198705961,9533955371663,receipt_only_no_header,,,/ur10skku/currentP,valid,444.2459281959279,370.3796015538327,175.0660847712458,-0.004258651691266163,0.0621792850121296,2.446464718365384,-0.0016363543243528593,0.02389191445814535,0.9400353472165877,0.3402352785227297,mm,rotation_vector_rad,xyzw,TCP_from_joint_feedback_FK,robot_base,,"{""values"": [7.871363639831543, 4.432101249694824, 175.0660858154297, -0.004258651752024889, 0.062179286032915115, 2.446464776992798], ""schema"": ""x_mm,y_mm,z_mm,rotation_vector_rad[3]"", ""frame"": ""policy_stain_relative_xy_base_z"", ""transform"": ""stain_relative_v1"", ""note"": ""existing policy XY transform only; not a full rotated rigid TCP frame""}",,"[444.2459281959279, 370.3796015538327, 175.0660847712458, -0.004258651691266163, 0.0621792850121296, 2.446464718365384]","{""source_acquisition_stamp"": null, ""calibration"": ""deployed EE2TCP unverified"", ""layout"": ""std_msgs.msg.MultiArrayLayout(dim=[], data_offset=0)""}"
rel_single_90deg_best_20260920T160636_1789887996648993205_r3lvdifh,1962,,,1789888015255577185,9534012241073,receipt_only_no_header,,,/ur10skku/currentP,valid,444.3102716943647,370.4051939486414,175.0147061538314,-0.004193343818234448,0.062151167719823125,2.4465124310381574,-0.0016112430771097798,0.023880855723635065,0.9400436473708814,0.3402132414579173,mm,rotation_vector_rad,xyzw,TCP_from_joint_feedback_FK,robot_base,,"{""values"": [7.935694694519043, 4.457674980163574, 175.01470947265625, -0.004193343687802553, 0.062151167541742325, 2.446512460708618], ""schema"": ""x_mm,y_mm,z_mm,rotation_vector_rad[3]"", ""frame"": ""policy_stain_relative_xy_base_z"", ""transform"": ""stain_relative_v1"", ""note"": ""existing policy XY transform only; not a full rotated rigid TCP frame""}",,"[444.3102716943647, 370.4051939486414, 175.0147061538314, -0.004193343818234448, 0.062151167719823125, 2.4465124310381574]","{""source_acquisition_stamp"": null, ""calibration"": ""deployed EE2TCP unverified"", ""layout"": ""std_msgs.msg.MultiArrayLayout(dim=[], data_offset=0)""}"
rel_single_90deg_best_20260920T160636_1789887996648993205_r3lvdifh,1968,,,1789888015310855552,9534067521484,receipt_only_no_header,,,/ur10skku/currentP,valid,444.3970397143506,370.44711077276725,174.97817601433843,-0.004203592397607314,0.0619460018752464,2.446490684700342,-0.001615190875742644,0.023802169086276255,0.9400410548288625,0.34022590016261695,mm,rotation_vector_rad,xyzw,TCP_from_joint_feedback_FK,robot_base,,"{""values"": [8.022456169128418, 4.499606132507324, 174.97817993164062, -0.004203592427074909, 0.06194600090384483, 2.44649076461792], ""schema"": ""x_mm,y_mm,z_mm,rotation_vector_rad[3]"", ""frame"": ""policy_stain_relative_xy_base_z"", ""transform"": ""stain_relative_v1"", ""note"": ""existing policy XY transform only; not a full rotated rigid TCP frame""}",,"[444.3970397143506, 370.44711077276725, 174.97817601433843, -0.004203592397607314, 0.0619460018752464, 2.446490684700342]","{""source_acquisition_stamp"": null, ""calibration"": ""deployed EE2TCP unverified"", ""layout"": ""std_msgs.msg.MultiArrayLayout(dim=[], data_offset=0)""}"
rel_single_90deg_best_20260920T160636_1789887996648993205_r3lvdifh,1974,,,1789888015366822450,9534123486659,receipt_only_no_header,,,/ur10skku/currentP,valid,444.4677021807258,370.5671124017883,174.83843499810405,-0.00417023878471745,0.06152429095219716,2.446518208954061,-0.0016023689260082404,0.023640040080623384,0.9400480301769898,0.34021799170410216,mm,rotation_vector_rad,xyzw,TCP_from_joint_feedback_FK,robot_base,,"{""values"": [8.093134880065918, 4.619601249694824, 174.83843994140625, -0.004170238971710205, 0.06152429059147835, 2.4465181827545166], ""schema"": ""x_mm,y_mm,z_mm,rotation_vector_rad[3]"", ""frame"": ""policy_stain_relative_xy_base_z"", ""transform"": ""stain_relative_v1"", ""note"": ""existing policy XY transform only; not a full rotated rigid TCP frame""}",,"[444.4677021807258, 370.5671124017883, 174.83843499810405, -0.00417023878471745, 0.06152429095219716, 2.446518208954061]","{""source_acquisition_stamp"": null, ""calibration"": ""deployed EE2TCP unverified"", ""layout"": ""std_msgs.msg.MultiArrayLayout(dim=[], data_offset=0)""}"
rel_single_90deg_best_20260920T160636_1789887996648993205_r3lvdifh,1976,,,1789888015422789118,9534179453598,receipt_only_no_header,,,/ur10skku/currentP,valid,444.4584513715184,370.64008032477466,174.42488622376908,-0.004049695222021998,0.061274647197483816,2.4466142780073294,-0.0015560196329815659,0.023543636944534933,0.9400657684584008,0.3401758764742766,mm,rotation_vector_rad,xyzw,TCP_from_joint_feedback_FK,robot_base,,"{""values"": [8.083888053894043, 4.692568778991699, 174.4248809814453, -0.00404969509691, 0.06127464771270752, 2.4466142654418945], ""schema"": ""x_mm,y_mm,z_mm,rotation_vector_rad[3]"", ""frame"": ""policy_stain_relative_xy_base_z"", ""transform"": ""stain_relative_v1"", ""note"": ""existing policy XY transform only; not a full rotated rigid TCP frame""}",,"[444.4584513715184, 370.64008032477466, 174.42488622376908, -0.004049695222021998, 0.061274647197483816, 2.4466142780073294]","{""source_acquisition_stamp"": null, ""calibration"": ""deployed EE2TCP unverified"", ""layout"": ""std_msgs.msg.MultiArrayLayout(dim=[], data_offset=0)""}"
rel_single_90deg_best_20260920T160636_1789887996648993205_r3lvdifh,1982,,,1789888015478766557,9534235431117,receipt_only_no_header,,,/ur10skku/currentP,valid,444.4995762288188,370.75128971286557,173.99089062241154,-0.003982564059411064,0.06071818501607462,2.4467028347984145,-0.0015301997606938901,0.023329430687200114,0.9400838345463416,0.3401408240378538,mm,rotation_vector_rad,xyzw,TCP_from_joint_feedback_FK,robot_base,,"{""values"": [8.124995231628418, 4.803774833679199, 173.9908905029297, -0.003982563968747854, 0.06071818619966507, 2.446702718734741], ""schema"": ""x_mm,y_mm,z_mm,rotation_vector_rad[3]"", ""frame"": ""policy_stain_relative_xy_base_z"", ""transform"": ""stain_relative_v1"", ""note"": ""existing policy XY transform only; not a full rotated rigid TCP frame""}",,"[444.4995762288188, 370.75128971286557, 173.99089062241154, -0.003982564059411064, 0.06071818501607462, 2.4467028347984145]","{""source_acquisition_stamp"": null, ""calibration"": ""deployed EE2TCP unverified"", ""layout"": ""std_msgs.msg.MultiArrayLayout(dim=[], data_offset=0)""}"
rel_single_90deg_best_20260920T160636_1789887996648993205_r3lvdifh,1991,,,1789888015534852594,9534291520701,receipt_only_no_header,,,/ur10skku/currentP,valid,444.25743566220905,370.66979671204564,173.9933721747563,-0.0033535032917409464,0.06120971057013291,2.4467010668284197,-0.001288496234394358,0.02351823592128958,0.9400811142965797,0.34013634163303624,mm,rotation_vector_rad,xyzw,TCP_from_joint_feedback_FK,robot_base,,"{""values"": [7.882868766784668, 4.722292900085449, 173.99337768554688, -0.0033535032998770475, 0.06120971217751503, 2.4467010498046875], ""schema"": ""x_mm,y_mm,z_mm,rotation_vector_rad[3]"", ""frame"": ""policy_stain_relative_xy_base_z"", ""transform"": ""stain_relative_v1"", ""note"": ""existing policy XY transform only; not a full rotated rigid TCP frame""}",,"[444.25743566220905, 370.66979671204564, 173.9933721747563, -0.0033535032917409464, 0.06120971057013291, 2.4467010668284197]","{""source_acquisition_stamp"": null, ""calibration"": ""deployed EE2TCP unverified"", ""layout"": ""std_msgs.msg.MultiArrayLayout(dim=[], data_offset=0)""}"
rel_single_90deg_best_20260920T160636_1789887996648993205_r3lvdifh,2000,,,1789888015590780608,9534347444507,receipt_only_no_header,,,/ur10skku/currentP,valid,444.213326450616,370.5147113016508,173.96644662408534,-0.003365926770504455,0.06163001114958389,2.4466732888935345,-0.0012932746993957482,0.023679818242536906,0.940074124589219,0.34014443097949687,mm,rotation_vector_rad,xyzw,TCP_from_joint_feedback_FK,robot_base,,"{""values"": [7.838740348815918, 4.567202568054199, 173.96644592285156, -0.0033659266773611307, 0.0616300106048584, 2.4466733932495117], ""schema"": ""x_mm,y_mm,z_mm,rotation_vector_rad[3]"", ""frame"": ""policy_stain_relative_xy_base_z"", ""transform"": ""stain_relative_v1"", ""note"": ""existing policy XY transform only; not a full rotated rigid TCP frame""}",,"[444.213326450616, 370.5147113016508, 173.96644662408534, -0.003365926770504455, 0.06163001114958389, 2.4466732888935345]","{""source_acquisition_stamp"": null, ""calibration"": ""deployed EE2TCP unverified"", ""layout"": ""std_msgs.msg.MultiArrayLayout(dim=[], data_offset=0)""}"
rel_single_90deg_best_20260920T160636_1789887996648993205_r3lvdifh,2006,,,1789888015646813473,9534403479345,receipt_only_no_header,,,/ur10skku/currentP,valid,444.1732806387623,370.4683958621717,173.95861063166103,-0.003275798105300898,0.06180268733179454,2.446694272984592,-0.001258637747326138,0.02374602849794566,0.940076790191019,0.34013257783656414,mm,rotation_vector_rad,xyzw,TCP_from_joint_feedback_FK,robot_base,,"{""values"": [7.798701286315918, 4.520876884460449, 173.9586181640625, -0.0032757981680333614, 0.061802688986063004, 2.4466943740844727], ""schema"": ""x_mm,y_mm,z_mm,rotation_vector_rad[3]"", ""frame"": ""policy_stain_relative_xy_base_z"", ""transform"": ""stain_relative_v1"", ""note"": ""existing policy XY transform only; not a full rotated rigid TCP frame""}",,"[444.1732806387623, 370.4683958621717, 173.95861063166103, -0.003275798105300898, 0.06180268733179454, 2.446694272984592]","{""source_acquisition_stamp"": null, ""calibration"": ""deployed EE2TCP unverified"", ""layout"": ""std_msgs.msg.MultiArrayLayout(dim=[], data_offset=0)""}"
rel_single_90deg_best_20260920T160636_1789887996648993205_r3lvdifh,2012,,,1789888015702804628,9534459468747,receipt_only_no_header,,,/ur10skku/currentP,valid,444.17839544218305,370.39793324555365,173.96767313731442,-0.0034134772321399035,0.06189917122847461,2.4467193579680475,-0.0013115289923657466,0.02378294980413943,0.9400804973718598,0.3401195519981064,mm,rotation_vector_rad,xyzw,TCP_from_joint_feedback_FK,robot_base,,"{""values"": [7.803828239440918, 4.450411796569824, 173.96766662597656, -0.003413477214053273, 0.06189917027950287, 2.4467194080352783], ""schema"": ""x_mm,y_mm,z_mm,rotation_vector_rad[3]"", ""frame"": ""policy_stain_relative_xy_base_z"", ""transform"": ""stain_relative_v1"", ""note"": ""existing policy XY transform only; not a full rotated rigid TCP frame""}",,"[444.17839544218305, 370.39793324555365, 173.96767313731442, -0.0034134772321399035, 0.06189917122847461, 2.4467193579680475]","{""source_acquisition_stamp"": null, ""calibration"": ""deployed EE2TCP unverified"", ""layout"": ""std_msgs.msg.MultiArrayLayout(dim=[], data_offset=0)""}"
rel_single_90deg_best_20260920T160636_1789887996648993205_r3lvdifh,2018,,,1789888015758787086,9534515450985,receipt_only_no_header,,,/ur10skku/currentP,valid,444.1666219272818,370.36496428342247,174.01052171476942,-0.003435948274416037,0.06201596523801524,2.446670600085346,-0.0013201765904358746,0.023828072776918445,0.9400715589321071,0.34014106510162195,mm,rotation_vector_rad,xyzw,TCP_from_joint_feedback_FK,robot_base,,"{""values"": [7.792048454284668, 4.417452812194824, 174.01052856445312, -0.0034359481651335955, 0.06201596558094025, 2.4466705322265625], ""schema"": ""x_mm,y_mm,z_mm,rotation_vector_rad[3]"", ""frame"": ""policy_stain_relative_xy_base_z"", ""transform"": ""stain_relative_v1"", ""note"": ""existing policy XY transform only; not a full rotated rigid TCP frame""}",,"[444.1666219272818, 370.36496428342247, 174.01052171476942, -0.003435948274416037, 0.06201596523801524, 2.446670600085346]","{""source_acquisition_stamp"": null, ""calibration"": ""deployed EE2TCP unverified"", ""layout"": ""std_msgs.msg.MultiArrayLayout(dim=[], data_offset=0)""}"
rel_single_90deg_best_20260920T160636_1789887996648993205_r3lvdifh,2020,,,1789888015814636349,9534571301139,receipt_only_no_header,,,/ur10skku/currentP,valid,444.1660636395024,370.28553768574307,174.0046667046771,-0.0035750291698459715,0.062112582626416404,2.4466597381445667,-0.0013736174897256506,0.02386524019085167,0.9400691429512881,0.34014492493120574,mm,rotation_vector_rad,xyzw,TCP_from_joint_feedback_FK,robot_base,,"{""values"": [7.791499137878418, 4.338015556335449, 174.00466918945312, -0.003575029084458947, 0.062112580984830856, 2.446659803390503], ""schema"": ""x_mm,y_mm,z_mm,rotation_vector_rad[3]"", ""frame"": ""policy_stain_relative_xy_base_z"", ""transform"": ""stain_relative_v1"", ""note"": ""existing policy XY transform only; not a full rotated rigid TCP frame""}",,"[444.1660636395024, 370.28553768574307, 174.0046667046771, -0.0035750291698459715, 0.062112582626416404, 2.4466597381445667]","{""source_acquisition_stamp"": null, ""calibration"": ""deployed EE2TCP unverified"", ""layout"": ""std_msgs.msg.MultiArrayLayout(dim=[], data_offset=0)""}"
rel_single_90deg_best_20260920T160636_1789887996648993205_r3lvdifh,2026,,,1789888015870785447,9534627448865,receipt_only_no_header,,,/ur10skku/currentP,valid,444.1721285421897,370.2282985628413,174.06205379774303,-0.0035992774637706114,0.06214799164832144,2.4465279638756834,-0.0013829754957082338,0.023879556500506074,0.94004651146302,0.34020642328786754,mm,rotation_vector_rad,xyzw,TCP_from_joint_feedback_FK,robot_base,,"{""values"": [7.797541618347168, 4.280795097351074, 174.0620574951172, -0.003599277464672923, 0.06214798986911774, 2.4465279579162598], ""schema"": ""x_mm,y_mm,z_mm,rotation_vector_rad[3]"", ""frame"": ""policy_stain_relative_xy_base_z"", ""transform"": ""stain_relative_v1"", ""note"": ""existing policy XY transform only; not a full rotated rigid TCP frame""}",,"[444.1721285421897, 370.2282985628413, 174.06205379774303, -0.0035992774637706114, 0.06214799164832144, 2.4465279638756834]","{""source_acquisition_stamp"": null, ""calibration"": ""deployed EE2TCP unverified"", ""layout"": ""std_msgs.msg.MultiArrayLayout(dim=[], data_offset=0)""}"
rel_single_90deg_best_20260920T160636_1789887996648993205_r3lvdifh,2032,,,1789888015926860503,9534683528900,receipt_only_no_header,,,/ur10skku/currentP,valid,444.16611469345315,370.2314179049086,174.07322072010294,-0.003659031492299242,0.06217738755717142,2.4465404919995244,-0.0014059309259835825,0.023890778816053157,0.9400484654511192,0.3402001420469868,mm,rotation_vector_rad,xyzw,TCP_from_joint_feedback_FK,robot_base,,"{""values"": [7.791529655456543, 4.283907890319824, 174.07322692871094, -0.0036590315867215395, 0.0621773861348629, 2.446540594100952], ""schema"": ""x_mm,y_mm,z_mm,rotation_vector_rad[3]"", ""frame"": ""policy_stain_relative_xy_base_z"", ""transform"": ""stain_relative_v1"", ""note"": ""existing policy XY transform only; not a full rotated rigid TCP frame""}",,"[444.16611469345315, 370.2314179049086, 174.07322072010294, -0.003659031492299242, 0.06217738755717142, 2.4465404919995244]","{""source_acquisition_stamp"": null, ""calibration"": ""deployed EE2TCP unverified"", ""layout"": ""std_msgs.msg.MultiArrayLayout(dim=[], data_offset=0)""}"
rel_single_90deg_best_20260920T160636_1789887996648993205_r3lvdifh,2038,,,1789888015982832632,9534739498594,receipt_only_no_header,,,/ur10skku/currentP,valid,444.2124420358691,370.1846935100079,174.1325384982344,-0.003821822321404662,0.06210105096581514,2.446436175685301,-0.0014685164284598113,0.02386202337485995,0.9400310671302562,0.34024996712697686,mm,rotation_vector_rad,xyzw,TCP_from_joint_feedback_FK,robot_base,,"{""values"": [7.837855339050293, 4.237185478210449, 174.13253784179688, -0.0038218223489820957, 0.06210105121135712, 2.4464361667633057], ""schema"": ""x_mm,y_mm,z_mm,rotation_vector_rad[3]"", ""frame"": ""policy_stain_relative_xy_base_z"", ""transform"": ""stain_relative_v1"", ""note"": ""existing policy XY transform only; not a full rotated rigid TCP frame""}",,"[444.2124420358691, 370.1846935100079, 174.1325384982344, -0.003821822321404662, 0.06210105096581514, 2.446436175685301]","{""source_acquisition_stamp"": null, ""calibration"": ""deployed EE2TCP unverified"", ""layout"": ""std_msgs.msg.MultiArrayLayout(dim=[], data_offset=0)""}"
rel_single_90deg_best_20260920T160636_1789887996648993205_r3lvdifh,2043,,,1789888016034206264,9534790869191,receipt_only_no_header,,,/ur10skku/currentP,valid,444.18130142962,370.19417048523786,174.13993170523923,-0.0037847586547663055,0.06220397888852481,2.446422233917109,-0.001454278665569089,0.023901634863076185,0.9400281461220946,0.34025531799325776,mm,rotation_vector_rad,xyzw,TCP_from_joint_feedback_FK,robot_base,,"{""values"": [7.806727409362793, 4.246676445007324, 174.1399383544922, -0.003784758737310767, 0.06220397725701332, 2.4464223384857178], ""schema"": ""x_mm,y_mm,z_mm,rotation_vector_rad[3]"", ""frame"": ""policy_stain_relative_xy_base_z"", ""transform"": ""stain_relative_v1"", ""note"": ""existing policy XY transform only; not a full rotated rigid TCP frame""}",,"[444.18130142962, 370.19417048523786, 174.13993170523923, -0.0037847586547663055, 0.06220397888852481, 2.446422233917109]","{""source_acquisition_stamp"": null, ""calibration"": ""deployed EE2TCP unverified"", ""layout"": ""std_msgs.msg.MultiArrayLayout(dim=[], data_offset=0)""}"
rel_single_90deg_best_20260920T160636_1789887996648993205_r3lvdifh,2046,,,1789888016086737899,9534843402138,receipt_only_no_header,,,/ur10skku/currentP,valid,444.1543663090519,370.14115792106986,174.16152659855203,-0.0037759094814520827,0.06224797584355104,2.446338143568172,-0.001450905812121495,0.023918992334920664,0.9400135909912203,0.3402943217713119,mm,rotation_vector_rad,xyzw,TCP_from_joint_feedback_FK,robot_base,,"{""values"": [7.779780387878418, 4.193636894226074, 174.16152954101562, -0.0037759095430374146, 0.062247976660728455, 2.446338176727295], ""schema"": ""x_mm,y_mm,z_mm,rotation_vector_rad[3]"", ""frame"": ""policy_stain_relative_xy_base_z"", ""transform"": ""stain_relative_v1"", ""note"": ""existing policy XY transform only; not a full rotated rigid TCP frame""}",,"[444.1543663090519, 370.14115792106986, 174.16152659855203, -0.0037759094814520827, 0.06224797584355104, 2.446338143568172]","{""source_acquisition_stamp"": null, ""calibration"": ""deployed EE2TCP unverified"", ""layout"": ""std_msgs.msg.MultiArrayLayout(dim=[], data_offset=0)""}"
rel_single_90deg_best_20260920T160636_1789887996648993205_r3lvdifh,2052,,,1789888016142801212,9534899465582,receipt_only_no_header,,,/ur10skku/currentP,valid,444.15873595476387,370.1626404199072,174.19725037399303,-0.003802343376649259,0.06220614593060249,2.4463745135053334,-0.001461051369179346,0.02390272673462985,0.9400200030414371,0.3402777084463852,mm,rotation_vector_rad,xyzw,TCP_from_joint_feedback_FK,robot_base,,"{""values"": [7.784144401550293, 4.215121269226074, 174.19725036621094, -0.0038023432716727257, 0.062206145375967026, 2.4463744163513184], ""schema"": ""x_mm,y_mm,z_mm,rotation_vector_rad[3]"", ""frame"": ""policy_stain_relative_xy_base_z"", ""transform"": ""stain_relative_v1"", ""note"": ""existing policy XY transform only; not a full rotated rigid TCP frame""}",,"[444.15873595476387, 370.1626404199072, 174.19725037399303, -0.003802343376649259, 0.06220614593060249, 2.4463745135053334]","{""source_acquisition_stamp"": null, ""calibration"": ""deployed EE2TCP unverified"", ""layout"": ""std_msgs.msg.MultiArrayLayout(dim=[], data_offset=0)""}"
rel_single_90deg_best_20260920T160636_1789887996648993205_r3lvdifh,2058,,,1789888016198732522,9534955401140,receipt_only_no_header,,,/ur10skku/currentP,valid,444.1657537308752,370.1614870135181,174.21813227312373,-0.003885464045180844,0.06212992927362698,2.4463884234534663,-0.001492986392952416,0.023873374691414425,0.9400227580596081,0.3402720195703449,mm,rotation_vector_rad,xyzw,TCP_from_joint_feedback_FK,robot_base,,"{""values"": [7.791163444519043, 4.213992118835449, 174.2181396484375, -0.003885464044287801, 0.06212992966175079, 2.4463884830474854], ""schema"": ""x_mm,y_mm,z_mm,rotation_vector_rad[3]"", ""frame"": ""policy_stain_relative_xy_base_z"", ""transform"": ""stain_relative_v1"", ""note"": ""existing policy XY transform only; not a full rotated rigid TCP frame""}",,"[444.1657537308752, 370.1614870135181, 174.21813227312373, -0.003885464045180844, 0.06212992927362698, 2.4463884234534663]","{""source_acquisition_stamp"": null, ""calibration"": ""deployed EE2TCP unverified"", ""layout"": ""std_msgs.msg.MultiArrayLayout(dim=[], data_offset=0)""}"
rel_single_90deg_best_20260920T160636_1789887996648993205_r3lvdifh,2064,,,1789888016254767942,9535011435258,receipt_only_no_header,,,/ur10skku/currentP,valid,444.14808433745736,370.1465329864352,174.25906791667626,-0.0038867121988716796,0.062129085957782375,2.446376447650141,-0.001493470072804639,0.023873115831831195,0.9400207230265866,0.340277657462542,mm,rotation_vector_rad,xyzw,TCP_from_joint_feedback_FK,robot_base,,"{""values"": [7.773493766784668, 4.199038505554199, 174.25906372070312, -0.003886712249368429, 0.06212908774614334, 2.4463765621185303], ""schema"": ""x_mm,y_mm,z_mm,rotation_vector_rad[3]"", ""frame"": ""policy_stain_relative_xy_base_z"", ""transform"": ""stain_relative_v1"", ""note"": ""existing policy XY transform only; not a full rotated rigid TCP frame""}",,"[444.14808433745736, 370.1465329864352, 174.25906791667626, -0.0038867121988716796, 0.062129085957782375, 2.446376447650141]","{""source_acquisition_stamp"": null, ""calibration"": ""deployed EE2TCP unverified"", ""layout"": ""std_msgs.msg.MultiArrayLayout(dim=[], data_offset=0)""}"
rel_single_90deg_best_20260920T160636_1789887996648993205_r3lvdifh,2070,,,1789888016310757484,9535067422104,receipt_only_no_header,,,/ur10skku/currentP,valid,444.1257425463174,370.18797309905347,174.26891113369908,-0.003857934416496571,0.06205798103305409,2.446388691729155,-0.0014824086959612359,0.023845737331309708,0.9400232038194768,0.34027277228210717,mm,rotation_vector_rad,xyzw,TCP_from_joint_feedback_FK,robot_base,,"{""values"": [7.751154899597168, 4.240481376647949, 174.26890563964844, -0.003857934381812811, 0.0620579794049263, 2.4463887214660645], ""schema"": ""x_mm,y_mm,z_mm,rotation_vector_rad[3]"", ""frame"": ""policy_stain_relative_xy_base_z"", ""transform"": ""stain_relative_v1"", ""note"": ""existing policy XY transform only; not a full rotated rigid TCP frame""}",,"[444.1257425463174, 370.18797309905347, 174.26891113369908, -0.003857934416496571, 0.06205798103305409, 2.446388691729155]","{""source_acquisition_stamp"": null, ""calibration"": ""deployed EE2TCP unverified"", ""layout"": ""std_msgs.msg.MultiArrayLayout(dim=[], data_offset=0)""}"
rel_single_90deg_best_20260920T160636_1789887996648993205_r3lvdifh,2076,,,1789888016366812582,9535123482221,receipt_only_no_header,,,/ur10skku/currentP,valid,444.10980437092985,370.1606356413833,174.24863789384483,-0.0038864043911789594,0.062145087681987815,2.446412224066708,-0.0014933394982675119,0.023879067826664782,0.940026727927567,0.3402606513228711,mm,rotation_vector_rad,xyzw,TCP_from_joint_feedback_FK,robot_base,,"{""values"": [7.735224723815918, 4.213137626647949, 174.24864196777344, -0.0038864044472575188, 0.062145087867975235, 2.4464123249053955], ""schema"": ""x_mm,y_mm,z_mm,rotation_vector_rad[3]"", ""frame"": ""policy_stain_relative_xy_base_z"", ""transform"": ""stain_relative_v1"", ""note"": ""existing policy XY transform only; not a full rotated rigid TCP frame""}",,"[444.10980437092985, 370.1606356413833, 174.24863789384483, -0.0038864043911789594, 0.062145087681987815, 2.446412224066708]","{""source_acquisition_stamp"": null, ""calibration"": ""deployed EE2TCP unverified"", ""layout"": ""std_msgs.msg.MultiArrayLayout(dim=[], data_offset=0)""}"
rel_single_90deg_best_20260920T160636_1789887996648993205_r3lvdifh,2081,,,1789888016435108614,9535191773795,receipt_only_no_header,,,/ur10skku/currentP,valid,444.1278988780277,370.20047725848974,174.290060652178,-0.003914601119316111,0.062024226650146674,2.4464497380162813,-0.0015041621985656202,0.023832440210080894,0.9400337619220152,0.34024443968484996,mm,rotation_vector_rad,xyzw,TCP_from_joint_feedback_FK,robot_base,,"{""values"": [7.753321647644043, 4.252963066101074, 174.29005432128906, -0.003914601169526577, 0.062024228274822235, 2.4464497566223145], ""schema"": ""x_mm,y_mm,z_mm,rotation_vector_rad[3]"", ""frame"": ""policy_stain_relative_xy_base_z"", ""transform"": ""stain_relative_v1"", ""note"": ""existing policy XY transform only; not a full rotated rigid TCP frame""}",,"[444.1278988780277, 370.20047725848974, 174.290060652178, -0.003914601119316111, 0.062024226650146674, 2.4464497380162813]","{""source_acquisition_stamp"": null, ""calibration"": ""deployed EE2TCP unverified"", ""layout"": ""std_msgs.msg.MultiArrayLayout(dim=[], data_offset=0)""}"
rel_single_90deg_best_20260920T160636_1789887996648993205_r3lvdifh,2084,,,1789888016487101805,9535243769832,receipt_only_no_header,,,/ur10skku/currentP,valid,444.0876919898101,370.23255647531295,174.22426313336746,-0.0038293993276023947,0.06205285969887738,2.446496097921108,-0.0014714081906128569,0.02384318745599331,0.9400415284026701,0.3402223717633027,mm,rotation_vector_rad,xyzw,TCP_from_joint_feedback_FK,robot_base,,"{""values"": [7.713099479675293, 4.285037040710449, 174.22425842285156, -0.0038293993566185236, 0.06205286085605621, 2.44649600982666], ""schema"": ""x_mm,y_mm,z_mm,rotation_vector_rad[3]"", ""frame"": ""policy_stain_relative_xy_base_z"", ""transform"": ""stain_relative_v1"", ""note"": ""existing policy XY transform only; not a full rotated rigid TCP frame""}",,"[444.0876919898101, 370.23255647531295, 174.22426313336746, -0.0038293993276023947, 0.06205285969887738, 2.446496097921108]","{""source_acquisition_stamp"": null, ""calibration"": ""deployed EE2TCP unverified"", ""layout"": ""std_msgs.msg.MultiArrayLayout(dim=[], data_offset=0)""}"
rel_single_90deg_best_20260920T160636_1789887996648993205_r3lvdifh,2090,,,1789888016542803304,9535299471381,receipt_only_no_header,,,/ur10skku/currentP,valid,444.08768529915835,370.2263823381438,174.21066171575342,-0.0037960437811793606,0.062060368251511906,2.446423641377851,-0.0014586156690021613,0.023846465102564215,0.9400291624725214,0.3402563625322123,mm,rotation_vector_rad,xyzw,TCP_from_joint_feedback_FK,robot_base,,"{""values"": [7.713099479675293, 4.278872489929199, 174.21066284179688, -0.0037960438057780266, 0.062060367316007614, 2.4464235305786133], ""schema"": ""x_mm,y_mm,z_mm,rotation_vector_rad[3]"", ""frame"": ""policy_stain_relative_xy_base_z"", ""transform"": ""stain_relative_v1"", ""note"": ""existing policy XY transform only; not a full rotated rigid TCP frame""}",,"[444.08768529915835, 370.2263823381438, 174.21066171575342, -0.0037960437811793606, 0.062060368251511906, 2.446423641377851]","{""source_acquisition_stamp"": null, ""calibration"": ""deployed EE2TCP unverified"", ""layout"": ""std_msgs.msg.MultiArrayLayout(dim=[], data_offset=0)""}"
rel_single_90deg_best_20260920T160636_1789887996648993205_r3lvdifh,2096,,,1789888016598863722,9535355536388,receipt_only_no_header,,,/ur10skku/currentP,valid,444.11742493672193,370.2298597474388,174.21130514230742,-0.003925343455011654,0.061915387774245725,2.4464868470132886,-0.0015082780768149796,0.023790433389507263,0.9400406662135992,0.3402282854806094,mm,rotation_vector_rad,xyzw,TCP_from_joint_feedback_FK,robot_base,,"{""values"": [7.742854118347168, 4.282351493835449, 174.2113037109375, -0.003925343509763479, 0.06191538646817207, 2.4464869499206543], ""schema"": ""x_mm,y_mm,z_mm,rotation_vector_rad[3]"", ""frame"": ""policy_stain_relative_xy_base_z"", ""transform"": ""stain_relative_v1"", ""note"": ""existing policy XY transform only; not a full rotated rigid TCP frame""}",,"[444.11742493672193, 370.2298597474388, 174.21130514230742, -0.003925343455011654, 0.061915387774245725, 2.4464868470132886]","{""source_acquisition_stamp"": null, ""calibration"": ""deployed EE2TCP unverified"", ""layout"": ""std_msgs.msg.MultiArrayLayout(dim=[], data_offset=0)""}"
rel_single_90deg_best_20260920T160636_1789887996648993205_r3lvdifh,2102,,,1789888016668427086,9535425098840,receipt_only_no_header,,,/ur10skku/currentP,valid,444.1036780197632,370.22070094698904,174.20321964821085,-0.003868158130957731,0.06188534741958502,2.4464383746844773,-0.0014863218160591646,0.023779157637838323,0.9400325955747743,0.3402514684265841,mm,rotation_vector_rad,xyzw,TCP_from_joint_feedback_FK,robot_base,,"{""values"": [7.729090690612793, 4.273196220397949, 174.20321655273438, -0.003868158208206296, 0.061885345727205276, 2.4464383125305176], ""schema"": ""x_mm,y_mm,z_mm,rotation_vector_rad[3]"", ""frame"": ""policy_stain_relative_xy_base_z"", ""transform"": ""stain_relative_v1"", ""note"": ""existing policy XY transform only; not a full rotated rigid TCP frame""}",,"[444.1036780197632, 370.22070094698904, 174.20321964821085, -0.003868158130957731, 0.06188534741958502, 2.4464383746844773]","{""source_acquisition_stamp"": null, ""calibration"": ""deployed EE2TCP unverified"", ""layout"": ""std_msgs.msg.MultiArrayLayout(dim=[], data_offset=0)""}"
rel_single_90deg_best_20260920T160636_1789887996648993205_r3lvdifh,2108,,,1789888016718679016,9535475342724,receipt_only_no_header,,,/ur10skku/currentP,valid,444.0924337895299,370.2186249173082,174.17537278473844,-0.0038815594653820013,0.06190434900321713,2.4464263699133686,-0.0014914751219212057,0.02378652119089451,0.9400304441757924,0.3402568749257806,mm,rotation_vector_rad,xyzw,TCP_from_joint_feedback_FK,robot_base,,"{""values"": [7.717860221862793, 4.271121025085449, 174.1753692626953, -0.0038815594743937254, 0.06190434843301773, 2.4464263916015625], ""schema"": ""x_mm,y_mm,z_mm,rotation_vector_rad[3]"", ""frame"": ""policy_stain_relative_xy_base_z"", ""transform"": ""stain_relative_v1"", ""note"": ""existing policy XY transform only; not a full rotated rigid TCP frame""}",,"[444.0924337895299, 370.2186249173082, 174.17537278473844, -0.0038815594653820013, 0.06190434900321713, 2.4464263699133686]","{""source_acquisition_stamp"": null, ""calibration"": ""deployed EE2TCP unverified"", ""layout"": ""std_msgs.msg.MultiArrayLayout(dim=[], data_offset=0)""}"
rel_single_90deg_best_20260920T160636_1789887996648993205_r3lvdifh,2113,,,1789888016768833999,9535525497818,receipt_only_no_header,,,/ur10skku/currentP,valid,444.05843707787307,370.2209500257825,174.12442919129575,-0.0038218026177714018,0.06201959774361042,2.446532230827306,-0.001468477438363745,0.023830215511233,0.9400478628837745,0.3402057905009108,mm,rotation_vector_rad,xyzw,TCP_from_joint_feedback_FK,robot_base,,"{""values"": [7.683863639831543, 4.273440361022949, 174.1244354248047, -0.003821802558377385, 0.06201959773898125, 2.4465322494506836], ""schema"": ""x_mm,y_mm,z_mm,rotation_vector_rad[3]"", ""frame"": ""policy_stain_relative_xy_base_z"", ""transform"": ""stain_relative_v1"", ""note"": ""existing policy XY transform only; not a full rotated rigid TCP frame""}",,"[444.05843707787307, 370.2209500257825, 174.12442919129575, -0.0038218026177714018, 0.06201959774361042, 2.446532230827306]","{""source_acquisition_stamp"": null, ""calibration"": ""deployed EE2TCP unverified"", ""layout"": ""std_msgs.msg.MultiArrayLayout(dim=[], data_offset=0)""}"
rel_single_90deg_best_20260920T160636_1789887996648993205_r3lvdifh,2116,,,1789888016823849241,9535580513180,receipt_only_no_header,,,/ur10skku/currentP,valid,444.0516495924994,370.23478324010347,174.14671908278058,-0.003848271556036372,0.061913208419999956,2.4465336047891846,-0.0014786482106828134,0.023789343739077796,0.9400486645549787,0.3402063917570249,mm,rotation_vector_rad,xyzw,TCP_from_joint_feedback_FK,robot_base,,"{""values"": [7.677058219909668, 4.287264823913574, 174.14671325683594, -0.003848271444439888, 0.06191320717334747, 2.446533679962158], ""schema"": ""x_mm,y_mm,z_mm,rotation_vector_rad[3]"", ""frame"": ""policy_stain_relative_xy_base_z"", ""transform"": ""stain_relative_v1"", ""note"": ""existing policy XY transform only; not a full rotated rigid TCP frame""}",,"[444.0516495924994, 370.23478324010347, 174.14671908278058, -0.003848271556036372, 0.061913208419999956, 2.4465336047891846]","{""source_acquisition_stamp"": null, ""calibration"": ""deployed EE2TCP unverified"", ""layout"": ""std_msgs.msg.MultiArrayLayout(dim=[], data_offset=0)""}"
rel_single_90deg_best_20260920T160636_1789887996648993205_r3lvdifh,2122,,,1789888016878977670,9535635646939,receipt_only_no_header,,,/ur10skku/currentP,valid,444.0637633417733,370.18993271573504,174.14115535819934,-0.0038751878831468642,0.0619987544820515,2.4464852865339126,-0.0014890060878110399,0.023822463747360457,0.9400399658637852,0.3402280641873768,mm,rotation_vector_rad,xyzw,TCP_from_joint_feedback_FK,robot_base,,"{""values"": [7.689173698425293, 4.242434501647949, 174.1411590576172, -0.0038751878309994936, 0.06199875473976135, 2.4464852809906006], ""schema"": ""x_mm,y_mm,z_mm,rotation_vector_rad[3]"", ""frame"": ""policy_stain_relative_xy_base_z"", ""transform"": ""stain_relative_v1"", ""note"": ""existing policy XY transform only; not a full rotated rigid TCP frame""}",,"[444.0637633417733, 370.18993271573504, 174.14115535819934, -0.0038751878831468642, 0.0619987544820515, 2.4464852865339126]","{""source_acquisition_stamp"": null, ""calibration"": ""deployed EE2TCP unverified"", ""layout"": ""std_msgs.msg.MultiArrayLayout(dim=[], data_offset=0)""}"
rel_single_90deg_best_20260920T160636_1789887996648993205_r3lvdifh,2128,,,1789888016934715820,9535691384337,receipt_only_no_header,,,/ur10skku/currentP,valid,444.07586823490107,370.2146461686717,174.15913058321559,-0.0039215746956395925,0.06194520476060416,2.4464744572256327,-0.001506833957783644,0.02380195337320123,0.9400383965902378,0.3402337570011218,mm,rotation_vector_rad,xyzw,TCP_from_joint_feedback_FK,robot_base,,"{""values"": [7.701289176940918, 4.267153739929199, 174.1591339111328, -0.003921574912965298, 0.06194520369172096, 2.446474552154541], ""schema"": ""x_mm,y_mm,z_mm,rotation_vector_rad[3]"", ""frame"": ""policy_stain_relative_xy_base_z"", ""transform"": ""stain_relative_v1"", ""note"": ""existing policy XY transform only; not a full rotated rigid TCP frame""}",,"[444.07586823490107, 370.2146461686717, 174.15913058321559, -0.0039215746956395925, 0.06194520476060416, 2.4464744572256327]","{""source_acquisition_stamp"": null, ""calibration"": ""deployed EE2TCP unverified"", ""layout"": ""std_msgs.msg.MultiArrayLayout(dim=[], data_offset=0)""}"
rel_single_90deg_best_20260920T160636_1789887996648993205_r3lvdifh,2134,,,1789888017001898996,9535758564327,receipt_only_no_header,,,/ur10skku/currentP,valid,444.069909273309,370.2053056512316,174.1577047704409,-0.003856560440898741,0.06194540505253121,2.4464252201861387,-0.0014818693882015003,0.023802297641599118,0.9400300345022237,0.34025694544541707,mm,rotation_vector_rad,xyzw,TCP_from_joint_feedback_FK,robot_base,,"{""values"": [7.695338249206543, 4.257784843444824, 174.15769958496094, -0.0038565604481846094, 0.06194540485739708, 2.446425199508667], ""schema"": ""x_mm,y_mm,z_mm,rotation_vector_rad[3]"", ""frame"": ""policy_stain_relative_xy_base_z"", ""transform"": ""stain_relative_v1"", ""note"": ""existing policy XY transform only; not a full rotated rigid TCP frame""}",,"[444.069909273309, 370.2053056512316, 174.1577047704409, -0.003856560440898741, 0.06194540505253121, 2.4464252201861387]","{""source_acquisition_stamp"": null, ""calibration"": ""deployed EE2TCP unverified"", ""layout"": ""std_msgs.msg.MultiArrayLayout(dim=[], data_offset=0)""}"
rel_single_90deg_best_20260920T160636_1789887996648993205_r3lvdifh,2140,,,1789888017054953264,9535811619817,receipt_only_no_header,,,/ur10skku/currentP,valid,444.0469831272166,370.1853247690431,174.19033801301077,-0.0038720583942508232,0.06195008238709165,2.4464617110936424,-0.0014878120136379309,0.023803896387055358,0.9400362169317397,0.3402397269409759,mm,rotation_vector_rad,xyzw,TCP_from_joint_feedback_FK,robot_base,,"{""values"": [7.672419548034668, 4.237826347351074, 174.19033813476562, -0.003872058354318142, 0.06195008382201195, 2.4464616775512695], ""schema"": ""x_mm,y_mm,z_mm,rotation_vector_rad[3]"", ""frame"": ""policy_stain_relative_xy_base_z"", ""transform"": ""stain_relative_v1"", ""note"": ""existing policy XY transform only; not a full rotated rigid TCP frame""}",,"[444.0469831272166, 370.1853247690431, 174.19033801301077, -0.0038720583942508232, 0.06195008238709165, 2.4464617110936424]","{""source_acquisition_stamp"": null, ""calibration"": ""deployed EE2TCP unverified"", ""layout"": ""std_msgs.msg.MultiArrayLayout(dim=[], data_offset=0)""}"
rel_single_90deg_best_20260920T160636_1789887996648993205_r3lvdifh,2146,,,1789888017110771376,9535867435095,receipt_only_no_header,,,/ur10skku/currentP,valid,444.02711644669995,370.200309574088,174.18226427241177,-0.003851088373451208,0.061977540239541065,2.446484693476895,-0.0014797464616284628,0.02381431870069198,0.9400399880609221,0.3402286134669634,mm,rotation_vector_rad,xyzw,TCP_from_joint_feedback_FK,robot_base,,"{""values"": [7.652552604675293, 4.252810478210449, 174.18226623535156, -0.003851088462397456, 0.06197753921151161, 2.4464848041534424], ""schema"": ""x_mm,y_mm,z_mm,rotation_vector_rad[3]"", ""frame"": ""policy_stain_relative_xy_base_z"", ""transform"": ""stain_relative_v1"", ""note"": ""existing policy XY transform only; not a full rotated rigid TCP frame""}",,"[444.02711644669995, 370.200309574088, 174.18226427241177, -0.003851088373451208, 0.061977540239541065, 2.446484693476895]","{""source_acquisition_stamp"": null, ""calibration"": ""deployed EE2TCP unverified"", ""layout"": ""std_msgs.msg.MultiArrayLayout(dim=[], data_offset=0)""}"
rel_single_90deg_best_20260920T160636_1789887996648993205_r3lvdifh,2152,,,1789888017166962204,9535923629269,receipt_only_no_header,,,/ur10skku/currentP,valid,444.0308826362544,370.17589201279355,174.1733849391677,-0.0038810532403135557,0.061984525436118064,2.4464730959499983,-0.001491264056086671,0.02381706436189082,0.9400379655391061,0.340233959095495,mm,rotation_vector_rad,xyzw,TCP_from_joint_feedback_FK,robot_base,,"{""values"": [7.656306266784668, 4.228396415710449, 174.1733856201172, -0.003881053300574422, 0.06198452413082123, 2.4464731216430664], ""schema"": ""x_mm,y_mm,z_mm,rotation_vector_rad[3]"", ""frame"": ""policy_stain_relative_xy_base_z"", ""transform"": ""stain_relative_v1"", ""note"": ""existing policy XY transform only; not a full rotated rigid TCP frame""}",,"[444.0308826362544, 370.17589201279355, 174.1733849391677, -0.0038810532403135557, 0.061984525436118064, 2.4464730959499983]","{""source_acquisition_stamp"": null, ""calibration"": ""deployed EE2TCP unverified"", ""layout"": ""std_msgs.msg.MultiArrayLayout(dim=[], data_offset=0)""}"
rel_single_90deg_best_20260920T160636_1789887996648993205_r3lvdifh,2157,,,1789888017235459723,9535992124163,receipt_only_no_header,,,/ur10skku/currentP,valid,444.0401290330143,370.1900629813988,174.20245343993298,-0.003889373274511823,0.06195314660391003,2.4464375595572245,-0.001494473318635556,0.023805204095943115,0.9400320823989459,0.3402510291948459,mm,rotation_vector_rad,xyzw,TCP_from_joint_feedback_FK,robot_base,,"{""values"": [7.665553092956543, 4.242556571960449, 174.20245361328125, -0.0038893732707947493, 0.06195314601063728, 2.4464375972747803], ""schema"": ""x_mm,y_mm,z_mm,rotation_vector_rad[3]"", ""frame"": ""policy_stain_relative_xy_base_z"", ""transform"": ""stain_relative_v1"", ""note"": ""existing policy XY transform only; not a full rotated rigid TCP frame""}",,"[444.0401290330143, 370.1900629813988, 174.20245343993298, -0.003889373274511823, 0.06195314660391003, 2.4464375595572245]","{""source_acquisition_stamp"": null, ""calibration"": ""deployed EE2TCP unverified"", ""layout"": ""std_msgs.msg.MultiArrayLayout(dim=[], data_offset=0)""}"
rel_single_90deg_best_20260920T160636_1789887996648993205_r3lvdifh,2160,,,1789888017286875797,9536043545266,receipt_only_no_header,,,/ur10skku/currentP,valid,443.9997083180811,370.1524062977919,174.20397585521982,-0.0038711748831448006,0.062030115111021814,2.446496519543457,-0.0014874600580936077,0.02383444856194125,0.9400417095415943,0.3402224137919791,mm,rotation_vector_rad,xyzw,TCP_from_joint_feedback_FK,robot_base,,"{""values"": [7.625117301940918, 4.204897880554199, 174.2039794921875, -0.003871174994856119, 0.062030114233493805, 2.4464964866638184], ""schema"": ""x_mm,y_mm,z_mm,rotation_vector_rad[3]"", ""frame"": ""policy_stain_relative_xy_base_z"", ""transform"": ""stain_relative_v1"", ""note"": ""existing policy XY transform only; not a full rotated rigid TCP frame""}",,"[443.9997083180811, 370.1524062977919, 174.20397585521982, -0.0038711748831448006, 0.062030115111021814, 2.446496519543457]","{""source_acquisition_stamp"": null, ""calibration"": ""deployed EE2TCP unverified"", ""layout"": ""std_msgs.msg.MultiArrayLayout(dim=[], data_offset=0)""}"
rel_single_90deg_best_20260920T160636_1789887996648993205_r3lvdifh,2166,,,1789888017342872412,9536099538385,receipt_only_no_header,,,/ur10skku/currentP,valid,444.0274042735494,370.13441594455014,174.1853028138985,-0.003927772918474246,0.06205959490632717,2.4464610848258452,-0.0015092191704477202,0.023845963676339958,0.9400354973697805,0.3402386749894724,mm,rotation_vector_rad,xyzw,TCP_from_joint_feedback_FK,robot_base,,"{""values"": [7.652827262878418, 4.186923027038574, 174.185302734375, -0.003927772864699364, 0.06205959618091583, 2.4464612007141113], ""schema"": ""x_mm,y_mm,z_mm,rotation_vector_rad[3]"", ""frame"": ""policy_stain_relative_xy_base_z"", ""transform"": ""stain_relative_v1"", ""note"": ""existing policy XY transform only; not a full rotated rigid TCP frame""}",,"[444.0274042735494, 370.13441594455014, 174.1853028138985, -0.003927772918474246, 0.06205959490632717, 2.4464610848258452]","{""source_acquisition_stamp"": null, ""calibration"": ""deployed EE2TCP unverified"", ""layout"": ""std_msgs.msg.MultiArrayLayout(dim=[], data_offset=0)""}"
rel_single_90deg_best_20260920T160636_1789887996648993205_r3lvdifh,2172,,,1789888017398812288,9536155479704,receipt_only_no_header,,,/ur10skku/currentP,valid,444.0099049024123,370.183186413621,174.20988192915883,-0.0039007886813217474,0.0619733801086044,2.4465457941886464,-0.001498822524690212,0.023812389141390413,0.9400503958531631,0.34019990727619226,mm,rotation_vector_rad,xyzw,TCP_from_joint_feedback_FK,robot_base,,"{""values"": [7.635340690612793, 4.235690116882324, 174.2098846435547, -0.003900788724422455, 0.06197338178753853, 2.4465458393096924], ""schema"": ""x_mm,y_mm,z_mm,rotation_vector_rad[3]"", ""frame"": ""policy_stain_relative_xy_base_z"", ""transform"": ""stain_relative_v1"", ""note"": ""existing policy XY transform only; not a full rotated rigid TCP frame""}",,"[444.0099049024123, 370.183186413621, 174.20988192915883, -0.0039007886813217474, 0.0619733801086044, 2.4465457941886464]","{""source_acquisition_stamp"": null, ""calibration"": ""deployed EE2TCP unverified"", ""layout"": ""std_msgs.msg.MultiArrayLayout(dim=[], data_offset=0)""}"
rel_single_90deg_best_20260920T160636_1789887996648993205_r3lvdifh,2178,,,1789888017454784136,9536211449488,receipt_only_no_header,,,/ur10skku/currentP,valid,444.0051683170161,370.15758971354825,174.21306603112384,-0.0038661069862305953,0.06198071780456416,2.446497247731265,-0.0014855129494450255,0.02381547102615183,0.9400421031363666,0.3402226637395516,mm,rotation_vector_rad,xyzw,TCP_from_joint_feedback_FK,robot_base,,"{""values"": [7.630579948425293, 4.210085868835449, 174.2130584716797, -0.0038661069702357054, 0.0619807168841362, 2.4464972019195557], ""schema"": ""x_mm,y_mm,z_mm,rotation_vector_rad[3]"", ""frame"": ""policy_stain_relative_xy_base_z"", ""transform"": ""stain_relative_v1"", ""note"": ""existing policy XY transform only; not a full rotated rigid TCP frame""}",,"[444.0051683170161, 370.15758971354825, 174.21306603112384, -0.0038661069862305953, 0.06198071780456416, 2.446497247731265]","{""source_acquisition_stamp"": null, ""calibration"": ""deployed EE2TCP unverified"", ""layout"": ""std_msgs.msg.MultiArrayLayout(dim=[], data_offset=0)""}"
rel_single_90deg_best_20260920T160636_1789887996648993205_r3lvdifh,2184,,,1789888017510712751,9536267377391,receipt_only_no_header,,,/ur10skku/currentP,valid,444.00811376996995,370.1683240909287,174.20201887757787,-0.0039028732129973436,0.06195871243722299,2.446569949979235,-0.0014996153556211538,0.023806624380200744,0.940054586803365,0.3401887264730563,mm,rotation_vector_rad,xyzw,TCP_from_joint_feedback_FK,robot_base,,"{""values"": [7.633540153503418, 4.220828056335449, 174.2020263671875, -0.003902873257175088, 0.061958711594343185, 2.4465699195861816], ""schema"": ""x_mm,y_mm,z_mm,rotation_vector_rad[3]"", ""frame"": ""policy_stain_relative_xy_base_z"", ""transform"": ""stain_relative_v1"", ""note"": ""existing policy XY transform only; not a full rotated rigid TCP frame""}",,"[444.00811376996995, 370.1683240909287, 174.20201887757787, -0.0039028732129973436, 0.06195871243722299, 2.446569949979235]","{""source_acquisition_stamp"": null, ""calibration"": ""deployed EE2TCP unverified"", ""layout"": ""std_msgs.msg.MultiArrayLayout(dim=[], data_offset=0)""}"
rel_single_90deg_best_20260920T160636_1789887996648993205_r3lvdifh,2189,,,1789888017569194125,9536325858064,receipt_only_no_header,,,/ur10skku/currentP,valid,444.0168338947595,370.19077129779834,174.2387861347139,-0.0039002242991860014,0.06190825968968459,2.446510079209474,-0.0014986184157689433,0.02378756987861711,0.9400446686701709,0.34021746952045573,mm,rotation_vector_rad,xyzw,TCP_from_joint_feedback_FK,robot_base,,"{""values"": [7.642268180847168, 4.243258476257324, 174.23878479003906, -0.003900224342942238, 0.061908259987831116, 2.446510076522827], ""schema"": ""x_mm,y_mm,z_mm,rotation_vector_rad[3]"", ""frame"": ""policy_stain_relative_xy_base_z"", ""transform"": ""stain_relative_v1"", ""note"": ""existing policy XY transform only; not a full rotated rigid TCP frame""}",,"[444.0168338947595, 370.19077129779834, 174.2387861347139, -0.0039002242991860014, 0.06190825968968459, 2.446510079209474]","{""source_acquisition_stamp"": null, ""calibration"": ""deployed EE2TCP unverified"", ""layout"": ""std_msgs.msg.MultiArrayLayout(dim=[], data_offset=0)""}"
rel_single_90deg_best_20260920T160636_1789887996648993205_r3lvdifh,2192,,,1789888017624560180,9536381224820,receipt_only_no_header,,,/ur10skku/currentP,valid,444.00709336207285,370.1788770130569,174.23505926727688,-0.003908475323109991,0.061943394585682515,2.4465218382523473,-0.0015017844526368227,0.0238010014755076,0.9400464774587085,0.34021151830838203,mm,rotation_vector_rad,xyzw,TCP_from_joint_feedback_FK,robot_base,,"{""values"": [7.632502555847168, 4.231356620788574, 174.2350616455078, -0.003908475395292044, 0.06194339320063591, 2.446521759033203], ""schema"": ""x_mm,y_mm,z_mm,rotation_vector_rad[3]"", ""frame"": ""policy_stain_relative_xy_base_z"", ""transform"": ""stain_relative_v1"", ""note"": ""existing policy XY transform only; not a full rotated rigid TCP frame""}",,"[444.00709336207285, 370.1788770130569, 174.23505926727688, -0.003908475323109991, 0.061943394585682515, 2.4465218382523473]","{""source_acquisition_stamp"": null, ""calibration"": ""deployed EE2TCP unverified"", ""layout"": ""std_msgs.msg.MultiArrayLayout(dim=[], data_offset=0)""}"
rel_single_90deg_best_20260920T160636_1789887996648993205_r3lvdifh,2198,,,1789888017678761440,9536435425028,receipt_only_no_header,,,/ur10skku/currentP,valid,444.00993796447784,370.15001176719056,174.19175410279706,-0.0039010074103506685,0.062038048575955955,2.4465092466088554,-0.001498918479497185,0.023837426505704935,0.9400438231090428,0.34021631497550475,mm,rotation_vector_rad,xyzw,TCP_from_joint_feedback_FK,robot_base,,"{""values"": [7.635371208190918, 4.202517509460449, 174.19175720214844, -0.003901007352396846, 0.06203804910182953, 2.44650936126709], ""schema"": ""x_mm,y_mm,z_mm,rotation_vector_rad[3]"", ""frame"": ""policy_stain_relative_xy_base_z"", ""transform"": ""stain_relative_v1"", ""note"": ""existing policy XY transform only; not a full rotated rigid TCP frame""}",,"[444.00993796447784, 370.15001176719056, 174.19175410279706, -0.0039010074103506685, 0.062038048575955955, 2.4465092466088554]","{""source_acquisition_stamp"": null, ""calibration"": ""deployed EE2TCP unverified"", ""layout"": ""std_msgs.msg.MultiArrayLayout(dim=[], data_offset=0)""}"
rel_single_90deg_best_20260920T160636_1789887996648993205_r3lvdifh,2204,,,1789888017734809895,9536491479755,receipt_only_no_header,,,/ur10skku/currentP,valid,443.99784898465475,370.15875036215976,174.17861824324012,-0.003922548241169254,0.062025588908285995,2.4464972771991937,-0.0015071995061522031,0.02383270548216425,0.9400418455779619,0.3402220731543277,mm,rotation_vector_rad,xyzw,TCP_from_joint_feedback_FK,robot_base,,"{""values"": [7.623286247253418, 4.211245536804199, 174.17861938476562, -0.003922548145055771, 0.062025588005781174, 2.4464972019195557], ""schema"": ""x_mm,y_mm,z_mm,rotation_vector_rad[3]"", ""frame"": ""policy_stain_relative_xy_base_z"", ""transform"": ""stain_relative_v1"", ""note"": ""existing policy XY transform only; not a full rotated rigid TCP frame""}",,"[443.99784898465475, 370.15875036215976, 174.17861824324012, -0.003922548241169254, 0.062025588908285995, 2.4464972771991937]","{""source_acquisition_stamp"": null, ""calibration"": ""deployed EE2TCP unverified"", ""layout"": ""std_msgs.msg.MultiArrayLayout(dim=[], data_offset=0)""}"
rel_single_90deg_best_20260920T160636_1789887996648993205_r3lvdifh,2210,,,1789888017802621507,9536559291196,receipt_only_no_header,,,/ur10skku/currentP,valid,444.00019733792055,370.1833457932988,174.19750872295987,-0.0038658156485386276,0.06191703029724312,2.4465218536257223,-0.0014853932311339581,0.023790875214188874,0.9400466373948044,0.34021185662203607,mm,rotation_vector_rad,xyzw,TCP_from_joint_feedback_FK,robot_base,,"{""values"": [7.625605583190918, 4.235842704772949, 174.197509765625, -0.0038658156991004944, 0.061917029321193695, 2.446521759033203], ""schema"": ""x_mm,y_mm,z_mm,rotation_vector_rad[3]"", ""frame"": ""policy_stain_relative_xy_base_z"", ""transform"": ""stain_relative_v1"", ""note"": ""existing policy XY transform only; not a full rotated rigid TCP frame""}",,"[444.00019733792055, 370.1833457932988, 174.19750872295987, -0.0038658156485386276, 0.06191703029724312, 2.4465218536257223]","{""source_acquisition_stamp"": null, ""calibration"": ""deployed EE2TCP unverified"", ""layout"": ""std_msgs.msg.MultiArrayLayout(dim=[], data_offset=0)""}"
rel_single_90deg_best_20260920T160636_1789887996648993205_r3lvdifh,2216,,,1789888017854909774,9536611578773,receipt_only_no_header,,,/ur10skku/currentP,valid,444.00836379078277,370.1960670795523,174.1602929556699,-0.003920931188247386,0.06196172837750484,2.446545790846519,-0.0015065620875751025,0.023807913572668753,0.9400504515493313,0.3402000324278218,mm,rotation_vector_rad,xyzw,TCP_from_joint_feedback_FK,robot_base,,"{""values"": [7.633784294128418, 4.248568534851074, 174.16029357910156, -0.003920931369066238, 0.06196172907948494, 2.4465458393096924], ""schema"": ""x_mm,y_mm,z_mm,rotation_vector_rad[3]"", ""frame"": ""policy_stain_relative_xy_base_z"", ""transform"": ""stain_relative_v1"", ""note"": ""existing policy XY transform only; not a full rotated rigid TCP frame""}",,"[444.00836379078277, 370.1960670795523, 174.1602929556699, -0.003920931188247386, 0.06196172837750484, 2.446545790846519]","{""source_acquisition_stamp"": null, ""calibration"": ""deployed EE2TCP unverified"", ""layout"": ""std_msgs.msg.MultiArrayLayout(dim=[], data_offset=0)""}"
rel_single_90deg_best_20260920T160636_1789887996648993205_r3lvdifh,2222,,,1789888017910797381,9536667463534,receipt_only_no_header,,,/ur10skku/currentP,valid,443.9889885139385,370.1815202583194,174.15536294467586,-0.003934336687343815,0.06198072757523106,2.4465337934968368,-0.001511716915763142,0.02381527606119587,0.9400483015377823,0.34020543516238316,mm,rotation_vector_rad,xyzw,TCP_from_joint_feedback_FK,robot_base,,"{""values"": [7.614405632019043, 4.234011650085449, 174.15536499023438, -0.003934336826205254, 0.061980728060007095, 2.446533679962158], ""schema"": ""x_mm,y_mm,z_mm,rotation_vector_rad[3]"", ""frame"": ""policy_stain_relative_xy_base_z"", ""transform"": ""stain_relative_v1"", ""note"": ""existing policy XY transform only; not a full rotated rigid TCP frame""}",,"[443.9889885139385, 370.1815202583194, 174.15536294467586, -0.003934336687343815, 0.06198072757523106, 2.4465337934968368]","{""source_acquisition_stamp"": null, ""calibration"": ""deployed EE2TCP unverified"", ""layout"": ""std_msgs.msg.MultiArrayLayout(dim=[], data_offset=0)""}"
rel_single_90deg_best_20260920T160636_1789887996648993205_r3lvdifh,2228,,,1789888017966773797,9536723442295,receipt_only_no_header,,,/ur10skku/currentP,valid,444.02136896024945,370.18580949442156,174.1879111140301,-0.003972903135609771,0.061877732082519156,2.4465114048796557,-0.0015265442287074658,0.023775836352370218,0.9400450346023401,0.34021715445866124,mm,rotation_vector_rad,xyzw,TCP_from_joint_feedback_FK,robot_base,,"{""values"": [7.646784782409668, 4.238314628601074, 174.1879119873047, -0.003972903359681368, 0.06187773123383522, 2.4465115070343018], ""schema"": ""x_mm,y_mm,z_mm,rotation_vector_rad[3]"", ""frame"": ""policy_stain_relative_xy_base_z"", ""transform"": ""stain_relative_v1"", ""note"": ""existing policy XY transform only; not a full rotated rigid TCP frame""}",,"[444.02136896024945, 370.18580949442156, 174.1879111140301, -0.003972903135609771, 0.061877732082519156, 2.4465114048796557]","{""source_acquisition_stamp"": null, ""calibration"": ""deployed EE2TCP unverified"", ""layout"": ""std_msgs.msg.MultiArrayLayout(dim=[], data_offset=0)""}"
rel_single_90deg_best_20260920T160636_1789887996648993205_r3lvdifh,2233,,,1789888018035959777,9536792623355,receipt_only_no_header,,,/ur10skku/currentP,valid,443.9910865686349,370.09728572898894,174.17893911579188,-0.004072318307848095,0.0618960299343965,2.446248959151975,-0.0015648366692118819,0.023784284527395273,0.9400002121457938,0.34034021252502794,mm,rotation_vector_rad,xyzw,TCP_from_joint_feedback_FK,robot_base,,"{""values"": [7.616511344909668, 4.149783134460449, 174.17893981933594, -0.004072318319231272, 0.061896029859781265, 2.446249008178711], ""schema"": ""x_mm,y_mm,z_mm,rotation_vector_rad[3]"", ""frame"": ""policy_stain_relative_xy_base_z"", ""transform"": ""stain_relative_v1"", ""note"": ""existing policy XY transform only; not a full rotated rigid TCP frame""}",,"[443.9910865686349, 370.09728572898894, 174.17893911579188, -0.004072318307848095, 0.0618960299343965, 2.446248959151975]","{""source_acquisition_stamp"": null, ""calibration"": ""deployed EE2TCP unverified"", ""layout"": ""std_msgs.msg.MultiArrayLayout(dim=[], data_offset=0)""}"
rel_single_90deg_best_20260920T160636_1789887996648993205_r3lvdifh,2236,,,1789888018086800516,9536843463884,receipt_only_no_header,,,/ur10skku/currentP,valid,443.9868649673922,369.6779359344885,174.41515686542164,-0.0050732672653036005,0.06148908469424041,2.4455114682146544,-0.0019497941212342747,0.023631921912896047,0.9398763429528458,0.3406907549775489,mm,rotation_vector_rad,xyzw,TCP_from_joint_feedback_FK,robot_base,,"{""values"": [7.612299919128418, 3.730440855026245, 174.4151611328125, -0.005073267035186291, 0.061489082872867584, 2.44551157951355], ""schema"": ""x_mm,y_mm,z_mm,rotation_vector_rad[3]"", ""frame"": ""policy_stain_relative_xy_base_z"", ""transform"": ""stain_relative_v1"", ""note"": ""existing policy XY transform only; not a full rotated rigid TCP frame""}",,"[443.9868649673922, 369.6779359344885, 174.41515686542164, -0.0050732672653036005, 0.06148908469424041, 2.4455114682146544]","{""source_acquisition_stamp"": null, ""calibration"": ""deployed EE2TCP unverified"", ""layout"": ""std_msgs.msg.MultiArrayLayout(dim=[], data_offset=0)""}"
rel_single_90deg_best_20260920T160636_1789887996648993205_r3lvdifh,2242,,,1789888018142837870,9536899504303,receipt_only_no_header,,,/ur10skku/currentP,valid,444.00446882346347,369.21697579783597,174.54363013479463,-0.006158869696171148,0.061197220576083254,2.444725524478622,-0.0023674463899007897,0.023523981846032636,0.939743313748522,0.3410623428944415,mm,rotation_vector_rad,xyzw,TCP_from_joint_feedback_FK,robot_base,,"{""values"": [7.629878044128418, 3.26947283744812, 174.5436248779297, -0.006158869713544846, 0.06119722127914429, 2.444725513458252], ""schema"": ""x_mm,y_mm,z_mm,rotation_vector_rad[3]"", ""frame"": ""policy_stain_relative_xy_base_z"", ""transform"": ""stain_relative_v1"", ""note"": ""existing policy XY transform only; not a full rotated rigid TCP frame""}",,"[444.00446882346347, 369.21697579783597, 174.54363013479463, -0.006158869696171148, 0.061197220576083254, 2.444725524478622]","{""source_acquisition_stamp"": null, ""calibration"": ""deployed EE2TCP unverified"", ""layout"": ""std_msgs.msg.MultiArrayLayout(dim=[], data_offset=0)""}"
rel_single_90deg_best_20260920T160636_1789887996648993205_r3lvdifh,2251,,,1789888018199055609,9536955721512,receipt_only_no_header,,,/ur10skku/currentP,valid,444.0542794378533,368.7691167084774,174.66530877947918,-0.007321221878149754,0.06058310862590373,2.4437512707715245,-0.0028148814371647827,0.02329314296371142,0.9395795133149368,0.34152575904641963,mm,rotation_vector_rad,xyzw,TCP_from_joint_feedback_FK,robot_base,,"{""values"": [7.679713249206543, 2.82159686088562, 174.66531372070312, -0.007321221753954887, 0.06058310717344284, 2.443751335144043], ""schema"": ""x_mm,y_mm,z_mm,rotation_vector_rad[3]"", ""frame"": ""policy_stain_relative_xy_base_z"", ""transform"": ""stain_relative_v1"", ""note"": ""existing policy XY transform only; not a full rotated rigid TCP frame""}",,"[444.0542794378533, 368.7691167084774, 174.66530877947918, -0.007321221878149754, 0.06058310862590373, 2.4437512707715245]","{""source_acquisition_stamp"": null, ""calibration"": ""deployed EE2TCP unverified"", ""layout"": ""std_msgs.msg.MultiArrayLayout(dim=[], data_offset=0)""}"
rel_single_90deg_best_20260920T160636_1789887996648993205_r3lvdifh,2257,,,1789888018254810531,9537011475612,receipt_only_no_header,,,/ur10skku/currentP,valid,444.19736476269674,368.4972969552275,174.6757328833648,-0.008492269520930584,0.059571672765912534,2.4428632941336437,-0.003265803370601273,0.02290899614429035,0.9394321694850734,0.3419527911285035,mm,rotation_vector_rad,xyzw,TCP_from_joint_feedback_FK,robot_base,,"{""values"": [7.822779655456543, 2.549776792526245, 174.6757354736328, -0.008492269553244114, 0.05957167223095894, 2.4428632259368896], ""schema"": ""x_mm,y_mm,z_mm,rotation_vector_rad[3]"", ""frame"": ""policy_stain_relative_xy_base_z"", ""transform"": ""stain_relative_v1"", ""note"": ""existing policy XY transform only; not a full rotated rigid TCP frame""}",,"[444.19736476269674, 368.4972969552275, 174.6757328833648, -0.008492269520930584, 0.059571672765912534, 2.4428632941336437]","{""source_acquisition_stamp"": null, ""calibration"": ""deployed EE2TCP unverified"", ""layout"": ""std_msgs.msg.MultiArrayLayout(dim=[], data_offset=0)""}"
rel_single_90deg_best_20260920T160636_1789887996648993205_r3lvdifh,2263,,,1789888018310744385,9537067408444,receipt_only_no_header,,,/ur10skku/currentP,valid,444.3944443232043,368.3346346268078,173.97453468861545,-0.008978161126517965,0.05843120161702619,2.4422069410269414,-0.0034531938874467695,0.022473896983662124,0.9393253208304885,0.3422731965156542,mm,rotation_vector_rad,xyzw,TCP_from_joint_feedback_FK,robot_base,,"{""values"": [8.019862174987793, 2.387118101119995, 173.9745330810547, -0.00897816102951765, 0.05843120068311691, 2.442206859588623], ""schema"": ""x_mm,y_mm,z_mm,rotation_vector_rad[3]"", ""frame"": ""policy_stain_relative_xy_base_z"", ""transform"": ""stain_relative_v1"", ""note"": ""existing policy XY transform only; not a full rotated rigid TCP frame""}",,"[444.3944443232043, 368.3346346268078, 173.97453468861545, -0.008978161126517965, 0.05843120161702619, 2.4422069410269414]","{""source_acquisition_stamp"": null, ""calibration"": ""deployed EE2TCP unverified"", ""layout"": ""std_msgs.msg.MultiArrayLayout(dim=[], data_offset=0)""}"
rel_single_90deg_best_20260920T160636_1789887996648993205_r3lvdifh,2269,,,1789888018366626922,9537123294618,receipt_only_no_header,,,/ur10skku/currentP,valid,444.8802883925669,368.43273902479075,173.42599338192514,-0.00937160540741161,0.056223794986173456,2.4416299244477977,-0.003605034623650259,0.0216279622099615,0.9392371992971041,0.3425678304110573,mm,rotation_vector_rad,xyzw,TCP_from_joint_feedback_FK,robot_base,,"{""values"": [8.505702018737793, 2.48523211479187, 173.42599487304688, -0.009371605701744556, 0.0562237948179245, 2.4416298866271973], ""schema"": ""x_mm,y_mm,z_mm,rotation_vector_rad[3]"", ""frame"": ""policy_stain_relative_xy_base_z"", ""transform"": ""stain_relative_v1"", ""note"": ""existing policy XY transform only; not a full rotated rigid TCP frame""}",,"[444.8802883925669, 368.43273902479075, 173.42599338192514, -0.00937160540741161, 0.056223794986173456, 2.4416299244477977]","{""source_acquisition_stamp"": null, ""calibration"": ""deployed EE2TCP unverified"", ""layout"": ""std_msgs.msg.MultiArrayLayout(dim=[], data_offset=0)""}"
rel_single_90deg_best_20260920T160636_1789887996648993205_r3lvdifh,2271,,,1789888018422695034,9537179358502,receipt_only_no_header,,,/ur10skku/currentP,valid,444.76816377964315,367.49815061226263,173.77426156299578,-0.008977287016712708,0.05773200036629366,2.440908356481666,-0.0034538890099806655,0.02221160148028301,0.9391062724325272,0.34289083465189313,mm,rotation_vector_rad,xyzw,TCP_from_joint_feedback_FK,robot_base,,"{""values"": [8.393580436706543, 1.5506312847137451, 173.77426147460938, -0.008977287448942661, 0.057732000946998596, 2.440908432006836], ""schema"": ""x_mm,y_mm,z_mm,rotation_vector_rad[3]"", ""frame"": ""policy_stain_relative_xy_base_z"", ""transform"": ""stain_relative_v1"", ""note"": ""existing policy XY transform only; not a full rotated rigid TCP frame""}",,"[444.76816377964315, 367.49815061226263, 173.77426156299578, -0.008977287016712708, 0.05773200036629366, 2.440908356481666]","{""source_acquisition_stamp"": null, ""calibration"": ""deployed EE2TCP unverified"", ""layout"": ""std_msgs.msg.MultiArrayLayout(dim=[], data_offset=0)""}"
rel_single_90deg_best_20260920T160636_1789887996648993205_r3lvdifh,2419,,,1789888018514921265,9537271584333,receipt_only_no_header,,,/ur10skku/currentP,valid,444.78104675585666,367.00657756216737,173.8085708421512,-0.008918679377334753,0.058599717354867124,2.4405669592105523,-0.0034315904758004286,0.022547086115753234,0.9390433245154876,0.3430415248587203,mm,rotation_vector_rad,xyzw,TCP_from_joint_feedback_FK,robot_base,,"{""values"": [8.406458854675293, 1.0590846538543701, 173.80856323242188, -0.00891867931932211, 0.058599717915058136, 2.4405670166015625], ""schema"": ""x_mm,y_mm,z_mm,rotation_vector_rad[3]"", ""frame"": ""policy_stain_relative_xy_base_z"", ""transform"": ""stain_relative_v1"", ""note"": ""existing policy XY transform only; not a full rotated rigid TCP frame""}",,"[444.78104675585666, 367.00657756216737, 173.8085708421512, -0.008918679377334753, 0.058599717354867124, 2.4405669592105523]","{""source_acquisition_stamp"": null, ""calibration"": ""deployed EE2TCP unverified"", ""layout"": ""std_msgs.msg.MultiArrayLayout(dim=[], data_offset=0)""}"
rel_single_90deg_best_20260920T160636_1789887996648993205_r3lvdifh,2423,,,1789888018606767818,9537363438941,receipt_only_no_header,,,/ur10skku/currentP,valid,445.32527462627314,366.0400138440298,173.83708338599763,-0.008811759908588459,0.05944739687704919,2.439327479520451,-0.0033913897666941442,0.02287957179007224,0.938826107097903,0.34361397570755176,mm,rotation_vector_rad,xyzw,TCP_from_joint_feedback_FK,robot_base,,"{""values"": [8.950709342956543, 0.0925014540553093, 173.8370819091797, -0.008811759762465954, 0.05944739654660225, 2.4393274784088135], ""schema"": ""x_mm,y_mm,z_mm,rotation_vector_rad[3]"", ""frame"": ""policy_stain_relative_xy_base_z"", ""transform"": ""stain_relative_v1"", ""note"": ""existing policy XY transform only; not a full rotated rigid TCP frame""}",,"[445.32527462627314, 366.0400138440298, 173.83708338599763, -0.008811759908588459, 0.05944739687704919, 2.439327479520451]","{""source_acquisition_stamp"": null, ""calibration"": ""deployed EE2TCP unverified"", ""layout"": ""std_msgs.msg.MultiArrayLayout(dim=[], data_offset=0)""}"
rel_single_90deg_best_20260920T160636_1789887996648993205_r3lvdifh,2429,,,1789888018669660820,9537426329227,receipt_only_no_header,,,/ur10skku/currentP,valid,446.01818834266084,365.3073149183216,173.97515182079997,-0.008923645589330582,0.059484795272937555,2.4382657078236796,-0.003435277239721794,0.022899470991424958,0.9386431371160249,0.3441117176784108,mm,rotation_vector_rad,xyzw,TCP_from_joint_feedback_FK,robot_base,,"{""values"": [9.643610954284668, -0.6401950716972351, 173.97515869140625, -0.008923645131289959, 0.05948479473590851, 2.438265800476074], ""schema"": ""x_mm,y_mm,z_mm,rotation_vector_rad[3]"", ""frame"": ""policy_stain_relative_xy_base_z"", ""transform"": ""stain_relative_v1"", ""note"": ""existing policy XY transform only; not a full rotated rigid TCP frame""}",,"[446.01818834266084, 365.3073149183216, 173.97515182079997, -0.008923645589330582, 0.059484795272937555, 2.4382657078236796]","{""source_acquisition_stamp"": null, ""calibration"": ""deployed EE2TCP unverified"", ""layout"": ""std_msgs.msg.MultiArrayLayout(dim=[], data_offset=0)""}"
rel_single_90deg_best_20260920T160636_1789887996648993205_r3lvdifh,2435,,,1789888018726792914,9537483456642,receipt_only_no_header,,,/ur10skku/currentP,valid,446.461672181956,364.83091283659013,174.05892753295353,-0.008945167174992778,0.059466092982469236,2.437549303413229,-0.003444121733885978,0.02289599056826706,0.9385198028242447,0.3444480967404531,mm,rotation_vector_rad,xyzw,TCP_from_joint_feedback_FK,robot_base,,"{""values"": [10.087092399597168, -1.1166050434112549, 174.05892944335938, -0.008945167064666748, 0.05946609377861023, 2.437549352645874], ""schema"": ""x_mm,y_mm,z_mm,rotation_vector_rad[3]"", ""frame"": ""policy_stain_relative_xy_base_z"", ""transform"": ""stain_relative_v1"", ""note"": ""existing policy XY transform only; not a full rotated rigid TCP frame""}",,"[446.461672181956, 364.83091283659013, 174.05892753295353, -0.008945167174992778, 0.059466092982469236, 2.437549303413229]","{""source_acquisition_stamp"": null, ""calibration"": ""deployed EE2TCP unverified"", ""layout"": ""std_msgs.msg.MultiArrayLayout(dim=[], data_offset=0)""}"
rel_single_90deg_best_20260920T160636_1789887996648993205_r3lvdifh,2437,,,1789888018782842551,9537539508033,receipt_only_no_header,,,/ur10skku/currentP,valid,446.87331101509477,364.4704888750651,174.16048857598952,-0.009047736265582963,0.059324855672897546,2.437145900985373,-0.003483934344494942,0.022843714283231963,0.9384509072492211,0.34463882776370885,mm,rotation_vector_rad,xyzw,TCP_from_joint_feedback_FK,robot_base,,"{""values"": [10.498744010925293, -1.4770176410675049, 174.16049194335938, -0.009047736413776875, 0.05932485684752464, 2.437145948410034], ""schema"": ""x_mm,y_mm,z_mm,rotation_vector_rad[3]"", ""frame"": ""policy_stain_relative_xy_base_z"", ""transform"": ""stain_relative_v1"", ""note"": ""existing policy XY transform only; not a full rotated rigid TCP frame""}",,"[446.87331101509477, 364.4704888750651, 174.16048857598952, -0.009047736265582963, 0.059324855672897546, 2.437145900985373]","{""source_acquisition_stamp"": null, ""calibration"": ""deployed EE2TCP unverified"", ""layout"": ""std_msgs.msg.MultiArrayLayout(dim=[], data_offset=0)""}"
rel_single_90deg_best_20260920T160636_1789887996648993205_r3lvdifh,2439,,,1789888018838831702,9537595498576,receipt_only_no_header,,,/ur10skku/currentP,valid,447.2130440890956,364.1238074619896,174.2191308219078,-0.009070375832384276,0.059326409081307374,2.4368842647403137,-0.0034928588937366395,0.022845665871226883,0.9384057545571028,0.3447615339648017,mm,rotation_vector_rad,xyzw,TCP_from_joint_feedback_FK,robot_base,,"{""values"": [10.838465690612793, -1.8236973285675049, 174.21913146972656, -0.009070375934243202, 0.0593264102935791, 2.4368841648101807], ""schema"": ""x_mm,y_mm,z_mm,rotation_vector_rad[3]"", ""frame"": ""policy_stain_relative_xy_base_z"", ""transform"": ""stain_relative_v1"", ""note"": ""existing policy XY transform only; not a full rotated rigid TCP frame""}",,"[447.2130440890956, 364.1238074619896, 174.2191308219078, -0.009070375832384276, 0.059326409081307374, 2.4368842647403137]","{""source_acquisition_stamp"": null, ""calibration"": ""deployed EE2TCP unverified"", ""layout"": ""std_msgs.msg.MultiArrayLayout(dim=[], data_offset=0)""}"
rel_single_90deg_best_20260920T160636_1789887996648993205_r3lvdifh,2441,,,1789888018894826724,9537651494610,receipt_only_no_header,,,/ur10skku/currentP,valid,447.6769111427995,363.7052402108425,174.27977523666124,-0.009242440968015573,0.05929609363825587,2.4362651048103134,-0.003559617687721836,0.022837194682441622,0.9382989179020171,0.34505207190344056,mm,rotation_vector_rad,xyzw,TCP_from_joint_feedback_FK,robot_base,,"{""values"": [11.302332878112793, -2.242276430130005, 174.27976989746094, -0.009242440573871136, 0.05929609388113022, 2.436264991760254], ""schema"": ""x_mm,y_mm,z_mm,rotation_vector_rad[3]"", ""frame"": ""policy_stain_relative_xy_base_z"", ""transform"": ""stain_relative_v1"", ""note"": ""existing policy XY transform only; not a full rotated rigid TCP frame""}",,"[447.6769111427995, 363.7052402108425, 174.27977523666124, -0.009242440968015573, 0.05929609363825587, 2.4362651048103134]","{""source_acquisition_stamp"": null, ""calibration"": ""deployed EE2TCP unverified"", ""layout"": ""std_msgs.msg.MultiArrayLayout(dim=[], data_offset=0)""}"
rel_single_90deg_best_20260920T160636_1789887996648993205_r3lvdifh,2443,,,1789888018950662421,9537707327972,receipt_only_no_header,,,/ur10skku/currentP,valid,448.06110852303,363.4138444180608,174.36784461339926,-0.009244118625789551,0.059115936441615995,2.435909096155447,-0.0035605543577217056,0.022769667247754234,0.9382383652167197,0.34522113889730116,mm,rotation_vector_rad,xyzw,TCP_from_joint_feedback_FK,robot_base,,"{""values"": [11.686518669128418, -2.533658266067505, 174.3678436279297, -0.009244118817150593, 0.0591159351170063, 2.4359090328216553], ""schema"": ""x_mm,y_mm,z_mm,rotation_vector_rad[3]"", ""frame"": ""policy_stain_relative_xy_base_z"", ""transform"": ""stain_relative_v1"", ""note"": ""existing policy XY transform only; not a full rotated rigid TCP frame""}",,"[448.06110852303, 363.4138444180608, 174.36784461339926, -0.009244118625789551, 0.059115936441615995, 2.435909096155447]","{""source_acquisition_stamp"": null, ""calibration"": ""deployed EE2TCP unverified"", ""layout"": ""std_msgs.msg.MultiArrayLayout(dim=[], data_offset=0)""}"
rel_single_90deg_best_20260920T160636_1789887996648993205_r3lvdifh,2449,,,1789888019006785579,9537763449357,receipt_only_no_header,,,/ur10skku/currentP,valid,448.46639740071214,363.02304834736776,174.42452696154362,-0.009198625672584535,0.05912823459922402,2.435274705959946,-0.0035435406080698757,0.022777674387848293,0.9381287074322124,0.345518666877792,mm,rotation_vector_rad,xyzw,TCP_from_joint_feedback_FK,robot_base,,"{""values"": [12.091822624206543, -2.924466371536255, 174.42453002929688, -0.009198625572025776, 0.05912823602557182, 2.435274600982666], ""schema"": ""x_mm,y_mm,z_mm,rotation_vector_rad[3]"", ""frame"": ""policy_stain_relative_xy_base_z"", ""transform"": ""stain_relative_v1"", ""note"": ""existing policy XY transform only; not a full rotated rigid TCP frame""}",,"[448.46639740071214, 363.02304834736776, 174.42452696154362, -0.009198625672584535, 0.05912823459922402, 2.435274705959946]","{""source_acquisition_stamp"": null, ""calibration"": ""deployed EE2TCP unverified"", ""layout"": ""std_msgs.msg.MultiArrayLayout(dim=[], data_offset=0)""}"
rel_single_90deg_best_20260920T160636_1789887996648993205_r3lvdifh,2455,,,1789888019062760953,9537819429410,receipt_only_no_header,,,/ur10skku/currentP,valid,448.88136556362855,362.6471655705396,174.43404921509608,-0.009155909467230274,0.0591128524081617,2.4348095139874064,-0.0035274570346337025,0.02277414906850449,0.9380483696182812,0.3457371131908735,mm,rotation_vector_rad,xyzw,TCP_from_joint_feedback_FK,robot_base,,"{""values"": [12.506800651550293, -3.30035138130188, 174.43405151367188, -0.009155909530818462, 0.059112850576639175, 2.434809446334839], ""schema"": ""x_mm,y_mm,z_mm,rotation_vector_rad[3]"", ""frame"": ""policy_stain_relative_xy_base_z"", ""transform"": ""stain_relative_v1"", ""note"": ""existing policy XY transform only; not a full rotated rigid TCP frame""}",,"[448.88136556362855, 362.6471655705396, 174.43404921509608, -0.009155909467230274, 0.0591128524081617, 2.4348095139874064]","{""source_acquisition_stamp"": null, ""calibration"": ""deployed EE2TCP unverified"", ""layout"": ""std_msgs.msg.MultiArrayLayout(dim=[], data_offset=0)""}"
rel_single_90deg_best_20260920T160636_1789887996648993205_r3lvdifh,2464,,,1789888019118771925,9537875436265,receipt_only_no_header,,,/ur10skku/currentP,valid,449.24167755023785,362.29051569118224,174.48995864563892,-0.009166848989380201,0.05903083300486969,2.434380536798211,-0.0035320160204756657,0.022744767380456284,0.937974550018936,0.34593922000318866,mm,rotation_vector_rad,xyzw,TCP_from_joint_feedback_FK,robot_base,,"{""values"": [12.867091178894043, -3.65697979927063, 174.48995971679688, -0.009166848845779896, 0.05903083458542824, 2.434380531311035], ""schema"": ""x_mm,y_mm,z_mm,rotation_vector_rad[3]"", ""frame"": ""policy_stain_relative_xy_base_z"", ""transform"": ""stain_relative_v1"", ""note"": ""existing policy XY transform only; not a full rotated rigid TCP frame""}",,"[449.24167755023785, 362.29051569118224, 174.48995864563892, -0.009166848989380201, 0.05903083300486969, 2.434380536798211]","{""source_acquisition_stamp"": null, ""calibration"": ""deployed EE2TCP unverified"", ""layout"": ""std_msgs.msg.MultiArrayLayout(dim=[], data_offset=0)""}"
rel_single_90deg_best_20260920T160636_1789887996648993205_r3lvdifh,2470,,,1789888019174841461,9537931511772,receipt_only_no_header,,,/ur10skku/currentP,valid,449.61872429281345,361.9200157678291,174.56102587414807,-0.009170018993570872,0.058912235639698884,2.433891856875672,-0.003533630321286388,0.022701595525282992,0.9378905398361469,0.3461697362613025,mm,rotation_vector_rad,xyzw,TCP_from_joint_feedback_FK,robot_base,,"{""values"": [13.244135856628418, -4.027493476867676, 174.56101989746094, -0.009170019067823887, 0.058912236243486404, 2.433891773223877], ""schema"": ""x_mm,y_mm,z_mm,rotation_vector_rad[3]"", ""frame"": ""policy_stain_relative_xy_base_z"", ""transform"": ""stain_relative_v1"", ""note"": ""existing policy XY transform only; not a full rotated rigid TCP frame""}",,"[449.61872429281345, 361.9200157678291, 174.56102587414807, -0.009170018993570872, 0.058912235639698884, 2.433891856875672]","{""source_acquisition_stamp"": null, ""calibration"": ""deployed EE2TCP unverified"", ""layout"": ""std_msgs.msg.MultiArrayLayout(dim=[], data_offset=0)""}"
rel_single_90deg_best_20260920T160636_1789887996648993205_r3lvdifh,2475,,,1789888019236670821,9537993333938,receipt_only_no_header,,,/ur10skku/currentP,valid,449.9577892333957,361.52243044231335,174.60183927937737,-0.00911644177899403,0.058907081599209626,2.433305431139893,-0.003513450733542666,0.02270262171064278,0.9377889925947838,0.34644487584530215,mm,rotation_vector_rad,xyzw,TCP_from_joint_feedback_FK,robot_base,,"{""values"": [13.583216667175293, -4.425076484680176, 174.60183715820312, -0.009116441942751408, 0.05890708044171333, 2.433305501937866], ""schema"": ""x_mm,y_mm,z_mm,rotation_vector_rad[3]"", ""frame"": ""policy_stain_relative_xy_base_z"", ""transform"": ""stain_relative_v1"", ""note"": ""existing policy XY transform only; not a full rotated rigid TCP frame""}",,"[449.9577892333957, 361.52243044231335, 174.60183927937737, -0.00911644177899403, 0.058907081599209626, 2.433305431139893]","{""source_acquisition_stamp"": null, ""calibration"": ""deployed EE2TCP unverified"", ""layout"": ""std_msgs.msg.MultiArrayLayout(dim=[], data_offset=0)""}"
rel_single_90deg_best_20260920T160636_1789887996648993205_r3lvdifh,2478,,,1789888019286754918,9538043423045,receipt_only_no_header,,,/ur10skku/currentP,valid,450.42234433948585,361.1140289317088,174.63843289588442,-0.009396371025699186,0.058903263958912315,2.4327951082564234,-0.0036217517129460987,0.022703764736177256,0.9377002915781483,0.3466836961202384,mm,rotation_vector_rad,xyzw,TCP_from_joint_feedback_FK,robot_base,,"{""values"": [14.047755241394043, -4.833462715148926, 174.638427734375, -0.009396371431648731, 0.05890326574444771, 2.4327950477600098], ""schema"": ""x_mm,y_mm,z_mm,rotation_vector_rad[3]"", ""frame"": ""policy_stain_relative_xy_base_z"", ""transform"": ""stain_relative_v1"", ""note"": ""existing policy XY transform only; not a full rotated rigid TCP frame""}",,"[450.42234433948585, 361.1140289317088, 174.63843289588442, -0.009396371025699186, 0.058903263958912315, 2.4327951082564234]","{""source_acquisition_stamp"": null, ""calibration"": ""deployed EE2TCP unverified"", ""layout"": ""std_msgs.msg.MultiArrayLayout(dim=[], data_offset=0)""}"
rel_single_90deg_best_20260920T160636_1789887996648993205_r3lvdifh,2484,,,1789888019344123827,9538100788397,receipt_only_no_header,,,/ur10skku/currentP,valid,450.82105729763646,360.73746444224406,174.68606560488342,-0.009379163266730838,0.05879707251465507,2.4322585555808827,-0.0036155597283067265,0.0226655962243863,0.9376077409358201,0.34693648210136707,mm,rotation_vector_rad,xyzw,TCP_from_joint_feedback_FK,robot_base,,"{""values"": [14.446467399597168, -5.210049629211426, 174.68606567382812, -0.009379163384437561, 0.05879707261919975, 2.4322586059570312], ""schema"": ""x_mm,y_mm,z_mm,rotation_vector_rad[3]"", ""frame"": ""policy_stain_relative_xy_base_z"", ""transform"": ""stain_relative_v1"", ""note"": ""existing policy XY transform only; not a full rotated rigid TCP frame""}",,"[450.82105729763646, 360.73746444224406, 174.68606560488342, -0.009379163266730838, 0.05879707251465507, 2.4322585555808827]","{""source_acquisition_stamp"": null, ""calibration"": ""deployed EE2TCP unverified"", ""layout"": ""std_msgs.msg.MultiArrayLayout(dim=[], data_offset=0)""}"
rel_single_90deg_best_20260920T160636_1789887996648993205_r3lvdifh,2490,,,1789888019398605284,9538155271828,receipt_only_no_header,,,/ur10skku/currentP,valid,451.19334119383626,360.3634524163631,174.68111595016336,-0.00948443671840259,0.05886438012406703,2.4318291480662837,-0.003656494534881735,0.022693734020622296,0.9375327448194621,0.3471368273105041,mm,rotation_vector_rad,xyzw,TCP_from_joint_feedback_FK,robot_base,,"{""values"": [14.818751335144043, -5.584042549133301, 174.68112182617188, -0.009484436362981796, 0.05886438116431236, 2.4318292140960693], ""schema"": ""x_mm,y_mm,z_mm,rotation_vector_rad[3]"", ""frame"": ""policy_stain_relative_xy_base_z"", ""transform"": ""stain_relative_v1"", ""note"": ""existing policy XY transform only; not a full rotated rigid TCP frame""}",,"[451.19334119383626, 360.3634524163631, 174.68111595016336, -0.00948443671840259, 0.05886438012406703, 2.4318291480662837]","{""source_acquisition_stamp"": null, ""calibration"": ""deployed EE2TCP unverified"", ""layout"": ""std_msgs.msg.MultiArrayLayout(dim=[], data_offset=0)""}"
rel_single_90deg_best_20260920T160636_1789887996648993205_r3lvdifh,2496,,,1789888019454880343,9538211547468,receipt_only_no_header,,,/ur10skku/currentP,valid,451.6392366985717,359.9275463941089,174.72688743827268,-0.009505976729244792,0.05883499697445828,2.431340880613794,-0.0036652035595685565,0.02268491144887555,0.9374480396879947,0.34736599424894693,mm,rotation_vector_rad,xyzw,TCP_from_joint_feedback_FK,robot_base,,"{""values"": [15.264674186706543, -6.019955635070801, 174.7268829345703, -0.009505976922810078, 0.058834996074438095, 2.4313409328460693], ""schema"": ""x_mm,y_mm,z_mm,rotation_vector_rad[3]"", ""frame"": ""policy_stain_relative_xy_base_z"", ""transform"": ""stain_relative_v1"", ""note"": ""existing policy XY transform only; not a full rotated rigid TCP frame""}",,"[451.6392366985717, 359.9275463941089, 174.72688743827268, -0.009505976729244792, 0.05883499697445828, 2.431340880613794]","{""source_acquisition_stamp"": null, ""calibration"": ""deployed EE2TCP unverified"", ""layout"": ""std_msgs.msg.MultiArrayLayout(dim=[], data_offset=0)""}"
rel_single_90deg_best_20260920T160636_1789887996648993205_r3lvdifh,2502,,,1789888019510802886,9538267467767,receipt_only_no_header,,,/ur10skku/currentP,valid,452.0207789912677,359.56109679120146,174.76046620107945,-0.00948126220691374,0.05875977374438292,2.4308994884208457,-0.0036560404710608875,0.02265817632626932,0.9373717039770374,0.3475737748979727,mm,rotation_vector_rad,xyzw,TCP_from_joint_feedback_FK,robot_base,,"{""values"": [15.646204948425293, -6.386410713195801, 174.76046752929688, -0.009481262415647507, 0.05875977501273155, 2.4308993816375732], ""schema"": ""x_mm,y_mm,z_mm,rotation_vector_rad[3]"", ""frame"": ""policy_stain_relative_xy_base_z"", ""transform"": ""stain_relative_v1"", ""note"": ""existing policy XY transform only; not a full rotated rigid TCP frame""}",,"[452.0207789912677, 359.56109679120146, 174.76046620107945, -0.00948126220691374, 0.05875977374438292, 2.4308994884208457]","{""source_acquisition_stamp"": null, ""calibration"": ""deployed EE2TCP unverified"", ""layout"": ""std_msgs.msg.MultiArrayLayout(dim=[], data_offset=0)""}"
rel_single_90deg_best_20260920T160636_1789887996648993205_r3lvdifh,2508,,,1789888019570264231,9538326931456,receipt_only_no_header,,,/ur10skku/currentP,valid,452.33464716257595,359.2449812113421,174.79553716830077,-0.009438125551592838,0.05872551974058742,2.4304818506258306,-0.0036397507372112905,0.02264710853871255,0.9372992613031157,0.34776997491163647,mm,rotation_vector_rad,xyzw,TCP_from_joint_feedback_FK,robot_base,,"{""values"": [15.960078239440918, -6.702511787414551, 174.7955322265625, -0.009438125416636467, 0.058725520968437195, 2.4304819107055664], ""schema"": ""x_mm,y_mm,z_mm,rotation_vector_rad[3]"", ""frame"": ""policy_stain_relative_xy_base_z"", ""transform"": ""stain_relative_v1"", ""note"": ""existing policy XY transform only; not a full rotated rigid TCP frame""}",,"[452.33464716257595, 359.2449812113421, 174.79553716830077, -0.009438125551592838, 0.05872551974058742, 2.4304818506258306]","{""source_acquisition_stamp"": null, ""calibration"": ""deployed EE2TCP unverified"", ""layout"": ""std_msgs.msg.MultiArrayLayout(dim=[], data_offset=0)""}"
rel_single_90deg_best_20260920T160636_1789887996648993205_r3lvdifh,2514,,,1789888019622794473,9538379460436,receipt_only_no_header,,,/ur10skku/currentP,valid,452.7656486543084,358.8367616526485,174.84315111371268,-0.009418882648832458,0.05867081119754774,2.430016448652942,-0.0036327126530531365,0.022628395123772238,0.9372185459007744,0.3479887302090986,mm,rotation_vector_rad,xyzw,TCP_from_joint_feedback_FK,robot_base,,"{""values"": [16.391077041625977, -7.110745429992676, 174.84315490722656, -0.009418882429599762, 0.05867081135511398, 2.43001651763916], ""schema"": ""x_mm,y_mm,z_mm,rotation_vector_rad[3]"", ""frame"": ""policy_stain_relative_xy_base_z"", ""transform"": ""stain_relative_v1"", ""note"": ""existing policy XY transform only; not a full rotated rigid TCP frame""}",,"[452.7656486543084, 358.8367616526485, 174.84315111371268, -0.009418882648832458, 0.05867081119754774, 2.430016448652942]","{""source_acquisition_stamp"": null, ""calibration"": ""deployed EE2TCP unverified"", ""layout"": ""std_msgs.msg.MultiArrayLayout(dim=[], data_offset=0)""}"
rel_single_90deg_best_20260920T160636_1789887996648993205_r3lvdifh,2519,,,1789888019678815816,9538435479063,receipt_only_no_header,,,/ur10skku/currentP,valid,453.1926315272938,358.44941119355497,174.8739472204016,-0.009418266542874192,0.05861772612244911,2.429515672451938,-0.0036328866791768438,0.022610483088843968,0.9371315924351108,0.34822398919215586,mm,rotation_vector_rad,xyzw,TCP_from_joint_feedback_FK,robot_base,,"{""values"": [16.81804847717285, -7.498105049133301, 174.8739471435547, -0.009418266825377941, 0.0586177259683609, 2.4295156002044678], ""schema"": ""x_mm,y_mm,z_mm,rotation_vector_rad[3]"", ""frame"": ""policy_stain_relative_xy_base_z"", ""transform"": ""stain_relative_v1"", ""note"": ""existing policy XY transform only; not a full rotated rigid TCP frame""}",,"[453.1926315272938, 358.44941119355497, 174.8739472204016, -0.009418266542874192, 0.05861772612244911, 2.429515672451938]","{""source_acquisition_stamp"": null, ""calibration"": ""deployed EE2TCP unverified"", ""layout"": ""std_msgs.msg.MultiArrayLayout(dim=[], data_offset=0)""}"
rel_single_90deg_best_20260920T160636_1789887996648993205_r3lvdifh,2525,,,1789888019734780179,9538491447294,receipt_only_no_header,,,/ur10skku/currentP,valid,453.5238288417731,358.0007706714425,174.86354321959072,-0.009318025961635475,0.0586646213888747,2.4288688439311543,-0.0035947451182359097,0.022631870979870225,0.9370186835178492,0.34852670337000285,mm,rotation_vector_rad,xyzw,TCP_from_joint_feedback_FK,robot_base,,"{""values"": [17.149255752563477, -7.946743965148926, 174.86354064941406, -0.009318025782704353, 0.05866461992263794, 2.4288687705993652], ""schema"": ""x_mm,y_mm,z_mm,rotation_vector_rad[3]"", ""frame"": ""policy_stain_relative_xy_base_z"", ""transform"": ""stain_relative_v1"", ""note"": ""existing policy XY transform only; not a full rotated rigid TCP frame""}",,"[453.5238288417731, 358.0007706714425, 174.86354321959072, -0.009318025961635475, 0.0586646213888747, 2.4288688439311543]","{""source_acquisition_stamp"": null, ""calibration"": ""deployed EE2TCP unverified"", ""layout"": ""std_msgs.msg.MultiArrayLayout(dim=[], data_offset=0)""}"
rel_single_90deg_best_20260920T160636_1789887996648993205_r3lvdifh,2531,,,1789888019792049397,9538548714157,receipt_only_no_header,,,/ur10skku/currentP,valid,453.87858466802425,357.60452760932077,174.90849446248654,-0.009341891097123542,0.05861274996211593,2.42824800612631,-0.0036044575840104,0.022615032537224206,0.936910615906783,0.34881809871340935,mm,rotation_vector_rad,xyzw,TCP_from_joint_feedback_FK,robot_base,,"{""values"": [17.503992080688477, -8.342984199523926, 174.9084930419922, -0.009341890923678875, 0.058612748980522156, 2.4282479286193848], ""schema"": ""x_mm,y_mm,z_mm,rotation_vector_rad[3]"", ""frame"": ""policy_stain_relative_xy_base_z"", ""transform"": ""stain_relative_v1"", ""note"": ""existing policy XY transform only; not a full rotated rigid TCP frame""}",,"[453.87858466802425, 357.60452760932077, 174.90849446248654, -0.009341891097123542, 0.05861274996211593, 2.42824800612631]","{""source_acquisition_stamp"": null, ""calibration"": ""deployed EE2TCP unverified"", ""layout"": ""std_msgs.msg.MultiArrayLayout(dim=[], data_offset=0)""}"
rel_single_90deg_best_20260920T160636_1789887996648993205_r3lvdifh,2537,,,1789888019846882859,9538603550766,receipt_only_no_header,,,/ur10skku/currentP,valid,454.26650767170304,357.19800874135217,174.9324178166674,-0.00930096617330182,0.05853368042867835,2.427734908822399,-0.0035890841084887702,0.02258714829443906,0.9368214676330439,0.3490594175624788,mm,rotation_vector_rad,xyzw,TCP_from_joint_feedback_FK,robot_base,,"{""values"": [17.891931533813477, -8.74950885772705, 174.9324188232422, -0.009300965815782547, 0.0585336796939373, 2.427734851837158], ""schema"": ""x_mm,y_mm,z_mm,rotation_vector_rad[3]"", ""frame"": ""policy_stain_relative_xy_base_z"", ""transform"": ""stain_relative_v1"", ""note"": ""existing policy XY transform only; not a full rotated rigid TCP frame""}",,"[454.26650767170304, 357.19800874135217, 174.9324178166674, -0.00930096617330182, 0.05853368042867835, 2.427734908822399]","{""source_acquisition_stamp"": null, ""calibration"": ""deployed EE2TCP unverified"", ""layout"": ""std_msgs.msg.MultiArrayLayout(dim=[], data_offset=0)""}"
rel_single_90deg_best_20260920T160636_1789887996648993205_r3lvdifh,2545,,,1789888019904350949,9538661014166,receipt_only_no_header,,,/ur10skku/currentP,valid,454.5729597446475,356.8683085591695,174.97926108822247,-0.009250581193485376,0.058453220141340134,2.427424272202074,-0.0035698931264878464,0.02255769064008713,0.9367676520159227,0.349205917178714,mm,rotation_vector_rad,xyzw,TCP_from_joint_feedback_FK,robot_base,,"{""values"": [18.198389053344727, -9.079190254211426, 174.97926330566406, -0.00925058126449585, 0.05845322087407112, 2.427424192428589], ""schema"": ""x_mm,y_mm,z_mm,rotation_vector_rad[3]"", ""frame"": ""policy_stain_relative_xy_base_z"", ""transform"": ""stain_relative_v1"", ""note"": ""existing policy XY transform only; not a full rotated rigid TCP frame""}",,"[454.5729597446475, 356.8683085591695, 174.97926108822247, -0.009250581193485376, 0.058453220141340134, 2.427424272202074]","{""source_acquisition_stamp"": null, ""calibration"": ""deployed EE2TCP unverified"", ""layout"": ""std_msgs.msg.MultiArrayLayout(dim=[], data_offset=0)""}"
rel_single_90deg_best_20260920T160636_1789887996648993205_r3lvdifh,2552,,,1789888019959260567,9538715924526,receipt_only_no_header,,,/ur10skku/currentP,valid,455.02944612643665,356.34393476569164,174.94530065594427,-0.009177955588401532,0.05852822510002962,2.4267664909684075,-0.003542390112413541,0.02258997702641622,0.936652344843194,0.3495132748694727,mm,rotation_vector_rad,xyzw,TCP_from_joint_feedback_FK,robot_base,,"{""values"": [18.654870986938477, -9.6035737991333, 174.94529724121094, -0.00917795579880476, 0.05852822586894035, 2.4267663955688477], ""schema"": ""x_mm,y_mm,z_mm,rotation_vector_rad[3]"", ""frame"": ""policy_stain_relative_xy_base_z"", ""transform"": ""stain_relative_v1"", ""note"": ""existing policy XY transform only; not a full rotated rigid TCP frame""}",,"[455.02944612643665, 356.34393476569164, 174.94530065594427, -0.009177955588401532, 0.05852822510002962, 2.4267664909684075]","{""source_acquisition_stamp"": null, ""calibration"": ""deployed EE2TCP unverified"", ""layout"": ""std_msgs.msg.MultiArrayLayout(dim=[], data_offset=0)""}"
rel_single_90deg_best_20260920T160636_1789887996648993205_r3lvdifh,2554,,,1789888020014605061,9538771268609,receipt_only_no_header,,,/ur10skku/currentP,valid,455.42129466756927,355.9722922719134,174.98408266523194,-0.009073115289267523,0.058319961266349224,2.4262296009997106,-0.0035023531402360803,0.02251234476445571,0.9365595598731863,0.3497672349803948,mm,rotation_vector_rad,xyzw,TCP_from_joint_feedback_FK,robot_base,,"{""values"": [19.046716690063477, -9.97521686553955, 174.9840850830078, -0.009073114953935146, 0.05831995978951454, 2.42622971534729], ""schema"": ""x_mm,y_mm,z_mm,rotation_vector_rad[3]"", ""frame"": ""policy_stain_relative_xy_base_z"", ""transform"": ""stain_relative_v1"", ""note"": ""existing policy XY transform only; not a full rotated rigid TCP frame""}",,"[455.42129466756927, 355.9722922719134, 174.98408266523194, -0.009073115289267523, 0.058319961266349224, 2.4262296009997106]","{""source_acquisition_stamp"": null, ""calibration"": ""deployed EE2TCP unverified"", ""layout"": ""std_msgs.msg.MultiArrayLayout(dim=[], data_offset=0)""}"
rel_single_90deg_best_20260920T160636_1789887996648993205_r3lvdifh,2560,,,1789888020070844432,9538827513160,receipt_only_no_header,,,/ur10skku/currentP,valid,455.8235590800835,355.5809826529346,174.96842571416494,-0.009010164414978225,0.058202560745181084,2.4256682757057964,-0.003478495409751749,0.022469883019154542,0.9364619305499593,0.35003150866376753,mm,rotation_vector_rad,xyzw,TCP_from_joint_feedback_FK,robot_base,,"{""values"": [19.4489688873291, -10.3665132522583, 174.9684295654297, -0.009010164067149162, 0.05820256099104881, 2.425668239593506], ""schema"": ""x_mm,y_mm,z_mm,rotation_vector_rad[3]"", ""frame"": ""policy_stain_relative_xy_base_z"", ""transform"": ""stain_relative_v1"", ""note"": ""existing policy XY transform only; not a full rotated rigid TCP frame""}",,"[455.8235590800835, 355.5809826529346, 174.96842571416494, -0.009010164414978225, 0.058202560745181084, 2.4256682757057964]","{""source_acquisition_stamp"": null, ""calibration"": ""deployed EE2TCP unverified"", ""layout"": ""std_msgs.msg.MultiArrayLayout(dim=[], data_offset=0)""}"
rel_single_90deg_best_20260920T160636_1789887996648993205_r3lvdifh,2566,,,1789888020126924707,9538883589368,receipt_only_no_header,,,/ur10skku/currentP,valid,456.13392032393625,355.1276515801053,174.8695957066252,-0.00887412304642272,0.05838554202443783,2.425116704276466,-0.003426397384395888,0.022543305680183656,0.9363644710490349,0.3502879337445627,mm,rotation_vector_rad,xyzw,TCP_from_joint_feedback_FK,robot_base,,"{""values"": [19.75933265686035, -10.819851875305176, 174.86959838867188, -0.008874122984707355, 0.058385543525218964, 2.425116777420044], ""schema"": ""x_mm,y_mm,z_mm,rotation_vector_rad[3]"", ""frame"": ""policy_stain_relative_xy_base_z"", ""transform"": ""stain_relative_v1"", ""note"": ""existing policy XY transform only; not a full rotated rigid TCP frame""}",,"[456.13392032393625, 355.1276515801053, 174.8695957066252, -0.00887412304642272, 0.05838554202443783, 2.425116704276466]","{""source_acquisition_stamp"": null, ""calibration"": ""deployed EE2TCP unverified"", ""layout"": ""std_msgs.msg.MultiArrayLayout(dim=[], data_offset=0)""}"
rel_single_90deg_best_20260920T160636_1789887996648993205_r3lvdifh,2572,,,1789888020182837652,9538939504376,receipt_only_no_header,,,/ur10skku/currentP,valid,456.5313780761247,354.7007337307237,174.8292516071764,-0.008757513551122064,0.0583364589198862,2.4246142152243717,-0.003381756947636409,0.022526910646636054,0.9362767091148213,0.35052393068916954,mm,rotation_vector_rad,xyzw,TCP_from_joint_feedback_FK,robot_base,,"{""values"": [20.15679359436035, -11.2467622756958, 174.82925415039062, -0.0087575139477849, 0.05833645910024643, 2.424614191055298], ""schema"": ""x_mm,y_mm,z_mm,rotation_vector_rad[3]"", ""frame"": ""policy_stain_relative_xy_base_z"", ""transform"": ""stain_relative_v1"", ""note"": ""existing policy XY transform only; not a full rotated rigid TCP frame""}",,"[456.5313780761247, 354.7007337307237, 174.8292516071764, -0.008757513551122064, 0.0583364589198862, 2.4246142152243717]","{""source_acquisition_stamp"": null, ""calibration"": ""deployed EE2TCP unverified"", ""layout"": ""std_msgs.msg.MultiArrayLayout(dim=[], data_offset=0)""}"
rel_single_90deg_best_20260920T160636_1789887996648993205_r3lvdifh,2578,,,1789888020238761738,9538995429814,receipt_only_no_header,,,/ur10skku/currentP,valid,456.8988412103238,354.38954065903243,174.84042303990935,-0.008610736687159512,0.05810442864750006,2.4242923493268327,-0.0033253238151462125,0.02243896746199696,0.9362215309771136,0.3506774584937465,mm,rotation_vector_rad,xyzw,TCP_from_joint_feedback_FK,robot_base,,"{""values"": [20.524255752563477, -11.55798053741455, 174.84042358398438, -0.008610736578702927, 0.05810442939400673, 2.4242923259735107], ""schema"": ""x_mm,y_mm,z_mm,rotation_vector_rad[3]"", ""frame"": ""policy_stain_relative_xy_base_z"", ""transform"": ""stain_relative_v1"", ""note"": ""existing policy XY transform only; not a full rotated rigid TCP frame""}",,"[456.8988412103238, 354.38954065903243, 174.84042303990935, -0.008610736687159512, 0.05810442864750006, 2.4242923493268327]","{""source_acquisition_stamp"": null, ""calibration"": ""deployed EE2TCP unverified"", ""layout"": ""std_msgs.msg.MultiArrayLayout(dim=[], data_offset=0)""}"
rel_single_90deg_best_20260920T160636_1789887996648993205_r3lvdifh,2584,,,1789888020294805082,9539051468650,receipt_only_no_header,,,/ur10skku/currentP,valid,457.35878898357885,354.0234900950112,174.7209161249633,-0.00853992426704739,0.05800275215009212,2.423767186005939,-0.003298369022497137,0.022402362705915245,0.9361299180269044,0.3509245381587401,mm,rotation_vector_rad,xyzw,TCP_from_joint_feedback_FK,robot_base,,"{""values"": [20.984216690063477, -11.9240083694458, 174.72091674804688, -0.008539924398064613, 0.05800275132060051, 2.42376708984375], ""schema"": ""x_mm,y_mm,z_mm,rotation_vector_rad[3]"", ""frame"": ""policy_stain_relative_xy_base_z"", ""transform"": ""stain_relative_v1"", ""note"": ""existing policy XY transform only; not a full rotated rigid TCP frame""}",,"[457.35878898357885, 354.0234900950112, 174.7209161249633, -0.00853992426704739, 0.05800275215009212, 2.423767186005939]","{""source_acquisition_stamp"": null, ""calibration"": ""deployed EE2TCP unverified"", ""layout"": ""std_msgs.msg.MultiArrayLayout(dim=[], data_offset=0)""}"
rel_single_90deg_best_20260920T160636_1789887996648993205_r3lvdifh,2586,,,1789888020351227545,9539107892496,receipt_only_no_header,,,/ur10skku/currentP,valid,457.7933916738715,353.7551070605767,174.61468319402957,-0.008324799935140346,0.05768119398924722,2.423025703728592,-0.0032158241920021238,0.022281926352511378,0.9360014338605258,0.35127551870835977,mm,rotation_vector_rad,xyzw,TCP_from_joint_feedback_FK,robot_base,,"{""values"": [21.4188175201416, -12.192410469055176, 174.61468505859375, -0.008324800059199333, 0.05768119543790817, 2.423025608062744], ""schema"": ""x_mm,y_mm,z_mm,rotation_vector_rad[3]"", ""frame"": ""policy_stain_relative_xy_base_z"", ""transform"": ""stain_relative_v1"", ""note"": ""existing policy XY transform only; not a full rotated rigid TCP frame""}",,"[457.7933916738715, 353.7551070605767, 174.61468319402957, -0.008324799935140346, 0.05768119398924722, 2.423025703728592]","{""source_acquisition_stamp"": null, ""calibration"": ""deployed EE2TCP unverified"", ""layout"": ""std_msgs.msg.MultiArrayLayout(dim=[], data_offset=0)""}"
rel_single_90deg_best_20260920T160636_1789887996648993205_r3lvdifh,2592,,,1789888020406690656,9539163357460,receipt_only_no_header,,,/ur10skku/currentP,valid,458.27378064894066,353.5376555124856,174.49309409144774,-0.00820831018364039,0.05714893626792074,2.42247855097234,-0.0031712243307452305,0.022079099487522322,0.9359079700549116,0.3515376626902994,mm,rotation_vector_rad,xyzw,TCP_from_joint_feedback_FK,robot_base,,"{""values"": [21.899194717407227, -12.4098482131958, 174.4930877685547, -0.00820831023156643, 0.05714893713593483, 2.422478437423706], ""schema"": ""x_mm,y_mm,z_mm,rotation_vector_rad[3]"", ""frame"": ""policy_stain_relative_xy_base_z"", ""transform"": ""stain_relative_v1"", ""note"": ""existing policy XY transform only; not a full rotated rigid TCP frame""}",,"[458.27378064894066, 353.5376555124856, 174.49309409144774, -0.00820831018364039, 0.05714893626792074, 2.42247855097234]","{""source_acquisition_stamp"": null, ""calibration"": ""deployed EE2TCP unverified"", ""layout"": ""std_msgs.msg.MultiArrayLayout(dim=[], data_offset=0)""}"
rel_single_90deg_best_20260920T160636_1789887996648993205_r3lvdifh,2598,,,1789888020470901066,9539227571216,receipt_only_no_header,,,/ur10skku/currentP,valid,458.7072121462644,353.2212383872293,174.20740207473762,-0.00803614288562272,0.056648923583503284,2.4218114059379507,-0.003105182999557173,0.02188926664922993,0.9357931675538447,0.3518556030584711,mm,rotation_vector_rad,xyzw,TCP_from_joint_feedback_FK,robot_base,,"{""values"": [22.3326358795166, -12.7262544631958, 174.2073974609375, -0.008036143146455288, 0.05664892494678497, 2.42181134223938], ""schema"": ""x_mm,y_mm,z_mm,rotation_vector_rad[3]"", ""frame"": ""policy_stain_relative_xy_base_z"", ""transform"": ""stain_relative_v1"", ""note"": ""existing policy XY transform only; not a full rotated rigid TCP frame""}",,"[458.7072121462644, 353.2212383872293, 174.20740207473762, -0.00803614288562272, 0.056648923583503284, 2.4218114059379507]","{""source_acquisition_stamp"": null, ""calibration"": ""deployed EE2TCP unverified"", ""layout"": ""std_msgs.msg.MultiArrayLayout(dim=[], data_offset=0)""}"
rel_single_90deg_best_20260920T160636_1789887996648993205_r3lvdifh,2604,,,1789888020526883994,9539283548414,receipt_only_no_header,,,/ur10skku/currentP,valid,459.15370438584637,352.8314763232405,174.0528118162374,-0.007894880921535185,0.05626978365797324,2.4210955166338595,-0.0030510963179369646,0.02174631022763636,0.9356690353651131,0.35219489641626084,mm,rotation_vector_rad,xyzw,TCP_from_joint_feedback_FK,robot_base,,"{""values"": [22.779138565063477, -13.1160249710083, 174.0528106689453, -0.007894881069660187, 0.05626978352665901, 2.421095609664917], ""schema"": ""x_mm,y_mm,z_mm,rotation_vector_rad[3]"", ""frame"": ""policy_stain_relative_xy_base_z"", ""transform"": ""stain_relative_v1"", ""note"": ""existing policy XY transform only; not a full rotated rigid TCP frame""}",,"[459.15370438584637, 352.8314763232405, 174.0528118162374, -0.007894880921535185, 0.05626978365797324, 2.4210955166338595]","{""source_acquisition_stamp"": null, ""calibration"": ""deployed EE2TCP unverified"", ""layout"": ""std_msgs.msg.MultiArrayLayout(dim=[], data_offset=0)""}"
rel_single_90deg_best_20260920T160636_1789887996648993205_r3lvdifh,2613,,,1789888020582728207,9539339391464,receipt_only_no_header,,,/ur10skku/currentP,valid,459.4522976320121,352.2704218942816,174.0532371991601,-0.0077264877598913545,0.05656918051940639,2.4203983021133944,-0.002986481683509219,0.02186540983722587,0.9355447676474553,0.35251804564769895,mm,rotation_vector_rad,xyzw,TCP_from_joint_feedback_FK,robot_base,,"{""values"": [23.077722549438477, -13.677090644836426, 174.05323791503906, -0.0077264877036213875, 0.0565691813826561, 2.420398235321045], ""schema"": ""x_mm,y_mm,z_mm,rotation_vector_rad[3]"", ""frame"": ""policy_stain_relative_xy_base_z"", ""transform"": ""stain_relative_v1"", ""note"": ""existing policy XY transform only; not a full rotated rigid TCP frame""}",,"[459.4522976320121, 352.2704218942816, 174.0532371991601, -0.0077264877598913545, 0.05656918051940639, 2.4203983021133944]","{""source_acquisition_stamp"": null, ""calibration"": ""deployed EE2TCP unverified"", ""layout"": ""std_msgs.msg.MultiArrayLayout(dim=[], data_offset=0)""}"
rel_single_90deg_best_20260920T160636_1789887996648993205_r3lvdifh,2619,,,1789888020638823201,9539395486548,receipt_only_no_header,,,/ur10skku/currentP,valid,459.74136662874633,351.76544472291727,174.03664800053014,-0.007397941383633578,0.05674507430598621,2.4196049777171758,-0.0028599977777984333,0.021937290119000197,0.9354041213046603,0.35288766705738245,mm,rotation_vector_rad,xyzw,TCP_from_joint_feedback_FK,robot_base,,"{""values"": [23.366785049438477, -14.1820650100708, 174.03665161132812, -0.007397941313683987, 0.056745074689388275, 2.419605016708374], ""schema"": ""x_mm,y_mm,z_mm,rotation_vector_rad[3]"", ""frame"": ""policy_stain_relative_xy_base_z"", ""transform"": ""stain_relative_v1"", ""note"": ""existing policy XY transform only; not a full rotated rigid TCP frame""}",,"[459.74136662874633, 351.76544472291727, 174.03664800053014, -0.007397941383633578, 0.05674507430598621, 2.4196049777171758]","{""source_acquisition_stamp"": null, ""calibration"": ""deployed EE2TCP unverified"", ""layout"": ""std_msgs.msg.MultiArrayLayout(dim=[], data_offset=0)""}"
rel_single_90deg_best_20260920T160636_1789887996648993205_r3lvdifh,2625,,,1789888020694778597,9539451442185,receipt_only_no_header,,,/ur10skku/currentP,valid,460.1066679536136,351.3021384759216,174.06383126324602,-0.007258584934995704,0.056747482875396646,2.4188621178940686,-0.002806591687653287,0.02194188194526234,0.9352729732389548,0.353235250772859,mm,rotation_vector_rad,xyzw,TCP_from_joint_feedback_FK,robot_base,,"{""values"": [23.732080459594727, -14.64538288116455, 174.06382751464844, -0.007258584722876549, 0.05674748122692108, 2.4188621044158936], ""schema"": ""x_mm,y_mm,z_mm,rotation_vector_rad[3]"", ""frame"": ""policy_stain_relative_xy_base_z"", ""transform"": ""stain_relative_v1"", ""note"": ""existing policy XY transform only; not a full rotated rigid TCP frame""}",,"[460.1066679536136, 351.3021384759216, 174.06383126324602, -0.007258584934995704, 0.056747482875396646, 2.4188621178940686]","{""source_acquisition_stamp"": null, ""calibration"": ""deployed EE2TCP unverified"", ""layout"": ""std_msgs.msg.MultiArrayLayout(dim=[], data_offset=0)""}"
rel_single_90deg_best_20260920T160636_1789887996648993205_r3lvdifh,2627,,,1789888020750813234,9539507479147,receipt_only_no_header,,,/ur10skku/currentP,valid,460.4437148720125,350.8510558030185,174.11003193385648,-0.007033392271245503,0.05695093017688267,2.4182374899129946,-0.002719897813910547,0.022023613146326743,0.9351616700267076,0.35352540719546877,mm,rotation_vector_rad,xyzw,TCP_from_joint_feedback_FK,robot_base,,"{""values"": [24.06914710998535, -15.096463203430176, 174.1100311279297, -0.007033392321318388, 0.05695093050599098, 2.4182374477386475], ""schema"": ""x_mm,y_mm,z_mm,rotation_vector_rad[3]"", ""frame"": ""policy_stain_relative_xy_base_z"", ""transform"": ""stain_relative_v1"", ""note"": ""existing policy XY transform only; not a full rotated rigid TCP frame""}",,"[460.4437148720125, 350.8510558030185, 174.11003193385648, -0.007033392271245503, 0.05695093017688267, 2.4182374899129946]","{""source_acquisition_stamp"": null, ""calibration"": ""deployed EE2TCP unverified"", ""layout"": ""std_msgs.msg.MultiArrayLayout(dim=[], data_offset=0)""}"
rel_single_90deg_best_20260920T160636_1789887996648993205_r3lvdifh,2633,,,1789888020804414041,9539561081347,receipt_only_no_header,,,/ur10skku/currentP,valid,460.7607804770023,350.52478763936296,174.12752427826678,-0.006777197861756873,0.05692379173556003,2.4177087408164293,-0.0026211360571581532,0.02201573660261394,0.9350683992893758,0.35377326868775516,mm,rotation_vector_rad,xyzw,TCP_from_joint_feedback_FK,robot_base,,"{""values"": [24.386194229125977, -15.42272663116455, 174.1275177001953, -0.006777198053896427, 0.05692379176616669, 2.4177086353302], ""schema"": ""x_mm,y_mm,z_mm,rotation_vector_rad[3]"", ""frame"": ""policy_stain_relative_xy_base_z"", ""transform"": ""stain_relative_v1"", ""note"": ""existing policy XY transform only; not a full rotated rigid TCP frame""}",,"[460.7607804770023, 350.52478763936296, 174.12752427826678, -0.006777197861756873, 0.05692379173556003, 2.4177087408164293]","{""source_acquisition_stamp"": null, ""calibration"": ""deployed EE2TCP unverified"", ""layout"": ""std_msgs.msg.MultiArrayLayout(dim=[], data_offset=0)""}"
rel_single_90deg_best_20260920T160636_1789887996648993205_r3lvdifh,2642,,,1789888020854662834,9539611330330,receipt_only_no_header,,,/ur10skku/currentP,valid,461.1343597552199,350.142046889395,174.19182196029743,-0.006516244391485915,0.05689392519927211,2.417025296580007,-0.0025205973303047886,0.02200756560868403,0.9349476698263388,0.3540934457616765,mm,rotation_vector_rad,xyzw,TCP_from_joint_feedback_FK,robot_base,,"{""values"": [24.759790420532227, -15.805447578430176, 174.1918182373047, -0.006516244262456894, 0.05689392611384392, 2.417025327682495], ""schema"": ""x_mm,y_mm,z_mm,rotation_vector_rad[3]"", ""frame"": ""policy_stain_relative_xy_base_z"", ""transform"": ""stain_relative_v1"", ""note"": ""existing policy XY transform only; not a full rotated rigid TCP frame""}",,"[461.1343597552199, 350.142046889395, 174.19182196029743, -0.006516244391485915, 0.05689392519927211, 2.417025296580007]","{""source_acquisition_stamp"": null, ""calibration"": ""deployed EE2TCP unverified"", ""layout"": ""std_msgs.msg.MultiArrayLayout(dim=[], data_offset=0)""}"
rel_single_90deg_best_20260920T160636_1789887996648993205_r3lvdifh,2647,,,1789888020905056656,9539661719673,receipt_only_no_header,,,/ur10skku/currentP,valid,461.40848809294476,349.86767103024295,174.23564595110946,-0.006324379174534589,0.05683061663319078,2.416533371237023,-0.0024466514445281168,0.021985511374600992,0.9348609089243225,0.35432433186488344,mm,rotation_vector_rad,xyzw,TCP_from_joint_feedback_FK,robot_base,,"{""values"": [25.033899307250977, -16.079832077026367, 174.2356414794922, -0.006324379239231348, 0.05683061480522156, 2.4165334701538086], ""schema"": ""x_mm,y_mm,z_mm,rotation_vector_rad[3]"", ""frame"": ""policy_stain_relative_xy_base_z"", ""transform"": ""stain_relative_v1"", ""note"": ""existing policy XY transform only; not a full rotated rigid TCP frame""}",,"[461.40848809294476, 349.86767103024295, 174.23564595110946, -0.006324379174534589, 0.05683061663319078, 2.416533371237023]","{""source_acquisition_stamp"": null, ""calibration"": ""deployed EE2TCP unverified"", ""layout"": ""std_msgs.msg.MultiArrayLayout(dim=[], data_offset=0)""}"
rel_single_90deg_best_20260920T160636_1789887996648993205_r3lvdifh,2657,,,1789888020960591224,9539717256596,receipt_only_no_header,,,/ur10skku/currentP,valid,461.8562102934889,349.4597823508837,174.25282104378982,-0.006075888383107299,0.05668909589643269,2.41559925899513,-0.0023510144649081287,0.02193537406408337,0.934696038049094,0.35476277785441535,mm,rotation_vector_rad,xyzw,TCP_from_joint_feedback_FK,robot_base,,"{""values"": [25.48162269592285, -16.487730026245117, 174.25282287597656, -0.006075888406485319, 0.05668909475207329, 2.4155993461608887], ""schema"": ""x_mm,y_mm,z_mm,rotation_vector_rad[3]"", ""frame"": ""policy_stain_relative_xy_base_z"", ""transform"": ""stain_relative_v1"", ""note"": ""existing policy XY transform only; not a full rotated rigid TCP frame""}",,"[461.8562102934889, 349.4597823508837, 174.25282104378982, -0.006075888383107299, 0.05668909589643269, 2.41559925899513]","{""source_acquisition_stamp"": null, ""calibration"": ""deployed EE2TCP unverified"", ""layout"": ""std_msgs.msg.MultiArrayLayout(dim=[], data_offset=0)""}"
rel_single_90deg_best_20260920T160636_1789887996648993205_r3lvdifh,2659,,,1789888021015048785,9539771714868,receipt_only_no_header,,,/ur10skku/currentP,valid,462.18262225043185,349.12710521772465,174.23462219752207,-0.005797640462022444,0.05658375515398009,2.4147115444467366,-0.00224379651334935,0.021898983449971366,0.9345390387116138,0.35517908866519354,mm,rotation_vector_rad,xyzw,TCP_from_joint_feedback_FK,robot_base,,"{""values"": [25.80803871154785, -16.820402145385742, 174.234619140625, -0.005797640420496464, 0.05658375471830368, 2.4147114753723145], ""schema"": ""x_mm,y_mm,z_mm,rotation_vector_rad[3]"", ""frame"": ""policy_stain_relative_xy_base_z"", ""transform"": ""stain_relative_v1"", ""note"": ""existing policy XY transform only; not a full rotated rigid TCP frame""}",,"[462.18262225043185, 349.12710521772465, 174.23462219752207, -0.005797640462022444, 0.05658375515398009, 2.4147115444467366]","{""source_acquisition_stamp"": null, ""calibration"": ""deployed EE2TCP unverified"", ""layout"": ""std_msgs.msg.MultiArrayLayout(dim=[], data_offset=0)""}"
rel_single_90deg_best_20260920T160636_1789887996648993205_r3lvdifh,2665,,,1789888021070872178,9539827542058,receipt_only_no_header,,,/ur10skku/currentP,valid,462.578436297698,348.7459272594115,174.2918406782768,-0.005530848064233888,0.056478637807717454,2.4136921927978534,-0.0021410329231385788,0.02186330587931131,0.9343584186521271,0.3556567971063485,mm,rotation_vector_rad,xyzw,TCP_from_joint_feedback_FK,robot_base,,"{""values"": [26.2038516998291, -17.201566696166992, 174.29183959960938, -0.005530848167836666, 0.05647863820195198, 2.4136922359466553], ""schema"": ""x_mm,y_mm,z_mm,rotation_vector_rad[3]"", ""frame"": ""policy_stain_relative_xy_base_z"", ""transform"": ""stain_relative_v1"", ""note"": ""existing policy XY transform only; not a full rotated rigid TCP frame""}",,"[462.578436297698, 348.7459272594115, 174.2918406782768, -0.005530848064233888, 0.056478637807717454, 2.4136921927978534]","{""source_acquisition_stamp"": null, ""calibration"": ""deployed EE2TCP unverified"", ""layout"": ""std_msgs.msg.MultiArrayLayout(dim=[], data_offset=0)""}"
rel_single_90deg_best_20260920T160636_1789887996648993205_r3lvdifh,2671,,,1789888021137849398,9539894514569,receipt_only_no_header,,,/ur10skku/currentP,valid,462.87357412341765,348.39240304016704,174.28860895066487,-0.00513567004056524,0.05632466996762653,2.4127913870558797,-0.0019884593696697143,0.021808121794435708,0.9341989658123759,0.3560796878905357,mm,rotation_vector_rad,xyzw,TCP_from_joint_feedback_FK,robot_base,,"{""values"": [26.498987197875977, -17.555112838745117, 174.28860473632812, -0.005135669838637114, 0.05632466822862625, 2.4127914905548096], ""schema"": ""x_mm,y_mm,z_mm,rotation_vector_rad[3]"", ""frame"": ""policy_stain_relative_xy_base_z"", ""transform"": ""stain_relative_v1"", ""note"": ""existing policy XY transform only; not a full rotated rigid TCP frame""}",,"[462.87357412341765, 348.39240304016704, 174.28860895066487, -0.00513567004056524, 0.05632466996762653, 2.4127913870558797]","{""source_acquisition_stamp"": null, ""calibration"": ""deployed EE2TCP unverified"", ""layout"": ""std_msgs.msg.MultiArrayLayout(dim=[], data_offset=0)""}"
rel_single_90deg_best_20260920T160636_1789887996648993205_r3lvdifh,2677,,,1789888021190836887,9539947506547,receipt_only_no_header,,,/ur10skku/currentP,valid,463.07903270807225,348.2124186619374,174.3011156651075,-0.005013826943064402,0.056227808261057666,2.4123002704707113,-0.001941497836575936,0.02177302274967008,0.9341119686568075,0.35631025255891324,mm,rotation_vector_rad,xyzw,TCP_from_joint_feedback_FK,robot_base,,"{""values"": [26.7044620513916, -17.735074996948242, 174.30111694335938, -0.00501382676884532, 0.05622780695557594, 2.4123003482818604], ""schema"": ""x_mm,y_mm,z_mm,rotation_vector_rad[3]"", ""frame"": ""policy_stain_relative_xy_base_z"", ""transform"": ""stain_relative_v1"", ""note"": ""existing policy XY transform only; not a full rotated rigid TCP frame""}",,"[463.07903270807225, 348.2124186619374, 174.3011156651075, -0.005013826943064402, 0.056227808261057666, 2.4123002704707113]","{""source_acquisition_stamp"": null, ""calibration"": ""deployed EE2TCP unverified"", ""layout"": ""std_msgs.msg.MultiArrayLayout(dim=[], data_offset=0)""}"
rel_single_90deg_best_20260920T160636_1789887996648993205_r3lvdifh,2683,,,1789888021246824745,9540003490307,receipt_only_no_header,,,/ur10skku/currentP,valid,463.13009901846897,348.24593118517566,174.2833636894456,-0.0050325295480935965,0.05608971014802169,2.4123015270799946,-0.0019487408592782482,0.021719556518437117,0.9341128563270722,0.3563111490231316,mm,rotation_vector_rad,xyzw,TCP_from_joint_feedback_FK,robot_base,,"{""values"": [26.755517959594727, -17.701566696166992, 174.2833709716797, -0.005032529588788748, 0.05608971044421196, 2.412301540374756], ""schema"": ""x_mm,y_mm,z_mm,rotation_vector_rad[3]"", ""frame"": ""policy_stain_relative_xy_base_z"", ""transform"": ""stain_relative_v1"", ""note"": ""existing policy XY transform only; not a full rotated rigid TCP frame""}",,"[463.13009901846897, 348.24593118517566, 174.2833636894456, -0.0050325295480935965, 0.05608971014802169, 2.4123015270799946]","{""source_acquisition_stamp"": null, ""calibration"": ""deployed EE2TCP unverified"", ""layout"": ""std_msgs.msg.MultiArrayLayout(dim=[], data_offset=0)""}"
rel_single_90deg_best_20260920T160636_1789887996648993205_r3lvdifh,2689,,,1789888021302802895,9540059467916,receipt_only_no_header,,,/ur10skku/currentP,valid,463.1202540198239,348.28830699094044,174.2830130916259,-0.0049308272842014155,0.05598413776455808,2.4123613388445397,-0.0019093343940792056,0.02167839869370953,0.9341240748709002,0.3562844568863947,mm,rotation_vector_rad,xyzw,TCP_from_joint_feedback_FK,robot_base,,"{""values"": [26.74566078186035, -17.659208297729492, 174.28302001953125, -0.004930827300995588, 0.05598413944244385, 2.4123613834381104], ""schema"": ""x_mm,y_mm,z_mm,rotation_vector_rad[3]"", ""frame"": ""policy_stain_relative_xy_base_z"", ""transform"": ""stain_relative_v1"", ""note"": ""existing policy XY transform only; not a full rotated rigid TCP frame""}",,"[463.1202540198239, 348.28830699094044, 174.2830130916259, -0.0049308272842014155, 0.05598413776455808, 2.4123613388445397]","{""source_acquisition_stamp"": null, ""calibration"": ""deployed EE2TCP unverified"", ""layout"": ""std_msgs.msg.MultiArrayLayout(dim=[], data_offset=0)""}"
rel_single_90deg_best_20260920T160636_1789887996648993205_r3lvdifh,2695,,,1789888021360590437,9540117256109,receipt_only_no_header,,,/ur10skku/currentP,valid,463.1714046608092,348.3220056141776,174.29200352518478,-0.004963367748863535,0.055799332644706545,2.4123031643693635,-0.0019219616651288617,0.021607139287121168,0.9341145853334266,0.3563135965165307,mm,rotation_vector_rad,xyzw,TCP_from_joint_feedback_FK,robot_base,,"{""values"": [26.796838760375977, -17.625516891479492, 174.29200744628906, -0.004963367711752653, 0.05579933151602745, 2.4123032093048096], ""schema"": ""x_mm,y_mm,z_mm,rotation_vector_rad[3]"", ""frame"": ""policy_stain_relative_xy_base_z"", ""transform"": ""stain_relative_v1"", ""note"": ""existing policy XY transform only; not a full rotated rigid TCP frame""}",,"[463.1714046608092, 348.3220056141776, 174.29200352518478, -0.004963367748863535, 0.055799332644706545, 2.4123031643693635]","{""source_acquisition_stamp"": null, ""calibration"": ""deployed EE2TCP unverified"", ""layout"": ""std_msgs.msg.MultiArrayLayout(dim=[], data_offset=0)""}"
rel_single_90deg_best_20260920T160636_1789887996648993205_r3lvdifh,2697,,,1789888021414816904,9540171482326,receipt_only_no_header,,,/ur10skku/currentP,valid,463.20799731970396,348.3468630889576,174.258453469428,-0.004982132306909189,0.05566153274333947,2.412328365896246,-0.0019292183338030133,0.021553672773223797,0.9341197350752994,0.3563032947496523,mm,rotation_vector_rad,xyzw,TCP_from_joint_feedback_FK,robot_base,,"{""values"": [26.83342933654785, -17.600645065307617, 174.25845336914062, -0.004982132464647293, 0.055661533027887344, 2.4123284816741943], ""schema"": ""x_mm,y_mm,z_mm,rotation_vector_rad[3]"", ""frame"": ""policy_stain_relative_xy_base_z"", ""transform"": ""stain_relative_v1"", ""note"": ""existing policy XY transform only; not a full rotated rigid TCP frame""}",,"[463.20799731970396, 348.3468630889576, 174.258453469428, -0.004982132306909189, 0.05566153274333947, 2.412328365896246]","{""source_acquisition_stamp"": null, ""calibration"": ""deployed EE2TCP unverified"", ""layout"": ""std_msgs.msg.MultiArrayLayout(dim=[], data_offset=0)""}"
rel_single_90deg_best_20260920T160636_1789887996648993205_r3lvdifh,2703,,,1789888021471874946,9540228545137,receipt_only_no_header,,,/ur10skku/currentP,valid,463.1862725935309,348.3448041281957,174.24445519072373,-0.004901650503516417,0.05559415202387018,2.4123757659919565,-0.001898034174861635,0.021527361118068196,0.9341285436764538,0.3562819586766508,mm,rotation_vector_rad,xyzw,TCP_from_joint_feedback_FK,robot_base,,"{""values"": [26.81170082092285, -17.602689743041992, 174.2444610595703, -0.004901650361716747, 0.055594153702259064, 2.4123756885528564], ""schema"": ""x_mm,y_mm,z_mm,rotation_vector_rad[3]"", ""frame"": ""policy_stain_relative_xy_base_z"", ""transform"": ""stain_relative_v1"", ""note"": ""existing policy XY transform only; not a full rotated rigid TCP frame""}",,"[463.1862725935309, 348.3448041281957, 174.24445519072373, -0.004901650503516417, 0.05559415202387018, 2.4123757659919565]","{""source_acquisition_stamp"": null, ""calibration"": ""deployed EE2TCP unverified"", ""layout"": ""std_msgs.msg.MultiArrayLayout(dim=[], data_offset=0)""}"
rel_single_90deg_best_20260920T160636_1789887996648993205_r3lvdifh,2709,,,1789888021527010819,9540283675079,receipt_only_no_header,,,/ur10skku/currentP,valid,463.184769246072,348.37919411150085,174.20509438234973,-0.0048701118162495765,0.05553666770837166,2.412363786401471,-0.0018858272939254843,0.021505166150121543,0.9341266983017018,0.3562882021681812,mm,rotation_vector_rad,xyzw,TCP_from_joint_feedback_FK,robot_base,,"{""values"": [26.810205459594727, -17.568326950073242, 174.20509338378906, -0.004870111588388681, 0.0555366687476635, 2.4123637676239014], ""schema"": ""x_mm,y_mm,z_mm,rotation_vector_rad[3]"", ""frame"": ""policy_stain_relative_xy_base_z"", ""transform"": ""stain_relative_v1"", ""note"": ""existing policy XY transform only; not a full rotated rigid TCP frame""}",,"[463.184769246072, 348.37919411150085, 174.20509438234973, -0.0048701118162495765, 0.05553666770837166, 2.412363786401471]","{""source_acquisition_stamp"": null, ""calibration"": ""deployed EE2TCP unverified"", ""layout"": ""std_msgs.msg.MultiArrayLayout(dim=[], data_offset=0)""}"
rel_single_90deg_best_20260920T160636_1789887996648993205_r3lvdifh,2715,,,1789888021582958090,9540339622650,receipt_only_no_header,,,/ur10skku/currentP,valid,463.17279609090735,348.34277942469106,174.16683695783445,-0.004807805584846757,0.05558350734853429,2.4123148010539843,-0.0018617207895600199,0.02152353487702992,0.9341177667916647,0.35631063583094513,mm,rotation_vector_rad,xyzw,TCP_from_joint_feedback_FK,robot_base,,"{""values"": [26.7982120513916, -17.604734420776367, 174.16683959960938, -0.004807805642485619, 0.05558350682258606, 2.4123148918151855], ""schema"": ""x_mm,y_mm,z_mm,rotation_vector_rad[3]"", ""frame"": ""policy_stain_relative_xy_base_z"", ""transform"": ""stain_relative_v1"", ""note"": ""existing policy XY transform only; not a full rotated rigid TCP frame""}",,"[463.17279609090735, 348.34277942469106, 174.16683695783445, -0.004807805584846757, 0.05558350734853429, 2.4123148010539843]","{""source_acquisition_stamp"": null, ""calibration"": ""deployed EE2TCP unverified"", ""layout"": ""std_msgs.msg.MultiArrayLayout(dim=[], data_offset=0)""}"
rel_single_90deg_best_20260920T160636_1789887996648993205_r3lvdifh,2721,,,1789888021638846246,9540395512419,receipt_only_no_header,,,/ur10skku/currentP,valid,463.12873263344585,348.3186417145364,174.15135702391638,-0.004682126206327037,0.05563012858494049,2.412301321699057,-0.0018130592459037246,0.021541648929805573,0.9341151909365597,0.35631654499771764,mm,rotation_vector_rad,xyzw,TCP_from_joint_feedback_FK,robot_base,,"{""values"": [26.7541446685791, -17.628873825073242, 174.15135192871094, -0.004682125989347696, 0.05563012883067131, 2.4123013019561768], ""schema"": ""x_mm,y_mm,z_mm,rotation_vector_rad[3]"", ""frame"": ""policy_stain_relative_xy_base_z"", ""transform"": ""stain_relative_v1"", ""note"": ""existing policy XY transform only; not a full rotated rigid TCP frame""}",,"[463.12873263344585, 348.3186417145364, 174.15135702391638, -0.004682126206327037, 0.05563012858494049, 2.412301321699057]","{""source_acquisition_stamp"": null, ""calibration"": ""deployed EE2TCP unverified"", ""layout"": ""std_msgs.msg.MultiArrayLayout(dim=[], data_offset=0)""}"
rel_single_90deg_best_20260920T160636_1789887996648993205_r3lvdifh,2727,,,1789888021694727991,9540451394164,receipt_only_no_header,,,/ur10skku/currentP,valid,463.1126589306752,348.3077427097353,174.12134126778778,-0.004738734411627993,0.05566236881218641,2.41236131686451,-0.0018349546576236803,0.0215538399146533,0.9341257073596951,0.35628812466329446,mm,rotation_vector_rad,xyzw,TCP_from_joint_feedback_FK,robot_base,,"{""values"": [26.73809242248535, -17.639768600463867, 174.121337890625, -0.004738734569400549, 0.0556623674929142, 2.4123613834381104], ""schema"": ""x_mm,y_mm,z_mm,rotation_vector_rad[3]"", ""frame"": ""policy_stain_relative_xy_base_z"", ""transform"": ""stain_relative_v1"", ""note"": ""existing policy XY transform only; not a full rotated rigid TCP frame""}",,"[463.1126589306752, 348.3077427097353, 174.12134126778778, -0.004738734411627993, 0.05566236881218641, 2.41236131686451]","{""source_acquisition_stamp"": null, ""calibration"": ""deployed EE2TCP unverified"", ""layout"": ""std_msgs.msg.MultiArrayLayout(dim=[], data_offset=0)""}"
rel_single_90deg_best_20260920T160636_1789887996648993205_r3lvdifh,2729,,,1789888021750866708,9540507532030,receipt_only_no_header,,,/ur10skku/currentP,valid,463.07987810946986,348.2878616435147,174.09305682257855,-0.004658067099831711,0.05578380462479233,2.4123474720543308,-0.0018037228059618936,0.021600916957313834,0.9341226860828434,0.3562933542967309,mm,rotation_vector_rad,xyzw,TCP_from_joint_feedback_FK,robot_base,,"{""values"": [26.705286026000977, -17.659635543823242, 174.0930633544922, -0.004658067133277655, 0.05578380450606346, 2.4123475551605225], ""schema"": ""x_mm,y_mm,z_mm,rotation_vector_rad[3]"", ""frame"": ""policy_stain_relative_xy_base_z"", ""transform"": ""stain_relative_v1"", ""note"": ""existing policy XY transform only; not a full rotated rigid TCP frame""}",,"[463.07987810946986, 348.2878616435147, 174.09305682257855, -0.004658067099831711, 0.05578380462479233, 2.4123474720543308]","{""source_acquisition_stamp"": null, ""calibration"": ""deployed EE2TCP unverified"", ""layout"": ""std_msgs.msg.MultiArrayLayout(dim=[], data_offset=0)""}"
rel_single_90deg_best_20260920T160636_1789887996648993205_r3lvdifh,2735,,,1789888021804924783,9540561590896,receipt_only_no_header,,,/ur10skku/currentP,valid,463.0969406136328,348.29461395946635,174.10423455950047,-0.0046429042969323275,0.055716120999913535,2.412324191874234,-0.0017978613843502454,0.021574828173329966,0.9341188690816152,0.3563049717719616,mm,rotation_vector_rad,xyzw,TCP_from_joint_feedback_FK,robot_base,,"{""values"": [26.722375869750977, -17.652891159057617, 174.10423278808594, -0.00464290427044034, 0.05571611970663071, 2.4123241901397705], ""schema"": ""x_mm,y_mm,z_mm,rotation_vector_rad[3]"", ""frame"": ""policy_stain_relative_xy_base_z"", ""transform"": ""stain_relative_v1"", ""note"": ""existing policy XY transform only; not a full rotated rigid TCP frame""}",,"[463.0969406136328, 348.29461395946635, 174.10423455950047, -0.0046429042969323275, 0.055716120999913535, 2.412324191874234]","{""source_acquisition_stamp"": null, ""calibration"": ""deployed EE2TCP unverified"", ""layout"": ""std_msgs.msg.MultiArrayLayout(dim=[], data_offset=0)""}"
rel_single_90deg_best_20260920T160636_1789887996648993205_r3lvdifh,2741,,,1789888021862855450,9540619525310,receipt_only_no_header,,,/ur10skku/currentP,valid,463.0732505712885,348.26744566206384,174.09491017362762,-0.004642152132343285,0.05584335766128424,2.4123109057967373,-0.001797574285426641,0.02162414778361342,0.9341158861429998,0.3563098037026194,mm,rotation_vector_rad,xyzw,TCP_from_joint_feedback_FK,robot_base,,"{""values"": [26.69866371154785, -17.680051803588867, 174.09490966796875, -0.004642152227461338, 0.05584335699677467, 2.412310838699341], ""schema"": ""x_mm,y_mm,z_mm,rotation_vector_rad[3]"", ""frame"": ""policy_stain_relative_xy_base_z"", ""transform"": ""stain_relative_v1"", ""note"": ""existing policy XY transform only; not a full rotated rigid TCP frame""}",,"[463.0732505712885, 348.26744566206384, 174.09491017362762, -0.004642152132343285, 0.05584335766128424, 2.4123109057967373]","{""source_acquisition_stamp"": null, ""calibration"": ""deployed EE2TCP unverified"", ""layout"": ""std_msgs.msg.MultiArrayLayout(dim=[], data_offset=0)""}"
rel_single_90deg_best_20260920T160636_1789887996648993205_r3lvdifh,2747,,,1789888021918734619,9540675398939,receipt_only_no_header,,,/ur10skku/currentP,valid,463.040201900188,348.21650877317785,174.09376644363078,-0.00456345050510431,0.05601436841964145,2.4122731343574784,-0.0017671121838333202,0.021690532809189353,0.934108355440453,0.3563256633998111,mm,rotation_vector_rad,xyzw,TCP_from_joint_feedback_FK,robot_base,,"{""values"": [26.665613174438477, -17.730985641479492, 174.09376525878906, -0.00456345034763217, 0.056014370173215866, 2.4122731685638428], ""schema"": ""x_mm,y_mm,z_mm,rotation_vector_rad[3]"", ""frame"": ""policy_stain_relative_xy_base_z"", ""transform"": ""stain_relative_v1"", ""note"": ""existing policy XY transform only; not a full rotated rigid TCP frame""}",,"[463.040201900188, 348.21650877317785, 174.09376644363078, -0.00456345050510431, 0.05601436841964145, 2.4122731343574784]","{""source_acquisition_stamp"": null, ""calibration"": ""deployed EE2TCP unverified"", ""layout"": ""std_msgs.msg.MultiArrayLayout(dim=[], data_offset=0)""}"
rel_single_90deg_best_20260920T160636_1789887996648993205_r3lvdifh,2753,,,1789888021974907232,9540731572654,receipt_only_no_header,,,/ur10skku/currentP,valid,463.0263962611467,348.17485055540556,174.1043944382905,-0.004607305004423371,0.05609064500648633,2.4122847503367186,-0.0017840886547474026,0.02172000405822073,0.9341100385071088,0.3563193713673597,mm,rotation_vector_rad,xyzw,TCP_from_joint_feedback_FK,robot_base,,"{""values"": [26.651819229125977, -17.772642135620117, 174.10440063476562, -0.004607304930686951, 0.056090645492076874, 2.4122848510742188], ""schema"": ""x_mm,y_mm,z_mm,rotation_vector_rad[3]"", ""frame"": ""policy_stain_relative_xy_base_z"", ""transform"": ""stain_relative_v1"", ""note"": ""existing policy XY transform only; not a full rotated rigid TCP frame""}",,"[463.0263962611467, 348.17485055540556, 174.1043944382905, -0.004607305004423371, 0.05609064500648633, 2.4122847503367186]","{""source_acquisition_stamp"": null, ""calibration"": ""deployed EE2TCP unverified"", ""layout"": ""std_msgs.msg.MultiArrayLayout(dim=[], data_offset=0)""}"
rel_single_90deg_best_20260920T160636_1789887996648993205_r3lvdifh,2758,,,1789888022038986320,9540795649337,receipt_only_no_header,,,/ur10skku/currentP,valid,462.984343831459,348.1563415482676,174.10682743110954,-0.004545875097890028,0.056202291712638644,2.4123071280957857,-0.001760291337054351,0.021763116032439807,0.9341135091618389,0.35630776044919693,mm,rotation_vector_rad,xyzw,TCP_from_joint_feedback_FK,robot_base,,"{""values"": [26.609766006469727, -17.791166305541992, 174.10682678222656, -0.004545874893665314, 0.05620229244232178, 2.412307024002075], ""schema"": ""x_mm,y_mm,z_mm,rotation_vector_rad[3]"", ""frame"": ""policy_stain_relative_xy_base_z"", ""transform"": ""stain_relative_v1"", ""note"": ""existing policy XY transform only; not a full rotated rigid TCP frame""}",,"[462.984343831459, 348.1563415482676, 174.10682743110954, -0.004545875097890028, 0.056202291712638644, 2.4123071280957857]","{""source_acquisition_stamp"": null, ""calibration"": ""deployed EE2TCP unverified"", ""layout"": ""std_msgs.msg.MultiArrayLayout(dim=[], data_offset=0)""}"
rel_single_90deg_best_20260920T160636_1789887996648993205_r3lvdifh,2765,,,1789888022094765557,9540851430618,receipt_only_no_header,,,/ur10skku/currentP,valid,462.9619599818914,348.1510045207754,174.14091325868287,-0.00455791778282623,0.05622157327043099,2.41234312014779,-0.0017649402083088973,0.02177040481362966,0.9341198266077845,0.3562907295995144,mm,rotation_vector_rad,xyzw,TCP_from_joint_feedback_FK,robot_base,,"{""values"": [26.5873966217041, -17.796506881713867, 174.1409149169922, -0.0045579178258776665, 0.056221574544906616, 2.4123430252075195], ""schema"": ""x_mm,y_mm,z_mm,rotation_vector_rad[3]"", ""frame"": ""policy_stain_relative_xy_base_z"", ""transform"": ""stain_relative_v1"", ""note"": ""existing policy XY transform only; not a full rotated rigid TCP frame""}",,"[462.9619599818914, 348.1510045207754, 174.14091325868287, -0.00455791778282623, 0.05622157327043099, 2.41234312014779]","{""source_acquisition_stamp"": null, ""calibration"": ""deployed EE2TCP unverified"", ""layout"": ""std_msgs.msg.MultiArrayLayout(dim=[], data_offset=0)""}"
rel_single_90deg_best_20260920T160636_1789887996648993205_r3lvdifh,2767,,,1789888022150873436,9540907542254,receipt_only_no_header,,,/ur10skku/currentP,valid,462.9954208556171,348.11281478245064,174.17984364060067,-0.004590194886771877,0.05621326911548611,2.412260050623285,-0.0017774717955892187,0.02176759437351723,0.9341050455103695,0.3563295895393426,mm,rotation_vector_rad,xyzw,TCP_from_joint_feedback_FK,robot_base,,"{""values"": [26.6208438873291, -17.834684371948242, 174.17984008789062, -0.004590194672346115, 0.056213270872831345, 2.412260055541992], ""schema"": ""x_mm,y_mm,z_mm,rotation_vector_rad[3]"", ""frame"": ""policy_stain_relative_xy_base_z"", ""transform"": ""stain_relative_v1"", ""note"": ""existing policy XY transform only; not a full rotated rigid TCP frame""}",,"[462.9954208556171, 348.11281478245064, 174.17984364060067, -0.004590194886771877, 0.05621326911548611, 2.412260050623285]","{""source_acquisition_stamp"": null, ""calibration"": ""deployed EE2TCP unverified"", ""layout"": ""std_msgs.msg.MultiArrayLayout(dim=[], data_offset=0)""}"
rel_single_90deg_best_20260920T160636_1789887996648993205_r3lvdifh,2773,,,1789888022206800407,9540963465989,receipt_only_no_header,,,/ur10skku/currentP,valid,462.98921218797716,348.1068592558231,174.1849618040522,-0.004613744316447184,0.05618851536084306,2.4122481741304305,-0.0017865958547238887,0.0217580693123615,0.9341030392827214,0.356335384852295,mm,rotation_vector_rad,xyzw,TCP_from_joint_feedback_FK,robot_base,,"{""values"": [26.614648818969727, -17.840635299682617, 174.18496704101562, -0.004613744094967842, 0.056188516318798065, 2.412248134613037], ""schema"": ""x_mm,y_mm,z_mm,rotation_vector_rad[3]"", ""frame"": ""policy_stain_relative_xy_base_z"", ""transform"": ""stain_relative_v1"", ""note"": ""existing policy XY transform only; not a full rotated rigid TCP frame""}",,"[462.98921218797716, 348.1068592558231, 174.1849618040522, -0.004613744316447184, 0.05618851536084306, 2.4122481741304305]","{""source_acquisition_stamp"": null, ""calibration"": ""deployed EE2TCP unverified"", ""layout"": ""std_msgs.msg.MultiArrayLayout(dim=[], data_offset=0)""}"
rel_single_90deg_best_20260920T160636_1789887996648993205_r3lvdifh,2779,,,1789888022262899689,9541019565441,receipt_only_no_header,,,/ur10skku/currentP,valid,462.99484579674214,348.12297440078123,174.22086596393893,-0.004611893082093638,0.05613838270076861,2.41222453871714,-0.0017858889046862756,0.021738776898709344,0.9340990700832215,0.356346970591065,mm,rotation_vector_rad,xyzw,TCP_from_joint_feedback_FK,robot_base,,"{""values"": [26.620264053344727, -17.824522018432617, 174.2208709716797, -0.004611893091350794, 0.056138381361961365, 2.412224531173706], ""schema"": ""x_mm,y_mm,z_mm,rotation_vector_rad[3]"", ""frame"": ""policy_stain_relative_xy_base_z"", ""transform"": ""stain_relative_v1"", ""note"": ""existing policy XY transform only; not a full rotated rigid TCP frame""}",,"[462.99484579674214, 348.12297440078123, 174.22086596393893, -0.004611893082093638, 0.05613838270076861, 2.41222453871714]","{""source_acquisition_stamp"": null, ""calibration"": ""deployed EE2TCP unverified"", ""layout"": ""std_msgs.msg.MultiArrayLayout(dim=[], data_offset=0)""}"
rel_single_90deg_best_20260920T160636_1789887996648993205_r3lvdifh,2785,,,1789888022318729824,9541075393132,receipt_only_no_header,,,/ur10skku/currentP,valid,463.00522678871874,348.12046166121513,174.23543841389397,-0.00465460226083577,0.05610091900178145,2.4122013671717193,-0.0018024370772480507,0.021724386061365418,0.9340951037990637,0.35635816158670414,mm,rotation_vector_rad,xyzw,TCP_from_joint_feedback_FK,robot_base,,"{""values"": [26.630640029907227, -17.827054977416992, 174.23544311523438, -0.004654602147638798, 0.05610091984272003, 2.412201404571533], ""schema"": ""x_mm,y_mm,z_mm,rotation_vector_rad[3]"", ""frame"": ""policy_stain_relative_xy_base_z"", ""transform"": ""stain_relative_v1"", ""note"": ""existing policy XY transform only; not a full rotated rigid TCP frame""}",,"[463.00522678871874, 348.12046166121513, 174.23543841389397, -0.00465460226083577, 0.05610091900178145, 2.4122013671717193]","{""source_acquisition_stamp"": null, ""calibration"": ""deployed EE2TCP unverified"", ""layout"": ""std_msgs.msg.MultiArrayLayout(dim=[], data_offset=0)""}"
rel_single_90deg_best_20260920T160636_1789887996648993205_r3lvdifh,2791,,,1789888022374868161,9541131534474,receipt_only_no_header,,,/ur10skku/currentP,valid,463.00931311422585,348.10677576540786,174.23547973306233,-0.004683432246840333,0.05605898199997312,2.412106130779613,-0.001813640139991239,0.02170861338514923,0.9340783148197007,0.35640307041035013,mm,rotation_vector_rad,xyzw,TCP_from_joint_feedback_FK,robot_base,,"{""values"": [26.634729385375977, -17.840726852416992, 174.2354736328125, -0.0046834321692585945, 0.05605898052453995, 2.4121060371398926], ""schema"": ""x_mm,y_mm,z_mm,rotation_vector_rad[3]"", ""frame"": ""policy_stain_relative_xy_base_z"", ""transform"": ""stain_relative_v1"", ""note"": ""existing policy XY transform only; not a full rotated rigid TCP frame""}",,"[463.00931311422585, 348.10677576540786, 174.23547973306233, -0.004683432246840333, 0.05605898199997312, 2.412106130779613]","{""source_acquisition_stamp"": null, ""calibration"": ""deployed EE2TCP unverified"", ""layout"": ""std_msgs.msg.MultiArrayLayout(dim=[], data_offset=0)""}"
rel_single_90deg_best_20260920T160636_1789887996648993205_r3lvdifh,2796,,,1789888022439360231,9541196023579,receipt_only_no_header,,,/ur10skku/currentP,valid,462.9895963205587,348.1299647831617,174.2485468985517,-0.004656340689746522,0.05603767772184184,2.412225788231313,-0.0018031010040205303,0.021699785238165712,0.9340997642766705,0.356347440745202,mm,rotation_vector_rad,xyzw,TCP_from_joint_feedback_FK,robot_base,,"{""values"": [26.615015029907227, -17.817533493041992, 174.24855041503906, -0.0046563404612243176, 0.05603767931461334, 2.4122257232666016], ""schema"": ""x_mm,y_mm,z_mm,rotation_vector_rad[3]"", ""frame"": ""policy_stain_relative_xy_base_z"", ""transform"": ""stain_relative_v1"", ""note"": ""existing policy XY transform only; not a full rotated rigid TCP frame""}",,"[462.9895963205587, 348.1299647831617, 174.2485468985517, -0.004656340689746522, 0.05603767772184184, 2.412225788231313]","{""source_acquisition_stamp"": null, ""calibration"": ""deployed EE2TCP unverified"", ""layout"": ""std_msgs.msg.MultiArrayLayout(dim=[], data_offset=0)""}"
rel_single_90deg_best_20260920T160636_1789887996648993205_r3lvdifh,2803,,,1789888022494818833,9541251483593,receipt_only_no_header,,,/ur10skku/currentP,valid,463.0173866490603,348.185027039512,174.24937076253616,-0.004669022756459149,0.055879183643733274,2.4121427978036882,-0.0018080469928577797,0.021638830055096894,0.9340857304409388,0.35638790690276817,mm,rotation_vector_rad,xyzw,TCP_from_joint_feedback_FK,robot_base,,"{""values"": [26.6428165435791, -17.762479782104492, 174.24937438964844, -0.004669022746384144, 0.05587918311357498, 2.412142753601074], ""schema"": ""x_mm,y_mm,z_mm,rotation_vector_rad[3]"", ""frame"": ""policy_stain_relative_xy_base_z"", ""transform"": ""stain_relative_v1"", ""note"": ""existing policy XY transform only; not a full rotated rigid TCP frame""}",,"[463.0173866490603, 348.185027039512, 174.24937076253616, -0.004669022756459149, 0.055879183643733274, 2.4121427978036882]","{""source_acquisition_stamp"": null, ""calibration"": ""deployed EE2TCP unverified"", ""layout"": ""std_msgs.msg.MultiArrayLayout(dim=[], data_offset=0)""}"
rel_single_90deg_best_20260920T160636_1789887996648993205_r3lvdifh,2805,,,1789888022550826239,9541307493875,receipt_only_no_header,,,/ur10skku/currentP,valid,463.02862256893343,348.18369142463814,174.24409196552972,-0.004697920298863812,0.05588777846984763,2.412179048604543,-0.0018192225123041387,0.02164198161888841,0.9340921407268379,0.35637085696421866,mm,rotation_vector_rad,xyzw,TCP_from_joint_feedback_FK,robot_base,,"{""values"": [26.6540470123291, -17.763822555541992, 174.2440948486328, -0.0046979202888906, 0.05588777735829353, 2.4121789932250977], ""schema"": ""x_mm,y_mm,z_mm,rotation_vector_rad[3]"", ""frame"": ""policy_stain_relative_xy_base_z"", ""transform"": ""stain_relative_v1"", ""note"": ""existing policy XY transform only; not a full rotated rigid TCP frame""}",,"[463.02862256893343, 348.18369142463814, 174.24409196552972, -0.004697920298863812, 0.05588777846984763, 2.412179048604543]","{""source_acquisition_stamp"": null, ""calibration"": ""deployed EE2TCP unverified"", ""layout"": ""std_msgs.msg.MultiArrayLayout(dim=[], data_offset=0)""}"
rel_single_90deg_best_20260920T160636_1789887996648993205_r3lvdifh,2811,,,1789888022606847150,9541363512832,receipt_only_no_header,,,/ur10skku/currentP,valid,463.07286645539386,348.21942458430436,174.25254056301338,-0.004738837719994008,0.055674021117399344,2.4121335237429875,-0.0018350880560905935,0.02155944922022023,0.934085039553131,0.35639439036574744,mm,rotation_vector_rad,xyzw,TCP_from_joint_feedback_FK,robot_base,,"{""values"": [26.69829750061035, -17.728086471557617, 174.25253295898438, -0.004738837946206331, 0.05567402020096779, 2.4121334552764893], ""schema"": ""x_mm,y_mm,z_mm,rotation_vector_rad[3]"", ""frame"": ""policy_stain_relative_xy_base_z"", ""transform"": ""stain_relative_v1"", ""note"": ""existing policy XY transform only; not a full rotated rigid TCP frame""}",,"[463.07286645539386, 348.21942458430436, 174.25254056301338, -0.004738837719994008, 0.055674021117399344, 2.4121335237429875]","{""source_acquisition_stamp"": null, ""calibration"": ""deployed EE2TCP unverified"", ""layout"": ""std_msgs.msg.MultiArrayLayout(dim=[], data_offset=0)""}"
rel_single_90deg_best_20260920T160636_1789887996648993205_r3lvdifh,2992,,,1789888022714292511,9541470955919,receipt_only_no_header,,,/ur10skku/currentP,valid,463.0848266421056,348.241330998246,174.20661607678164,-0.004785109864725159,0.05562306393370405,2.4121700239953054,-0.0018529920027040548,0.021539545705074402,0.9340917742716187,0.3563778495214821,mm,rotation_vector_rad,xyzw,TCP_from_joint_feedback_FK,robot_base,,"{""values"": [26.71026039123535, -17.706174850463867, 174.2066192626953, -0.004785109777003527, 0.05562306568026543, 2.412169933319092], ""schema"": ""x_mm,y_mm,z_mm,rotation_vector_rad[3]"", ""frame"": ""policy_stain_relative_xy_base_z"", ""transform"": ""stain_relative_v1"", ""note"": ""existing policy XY transform only; not a full rotated rigid TCP frame""}",,"[463.0848266421056, 348.241330998246, 174.20661607678164, -0.004785109864725159, 0.05562306393370405, 2.4121700239953054]","{""source_acquisition_stamp"": null, ""calibration"": ""deployed EE2TCP unverified"", ""layout"": ""std_msgs.msg.MultiArrayLayout(dim=[], data_offset=0)""}"
rel_single_90deg_best_20260920T160636_1789887996648993205_r3lvdifh,2996,,,1789888022773332547,9541530007116,receipt_only_no_header,,,/ur10skku/currentP,valid,463.0606922974277,348.2278411668451,174.1719421112536,-0.004791147134768754,0.055544484862838736,2.412158653368565,-0.0018553353481463614,0.02150918000675826,0.9340901226878787,0.3563840002064152,mm,rotation_vector_rad,xyzw,TCP_from_joint_feedback_FK,robot_base,,"{""values"": [26.686120986938477, -17.719663619995117, 174.17193603515625, -0.0047911470755934715, 0.05554448440670967, 2.412158727645874], ""schema"": ""x_mm,y_mm,z_mm,rotation_vector_rad[3]"", ""frame"": ""policy_stain_relative_xy_base_z"", ""transform"": ""stain_relative_v1"", ""note"": ""existing policy XY transform only; not a full rotated rigid TCP frame""}",,"[463.0606922974277, 348.2278411668451, 174.1719421112536, -0.004791147134768754, 0.055544484862838736, 2.412158653368565]","{""source_acquisition_stamp"": null, ""calibration"": ""deployed EE2TCP unverified"", ""layout"": ""std_msgs.msg.MultiArrayLayout(dim=[], data_offset=0)""}"
rel_single_90deg_best_20260920T160636_1789887996648993205_r3lvdifh,2998,,,1789888022839622628,9541596286978,receipt_only_no_header,,,/ur10skku/currentP,valid,463.0271623488314,348.19004130641133,174.14802994047068,-0.00474516065157918,0.05565881073559346,2.4121213286249166,-0.001837541727091113,0.021553619511887914,0.9340829357757685,0.3564002441341187,mm,rotation_vector_rad,xyzw,TCP_from_joint_feedback_FK,robot_base,,"{""values"": [26.6525821685791, -17.757474899291992, 174.1480255126953, -0.004745160695165396, 0.05565880984067917, 2.412121295928955], ""schema"": ""x_mm,y_mm,z_mm,rotation_vector_rad[3]"", ""frame"": ""policy_stain_relative_xy_base_z"", ""transform"": ""stain_relative_v1"", ""note"": ""existing policy XY transform only; not a full rotated rigid TCP frame""}",,"[463.0271623488314, 348.19004130641133, 174.14802994047068, -0.00474516065157918, 0.05565881073559346, 2.4121213286249166]","{""source_acquisition_stamp"": null, ""calibration"": ""deployed EE2TCP unverified"", ""layout"": ""std_msgs.msg.MultiArrayLayout(dim=[], data_offset=0)""}"
rel_single_90deg_best_20260920T160636_1789887996648993205_r3lvdifh,3000,,,1789888022894740547,9541651406680,receipt_only_no_header,,,/ur10skku/currentP,valid,462.9852613563006,348.177570605896,174.1715193107039,-0.004734514992230079,0.055704881779666426,2.412156836266121,-0.0018334042551494392,0.021571283955176837,0.9340890492386049,0.35638317360655736,mm,rotation_vector_rad,xyzw,TCP_from_joint_feedback_FK,robot_base,,"{""values"": [26.610681533813477, -17.769926071166992, 174.17152404785156, -0.0047345152124762535, 0.05570488050580025, 2.412156820297241], ""schema"": ""x_mm,y_mm,z_mm,rotation_vector_rad[3]"", ""frame"": ""policy_stain_relative_xy_base_z"", ""transform"": ""stain_relative_v1"", ""note"": ""existing policy XY transform only; not a full rotated rigid TCP frame""}",,"[462.9852613563006, 348.177570605896, 174.1715193107039, -0.004734514992230079, 0.055704881779666426, 2.412156836266121]","{""source_acquisition_stamp"": null, ""calibration"": ""deployed EE2TCP unverified"", ""layout"": ""std_msgs.msg.MultiArrayLayout(dim=[], data_offset=0)""}"
rel_single_90deg_best_20260920T160636_1789887996648993205_r3lvdifh,3002,,,1789888022950973575,9541707639488,receipt_only_no_header,,,/ur10skku/currentP,valid,462.9344065035468,348.1215134975052,174.16015174907062,-0.004626879679237194,0.055917787053708,2.4122139348783818,-0.001791698539538964,0.021653430463723835,0.9340982441301933,0.356354302735895,mm,rotation_vector_rad,xyzw,TCP_from_joint_feedback_FK,robot_base,,"{""values"": [26.559839248657227, -17.825986862182617, 174.16015625, -0.004626879468560219, 0.05591778829693794, 2.4122140407562256], ""schema"": ""x_mm,y_mm,z_mm,rotation_vector_rad[3]"", ""frame"": ""policy_stain_relative_xy_base_z"", ""transform"": ""stain_relative_v1"", ""note"": ""existing policy XY transform only; not a full rotated rigid TCP frame""}",,"[462.9344065035468, 348.1215134975052, 174.16015174907062, -0.004626879679237194, 0.055917787053708, 2.4122139348783818]","{""source_acquisition_stamp"": null, ""calibration"": ""deployed EE2TCP unverified"", ""layout"": ""std_msgs.msg.MultiArrayLayout(dim=[], data_offset=0)""}"
rel_single_90deg_best_20260920T160636_1789887996648993205_r3lvdifh,3004,,,1789888023006736291,9541763404899,receipt_only_no_header,,,/ur10skku/currentP,valid,462.92242459911967,348.080021036677,174.19539359044887,-0.004709750130648369,0.05603482636830319,2.412202104428209,-0.0018237926890890552,0.021698795866017025,0.9340955338655647,0.35635848474618653,mm,rotation_vector_rad,xyzw,TCP_from_joint_feedback_FK,robot_base,,"{""values"": [26.5478458404541, -17.867490768432617, 174.1953887939453, -0.004709749948233366, 0.05603482574224472, 2.4122021198272705], ""schema"": ""x_mm,y_mm,z_mm,rotation_vector_rad[3]"", ""frame"": ""policy_stain_relative_xy_base_z"", ""transform"": ""stain_relative_v1"", ""note"": ""existing policy XY transform only; not a full rotated rigid TCP frame""}",,"[462.92242459911967, 348.080021036677, 174.19539359044887, -0.004709750130648369, 0.05603482636830319, 2.412202104428209]","{""source_acquisition_stamp"": null, ""calibration"": ""deployed EE2TCP unverified"", ""layout"": ""std_msgs.msg.MultiArrayLayout(dim=[], data_offset=0)""}"
rel_single_90deg_best_20260920T160636_1789887996648993205_r3lvdifh,3006,,,1789888023073877846,9541830545392,receipt_only_no_header,,,/ur10skku/currentP,valid,462.90305527946776,348.0728320508024,174.25430390041123,-0.004610739389185871,0.056103803507800906,2.412152460525373,-0.0017854712625981607,0.021725740804300796,0.9340863873969603,0.35638101122053417,mm,rotation_vector_rad,xyzw,TCP_from_joint_feedback_FK,robot_base,,"{""values"": [26.528467178344727, -17.874662399291992, 174.25430297851562, -0.004610739182680845, 0.05610380321741104, 2.4121525287628174], ""schema"": ""x_mm,y_mm,z_mm,rotation_vector_rad[3]"", ""frame"": ""policy_stain_relative_xy_base_z"", ""transform"": ""stain_relative_v1"", ""note"": ""existing policy XY transform only; not a full rotated rigid TCP frame""}",,"[462.90305527946776, 348.0728320508024, 174.25430390041123, -0.004610739389185871, 0.056103803507800906, 2.412152460525373]","{""source_acquisition_stamp"": null, ""calibration"": ""deployed EE2TCP unverified"", ""layout"": ""std_msgs.msg.MultiArrayLayout(dim=[], data_offset=0)""}"
rel_single_90deg_best_20260920T160636_1789887996648993205_r3lvdifh,3008,,,1789888023128661343,9541885325973,receipt_only_no_header,,,/ur10skku/currentP,valid,462.8805098938311,348.0784949859053,174.3417720741727,-0.004635321138482205,0.056078031495611684,2.4122008456851605,-0.001794971139387595,0.021715528456621943,0.9340951297775623,0.35635867104407326,mm,rotation_vector_rad,xyzw,TCP_from_joint_feedback_FK,robot_base,,"{""values"": [26.505945205688477, -17.869016647338867, 174.34176635742188, -0.0046353209763765335, 0.05607803165912628, 2.412200927734375], ""schema"": ""x_mm,y_mm,z_mm,rotation_vector_rad[3]"", ""frame"": ""policy_stain_relative_xy_base_z"", ""transform"": ""stain_relative_v1"", ""note"": ""existing policy XY transform only; not a full rotated rigid TCP frame""}",,"[462.8805098938311, 348.0784949859053, 174.3417720741727, -0.004635321138482205, 0.056078031495611684, 2.4122008456851605]","{""source_acquisition_stamp"": null, ""calibration"": ""deployed EE2TCP unverified"", ""layout"": ""std_msgs.msg.MultiArrayLayout(dim=[], data_offset=0)""}"
rel_single_90deg_best_20260920T160636_1789887996648993205_r3lvdifh,3010,,,1789888023182847884,9541939513065,receipt_only_no_header,,,/ur10skku/currentP,valid,462.9021947623612,348.09999288377276,174.37072085611254,-0.004633977642417179,0.05614207172755712,2.412200369981539,-0.0017944504810979563,0.021740322331119534,0.9340947342508469,0.35635819869514646,mm,rotation_vector_rad,xyzw,TCP_from_joint_feedback_FK,robot_base,,"{""values"": [26.527612686157227, -17.847501754760742, 174.3707275390625, -0.004633977543562651, 0.05614207312464714, 2.412200450897217], ""schema"": ""x_mm,y_mm,z_mm,rotation_vector_rad[3]"", ""frame"": ""policy_stain_relative_xy_base_z"", ""transform"": ""stain_relative_v1"", ""note"": ""existing policy XY transform only; not a full rotated rigid TCP frame""}",,"[462.9021947623612, 348.09999288377276, 174.37072085611254, -0.004633977642417179, 0.05614207172755712, 2.412200369981539]","{""source_acquisition_stamp"": null, ""calibration"": ""deployed EE2TCP unverified"", ""layout"": ""std_msgs.msg.MultiArrayLayout(dim=[], data_offset=0)""}"
rel_single_90deg_best_20260920T160636_1789887996648993205_r3lvdifh,3012,,,1789888023238821694,9541995486575,receipt_only_no_header,,,/ur10skku/currentP,valid,462.9362638583022,348.12717053552035,174.45114334299922,-0.004680716741481273,0.056026116097723684,2.4122017975707446,-0.0018125500963346699,0.02169542566637981,0.9340955332370459,0.3563587489509714,mm,rotation_vector_rad,xyzw,TCP_from_joint_feedback_FK,robot_base,,"{""values"": [26.561670303344727, -17.820341110229492, 174.45114135742188, -0.004680716898292303, 0.056026116013526917, 2.4122018814086914], ""schema"": ""x_mm,y_mm,z_mm,rotation_vector_rad[3]"", ""frame"": ""policy_stain_relative_xy_base_z"", ""transform"": ""stain_relative_v1"", ""note"": ""existing policy XY transform only; not a full rotated rigid TCP frame""}",,"[462.9362638583022, 348.12717053552035, 174.45114334299922, -0.004680716741481273, 0.056026116097723684, 2.4122017975707446]","{""source_acquisition_stamp"": null, ""calibration"": ""deployed EE2TCP unverified"", ""layout"": ""std_msgs.msg.MultiArrayLayout(dim=[], data_offset=0)""}"
rel_single_90deg_best_20260920T160636_1789887996648993205_r3lvdifh,3014,,,1789888023295013123,9542051677262,receipt_only_no_header,,,/ur10skku/currentP,valid,462.9589617485514,348.1277403500244,174.47940092998311,-0.004760633293747252,0.05603097110297854,2.412178765563216,-0.0018435061867101035,0.021697416184393883,0.934091370492066,0.3563693802617091,mm,rotation_vector_rad,xyzw,TCP_from_joint_feedback_FK,robot_base,,"{""values"": [26.584375381469727, -17.819761276245117, 174.47940063476562, -0.00476063322275877, 0.05603097006678581, 2.4121787548065186], ""schema"": ""x_mm,y_mm,z_mm,rotation_vector_rad[3]"", ""frame"": ""policy_stain_relative_xy_base_z"", ""transform"": ""stain_relative_v1"", ""note"": ""existing policy XY transform only; not a full rotated rigid TCP frame""}",,"[462.9589617485514, 348.1277403500244, 174.47940092998311, -0.004760633293747252, 0.05603097110297854, 2.412178765563216]","{""source_acquisition_stamp"": null, ""calibration"": ""deployed EE2TCP unverified"", ""layout"": ""std_msgs.msg.MultiArrayLayout(dim=[], data_offset=0)""}"
rel_single_90deg_best_20260920T160636_1789887996648993205_r3lvdifh,3016,,,1789888023350864369,9542107535742,receipt_only_no_header,,,/ur10skku/currentP,valid,462.937134919133,348.11423690917707,174.51180679455376,-0.00464111306963569,0.056111391490624954,2.412164758187031,-0.0017972281847550074,0.021728618277487777,0.9340885310572227,0.35637515803709297,mm,rotation_vector_rad,xyzw,TCP_from_joint_feedback_FK,robot_base,,"{""values"": [26.56255531311035, -17.833280563354492, 174.51181030273438, -0.004641112871468067, 0.05611139163374901, 2.4121646881103516], ""schema"": ""x_mm,y_mm,z_mm,rotation_vector_rad[3]"", ""frame"": ""policy_stain_relative_xy_base_z"", ""transform"": ""stain_relative_v1"", ""note"": ""existing policy XY transform only; not a full rotated rigid TCP frame""}",,"[462.937134919133, 348.11423690917707, 174.51180679455376, -0.00464111306963569, 0.056111391490624954, 2.412164758187031]","{""source_acquisition_stamp"": null, ""calibration"": ""deployed EE2TCP unverified"", ""layout"": ""std_msgs.msg.MultiArrayLayout(dim=[], data_offset=0)""}"
rel_single_90deg_best_20260920T160636_1789887996648993205_r3lvdifh,3018,,,1789888023406663154,9542163328265,receipt_only_no_header,,,/ur10skku/currentP,valid,462.8976807987897,347.9570015381369,174.5542529327692,-0.003996271491349702,0.05647069938553574,2.412718729007181,-0.0015473249606795722,0.021865011647834963,0.9341857580429381,0.35611303896494345,mm,rotation_vector_rad,xyzw,TCP_from_joint_feedback_FK,robot_base,,"{""values"": [26.523096084594727, -17.990507125854492, 174.55426025390625, -0.003996271640062332, 0.05647069960832596, 2.4127187728881836], ""schema"": ""x_mm,y_mm,z_mm,rotation_vector_rad[3]"", ""frame"": ""policy_stain_relative_xy_base_z"", ""transform"": ""stain_relative_v1"", ""note"": ""existing policy XY transform only; not a full rotated rigid TCP frame""}",,"[462.8976807987897, 347.9570015381369, 174.5542529327692, -0.003996271491349702, 0.05647069938553574, 2.412718729007181]","{""source_acquisition_stamp"": null, ""calibration"": ""deployed EE2TCP unverified"", ""layout"": ""std_msgs.msg.MultiArrayLayout(dim=[], data_offset=0)""}"
rel_single_90deg_best_20260920T160636_1789887996648993205_r3lvdifh,3020,,,1789888023474148419,9542230815634,receipt_only_no_header,,,/ur10skku/currentP,valid,462.8508564968304,347.57088815164394,174.54337435824368,-0.0024140431046497904,0.05719091254543549,2.4138576792808726,-0.0009344572042599231,0.022138154924965354,0.934385427549928,0.3555740452684784,mm,rotation_vector_rad,xyzw,TCP_from_joint_feedback_FK,robot_base,,"{""values"": [26.476282119750977, -18.376615524291992, 174.5433807373047, -0.0024140430614352226, 0.0571909137070179, 2.4138576984405518], ""schema"": ""x_mm,y_mm,z_mm,rotation_vector_rad[3]"", ""frame"": ""policy_stain_relative_xy_base_z"", ""transform"": ""stain_relative_v1"", ""note"": ""existing policy XY transform only; not a full rotated rigid TCP frame""}",,"[462.8508564968304, 347.57088815164394, 174.54337435824368, -0.0024140431046497904, 0.05719091254543549, 2.4138576792808726]","{""source_acquisition_stamp"": null, ""calibration"": ""deployed EE2TCP unverified"", ""layout"": ""std_msgs.msg.MultiArrayLayout(dim=[], data_offset=0)""}"
rel_single_90deg_best_20260920T160636_1789887996648993205_r3lvdifh,3022,,,1789888023526897531,9542283563994,receipt_only_no_header,,,/ur10skku/currentP,valid,462.8654951293437,347.0598482591972,174.47523363153766,-0.0003148430343839614,0.05811994348607145,2.41547746579576,-0.00012182849749365773,0.022489509425478605,0.9346688929087397,0.3548073671055456,mm,rotation_vector_rad,xyzw,TCP_from_joint_feedback_FK,robot_base,,"{""values"": [26.490930557250977, -18.887662887573242, 174.47523498535156, -0.0003148430259898305, 0.05811994522809982, 2.4154775142669678], ""schema"": ""x_mm,y_mm,z_mm,rotation_vector_rad[3]"", ""frame"": ""policy_stain_relative_xy_base_z"", ""transform"": ""stain_relative_v1"", ""note"": ""existing policy XY transform only; not a full rotated rigid TCP frame""}",,"[462.8654951293437, 347.0598482591972, 174.47523363153766, -0.0003148430343839614, 0.05811994348607145, 2.41547746579576]","{""source_acquisition_stamp"": null, ""calibration"": ""deployed EE2TCP unverified"", ""layout"": ""std_msgs.msg.MultiArrayLayout(dim=[], data_offset=0)""}"
rel_single_90deg_best_20260920T160636_1789887996648993205_r3lvdifh,3024,,,1789888023582990110,9542339663587,receipt_only_no_header,,,/ur10skku/currentP,valid,463.13880019988864,346.63819207353856,174.45955700290097,0.0006230033684107639,0.05846979860527589,2.415931193274547,0.0002410461553408063,0.022622542464426076,0.9347476357829183,0.354591342064976,mm,rotation_vector_rad,xyzw,TCP_from_joint_feedback_FK,robot_base,,"{""values"": [26.76421546936035, -19.309324264526367, 174.45956420898438, 0.0006230033468455076, 0.05846979841589928, 2.415931224822998], ""schema"": ""x_mm,y_mm,z_mm,rotation_vector_rad[3]"", ""frame"": ""policy_stain_relative_xy_base_z"", ""transform"": ""stain_relative_v1"", ""note"": ""existing policy XY transform only; not a full rotated rigid TCP frame""}",,"[463.13880019988864, 346.63819207353856, 174.45955700290097, 0.0006230033684107639, 0.05846979860527589, 2.415931193274547]","{""source_acquisition_stamp"": null, ""calibration"": ""deployed EE2TCP unverified"", ""layout"": ""std_msgs.msg.MultiArrayLayout(dim=[], data_offset=0)""}"
rel_single_90deg_best_20260920T160636_1789887996648993205_r3lvdifh,3026,,,1789888023638844882,9542395509833,receipt_only_no_header,,,/ur10skku/currentP,valid,463.52461126555175,346.2146433308793,174.4833165875699,0.0009285578371141969,0.058730766124236645,2.4155794194095495,0.0003592960015593247,0.022725272022402748,0.9346838636784972,0.35475274191601036,mm,rotation_vector_rad,xyzw,TCP_from_joint_feedback_FK,robot_base,,"{""values"": [27.1500186920166, -19.732877731323242, 174.4833221435547, 0.0009285578271374106, 0.05873076617717743, 2.415579319000244], ""schema"": ""x_mm,y_mm,z_mm,rotation_vector_rad[3]"", ""frame"": ""policy_stain_relative_xy_base_z"", ""transform"": ""stain_relative_v1"", ""note"": ""existing policy XY transform only; not a full rotated rigid TCP frame""}",,"[463.52461126555175, 346.2146433308793, 174.4833165875699, 0.0009285578371141969, 0.058730766124236645, 2.4155794194095495]","{""source_acquisition_stamp"": null, ""calibration"": ""deployed EE2TCP unverified"", ""layout"": ""std_msgs.msg.MultiArrayLayout(dim=[], data_offset=0)""}"
rel_single_90deg_best_20260920T160636_1789887996648993205_r3lvdifh,3028,,,1789888023695192851,9542451859184,receipt_only_no_header,,,/ur10skku/currentP,valid,463.85699500311983,345.7848954812031,174.50254435297222,0.0013204734228445152,0.05886635384464881,2.414927299108938,0.000511018002818001,0.022781046596204228,0.9345673331939751,0.35505585828610653,mm,rotation_vector_rad,xyzw,TCP_from_joint_feedback_FK,robot_base,,"{""values"": [27.4824161529541, -20.162626266479492, 174.50254821777344, 0.0013204733841121197, 0.05886635556817055, 2.4149272441864014], ""schema"": ""x_mm,y_mm,z_mm,rotation_vector_rad[3]"", ""frame"": ""policy_stain_relative_xy_base_z"", ""transform"": ""stain_relative_v1"", ""note"": ""existing policy XY transform only; not a full rotated rigid TCP frame""}",,"[463.85699500311983, 345.7848954812031, 174.50254435297222, 0.0013204734228445152, 0.05886635384464881, 2.414927299108938]","{""source_acquisition_stamp"": null, ""calibration"": ""deployed EE2TCP unverified"", ""layout"": ""std_msgs.msg.MultiArrayLayout(dim=[], data_offset=0)""}"
rel_single_90deg_best_20260920T160636_1789887996648993205_r3lvdifh,3030,,,1789888023750648558,9542507311935,receipt_only_no_header,,,/ur10skku/currentP,valid,464.23135353850654,345.35421307836793,174.54508841980953,0.001608038305369531,0.058802266670126474,2.414194692219038,0.0006224067828458871,0.02275998618937677,0.9344374114286812,0.3553988178946599,mm,rotation_vector_rad,xyzw,TCP_from_joint_feedback_FK,robot_base,,"{""values"": [27.856775283813477, -20.593290328979492, 174.5450897216797, 0.0016080383211374283, 0.05880226567387581, 2.4141945838928223], ""schema"": ""x_mm,y_mm,z_mm,rotation_vector_rad[3]"", ""frame"": ""policy_stain_relative_xy_base_z"", ""transform"": ""stain_relative_v1"", ""note"": ""existing policy XY transform only; not a full rotated rigid TCP frame""}",,"[464.23135353850654, 345.35421307836793, 174.54508841980953, 0.001608038305369531, 0.058802266670126474, 2.414194692219038]","{""source_acquisition_stamp"": null, ""calibration"": ""deployed EE2TCP unverified"", ""layout"": ""std_msgs.msg.MultiArrayLayout(dim=[], data_offset=0)""}"
rel_single_90deg_best_20260920T160636_1789887996648993205_r3lvdifh,3032,,,1789888023806902156,9542563570062,receipt_only_no_header,,,/ur10skku/currentP,valid,464.60264953655627,344.96917111169927,174.5514684119081,0.0019431878048951907,0.05880555359012289,2.4133887003058256,0.0007522653087989418,0.022765364119271294,0.934293942826263,0.355775210900897,mm,rotation_vector_rad,xyzw,TCP_from_joint_feedback_FK,robot_base,,"{""values"": [28.22808265686035, -20.978330612182617, 174.5514678955078, 0.0019431877881288528, 0.05880555510520935, 2.413388729095459], ""schema"": ""x_mm,y_mm,z_mm,rotation_vector_rad[3]"", ""frame"": ""policy_stain_relative_xy_base_z"", ""transform"": ""stain_relative_v1"", ""note"": ""existing policy XY transform only; not a full rotated rigid TCP frame""}",,"[464.60264953655627, 344.96917111169927, 174.5514684119081, 0.0019431878048951907, 0.05880555359012289, 2.4133887003058256]","{""source_acquisition_stamp"": null, ""calibration"": ""deployed EE2TCP unverified"", ""layout"": ""std_msgs.msg.MultiArrayLayout(dim=[], data_offset=0)""}"
rel_single_90deg_best_20260920T160636_1789887996648993205_r3lvdifh,3034,,,1789888023862850508,9542619516430,receipt_only_no_header,,,/ur10skku/currentP,valid,464.95452883167644,344.6030302948757,174.58511772898783,0.002254571842084477,0.05873209334833099,2.4125953340685387,0.0008729665210344114,0.02274097025711,0.934152958061627,0.35614651078724663,mm,rotation_vector_rad,xyzw,TCP_from_joint_feedback_FK,robot_base,,"{""values"": [28.5799503326416, -21.344480514526367, 174.58511352539062, 0.0022545717656612396, 0.05873209238052368, 2.412595272064209], ""schema"": ""x_mm,y_mm,z_mm,rotation_vector_rad[3]"", ""frame"": ""policy_stain_relative_xy_base_z"", ""transform"": ""stain_relative_v1"", ""note"": ""existing policy XY transform only; not a full rotated rigid TCP frame""}",,"[464.95452883167644, 344.6030302948757, 174.58511772898783, 0.002254571842084477, 0.05873209334833099, 2.4125953340685387]","{""source_acquisition_stamp"": null, ""calibration"": ""deployed EE2TCP unverified"", ""layout"": ""std_msgs.msg.MultiArrayLayout(dim=[], data_offset=0)""}"
rel_single_90deg_best_20260920T160636_1789887996648993205_r3lvdifh,3036,,,1789888023918653040,9542675318542,receipt_only_no_header,,,/ur10skku/currentP,valid,465.35726249192675,344.18833339988663,174.6000670285879,0.0024813207603943694,0.05869789486508339,2.411683497132228,0.0009609594393832767,0.022732367794949693,0.9339905014963679,0.3565726561669508,mm,rotation_vector_rad,xyzw,TCP_from_joint_feedback_FK,robot_base,,"{""values"": [28.982690811157227, -21.759183883666992, 174.60006713867188, 0.00248132087290287, 0.0586978942155838, 2.4116835594177246], ""schema"": ""x_mm,y_mm,z_mm,rotation_vector_rad[3]"", ""frame"": ""policy_stain_relative_xy_base_z"", ""transform"": ""stain_relative_v1"", ""note"": ""existing policy XY transform only; not a full rotated rigid TCP frame""}",,"[465.35726249192675, 344.18833339988663, 174.6000670285879, 0.0024813207603943694, 0.05869789486508339, 2.411683497132228]","{""source_acquisition_stamp"": null, ""calibration"": ""deployed EE2TCP unverified"", ""layout"": ""std_msgs.msg.MultiArrayLayout(dim=[], data_offset=0)""}"
rel_single_90deg_best_20260920T160636_1789887996648993205_r3lvdifh,3038,,,1789888023974866441,9542731533826,receipt_only_no_header,,,/ur10skku/currentP,valid,465.79898087121995,343.74335371536336,174.63073881989516,0.0026673690162042868,0.05862582566893042,2.410701144555906,0.0010332389844748815,0.022709451976901822,0.9338154516085196,0.3570320931587054,mm,rotation_vector_rad,xyzw,TCP_from_joint_feedback_FK,robot_base,,"{""values"": [29.424402236938477, -22.204160690307617, 174.6307373046875, 0.0026673690881580114, 0.05862582474946976, 2.410701036453247], ""schema"": ""x_mm,y_mm,z_mm,rotation_vector_rad[3]"", ""frame"": ""policy_stain_relative_xy_base_z"", ""transform"": ""stain_relative_v1"", ""note"": ""existing policy XY transform only; not a full rotated rigid TCP frame""}",,"[465.79898087121995, 343.74335371536336, 174.63073881989516, 0.0026673690162042868, 0.05862582566893042, 2.410701144555906]","{""source_acquisition_stamp"": null, ""calibration"": ""deployed EE2TCP unverified"", ""layout"": ""std_msgs.msg.MultiArrayLayout(dim=[], data_offset=0)""}"
rel_single_90deg_best_20260920T160636_1789887996648993205_r3lvdifh,3040,,,1789888024030822808,9542787487749,receipt_only_no_header,,,/ur10skku/currentP,valid,466.15289589245856,343.41182612252805,174.61010746168807,0.0031313180248588174,0.058623264411868464,2.4100124497457474,0.001213142039128614,0.022711952591336213,0.9336922645350669,0.3573533974139047,mm,rotation_vector_rad,xyzw,TCP_from_joint_feedback_FK,robot_base,,"{""values"": [29.7783145904541, -22.535673141479492, 174.610107421875, 0.00313131813891232, 0.058623265475034714, 2.4100124835968018], ""schema"": ""x_mm,y_mm,z_mm,rotation_vector_rad[3]"", ""frame"": ""policy_stain_relative_xy_base_z"", ""transform"": ""stain_relative_v1"", ""note"": ""existing policy XY transform only; not a full rotated rigid TCP frame""}",,"[466.15289589245856, 343.41182612252805, 174.61010746168807, 0.0031313180248588174, 0.058623264411868464, 2.4100124497457474]","{""source_acquisition_stamp"": null, ""calibration"": ""deployed EE2TCP unverified"", ""layout"": ""std_msgs.msg.MultiArrayLayout(dim=[], data_offset=0)""}"
rel_single_90deg_best_20260920T160636_1789887996648993205_r3lvdifh,3042,,,1789888024086817048,9542843481037,receipt_only_no_header,,,/ur10skku/currentP,valid,466.5750253815598,343.0308997184596,174.63941155232914,0.0034977605236861105,0.05855071931322609,2.409170946770982,0.0013553651314383893,0.022688117965878354,0.9335419834536477,0.35774680630014877,mm,rotation_vector_rad,xyzw,TCP_from_joint_feedback_FK,robot_base,,"{""values"": [30.2004337310791, -22.916593551635742, 174.639404296875, 0.003497760510072112, 0.058550719171762466, 2.4091708660125732], ""schema"": ""x_mm,y_mm,z_mm,rotation_vector_rad[3]"", ""frame"": ""policy_stain_relative_xy_base_z"", ""transform"": ""stain_relative_v1"", ""note"": ""existing policy XY transform only; not a full rotated rigid TCP frame""}",,"[466.5750253815598, 343.0308997184596, 174.63941155232914, 0.0034977605236861105, 0.05855071931322609, 2.409170946770982]","{""source_acquisition_stamp"": null, ""calibration"": ""deployed EE2TCP unverified"", ""layout"": ""std_msgs.msg.MultiArrayLayout(dim=[], data_offset=0)""}"
rel_single_90deg_best_20260920T160636_1789887996648993205_r3lvdifh,3044,,,1789888024142812621,9542899481189,receipt_only_no_header,,,/ur10skku/currentP,valid,466.92882880367205,342.68332353227714,174.66517786929154,0.003956969810180198,0.058417931762044815,2.4083758767651195,0.0015335795898502363,0.02264069531211712,0.9334001183917191,0.3581190668419515,mm,rotation_vector_rad,xyzw,TCP_from_joint_feedback_FK,robot_base,,"{""values"": [30.55425453186035, -23.264188766479492, 174.66517639160156, 0.003956969827413559, 0.05841793119907379, 2.4083759784698486], ""schema"": ""x_mm,y_mm,z_mm,rotation_vector_rad[3]"", ""frame"": ""policy_stain_relative_xy_base_z"", ""transform"": ""stain_relative_v1"", ""note"": ""existing policy XY transform only; not a full rotated rigid TCP frame""}",,"[466.92882880367205, 342.68332353227714, 174.66517786929154, 0.003956969810180198, 0.058417931762044815, 2.4083758767651195]","{""source_acquisition_stamp"": null, ""calibration"": ""deployed EE2TCP unverified"", ""layout"": ""std_msgs.msg.MultiArrayLayout(dim=[], data_offset=0)""}"
rel_single_90deg_best_20260920T160636_1789887996648993205_r3lvdifh,3046,,,1789888024207499365,9542964165277,receipt_only_no_header,,,/ur10skku/currentP,valid,467.3644566030338,342.2596143695167,174.651852873047,0.004168144077952303,0.05839728709849069,2.4072479427979494,0.0016158299298618247,0.022638393143749394,0.9331978937930905,0.3586454841060272,mm,rotation_vector_rad,xyzw,TCP_from_joint_feedback_FK,robot_base,,"{""values"": [30.989892959594727, -23.687894821166992, 174.65185546875, 0.0041681439615786076, 0.058397285640239716, 2.407248020172119], ""schema"": ""x_mm,y_mm,z_mm,rotation_vector_rad[3]"", ""frame"": ""policy_stain_relative_xy_base_z"", ""transform"": ""stain_relative_v1"", ""note"": ""existing policy XY transform only; not a full rotated rigid TCP frame""}",,"[467.3644566030338, 342.2596143695167, 174.651852873047, 0.004168144077952303, 0.05839728709849069, 2.4072479427979494]","{""source_acquisition_stamp"": null, ""calibration"": ""deployed EE2TCP unverified"", ""layout"": ""std_msgs.msg.MultiArrayLayout(dim=[], data_offset=0)""}"
rel_single_90deg_best_20260920T160636_1789887996648993205_r3lvdifh,3048,,,1789888024262849168,9543019514359,receipt_only_no_header,,,/ur10skku/currentP,valid,467.7541232302598,341.8532243950308,174.71011900296332,0.004700036070117616,0.058203247794393065,2.405900832996438,0.0018225731458505225,0.02256997070847796,0.9329567229659537,0.3592756987634638,mm,rotation_vector_rad,xyzw,TCP_from_joint_feedback_FK,robot_base,,"{""values"": [31.379541397094727, -24.094297409057617, 174.71011352539062, 0.004700036253780127, 0.05820324644446373, 2.405900716781616], ""schema"": ""x_mm,y_mm,z_mm,rotation_vector_rad[3]"", ""frame"": ""policy_stain_relative_xy_base_z"", ""transform"": ""stain_relative_v1"", ""note"": ""existing policy XY transform only; not a full rotated rigid TCP frame""}",,"[467.7541232302598, 341.8532243950308, 174.71011900296332, 0.004700036070117616, 0.058203247794393065, 2.405900832996438]","{""source_acquisition_stamp"": null, ""calibration"": ""deployed EE2TCP unverified"", ""layout"": ""std_msgs.msg.MultiArrayLayout(dim=[], data_offset=0)""}"
rel_single_90deg_best_20260920T160636_1789887996648993205_r3lvdifh,3050,,,1789888024318845271,9543075509370,receipt_only_no_header,,,/ur10skku/currentP,valid,468.1214100619341,341.4661474080922,174.73823045830358,0.004908825198496563,0.05808634558145808,2.4047983840785796,0.0019040059446348077,0.022530186514500596,0.932758905396782,0.35979103638081644,mm,rotation_vector_rad,xyzw,TCP_from_joint_feedback_FK,robot_base,,"{""values"": [31.7468204498291, -24.481351852416992, 174.7382354736328, 0.004908825270831585, 0.058086346834897995, 2.4047982692718506], ""schema"": ""x_mm,y_mm,z_mm,rotation_vector_rad[3]"", ""frame"": ""policy_stain_relative_xy_base_z"", ""transform"": ""stain_relative_v1"", ""note"": ""existing policy XY transform only; not a full rotated rigid TCP frame""}",,"[468.1214100619341, 341.4661474080922, 174.73823045830358, 0.004908825198496563, 0.05808634558145808, 2.4047983840785796]","{""source_acquisition_stamp"": null, ""calibration"": ""deployed EE2TCP unverified"", ""layout"": ""std_msgs.msg.MultiArrayLayout(dim=[], data_offset=0)""}"
rel_single_90deg_best_20260920T160636_1789887996648993205_r3lvdifh,3052,,,1789888024374897583,9543131564427,receipt_only_no_header,,,/ur10skku/currentP,valid,468.31006602663314,341.2603663681751,174.7017480426431,0.00518921943217742,0.05803309772914913,2.4041836882717558,0.0020130395880989804,0.0225126196098774,0.9326483500664177,0.3600780259170316,mm,rotation_vector_rad,xyzw,TCP_from_joint_feedback_FK,robot_base,,"{""values"": [31.93548011779785, -24.687131881713867, 174.70175170898438, 0.005189219489693642, 0.05803309753537178, 2.4041836261749268], ""schema"": ""x_mm,y_mm,z_mm,rotation_vector_rad[3]"", ""frame"": ""policy_stain_relative_xy_base_z"", ""transform"": ""stain_relative_v1"", ""note"": ""existing policy XY transform only; not a full rotated rigid TCP frame""}",,"[468.31006602663314, 341.2603663681751, 174.7017480426431, 0.00518921943217742, 0.05803309772914913, 2.4041836882717558]","{""source_acquisition_stamp"": null, ""calibration"": ""deployed EE2TCP unverified"", ""layout"": ""std_msgs.msg.MultiArrayLayout(dim=[], data_offset=0)""}"
rel_single_90deg_best_20260920T160636_1789887996648993205_r3lvdifh,3054,,,1789888024431126814,9543187792416,receipt_only_no_header,,,/ur10skku/currentP,valid,468.29794579558677,341.2434344527529,174.67363422973193,0.005390030158534972,0.05805363828671428,2.404024323672067,0.002091013332895359,0.022521382647253778,0.9326194409957353,0.3601519030405083,mm,rotation_vector_rad,xyzw,TCP_from_joint_feedback_FK,robot_base,,"{""values"": [31.923364639282227, -24.704069137573242, 174.6736297607422, 0.0053900303319096565, 0.0580536387860775, 2.404024362564087], ""schema"": ""x_mm,y_mm,z_mm,rotation_vector_rad[3]"", ""frame"": ""policy_stain_relative_xy_base_z"", ""transform"": ""stain_relative_v1"", ""note"": ""existing policy XY transform only; not a full rotated rigid TCP frame""}",,"[468.29794579558677, 341.2434344527529, 174.67363422973193, 0.005390030158534972, 0.05805363828671428, 2.404024323672067]","{""source_acquisition_stamp"": null, ""calibration"": ""deployed EE2TCP unverified"", ""layout"": ""std_msgs.msg.MultiArrayLayout(dim=[], data_offset=0)""}"
rel_single_90deg_best_20260920T160636_1789887996648993205_r3lvdifh,3056,,,1789888024486695247,9543243361690,receipt_only_no_header,,,/ur10skku/currentP,valid,468.34649550920824,341.2392596468516,174.63420526673957,0.005352452925754816,0.05808095535384537,2.404025131884698,0.002076434945943915,0.022531973109044274,0.9326194670023856,0.36015125763200434,mm,rotation_vector_rad,xyzw,TCP_from_joint_feedback_FK,robot_base,,"{""values"": [31.9719181060791, -24.708250045776367, 174.6342010498047, 0.005352452863007784, 0.05808095633983612, 2.404025077819824], ""schema"": ""x_mm,y_mm,z_mm,rotation_vector_rad[3]"", ""frame"": ""policy_stain_relative_xy_base_z"", ""transform"": ""stain_relative_v1"", ""note"": ""existing policy XY transform only; not a full rotated rigid TCP frame""}",,"[468.34649550920824, 341.2392596468516, 174.63420526673957, 0.005352452925754816, 0.05808095535384537, 2.404025131884698]","{""source_acquisition_stamp"": null, ""calibration"": ""deployed EE2TCP unverified"", ""layout"": ""std_msgs.msg.MultiArrayLayout(dim=[], data_offset=0)""}"
rel_single_90deg_best_20260920T160636_1789887996648993205_r3lvdifh,3058,,,1789888024541200569,9543297867373,receipt_only_no_header,,,/ur10skku/currentP,valid,468.38850417730856,341.23435187408694,174.654040796343,0.005363426402678819,0.0579978916762476,2.4039422785296765,0.0020807313239167226,0.02250017449137056,0.9326049477114399,0.3601908163864788,mm,rotation_vector_rad,xyzw,TCP_from_joint_feedback_FK,robot_base,,"{""values"": [32.01394271850586, -24.713163375854492, 174.65403747558594, 0.005363426171243191, 0.05799788981676102, 2.403942346572876], ""schema"": ""x_mm,y_mm,z_mm,rotation_vector_rad[3]"", ""frame"": ""policy_stain_relative_xy_base_z"", ""transform"": ""stain_relative_v1"", ""note"": ""existing policy XY transform only; not a full rotated rigid TCP frame""}",,"[468.38850417730856, 341.23435187408694, 174.654040796343, 0.005363426402678819, 0.0579978916762476, 2.4039422785296765]","{""source_acquisition_stamp"": null, ""calibration"": ""deployed EE2TCP unverified"", ""layout"": ""std_msgs.msg.MultiArrayLayout(dim=[], data_offset=0)""}"
rel_single_90deg_best_20260920T160636_1789887996648993205_r3lvdifh,3060,,,1789888024598885745,9543355550605,receipt_only_no_header,,,/ur10skku/currentP,valid,468.38822296900054,341.2311362944677,174.5623055712863,0.005407261840805631,0.058096411483864685,2.4038925925328756,0.002097759259245902,0.022538632066887162,0.9325954785772217,0.3602128298769586,mm,rotation_vector_rad,xyzw,TCP_from_joint_feedback_FK,robot_base,,"{""values"": [32.01363754272461, -24.716367721557617, 174.5623016357422, 0.005407261662185192, 0.05809641256928444, 2.4038925170898438], ""schema"": ""x_mm,y_mm,z_mm,rotation_vector_rad[3]"", ""frame"": ""policy_stain_relative_xy_base_z"", ""transform"": ""stain_relative_v1"", ""note"": ""existing policy XY transform only; not a full rotated rigid TCP frame""}",,"[468.38822296900054, 341.2311362944677, 174.5623055712863, 0.005407261840805631, 0.058096411483864685, 2.4038925925328756]","{""source_acquisition_stamp"": null, ""calibration"": ""deployed EE2TCP unverified"", ""layout"": ""std_msgs.msg.MultiArrayLayout(dim=[], data_offset=0)""}"
rel_single_90deg_best_20260920T160636_1789887996648993205_r3lvdifh,3062,,,1789888024654916655,9543411582097,receipt_only_no_header,,,/ur10skku/currentP,valid,468.4058547948122,341.2953529421225,174.60166390957568,0.005434915176073526,0.05791160557573663,2.4039058541021148,0.0021084832689558883,0.02246689184264857,0.9325987820073484,0.3602086962687677,mm,rotation_vector_rad,xyzw,TCP_from_joint_feedback_FK,robot_base,,"{""values"": [32.03127670288086, -24.652158737182617, 174.60166931152344, 0.005434914957731962, 0.05791160464286804, 2.4039058685302734], ""schema"": ""x_mm,y_mm,z_mm,rotation_vector_rad[3]"", ""frame"": ""policy_stain_relative_xy_base_z"", ""transform"": ""stain_relative_v1"", ""note"": ""existing policy XY transform only; not a full rotated rigid TCP frame""}",,"[468.4058547948122, 341.2953529421225, 174.60166390957568, 0.005434915176073526, 0.05791160557573663, 2.4039058541021148]","{""source_acquisition_stamp"": null, ""calibration"": ""deployed EE2TCP unverified"", ""layout"": ""std_msgs.msg.MultiArrayLayout(dim=[], data_offset=0)""}"
rel_single_90deg_best_20260920T160636_1789887996648993205_r3lvdifh,3064,,,1789888024710863424,9543467526842,receipt_only_no_header,,,/ur10skku/currentP,valid,468.4127213859714,341.3258077348009,174.58961286564772,0.005537263675029719,0.057817461659014524,2.403833111315839,0.002148225296855385,0.022430742154462186,0.9325860934587978,0.36024356374782346,mm,rotation_vector_rad,xyzw,TCP_from_joint_feedback_FK,robot_base,,"{""values"": [32.038143157958984, -24.621702194213867, 174.58961486816406, 0.005537263583391905, 0.05781746283173561, 2.4038331508636475], ""schema"": ""x_mm,y_mm,z_mm,rotation_vector_rad[3]"", ""frame"": ""policy_stain_relative_xy_base_z"", ""transform"": ""stain_relative_v1"", ""note"": ""existing policy XY transform only; not a full rotated rigid TCP frame""}",,"[468.4127213859714, 341.3258077348009, 174.58961286564772, 0.005537263675029719, 0.057817461659014524, 2.403833111315839]","{""source_acquisition_stamp"": null, ""calibration"": ""deployed EE2TCP unverified"", ""layout"": ""std_msgs.msg.MultiArrayLayout(dim=[], data_offset=0)""}"
rel_single_90deg_best_20260920T160636_1789887996648993205_r3lvdifh,3066,,,1789888024766697587,9543523364351,receipt_only_no_header,,,/ur10skku/currentP,valid,468.4410155456462,341.28353398949605,174.5741830532229,0.005515173711989846,0.05790303351774372,2.4037608319695103,0.002139688808821229,0.022464292021368855,0.9325726477239629,0.3602763301035714,mm,rotation_vector_rad,xyzw,TCP_from_joint_feedback_FK,robot_base,,"{""values"": [32.06643295288086, -24.663969039916992, 174.57418823242188, 0.0055151735432446, 0.05790303274989128, 2.4037609100341797], ""schema"": ""x_mm,y_mm,z_mm,rotation_vector_rad[3]"", ""frame"": ""policy_stain_relative_xy_base_z"", ""transform"": ""stain_relative_v1"", ""note"": ""existing policy XY transform only; not a full rotated rigid TCP frame""}",,"[468.4410155456462, 341.28353398949605, 174.5741830532229, 0.005515173711989846, 0.05790303351774372, 2.4037608319695103]","{""source_acquisition_stamp"": null, ""calibration"": ""deployed EE2TCP unverified"", ""layout"": ""std_msgs.msg.MultiArrayLayout(dim=[], data_offset=0)""}"
rel_single_90deg_best_20260920T160636_1789887996648993205_r3lvdifh,3068,,,1789888024822826646,9543579490504,receipt_only_no_header,,,/ur10skku/currentP,valid,468.4911145927499,341.2782606804251,174.57671810893703,0.005451164617987792,0.05777846882462846,2.403775183730307,0.0021148503057546162,0.022415909447420897,0.9325758876373716,0.36027110376659094,mm,rotation_vector_rad,xyzw,TCP_from_joint_feedback_FK,robot_base,,"{""values"": [32.11654281616211, -24.669248580932617, 174.57672119140625, 0.005451164674013853, 0.05777847021818161, 2.403775215148926], ""schema"": ""x_mm,y_mm,z_mm,rotation_vector_rad[3]"", ""frame"": ""policy_stain_relative_xy_base_z"", ""transform"": ""stain_relative_v1"", ""note"": ""existing policy XY transform only; not a full rotated rigid TCP frame""}",,"[468.4911145927499, 341.2782606804251, 174.57671810893703, 0.005451164617987792, 0.05777846882462846, 2.403775183730307]","{""source_acquisition_stamp"": null, ""calibration"": ""deployed EE2TCP unverified"", ""layout"": ""std_msgs.msg.MultiArrayLayout(dim=[], data_offset=0)""}"
rel_single_90deg_best_20260920T160636_1789887996648993205_r3lvdifh,3070,,,1789888024874740524,9543631406357,receipt_only_no_header,,,/ur10skku/currentP,valid,468.4991665799877,341.3741826619913,174.5840735828853,0.005429134352497657,0.057656070427826125,2.4038485398895983,0.002106270366022243,0.022368072823166326,0.9325897307451986,0.3602382920400341,mm,rotation_vector_rad,xyzw,TCP_from_joint_feedback_FK,robot_base,,"{""values"": [32.12459945678711, -24.573331832885742, 174.58407592773438, 0.005429134238511324, 0.057656072080135345, 2.403848648071289], ""schema"": ""x_mm,y_mm,z_mm,rotation_vector_rad[3]"", ""frame"": ""policy_stain_relative_xy_base_z"", ""transform"": ""stain_relative_v1"", ""note"": ""existing policy XY transform only; not a full rotated rigid TCP frame""}",,"[468.4991665799877, 341.3741826619913, 174.5840735828853, 0.005429134352497657, 0.057656070427826125, 2.4038485398895983]","{""source_acquisition_stamp"": null, ""calibration"": ""deployed EE2TCP unverified"", ""layout"": ""std_msgs.msg.MultiArrayLayout(dim=[], data_offset=0)""}"
rel_single_90deg_best_20260920T160636_1789887996648993205_r3lvdifh,3072,,,1789888024926914522,9543683579914,receipt_only_no_header,,,/ur10skku/currentP,valid,468.50907469123547,341.34856018215226,174.57621476054192,0.005467502839389462,0.057675658479965176,2.4037398779169448,0.00212120676018444,0.022376210906449694,0.932570028501661,0.3602887003609212,mm,rotation_vector_rad,xyzw,TCP_from_joint_feedback_FK,robot_base,,"{""values"": [32.13448715209961, -24.598936080932617, 174.5762176513672, 0.005467502865940332, 0.05767565965652466, 2.4037399291992188], ""schema"": ""x_mm,y_mm,z_mm,rotation_vector_rad[3]"", ""frame"": ""policy_stain_relative_xy_base_z"", ""transform"": ""stain_relative_v1"", ""note"": ""existing policy XY transform only; not a full rotated rigid TCP frame""}",,"[468.50907469123547, 341.34856018215226, 174.57621476054192, 0.005467502839389462, 0.057675658479965176, 2.4037398779169448]","{""source_acquisition_stamp"": null, ""calibration"": ""deployed EE2TCP unverified"", ""layout"": ""std_msgs.msg.MultiArrayLayout(dim=[], data_offset=0)""}"
rel_single_90deg_best_20260920T160636_1789887996648993205_r3lvdifh,3074,,,1789888024983057037,9543739721827,receipt_only_no_header,,,/ur10skku/currentP,valid,468.5150940309617,341.33727625215425,174.56303041684623,0.00545292304652683,0.05767975508706854,2.4037281175233383,0.002115555802592167,0.022377858540341043,0.9325678949603757,0.3602941536577693,mm,rotation_vector_rad,xyzw,TCP_from_joint_feedback_FK,robot_base,,"{""values"": [32.14052963256836, -24.610227584838867, 174.5630340576172, 0.005452923011034727, 0.05767975375056267, 2.4037280082702637], ""schema"": ""x_mm,y_mm,z_mm,rotation_vector_rad[3]"", ""frame"": ""policy_stain_relative_xy_base_z"", ""transform"": ""stain_relative_v1"", ""note"": ""existing policy XY transform only; not a full rotated rigid TCP frame""}",,"[468.5150940309617, 341.33727625215425, 174.56303041684623, 0.00545292304652683, 0.05767975508706854, 2.4037281175233383]","{""source_acquisition_stamp"": null, ""calibration"": ""deployed EE2TCP unverified"", ""layout"": ""std_msgs.msg.MultiArrayLayout(dim=[], data_offset=0)""}"
rel_single_90deg_best_20260920T160636_1789887996648993205_r3lvdifh,3076,,,1789888025038851714,9543795517416,receipt_only_no_header,,,/ur10skku/currentP,valid,468.521493310771,341.37029592346187,174.55461491383727,0.0055072597709824615,0.057696370299720336,2.4037749748328388,0.002136614127870422,0.022384068490605157,0.9325762330134267,0.36027206105436915,mm,rotation_vector_rad,xyzw,TCP_from_joint_feedback_FK,robot_base,,"{""values"": [32.146907806396484, -24.577207565307617, 174.5546112060547, 0.005507259629666805, 0.05769636854529381, 2.4037749767303467], ""schema"": ""x_mm,y_mm,z_mm,rotation_vector_rad[3]"", ""frame"": ""policy_stain_relative_xy_base_z"", ""transform"": ""stain_relative_v1"", ""note"": ""existing policy XY transform only; not a full rotated rigid TCP frame""}",,"[468.521493310771, 341.37029592346187, 174.55461491383727, 0.0055072597709824615, 0.057696370299720336, 2.4037749748328388]","{""source_acquisition_stamp"": null, ""calibration"": ""deployed EE2TCP unverified"", ""layout"": ""std_msgs.msg.MultiArrayLayout(dim=[], data_offset=0)""}"
rel_single_90deg_best_20260920T160636_1789887996648993205_r3lvdifh,3078,,,1789888025107789667,9543864456110,receipt_only_no_header,,,/ur10skku/currentP,valid,468.53097185828153,341.29211684617064,174.52647183916758,0.005486037947570096,0.05778246943152681,2.4037026284595595,0.0021284141786630153,0.022417822915478933,0.9325627720035954,0.3603048533419786,mm,rotation_vector_rad,xyzw,TCP_from_joint_feedback_FK,robot_base,,"{""values"": [32.15639877319336, -24.655393600463867, 174.52647399902344, 0.00548603804782033, 0.05778247117996216, 2.403702735900879], ""schema"": ""x_mm,y_mm,z_mm,rotation_vector_rad[3]"", ""frame"": ""policy_stain_relative_xy_base_z"", ""transform"": ""stain_relative_v1"", ""note"": ""existing policy XY transform only; not a full rotated rigid TCP frame""}",,"[468.53097185828153, 341.29211684617064, 174.52647183916758, 0.005486037947570096, 0.05778246943152681, 2.4037026284595595]","{""source_acquisition_stamp"": null, ""calibration"": ""deployed EE2TCP unverified"", ""layout"": ""std_msgs.msg.MultiArrayLayout(dim=[], data_offset=0)""}"
rel_single_90deg_best_20260920T160636_1789887996648993205_r3lvdifh,3080,,,1789888025158689008,9543915355051,receipt_only_no_header,,,/ur10skku/currentP,valid,468.49573892328203,341.31135351676295,174.49838733081316,0.005548439786247307,0.05778121384006425,2.403725496168285,0.002152613157415604,0.02241722104867463,0.932566870905314,0.36029413781925557,mm,rotation_vector_rad,xyzw,TCP_from_joint_feedback_FK,robot_base,,"{""values"": [32.121150970458984, -24.636167526245117, 174.49838256835938, 0.005548439919948578, 0.05778121203184128, 2.4037253856658936], ""schema"": ""x_mm,y_mm,z_mm,rotation_vector_rad[3]"", ""frame"": ""policy_stain_relative_xy_base_z"", ""transform"": ""stain_relative_v1"", ""note"": ""existing policy XY transform only; not a full rotated rigid TCP frame""}",,"[468.49573892328203, 341.31135351676295, 174.49838733081316, 0.005548439786247307, 0.05778121384006425, 2.403725496168285]","{""source_acquisition_stamp"": null, ""calibration"": ""deployed EE2TCP unverified"", ""layout"": ""std_msgs.msg.MultiArrayLayout(dim=[], data_offset=0)""}"
rel_single_90deg_best_20260920T160636_1789887996648993205_r3lvdifh,3082,,,1789888025214904022,9543971569774,receipt_only_no_header,,,/ur10skku/currentP,valid,468.51238957300126,341.30317342036653,174.49184823352107,0.005551664114611595,0.05784425877523735,2.4037128798528595,0.002153869412485928,0.022441735863665616,0.9325642800844678,0.3602993100860976,mm,rotation_vector_rad,xyzw,TCP_from_joint_feedback_FK,robot_base,,"{""values"": [32.137813568115234, -24.644346237182617, 174.49185180664062, 0.005551664158701897, 0.05784425884485245, 2.4037129878997803], ""schema"": ""x_mm,y_mm,z_mm,rotation_vector_rad[3]"", ""frame"": ""policy_stain_relative_xy_base_z"", ""transform"": ""stain_relative_v1"", ""note"": ""existing policy XY transform only; not a full rotated rigid TCP frame""}",,"[468.51238957300126, 341.30317342036653, 174.49184823352107, 0.005551664114611595, 0.05784425877523735, 2.4037128798528595]","{""source_acquisition_stamp"": null, ""calibration"": ""deployed EE2TCP unverified"", ""layout"": ""std_msgs.msg.MultiArrayLayout(dim=[], data_offset=0)""}"
rel_single_90deg_best_20260920T160636_1789887996648993205_r3lvdifh,3084,,,1789888025270913661,9544027582379,receipt_only_no_header,,,/ur10skku/currentP,valid,468.5247268570573,341.27821017163683,174.48523715792481,0.005529628061110526,0.05781857329104004,2.4036895784326315,0.002145331576228363,0.02243189046404522,0.9325602183498278,0.3603104869330876,mm,rotation_vector_rad,xyzw,TCP_from_joint_feedback_FK,robot_base,,"{""values"": [32.150142669677734, -24.669309616088867, 174.48524475097656, 0.00552962813526392, 0.05781857296824455, 2.4036896228790283], ""schema"": ""x_mm,y_mm,z_mm,rotation_vector_rad[3]"", ""frame"": ""policy_stain_relative_xy_base_z"", ""transform"": ""stain_relative_v1"", ""note"": ""existing policy XY transform only; not a full rotated rigid TCP frame""}",,"[468.5247268570573, 341.27821017163683, 174.48523715792481, 0.005529628061110526, 0.05781857329104004, 2.4036895784326315]","{""source_acquisition_stamp"": null, ""calibration"": ""deployed EE2TCP unverified"", ""layout"": ""std_msgs.msg.MultiArrayLayout(dim=[], data_offset=0)""}"
rel_single_90deg_best_20260920T160636_1789887996648993205_r3lvdifh,3086,,,1789888025326872614,9544083539298,receipt_only_no_header,,,/ur10skku/currentP,valid,468.5403984122052,341.33192088220864,174.5198490603999,0.0055081497777677135,0.05774555616553747,2.4037505368336727,0.0021369704858807265,0.022403266831014148,0.9325715820885461,0.3602829044977114,mm,rotation_vector_rad,xyzw,TCP_from_joint_feedback_FK,robot_base,,"{""values"": [32.165828704833984, -24.615598678588867, 174.5198516845703, 0.005508149974048138, 0.0577455572783947, 2.403750419616699], ""schema"": ""x_mm,y_mm,z_mm,rotation_vector_rad[3]"", ""frame"": ""policy_stain_relative_xy_base_z"", ""transform"": ""stain_relative_v1"", ""note"": ""existing policy XY transform only; not a full rotated rigid TCP frame""}",,"[468.5403984122052, 341.33192088220864, 174.5198490603999, 0.0055081497777677135, 0.05774555616553747, 2.4037505368336727]","{""source_acquisition_stamp"": null, ""calibration"": ""deployed EE2TCP unverified"", ""layout"": ""std_msgs.msg.MultiArrayLayout(dim=[], data_offset=0)""}"
rel_single_90deg_best_20260920T160636_1789887996648993205_r3lvdifh,3096,,,1789888025382846244,9544139509582,receipt_only_no_header,,,/ur10skku/currentP,valid,468.5164681863366,341.28653751793416,174.52943124211157,0.005548447891074811,0.057829240550912875,2.4037011242645945,0.002152627432572061,0.022435969852929314,0.9325622374717737,0.36030496345947516,mm,rotation_vector_rad,xyzw,TCP_from_joint_feedback_FK,robot_base,,"{""values"": [32.141902923583984, -24.660978317260742, 174.52943420410156, 0.005548447836190462, 0.05782924219965935, 2.403701066970825], ""schema"": ""x_mm,y_mm,z_mm,rotation_vector_rad[3]"", ""frame"": ""policy_stain_relative_xy_base_z"", ""transform"": ""stain_relative_v1"", ""note"": ""existing policy XY transform only; not a full rotated rigid TCP frame""}",,"[468.5164681863366, 341.28653751793416, 174.52943124211157, 0.005548447891074811, 0.057829240550912875, 2.4037011242645945]","{""source_acquisition_stamp"": null, ""calibration"": ""deployed EE2TCP unverified"", ""layout"": ""std_msgs.msg.MultiArrayLayout(dim=[], data_offset=0)""}"
rel_single_90deg_best_20260920T160636_1789887996648993205_r3lvdifh,3098,,,1789888025441938851,9544198604924,receipt_only_no_header,,,/ur10skku/currentP,valid,468.51992652891374,341.2665310969488,174.46744065373076,0.005534808179483819,0.057946355386242134,2.4037362069312067,0.002147317531278507,0.02248121719119394,0.9325679825445469,0.36028730456930597,mm,rotation_vector_rad,xyzw,TCP_from_joint_feedback_FK,robot_base,,"{""values"": [32.14535140991211, -24.680967330932617, 174.46743774414062, 0.005534808151423931, 0.057946354150772095, 2.403736114501953], ""schema"": ""x_mm,y_mm,z_mm,rotation_vector_rad[3]"", ""frame"": ""policy_stain_relative_xy_base_z"", ""transform"": ""stain_relative_v1"", ""note"": ""existing policy XY transform only; not a full rotated rigid TCP frame""}",,"[468.51992652891374, 341.2665310969488, 174.46744065373076, 0.005534808179483819, 0.057946355386242134, 2.4037362069312067]","{""source_acquisition_stamp"": null, ""calibration"": ""deployed EE2TCP unverified"", ""layout"": ""std_msgs.msg.MultiArrayLayout(dim=[], data_offset=0)""}"
rel_single_90deg_best_20260920T160636_1789887996648993205_r3lvdifh,3100,,,1789888025494847599,9544251515234,receipt_only_no_header,,,/ur10skku/currentP,valid,468.53792946793396,341.2629274152744,174.51524405303235,0.005488331877770839,0.0578950473916617,2.4037255266199593,0.002129292007007945,0.022461371579169418,0.9325663361581704,0.3602929107918413,mm,rotation_vector_rad,xyzw,TCP_from_joint_feedback_FK,robot_base,,"{""values"": [32.16335678100586, -24.684568405151367, 174.51524353027344, 0.005488331895321608, 0.05789504572749138, 2.4037256240844727], ""schema"": ""x_mm,y_mm,z_mm,rotation_vector_rad[3]"", ""frame"": ""policy_stain_relative_xy_base_z"", ""transform"": ""stain_relative_v1"", ""note"": ""existing policy XY transform only; not a full rotated rigid TCP frame""}",,"[468.53792946793396, 341.2629274152744, 174.51524405303235, 0.005488331877770839, 0.0578950473916617, 2.4037255266199593]","{""source_acquisition_stamp"": null, ""calibration"": ""deployed EE2TCP unverified"", ""layout"": ""std_msgs.msg.MultiArrayLayout(dim=[], data_offset=0)""}"
rel_single_90deg_best_20260920T160636_1789887996648993205_r3lvdifh,3102,,,1789888025550972289,9544307641057,receipt_only_no_header,,,/ur10skku/currentP,valid,468.51929181751626,341.2188702002197,174.49373102621882,0.005565554602759658,0.05798590887401399,2.40372338480893,0.002159251772282157,0.022496621709815475,0.9325654582835619,0.3602928054510657,mm,rotation_vector_rad,xyzw,TCP_from_joint_feedback_FK,robot_base,,"{""values"": [32.144710540771484, -24.728635787963867, 174.4937286376953, 0.0055655548349022865, 0.05798590928316116, 2.4037234783172607], ""schema"": ""x_mm,y_mm,z_mm,rotation_vector_rad[3]"", ""frame"": ""policy_stain_relative_xy_base_z"", ""transform"": ""stain_relative_v1"", ""note"": ""existing policy XY transform only; not a full rotated rigid TCP frame""}",,"[468.51929181751626, 341.2188702002197, 174.49373102621882, 0.005565554602759658, 0.05798590887401399, 2.40372338480893]","{""source_acquisition_stamp"": null, ""calibration"": ""deployed EE2TCP unverified"", ""layout"": ""std_msgs.msg.MultiArrayLayout(dim=[], data_offset=0)""}"
rel_single_90deg_best_20260920T160636_1789887996648993205_r3lvdifh,3104,,,1789888025606882808,9544363549733,receipt_only_no_header,,,/ur10skku/currentP,valid,468.49707008047415,341.1948930654281,174.48548266232046,0.0056324568758921905,0.058110172326306234,2.4036611109413504,0.002185236420578503,0.022545128666151194,0.9325535761914217,0.3603203705701403,mm,rotation_vector_rad,xyzw,TCP_from_joint_feedback_FK,robot_base,,"{""values"": [32.122493743896484, -24.752622604370117, 174.48548889160156, 0.005632456857711077, 0.05811017379164696, 2.403661012649536], ""schema"": ""x_mm,y_mm,z_mm,rotation_vector_rad[3]"", ""frame"": ""policy_stain_relative_xy_base_z"", ""transform"": ""stain_relative_v1"", ""note"": ""existing policy XY transform only; not a full rotated rigid TCP frame""}",,"[468.49707008047415, 341.1948930654281, 174.48548266232046, 0.0056324568758921905, 0.058110172326306234, 2.4036611109413504]","{""source_acquisition_stamp"": null, ""calibration"": ""deployed EE2TCP unverified"", ""layout"": ""std_msgs.msg.MultiArrayLayout(dim=[], data_offset=0)""}"
rel_single_90deg_best_20260920T160636_1789887996648993205_r3lvdifh,3106,,,1789888025675984025,9544432652552,receipt_only_no_header,,,/ur10skku/currentP,valid,468.4945111471368,341.22988221510445,174.52739244722602,0.005658480727070397,0.05808821248163615,2.4037207806689707,0.002195304005588191,0.022536311722036424,0.9325644307443294,0.360292766794998,mm,rotation_vector_rad,xyzw,TCP_from_joint_feedback_FK,robot_base,,"{""values"": [32.119930267333984, -24.717618942260742, 174.5273895263672, 0.005658480804413557, 0.058088213205337524, 2.4037208557128906], ""schema"": ""x_mm,y_mm,z_mm,rotation_vector_rad[3]"", ""frame"": ""policy_stain_relative_xy_base_z"", ""transform"": ""stain_relative_v1"", ""note"": ""existing policy XY transform only; not a full rotated rigid TCP frame""}",,"[468.4945111471368, 341.22988221510445, 174.52739244722602, 0.005658480727070397, 0.05808821248163615, 2.4037207806689707]","{""source_acquisition_stamp"": null, ""calibration"": ""deployed EE2TCP unverified"", ""layout"": ""std_msgs.msg.MultiArrayLayout(dim=[], data_offset=0)""}"
rel_single_90deg_best_20260920T160636_1789887996648993205_r3lvdifh,3112,,,1789888025726923663,9544483590147,receipt_only_no_header,,,/ur10skku/currentP,valid,468.4692051439809,341.2430725871513,174.55712408405662,0.00571034853347572,0.05810459413762985,2.403731673092964,0.0022154213744291973,0.022542609973876113,0.9325662865837839,0.36028744603584434,mm,rotation_vector_rad,xyzw,TCP_from_joint_feedback_FK,robot_base,,"{""values"": [32.09463119506836, -24.704435348510742, 174.55712890625, 0.00571034848690033, 0.05810459330677986, 2.40373158454895], ""schema"": ""x_mm,y_mm,z_mm,rotation_vector_rad[3]"", ""frame"": ""policy_stain_relative_xy_base_z"", ""transform"": ""stain_relative_v1"", ""note"": ""existing policy XY transform only; not a full rotated rigid TCP frame""}",,"[468.4692051439809, 341.2430725871513, 174.55712408405662, 0.00571034853347572, 0.05810459413762985, 2.403731673092964]","{""source_acquisition_stamp"": null, ""calibration"": ""deployed EE2TCP unverified"", ""layout"": ""std_msgs.msg.MultiArrayLayout(dim=[], data_offset=0)""}"
rel_single_90deg_best_20260920T160636_1789887996648993205_r3lvdifh,3118,,,1789888025782879560,9544539544009,receipt_only_no_header,,,/ur10skku/currentP,valid,468.52400316792676,341.2524467136635,174.55886089189755,0.00562791224055472,0.05809590733018459,2.403697263666549,0.0021834558209556493,0.022539414548740092,0.9325601675783385,0.36030367908021593,mm,rotation_vector_rad,xyzw,TCP_from_joint_feedback_FK,robot_base,,"{""values"": [32.14944076538086, -24.695066452026367, 174.55886840820312, 0.0056279124692082405, 0.05809590592980385, 2.4036972522735596], ""schema"": ""x_mm,y_mm,z_mm,rotation_vector_rad[3]"", ""frame"": ""policy_stain_relative_xy_base_z"", ""transform"": ""stain_relative_v1"", ""note"": ""existing policy XY transform only; not a full rotated rigid TCP frame""}",,"[468.52400316792676, 341.2524467136635, 174.55886089189755, 0.00562791224055472, 0.05809590733018459, 2.403697263666549]","{""source_acquisition_stamp"": null, ""calibration"": ""deployed EE2TCP unverified"", ""layout"": ""std_msgs.msg.MultiArrayLayout(dim=[], data_offset=0)""}"
rel_single_90deg_best_20260920T160636_1789887996648993205_r3lvdifh,3124,,,1789888025838958232,9544595622732,receipt_only_no_header,,,/ur10skku/currentP,valid,468.56828388043795,341.27250795397316,174.59497919508362,0.005566249529740421,0.057985842267022955,2.403723392257167,0.002159521377465828,0.02249659583116772,0.932565459625757,0.36029280197698893,mm,rotation_vector_rad,xyzw,TCP_from_joint_feedback_FK,robot_base,,"{""values"": [32.193721771240234, -24.674985885620117, 174.59498596191406, 0.00556624960154295, 0.05798584222793579, 2.4037234783172607], ""schema"": ""x_mm,y_mm,z_mm,rotation_vector_rad[3]"", ""frame"": ""policy_stain_relative_xy_base_z"", ""transform"": ""stain_relative_v1"", ""note"": ""existing policy XY transform only; not a full rotated rigid TCP frame""}",,"[468.56828388043795, 341.27250795397316, 174.59497919508362, 0.005566249529740421, 0.057985842267022955, 2.403723392257167]","{""source_acquisition_stamp"": null, ""calibration"": ""deployed EE2TCP unverified"", ""layout"": ""std_msgs.msg.MultiArrayLayout(dim=[], data_offset=0)""}"
rel_single_90deg_best_20260920T160636_1789887996648993205_r3lvdifh,3130,,,1789888025896371155,9544653036626,receipt_only_no_header,,,/ur10skku/currentP,valid,468.5499823461661,341.27571914230754,174.5991946534839,0.005598744402531431,0.057991901932857505,2.4036987754566534,0.002172140118836873,0.022499069023236448,0.9325609758873341,0.3603041769844679,mm,rotation_vector_rad,xyzw,TCP_from_joint_feedback_FK,robot_base,,"{""values"": [32.175411224365234, -24.671781539916992, 174.5991973876953, 0.005598744377493858, 0.05799190327525139, 2.403698682785034], ""schema"": ""x_mm,y_mm,z_mm,rotation_vector_rad[3]"", ""frame"": ""policy_stain_relative_xy_base_z"", ""transform"": ""stain_relative_v1"", ""note"": ""existing policy XY transform only; not a full rotated rigid TCP frame""}",,"[468.5499823461661, 341.27571914230754, 174.5991946534839, 0.005598744402531431, 0.057991901932857505, 2.4036987754566534]","{""source_acquisition_stamp"": null, ""calibration"": ""deployed EE2TCP unverified"", ""layout"": ""std_msgs.msg.MultiArrayLayout(dim=[], data_offset=0)""}"
rel_single_90deg_best_20260920T160636_1789887996648993205_r3lvdifh,3132,,,1789888025950937604,9544707603346,receipt_only_no_header,,,/ur10skku/currentP,valid,468.50558914603096,341.2608524468602,174.55092391281164,0.005696830929123707,0.05810874273328345,2.4037318996904493,0.0022101768577211835,0.02254421800791136,0.9325663132641379,0.36028730857137176,mm,rotation_vector_rad,xyzw,TCP_from_joint_feedback_FK,robot_base,,"{""values"": [32.13100814819336, -24.686643600463867, 174.55091857910156, 0.005696830805391073, 0.05810874328017235, 2.4037318229675293], ""schema"": ""x_mm,y_mm,z_mm,rotation_vector_rad[3]"", ""frame"": ""policy_stain_relative_xy_base_z"", ""transform"": ""stain_relative_v1"", ""note"": ""existing policy XY transform only; not a full rotated rigid TCP frame""}",,"[468.50558914603096, 341.2608524468602, 174.55092391281164, 0.005696830929123707, 0.05810874273328345, 2.4037318996904493]","{""source_acquisition_stamp"": null, ""calibration"": ""deployed EE2TCP unverified"", ""layout"": ""std_msgs.msg.MultiArrayLayout(dim=[], data_offset=0)""}"
rel_single_90deg_best_20260920T160636_1789887996648993205_r3lvdifh,3138,,,1789888026006945400,9544763611423,receipt_only_no_header,,,/ur10skku/currentP,valid,468.5500734120163,341.2839745520397,174.5804653991986,0.005624540825833695,0.058018038900561106,2.4037823696698384,0.002182107372527388,0.022508786822741166,0.9325759014346608,0.3602648761488039,mm,rotation_vector_rad,xyzw,TCP_from_joint_feedback_FK,robot_base,,"{""values"": [32.17550277709961, -24.663541793823242, 174.58045959472656, 0.005624540615826845, 0.0580180399119854, 2.403782367706299], ""schema"": ""x_mm,y_mm,z_mm,rotation_vector_rad[3]"", ""frame"": ""policy_stain_relative_xy_base_z"", ""transform"": ""stain_relative_v1"", ""note"": ""existing policy XY transform only; not a full rotated rigid TCP frame""}",,"[468.5500734120163, 341.2839745520397, 174.5804653991986, 0.005624540825833695, 0.058018038900561106, 2.4037823696698384]","{""source_acquisition_stamp"": null, ""calibration"": ""deployed EE2TCP unverified"", ""layout"": ""std_msgs.msg.MultiArrayLayout(dim=[], data_offset=0)""}"
rel_single_90deg_best_20260920T160636_1789887996648993205_r3lvdifh,3144,,,1789888026075354688,9544832018817,receipt_only_no_header,,,/ur10skku/currentP,valid,468.5489890951078,341.27687831809806,174.50021097837418,0.005688797262466128,0.058128303259150166,2.403744266265158,0.002207053766027162,0.022551742433735606,0.9325684482429387,0.36028133058574374,mm,rotation_vector_rad,xyzw,TCP_from_joint_feedback_FK,robot_base,,"{""values"": [32.17440414428711, -24.670621871948242, 174.50021362304688, 0.00568879721686244, 0.05812830477952957, 2.4037442207336426], ""schema"": ""x_mm,y_mm,z_mm,rotation_vector_rad[3]"", ""frame"": ""policy_stain_relative_xy_base_z"", ""transform"": ""stain_relative_v1"", ""note"": ""existing policy XY transform only; not a full rotated rigid TCP frame""}",,"[468.5489890951078, 341.27687831809806, 174.50021097837418, 0.005688797262466128, 0.058128303259150166, 2.403744266265158]","{""source_acquisition_stamp"": null, ""calibration"": ""deployed EE2TCP unverified"", ""layout"": ""std_msgs.msg.MultiArrayLayout(dim=[], data_offset=0)""}"
rel_single_90deg_best_20260920T160636_1789887996648993205_r3lvdifh,3150,,,1789888026127000542,9544883666565,receipt_only_no_header,,,/ur10skku/currentP,valid,468.56707280820893,341.2929277498744,174.52399725733557,0.005594723940968191,0.05808991409064283,2.40372187449437,0.0021705679976375086,0.022536966942615838,0.9325646503830576,0.3602923071778253,mm,rotation_vector_rad,xyzw,TCP_from_joint_feedback_FK,robot_base,,"{""values"": [32.192501068115234, -24.654569625854492, 174.5240020751953, 0.005594723857939243, 0.05808991566300392, 2.403721809387207], ""schema"": ""x_mm,y_mm,z_mm,rotation_vector_rad[3]"", ""frame"": ""policy_stain_relative_xy_base_z"", ""transform"": ""stain_relative_v1"", ""note"": ""existing policy XY transform only; not a full rotated rigid TCP frame""}",,"[468.56707280820893, 341.2929277498744, 174.52399725733557, 0.005594723940968191, 0.05808991409064283, 2.40372187449437]","{""source_acquisition_stamp"": null, ""calibration"": ""deployed EE2TCP unverified"", ""layout"": ""std_msgs.msg.MultiArrayLayout(dim=[], data_offset=0)""}"
rel_single_90deg_best_20260920T160636_1789887996648993205_r3lvdifh,3156,,,1789888026182838432,9544939503353,receipt_only_no_header,,,/ur10skku/currentP,valid,468.58415265356416,341.29878909337657,174.54178207968397,0.0056063703784806134,0.05800773221349337,2.4037588383670143,0.0021750694722938143,0.022504907627732856,0.9325717202268521,0.3602759842656571,mm,rotation_vector_rad,xyzw,TCP_from_joint_feedback_FK,robot_base,,"{""values"": [32.209590911865234, -24.648710250854492, 174.54177856445312, 0.005606370512396097, 0.05800773203372955, 2.4037587642669678], ""schema"": ""x_mm,y_mm,z_mm,rotation_vector_rad[3]"", ""frame"": ""policy_stain_relative_xy_base_z"", ""transform"": ""stain_relative_v1"", ""note"": ""existing policy XY transform only; not a full rotated rigid TCP frame""}",,"[468.58415265356416, 341.29878909337657, 174.54178207968397, 0.0056063703784806134, 0.05800773221349337, 2.4037588383670143]","{""source_acquisition_stamp"": null, ""calibration"": ""deployed EE2TCP unverified"", ""layout"": ""std_msgs.msg.MultiArrayLayout(dim=[], data_offset=0)""}"
rel_single_90deg_best_20260920T160636_1789887996648993205_r3lvdifh,3162,,,1789888026238931492,9544995597394,receipt_only_no_header,,,/ur10skku/currentP,valid,468.57799071543997,341.3290288954433,174.55067053107632,0.005635740608718267,0.05799970059150948,2.403794341622811,0.002186446833900817,0.02250161434494096,0.9325781458890121,0.3602594878866157,mm,rotation_vector_rad,xyzw,TCP_from_joint_feedback_FK,robot_base,,"{""values"": [32.203426361083984, -24.618467330932617, 174.55067443847656, 0.005635740701109171, 0.05799970030784607, 2.403794288635254], ""schema"": ""x_mm,y_mm,z_mm,rotation_vector_rad[3]"", ""frame"": ""policy_stain_relative_xy_base_z"", ""transform"": ""stain_relative_v1"", ""note"": ""existing policy XY transform only; not a full rotated rigid TCP frame""}",,"[468.57799071543997, 341.3290288954433, 174.55067053107632, 0.005635740608718267, 0.05799970059150948, 2.403794341622811]","{""source_acquisition_stamp"": null, ""calibration"": ""deployed EE2TCP unverified"", ""layout"": ""std_msgs.msg.MultiArrayLayout(dim=[], data_offset=0)""}"
rel_single_90deg_best_20260920T160636_1789887996648993205_r3lvdifh,3168,,,1789888026294878260,9545051543201,receipt_only_no_header,,,/ur10skku/currentP,valid,468.61314589407306,341.29612856306795,174.55195225186355,0.005588567670575826,0.05799681670952898,2.4037356824862286,0.0021681739928789715,0.022500790376295605,0.9325676094005012,0.3602869236469913,mm,rotation_vector_rad,xyzw,TCP_from_joint_feedback_FK,robot_base,,"{""values"": [32.238582611083984, -24.651365280151367, 174.5519561767578, 0.005588567815721035, 0.05799681693315506, 2.403735637664795], ""schema"": ""x_mm,y_mm,z_mm,rotation_vector_rad[3]"", ""frame"": ""policy_stain_relative_xy_base_z"", ""transform"": ""stain_relative_v1"", ""note"": ""existing policy XY transform only; not a full rotated rigid TCP frame""}",,"[468.61314589407306, 341.29612856306795, 174.55195225186355, 0.005588567670575826, 0.05799681670952898, 2.4037356824862286]","{""source_acquisition_stamp"": null, ""calibration"": ""deployed EE2TCP unverified"", ""layout"": ""std_msgs.msg.MultiArrayLayout(dim=[], data_offset=0)""}"
rel_single_90deg_best_20260920T160636_1789887996648993205_r3lvdifh,3170,,,1789888026350874354,9545107541198,receipt_only_no_header,,,/ur10skku/currentP,valid,468.60409663995046,341.29240522117294,174.51106403979338,0.005619191922882296,0.05805063072467499,2.4036986691864204,0.0021800724661011173,0.02252184716583819,0.932560652388128,0.36030354328220293,mm,rotation_vector_rad,xyzw,TCP_from_joint_feedback_FK,robot_base,,"{""values"": [32.22951889038086, -24.655088424682617, 174.5110626220703, 0.0056191920302808285, 0.05805063247680664, 2.403698682785034], ""schema"": ""x_mm,y_mm,z_mm,rotation_vector_rad[3]"", ""frame"": ""policy_stain_relative_xy_base_z"", ""transform"": ""stain_relative_v1"", ""note"": ""existing policy XY transform only; not a full rotated rigid TCP frame""}",,"[468.60409663995046, 341.29240522117294, 174.51106403979338, 0.005619191922882296, 0.05805063072467499, 2.4036986691864204]","{""source_acquisition_stamp"": null, ""calibration"": ""deployed EE2TCP unverified"", ""layout"": ""std_msgs.msg.MultiArrayLayout(dim=[], data_offset=0)""}"
rel_single_90deg_best_20260920T160636_1789887996648993205_r3lvdifh,3176,,,1789888026408997349,9545165661388,receipt_only_no_header,,,/ur10skku/currentP,valid,468.6264001509464,341.318956808974,174.5708945779907,0.005595896249114298,0.057913791698733876,2.4036760416363405,0.0021710470292141746,0.022468887881537374,0.9325572700197634,0.36031565850716224,mm,rotation_vector_rad,xyzw,TCP_from_joint_feedback_FK,robot_base,,"{""values"": [32.251827239990234, -24.628538131713867, 174.57089233398438, 0.005595896393060684, 0.05791379138827324, 2.4036760330200195], ""schema"": ""x_mm,y_mm,z_mm,rotation_vector_rad[3]"", ""frame"": ""policy_stain_relative_xy_base_z"", ""transform"": ""stain_relative_v1"", ""note"": ""existing policy XY transform only; not a full rotated rigid TCP frame""}",,"[468.6264001509464, 341.318956808974, 174.5708945779907, 0.005595896249114298, 0.057913791698733876, 2.4036760416363405]","{""source_acquisition_stamp"": null, ""calibration"": ""deployed EE2TCP unverified"", ""layout"": ""std_msgs.msg.MultiArrayLayout(dim=[], data_offset=0)""}"
rel_single_90deg_best_20260920T160636_1789887996648993205_r3lvdifh,3182,,,1789888026464015847,9545220681499,receipt_only_no_header,,,/ur10skku/currentP,valid,468.6089987536492,341.3262328885198,174.53693300883356,0.0056225308399795015,0.057952991913295594,2.403699151240522,0.0021813687691796856,0.02248397567538229,0.9325612270076776,0.3603044134479293,mm,rotation_vector_rad,xyzw,TCP_from_joint_feedback_FK,robot_base,,"{""values"": [32.234432220458984, -24.621274948120117, 174.53692626953125, 0.005622530821710825, 0.057952992618083954, 2.4036991596221924], ""schema"": ""x_mm,y_mm,z_mm,rotation_vector_rad[3]"", ""frame"": ""policy_stain_relative_xy_base_z"", ""transform"": ""stain_relative_v1"", ""note"": ""existing policy XY transform only; not a full rotated rigid TCP frame""}",,"[468.6089987536492, 341.3262328885198, 174.53693300883356, 0.0056225308399795015, 0.057952991913295594, 2.403699151240522]","{""source_acquisition_stamp"": null, ""calibration"": ""deployed EE2TCP unverified"", ""layout"": ""std_msgs.msg.MultiArrayLayout(dim=[], data_offset=0)""}"
rel_single_90deg_best_20260920T160636_1789887996648993205_r3lvdifh,3188,,,1789888026518859628,9545275523858,receipt_only_no_header,,,/ur10skku/currentP,valid,468.6263994716612,341.3108214349539,174.53700980964794,0.005597766293797074,0.057975908620902177,2.4036754173687576,0.0021717721284018627,0.022492983067401533,0.9325568455672691,0.3603152493361564,mm,rotation_vector_rad,xyzw,TCP_from_joint_feedback_FK,robot_base,,"{""values"": [32.251827239990234, -24.636686325073242, 174.53700256347656, 0.005597766488790512, 0.05797590687870979, 2.4036753177642822], ""schema"": ""x_mm,y_mm,z_mm,rotation_vector_rad[3]"", ""frame"": ""policy_stain_relative_xy_base_z"", ""transform"": ""stain_relative_v1"", ""note"": ""existing policy XY transform only; not a full rotated rigid TCP frame""}",,"[468.6263994716612, 341.3108214349539, 174.53700980964794, 0.005597766293797074, 0.057975908620902177, 2.4036754173687576]","{""source_acquisition_stamp"": null, ""calibration"": ""deployed EE2TCP unverified"", ""layout"": ""std_msgs.msg.MultiArrayLayout(dim=[], data_offset=0)""}"
rel_single_90deg_best_20260920T160636_1789887996648993205_r3lvdifh,3194,,,1789888026574920266,9545331587661,receipt_only_no_header,,,/ur10skku/currentP,valid,468.61645236299506,341.3197163665206,174.50907107366146,0.005620117558414444,0.058051773683755976,2.4037465825224276,0.002180408302010242,0.022522050112096088,0.9325692834687409,0.36028118825298666,mm,rotation_vector_rad,xyzw,TCP_from_joint_feedback_FK,robot_base,,"{""values"": [32.241878509521484, -24.627805709838867, 174.50906372070312, 0.005620117764919996, 0.05805177241563797, 2.4037466049194336], ""schema"": ""x_mm,y_mm,z_mm,rotation_vector_rad[3]"", ""frame"": ""policy_stain_relative_xy_base_z"", ""transform"": ""stain_relative_v1"", ""note"": ""existing policy XY transform only; not a full rotated rigid TCP frame""}",,"[468.61645236299506, 341.3197163665206, 174.50907107366146, 0.005620117558414444, 0.058051773683755976, 2.4037465825224276]","{""source_acquisition_stamp"": null, ""calibration"": ""deployed EE2TCP unverified"", ""layout"": ""std_msgs.msg.MultiArrayLayout(dim=[], data_offset=0)""}"
rel_single_90deg_best_20260920T160636_1789887996648993205_r3lvdifh,3200,,,1789888026643025600,9545399690771,receipt_only_no_header,,,/ur10skku/currentP,valid,468.63881611243806,341.3161936206962,174.5272590669873,0.005590710523026484,0.057946560646557385,2.403700186912248,0.002169023076845001,0.02248147650437489,0.9325614613304868,0.3603040374381368,mm,rotation_vector_rad,xyzw,TCP_from_joint_feedback_FK,robot_base,,"{""values"": [32.26424789428711, -24.631315231323242, 174.52725219726562, 0.005590710323303938, 0.05794655904173851, 2.403700113296509], ""schema"": ""x_mm,y_mm,z_mm,rotation_vector_rad[3]"", ""frame"": ""policy_stain_relative_xy_base_z"", ""transform"": ""stain_relative_v1"", ""note"": ""existing policy XY transform only; not a full rotated rigid TCP frame""}",,"[468.63881611243806, 341.3161936206962, 174.5272590669873, 0.005590710523026484, 0.057946560646557385, 2.403700186912248]","{""source_acquisition_stamp"": null, ""calibration"": ""deployed EE2TCP unverified"", ""layout"": ""std_msgs.msg.MultiArrayLayout(dim=[], data_offset=0)""}"
rel_single_90deg_best_20260920T160636_1789887996648993205_r3lvdifh,3206,,,1789888026694846410,9545451509988,receipt_only_no_header,,,/ur10skku/currentP,valid,468.62473005518535,341.3167533934191,174.5168024396442,0.005629113791212145,0.05803165808405489,2.4036503647213885,0.002183945550036093,0.022514730761304547,0.9325520344021185,0.360326269390743,mm,rotation_vector_rad,xyzw,TCP_from_joint_feedback_FK,robot_base,,"{""values"": [32.25014877319336, -24.630765914916992, 174.5167999267578, 0.0056291138753294945, 0.058031659573316574, 2.4036502838134766], ""schema"": ""x_mm,y_mm,z_mm,rotation_vector_rad[3]"", ""frame"": ""policy_stain_relative_xy_base_z"", ""transform"": ""stain_relative_v1"", ""note"": ""existing policy XY transform only; not a full rotated rigid TCP frame""}",,"[468.62473005518535, 341.3167533934191, 174.5168024396442, 0.005629113791212145, 0.05803165808405489, 2.4036503647213885]","{""source_acquisition_stamp"": null, ""calibration"": ""deployed EE2TCP unverified"", ""layout"": ""std_msgs.msg.MultiArrayLayout(dim=[], data_offset=0)""}"
rel_single_90deg_best_20260920T160636_1789887996648993205_r3lvdifh,3208,,,1789888026750957565,9545507626693,receipt_only_no_header,,,/ur10skku/currentP,valid,468.6116170558074,341.34316240536873,174.51800820250503,0.005624843342251844,0.05801754077513953,2.40374643938403,0.0021822422061266397,0.02250877375093197,0.9325694270358932,0.3602816352260119,mm,rotation_vector_rad,xyzw,TCP_from_joint_feedback_FK,robot_base,,"{""values"": [32.23702621459961, -24.604337692260742, 174.51800537109375, 0.005624843295663595, 0.0580175407230854, 2.4037463665008545], ""schema"": ""x_mm,y_mm,z_mm,rotation_vector_rad[3]"", ""frame"": ""policy_stain_relative_xy_base_z"", ""transform"": ""stain_relative_v1"", ""note"": ""existing policy XY transform only; not a full rotated rigid TCP frame""}",,"[468.6116170558074, 341.34316240536873, 174.51800820250503, 0.005624843342251844, 0.05801754077513953, 2.40374643938403]","{""source_acquisition_stamp"": null, ""calibration"": ""deployed EE2TCP unverified"", ""layout"": ""std_msgs.msg.MultiArrayLayout(dim=[], data_offset=0)""}"
rel_single_90deg_best_20260920T160636_1789887996648993205_r3lvdifh,3214,,,1789888026806933269,9545563600103,receipt_only_no_header,,,/ur10skku/currentP,valid,468.6343630426573,341.3237936165767,174.53923501084768,0.005653537466376253,0.05799301453693556,2.403722646914789,0.002193386400300414,0.022499380282566827,0.9325652470145197,0.3602929738473223,mm,rotation_vector_rad,xyzw,TCP_from_joint_feedback_FK,robot_base,,"{""values"": [32.25979232788086, -24.623716354370117, 174.5392303466797, 0.005653537344187498, 0.05799301341176033, 2.4037227630615234], ""schema"": ""x_mm,y_mm,z_mm,rotation_vector_rad[3]"", ""frame"": ""policy_stain_relative_xy_base_z"", ""transform"": ""stain_relative_v1"", ""note"": ""existing policy XY transform only; not a full rotated rigid TCP frame""}",,"[468.6343630426573, 341.3237936165767, 174.53923501084768, 0.005653537466376253, 0.05799301453693556, 2.403722646914789]","{""source_acquisition_stamp"": null, ""calibration"": ""deployed EE2TCP unverified"", ""layout"": ""std_msgs.msg.MultiArrayLayout(dim=[], data_offset=0)""}"
rel_single_90deg_best_20260920T160636_1789887996648993205_r3lvdifh,3367,,,1789888026913543817,9545670207184,receipt_only_no_header,,,/ur10skku/currentP,valid,468.6484870702206,341.3619829762009,174.55954485436888,0.005578070485465159,0.05790319710117169,2.4037727049919932,0.0021640846975906234,0.0224642953355886,0.9325747569726878,0.3602707243585435,mm,rotation_vector_rad,xyzw,TCP_from_joint_feedback_FK,robot_base,,"{""values"": [32.273921966552734, -24.585538864135742, 174.55953979492188, 0.005578070413321257, 0.05790319666266441, 2.4037725925445557], ""schema"": ""x_mm,y_mm,z_mm,rotation_vector_rad[3]"", ""frame"": ""policy_stain_relative_xy_base_z"", ""transform"": ""stain_relative_v1"", ""note"": ""existing policy XY transform only; not a full rotated rigid TCP frame""}",,"[468.6484870702206, 341.3619829762009, 174.55954485436888, 0.005578070485465159, 0.05790319710117169, 2.4037727049919932]","{""source_acquisition_stamp"": null, ""calibration"": ""deployed EE2TCP unverified"", ""layout"": ""std_msgs.msg.MultiArrayLayout(dim=[], data_offset=0)""}"
rel_single_90deg_best_20260920T160636_1789887996648993205_r3lvdifh,3371,,,1789888026968515293,9545725180244,receipt_only_no_header,,,/ur10skku/currentP,valid,468.6803517927171,341.31627184044765,174.5243006101682,0.005549368336618337,0.058022421467110945,2.4036882280135297,0.002152988487657081,0.022510959422239653,0.9325589452553041,0.3603088050142227,mm,rotation_vector_rad,xyzw,TCP_from_joint_feedback_FK,robot_base,,"{""values"": [32.305782318115234, -24.631223678588867, 174.52430725097656, 0.0055493684485554695, 0.05802242085337639, 2.4036881923675537], ""schema"": ""x_mm,y_mm,z_mm,rotation_vector_rad[3]"", ""frame"": ""policy_stain_relative_xy_base_z"", ""transform"": ""stain_relative_v1"", ""note"": ""existing policy XY transform only; not a full rotated rigid TCP frame""}",,"[468.6803517927171, 341.31627184044765, 174.5243006101682, 0.005549368336618337, 0.058022421467110945, 2.4036882280135297]","{""source_acquisition_stamp"": null, ""calibration"": ""deployed EE2TCP unverified"", ""layout"": ""std_msgs.msg.MultiArrayLayout(dim=[], data_offset=0)""}"
rel_single_90deg_best_20260920T160636_1789887996648993205_r3lvdifh,3373,,,1789888027022852363,9545779515981,receipt_only_no_header,,,/ur10skku/currentP,valid,468.6806698038365,341.3465144074476,174.5621142897848,0.005602417883789799,0.05792651923299958,2.403676247860607,0.002173576980519466,0.022473823156028968,0.9325572403458439,0.3603154122632078,mm,rotation_vector_rad,xyzw,TCP_from_joint_feedback_FK,robot_base,,"{""values"": [32.306087493896484, -24.600980758666992, 174.56211853027344, 0.005602417979389429, 0.057926520705223083, 2.4036762714385986], ""schema"": ""x_mm,y_mm,z_mm,rotation_vector_rad[3]"", ""frame"": ""policy_stain_relative_xy_base_z"", ""transform"": ""stain_relative_v1"", ""note"": ""existing policy XY transform only; not a full rotated rigid TCP frame""}",,"[468.6806698038365, 341.3465144074476, 174.5621142897848, 0.005602417883789799, 0.05792651923299958, 2.403676247860607]","{""source_acquisition_stamp"": null, ""calibration"": ""deployed EE2TCP unverified"", ""layout"": ""std_msgs.msg.MultiArrayLayout(dim=[], data_offset=0)""}"
rel_single_90deg_best_20260920T160636_1789887996648993205_r3lvdifh,3375,,,1789888027078848727,9545835512665,receipt_only_no_header,,,/ur10skku/currentP,valid,468.6782868973269,341.3682675071258,174.57505297227254,0.0056000914823794825,0.05797692070381785,2.4037237106189573,0.002172650851847813,0.022493133648084793,0.9325655453871338,0.36029271722276446,mm,rotation_vector_rad,xyzw,TCP_from_joint_feedback_FK,robot_base,,"{""values"": [32.303707122802734, -24.579252243041992, 174.57505798339844, 0.00560009153559804, 0.057976920157670975, 2.40372371673584], ""schema"": ""x_mm,y_mm,z_mm,rotation_vector_rad[3]"", ""frame"": ""policy_stain_relative_xy_base_z"", ""transform"": ""stain_relative_v1"", ""note"": ""existing policy XY transform only; not a full rotated rigid TCP frame""}",,"[468.6782868973269, 341.3682675071258, 174.57505297227254, 0.0056000914823794825, 0.05797692070381785, 2.4037237106189573]","{""source_acquisition_stamp"": null, ""calibration"": ""deployed EE2TCP unverified"", ""layout"": ""std_msgs.msg.MultiArrayLayout(dim=[], data_offset=0)""}"
rel_single_90deg_best_20260920T160636_1789887996648993205_r3lvdifh,3377,,,1789888027143124572,9545899788911,receipt_only_no_header,,,/ur10skku/currentP,valid,468.7154629972926,341.37855241832574,174.6155637934001,0.005609505475677968,0.05789232858001165,2.40365244527153,0.0021763386904732267,0.022460681269776402,0.9325531168079962,0.36032688725446715,mm,rotation_vector_rad,xyzw,TCP_from_joint_feedback_FK,robot_base,,"{""values"": [32.340877532958984, -24.568967819213867, 174.61557006835938, 0.005609505344182253, 0.0578923299908638, 2.4036524295806885], ""schema"": ""x_mm,y_mm,z_mm,rotation_vector_rad[3]"", ""frame"": ""policy_stain_relative_xy_base_z"", ""transform"": ""stain_relative_v1"", ""note"": ""existing policy XY transform only; not a full rotated rigid TCP frame""}",,"[468.7154629972926, 341.37855241832574, 174.6155637934001, 0.005609505475677968, 0.05789232858001165, 2.40365244527153]","{""source_acquisition_stamp"": null, ""calibration"": ""deployed EE2TCP unverified"", ""layout"": ""std_msgs.msg.MultiArrayLayout(dim=[], data_offset=0)""}"
rel_single_90deg_best_20260920T160636_1789887996648993205_r3lvdifh,3379,,,1789888027198881936,9545955546807,receipt_only_no_header,,,/ur10skku/currentP,valid,468.71358826234126,341.3682526885519,174.70108097805058,0.005557839730956777,0.057988319525707856,2.4037723175721064,0.0021562351374427367,0.02249731157704022,0.9325742706634095,0.36026997004808436,mm,rotation_vector_rad,xyzw,TCP_from_joint_feedback_FK,robot_base,,"{""values"": [32.33901596069336, -24.579252243041992, 174.70108032226562, 0.005557839758694172, 0.05798831954598427, 2.4037723541259766], ""schema"": ""x_mm,y_mm,z_mm,rotation_vector_rad[3]"", ""frame"": ""policy_stain_relative_xy_base_z"", ""transform"": ""stain_relative_v1"", ""note"": ""existing policy XY transform only; not a full rotated rigid TCP frame""}",,"[468.71358826234126, 341.3682526885519, 174.70108097805058, 0.005557839730956777, 0.057988319525707856, 2.4037723175721064]","{""source_acquisition_stamp"": null, ""calibration"": ""deployed EE2TCP unverified"", ""layout"": ""std_msgs.msg.MultiArrayLayout(dim=[], data_offset=0)""}"
rel_single_90deg_best_20260920T160636_1789887996648993205_r3lvdifh,3381,,,1789888027254964085,9546011630078,receipt_only_no_header,,,/ur10skku/currentP,valid,468.72611212427375,341.38731695923,174.76967368797352,0.005593872661895893,0.057945354030631384,2.4037241799424476,0.002170238302606566,0.022480888353427878,0.9325657910926797,0.3602928600572531,mm,rotation_vector_rad,xyzw,TCP_from_joint_feedback_FK,robot_base,,"{""values"": [32.35152816772461, -24.560178756713867, 174.76966857910156, 0.005593872629106045, 0.05794535577297211, 2.403724193572998], ""schema"": ""x_mm,y_mm,z_mm,rotation_vector_rad[3]"", ""frame"": ""policy_stain_relative_xy_base_z"", ""transform"": ""stain_relative_v1"", ""note"": ""existing policy XY transform only; not a full rotated rigid TCP frame""}",,"[468.72611212427375, 341.38731695923, 174.76967368797352, 0.005593872661895893, 0.057945354030631384, 2.4037241799424476]","{""source_acquisition_stamp"": null, ""calibration"": ""deployed EE2TCP unverified"", ""layout"": ""std_msgs.msg.MultiArrayLayout(dim=[], data_offset=0)""}"
rel_single_90deg_best_20260920T160636_1789887996648993205_r3lvdifh,3383,,,1789888027310926474,9546067589902,receipt_only_no_header,,,/ur10skku/currentP,valid,468.6619890132285,341.3822637493475,174.8330345442502,0.005627079665989734,0.05810263116798921,2.404081262027186,0.002182946013336368,0.022540094436393012,0.9326293420720311,0.3601245467831819,mm,rotation_vector_rad,xyzw,TCP_from_joint_feedback_FK,robot_base,,"{""values"": [32.287410736083984, -24.565244674682617, 174.83303833007812, 0.005627079866826534, 0.05810263007879257, 2.404081344604492], ""schema"": ""x_mm,y_mm,z_mm,rotation_vector_rad[3]"", ""frame"": ""policy_stain_relative_xy_base_z"", ""transform"": ""stain_relative_v1"", ""note"": ""existing policy XY transform only; not a full rotated rigid TCP frame""}",,"[468.6619890132285, 341.3822637493475, 174.8330345442502, 0.005627079665989734, 0.05810263116798921, 2.404081262027186]","{""source_acquisition_stamp"": null, ""calibration"": ""deployed EE2TCP unverified"", ""layout"": ""std_msgs.msg.MultiArrayLayout(dim=[], data_offset=0)""}"
rel_single_90deg_best_20260920T160636_1789887996648993205_r3lvdifh,3385,,,1789888027366939550,9546123605352,receipt_only_no_header,,,/ur10skku/currentP,valid,468.4558155762486,341.4934519879945,175.08152250977133,0.00532793417048223,0.057887458928160426,2.405430212273405,0.002066278246575026,0.022449901463766984,0.9328734106384471,0.3594981670916642,mm,rotation_vector_rad,xyzw,TCP_from_joint_feedback_FK,robot_base,,"{""values"": [32.081233978271484, -24.454069137573242, 175.08152770996094, 0.0053279343992471695, 0.05788745731115341, 2.405430316925049], ""schema"": ""x_mm,y_mm,z_mm,rotation_vector_rad[3]"", ""frame"": ""policy_stain_relative_xy_base_z"", ""transform"": ""stain_relative_v1"", ""note"": ""existing policy XY transform only; not a full rotated rigid TCP frame""}",,"[468.4558155762486, 341.4934519879945, 175.08152250977133, 0.00532793417048223, 0.057887458928160426, 2.405430212273405]","{""source_acquisition_stamp"": null, ""calibration"": ""deployed EE2TCP unverified"", ""layout"": ""std_msgs.msg.MultiArrayLayout(dim=[], data_offset=0)""}"
rel_single_90deg_best_20260920T160636_1789887996648993205_r3lvdifh,3387,,,1789888027422771628,9546179437420,receipt_only_no_header,,,/ur10skku/currentP,valid,468.1533486762321,341.7229185202595,175.50751486074438,0.004717136881811897,0.05734974145994482,2.4072897392963313,0.0018286462366508339,0.022232212361271125,0.933210426703056,0.35863726002629037,mm,rotation_vector_rad,xyzw,TCP_from_joint_feedback_FK,robot_base,,"{""values"": [31.778772354125977, -24.224576950073242, 175.50750732421875, 0.004717136733233929, 0.05734974145889282, 2.407289743423462], ""schema"": ""x_mm,y_mm,z_mm,rotation_vector_rad[3]"", ""frame"": ""policy_stain_relative_xy_base_z"", ""transform"": ""stain_relative_v1"", ""note"": ""existing policy XY transform only; not a full rotated rigid TCP frame""}",,"[468.1533486762321, 341.7229185202595, 175.50751486074438, 0.004717136881811897, 0.05734974145994482, 2.4072897392963313]","{""source_acquisition_stamp"": null, ""calibration"": ""deployed EE2TCP unverified"", ""layout"": ""std_msgs.msg.MultiArrayLayout(dim=[], data_offset=0)""}"
rel_single_90deg_best_20260920T160636_1789887996648993205_r3lvdifh,3394,,,1789888027478992593,9546235658486,receipt_only_no_header,,,/ur10skku/currentP,valid,467.83342817955526,341.9685814680227,175.91501032197021,0.003988561985952933,0.05673453852814252,2.4093791480959608,0.0015454911688987882,0.02198354408821942,0.9335881475643021,0.35766954856937894,mm,rotation_vector_rad,xyzw,TCP_from_joint_feedback_FK,robot_base,,"{""values"": [31.4588565826416, -23.978940963745117, 175.91500854492188, 0.003988562151789665, 0.056734539568424225, 2.409379243850708], ""schema"": ""x_mm,y_mm,z_mm,rotation_vector_rad[3]"", ""frame"": ""policy_stain_relative_xy_base_z"", ""transform"": ""stain_relative_v1"", ""note"": ""existing policy XY transform only; not a full rotated rigid TCP frame""}",,"[467.83342817955526, 341.9685814680227, 175.91501032197021, 0.003988561985952933, 0.05673453852814252, 2.4093791480959608]","{""source_acquisition_stamp"": null, ""calibration"": ""deployed EE2TCP unverified"", ""layout"": ""std_msgs.msg.MultiArrayLayout(dim=[], data_offset=0)""}"
rel_single_90deg_best_20260920T160636_1789887996648993205_r3lvdifh,3396,,,1789888027534989899,9546291656312,receipt_only_no_header,,,/ur10skku/currentP,valid,467.46162521933974,342.2028985184442,176.22231806599228,0.003187142820875148,0.05615967534152283,2.411588650543069,0.0012343510027964632,0.02175012400463997,0.9339860296292057,0.3566447881868699,mm,rotation_vector_rad,xyzw,TCP_from_joint_feedback_FK,robot_base,,"{""values"": [31.087060928344727, -23.744596481323242, 176.22232055664062, 0.00318714277818799, 0.05615967512130737, 2.411588668823242], ""schema"": ""x_mm,y_mm,z_mm,rotation_vector_rad[3]"", ""frame"": ""policy_stain_relative_xy_base_z"", ""transform"": ""stain_relative_v1"", ""note"": ""existing policy XY transform only; not a full rotated rigid TCP frame""}",,"[467.46162521933974, 342.2028985184442, 176.22231806599228, 0.003187142820875148, 0.05615967534152283, 2.411588650543069]","{""source_acquisition_stamp"": null, ""calibration"": ""deployed EE2TCP unverified"", ""layout"": ""std_msgs.msg.MultiArrayLayout(dim=[], data_offset=0)""}"
rel_single_90deg_best_20260920T160636_1789887996648993205_r3lvdifh,3398,,,1789888027591001883,9546347667915,receipt_only_no_header,,,/ur10skku/currentP,valid,467.0579216406019,342.40584879661776,176.4810150962429,0.002355183885981112,0.05570506973701013,2.413905266284383,0.0009116706520526651,0.02156293508632917,0.9344011740255659,0.35556807318251865,mm,rotation_vector_rad,xyzw,TCP_from_joint_feedback_FK,robot_base,,"{""values"": [30.6833438873291, -23.541654586791992, 176.48101806640625, 0.0023551839403808117, 0.05570507049560547, 2.413905382156372], ""schema"": ""x_mm,y_mm,z_mm,rotation_vector_rad[3]"", ""frame"": ""policy_stain_relative_xy_base_z"", ""transform"": ""stain_relative_v1"", ""note"": ""existing policy XY transform only; not a full rotated rigid TCP frame""}",,"[467.0579216406019, 342.40584879661776, 176.4810150962429, 0.002355183885981112, 0.05570506973701013, 2.413905266284383]","{""source_acquisition_stamp"": null, ""calibration"": ""deployed EE2TCP unverified"", ""layout"": ""std_msgs.msg.MultiArrayLayout(dim=[], data_offset=0)""}"
rel_single_90deg_best_20260920T160636_1789887996648993205_r3lvdifh,3400,,,1789888027642747368,9546399411938,receipt_only_no_header,,,/ur10skku/currentP,valid,466.78438474238334,342.5839406477139,176.71039676887392,0.0017829953289635481,0.05531008211367895,2.4154972673776767,0.0006899369988341918,0.021402452064171688,0.9346860915869604,0.3548286476969848,mm,rotation_vector_rad,xyzw,TCP_from_joint_feedback_FK,robot_base,,"{""values"": [30.409814834594727, -23.363554000854492, 176.7104034423828, 0.001782995299436152, 0.05531008169054985, 2.415497303009033], ""schema"": ""x_mm,y_mm,z_mm,rotation_vector_rad[3]"", ""frame"": ""policy_stain_relative_xy_base_z"", ""transform"": ""stain_relative_v1"", ""note"": ""existing policy XY transform only; not a full rotated rigid TCP frame""}",,"[466.78438474238334, 342.5839406477139, 176.71039676887392, 0.0017829953289635481, 0.05531008211367895, 2.4154972673776767]","{""source_acquisition_stamp"": null, ""calibration"": ""deployed EE2TCP unverified"", ""layout"": ""std_msgs.msg.MultiArrayLayout(dim=[], data_offset=0)""}"
rel_single_90deg_best_20260920T160636_1789887996648993205_r3lvdifh,3406,,,1789888027694402009,9546451068452,receipt_only_no_header,,,/ur10skku/currentP,valid,466.2873255980667,342.7464991431042,176.87710921675972,0.0008705780238177378,0.0549794288695133,2.4180998804628855,0.00033667764810995255,0.021262131939700155,0.9351490140757838,0.3536157941419327,mm,rotation_vector_rad,xyzw,TCP_from_joint_feedback_FK,robot_base,,"{""values"": [29.912744522094727, -23.201017379760742, 176.87710571289062, 0.0008705780492164195, 0.05497942864894867, 2.418099880218506], ""schema"": ""x_mm,y_mm,z_mm,rotation_vector_rad[3]"", ""frame"": ""policy_stain_relative_xy_base_z"", ""transform"": ""stain_relative_v1"", ""note"": ""existing policy XY transform only; not a full rotated rigid TCP frame""}",,"[466.2873255980667, 342.7464991431042, 176.87710921675972, 0.0008705780238177378, 0.0549794288695133, 2.4180998804628855]","{""source_acquisition_stamp"": null, ""calibration"": ""deployed EE2TCP unverified"", ""layout"": ""std_msgs.msg.MultiArrayLayout(dim=[], data_offset=0)""}"
rel_single_90deg_best_20260920T160636_1789887996648993205_r3lvdifh,3408,,,1789888027750530787,9546507196389,receipt_only_no_header,,,/ur10skku/currentP,valid,465.94309605144883,342.8342755667897,177.10031635195054,0.0005300203200143117,0.05459680897282795,2.419520830884256,0.00020490919738435148,0.02110747057031106,0.9354020077906162,0.35295540301804146,mm,rotation_vector_rad,xyzw,TCP_from_joint_feedback_FK,robot_base,,"{""values"": [29.568506240844727, -23.113218307495117, 177.10031127929688, 0.0005300203338265419, 0.054596807807683945, 2.419520854949951], ""schema"": ""x_mm,y_mm,z_mm,rotation_vector_rad[3]"", ""frame"": ""policy_stain_relative_xy_base_z"", ""transform"": ""stain_relative_v1"", ""note"": ""existing policy XY transform only; not a full rotated rigid TCP frame""}",,"[465.94309605144883, 342.8342755667897, 177.10031635195054, 0.0005300203200143117, 0.05459680897282795, 2.419520830884256]","{""source_acquisition_stamp"": null, ""calibration"": ""deployed EE2TCP unverified"", ""layout"": ""std_msgs.msg.MultiArrayLayout(dim=[], data_offset=0)""}"
rel_single_90deg_best_20260920T160636_1789887996648993205_r3lvdifh,3414,,,1789888027806531459,9546563194837,receipt_only_no_header,,,/ur10skku/currentP,valid,465.8566551331305,342.715365185802,177.42462382038423,0.00047574516475238883,0.05412827821817696,2.4194054427991674,0.00018393128036669508,0.020926925283404025,0.9353838436840722,0.3530142984955117,mm,rotation_vector_rad,xyzw,TCP_from_joint_feedback_FK,robot_base,,"{""values"": [29.482080459594727, -23.232145309448242, 177.42462158203125, 0.0004757451533805579, 0.05412827804684639, 2.419405460357666], ""schema"": ""x_mm,y_mm,z_mm,rotation_vector_rad[3]"", ""frame"": ""policy_stain_relative_xy_base_z"", ""transform"": ""stain_relative_v1"", ""note"": ""existing policy XY transform only; not a full rotated rigid TCP frame""}",,"[465.8566551331305, 342.715365185802, 177.42462382038423, 0.00047574516475238883, 0.05412827821817696, 2.4194054427991674]","{""source_acquisition_stamp"": null, ""calibration"": ""deployed EE2TCP unverified"", ""layout"": ""std_msgs.msg.MultiArrayLayout(dim=[], data_offset=0)""}"
rel_single_90deg_best_20260920T160636_1789887996648993205_r3lvdifh,3420,,,1789888027862519907,9546619183465,receipt_only_no_header,,,/ur10skku/currentP,valid,465.77792191227576,342.41308407642697,177.65188729011197,0.000642917461691898,0.05435376721739163,2.418359072811436,0.0002486210716596001,0.021019015129504055,0.9351978444602154,0.3535012459773166,mm,rotation_vector_rad,xyzw,TCP_from_joint_feedback_FK,robot_base,,"{""values"": [29.403345108032227, -23.534421920776367, 177.65188598632812, 0.0006429174682125449, 0.05435376614332199, 2.4183590412139893], ""schema"": ""x_mm,y_mm,z_mm,rotation_vector_rad[3]"", ""frame"": ""policy_stain_relative_xy_base_z"", ""transform"": ""stain_relative_v1"", ""note"": ""existing policy XY transform only; not a full rotated rigid TCP frame""}",,"[465.77792191227576, 342.41308407642697, 177.65188729011197, 0.000642917461691898, 0.05435376721739163, 2.418359072811436]","{""source_acquisition_stamp"": null, ""calibration"": ""deployed EE2TCP unverified"", ""layout"": ""std_msgs.msg.MultiArrayLayout(dim=[], data_offset=0)""}"
rel_single_90deg_best_20260920T160636_1789887996648993205_r3lvdifh,3426,,,1789888027918530268,9546675196631,receipt_only_no_header,,,/ur10skku/currentP,valid,465.6939909137515,342.1889486614709,177.95067577804247,0.0010292833495770615,0.054599714135236885,2.417392962834259,0.00039811746817992,0.021118674428960496,0.9350256820485718,0.3539503030122279,mm,rotation_vector_rad,xyzw,TCP_from_joint_feedback_FK,robot_base,,"{""values"": [29.319421768188477, -23.758573532104492, 177.95066833496094, 0.0010292833903804421, 0.054599713534116745, 2.4173929691314697], ""schema"": ""x_mm,y_mm,z_mm,rotation_vector_rad[3]"", ""frame"": ""policy_stain_relative_xy_base_z"", ""transform"": ""stain_relative_v1"", ""note"": ""existing policy XY transform only; not a full rotated rigid TCP frame""}",,"[465.6939909137515, 342.1889486614709, 177.95067577804247, 0.0010292833495770615, 0.054599714135236885, 2.417392962834259]","{""source_acquisition_stamp"": null, ""calibration"": ""deployed EE2TCP unverified"", ""layout"": ""std_msgs.msg.MultiArrayLayout(dim=[], data_offset=0)""}"
rel_single_90deg_best_20260920T160636_1789887996648993205_r3lvdifh,3432,,,1789888027976084612,9546732749122,receipt_only_no_header,,,/ur10skku/currentP,valid,465.654011394718,342.1518632550118,178.3540990343949,0.0010450885273075266,0.05415906852465025,2.4164493580650115,0.00040431720272214415,0.020952715981236672,0.934860559123784,0.3543960428889903,mm,rotation_vector_rad,xyzw,TCP_from_joint_feedback_FK,robot_base,,"{""values"": [29.279443740844727, -23.795652389526367, 178.35409545898438, 0.001045088516548276, 0.05415906757116318, 2.4164493083953857], ""schema"": ""x_mm,y_mm,z_mm,rotation_vector_rad[3]"", ""frame"": ""policy_stain_relative_xy_base_z"", ""transform"": ""stain_relative_v1"", ""note"": ""existing policy XY transform only; not a full rotated rigid TCP frame""}",,"[465.654011394718, 342.1518632550118, 178.3540990343949, 0.0010450885273075266, 0.05415906852465025, 2.4164493580650115]","{""source_acquisition_stamp"": null, ""calibration"": ""deployed EE2TCP unverified"", ""layout"": ""std_msgs.msg.MultiArrayLayout(dim=[], data_offset=0)""}"
rel_single_90deg_best_20260920T160636_1789887996648993205_r3lvdifh,3438,,,1789888028032174135,9546788839015,receipt_only_no_header,,,/ur10skku/currentP,valid,465.5172384541146,342.01253804031995,178.89199157654673,0.0012407298729167702,0.05404471506398357,2.4149851320184186,0.0004801634715391439,0.020915348755536085,0.9346012133804473,0.3550815252547932,mm,rotation_vector_rad,xyzw,TCP_from_joint_feedback_FK,robot_base,,"{""values"": [29.142663955688477, -23.934965133666992, 178.89199829101562, 0.001240729819983244, 0.05404471606016159, 2.414985179901123], ""schema"": ""x_mm,y_mm,z_mm,rotation_vector_rad[3]"", ""frame"": ""policy_stain_relative_xy_base_z"", ""transform"": ""stain_relative_v1"", ""note"": ""existing policy XY transform only; not a full rotated rigid TCP frame""}",,"[465.5172384541146, 342.01253804031995, 178.89199157654673, 0.0012407298729167702, 0.05404471506398357, 2.4149851320184186]","{""source_acquisition_stamp"": null, ""calibration"": ""deployed EE2TCP unverified"", ""layout"": ""std_msgs.msg.MultiArrayLayout(dim=[], data_offset=0)""}"
rel_single_90deg_best_20260920T160636_1789887996648993205_r3lvdifh,3440,,,1789888028086496596,9546843162188,receipt_only_no_header,,,/ur10skku/currentP,valid,465.3978768194464,341.9073598746199,179.30246780195176,0.0014282672844916377,0.053913955621238296,2.413436905995528,0.00055293260495922,0.020871992412763,0.9343264876446454,0.35580622350357566,mm,rotation_vector_rad,xyzw,TCP_from_joint_feedback_FK,robot_base,,"{""values"": [29.0233097076416, -24.040159225463867, 179.30247497558594, 0.0014282673364505172, 0.05391395464539528, 2.4134368896484375], ""schema"": ""x_mm,y_mm,z_mm,rotation_vector_rad[3]"", ""frame"": ""policy_stain_relative_xy_base_z"", ""transform"": ""stain_relative_v1"", ""note"": ""existing policy XY transform only; not a full rotated rigid TCP frame""}",,"[465.3978768194464, 341.9073598746199, 179.30246780195176, 0.0014282672844916377, 0.053913955621238296, 2.413436905995528]","{""source_acquisition_stamp"": null, ""calibration"": ""deployed EE2TCP unverified"", ""layout"": ""std_msgs.msg.MultiArrayLayout(dim=[], data_offset=0)""}"
rel_single_90deg_best_20260920T160636_1789887996648993205_r3lvdifh,3446,,,1789888028142489112,9546899156918,receipt_only_no_header,,,/ur10skku/currentP,valid,465.4198856347095,341.88958757690835,179.49276222418575,0.0014514409511814804,0.05376420473337237,2.4126107294582266,0.0005620082618933822,0.020817882552980636,0.9341800378337317,0.3561937068867042,mm,rotation_vector_rad,xyzw,TCP_from_joint_feedback_FK,robot_base,,"{""values"": [29.045312881469727, -24.057920455932617, 179.49276733398438, 0.0014514409704133868, 0.05376420542597771, 2.4126107692718506], ""schema"": ""x_mm,y_mm,z_mm,rotation_vector_rad[3]"", ""frame"": ""policy_stain_relative_xy_base_z"", ""transform"": ""stain_relative_v1"", ""note"": ""existing policy XY transform only; not a full rotated rigid TCP frame""}",,"[465.4198856347095, 341.88958757690835, 179.49276222418575, 0.0014514409511814804, 0.05376420473337237, 2.4126107294582266]","{""source_acquisition_stamp"": null, ""calibration"": ""deployed EE2TCP unverified"", ""layout"": ""std_msgs.msg.MultiArrayLayout(dim=[], data_offset=0)""}"
rel_single_90deg_best_20260920T160636_1789887996648993205_r3lvdifh,3452,,,1789888028209449810,9546966114109,receipt_only_no_header,,,/ur10skku/currentP,valid,465.43863559682694,341.90611710321605,179.56477640729457,0.001525108416456718,0.053628770564131054,2.412431033637936,0.0005905569618196757,0.02076629010025301,0.9341486326163431,0.35627902635289005,mm,rotation_vector_rad,xyzw,TCP_from_joint_feedback_FK,robot_base,,"{""values"": [29.064050674438477, -24.041379928588867, 179.5647735595703, 0.0015251084696501493, 0.053628768771886826, 2.412431001663208], ""schema"": ""x_mm,y_mm,z_mm,rotation_vector_rad[3]"", ""frame"": ""policy_stain_relative_xy_base_z"", ""transform"": ""stain_relative_v1"", ""note"": ""existing policy XY transform only; not a full rotated rigid TCP frame""}",,"[465.43863559682694, 341.90611710321605, 179.56477640729457, 0.001525108416456718, 0.053628770564131054, 2.412431033637936]","{""source_acquisition_stamp"": null, ""calibration"": ""deployed EE2TCP unverified"", ""layout"": ""std_msgs.msg.MultiArrayLayout(dim=[], data_offset=0)""}"
rel_single_90deg_best_20260920T160636_1789887996648993205_r3lvdifh,3458,,,1789888028262477275,9547019143789,receipt_only_no_header,,,/ur10skku/currentP,valid,465.4112040747053,341.93765143880563,179.5742862725201,0.0017405270237205585,0.05353422168517871,2.412356827804649,0.000673983470774822,0.020730031792024803,0.9341358136891262,0.3563145985102729,mm,rotation_vector_rad,xyzw,TCP_from_joint_feedback_FK,robot_base,,"{""values"": [29.0366153717041, -24.009855270385742, 179.57427978515625, 0.0017405269900336862, 0.05353422090411186, 2.4123568534851074], ""schema"": ""x_mm,y_mm,z_mm,rotation_vector_rad[3]"", ""frame"": ""policy_stain_relative_xy_base_z"", ""transform"": ""stain_relative_v1"", ""note"": ""existing policy XY transform only; not a full rotated rigid TCP frame""}",,"[465.4112040747053, 341.93765143880563, 179.5742862725201, 0.0017405270237205585, 0.05353422168517871, 2.412356827804649]","{""source_acquisition_stamp"": null, ""calibration"": ""deployed EE2TCP unverified"", ""layout"": ""std_msgs.msg.MultiArrayLayout(dim=[], data_offset=0)""}"
rel_single_90deg_best_20260920T160636_1789887996648993205_r3lvdifh,3464,,,1789888028318425086,9547075091550,receipt_only_no_header,,,/ur10skku/currentP,valid,465.43775538870284,341.9537703722115,179.60592409958718,0.0017174631116993785,0.053508720895423856,2.4123453323120643,0.00066505423970163,0.020720213115553526,0.9341338861660492,0.3563202396547503,mm,rotation_vector_rad,xyzw,TCP_from_joint_feedback_FK,robot_base,,"{""values"": [29.06316566467285, -23.993741989135742, 179.60592651367188, 0.0017174631357192993, 0.05350872129201889, 2.4123454093933105], ""schema"": ""x_mm,y_mm,z_mm,rotation_vector_rad[3]"", ""frame"": ""policy_stain_relative_xy_base_z"", ""transform"": ""stain_relative_v1"", ""note"": ""existing policy XY transform only; not a full rotated rigid TCP frame""}",,"[465.43775538870284, 341.9537703722115, 179.60592409958718, 0.0017174631116993785, 0.053508720895423856, 2.4123453323120643]","{""source_acquisition_stamp"": null, ""calibration"": ""deployed EE2TCP unverified"", ""layout"": ""std_msgs.msg.MultiArrayLayout(dim=[], data_offset=0)""}"
rel_single_90deg_best_20260920T160636_1789887996648993205_r3lvdifh,3470,,,1789888028374444635,9547131110477,receipt_only_no_header,,,/ur10skku/currentP,valid,465.50038398504,341.957708830073,179.69075602190765,0.0016723123272836943,0.053280425029182024,2.4122883409181055,0.0006475794676563246,0.020632096477422666,0.9341247888680423,0.3563492332782756,mm,rotation_vector_rad,xyzw,TCP_from_joint_feedback_FK,robot_base,,"{""values"": [29.125818252563477, -23.989805221557617, 179.6907501220703, 0.0016723123844712973, 0.05328042432665825, 2.4122884273529053], ""schema"": ""x_mm,y_mm,z_mm,rotation_vector_rad[3]"", ""frame"": ""policy_stain_relative_xy_base_z"", ""transform"": ""stain_relative_v1"", ""note"": ""existing policy XY transform only; not a full rotated rigid TCP frame""}",,"[465.50038398504, 341.957708830073, 179.69075602190765, 0.0016723123272836943, 0.053280425029182024, 2.4122883409181055]","{""source_acquisition_stamp"": null, ""calibration"": ""deployed EE2TCP unverified"", ""layout"": ""std_msgs.msg.MultiArrayLayout(dim=[], data_offset=0)""}"
rel_single_90deg_best_20260920T160636_1789887996648993205_r3lvdifh,3476,,,1789888028432017364,9547188681833,receipt_only_no_header,,,/ur10skku/currentP,valid,465.4993870939878,341.9235380659973,179.64057822852186,0.0016941777597685244,0.05335443830750529,2.4122398794540447,0.0006560534189482132,0.020660973422578086,0.934115804031849,0.356371096511874,mm,rotation_vector_rad,xyzw,TCP_from_joint_feedback_FK,robot_base,,"{""values"": [29.12481117248535, -24.023984909057617, 179.6405792236328, 0.0016941777430474758, 0.05335443839430809, 2.4122397899627686], ""schema"": ""x_mm,y_mm,z_mm,rotation_vector_rad[3]"", ""frame"": ""policy_stain_relative_xy_base_z"", ""transform"": ""stain_relative_v1"", ""note"": ""existing policy XY transform only; not a full rotated rigid TCP frame""}",,"[465.4993870939878, 341.9235380659973, 179.64057822852186, 0.0016941777597685244, 0.05335443830750529, 2.4122398794540447]","{""source_acquisition_stamp"": null, ""calibration"": ""deployed EE2TCP unverified"", ""layout"": ""std_msgs.msg.MultiArrayLayout(dim=[], data_offset=0)""}"
rel_single_90deg_best_20260920T160636_1789887996648993205_r3lvdifh,3478,,,1789888028486492498,9547243159102,receipt_only_no_header,,,/ur10skku/currentP,valid,465.5361712831001,341.9285082150355,179.62799124832082,0.0016855381540190554,0.05332309971061639,2.412144410914566,0.0006527218585595157,0.020649282049342695,0.9340989281387124,0.3564160119230482,mm,rotation_vector_rad,xyzw,TCP_from_joint_feedback_FK,robot_base,,"{""values"": [29.161584854125977, -24.019010543823242, 179.62799072265625, 0.0016855380963534117, 0.05332310125231743, 2.412144422531128], ""schema"": ""x_mm,y_mm,z_mm,rotation_vector_rad[3]"", ""frame"": ""policy_stain_relative_xy_base_z"", ""transform"": ""stain_relative_v1"", ""note"": ""existing policy XY transform only; not a full rotated rigid TCP frame""}",,"[465.5361712831001, 341.9285082150355, 179.62799124832082, 0.0016855381540190554, 0.05332309971061639, 2.412144410914566]","{""source_acquisition_stamp"": null, ""calibration"": ""deployed EE2TCP unverified"", ""layout"": ""std_msgs.msg.MultiArrayLayout(dim=[], data_offset=0)""}"
rel_single_90deg_best_20260920T160636_1789887996648993205_r3lvdifh,3484,,,1789888028542531724,9547299195011,receipt_only_no_header,,,/ur10skku/currentP,valid,465.5483610254197,341.9446238861756,179.62057115895692,0.001733805845789511,0.05326095623916597,2.412132265851665,0.0006714154672640494,0.02062527929934728,0.9340970422452382,0.3564223095203103,mm,rotation_vector_rad,xyzw,TCP_from_joint_feedback_FK,robot_base,,"{""values"": [29.173791885375977, -24.002897262573242, 179.62057495117188, 0.00173380586784333, 0.05326095595955849, 2.4121322631835938], ""schema"": ""x_mm,y_mm,z_mm,rotation_vector_rad[3]"", ""frame"": ""policy_stain_relative_xy_base_z"", ""transform"": ""stain_relative_v1"", ""note"": ""existing policy XY transform only; not a full rotated rigid TCP frame""}",,"[465.5483610254197, 341.9446238861756, 179.62057115895692, 0.001733805845789511, 0.05326095623916597, 2.412132265851665]","{""source_acquisition_stamp"": null, ""calibration"": ""deployed EE2TCP unverified"", ""layout"": ""std_msgs.msg.MultiArrayLayout(dim=[], data_offset=0)""}"
rel_single_90deg_best_20260920T160636_1789887996648993205_r3lvdifh,3490,,,1789888028610535483,9547367200685,receipt_only_no_header,,,/ur10skku/currentP,valid,465.59731830241805,341.94937157766617,179.61672994568397,0.001679685779725788,0.0531798842959555,2.412073810780335,0.0006504662686372586,0.020594161909377174,0.9340870002674401,0.35645046404831526,mm,rotation_vector_rad,xyzw,TCP_from_joint_feedback_FK,robot_base,,"{""values"": [29.222742080688477, -23.998136520385742, 179.61672973632812, 0.0016796857817098498, 0.05317988246679306, 2.412073850631714], ""schema"": ""x_mm,y_mm,z_mm,rotation_vector_rad[3]"", ""frame"": ""policy_stain_relative_xy_base_z"", ""transform"": ""stain_relative_v1"", ""note"": ""existing policy XY transform only; not a full rotated rigid TCP frame""}",,"[465.59731830241805, 341.94937157766617, 179.61672994568397, 0.001679685779725788, 0.0531798842959555, 2.412073810780335]","{""source_acquisition_stamp"": null, ""calibration"": ""deployed EE2TCP unverified"", ""layout"": ""std_msgs.msg.MultiArrayLayout(dim=[], data_offset=0)""}"
rel_single_90deg_best_20260920T160636_1789887996648993205_r3lvdifh,3496,,,1789888028662631181,9547419297294,receipt_only_no_header,,,/ur10skku/currentP,valid,465.63134940182584,341.9531730830423,179.56441957525857,0.0017382801067488012,0.05320994814061071,2.411988835417679,0.0006731698872431954,0.02060619266766276,0.9340716988396179,0.3564898218644065,mm,rotation_vector_rad,xyzw,TCP_from_joint_feedback_FK,robot_base,,"{""values"": [29.25676918029785, -23.994321823120117, 179.56442260742188, 0.0017382800579071045, 0.053209949284791946, 2.4119887351989746], ""schema"": ""x_mm,y_mm,z_mm,rotation_vector_rad[3]"", ""frame"": ""policy_stain_relative_xy_base_z"", ""transform"": ""stain_relative_v1"", ""note"": ""existing policy XY transform only; not a full rotated rigid TCP frame""}",,"[465.63134940182584, 341.9531730830423, 179.56441957525857, 0.0017382801067488012, 0.05320994814061071, 2.411988835417679]","{""source_acquisition_stamp"": null, ""calibration"": ""deployed EE2TCP unverified"", ""layout"": ""std_msgs.msg.MultiArrayLayout(dim=[], data_offset=0)""}"
rel_single_90deg_best_20260920T160636_1789887996648993205_r3lvdifh,3502,,,1789888028718530368,9547475194247,receipt_only_no_header,,,/ur10skku/currentP,valid,465.6522923786618,341.9867934994126,179.51978024547935,0.0017036869889801604,0.05320393181097824,2.412013328249592,0.0006597696950613644,0.020603750626755245,0.9340760998684315,0.3564784563176853,mm,rotation_vector_rad,xyzw,TCP_from_joint_feedback_FK,robot_base,,"{""values"": [29.2777042388916, -23.960721969604492, 179.519775390625, 0.0017036870121955872, 0.05320393294095993, 2.412013292312622], ""schema"": ""x_mm,y_mm,z_mm,rotation_vector_rad[3]"", ""frame"": ""policy_stain_relative_xy_base_z"", ""transform"": ""stain_relative_v1"", ""note"": ""existing policy XY transform only; not a full rotated rigid TCP frame""}",,"[465.6522923786618, 341.9867934994126, 179.51978024547935, 0.0017036869889801604, 0.05320393181097824, 2.412013328249592]","{""source_acquisition_stamp"": null, ""calibration"": ""deployed EE2TCP unverified"", ""layout"": ""std_msgs.msg.MultiArrayLayout(dim=[], data_offset=0)""}"
rel_single_90deg_best_20260920T160636_1789887996648993205_r3lvdifh,3508,,,1789888028774397253,9547531061492,receipt_only_no_header,,,/ur10skku/currentP,valid,465.72683772315173,342.0008456483437,179.46360121759176,0.0016646390705964298,0.0531172912028316,2.4118948029873732,0.0006446653695901126,0.020570752404982337,0.9340553649405984,0.3565347160905089,mm,rotation_vector_rad,xyzw,TCP_from_joint_feedback_FK,robot_base,,"{""values"": [29.352258682250977, -23.946653366088867, 179.46360778808594, 0.0016646391013637185, 0.0531172901391983, 2.4118947982788086], ""schema"": ""x_mm,y_mm,z_mm,rotation_vector_rad[3]"", ""frame"": ""policy_stain_relative_xy_base_z"", ""transform"": ""stain_relative_v1"", ""note"": ""existing policy XY transform only; not a full rotated rigid TCP frame""}",,"[465.72683772315173, 342.0008456483437, 179.46360121759176, 0.0016646390705964298, 0.0531172912028316, 2.4118948029873732]","{""source_acquisition_stamp"": null, ""calibration"": ""deployed EE2TCP unverified"", ""layout"": ""std_msgs.msg.MultiArrayLayout(dim=[], data_offset=0)""}"
rel_single_90deg_best_20260920T160636_1789887996648993205_r3lvdifh,3514,,,1789888028831936077,9547588600196,receipt_only_no_header,,,/ur10skku/currentP,valid,465.7473824978497,342.0257817961134,179.4132870337338,0.001663345340181522,0.05305339758263856,2.4119076867142932,0.0006441626927481079,0.020545955563586616,0.9340579569388682,0.3565293562157144,mm,rotation_vector_rad,xyzw,TCP_from_joint_feedback_FK,robot_base,,"{""values"": [29.3727970123291, -23.921720504760742, 179.4132843017578, 0.0016633453778922558, 0.05305339768528938, 2.41190767288208], ""schema"": ""x_mm,y_mm,z_mm,rotation_vector_rad[3]"", ""frame"": ""policy_stain_relative_xy_base_z"", ""transform"": ""stain_relative_v1"", ""note"": ""existing policy XY transform only; not a full rotated rigid TCP frame""}",,"[465.7473824978497, 342.0257817961134, 179.4132870337338, 0.001663345340181522, 0.05305339758263856, 2.4119076867142932]","{""source_acquisition_stamp"": null, ""calibration"": ""deployed EE2TCP unverified"", ""layout"": ""std_msgs.msg.MultiArrayLayout(dim=[], data_offset=0)""}"
rel_single_90deg_best_20260920T160636_1789887996648993205_r3lvdifh,3516,,,1789888028886553404,9547643218836,receipt_only_no_header,,,/ur10skku/currentP,valid,465.7579944784661,342.0261359160419,179.31716835663644,0.0017056912271048784,0.053138752682052065,2.4119304000805375,0.0006605583199109849,0.020578897655116665,0.9340616094529907,0.35651785702836103,mm,rotation_vector_rad,xyzw,TCP_from_joint_feedback_FK,robot_base,,"{""values"": [29.3834171295166, -23.921384811401367, 179.31716918945312, 0.0017056912183761597, 0.05313875153660774, 2.4119303226470947], ""schema"": ""x_mm,y_mm,z_mm,rotation_vector_rad[3]"", ""frame"": ""policy_stain_relative_xy_base_z"", ""transform"": ""stain_relative_v1"", ""note"": ""existing policy XY transform only; not a full rotated rigid TCP frame""}",,"[465.7579944784661, 342.0261359160419, 179.31716835663644, 0.0017056912271048784, 0.053138752682052065, 2.4119304000805375]","{""source_acquisition_stamp"": null, ""calibration"": ""deployed EE2TCP unverified"", ""layout"": ""std_msgs.msg.MultiArrayLayout(dim=[], data_offset=0)""}"
rel_single_90deg_best_20260920T160636_1789887996648993205_r3lvdifh,3522,,,1789888028942659559,9547699327325,receipt_only_no_header,,,/ur10skku/currentP,valid,465.80492631266884,342.0281467378781,179.23515410396652,0.0016685934862580819,0.05311643189244482,2.4118832125980423,0.0006461984749642674,0.020570473016417106,0.934053300943853,0.356540136679314,mm,rotation_vector_rad,xyzw,TCP_from_joint_feedback_FK,robot_base,,"{""values"": [29.43035316467285, -23.919370651245117, 179.2351531982422, 0.0016685934970155358, 0.05311643332242966, 2.4118831157684326], ""schema"": ""x_mm,y_mm,z_mm,rotation_vector_rad[3]"", ""frame"": ""policy_stain_relative_xy_base_z"", ""transform"": ""stain_relative_v1"", ""note"": ""existing policy XY transform only; not a full rotated rigid TCP frame""}",,"[465.80492631266884, 342.0281467378781, 179.23515410396652, 0.0016685934862580819, 0.05311643189244482, 2.4118832125980423]","{""source_acquisition_stamp"": null, ""calibration"": ""deployed EE2TCP unverified"", ""layout"": ""std_msgs.msg.MultiArrayLayout(dim=[], data_offset=0)""}"
rel_single_90deg_best_20260920T160636_1789887996648993205_r3lvdifh,3528,,,1789888028998948965,9547755613635,receipt_only_no_header,,,/ur10skku/currentP,valid,465.8327369984823,342.00711816872524,179.18002763880708,0.0016810557550897267,0.053096498048935556,2.4118112886485736,0.0006510352895396705,0.020563085951296273,0.9340405610381206,0.35657392779731395,mm,rotation_vector_rad,xyzw,TCP_from_joint_feedback_FK,robot_base,,"{""values"": [29.458154678344727, -23.940397262573242, 179.18002319335938, 0.0016810557572171092, 0.05309649929404259, 2.411811351776123], ""schema"": ""x_mm,y_mm,z_mm,rotation_vector_rad[3]"", ""frame"": ""policy_stain_relative_xy_base_z"", ""transform"": ""stain_relative_v1"", ""note"": ""existing policy XY transform only; not a full rotated rigid TCP frame""}",,"[465.8327369984823, 342.00711816872524, 179.18002763880708, 0.0016810557550897267, 0.053096498048935556, 2.4118112886485736]","{""source_acquisition_stamp"": null, ""calibration"": ""deployed EE2TCP unverified"", ""layout"": ""std_msgs.msg.MultiArrayLayout(dim=[], data_offset=0)""}"
rel_single_90deg_best_20260920T160636_1789887996648993205_r3lvdifh,3534,,,1789888029054576631,9547811244988,receipt_only_no_header,,,/ur10skku/currentP,valid,465.83824936983314,341.97588968940994,179.06431650535194,0.0017001594310231973,0.053269772788664765,2.411833632329214,0.0006584298611087289,0.020630070603099532,0.9340437458833931,0.35656170214024485,mm,rotation_vector_rad,xyzw,TCP_from_joint_feedback_FK,robot_base,,"{""values"": [29.46367835998535, -23.971616744995117, 179.06431579589844, 0.0017001593951135874, 0.053269773721694946, 2.4118335247039795], ""schema"": ""x_mm,y_mm,z_mm,rotation_vector_rad[3]"", ""frame"": ""policy_stain_relative_xy_base_z"", ""transform"": ""stain_relative_v1"", ""note"": ""existing policy XY transform only; not a full rotated rigid TCP frame""}",,"[465.83824936983314, 341.97588968940994, 179.06431650535194, 0.0017001594310231973, 0.053269772788664765, 2.411833632329214]","{""source_acquisition_stamp"": null, ""calibration"": ""deployed EE2TCP unverified"", ""layout"": ""std_msgs.msg.MultiArrayLayout(dim=[], data_offset=0)""}"
rel_single_90deg_best_20260920T160636_1789887996648993205_r3lvdifh,3540,,,1789888029110477762,9547867146610,receipt_only_no_header,,,/ur10skku/currentP,valid,465.8007331965918,341.9891203240043,178.9901441254961,0.001791326197122786,0.0533077203488838,2.411879939045264,0.0006937291787301959,0.02064454878012106,0.9340518170264985,0.35653965341177446,mm,rotation_vector_rad,xyzw,TCP_from_joint_feedback_FK,robot_base,,"{""values"": [29.4261417388916, -23.958402633666992, 178.99014282226562, 0.001791326212696731, 0.05330771952867508, 2.4118800163269043], ""schema"": ""x_mm,y_mm,z_mm,rotation_vector_rad[3]"", ""frame"": ""policy_stain_relative_xy_base_z"", ""transform"": ""stain_relative_v1"", ""note"": ""existing policy XY transform only; not a full rotated rigid TCP frame""}",,"[465.8007331965918, 341.9891203240043, 178.9901441254961, 0.001791326197122786, 0.0533077203488838, 2.411879939045264]","{""source_acquisition_stamp"": null, ""calibration"": ""deployed EE2TCP unverified"", ""layout"": ""std_msgs.msg.MultiArrayLayout(dim=[], data_offset=0)""}"
rel_single_90deg_best_20260920T160636_1789887996648993205_r3lvdifh,3546,,,1789888029177010658,9547933676210,receipt_only_no_header,,,/ur10skku/currentP,valid,465.8224889595552,341.9629144845154,178.87933012238392,0.0018244064929075572,0.05341239092059904,2.411878681644535,0.0007065400558775841,0.02068507967511799,0.9340511038103556,0.3565391475709781,mm,rotation_vector_rad,xyzw,TCP_from_joint_feedback_FK,robot_base,,"{""values"": [29.447900772094727, -23.984586715698242, 178.87933349609375, 0.0018244064413011074, 0.05341239273548126, 2.4118785858154297], ""schema"": ""x_mm,y_mm,z_mm,rotation_vector_rad[3]"", ""frame"": ""policy_stain_relative_xy_base_z"", ""transform"": ""stain_relative_v1"", ""note"": ""existing policy XY transform only; not a full rotated rigid TCP frame""}",,"[465.8224889595552, 341.9629144845154, 178.87933012238392, 0.0018244064929075572, 0.05341239092059904, 2.411878681644535]","{""source_acquisition_stamp"": null, ""calibration"": ""deployed EE2TCP unverified"", ""layout"": ""std_msgs.msg.MultiArrayLayout(dim=[], data_offset=0)""}"
rel_single_90deg_best_20260920T160636_1789887996648993205_r3lvdifh,3552,,,1789888029230536240,9547987201531,receipt_only_no_header,,,/ur10skku/currentP,valid,465.89107698420264,342.00224907606054,178.85091223593844,0.0017093557696010637,0.05328495913312352,2.4119293243441375,0.0006619771584597708,0.02063550868864612,0.9340607431931843,0.3565168517655213,mm,rotation_vector_rad,xyzw,TCP_from_joint_feedback_FK,robot_base,,"{""values"": [29.516504287719727, -23.945249557495117, 178.8509063720703, 0.001709355739876628, 0.05328495800495148, 2.4119293689727783], ""schema"": ""x_mm,y_mm,z_mm,rotation_vector_rad[3]"", ""frame"": ""policy_stain_relative_xy_base_z"", ""transform"": ""stain_relative_v1"", ""note"": ""existing policy XY transform only; not a full rotated rigid TCP frame""}",,"[465.89107698420264, 342.00224907606054, 178.85091223593844, 0.0017093557696010637, 0.05328495913312352, 2.4119293243441375]","{""source_acquisition_stamp"": null, ""calibration"": ""deployed EE2TCP unverified"", ""layout"": ""std_msgs.msg.MultiArrayLayout(dim=[], data_offset=0)""}"
rel_single_90deg_best_20260920T160636_1789887996648993205_r3lvdifh,3554,,,1789888029286584132,9548043251979,receipt_only_no_header,,,/ur10skku/currentP,valid,465.911428248637,341.9880712542508,178.76723900743707,0.0017205096887814098,0.05337738312546816,2.411880512067307,0.0006663036720159247,0.02067151763864253,0.9340516081559073,0.35653869032588237,mm,rotation_vector_rad,xyzw,TCP_from_joint_feedback_FK,robot_base,,"{""values"": [29.5368595123291, -23.959440231323242, 178.76724243164062, 0.0017205097246915102, 0.05337738245725632, 2.4118804931640625], ""schema"": ""x_mm,y_mm,z_mm,rotation_vector_rad[3]"", ""frame"": ""policy_stain_relative_xy_base_z"", ""transform"": ""stain_relative_v1"", ""note"": ""existing policy XY transform only; not a full rotated rigid TCP frame""}",,"[465.911428248637, 341.9880712542508, 178.76723900743707, 0.0017205096887814098, 0.05337738312546816, 2.411880512067307]","{""source_acquisition_stamp"": null, ""calibration"": ""deployed EE2TCP unverified"", ""layout"": ""std_msgs.msg.MultiArrayLayout(dim=[], data_offset=0)""}"
rel_single_90deg_best_20260920T160636_1789887996648993205_r3lvdifh,3560,,,1789888029342609131,9548099275224,receipt_only_no_header,,,/ur10skku/currentP,valid,465.9471914734088,342.03021512220937,178.76899428489935,0.0016935430542688254,0.05316160868434317,2.411930595107578,0.0006558536294134372,0.020587745858127365,0.9340615408077586,0.3565175347165043,mm,rotation_vector_rad,xyzw,TCP_from_joint_feedback_FK,robot_base,,"{""values"": [29.5726261138916, -23.917295455932617, 178.7689971923828, 0.0016935430467128754, 0.053161609917879105, 2.411930561065674], ""schema"": ""x_mm,y_mm,z_mm,rotation_vector_rad[3]"", ""frame"": ""policy_stain_relative_xy_base_z"", ""transform"": ""stain_relative_v1"", ""note"": ""existing policy XY transform only; not a full rotated rigid TCP frame""}",,"[465.9471914734088, 342.03021512220937, 178.76899428489935, 0.0016935430542688254, 0.05316160868434317, 2.411930595107578]","{""source_acquisition_stamp"": null, ""calibration"": ""deployed EE2TCP unverified"", ""layout"": ""std_msgs.msg.MultiArrayLayout(dim=[], data_offset=0)""}"
rel_single_90deg_best_20260920T160636_1789887996648993205_r3lvdifh,3566,,,1789888029410488312,9548167153122,receipt_only_no_header,,,/ur10skku/currentP,valid,465.977215655084,342.0371523853786,178.66447271443917,0.0017090840265599372,0.05320633712569843,2.4119656416935906,0.0006618668021925117,0.020604901609574396,0.9340675832534681,0.3565007010891024,mm,rotation_vector_rad,xyzw,TCP_from_joint_feedback_FK,robot_base,,"{""values"": [29.602624893188477, -23.910367965698242, 178.6644744873047, 0.0017090840265154839, 0.05320633575320244, 2.4119656085968018], ""schema"": ""x_mm,y_mm,z_mm,rotation_vector_rad[3]"", ""frame"": ""policy_stain_relative_xy_base_z"", ""transform"": ""stain_relative_v1"", ""note"": ""existing policy XY transform only; not a full rotated rigid TCP frame""}",,"[465.977215655084, 342.0371523853786, 178.66447271443917, 0.0017090840265599372, 0.05320633712569843, 2.4119656416935906]","{""source_acquisition_stamp"": null, ""calibration"": ""deployed EE2TCP unverified"", ""layout"": ""std_msgs.msg.MultiArrayLayout(dim=[], data_offset=0)""}"
rel_single_90deg_best_20260920T160636_1789887996648993205_r3lvdifh,3572,,,1789888029462552077,9548219217649,receipt_only_no_header,,,/ur10skku/currentP,valid,466.03684646099003,342.0752947393468,178.67348743797538,0.0016575442787080828,0.053076629487418904,2.411955403515777,0.0006419091960158041,0.02055473087455184,0.9340663617767866,0.3565068341397343,mm,rotation_vector_rad,xyzw,TCP_from_joint_feedback_FK,robot_base,,"{""values"": [29.662256240844727, -23.872220993041992, 178.67349243164062, 0.0016575442859902978, 0.05307662859559059, 2.4119553565979004], ""schema"": ""x_mm,y_mm,z_mm,rotation_vector_rad[3]"", ""frame"": ""policy_stain_relative_xy_base_z"", ""transform"": ""stain_relative_v1"", ""note"": ""existing policy XY transform only; not a full rotated rigid TCP frame""}",,"[466.03684646099003, 342.0752947393468, 178.67348743797538, 0.0016575442787080828, 0.053076629487418904, 2.411955403515777]","{""source_acquisition_stamp"": null, ""calibration"": ""deployed EE2TCP unverified"", ""layout"": ""std_msgs.msg.MultiArrayLayout(dim=[], data_offset=0)""}"
rel_single_90deg_best_20260920T160636_1789887996648993205_r3lvdifh,3578,,,1789888029518687678,9548275354723,receipt_only_no_header,,,/ur10skku/currentP,valid,466.01961612170993,342.07161845939567,178.58570210371636,0.001698011900392032,0.05316203172112608,2.411978102444565,0.0006575772779573138,0.02058769087648174,0.9340700113656203,0.3564953414056457,mm,rotation_vector_rad,xyzw,TCP_from_joint_feedback_FK,robot_base,,"{""values"": [29.645044326782227, -23.875883102416992, 178.58570861816406, 0.001698011881671846, 0.05316203087568283, 2.411978006362915], ""schema"": ""x_mm,y_mm,z_mm,rotation_vector_rad[3]"", ""frame"": ""policy_stain_relative_xy_base_z"", ""transform"": ""stain_relative_v1"", ""note"": ""existing policy XY transform only; not a full rotated rigid TCP frame""}",,"[466.01961612170993, 342.07161845939567, 178.58570210371636, 0.001698011900392032, 0.05316203172112608, 2.411978102444565]","{""source_acquisition_stamp"": null, ""calibration"": ""deployed EE2TCP unverified"", ""layout"": ""std_msgs.msg.MultiArrayLayout(dim=[], data_offset=0)""}"
rel_single_90deg_best_20260920T160636_1789887996648993205_r3lvdifh,3584,,,1789888029574506571,9548331171111,receipt_only_no_header,,,/ur10skku/currentP,valid,466.03586503544483,342.03517968116734,178.5195241559622,0.0017325712285596268,0.053216485546837056,2.4119416648034275,0.0006709661131641794,0.02060894113617687,0.9340632565838551,0.35651178669110456,mm,rotation_vector_rad,xyzw,TCP_from_joint_feedback_FK,robot_base,,"{""values"": [29.661279678344727, -23.912321090698242, 178.51953125, 0.0017325712833553553, 0.05321648716926575, 2.4119417667388916], ""schema"": ""x_mm,y_mm,z_mm,rotation_vector_rad[3]"", ""frame"": ""policy_stain_relative_xy_base_z"", ""transform"": ""stain_relative_v1"", ""note"": ""existing policy XY transform only; not a full rotated rigid TCP frame""}",,"[466.03586503544483, 342.03517968116734, 178.5195241559622, 0.0017325712285596268, 0.053216485546837056, 2.4119416648034275]","{""source_acquisition_stamp"": null, ""calibration"": ""deployed EE2TCP unverified"", ""layout"": ""std_msgs.msg.MultiArrayLayout(dim=[], data_offset=0)""}"
rel_single_90deg_best_20260920T160636_1789887996648993205_r3lvdifh,3590,,,1789888029630555216,9548387220828,receipt_only_no_header,,,/ur10skku/currentP,valid,466.0254741930063,342.0377803479207,178.46602007971433,0.001779058081559144,0.05326764677737639,2.411928604798378,0.0006889707289045251,0.020628809035326434,0.9340606842117699,0.3565173428698234,mm,rotation_vector_rad,xyzw,TCP_from_joint_feedback_FK,robot_base,,"{""values"": [29.650903701782227, -23.909727096557617, 178.4660186767578, 0.001779058133251965, 0.053267646580934525, 2.411928653717041], ""schema"": ""x_mm,y_mm,z_mm,rotation_vector_rad[3]"", ""frame"": ""policy_stain_relative_xy_base_z"", ""transform"": ""stain_relative_v1"", ""note"": ""existing policy XY transform only; not a full rotated rigid TCP frame""}",,"[466.0254741930063, 342.0377803479207, 178.46602007971433, 0.001779058081559144, 0.05326764677737639, 2.411928604798378]","{""source_acquisition_stamp"": null, ""calibration"": ""deployed EE2TCP unverified"", ""layout"": ""std_msgs.msg.MultiArrayLayout(dim=[], data_offset=0)""}"
rel_single_90deg_best_20260920T160636_1789887996648993205_r3lvdifh,3592,,,1789888029686513246,9548443183246,receipt_only_no_header,,,/ur10skku/currentP,valid,466.05650125967975,342.01595220254524,178.44104220796055,0.0017148268962187138,0.05331854343838017,2.4119411302019444,0.0006640940811868617,0.020648456816842898,0.9340626930159652,0.35651098962850686,mm,rotation_vector_rad,xyzw,TCP_from_joint_feedback_FK,robot_base,,"{""values"": [29.681909561157227, -23.931547164916992, 178.4410400390625, 0.0017148269107565284, 0.05331854522228241, 2.4119410514831543], ""schema"": ""x_mm,y_mm,z_mm,rotation_vector_rad[3]"", ""frame"": ""policy_stain_relative_xy_base_z"", ""transform"": ""stain_relative_v1"", ""note"": ""existing policy XY transform only; not a full rotated rigid TCP frame""}",,"[466.05650125967975, 342.01595220254524, 178.44104220796055, 0.0017148268962187138, 0.05331854343838017, 2.4119411302019444]","{""source_acquisition_stamp"": null, ""calibration"": ""deployed EE2TCP unverified"", ""layout"": ""std_msgs.msg.MultiArrayLayout(dim=[], data_offset=0)""}"
rel_single_90deg_best_20260920T160636_1789887996648993205_r3lvdifh,3598,,,1789888029743992896,9548500658438,receipt_only_no_header,,,/ur10skku/currentP,valid,466.0536764430216,342.05055421486156,178.41372956218856,0.0018041993284649252,0.05329231973727247,2.4119280798276757,0.000698707101548527,0.020638363883057443,0.9340604728158015,0.35651732477922904,mm,rotation_vector_rad,xyzw,TCP_from_joint_feedback_FK,robot_base,,"{""values"": [29.679101943969727, -23.896940231323242, 178.41372680664062, 0.0018041993025690317, 0.05329231917858124, 2.411928176879883], ""schema"": ""x_mm,y_mm,z_mm,rotation_vector_rad[3]"", ""frame"": ""policy_stain_relative_xy_base_z"", ""transform"": ""stain_relative_v1"", ""note"": ""existing policy XY transform only; not a full rotated rigid TCP frame""}",,"[466.0536764430216, 342.05055421486156, 178.41372956218856, 0.0018041993284649252, 0.05329231973727247, 2.4119280798276757]","{""source_acquisition_stamp"": null, ""calibration"": ""deployed EE2TCP unverified"", ""layout"": ""std_msgs.msg.MultiArrayLayout(dim=[], data_offset=0)""}"
rel_single_90deg_best_20260920T160636_1789887996648993205_r3lvdifh,3604,,,1789888029799426149,9548556090849,receipt_only_no_header,,,/ur10skku/currentP,valid,466.04595958704635,341.9880808720916,178.29338336380602,0.0018379721045099651,0.05346020321050151,2.411902680052343,0.0007117896356673472,0.020703479923625197,0.93405516094994,0.35652744014640475,mm,rotation_vector_rad,xyzw,TCP_from_joint_feedback_FK,robot_base,,"{""values"": [29.6713809967041, -23.959440231323242, 178.2933807373047, 0.0018379720859229565, 0.05346020311117172, 2.411902666091919], ""schema"": ""x_mm,y_mm,z_mm,rotation_vector_rad[3]"", ""frame"": ""policy_stain_relative_xy_base_z"", ""transform"": ""stain_relative_v1"", ""note"": ""existing policy XY transform only; not a full rotated rigid TCP frame""}",,"[466.04595958704635, 341.9880808720916, 178.29338336380602, 0.0018379721045099651, 0.05346020321050151, 2.411902680052343]","{""source_acquisition_stamp"": null, ""calibration"": ""deployed EE2TCP unverified"", ""layout"": ""std_msgs.msg.MultiArrayLayout(dim=[], data_offset=0)""}"
rel_single_90deg_best_20260920T160636_1789887996648993205_r3lvdifh,3610,,,1789888029854422293,9548611087294,receipt_only_no_header,,,/ur10skku/currentP,valid,466.06498523129795,342.0245395369967,178.2618689355417,0.001833756200620237,0.05344569168377386,2.4119268148268325,0.0007101531650572813,0.020697749839956977,0.9340595335718368,0.3565163202121429,mm,rotation_vector_rad,xyzw,TCP_from_joint_feedback_FK,robot_base,,"{""values"": [29.690393447875977, -23.922971725463867, 178.26187133789062, 0.0018337562214583158, 0.05344569310545921, 2.411926746368408], ""schema"": ""x_mm,y_mm,z_mm,rotation_vector_rad[3]"", ""frame"": ""policy_stain_relative_xy_base_z"", ""transform"": ""stain_relative_v1"", ""note"": ""existing policy XY transform only; not a full rotated rigid TCP frame""}",,"[466.06498523129795, 342.0245395369967, 178.2618689355417, 0.001833756200620237, 0.05344569168377386, 2.4119268148268325]","{""source_acquisition_stamp"": null, ""calibration"": ""deployed EE2TCP unverified"", ""layout"": ""std_msgs.msg.MultiArrayLayout(dim=[], data_offset=0)""}"
rel_single_90deg_best_20260920T160636_1789887996648993205_r3lvdifh,3616,,,1789888029910475155,9548667140366,receipt_only_no_header,,,/ur10skku/currentP,valid,466.07216860735383,342.00382451008346,178.2020762360147,0.001834064031231319,0.053495256924674654,2.4119624017770813,0.0007102665498867303,0.020716774836745437,0.9340656511411908,0.35649918670310443,mm,rotation_vector_rad,xyzw,TCP_from_joint_feedback_FK,robot_base,,"{""values"": [29.697595596313477, -23.943693161010742, 178.2020721435547, 0.0018340640235692263, 0.05349525809288025, 2.4119625091552734], ""schema"": ""x_mm,y_mm,z_mm,rotation_vector_rad[3]"", ""frame"": ""policy_stain_relative_xy_base_z"", ""transform"": ""stain_relative_v1"", ""note"": ""existing policy XY transform only; not a full rotated rigid TCP frame""}",,"[466.07216860735383, 342.00382451008346, 178.2020762360147, 0.001834064031231319, 0.053495256924674654, 2.4119624017770813]","{""source_acquisition_stamp"": null, ""calibration"": ""deployed EE2TCP unverified"", ""layout"": ""std_msgs.msg.MultiArrayLayout(dim=[], data_offset=0)""}"
rel_single_90deg_best_20260920T160636_1789887996648993205_r3lvdifh,3622,,,1789888029966574817,9548723240479,receipt_only_no_header,,,/ur10skku/currentP,valid,466.0999189632113,342.007711543427,178.1750254881744,0.0018302894624620551,0.05347927184396783,2.4119146722668225,0.0007088124193103868,0.020710807135221956,0.9340572128519851,0.35652164474536924,mm,rotation_vector_rad,xyzw,TCP_from_joint_feedback_FK,robot_base,,"{""values"": [29.7253360748291, -23.939786911010742, 178.17501831054688, 0.0018302894895896316, 0.05347927287220955, 2.411914587020874], ""schema"": ""x_mm,y_mm,z_mm,rotation_vector_rad[3]"", ""frame"": ""policy_stain_relative_xy_base_z"", ""transform"": ""stain_relative_v1"", ""note"": ""existing policy XY transform only; not a full rotated rigid TCP frame""}",,"[466.0999189632113, 342.007711543427, 178.1750254881744, 0.0018302894624620551, 0.05347927184396783, 2.4119146722668225]","{""source_acquisition_stamp"": null, ""calibration"": ""deployed EE2TCP unverified"", ""layout"": ""std_msgs.msg.MultiArrayLayout(dim=[], data_offset=0)""}"
rel_single_90deg_best_20260920T160636_1789887996648993205_r3lvdifh,3624,,,1789888030022458835,9548779124207,receipt_only_no_header,,,/ur10skku/currentP,valid,466.1196894371527,342.0341071050375,178.1491843728246,0.001826869737155083,0.0534642792971249,2.4119508064913995,0.000707482404755242,0.020704835225164635,0.9340637277101181,0.3565049254122923,mm,rotation_vector_rad,xyzw,TCP_from_joint_feedback_FK,robot_base,,"{""values"": [29.7451114654541, -23.913389205932617, 178.14918518066406, 0.0018268697895109653, 0.05346427857875824, 2.4119508266448975], ""schema"": ""x_mm,y_mm,z_mm,rotation_vector_rad[3]"", ""frame"": ""policy_stain_relative_xy_base_z"", ""transform"": ""stain_relative_v1"", ""note"": ""existing policy XY transform only; not a full rotated rigid TCP frame""}",,"[466.1196894371527, 342.0341071050375, 178.1491843728246, 0.001826869737155083, 0.0534642792971249, 2.4119508064913995]","{""source_acquisition_stamp"": null, ""calibration"": ""deployed EE2TCP unverified"", ""layout"": ""std_msgs.msg.MultiArrayLayout(dim=[], data_offset=0)""}"
rel_single_90deg_best_20260920T160636_1789887996648993205_r3lvdifh,3630,,,1789888030078580389,9548835245219,receipt_only_no_header,,,/ur10skku/currentP,valid,466.1377319032667,341.992195983034,178.06928364799342,0.0018487617716026483,0.05352433168264502,2.411986397958354,0.0007159545046199546,0.020727920148274535,0.9340697937535547,0.356487673184734,mm,rotation_vector_rad,xyzw,TCP_from_joint_feedback_FK,robot_base,,"{""values"": [29.763147354125977, -23.955320358276367, 178.0692901611328, 0.0018487618071958423, 0.053524330258369446, 2.4119863510131836], ""schema"": ""x_mm,y_mm,z_mm,rotation_vector_rad[3]"", ""frame"": ""policy_stain_relative_xy_base_z"", ""transform"": ""stain_relative_v1"", ""note"": ""existing policy XY transform only; not a full rotated rigid TCP frame""}",,"[466.1377319032667, 341.992195983034, 178.06928364799342, 0.0018487617716026483, 0.05352433168264502, 2.411986397958354]","{""source_acquisition_stamp"": null, ""calibration"": ""deployed EE2TCP unverified"", ""layout"": ""std_msgs.msg.MultiArrayLayout(dim=[], data_offset=0)""}"
rel_single_90deg_best_20260920T160636_1789887996648993205_r3lvdifh,3636,,,1789888030134523681,9548891190395,receipt_only_no_header,,,/ur10skku/currentP,valid,466.1874292590064,342.0502596520677,178.07399671947184,0.0017773703506957937,0.05333406170494873,2.411952999212289,0.0006883131450450035,0.02065440989031146,0.9340647287936491,0.35650526503930396,mm,rotation_vector_rad,xyzw,TCP_from_joint_feedback_FK,robot_base,,"{""values"": [29.8128604888916, -23.897245407104492, 178.07398986816406, 0.0017773703439161181, 0.053334061056375504, 2.4119529724121094], ""schema"": ""x_mm,y_mm,z_mm,rotation_vector_rad[3]"", ""frame"": ""policy_stain_relative_xy_base_z"", ""transform"": ""stain_relative_v1"", ""note"": ""existing policy XY transform only; not a full rotated rigid TCP frame""}",,"[466.1874292590064, 342.0502596520677, 178.07399671947184, 0.0017773703506957937, 0.05333406170494873, 2.411952999212289]","{""source_acquisition_stamp"": null, ""calibration"": ""deployed EE2TCP unverified"", ""layout"": ""std_msgs.msg.MultiArrayLayout(dim=[], data_offset=0)""}"
rel_single_90deg_best_20260920T160636_1789887996648993205_r3lvdifh,3642,,,1789888030190464939,9548947128517,receipt_only_no_header,,,/ur10skku/currentP,valid,466.1988123876915,342.1012616649378,178.05152081349354,0.0018017284229273518,0.05324739496856742,2.4120132632106657,0.0006977370627456284,0.02062057771384929,0.9340758730118379,0.35647800548548764,mm,rotation_vector_rad,xyzw,TCP_from_joint_feedback_FK,robot_base,,"{""values"": [29.824243545532227, -23.846250534057617, 178.051513671875, 0.001801728387363255, 0.053247395902872086, 2.412013292312622], ""schema"": ""x_mm,y_mm,z_mm,rotation_vector_rad[3]"", ""frame"": ""policy_stain_relative_xy_base_z"", ""transform"": ""stain_relative_v1"", ""note"": ""existing policy XY transform only; not a full rotated rigid TCP frame""}",,"[466.1988123876915, 342.1012616649378, 178.05152081349354, 0.0018017284229273518, 0.05324739496856742, 2.4120132632106657]","{""source_acquisition_stamp"": null, ""calibration"": ""deployed EE2TCP unverified"", ""layout"": ""std_msgs.msg.MultiArrayLayout(dim=[], data_offset=0)""}"
rel_single_90deg_best_20260920T160636_1789887996648993205_r3lvdifh,3648,,,1789888030246497963,9549003168514,receipt_only_no_header,,,/ur10skku/currentP,valid,466.2191927055797,342.10657881333293,178.0164918254058,0.001733799051246731,0.05323508282838528,2.412038295119375,0.0006714270341795062,0.020615695776313208,0.9340804043322363,0.35646646478444793,mm,rotation_vector_rad,xyzw,TCP_from_joint_feedback_FK,robot_base,,"{""values"": [29.844629287719727, -23.840940475463867, 178.01649475097656, 0.0017337989993393421, 0.05323508381843567, 2.4120383262634277], ""schema"": ""x_mm,y_mm,z_mm,rotation_vector_rad[3]"", ""frame"": ""policy_stain_relative_xy_base_z"", ""transform"": ""stain_relative_v1"", ""note"": ""existing policy XY transform only; not a full rotated rigid TCP frame""}",,"[466.2191927055797, 342.10657881333293, 178.0164918254058, 0.001733799051246731, 0.05323508282838528, 2.412038295119375]","{""source_acquisition_stamp"": null, ""calibration"": ""deployed EE2TCP unverified"", ""layout"": ""std_msgs.msg.MultiArrayLayout(dim=[], data_offset=0)""}"
rel_single_90deg_best_20260920T160636_1789887996648993205_r3lvdifh,3654,,,1789888030311078411,9549067743452,receipt_only_no_header,,,/ur10skku/currentP,valid,466.26736105014703,342.082367545633,178.01585132771055,0.0017192299112720342,0.053174077119410565,2.4119431380040965,0.0006657993944937287,0.020592515356292286,0.934063716730167,0.35651153994042545,mm,rotation_vector_rad,xyzw,TCP_from_joint_feedback_FK,robot_base,,"{""values"": [29.892786026000977, -23.865140914916992, 178.01585388183594, 0.0017192298546433449, 0.05317407846450806, 2.411943197250366], ""schema"": ""x_mm,y_mm,z_mm,rotation_vector_rad[3]"", ""frame"": ""policy_stain_relative_xy_base_z"", ""transform"": ""stain_relative_v1"", ""note"": ""existing policy XY transform only; not a full rotated rigid TCP frame""}",,"[466.26736105014703, 342.082367545633, 178.01585132771055, 0.0017192299112720342, 0.053174077119410565, 2.4119431380040965]","{""source_acquisition_stamp"": null, ""calibration"": ""deployed EE2TCP unverified"", ""layout"": ""std_msgs.msg.MultiArrayLayout(dim=[], data_offset=0)""}"
rel_single_90deg_best_20260920T160636_1789887996648993205_r3lvdifh,3660,,,1789888030366650611,9549123315442,receipt_only_no_header,,,/ur10skku/currentP,valid,466.2795892777681,342.0765760329142,177.93261091130444,0.001733530218809941,0.0532196110138449,2.4119425954810105,0.0006713373473865367,0.020610146912526994,0.934063408026663,0.3565113195061634,mm,rotation_vector_rad,xyzw,TCP_from_joint_feedback_FK,robot_base,,"{""values"": [29.9050235748291, -23.870939254760742, 177.9326171875, 0.0017335301963612437, 0.05321961268782616, 2.411942481994629], ""schema"": ""x_mm,y_mm,z_mm,rotation_vector_rad[3]"", ""frame"": ""policy_stain_relative_xy_base_z"", ""transform"": ""stain_relative_v1"", ""note"": ""existing policy XY transform only; not a full rotated rigid TCP frame""}",,"[466.2795892777681, 342.0765760329142, 177.93261091130444, 0.001733530218809941, 0.0532196110138449, 2.4119425954810105]","{""source_acquisition_stamp"": null, ""calibration"": ""deployed EE2TCP unverified"", ""layout"": ""std_msgs.msg.MultiArrayLayout(dim=[], data_offset=0)""}"
rel_single_90deg_best_20260920T160636_1789887996648993205_r3lvdifh,3662,,,1789888030422442462,9549179106411,receipt_only_no_header,,,/ur10skku/currentP,valid,466.2708095209455,342.07846745650806,177.87965735467697,0.0017996817242297613,0.05328025285122742,2.4119411767846906,0.0006969555824664557,0.02063363158048408,0.9340628651770378,0.35651133417884445,mm,rotation_vector_rad,xyzw,TCP_from_joint_feedback_FK,robot_base,,"{""values"": [29.8962345123291, -23.869047164916992, 177.87965393066406, 0.0017996816895902157, 0.05328025296330452, 2.4119412899017334], ""schema"": ""x_mm,y_mm,z_mm,rotation_vector_rad[3]"", ""frame"": ""policy_stain_relative_xy_base_z"", ""transform"": ""stain_relative_v1"", ""note"": ""existing policy XY transform only; not a full rotated rigid TCP frame""}",,"[466.2708095209455, 342.07846745650806, 177.87965735467697, 0.0017996817242297613, 0.05328025285122742, 2.4119411767846906]","{""source_acquisition_stamp"": null, ""calibration"": ""deployed EE2TCP unverified"", ""layout"": ""std_msgs.msg.MultiArrayLayout(dim=[], data_offset=0)""}"
rel_single_90deg_best_20260920T160636_1789887996648993205_r3lvdifh,3668,,,1789888030478462571,9549235127111,receipt_only_no_header,,,/ur10skku/currentP,valid,466.27912886765205,342.0757349779155,177.84204697926714,0.0018186802272879977,0.053290666749135726,2.4118809074675545,0.0007043225124368497,0.020637941585891825,0.9340520642153615,0.35653936757659427,mm,rotation_vector_rad,xyzw,TCP_from_joint_feedback_FK,robot_base,,"{""values"": [29.9045352935791, -23.871763229370117, 177.842041015625, 0.0018186802044510841, 0.05329066514968872, 2.4118809700012207], ""schema"": ""x_mm,y_mm,z_mm,rotation_vector_rad[3]"", ""frame"": ""policy_stain_relative_xy_base_z"", ""transform"": ""stain_relative_v1"", ""note"": ""existing policy XY transform only; not a full rotated rigid TCP frame""}",,"[466.27912886765205, 342.0757349779155, 177.84204697926714, 0.0018186802272879977, 0.053290666749135726, 2.4118809074675545]","{""source_acquisition_stamp"": null, ""calibration"": ""deployed EE2TCP unverified"", ""layout"": ""std_msgs.msg.MultiArrayLayout(dim=[], data_offset=0)""}"
rel_single_90deg_best_20260920T160636_1789887996648993205_r3lvdifh,3674,,,1789888030544383694,9549301048975,receipt_only_no_header,,,/ur10skku/currentP,valid,466.29182144584115,342.1201999556285,177.81157470153124,0.0018358967330397715,0.05323760036068099,2.4119170318400025,0.0007109844096817934,0.020617229272281747,0.934058749723304,0.35652303771795923,mm,rotation_vector_rad,xyzw,TCP_from_joint_feedback_FK,robot_base,,"{""values"": [29.9172306060791, -23.827299118041992, 177.8115692138672, 0.0018358967499807477, 0.05323760211467743, 2.411916971206665], ""schema"": ""x_mm,y_mm,z_mm,rotation_vector_rad[3]"", ""frame"": ""policy_stain_relative_xy_base_z"", ""transform"": ""stain_relative_v1"", ""note"": ""existing policy XY transform only; not a full rotated rigid TCP frame""}",,"[466.29182144584115, 342.1201999556285, 177.81157470153124, 0.0018358967330397715, 0.05323760036068099, 2.4119170318400025]","{""source_acquisition_stamp"": null, ""calibration"": ""deployed EE2TCP unverified"", ""layout"": ""std_msgs.msg.MultiArrayLayout(dim=[], data_offset=0)""}"
rel_single_90deg_best_20260920T160636_1789887996648993205_r3lvdifh,3680,,,1789888030600627813,9549357292122,receipt_only_no_header,,,/ur10skku/currentP,valid,466.31688255730046,342.06820496344506,177.75626241902063,0.0017811155994691213,0.05331856911170179,2.411917224028575,0.0006897691198619773,0.020648576936522507,0.9340584189448488,0.35652213183378545,mm,rotation_vector_rad,xyzw,TCP_from_joint_feedback_FK,robot_base,,"{""values"": [29.94231605529785, -23.879301071166992, 177.75625610351562, 0.0017811156576499343, 0.0533185675740242, 2.411917209625244], ""schema"": ""x_mm,y_mm,z_mm,rotation_vector_rad[3]"", ""frame"": ""policy_stain_relative_xy_base_z"", ""transform"": ""stain_relative_v1"", ""note"": ""existing policy XY transform only; not a full rotated rigid TCP frame""}",,"[466.31688255730046, 342.06820496344506, 177.75626241902063, 0.0017811155994691213, 0.05331856911170179, 2.411917224028575]","{""source_acquisition_stamp"": null, ""calibration"": ""deployed EE2TCP unverified"", ""layout"": ""std_msgs.msg.MultiArrayLayout(dim=[], data_offset=0)""}"
rel_single_90deg_best_20260920T160636_1789887996648993205_r3lvdifh,3686,,,1789888030654720282,9549411397306,receipt_only_no_header,,,/ur10skku/currentP,valid,466.3312766033792,342.0627501556955,177.71800598234944,0.0017474791535997932,0.05337443743114911,2.411857331154104,0.0006767516816405833,0.020670484230808014,0.9340474828402568,0.35654953777645726,mm,rotation_vector_rad,xyzw,TCP_from_joint_feedback_FK,robot_base,,"{""values"": [29.956689834594727, -23.884763717651367, 177.71800231933594, 0.0017474791966378689, 0.053374435752630234, 2.4118573665618896], ""schema"": ""x_mm,y_mm,z_mm,rotation_vector_rad[3]"", ""frame"": ""policy_stain_relative_xy_base_z"", ""transform"": ""stain_relative_v1"", ""note"": ""existing policy XY transform only; not a full rotated rigid TCP frame""}",,"[466.3312766033792, 342.0627501556955, 177.71800598234944, 0.0017474791535997932, 0.05337443743114911, 2.411857331154104]","{""source_acquisition_stamp"": null, ""calibration"": ""deployed EE2TCP unverified"", ""layout"": ""std_msgs.msg.MultiArrayLayout(dim=[], data_offset=0)""}"
rel_single_90deg_best_20260920T160636_1789887996648993205_r3lvdifh,3692,,,1789888030710442439,9549467109163,receipt_only_no_header,,,/ur10skku/currentP,valid,466.31584546618564,342.0805100417618,177.6999165073904,0.0018345733194996227,0.05333523357089534,2.4119043461082894,0.0007104735668711399,0.02065508815169879,0.9340560366368683,0.356527955401791,mm,rotation_vector_rad,xyzw,TCP_from_joint_feedback_FK,robot_base,,"{""values"": [29.9412784576416, -23.867002487182617, 177.69992065429688, 0.001834573340602219, 0.05333523452281952, 2.4119043350219727], ""schema"": ""x_mm,y_mm,z_mm,rotation_vector_rad[3]"", ""frame"": ""policy_stain_relative_xy_base_z"", ""transform"": ""stain_relative_v1"", ""note"": ""existing policy XY transform only; not a full rotated rigid TCP frame""}",,"[466.31584546618564, 342.0805100417618, 177.6999165073904, 0.0018345733194996227, 0.05333523357089534, 2.4119043461082894]","{""source_acquisition_stamp"": null, ""calibration"": ""deployed EE2TCP unverified"", ""layout"": ""std_msgs.msg.MultiArrayLayout(dim=[], data_offset=0)""}"
rel_single_90deg_best_20260920T160636_1789887996648993205_r3lvdifh,3698,,,1789888030766795187,9549523459677,receipt_only_no_header,,,/ur10skku/currentP,valid,466.3489058053144,342.0749893282914,177.68360315963326,0.0018157069879380632,0.053373988697370374,2.4119163329120723,0.0007031652018601434,0.020670037503731677,0.934057998547366,0.35652196350012144,mm,rotation_vector_rad,xyzw,TCP_from_joint_feedback_FK,robot_base,,"{""values"": [29.974328994750977, -23.872526168823242, 177.68360900878906, 0.0018157069571316242, 0.05337398871779442, 2.4119162559509277], ""schema"": ""x_mm,y_mm,z_mm,rotation_vector_rad[3]"", ""frame"": ""policy_stain_relative_xy_base_z"", ""transform"": ""stain_relative_v1"", ""note"": ""existing policy XY transform only; not a full rotated rigid TCP frame""}",,"[466.3489058053144, 342.0749893282914, 177.68360315963326, 0.0018157069879380632, 0.053373988697370374, 2.4119163329120723]","{""source_acquisition_stamp"": null, ""calibration"": ""deployed EE2TCP unverified"", ""layout"": ""std_msgs.msg.MultiArrayLayout(dim=[], data_offset=0)""}"
rel_single_90deg_best_20260920T160636_1789887996648993205_r3lvdifh,3700,,,1789888030822531872,9549579195671,receipt_only_no_header,,,/ur10skku/currentP,valid,466.37064375347956,342.0681406526927,177.6211938828128,0.0017828822817248316,0.05341693766868841,2.412024297026598,0.0006904364284422896,0.020686166462215032,0.9340770605134642,0.3564711079977754,mm,rotation_vector_rad,xyzw,TCP_from_joint_feedback_FK,robot_base,,"{""values"": [29.996057510375977, -23.879362106323242, 177.62120056152344, 0.001782882260158658, 0.053416937589645386, 2.4120242595672607], ""schema"": ""x_mm,y_mm,z_mm,rotation_vector_rad[3]"", ""frame"": ""policy_stain_relative_xy_base_z"", ""transform"": ""stain_relative_v1"", ""note"": ""existing policy XY transform only; not a full rotated rigid TCP frame""}",,"[466.37064375347956, 342.0681406526927, 177.6211938828128, 0.0017828822817248316, 0.05341693766868841, 2.412024297026598]","{""source_acquisition_stamp"": null, ""calibration"": ""deployed EE2TCP unverified"", ""layout"": ""std_msgs.msg.MultiArrayLayout(dim=[], data_offset=0)""}"
rel_single_90deg_best_20260920T160636_1789887996648993205_r3lvdifh,3706,,,1789888030878556720,9549635223555,receipt_only_no_header,,,/ur10skku/currentP,valid,466.3645749050325,342.08762162352195,177.6234566764282,0.0018048152997841907,0.05337938964469973,2.4120722792907614,0.0006989228039285913,0.020671407587763372,0.9340857875716764,0.35644907893253974,mm,rotation_vector_rad,xyzw,TCP_from_joint_feedback_FK,robot_base,,"{""values"": [29.9899845123291, -23.859891891479492, 177.6234588623047, 0.001804815256036818, 0.05337939038872719, 2.41207218170166], ""schema"": ""x_mm,y_mm,z_mm,rotation_vector_rad[3]"", ""frame"": ""policy_stain_relative_xy_base_z"", ""transform"": ""stain_relative_v1"", ""note"": ""existing policy XY transform only; not a full rotated rigid TCP frame""}",,"[466.3645749050325, 342.08762162352195, 177.6234566764282, 0.0018048152997841907, 0.05337938964469973, 2.4120722792907614]","{""source_acquisition_stamp"": null, ""calibration"": ""deployed EE2TCP unverified"", ""layout"": ""std_msgs.msg.MultiArrayLayout(dim=[], data_offset=0)""}"
rel_single_90deg_best_20260920T160636_1789887996648993205_r3lvdifh,3712,,,1789888030934482118,9549691147048,receipt_only_no_header,,,/ur10skku/currentP,valid,466.37026093664605,342.0427395609982,177.57278986958215,0.0018088846386239599,0.053443512121070263,2.4120361141112197,0.0007005041170268315,0.02069640012956391,0.9340790409042556,0.3564653049863967,mm,rotation_vector_rad,xyzw,TCP_from_joint_feedback_FK,robot_base,,"{""values"": [29.995691299438477, -23.904783248901367, 177.57278442382812, 0.0018088846700266004, 0.05344351381063461, 2.412036180496216], ""schema"": ""x_mm,y_mm,z_mm,rotation_vector_rad[3]"", ""frame"": ""policy_stain_relative_xy_base_z"", ""transform"": ""stain_relative_v1"", ""note"": ""existing policy XY transform only; not a full rotated rigid TCP frame""}",,"[466.37026093664605, 342.0427395609982, 177.57278986958215, 0.0018088846386239599, 0.053443512121070263, 2.4120361141112197]","{""source_acquisition_stamp"": null, ""calibration"": ""deployed EE2TCP unverified"", ""layout"": ""std_msgs.msg.MultiArrayLayout(dim=[], data_offset=0)""}"
rel_single_90deg_best_20260920T160636_1789887996648993205_r3lvdifh,3718,,,1789888030990561441,9549747225069,receipt_only_no_header,,,/ur10skku/currentP,valid,466.38290090697416,342.0760704218856,177.56036827370747,0.0018294847036397844,0.05340409157787331,2.4120237695736795,0.0007084837384614968,0.0206811952977561,0.9340770185865526,0.35647147089256054,mm,rotation_vector_rad,xyzw,TCP_from_joint_feedback_FK,robot_base,,"{""values"": [30.008325576782227, -23.871427536010742, 177.56036376953125, 0.001829484710469842, 0.05340409278869629, 2.4120237827301025], ""schema"": ""x_mm,y_mm,z_mm,rotation_vector_rad[3]"", ""frame"": ""policy_stain_relative_xy_base_z"", ""transform"": ""stain_relative_v1"", ""note"": ""existing policy XY transform only; not a full rotated rigid TCP frame""}",,"[466.38290090697416, 342.0760704218856, 177.56036827370747, 0.0018294847036397844, 0.05340409157787331, 2.4120237695736795]","{""source_acquisition_stamp"": null, ""calibration"": ""deployed EE2TCP unverified"", ""layout"": ""std_msgs.msg.MultiArrayLayout(dim=[], data_offset=0)""}"
rel_single_90deg_best_20260920T160636_1789887996648993205_r3lvdifh,3724,,,1789888031046621667,9549803292549,receipt_only_no_header,,,/ur10skku/currentP,valid,466.3955743351647,342.06545660501286,177.5015949388528,0.0018179902959634374,0.053473083304404194,2.4120357544536897,0.0007040303033470659,0.020707850390230986,0.9340788384088011,0.35646516367018577,mm,rotation_vector_rad,xyzw,TCP_from_joint_feedback_FK,robot_base,,"{""values"": [30.0209903717041, -23.882047653198242, 177.50160217285156, 0.0018179903272539377, 0.053473085165023804, 2.4120357036590576], ""schema"": ""x_mm,y_mm,z_mm,rotation_vector_rad[3]"", ""frame"": ""policy_stain_relative_xy_base_z"", ""transform"": ""stain_relative_v1"", ""note"": ""existing policy XY transform only; not a full rotated rigid TCP frame""}",,"[466.3955743351647, 342.06545660501286, 177.5015949388528, 0.0018179902959634374, 0.053473083304404194, 2.4120357544536897]","{""source_acquisition_stamp"": null, ""calibration"": ""deployed EE2TCP unverified"", ""layout"": ""std_msgs.msg.MultiArrayLayout(dim=[], data_offset=0)""}"
rel_single_90deg_best_20260920T160636_1789887996648993205_r3lvdifh,3863,,,1789888031114465389,9549871129708,receipt_only_no_header,,,/ur10skku/currentP,valid,466.4008395584489,342.06142598218594,177.509301252642,0.001806426749671613,0.05342939667298438,2.4120482714530165,0.0006995504281299861,0.020690879009684554,0.9340812746887691,0.35645977393081674,mm,rotation_vector_rad,xyzw,TCP_from_joint_feedback_FK,robot_base,,"{""values"": [30.026269912719727, -23.886075973510742, 177.50930786132812, 0.0018064267933368683, 0.05342939496040344, 2.41204833984375], ""schema"": ""x_mm,y_mm,z_mm,rotation_vector_rad[3]"", ""frame"": ""policy_stain_relative_xy_base_z"", ""transform"": ""stain_relative_v1"", ""note"": ""existing policy XY transform only; not a full rotated rigid TCP frame""}",,"[466.4008395584489, 342.06142598218594, 177.509301252642, 0.001806426749671613, 0.05342939667298438, 2.4120482714530165]","{""source_acquisition_stamp"": null, ""calibration"": ""deployed EE2TCP unverified"", ""layout"": ""std_msgs.msg.MultiArrayLayout(dim=[], data_offset=0)""}"
rel_single_90deg_best_20260920T160636_1789887996648993205_r3lvdifh,3866,,,1789888031173967631,9549930640647,receipt_only_no_header,,,/ur10skku/currentP,valid,466.4251251433364,342.0552484907127,177.45327250639053,0.001788537699599962,0.05348085973102658,2.411975849147537,0.0006926338226682966,0.02071113867120226,0.934068123334684,0.35649307141002273,mm,rotation_vector_rad,xyzw,TCP_from_joint_feedback_FK,robot_base,,"{""values"": [30.050561904907227, -23.892271041870117, 177.45327758789062, 0.0017885377164930105, 0.053480859845876694, 2.411975860595703], ""schema"": ""x_mm,y_mm,z_mm,rotation_vector_rad[3]"", ""frame"": ""policy_stain_relative_xy_base_z"", ""transform"": ""stain_relative_v1"", ""note"": ""existing policy XY transform only; not a full rotated rigid TCP frame""}",,"[466.4251251433364, 342.0552484907127, 177.45327250639053, 0.001788537699599962, 0.05348085973102658, 2.411975849147537]","{""source_acquisition_stamp"": null, ""calibration"": ""deployed EE2TCP unverified"", ""layout"": ""std_msgs.msg.MultiArrayLayout(dim=[], data_offset=0)""}"
rel_single_90deg_best_20260920T160636_1789887996648993205_r3lvdifh,3868,,,1789888031230638649,9549987302408,receipt_only_no_header,,,/ur10skku/currentP,valid,466.3732877706338,342.11316665624054,177.32040399436613,0.0017838841013404405,0.0533827302133914,2.411880739512439,0.000690846689655022,0.02067358659957609,0.9340516143861779,0.35653850733200776,mm,rotation_vector_rad,xyzw,TCP_from_joint_feedback_FK,robot_base,,"{""values"": [29.99871253967285, -23.834348678588867, 177.32040405273438, 0.0017838841304183006, 0.05338273197412491, 2.4118807315826416], ""schema"": ""x_mm,y_mm,z_mm,rotation_vector_rad[3]"", ""frame"": ""policy_stain_relative_xy_base_z"", ""transform"": ""stain_relative_v1"", ""note"": ""existing policy XY transform only; not a full rotated rigid TCP frame""}",,"[466.3732877706338, 342.11316665624054, 177.32040399436613, 0.0017838841013404405, 0.0533827302133914, 2.411880739512439]","{""source_acquisition_stamp"": null, ""calibration"": ""deployed EE2TCP unverified"", ""layout"": ""std_msgs.msg.MultiArrayLayout(dim=[], data_offset=0)""}"
rel_single_90deg_best_20260920T160636_1789887996648993205_r3lvdifh,3870,,,1789888031286600046,9550043271178,receipt_only_no_header,,,/ur10skku/currentP,valid,466.0903376118963,342.33273083734764,177.09636158061107,0.001548468737180653,0.05316297663079675,2.411644459481489,0.0005997094925603614,0.020589593430412216,0.934010510063607,0.3566511966636529,mm,rotation_vector_rad,xyzw,TCP_from_joint_feedback_FK,robot_base,,"{""values"": [29.71575355529785, -23.614774703979492, 177.0963592529297, 0.0015484687173739076, 0.05316297709941864, 2.411644458770752], ""schema"": ""x_mm,y_mm,z_mm,rotation_vector_rad[3]"", ""frame"": ""policy_stain_relative_xy_base_z"", ""transform"": ""stain_relative_v1"", ""note"": ""existing policy XY transform only; not a full rotated rigid TCP frame""}",,"[466.0903376118963, 342.33273083734764, 177.09636158061107, 0.001548468737180653, 0.05316297663079675, 2.411644459481489]","{""source_acquisition_stamp"": null, ""calibration"": ""deployed EE2TCP unverified"", ""layout"": ""std_msgs.msg.MultiArrayLayout(dim=[], data_offset=0)""}"
rel_single_90deg_best_20260920T160636_1789887996648993205_r3lvdifh,3872,,,1789888031345264470,9550101929972,receipt_only_no_header,,,/ur10skku/currentP,valid,465.7548961920144,342.5921482684394,176.9420923705281,0.0012766031084866405,0.052838655675128084,2.4113857684926083,0.0004944475264390372,0.020465203652764316,0.9339658665995989,0.3567754069270395,mm,rotation_vector_rad,xyzw,TCP_from_joint_feedback_FK,robot_base,,"{""values"": [29.38030433654785, -23.355344772338867, 176.9420928955078, 0.001276603084988892, 0.052838657051324844, 2.4113857746124268], ""schema"": ""x_mm,y_mm,z_mm,rotation_vector_rad[3]"", ""frame"": ""policy_stain_relative_xy_base_z"", ""transform"": ""stain_relative_v1"", ""note"": ""existing policy XY transform only; not a full rotated rigid TCP frame""}",,"[465.7548961920144, 342.5921482684394, 176.9420923705281, 0.0012766031084866405, 0.052838655675128084, 2.4113857684926083]","{""source_acquisition_stamp"": null, ""calibration"": ""deployed EE2TCP unverified"", ""layout"": ""std_msgs.msg.MultiArrayLayout(dim=[], data_offset=0)""}"
rel_single_90deg_best_20260920T160636_1789887996648993205_r3lvdifh,3878,,,1789888031398454026,9550155118045,receipt_only_no_header,,,/ur10skku/currentP,valid,465.31156933791607,343.05316836271805,176.86243723363185,0.0006142251665626037,0.052199559650059416,2.411072687055002,0.00023791602420834127,0.02021915149922874,0.9339129345540776,0.3569282280532148,mm,rotation_vector_rad,xyzw,TCP_from_joint_feedback_FK,robot_base,,"{""values"": [28.9370059967041, -22.894346237182617, 176.86244201660156, 0.0006142251659184694, 0.05219956114888191, 2.4110727310180664], ""schema"": ""x_mm,y_mm,z_mm,rotation_vector_rad[3]"", ""frame"": ""policy_stain_relative_xy_base_z"", ""transform"": ""stain_relative_v1"", ""note"": ""existing policy XY transform only; not a full rotated rigid TCP frame""}",,"[465.31156933791607, 343.05316836271805, 176.86243723363185, 0.0006142251665626037, 0.052199559650059416, 2.411072687055002]","{""source_acquisition_stamp"": null, ""calibration"": ""deployed EE2TCP unverified"", ""layout"": ""std_msgs.msg.MultiArrayLayout(dim=[], data_offset=0)""}"
rel_single_90deg_best_20260920T160636_1789887996648993205_r3lvdifh,3884,,,1789888031454500426,9550211168513,receipt_only_no_header,,,/ur10skku/currentP,valid,464.8213831094954,343.36814638445566,176.7712729044673,0.00016601957774639456,0.05195029151298101,2.410706661699559,6.43119170300468e-05,0.02012427017838344,0.9338486997469193,0.3571016880312287,mm,rotation_vector_rad,xyzw,TCP_from_joint_feedback_FK,robot_base,,"{""values"": [28.446802139282227, -22.579374313354492, 176.77127075195312, 0.00016601958486717194, 0.05195029079914093, 2.4107067584991455], ""schema"": ""x_mm,y_mm,z_mm,rotation_vector_rad[3]"", ""frame"": ""policy_stain_relative_xy_base_z"", ""transform"": ""stain_relative_v1"", ""note"": ""existing policy XY transform only; not a full rotated rigid TCP frame""}",,"[464.8213831094954, 343.36814638445566, 176.7712729044673, 0.00016601957774639456, 0.05195029151298101, 2.410706661699559]","{""source_acquisition_stamp"": null, ""calibration"": ""deployed EE2TCP unverified"", ""layout"": ""std_msgs.msg.MultiArrayLayout(dim=[], data_offset=0)""}"
rel_single_90deg_best_20260920T160636_1789887996648993205_r3lvdifh,3890,,,1789888031510567665,9550267231143,receipt_only_no_header,,,/ur10skku/currentP,valid,464.4460903683593,343.7378857038032,176.68283721591723,-0.0005579381882166624,0.05139257361882648,2.4104175725861965,-0.00021614612442406912,0.01990956318547306,0.9337995275488463,0.3572422216426383,mm,rotation_vector_rad,xyzw,TCP_from_joint_feedback_FK,robot_base,,"{""values"": [28.071496963500977, -22.209623336791992, 176.68283081054688, -0.0005579381831921637, 0.0513925738632679, 2.4104175567626953], ""schema"": ""x_mm,y_mm,z_mm,rotation_vector_rad[3]"", ""frame"": ""policy_stain_relative_xy_base_z"", ""transform"": ""stain_relative_v1"", ""note"": ""existing policy XY transform only; not a full rotated rigid TCP frame""}",,"[464.4460903683593, 343.7378857038032, 176.68283721591723, -0.0005579381882166624, 0.05139257361882648, 2.4104175725861965]","{""source_acquisition_stamp"": null, ""calibration"": ""deployed EE2TCP unverified"", ""layout"": ""std_msgs.msg.MultiArrayLayout(dim=[], data_offset=0)""}"
rel_single_90deg_best_20260920T160636_1789887996648993205_r3lvdifh,3896,,,1789888031579558810,9550336224822,receipt_only_no_header,,,/ur10skku/currentP,valid,464.0999793961982,344.1220189571276,176.5928809259949,-0.0013201474033188011,0.050860724798806385,2.4101283741359993,-0.0005114614709428473,0.01970484587813482,0.9337501254009667,0.3573823733338869,mm,rotation_vector_rad,xyzw,TCP_from_joint_feedback_FK,robot_base,,"{""values"": [27.72539710998535, -21.825498580932617, 176.59288024902344, -0.0013201474212110043, 0.050860725343227386, 2.410128355026245], ""schema"": ""x_mm,y_mm,z_mm,rotation_vector_rad[3]"", ""frame"": ""policy_stain_relative_xy_base_z"", ""transform"": ""stain_relative_v1"", ""note"": ""existing policy XY transform only; not a full rotated rigid TCP frame""}",,"[464.0999793961982, 344.1220189571276, 176.5928809259949, -0.0013201474033188011, 0.050860724798806385, 2.4101283741359993]","{""source_acquisition_stamp"": null, ""calibration"": ""deployed EE2TCP unverified"", ""layout"": ""std_msgs.msg.MultiArrayLayout(dim=[], data_offset=0)""}"
rel_single_90deg_best_20260920T160636_1789887996648993205_r3lvdifh,3902,,,1789888031630718881,9550387386677,receipt_only_no_header,,,/ur10skku/currentP,valid,463.69941090148365,344.5635131412308,176.51829699965424,-0.0022686135747259782,0.05010116114872647,2.409747208490766,-0.0008790012336115274,0.019412289049896867,0.933685133754508,0.3575674221688837,mm,rotation_vector_rad,xyzw,TCP_from_joint_feedback_FK,robot_base,,"{""values"": [27.3248233795166, -21.384000778198242, 176.51829528808594, -0.002268613548949361, 0.05010116100311279, 2.4097471237182617], ""schema"": ""x_mm,y_mm,z_mm,rotation_vector_rad[3]"", ""frame"": ""policy_stain_relative_xy_base_z"", ""transform"": ""stain_relative_v1"", ""note"": ""existing policy XY transform only; not a full rotated rigid TCP frame""}",,"[463.69941090148365, 344.5635131412308, 176.51829699965424, -0.0022686135747259782, 0.05010116114872647, 2.409747208490766]","{""source_acquisition_stamp"": null, ""calibration"": ""deployed EE2TCP unverified"", ""layout"": ""std_msgs.msg.MultiArrayLayout(dim=[], data_offset=0)""}"
rel_single_90deg_best_20260920T160636_1789887996648993205_r3lvdifh,3904,,,1789888031686606245,9550443270976,receipt_only_no_header,,,/ur10skku/currentP,valid,463.24149748250056,344.8792296678609,176.36145409796165,-0.002858849361042962,0.049824862784469987,2.409573233596722,-0.001107739402157677,0.0193060062784566,0.9336550745247403,0.3576510210375401,mm,rotation_vector_rad,xyzw,TCP_from_joint_feedback_FK,robot_base,,"{""values"": [26.866907119750977, -21.068265914916992, 176.3614501953125, -0.002858849475160241, 0.04982486367225647, 2.4095733165740967], ""schema"": ""x_mm,y_mm,z_mm,rotation_vector_rad[3]"", ""frame"": ""policy_stain_relative_xy_base_z"", ""transform"": ""stain_relative_v1"", ""note"": ""existing policy XY transform only; not a full rotated rigid TCP frame""}",,"[463.24149748250056, 344.8792296678609, 176.36145409796165, -0.002858849361042962, 0.049824862784469987, 2.409573233596722]","{""source_acquisition_stamp"": null, ""calibration"": ""deployed EE2TCP unverified"", ""layout"": ""std_msgs.msg.MultiArrayLayout(dim=[], data_offset=0)""}"
rel_single_90deg_best_20260920T160636_1789887996648993205_r3lvdifh,3910,,,1789888031742518177,9550499184881,receipt_only_no_header,,,/ur10skku/currentP,valid,462.8284645872582,345.221779961706,176.24338331753154,-0.003496494366115018,0.04938095604370019,2.4092331699319454,-0.0013549178287061375,0.019135491362597137,0.9335959488697817,0.35781364063143445,mm,rotation_vector_rad,xyzw,TCP_from_joint_feedback_FK,robot_base,,"{""values"": [26.453882217407227, -20.725736618041992, 176.24337768554688, -0.0034964943770319223, 0.04938095435500145, 2.4092330932617188], ""schema"": ""x_mm,y_mm,z_mm,rotation_vector_rad[3]"", ""frame"": ""policy_stain_relative_xy_base_z"", ""transform"": ""stain_relative_v1"", ""note"": ""existing policy XY transform only; not a full rotated rigid TCP frame""}",,"[462.8284645872582, 345.221779961706, 176.24338331753154, -0.003496494366115018, 0.04938095604370019, 2.4092331699319454]","{""source_acquisition_stamp"": null, ""calibration"": ""deployed EE2TCP unverified"", ""layout"": ""std_msgs.msg.MultiArrayLayout(dim=[], data_offset=0)""}"
rel_single_90deg_best_20260920T160636_1789887996648993205_r3lvdifh,3916,,,1789888031798687442,9550555355158,receipt_only_no_header,,,/ur10skku/currentP,valid,462.36943332088146,345.5939227029037,176.0910931962481,-0.004027805951494821,0.04890832022462491,2.40896408212728,-0.0015609019296045092,0.018953517704595513,0.933549612226214,0.3579433604134504,mm,rotation_vector_rad,xyzw,TCP_from_joint_feedback_FK,robot_base,,"{""values"": [25.9948673248291, -20.353574752807617, 176.09109497070312, -0.004027805756777525, 0.04890831932425499, 2.408964157104492], ""schema"": ""x_mm,y_mm,z_mm,rotation_vector_rad[3]"", ""frame"": ""policy_stain_relative_xy_base_z"", ""transform"": ""stain_relative_v1"", ""note"": ""existing policy XY transform only; not a full rotated rigid TCP frame""}",,"[462.36943332088146, 345.5939227029037, 176.0910931962481, -0.004027805951494821, 0.04890832022462491, 2.40896408212728]","{""source_acquisition_stamp"": null, ""calibration"": ""deployed EE2TCP unverified"", ""layout"": ""std_msgs.msg.MultiArrayLayout(dim=[], data_offset=0)""}"
rel_single_90deg_best_20260920T160636_1789887996648993205_r3lvdifh,3922,,,1789888031854692582,9550611363224,receipt_only_no_header,,,/ur10skku/currentP,valid,461.9147865545974,345.94288893971975,175.97064846879482,-0.004542468945950423,0.04836625899728844,2.408670720578594,-0.0017604693439817528,0.018744721705520107,0.9334991639525307,0.35808497183740834,mm,rotation_vector_rad,xyzw,TCP_from_joint_feedback_FK,robot_base,,"{""values"": [25.54021644592285, -20.004606246948242, 175.97064208984375, -0.004542469047009945, 0.04836625978350639, 2.408670663833618], ""schema"": ""x_mm,y_mm,z_mm,rotation_vector_rad[3]"", ""frame"": ""policy_stain_relative_xy_base_z"", ""transform"": ""stain_relative_v1"", ""note"": ""existing policy XY transform only; not a full rotated rigid TCP frame""}",,"[461.9147865545974, 345.94288893971975, 175.97064846879482, -0.004542468945950423, 0.04836625899728844, 2.408670720578594]","{""source_acquisition_stamp"": null, ""calibration"": ""deployed EE2TCP unverified"", ""layout"": ""std_msgs.msg.MultiArrayLayout(dim=[], data_offset=0)""}"
rel_single_90deg_best_20260920T160636_1789887996648993205_r3lvdifh,3928,,,1789888031910592451,9550667261589,receipt_only_no_header,,,/ur10skku/currentP,valid,461.4766793902907,346.3459732868658,175.86244231481362,-0.00507920652485133,0.04792329044964846,2.4083527823278184,-0.0019686293425233473,0.01857439647469509,0.9334438226209086,0.35823699739834,mm,rotation_vector_rad,xyzw,TCP_from_joint_feedback_FK,robot_base,,"{""values"": [25.10210609436035, -19.601530075073242, 175.86244201660156, -0.005079206544905901, 0.047923289239406586, 2.408352851867676], ""schema"": ""x_mm,y_mm,z_mm,rotation_vector_rad[3]"", ""frame"": ""policy_stain_relative_xy_base_z"", ""transform"": ""stain_relative_v1"", ""note"": ""existing policy XY transform only; not a full rotated rigid TCP frame""}",,"[461.4766793902907, 346.3459732868658, 175.86244231481362, -0.00507920652485133, 0.04792329044964846, 2.4083527823278184]","{""source_acquisition_stamp"": null, ""calibration"": ""deployed EE2TCP unverified"", ""layout"": ""std_msgs.msg.MultiArrayLayout(dim=[], data_offset=0)""}"
rel_single_90deg_best_20260920T160636_1789887996648993205_r3lvdifh,3934,,,1789888031979427175,9550736092947,receipt_only_no_header,,,/ur10skku/currentP,valid,461.0698655755009,346.7492945922478,175.792552430132,-0.005720934488581709,0.047380544218394265,2.408096078019963,-0.002217485786776033,0.018365126114221548,0.9333997508375961,0.358361144707274,mm,rotation_vector_rad,xyzw,TCP_from_joint_feedback_FK,robot_base,,"{""values"": [24.695276260375977, -19.198209762573242, 175.7925567626953, -0.005720934364944696, 0.04738054424524307, 2.4080960750579834], ""schema"": ""x_mm,y_mm,z_mm,rotation_vector_rad[3]"", ""frame"": ""policy_stain_relative_xy_base_z"", ""transform"": ""stain_relative_v1"", ""note"": ""existing policy XY transform only; not a full rotated rigid TCP frame""}",,"[461.0698655755009, 346.7492945922478, 175.792552430132, -0.005720934488581709, 0.047380544218394265, 2.408096078019963]","{""source_acquisition_stamp"": null, ""calibration"": ""deployed EE2TCP unverified"", ""layout"": ""std_msgs.msg.MultiArrayLayout(dim=[], data_offset=0)""}"
rel_single_90deg_best_20260920T160636_1789887996648993205_r3lvdifh,3940,,,1789888032030441606,9550787105054,receipt_only_no_header,,,/ur10skku/currentP,valid,460.7047398887133,347.1150400495958,175.70277607651286,-0.00678613641633432,0.04683207663496179,2.4076867700590623,-0.0026306126363308266,0.018154225766079092,0.9333280165719398,0.35855587771765896,mm,rotation_vector_rad,xyzw,TCP_from_joint_feedback_FK,robot_base,,"{""values"": [24.330163955688477, -18.832456588745117, 175.70277404785156, -0.006786136422306299, 0.04683207720518112, 2.407686710357666], ""schema"": ""x_mm,y_mm,z_mm,rotation_vector_rad[3]"", ""frame"": ""policy_stain_relative_xy_base_z"", ""transform"": ""stain_relative_v1"", ""note"": ""existing policy XY transform only; not a full rotated rigid TCP frame""}",,"[460.7047398887133, 347.1150400495958, 175.70277607651286, -0.00678613641633432, 0.04683207663496179, 2.4076867700590623]","{""source_acquisition_stamp"": null, ""calibration"": ""deployed EE2TCP unverified"", ""layout"": ""std_msgs.msg.MultiArrayLayout(dim=[], data_offset=0)""}"
rel_single_90deg_best_20260920T160636_1789887996648993205_r3lvdifh,3942,,,1789888032086605251,9550843269520,receipt_only_no_header,,,/ur10skku/currentP,valid,460.29378553017034,347.4732032159366,175.6030647689837,-0.007403318070029351,0.046232995334350345,2.407417706313317,-0.002870038656936258,0.01792310995966881,0.9332817819192585,0.35868599156517783,mm,rotation_vector_rad,xyzw,TCP_from_joint_feedback_FK,robot_base,,"{""values"": [23.919214248657227, -18.474302291870117, 175.60305786132812, -0.007403317838907242, 0.04623299464583397, 2.4074177742004395], ""schema"": ""x_mm,y_mm,z_mm,rotation_vector_rad[3]"", ""frame"": ""policy_stain_relative_xy_base_z"", ""transform"": ""stain_relative_v1"", ""note"": ""existing policy XY transform only; not a full rotated rigid TCP frame""}",,"[460.29378553017034, 347.4732032159366, 175.6030647689837, -0.007403318070029351, 0.046232995334350345, 2.407417706313317]","{""source_acquisition_stamp"": null, ""calibration"": ""deployed EE2TCP unverified"", ""layout"": ""std_msgs.msg.MultiArrayLayout(dim=[], data_offset=0)""}"
rel_single_90deg_best_20260920T160636_1789887996648993205_r3lvdifh,3951,,,1789888032142776310,9550899440699,receipt_only_no_header,,,/ur10skku/currentP,valid,459.7984905755237,347.7562635060665,175.43527270913313,-0.007900726087969618,0.046031812374103746,2.4070849999441712,-0.0030630973685331353,0.017846451298524045,0.9332225477847659,0.35884230229541053,mm,rotation_vector_rad,xyzw,TCP_from_joint_feedback_FK,robot_base,,"{""values"": [23.423913955688477, -18.191251754760742, 175.43527221679688, -0.007900726050138474, 0.04603181406855583, 2.4070849418640137], ""schema"": ""x_mm,y_mm,z_mm,rotation_vector_rad[3]"", ""frame"": ""policy_stain_relative_xy_base_z"", ""transform"": ""stain_relative_v1"", ""note"": ""existing policy XY transform only; not a full rotated rigid TCP frame""}",,"[459.7984905755237, 347.7562635060665, 175.43527270913313, -0.007900726087969618, 0.046031812374103746, 2.4070849999441712]","{""source_acquisition_stamp"": null, ""calibration"": ""deployed EE2TCP unverified"", ""layout"": ""std_msgs.msg.MultiArrayLayout(dim=[], data_offset=0)""}"
rel_single_90deg_best_20260920T160636_1789887996648993205_r3lvdifh,3957,,,1789888032198931518,9550955596168,receipt_only_no_header,,,/ur10skku/currentP,valid,459.375529276163,348.1395368052492,175.3612118083057,-0.00848500352818982,0.045486378073696994,2.406862439472836,-0.003289790169599836,0.01763589595931188,0.9331843371249662,0.3589500597562142,mm,rotation_vector_rad,xyzw,TCP_from_joint_feedback_FK,robot_base,,"{""values"": [23.000940322875977, -17.807981491088867, 175.3612060546875, -0.008485003374516964, 0.04548637941479683, 2.406862497329712], ""schema"": ""x_mm,y_mm,z_mm,rotation_vector_rad[3]"", ""frame"": ""policy_stain_relative_xy_base_z"", ""transform"": ""stain_relative_v1"", ""note"": ""existing policy XY transform only; not a full rotated rigid TCP frame""}",,"[459.375529276163, 348.1395368052492, 175.3612118083057, -0.00848500352818982, 0.045486378073696994, 2.406862439472836]","{""source_acquisition_stamp"": null, ""calibration"": ""deployed EE2TCP unverified"", ""layout"": ""std_msgs.msg.MultiArrayLayout(dim=[], data_offset=0)""}"
rel_single_90deg_best_20260920T160636_1789887996648993205_r3lvdifh,3963,,,1789888032254842026,9551011512798,receipt_only_no_header,,,/ur10skku/currentP,valid,459.03427626776954,348.36498224590184,175.46906101801807,-0.009372398105872804,0.04524013235193809,2.406497119447574,-0.0036341463933811844,0.017541856626839547,0.9331190084470041,0.35912113878321744,mm,rotation_vector_rad,xyzw,TCP_from_joint_feedback_FK,robot_base,,"{""values"": [22.659692764282227, -17.582517623901367, 175.46905517578125, -0.009372398257255554, 0.0452401340007782, 2.406497001647949], ""schema"": ""x_mm,y_mm,z_mm,rotation_vector_rad[3]"", ""frame"": ""policy_stain_relative_xy_base_z"", ""transform"": ""stain_relative_v1"", ""note"": ""existing policy XY transform only; not a full rotated rigid TCP frame""}",,"[459.03427626776954, 348.36498224590184, 175.46906101801807, -0.009372398105872804, 0.04524013235193809, 2.406497119447574]","{""source_acquisition_stamp"": null, ""calibration"": ""deployed EE2TCP unverified"", ""layout"": ""std_msgs.msg.MultiArrayLayout(dim=[], data_offset=0)""}"
rel_single_90deg_best_20260920T160636_1789887996648993205_r3lvdifh,3969,,,1789888032311046910,9551067712642,receipt_only_no_header,,,/ur10skku/currentP,valid,458.92420851810596,348.5539950982486,175.83347897389763,-0.010585482937200961,0.04475571377703241,2.40588311917877,-0.0041050856206423115,0.017356415211062636,0.933009505194892,0.35940946890566344,mm,rotation_vector_rad,xyzw,TCP_from_joint_feedback_FK,robot_base,,"{""values"": [22.54961585998535, -17.393522262573242, 175.83348083496094, -0.0105854831635952, 0.044755712151527405, 2.4058830738067627], ""schema"": ""x_mm,y_mm,z_mm,rotation_vector_rad[3]"", ""frame"": ""policy_stain_relative_xy_base_z"", ""transform"": ""stain_relative_v1"", ""note"": ""existing policy XY transform only; not a full rotated rigid TCP frame""}",,"[458.92420851810596, 348.5539950982486, 175.83347897389763, -0.010585482937200961, 0.04475571377703241, 2.40588311917877]","{""source_acquisition_stamp"": null, ""calibration"": ""deployed EE2TCP unverified"", ""layout"": ""std_msgs.msg.MultiArrayLayout(dim=[], data_offset=0)""}"
rel_single_90deg_best_20260920T160636_1789887996648993205_r3lvdifh,3979,,,1789888032368221936,9551124886355,receipt_only_no_header,,,/ur10skku/currentP,valid,458.67647801119017,348.7029339789158,176.1887280335422,-0.01131209591327792,0.04452936630993482,2.405288347946766,-0.004387451122147942,0.017270930133799368,0.932902721316339,0.35968733339601117,mm,rotation_vector_rad,xyzw,TCP_from_joint_feedback_FK,robot_base,,"{""values"": [22.301904678344727, -17.244565963745117, 176.188720703125, -0.011312095448374748, 0.04452936723828316, 2.4052884578704834], ""schema"": ""x_mm,y_mm,z_mm,rotation_vector_rad[3]"", ""frame"": ""policy_stain_relative_xy_base_z"", ""transform"": ""stain_relative_v1"", ""note"": ""existing policy XY transform only; not a full rotated rigid TCP frame""}",,"[458.67647801119017, 348.7029339789158, 176.1887280335422, -0.01131209591327792, 0.04452936630993482, 2.405288347946766]","{""source_acquisition_stamp"": null, ""calibration"": ""deployed EE2TCP unverified"", ""layout"": ""std_msgs.msg.MultiArrayLayout(dim=[], data_offset=0)""}"
rel_single_90deg_best_20260920T160636_1789887996648993205_r3lvdifh,3981,,,1789888032423043094,9551179711060,receipt_only_no_header,,,/ur10skku/currentP,valid,458.54610735074397,348.8120879037359,176.63351792304655,-0.012308397975352608,0.04421689472295393,2.404910737935781,-0.004774274399480054,0.017151183194030254,0.9328349466887107,0.3598638707279091,mm,rotation_vector_rad,xyzw,TCP_from_joint_feedback_FK,robot_base,,"{""values"": [22.171533584594727, -17.135435104370117, 176.63351440429688, -0.012308398261666298, 0.04421689361333847, 2.4049108028411865], ""schema"": ""x_mm,y_mm,z_mm,rotation_vector_rad[3]"", ""frame"": ""policy_stain_relative_xy_base_z"", ""transform"": ""stain_relative_v1"", ""note"": ""existing policy XY transform only; not a full rotated rigid TCP frame""}",,"[458.54610735074397, 348.8120879037359, 176.63351792304655, -0.012308397975352608, 0.04421689472295393, 2.404910737935781]","{""source_acquisition_stamp"": null, ""calibration"": ""deployed EE2TCP unverified"", ""layout"": ""std_msgs.msg.MultiArrayLayout(dim=[], data_offset=0)""}"
rel_single_90deg_best_20260920T160636_1789887996648993205_r3lvdifh,3987,,,1789888032479295839,9551235961421,receipt_only_no_header,,,/ur10skku/currentP,valid,458.5232234031944,348.9667070908708,177.1393432295527,-0.013360997544920209,0.04384393339804589,2.4047247556466362,-0.005182780860684774,0.017007225553972452,0.9328017161052989,0.35995117931813464,mm,rotation_vector_rad,xyzw,TCP_from_joint_feedback_FK,robot_base,,"{""values"": [22.148645401000977, -16.980802536010742, 177.13934326171875, -0.013360997661948204, 0.04384393244981766, 2.4047248363494873], ""schema"": ""x_mm,y_mm,z_mm,rotation_vector_rad[3]"", ""frame"": ""policy_stain_relative_xy_base_z"", ""transform"": ""stain_relative_v1"", ""note"": ""existing policy XY transform only; not a full rotated rigid TCP frame""}",,"[458.5232234031944, 348.9667070908708, 177.1393432295527, -0.013360997544920209, 0.04384393339804589, 2.4047247556466362]","{""source_acquisition_stamp"": null, ""calibration"": ""deployed EE2TCP unverified"", ""layout"": ""std_msgs.msg.MultiArrayLayout(dim=[], data_offset=0)""}"
rel_single_90deg_best_20260920T160636_1789887996648993205_r3lvdifh,3993,,,1789888032534924236,9551291590139,receipt_only_no_header,,,/ur10skku/currentP,valid,458.4452688130331,349.25222717465755,177.85615886810035,-0.014719061284383064,0.0433907661528693,2.404468311471151,-0.005709905475555919,0.016832403130742135,0.9327555957686381,0.36007091766289256,mm,rotation_vector_rad,xyzw,TCP_from_joint_feedback_FK,robot_base,,"{""values"": [22.070703506469727, -16.695280075073242, 177.8561553955078, -0.014719061553478241, 0.04339076578617096, 2.404468297958374], ""schema"": ""x_mm,y_mm,z_mm,rotation_vector_rad[3]"", ""frame"": ""policy_stain_relative_xy_base_z"", ""transform"": ""stain_relative_v1"", ""note"": ""existing policy XY transform only; not a full rotated rigid TCP frame""}",,"[458.4452688130331, 349.25222717465755, 177.85615886810035, -0.014719061284383064, 0.0433907661528693, 2.404468311471151]","{""source_acquisition_stamp"": null, ""calibration"": ""deployed EE2TCP unverified"", ""layout"": ""std_msgs.msg.MultiArrayLayout(dim=[], data_offset=0)""}"
rel_single_90deg_best_20260920T160636_1789887996648993205_r3lvdifh,3999,,,1789888032590490183,9551347156376,receipt_only_no_header,,,/ur10skku/currentP,valid,458.28167733057217,349.49416692488535,178.33754479494075,-0.015697541818617197,0.04308374282521334,2.4043166018269124,-0.006089688358992664,0.016713863238979883,0.9327281297071217,0.36014135908608663,mm,rotation_vector_rad,xyzw,TCP_from_joint_feedback_FK,robot_base,,"{""values"": [21.9070987701416, -16.453336715698242, 178.33753967285156, -0.01569754257798195, 0.04308374226093292, 2.4043166637420654], ""schema"": ""x_mm,y_mm,z_mm,rotation_vector_rad[3]"", ""frame"": ""policy_stain_relative_xy_base_z"", ""transform"": ""stain_relative_v1"", ""note"": ""existing policy XY transform only; not a full rotated rigid TCP frame""}",,"[458.28167733057217, 349.49416692488535, 178.33754479494075, -0.015697541818617197, 0.04308374282521334, 2.4043166018269124]","{""source_acquisition_stamp"": null, ""calibration"": ""deployed EE2TCP unverified"", ""layout"": ""std_msgs.msg.MultiArrayLayout(dim=[], data_offset=0)""}"
rel_single_90deg_best_20260920T160636_1789887996648993205_r3lvdifh,4005,,,1789888032646520352,9551403186014,receipt_only_no_header,,,/ur10skku/currentP,valid,458.2529896130671,349.7810883978254,178.85275561695005,-0.0169135577735646,0.04265639350983043,2.4039727302148064,-0.006561930061431188,0.016549343114662902,0.9326660384790681,0.36030143072725007,mm,rotation_vector_rad,xyzw,TCP_from_joint_feedback_FK,robot_base,,"{""values"": [21.8784122467041, -16.166410446166992, 178.85275268554688, -0.016913557425141335, 0.042656391859054565, 2.403972625732422], ""schema"": ""x_mm,y_mm,z_mm,rotation_vector_rad[3]"", ""frame"": ""policy_stain_relative_xy_base_z"", ""transform"": ""stain_relative_v1"", ""note"": ""existing policy XY transform only; not a full rotated rigid TCP frame""}",,"[458.2529896130671, 349.7810883978254, 178.85275561695005, -0.0169135577735646, 0.04265639350983043, 2.4039727302148064]","{""source_acquisition_stamp"": null, ""calibration"": ""deployed EE2TCP unverified"", ""layout"": ""std_msgs.msg.MultiArrayLayout(dim=[], data_offset=0)""}"
rel_single_90deg_best_20260920T160636_1789887996648993205_r3lvdifh,4011,,,1789888032702548256,9551459214379,receipt_only_no_header,,,/ur10skku/currentP,valid,458.1969344598631,349.9838990247226,179.3085350489331,-0.01804287564639624,0.042558871353490915,2.403724439569365,-0.007000446996917736,0.016512396859436344,0.9326199362107819,0.3604141909997398,mm,rotation_vector_rad,xyzw,TCP_from_joint_feedback_FK,robot_base,,"{""values"": [21.822351455688477, -15.96362018585205, 179.30853271484375, -0.018042875453829765, 0.04255887120962143, 2.403724431991577], ""schema"": ""x_mm,y_mm,z_mm,rotation_vector_rad[3]"", ""frame"": ""policy_stain_relative_xy_base_z"", ""transform"": ""stain_relative_v1"", ""note"": ""existing policy XY transform only; not a full rotated rigid TCP frame""}",,"[458.1969344598631, 349.9838990247226, 179.3085350489331, -0.01804287564639624, 0.042558871353490915, 2.403724439569365]","{""source_acquisition_stamp"": null, ""calibration"": ""deployed EE2TCP unverified"", ""layout"": ""std_msgs.msg.MultiArrayLayout(dim=[], data_offset=0)""}"
rel_single_90deg_best_20260920T160636_1789887996648993205_r3lvdifh,4017,,,1789888032758489614,9551515154354,receipt_only_no_header,,,/ur10skku/currentP,valid,458.082007891771,350.1553927818952,179.74675734571736,-0.01908022094852024,0.04243790093885113,2.4035468580481263,-0.007403209215931892,0.01646609125664623,0.932586697944189,0.36049425952376424,mm,rotation_vector_rad,xyzw,TCP_from_joint_feedback_FK,robot_base,,"{""values"": [21.707422256469727, -15.79211139678955, 179.7467498779297, -0.01908022165298462, 0.042437899857759476, 2.4035468101501465], ""schema"": ""x_mm,y_mm,z_mm,rotation_vector_rad[3]"", ""frame"": ""policy_stain_relative_xy_base_z"", ""transform"": ""stain_relative_v1"", ""note"": ""existing policy XY transform only; not a full rotated rigid TCP frame""}",,"[458.082007891771, 350.1553927818952, 179.74675734571736, -0.01908022094852024, 0.04243790093885113, 2.4035468580481263]","{""source_acquisition_stamp"": null, ""calibration"": ""deployed EE2TCP unverified"", ""layout"": ""std_msgs.msg.MultiArrayLayout(dim=[], data_offset=0)""}"
rel_single_90deg_best_20260920T160636_1789887996648993205_r3lvdifh,4019,,,1789888032813155313,9551569820815,receipt_only_no_header,,,/ur10skku/currentP,valid,457.9376703756983,350.3071989665274,180.09112646973057,-0.019925507058717533,0.04230318470405755,2.4034638093608556,-0.00773131918611093,0.016414107935736773,0.932570790177464,0.36053089336712457,mm,rotation_vector_rad,xyzw,TCP_from_joint_feedback_FK,robot_base,,"{""values"": [21.5631046295166, -15.6403169631958, 180.09112548828125, -0.01992550678551197, 0.042303185909986496, 2.403463840484619], ""schema"": ""x_mm,y_mm,z_mm,rotation_vector_rad[3]"", ""frame"": ""policy_stain_relative_xy_base_z"", ""transform"": ""stain_relative_v1"", ""note"": ""existing policy XY transform only; not a full rotated rigid TCP frame""}",,"[457.9376703756983, 350.3071989665274, 180.09112646973057, -0.019925507058717533, 0.04230318470405755, 2.4034638093608556]","{""source_acquisition_stamp"": null, ""calibration"": ""deployed EE2TCP unverified"", ""layout"": ""std_msgs.msg.MultiArrayLayout(dim=[], data_offset=0)""}"
rel_single_90deg_best_20260920T160636_1789887996648993205_r3lvdifh,4025,,,1789888032870603503,9551627269165,receipt_only_no_header,,,/ur10skku/currentP,valid,457.8111682224138,350.4733424718821,180.65260343998403,-0.021287527892072444,0.042175808930418786,2.403345874173264,-0.008259998029399208,0.016365080079745273,0.9325475595514638,0.36058148283175434,mm,rotation_vector_rad,xyzw,TCP_from_joint_feedback_FK,robot_base,,"{""values"": [21.43657875061035, -15.4741792678833, 180.65260314941406, -0.021287528797984123, 0.042175810784101486, 2.403345823287964], ""schema"": ""x_mm,y_mm,z_mm,rotation_vector_rad[3]"", ""frame"": ""policy_stain_relative_xy_base_z"", ""transform"": ""stain_relative_v1"", ""note"": ""existing policy XY transform only; not a full rotated rigid TCP frame""}",,"[457.8111682224138, 350.4733424718821, 180.65260343998403, -0.021287527892072444, 0.042175808930418786, 2.403345874173264]","{""source_acquisition_stamp"": null, ""calibration"": ""deployed EE2TCP unverified"", ""layout"": ""std_msgs.msg.MultiArrayLayout(dim=[], data_offset=0)""}"
rel_single_90deg_best_20260920T160636_1789887996648993205_r3lvdifh,4031,,,1789888032926647498,9551683311006,receipt_only_no_header,,,/ur10skku/currentP,valid,457.6293311365279,350.6429954151084,181.05184547253543,-0.022438449754532522,0.04218522372746636,2.4032855001449973,-0.008706675776993024,0.01636891450135811,0.9325344610798828,0.36060467458619283,mm,rotation_vector_rad,xyzw,TCP_from_joint_feedback_FK,robot_base,,"{""values"": [21.2547550201416, -15.3045015335083, 181.05184936523438, -0.022438449785113335, 0.0421852245926857, 2.403285503387451], ""schema"": ""x_mm,y_mm,z_mm,rotation_vector_rad[3]"", ""frame"": ""policy_stain_relative_xy_base_z"", ""transform"": ""stain_relative_v1"", ""note"": ""existing policy XY transform only; not a full rotated rigid TCP frame""}",,"[457.6293311365279, 350.6429954151084, 181.05184547253543, -0.022438449754532522, 0.04218522372746636, 2.4032855001449973]","{""source_acquisition_stamp"": null, ""calibration"": ""deployed EE2TCP unverified"", ""layout"": ""std_msgs.msg.MultiArrayLayout(dim=[], data_offset=0)""}"
rel_single_90deg_best_20260920T160636_1789887996648993205_r3lvdifh,4037,,,1789888032982478955,9551739143034,receipt_only_no_header,,,/ur10skku/currentP,valid,457.49939493041865,350.82128520224984,181.48909907419193,-0.023570682168070702,0.04206214921572496,2.4031902429145275,-0.009146186381034446,0.016321473157660048,0.9325154746922971,0.3606450419013783,mm,rotation_vector_rad,xyzw,TCP_from_joint_feedback_FK,robot_base,,"{""values"": [21.12481117248535, -15.12621784210205, 181.48910522460938, -0.023570682853460312, 0.042062148451805115, 2.4031901359558105], ""schema"": ""x_mm,y_mm,z_mm,rotation_vector_rad[3]"", ""frame"": ""policy_stain_relative_xy_base_z"", ""transform"": ""stain_relative_v1"", ""note"": ""existing policy XY transform only; not a full rotated rigid TCP frame""}",,"[457.49939493041865, 350.82128520224984, 181.48909907419193, -0.023570682168070702, 0.04206214921572496, 2.4031902429145275]","{""source_acquisition_stamp"": null, ""calibration"": ""deployed EE2TCP unverified"", ""layout"": ""std_msgs.msg.MultiArrayLayout(dim=[], data_offset=0)""}"
rel_single_90deg_best_20260920T160636_1789887996648993205_r3lvdifh,4043,,,1789888033038467182,9551795132083,receipt_only_no_header,,,/ur10skku/currentP,valid,457.4115488942906,351.06853095144123,181.99621183728948,-0.024871991797716774,0.04170767558595391,2.403129614053333,-0.009651251942711736,0.01618411940220568,0.9325030960467529,0.36067007566241754,mm,rotation_vector_rad,xyzw,TCP_from_joint_feedback_FK,robot_base,,"{""values"": [21.0369815826416, -14.8789644241333, 181.9962158203125, -0.02487199194729328, 0.04170767590403557, 2.4031295776367188], ""schema"": ""x_mm,y_mm,z_mm,rotation_vector_rad[3]"", ""frame"": ""policy_stain_relative_xy_base_z"", ""transform"": ""stain_relative_v1"", ""note"": ""existing policy XY transform only; not a full rotated rigid TCP frame""}",,"[457.4115488942906, 351.06853095144123, 181.99621183728948, -0.024871991797716774, 0.04170767558595391, 2.403129614053333]","{""source_acquisition_stamp"": null, ""calibration"": ""deployed EE2TCP unverified"", ""layout"": ""std_msgs.msg.MultiArrayLayout(dim=[], data_offset=0)""}"
rel_single_90deg_best_20260920T160636_1789887996648993205_r3lvdifh,4049,,,1789888033094519924,9551851188201,receipt_only_no_header,,,/ur10skku/currentP,valid,457.22688845361483,351.2570303344698,182.43705693850166,-0.02603796296130369,0.04165944635766366,2.402852214486824,-0.010104289935161596,0.01616636159908991,0.9324506484091083,0.36079404146824157,mm,rotation_vector_rad,xyzw,TCP_from_joint_feedback_FK,robot_base,,"{""values"": [20.852319717407227, -14.6904878616333, 182.4370574951172, -0.02603796310722828, 0.04165944457054138, 2.4028522968292236], ""schema"": ""x_mm,y_mm,z_mm,rotation_vector_rad[3]"", ""frame"": ""policy_stain_relative_xy_base_z"", ""transform"": ""stain_relative_v1"", ""note"": ""existing policy XY transform only; not a full rotated rigid TCP frame""}",,"[457.22688845361483, 351.2570303344698, 182.43705693850166, -0.02603796296130369, 0.04165944635766366, 2.402852214486824]","{""source_acquisition_stamp"": null, ""calibration"": ""deployed EE2TCP unverified"", ""layout"": ""std_msgs.msg.MultiArrayLayout(dim=[], data_offset=0)""}"
rel_single_90deg_best_20260920T160636_1789887996648993205_r3lvdifh,4051,,,1789888033146694312,9551903359924,receipt_only_no_header,,,/ur10skku/currentP,valid,457.0540681415658,351.4598175799584,182.7720848470824,-0.02675657144380642,0.04151160702859428,2.40267102845089,-0.010383559542564834,0.016109621675341287,0.9324168358980949,0.3608760256853986,mm,rotation_vector_rad,xyzw,TCP_from_joint_feedback_FK,robot_base,,"{""values"": [20.67949867248535, -14.487698554992676, 182.77207946777344, -0.026756571605801582, 0.04151160642504692, 2.4026710987091064], ""schema"": ""x_mm,y_mm,z_mm,rotation_vector_rad[3]"", ""frame"": ""policy_stain_relative_xy_base_z"", ""transform"": ""stain_relative_v1"", ""note"": ""existing policy XY transform only; not a full rotated rigid TCP frame""}",,"[457.0540681415658, 351.4598175799584, 182.7720848470824, -0.02675657144380642, 0.04151160702859428, 2.40267102845089]","{""source_acquisition_stamp"": null, ""calibration"": ""deployed EE2TCP unverified"", ""layout"": ""std_msgs.msg.MultiArrayLayout(dim=[], data_offset=0)""}"
rel_single_90deg_best_20260920T160636_1789887996648993205_r3lvdifh,4057,,,1789888033198555248,9551955222383,receipt_only_no_header,,,/ur10skku/currentP,valid,456.8389984744367,351.6677122281056,183.21483605390245,-0.028140485222936704,0.04150340681111337,2.402356556030705,-0.010921348354020616,0.016107510587391998,0.9323568023479347,0.36101532566961947,mm,rotation_vector_rad,xyzw,TCP_from_joint_feedback_FK,robot_base,,"{""values"": [20.46441078186035, -14.27978229522705, 183.21482849121094, -0.028140485286712646, 0.041503407061100006, 2.4023566246032715], ""schema"": ""x_mm,y_mm,z_mm,rotation_vector_rad[3]"", ""frame"": ""policy_stain_relative_xy_base_z"", ""transform"": ""stain_relative_v1"", ""note"": ""existing policy XY transform only; not a full rotated rigid TCP frame""}",,"[456.8389984744367, 351.6677122281056, 183.21483605390245, -0.028140485222936704, 0.04150340681111337, 2.402356556030705]","{""source_acquisition_stamp"": null, ""calibration"": ""deployed EE2TCP unverified"", ""layout"": ""std_msgs.msg.MultiArrayLayout(dim=[], data_offset=0)""}"
rel_single_90deg_best_20260920T160636_1789887996648993205_r3lvdifh,4063,,,1789888033254596898,9552011262771,receipt_only_no_header,,,/ur10skku/currentP,valid,456.60716971258637,351.95002623124503,183.7041374136927,-0.02937304244355009,0.041187589169300994,2.4021019086486586,-0.011400327347797506,0.015985814206990245,0.9323088724633357,0.36112968945608187,mm,rotation_vector_rad,xyzw,TCP_from_joint_feedback_FK,robot_base,,"{""values"": [20.23259925842285, -13.9974946975708, 183.70413208007812, -0.029373042285442352, 0.0411875881254673, 2.402101993560791], ""schema"": ""x_mm,y_mm,z_mm,rotation_vector_rad[3]"", ""frame"": ""policy_stain_relative_xy_base_z"", ""transform"": ""stain_relative_v1"", ""note"": ""existing policy XY transform only; not a full rotated rigid TCP frame""}",,"[456.60716971258637, 351.95002623124503, 183.7041374136927, -0.02937304244355009, 0.041187589169300994, 2.4021019086486586]","{""source_acquisition_stamp"": null, ""calibration"": ""deployed EE2TCP unverified"", ""layout"": ""std_msgs.msg.MultiArrayLayout(dim=[], data_offset=0)""}"
rel_single_90deg_best_20260920T160636_1789887996648993205_r3lvdifh,4069,,,1789888033310618961,9552067285214,receipt_only_no_header,,,/ur10skku/currentP,valid,456.43848317335824,352.17847606138014,184.12519086981723,-0.030683901965358504,0.04092293059956626,2.401833551672802,-0.011909780625403274,0.01588400088553544,0.9322579224588541,0.3612492514234793,mm,rotation_vector_rad,xyzw,TCP_from_joint_feedback_FK,robot_base,,"{""values"": [20.06389808654785, -13.76904010772705, 184.1251983642578, -0.03068390116095543, 0.04092293232679367, 2.4018335342407227], ""schema"": ""x_mm,y_mm,z_mm,rotation_vector_rad[3]"", ""frame"": ""policy_stain_relative_xy_base_z"", ""transform"": ""stain_relative_v1"", ""note"": ""existing policy XY transform only; not a full rotated rigid TCP frame""}",,"[456.43848317335824, 352.17847606138014, 184.12519086981723, -0.030683901965358504, 0.04092293059956626, 2.401833551672802]","{""source_acquisition_stamp"": null, ""calibration"": ""deployed EE2TCP unverified"", ""layout"": ""std_msgs.msg.MultiArrayLayout(dim=[], data_offset=0)""}"
rel_single_90deg_best_20260920T160636_1789887996648993205_r3lvdifh,4075,,,1789888033366465807,9552123130648,receipt_only_no_header,,,/ur10skku/currentP,valid,456.2130342903061,352.3062135786682,184.49742217776014,-0.031997037370361435,0.04105051834293038,2.4016130752634695,-0.012420022462850325,0.015934236474127835,0.9322140670897495,0.3613430174640114,mm,rotation_vector_rad,xyzw,TCP_from_joint_feedback_FK,robot_base,,"{""values"": [19.838464736938477, -13.6412935256958, 184.49742126464844, -0.031997036188840866, 0.04105051979422569, 2.4016129970550537], ""schema"": ""x_mm,y_mm,z_mm,rotation_vector_rad[3]"", ""frame"": ""policy_stain_relative_xy_base_z"", ""transform"": ""stain_relative_v1"", ""note"": ""existing policy XY transform only; not a full rotated rigid TCP frame""}",,"[456.2130342903061, 352.3062135786682, 184.49742217776014, -0.031997037370361435, 0.04105051834293038, 2.4016130752634695]","{""source_acquisition_stamp"": null, ""calibration"": ""deployed EE2TCP unverified"", ""layout"": ""std_msgs.msg.MultiArrayLayout(dim=[], data_offset=0)""}"
rel_single_90deg_best_20260920T160636_1789887996648993205_r3lvdifh,4077,,,1789888033422562483,9552179231061,receipt_only_no_header,,,/ur10skku/currentP,valid,455.95168120559435,352.5766413509841,184.97172073355404,-0.03317614561685732,0.04087505207789042,2.401512042599921,-0.012877959238886143,0.015866437910706407,0.9321931050538224,0.3613840466926847,mm,rotation_vector_rad,xyzw,TCP_from_joint_feedback_FK,robot_base,,"{""values"": [19.577112197875977, -13.370877265930176, 184.9717254638672, -0.03317614644765854, 0.04087505117058754, 2.4015121459960938], ""schema"": ""x_mm,y_mm,z_mm,rotation_vector_rad[3]"", ""frame"": ""policy_stain_relative_xy_base_z"", ""transform"": ""stain_relative_v1"", ""note"": ""existing policy XY transform only; not a full rotated rigid TCP frame""}",,"[455.95168120559435, 352.5766413509841, 184.97172073355404, -0.03317614561685732, 0.04087505207789042, 2.401512042599921]","{""source_acquisition_stamp"": null, ""calibration"": ""deployed EE2TCP unverified"", ""layout"": ""std_msgs.msg.MultiArrayLayout(dim=[], data_offset=0)""}"
rel_single_90deg_best_20260920T160636_1789887996648993205_r3lvdifh,4083,,,1789888033480494181,9552237159272,receipt_only_no_header,,,/ur10skku/currentP,valid,455.7166823531804,352.7931261721315,185.30936063169855,-0.03413862040814298,0.04077910054381648,2.4013394567701773,-0.013252036154803106,0.015829758446773836,0.9321594405579168,0.36145895986131027,mm,rotation_vector_rad,xyzw,TCP_from_joint_feedback_FK,robot_base,,"{""values"": [19.34209632873535, -13.154385566711426, 185.30935668945312, -0.034138619899749756, 0.040779098868370056, 2.401339530944824], ""schema"": ""x_mm,y_mm,z_mm,rotation_vector_rad[3]"", ""frame"": ""policy_stain_relative_xy_base_z"", ""transform"": ""stain_relative_v1"", ""note"": ""existing policy XY transform only; not a full rotated rigid TCP frame""}",,"[455.7166823531804, 352.7931261721315, 185.30936063169855, -0.03413862040814298, 0.04077910054381648, 2.4013394567701773]","{""source_acquisition_stamp"": null, ""calibration"": ""deployed EE2TCP unverified"", ""layout"": ""std_msgs.msg.MultiArrayLayout(dim=[], data_offset=0)""}"
rel_single_90deg_best_20260920T160636_1789887996648993205_r3lvdifh,4089,,,1789888033535625303,9552292290184,receipt_only_no_header,,,/ur10skku/currentP,valid,455.4943383058732,353.07606137648366,185.81202763178572,-0.03562228866779064,0.04046513040299981,2.400935726815602,-0.0138291629450445,0.01570923438284141,0.9320830476772147,0.3616395532019409,mm,rotation_vector_rad,xyzw,TCP_from_joint_feedback_FK,robot_base,,"{""values"": [19.1197452545166, -12.87145709991455, 185.81202697753906, -0.035622287541627884, 0.040465131402015686, 2.400935649871826], ""schema"": ""x_mm,y_mm,z_mm,rotation_vector_rad[3]"", ""frame"": ""policy_stain_relative_xy_base_z"", ""transform"": ""stain_relative_v1"", ""note"": ""existing policy XY transform only; not a full rotated rigid TCP frame""}",,"[455.4943383058732, 353.07606137648366, 185.81202763178572, -0.03562228866779064, 0.04046513040299981, 2.400935726815602]","{""source_acquisition_stamp"": null, ""calibration"": ""deployed EE2TCP unverified"", ""layout"": ""std_msgs.msg.MultiArrayLayout(dim=[], data_offset=0)""}"
rel_single_90deg_best_20260920T160636_1789887996648993205_r3lvdifh,4095,,,1789888033590614153,9552347278462,receipt_only_no_header,,,/ur10skku/currentP,valid,455.24553349972257,353.23605620924707,186.2342497702274,-0.036896781878405865,0.040406983447755944,2.4005930153160104,-0.01432497582435436,0.015687792581253676,0.9320172426376808,0.36179075120518744,mm,rotation_vector_rad,xyzw,TCP_from_joint_feedback_FK,robot_base,,"{""values"": [18.8709659576416, -12.711453437805176, 186.2342529296875, -0.036896780133247375, 0.040406983345746994, 2.4005930423736572], ""schema"": ""x_mm,y_mm,z_mm,rotation_vector_rad[3]"", ""frame"": ""policy_stain_relative_xy_base_z"", ""transform"": ""stain_relative_v1"", ""note"": ""existing policy XY transform only; not a full rotated rigid TCP frame""}",,"[455.24553349972257, 353.23605620924707, 186.2342497702274, -0.036896781878405865, 0.040406983447755944, 2.4005930153160104]","{""source_acquisition_stamp"": null, ""calibration"": ""deployed EE2TCP unverified"", ""layout"": ""std_msgs.msg.MultiArrayLayout(dim=[], data_offset=0)""}"
rel_single_90deg_best_20260920T160636_1789887996648993205_r3lvdifh,4101,,,1789888033646594305,9552403257993,receipt_only_no_header,,,/ur10skku/currentP,valid,454.9126014549589,353.48509245456967,186.6584993741228,-0.03777015403378311,0.040226267216861206,2.4002993270058823,-0.014664981022771494,0.015618613702887188,0.9319618884272455,0.3619226930667984,mm,rotation_vector_rad,xyzw,TCP_from_joint_feedback_FK,robot_base,,"{""values"": [18.53801918029785, -12.46239948272705, 186.6584930419922, -0.03777015581727028, 0.04022626578807831, 2.400299310684204], ""schema"": ""x_mm,y_mm,z_mm,rotation_vector_rad[3]"", ""frame"": ""policy_stain_relative_xy_base_z"", ""transform"": ""stain_relative_v1"", ""note"": ""existing policy XY transform only; not a full rotated rigid TCP frame""}",,"[454.9126014549589, 353.48509245456967, 186.6584993741228, -0.03777015403378311, 0.040226267216861206, 2.4002993270058823]","{""source_acquisition_stamp"": null, ""calibration"": ""deployed EE2TCP unverified"", ""layout"": ""std_msgs.msg.MultiArrayLayout(dim=[], data_offset=0)""}"
rel_single_90deg_best_20260920T160636_1789887996648993205_r3lvdifh,4107,,,1789888033702614023,9552459279225,receipt_only_no_header,,,/ur10skku/currentP,valid,454.7138357828334,353.75023936598353,187.1370859679173,-0.0388679884959926,0.03973463163988205,2.3999896578171884,-0.015092243755351623,0.015428756913932815,0.9319038707092973,0.3620626373924115,mm,rotation_vector_rad,xyzw,TCP_from_joint_feedback_FK,robot_base,,"{""values"": [18.339258193969727, -12.19726276397705, 187.1370849609375, -0.03886798769235611, 0.03973463177680969, 2.399989604949951], ""schema"": ""x_mm,y_mm,z_mm,rotation_vector_rad[3]"", ""frame"": ""policy_stain_relative_xy_base_z"", ""transform"": ""stain_relative_v1"", ""note"": ""existing policy XY transform only; not a full rotated rigid TCP frame""}",,"[454.7138357828334, 353.75023936598353, 187.1370859679173, -0.0388679884959926, 0.03973463163988205, 2.3999896578171884]","{""source_acquisition_stamp"": null, ""calibration"": ""deployed EE2TCP unverified"", ""layout"": ""std_msgs.msg.MultiArrayLayout(dim=[], data_offset=0)""}"
rel_single_90deg_best_20260920T160636_1789887996648993205_r3lvdifh,4113,,,1789888033758568646,9552515232425,receipt_only_no_header,,,/ur10skku/currentP,valid,454.4896961649413,353.9137627716923,187.47470957375975,-0.039820553674863264,0.03973044196599126,2.3995998639726976,-0.015463406241318754,0.0154284134089045,0.931830024670054,0.3622370111549982,mm,rotation_vector_rad,xyzw,TCP_from_joint_feedback_FK,robot_base,,"{""values"": [18.1151065826416, -12.0337495803833, 187.47471618652344, -0.03982055187225342, 0.03973044082522392, 2.39959979057312], ""schema"": ""x_mm,y_mm,z_mm,rotation_vector_rad[3]"", ""frame"": ""policy_stain_relative_xy_base_z"", ""transform"": ""stain_relative_v1"", ""note"": ""existing policy XY transform only; not a full rotated rigid TCP frame""}",,"[454.4896961649413, 353.9137627716923, 187.47470957375975, -0.039820553674863264, 0.03973044196599126, 2.3995998639726976]","{""source_acquisition_stamp"": null, ""calibration"": ""deployed EE2TCP unverified"", ""layout"": ""std_msgs.msg.MultiArrayLayout(dim=[], data_offset=0)""}"
rel_single_90deg_best_20260920T160636_1789887996648993205_r3lvdifh,4115,,,1789888033814615797,9552571281189,receipt_only_no_header,,,/ur10skku/currentP,valid,454.2241761903306,354.1135407756597,187.86391816332196,-0.04068428488272168,0.039625541189627876,2.399270150612151,-0.01579992946310604,0.015388761472354535,0.9317676162155469,0.36238468182485967,mm,rotation_vector_rad,xyzw,TCP_from_joint_feedback_FK,robot_base,,"{""values"": [17.8496036529541, -11.833950996398926, 187.86392211914062, -0.0406842865049839, 0.039625540375709534, 2.3992700576782227], ""schema"": ""x_mm,y_mm,z_mm,rotation_vector_rad[3]"", ""frame"": ""policy_stain_relative_xy_base_z"", ""transform"": ""stain_relative_v1"", ""note"": ""existing policy XY transform only; not a full rotated rigid TCP frame""}",,"[454.2241761903306, 354.1135407756597, 187.86391816332196, -0.04068428488272168, 0.039625541189627876, 2.399270150612151]","{""source_acquisition_stamp"": null, ""calibration"": ""deployed EE2TCP unverified"", ""layout"": ""std_msgs.msg.MultiArrayLayout(dim=[], data_offset=0)""}"
rel_single_90deg_best_20260920T160636_1789887996648993205_r3lvdifh,4121,,,1789888033870598585,9552627265098,receipt_only_no_header,,,/ur10skku/currentP,valid,453.93188713976303,354.4100968046413,188.28229574384102,-0.04142528700041297,0.03944126995969958,2.3989634719412227,-0.016088762845981618,0.01531820983448152,0.931710005433402,0.36252306124278855,mm,rotation_vector_rad,xyzw,TCP_from_joint_feedback_FK,robot_base,,"{""values"": [17.55730628967285, -11.5374116897583, 188.2823028564453, -0.04142528772354126, 0.039441268891096115, 2.398963451385498], ""schema"": ""x_mm,y_mm,z_mm,rotation_vector_rad[3]"", ""frame"": ""policy_stain_relative_xy_base_z"", ""transform"": ""stain_relative_v1"", ""note"": ""existing policy XY transform only; not a full rotated rigid TCP frame""}",,"[453.93188713976303, 354.4100968046413, 188.28229574384102, -0.04142528700041297, 0.03944126995969958, 2.3989634719412227]","{""source_acquisition_stamp"": null, ""calibration"": ""deployed EE2TCP unverified"", ""layout"": ""std_msgs.msg.MultiArrayLayout(dim=[], data_offset=0)""}"
rel_single_90deg_best_20260920T160636_1789887996648993205_r3lvdifh,4127,,,1789888033926623773,9552683289155,receipt_only_no_header,,,/ur10skku/currentP,valid,453.70225891178745,354.60923928203164,188.5949835508829,-0.04233407588019214,0.039264470099457126,2.398571146163991,-0.01644310417486014,0.015250829474658284,0.9316361443392677,0.36269978092920435,mm,rotation_vector_rad,xyzw,TCP_from_joint_feedback_FK,robot_base,,"{""values"": [17.32769203186035, -11.33825397491455, 188.59498596191406, -0.04233407601714134, 0.03926447033882141, 2.398571252822876], ""schema"": ""x_mm,y_mm,z_mm,rotation_vector_rad[3]"", ""frame"": ""policy_stain_relative_xy_base_z"", ""transform"": ""stain_relative_v1"", ""note"": ""existing policy XY transform only; not a full rotated rigid TCP frame""}",,"[453.70225891178745, 354.60923928203164, 188.5949835508829, -0.04233407588019214, 0.039264470099457126, 2.398571146163991]","{""source_acquisition_stamp"": null, ""calibration"": ""deployed EE2TCP unverified"", ""layout"": ""std_msgs.msg.MultiArrayLayout(dim=[], data_offset=0)""}"
rel_single_90deg_best_20260920T160636_1789887996648993205_r3lvdifh,4133,,,1789888033980652700,9552737317962,receipt_only_no_header,,,/ur10skku/currentP,valid,453.4744211617125,354.8206224146101,188.91146495836227,-0.04304114095497686,0.03905898147354028,2.3980738080590944,-0.016719549874384277,0.015172659792467609,0.9315439541493497,0.36292713942968546,mm,rotation_vector_rad,xyzw,TCP_from_joint_feedback_FK,robot_base,,"{""values"": [17.0998477935791, -11.1268892288208, 188.91146850585938, -0.04304113984107971, 0.03905898332595825, 2.39807391166687], ""schema"": ""x_mm,y_mm,z_mm,rotation_vector_rad[3]"", ""frame"": ""policy_stain_relative_xy_base_z"", ""transform"": ""stain_relative_v1"", ""note"": ""existing policy XY transform only; not a full rotated rigid TCP frame""}",,"[453.4744211617125, 354.8206224146101, 188.91146495836227, -0.04304114095497686, 0.03905898147354028, 2.3980738080590944]","{""source_acquisition_stamp"": null, ""calibration"": ""deployed EE2TCP unverified"", ""layout"": ""std_msgs.msg.MultiArrayLayout(dim=[], data_offset=0)""}"
rel_single_90deg_best_20260920T160636_1789887996648993205_r3lvdifh,4139,,,1789888034038617351,9552795283174,receipt_only_no_header,,,/ur10skku/currentP,valid,453.03728591313114,355.0510056733364,189.30999773844053,-0.043696506465006106,0.03890612150714566,2.3976718034848976,-0.0169756098846626,0.01511459826564178,0.9314689997016297,0.3631100111304526,mm,rotation_vector_rad,xyzw,TCP_from_joint_feedback_FK,robot_base,,"{""values"": [16.6627140045166, -10.896512031555176, 189.30999755859375, -0.043696507811546326, 0.038906119763851166, 2.397671699523926], ""schema"": ""x_mm,y_mm,z_mm,rotation_vector_rad[3]"", ""frame"": ""policy_stain_relative_xy_base_z"", ""transform"": ""stain_relative_v1"", ""note"": ""existing policy XY transform only; not a full rotated rigid TCP frame""}",,"[453.03728591313114, 355.0510056733364, 189.30999773844053, -0.043696506465006106, 0.03890612150714566, 2.3976718034848976]","{""source_acquisition_stamp"": null, ""calibration"": ""deployed EE2TCP unverified"", ""layout"": ""std_msgs.msg.MultiArrayLayout(dim=[], data_offset=0)""}"
rel_single_90deg_best_20260920T160636_1789887996648993205_r3lvdifh,4145,,,1789888034094644403,9552851307561,receipt_only_no_header,,,/ur10skku/currentP,valid,452.73637645858463,355.2513097696504,189.59878265005068,-0.044421394152219296,0.03876983074871773,2.3971129598696286,-0.017259319227151904,0.015063482316241952,0.9313651358208422,0.36336509350479373,mm,rotation_vector_rad,xyzw,TCP_from_joint_feedback_FK,robot_base,,"{""values"": [16.3618106842041, -10.696194648742676, 189.59878540039062, -0.04442139342427254, 0.03876983001828194, 2.3971128463745117], ""schema"": ""x_mm,y_mm,z_mm,rotation_vector_rad[3]"", ""frame"": ""policy_stain_relative_xy_base_z"", ""transform"": ""stain_relative_v1"", ""note"": ""existing policy XY transform only; not a full rotated rigid TCP frame""}",,"[452.73637645858463, 355.2513097696504, 189.59878265005068, -0.044421394152219296, 0.03876983074871773, 2.3971129598696286]","{""source_acquisition_stamp"": null, ""calibration"": ""deployed EE2TCP unverified"", ""layout"": ""std_msgs.msg.MultiArrayLayout(dim=[], data_offset=0)""}"
rel_single_90deg_best_20260920T160636_1789887996648993205_r3lvdifh,4147,,,1789888034150615779,9552907281341,receipt_only_no_header,,,/ur10skku/currentP,valid,452.3727411932411,355.4771334161797,189.92867943867935,-0.04499002303158201,0.038475533527936874,2.396591024201062,-0.017482254315080055,0.014950849471039475,0.9312690003494729,0.36360540682483045,mm,rotation_vector_rad,xyzw,TCP_from_joint_feedback_FK,robot_base,,"{""values"": [15.998164176940918, -10.470364570617676, 189.92868041992188, -0.044990021735429764, 0.038475532084703445, 2.3965909481048584], ""schema"": ""x_mm,y_mm,z_mm,rotation_vector_rad[3]"", ""frame"": ""policy_stain_relative_xy_base_z"", ""transform"": ""stain_relative_v1"", ""note"": ""existing policy XY transform only; not a full rotated rigid TCP frame""}",,"[452.3727411932411, 355.4771334161797, 189.92867943867935, -0.04499002303158201, 0.038475533527936874, 2.396591024201062]","{""source_acquisition_stamp"": null, ""calibration"": ""deployed EE2TCP unverified"", ""layout"": ""std_msgs.msg.MultiArrayLayout(dim=[], data_offset=0)""}"
rel_single_90deg_best_20260920T160636_1789887996648993205_r3lvdifh,4153,,,1789888034206541166,9552963208822,receipt_only_no_header,,,/ur10skku/currentP,valid,451.9066190862676,355.674129554318,190.22752889694897,-0.04543495426688262,0.03839995349195965,2.3960709452381517,-0.017657155244464404,0.014923178665593178,0.9311728676627857,0.3638442168509099,mm,rotation_vector_rad,xyzw,TCP_from_joint_feedback_FK,robot_base,,"{""values"": [15.532038688659668, -10.2733736038208, 190.22752380371094, -0.04543495550751686, 0.03839995339512825, 2.396070957183838], ""schema"": ""x_mm,y_mm,z_mm,rotation_vector_rad[3]"", ""frame"": ""policy_stain_relative_xy_base_z"", ""transform"": ""stain_relative_v1"", ""note"": ""existing policy XY transform only; not a full rotated rigid TCP frame""}",,"[451.9066190862676, 355.674129554318, 190.22752889694897, -0.04543495426688262, 0.03839995349195965, 2.3960709452381517]","{""source_acquisition_stamp"": null, ""calibration"": ""deployed EE2TCP unverified"", ""layout"": ""std_msgs.msg.MultiArrayLayout(dim=[], data_offset=0)""}"
rel_single_90deg_best_20260920T160636_1789887996648993205_r3lvdifh,4159,,,1789888034262512210,9553019179325,receipt_only_no_header,,,/ur10skku/currentP,valid,451.5991303515433,355.89398837259006,190.5129989242709,-0.04607886001523278,0.03818397563084989,2.39558402050266,-0.017909292167665798,0.014840818012204613,0.9310823688170813,0.3640667931201013,mm,rotation_vector_rad,xyzw,TCP_from_joint_feedback_FK,robot_base,,"{""values"": [15.224543571472168, -10.0535249710083, 190.51300048828125, -0.04607886075973511, 0.03818397596478462, 2.3955841064453125], ""schema"": ""x_mm,y_mm,z_mm,rotation_vector_rad[3]"", ""frame"": ""policy_stain_relative_xy_base_z"", ""transform"": ""stain_relative_v1"", ""note"": ""existing policy XY transform only; not a full rotated rigid TCP frame""}",,"[451.5991303515433, 355.89398837259006, 190.5129989242709, -0.04607886001523278, 0.03818397563084989, 2.39558402050266]","{""source_acquisition_stamp"": null, ""calibration"": ""deployed EE2TCP unverified"", ""layout"": ""std_msgs.msg.MultiArrayLayout(dim=[], data_offset=0)""}"
rel_single_90deg_best_20260920T160636_1789887996648993205_r3lvdifh,4165,,,1789888034318522821,9553075191308,receipt_only_no_header,,,/ur10skku/currentP,valid,451.2983935818122,356.1269758428444,190.861540503983,-0.04669833477680556,0.03785298612358992,2.3951327574264756,-0.018151850313806672,0.014713623972460784,0.9309987497904189,0.3642737260474038,mm,rotation_vector_rad,xyzw,TCP_from_joint_feedback_FK,robot_base,,"{""values"": [14.923823356628418, -9.820523262023926, 190.86154174804688, -0.04669833555817604, 0.03785298764705658, 2.3951327800750732], ""schema"": ""x_mm,y_mm,z_mm,rotation_vector_rad[3]"", ""frame"": ""policy_stain_relative_xy_base_z"", ""transform"": ""stain_relative_v1"", ""note"": ""existing policy XY transform only; not a full rotated rigid TCP frame""}",,"[451.2983935818122, 356.1269758428444, 190.861540503983, -0.04669833477680556, 0.03785298612358992, 2.3951327574264756]","{""source_acquisition_stamp"": null, ""calibration"": ""deployed EE2TCP unverified"", ""layout"": ""std_msgs.msg.MultiArrayLayout(dim=[], data_offset=0)""}"
rel_single_90deg_best_20260920T160636_1789887996648993205_r3lvdifh,4171,,,1789888034374456714,9553131121775,receipt_only_no_header,,,/ur10skku/currentP,valid,450.82504972652197,356.29415926118526,191.10835053510908,-0.04695044898048719,0.03791777078290861,2.3947463507049225,-0.018251387708233847,0.014740049363072681,0.930927074366396,0.36445081973171684,mm,rotation_vector_rad,xyzw,TCP_from_joint_feedback_FK,robot_base,,"{""values"": [14.450465202331543, -9.653347969055176, 191.1083526611328, -0.04695044830441475, 0.03791777044534683, 2.3947463035583496], ""schema"": ""x_mm,y_mm,z_mm,rotation_vector_rad[3]"", ""frame"": ""policy_stain_relative_xy_base_z"", ""transform"": ""stain_relative_v1"", ""note"": ""existing policy XY transform only; not a full rotated rigid TCP frame""}",,"[450.82504972652197, 356.29415926118526, 191.10835053510908, -0.04695044898048719, 0.03791777078290861, 2.3947463507049225]","{""source_acquisition_stamp"": null, ""calibration"": ""deployed EE2TCP unverified"", ""layout"": ""std_msgs.msg.MultiArrayLayout(dim=[], data_offset=0)""}"
rel_single_90deg_best_20260920T160636_1789887996648993205_r3lvdifh,4177,,,1789888034430583648,9553187246996,receipt_only_no_header,,,/ur10skku/currentP,valid,450.5043729072449,356.6098665082346,191.49313808744955,-0.04744045538977977,0.03744754027630526,2.3943430021545646,-0.018443511186425017,0.01455854760068195,0.9308530363283507,0.36463750540113826,mm,rotation_vector_rad,xyzw,TCP_from_joint_feedback_FK,robot_base,,"{""values"": [14.129786491394043, -9.33764362335205, 191.49313354492188, -0.04744045436382294, 0.03744754195213318, 2.3943428993225098], ""schema"": ""x_mm,y_mm,z_mm,rotation_vector_rad[3]"", ""frame"": ""policy_stain_relative_xy_base_z"", ""transform"": ""stain_relative_v1"", ""note"": ""existing policy XY transform only; not a full rotated rigid TCP frame""}",,"[450.5043729072449, 356.6098665082346, 191.49313808744955, -0.04744045538977977, 0.03744754027630526, 2.3943430021545646]","{""source_acquisition_stamp"": null, ""calibration"": ""deployed EE2TCP unverified"", ""layout"": ""std_msgs.msg.MultiArrayLayout(dim=[], data_offset=0)""}"
rel_single_90deg_best_20260920T160636_1789887996648993205_r3lvdifh,4179,,,1789888034486577967,9553243246014,receipt_only_no_header,,,/ur10skku/currentP,valid,450.0995962123025,356.8484702736359,191.75483624191992,-0.04772123302140897,0.037138175936377506,2.393822421852078,-0.018554807027152412,0.014439938874395299,0.9307578677778374,0.3648794305947411,mm,rotation_vector_rad,xyzw,TCP_from_joint_feedback_FK,robot_base,,"{""values"": [13.725031852722168, -9.099026679992676, 191.7548370361328, -0.04772123321890831, 0.03713817521929741, 2.393822431564331], ""schema"": ""x_mm,y_mm,z_mm,rotation_vector_rad[3]"", ""frame"": ""policy_stain_relative_xy_base_z"", ""transform"": ""stain_relative_v1"", ""note"": ""existing policy XY transform only; not a full rotated rigid TCP frame""}",,"[450.0995962123025, 356.8484702736359, 191.75483624191992, -0.04772123302140897, 0.037138175936377506, 2.393822421852078]","{""source_acquisition_stamp"": null, ""calibration"": ""deployed EE2TCP unverified"", ""layout"": ""std_msgs.msg.MultiArrayLayout(dim=[], data_offset=0)""}"
rel_single_90deg_best_20260920T160636_1789887996648993205_r3lvdifh,4185,,,1789888034542512772,9553299177743,receipt_only_no_header,,,/ur10skku/currentP,valid,449.7300518545653,357.0857841772197,192.08096733851164,-0.048105810229150676,0.03678258334878086,2.3932165872177125,-0.01870683863618379,0.014303591355180313,0.9306467619038508,0.365160329198643,mm,rotation_vector_rad,xyzw,TCP_from_joint_feedback_FK,robot_base,,"{""values"": [13.355463981628418, -8.861721992492676, 192.08096313476562, -0.04810580983757973, 0.036782585084438324, 2.393216609954834], ""schema"": ""x_mm,y_mm,z_mm,rotation_vector_rad[3]"", ""frame"": ""policy_stain_relative_xy_base_z"", ""transform"": ""stain_relative_v1"", ""note"": ""existing policy XY transform only; not a full rotated rigid TCP frame""}",,"[449.7300518545653, 357.0857841772197, 192.08096733851164, -0.048105810229150676, 0.03678258334878086, 2.3932165872177125]","{""source_acquisition_stamp"": null, ""calibration"": ""deployed EE2TCP unverified"", ""layout"": ""std_msgs.msg.MultiArrayLayout(dim=[], data_offset=0)""}"
rel_single_90deg_best_20260920T160636_1789887996648993205_r3lvdifh,4191,,,1789888034598493916,9553355157194,receipt_only_no_header,,,/ur10skku/currentP,valid,449.3607076817727,357.34827072448576,192.35837808132663,-0.048417638141547245,0.0364624272217093,2.3926954306878434,-0.01883026639231477,0.014180725129299642,0.9305512223419377,0.36540217664968466,mm,rotation_vector_rad,xyzw,TCP_from_joint_feedback_FK,robot_base,,"{""values"": [12.986140251159668, -8.59924030303955, 192.35838317871094, -0.04841763898730278, 0.03646242618560791, 2.392695426940918], ""schema"": ""x_mm,y_mm,z_mm,rotation_vector_rad[3]"", ""frame"": ""policy_stain_relative_xy_base_z"", ""transform"": ""stain_relative_v1"", ""note"": ""existing policy XY transform only; not a full rotated rigid TCP frame""}",,"[449.3607076817727, 357.34827072448576, 192.35837808132663, -0.048417638141547245, 0.0364624272217093, 2.3926954306878434]","{""source_acquisition_stamp"": null, ""calibration"": ""deployed EE2TCP unverified"", ""layout"": ""std_msgs.msg.MultiArrayLayout(dim=[], data_offset=0)""}"
rel_single_90deg_best_20260920T160636_1789887996648993205_r3lvdifh,4197,,,1789888034654595381,9553411261073,receipt_only_no_header,,,/ur10skku/currentP,valid,448.96252116102903,357.58132595717314,192.58824272206584,-0.048602691036915245,0.03621583809666501,2.392296521173528,-0.018903905682110325,0.014086067519552417,0.9304782684883885,0.3655877691097544,mm,rotation_vector_rad,xyzw,TCP_from_joint_feedback_FK,robot_base,,"{""values"": [12.587946891784668, -8.366177558898926, 192.58824157714844, -0.048602692782878876, 0.03621583804488182, 2.392296552658081], ""schema"": ""x_mm,y_mm,z_mm,rotation_vector_rad[3]"", ""frame"": ""policy_stain_relative_xy_base_z"", ""transform"": ""stain_relative_v1"", ""note"": ""existing policy XY transform only; not a full rotated rigid TCP frame""}",,"[448.96252116102903, 357.58132595717314, 192.58824272206584, -0.048602691036915245, 0.03621583809666501, 2.392296521173528]","{""source_acquisition_stamp"": null, ""calibration"": ""deployed EE2TCP unverified"", ""layout"": ""std_msgs.msg.MultiArrayLayout(dim=[], data_offset=0)""}"
rel_single_90deg_best_20260920T160636_1789887996648993205_r3lvdifh,4203,,,1789888034710620119,9553467286512,receipt_only_no_header,,,/ur10skku/currentP,valid,448.53810969803925,357.8164695772928,192.8380051870144,-0.04867791738908543,0.036040795004591,2.391814964841042,-0.01893518805096138,0.01401948290974126,0.9303903817488197,0.3658123156780041,mm,rotation_vector_rad,xyzw,TCP_from_joint_feedback_FK,robot_base,,"{""values"": [12.163538932800293, -8.1310396194458, 192.8380126953125, -0.04867791756987572, 0.03604079410433769, 2.391814947128296], ""schema"": ""x_mm,y_mm,z_mm,rotation_vector_rad[3]"", ""frame"": ""policy_stain_relative_xy_base_z"", ""transform"": ""stain_relative_v1"", ""note"": ""existing policy XY transform only; not a full rotated rigid TCP frame""}",,"[448.53810969803925, 357.8164695772928, 192.8380051870144, -0.04867791738908543, 0.036040795004591, 2.391814964841042]","{""source_acquisition_stamp"": null, ""calibration"": ""deployed EE2TCP unverified"", ""layout"": ""std_msgs.msg.MultiArrayLayout(dim=[], data_offset=0)""}"
rel_single_90deg_best_20260920T160636_1789887996648993205_r3lvdifh,4209,,,1789888034766614929,9553523281734,receipt_only_no_header,,,/ur10skku/currentP,valid,448.1595815020539,358.0973220596227,193.12434001273158,-0.048853662951860756,0.03567994167694946,2.391319084359234,-0.019005644707580194,0.013880643819225762,0.9302999642948274,0.36604383566651666,mm,rotation_vector_rad,xyzw,TCP_from_joint_feedback_FK,robot_base,,"{""values"": [11.784998893737793, -7.850186347961426, 193.1243438720703, -0.048853661864995956, 0.03567994013428688, 2.3913190364837646], ""schema"": ""x_mm,y_mm,z_mm,rotation_vector_rad[3]"", ""frame"": ""policy_stain_relative_xy_base_z"", ""transform"": ""stain_relative_v1"", ""note"": ""existing policy XY transform only; not a full rotated rigid TCP frame""}",,"[448.1595815020539, 358.0973220596227, 193.12434001273158, -0.048853662951860756, 0.03567994167694946, 2.391319084359234]","{""source_acquisition_stamp"": null, ""calibration"": ""deployed EE2TCP unverified"", ""layout"": ""std_msgs.msg.MultiArrayLayout(dim=[], data_offset=0)""}"
rel_single_90deg_best_20260920T160636_1789887996648993205_r3lvdifh,4211,,,1789888034822484800,9553579148187,receipt_only_no_header,,,/ur10skku/currentP,valid,447.78761252945907,358.36446624992664,193.36475028876816,-0.048957108660296324,0.035354463423379494,2.390799819051575,-0.019048088365547604,0.013755611020207196,0.9302053872017609,0.36628662426561676,mm,rotation_vector_rad,xyzw,TCP_from_joint_feedback_FK,robot_base,,"{""values"": [11.413020133972168, -7.583035469055176, 193.36474609375, -0.048957109451293945, 0.03535446524620056, 2.3907997608184814], ""schema"": ""x_mm,y_mm,z_mm,rotation_vector_rad[3]"", ""frame"": ""policy_stain_relative_xy_base_z"", ""transform"": ""stain_relative_v1"", ""note"": ""existing policy XY transform only; not a full rotated rigid TCP frame""}",,"[447.78761252945907, 358.36446624992664, 193.36475028876816, -0.048957108660296324, 0.035354463423379494, 2.390799819051575]","{""source_acquisition_stamp"": null, ""calibration"": ""deployed EE2TCP unverified"", ""layout"": ""std_msgs.msg.MultiArrayLayout(dim=[], data_offset=0)""}"
rel_single_90deg_best_20260920T160636_1789887996648993205_r3lvdifh,4217,,,1789888034878610872,9553635274721,receipt_only_no_header,,,/ur10skku/currentP,valid,447.40078181298,358.6233274213194,193.60142235389054,-0.049073650116204195,0.035041208444076266,2.3901969476663862,-0.01909598785276074,0.013635555725111718,0.9300953112365217,0.3665680385465058,mm,rotation_vector_rad,xyzw,TCP_from_joint_feedback_FK,robot_base,,"{""values"": [11.026209831237793, -7.324185371398926, 193.60142517089844, -0.04907365143299103, 0.0350412093102932, 2.3901970386505127], ""schema"": ""x_mm,y_mm,z_mm,rotation_vector_rad[3]"", ""frame"": ""policy_stain_relative_xy_base_z"", ""transform"": ""stain_relative_v1"", ""note"": ""existing policy XY transform only; not a full rotated rigid TCP frame""}",,"[447.40078181298, 358.6233274213194, 193.60142235389054, -0.049073650116204195, 0.035041208444076266, 2.3901969476663862]","{""source_acquisition_stamp"": null, ""calibration"": ""deployed EE2TCP unverified"", ""layout"": ""std_msgs.msg.MultiArrayLayout(dim=[], data_offset=0)""}"
rel_single_90deg_best_20260920T160636_1789887996648993205_r3lvdifh,4223,,,1789888034934604089,9553691273027,receipt_only_no_header,,,/ur10skku/currentP,valid,446.9830894779555,358.87709645077103,193.79836764800217,-0.04907488727920614,0.0348294628204137,2.3894882858286235,-0.01909947507636876,0.013555292613859364,0.9299659049812324,0.3668990047225492,mm,rotation_vector_rad,xyzw,TCP_from_joint_feedback_FK,robot_base,,"{""values"": [10.608515739440918, -7.070401191711426, 193.79837036132812, -0.04907488822937012, 0.03482946380972862, 2.3894882202148438], ""schema"": ""x_mm,y_mm,z_mm,rotation_vector_rad[3]"", ""frame"": ""policy_stain_relative_xy_base_z"", ""transform"": ""stain_relative_v1"", ""note"": ""existing policy XY transform only; not a full rotated rigid TCP frame""}",,"[446.9830894779555, 358.87709645077103, 193.79836764800217, -0.04907488727920614, 0.0348294628204137, 2.3894882858286235]","{""source_acquisition_stamp"": null, ""calibration"": ""deployed EE2TCP unverified"", ""layout"": ""std_msgs.msg.MultiArrayLayout(dim=[], data_offset=0)""}"
rel_single_90deg_best_20260920T160636_1789887996648993205_r3lvdifh,4229,,,1789888034990539194,9553747205378,receipt_only_no_header,,,/ur10skku/currentP,valid,446.56496815815746,359.1773631693208,194.08133558498872,-0.04917681984013758,0.03443378409549005,2.388920925130757,-0.019141562272970983,0.013402989959507243,0.9298624596353302,0.3671644953080689,mm,rotation_vector_rad,xyzw,TCP_from_joint_feedback_FK,robot_base,,"{""values"": [10.190394401550293, -6.770138740539551, 194.08132934570312, -0.04917681962251663, 0.03443378582596779, 2.388921022415161], ""schema"": ""x_mm,y_mm,z_mm,rotation_vector_rad[3]"", ""frame"": ""policy_stain_relative_xy_base_z"", ""transform"": ""stain_relative_v1"", ""note"": ""existing policy XY transform only; not a full rotated rigid TCP frame""}",,"[446.56496815815746, 359.1773631693208, 194.08133558498872, -0.04917681984013758, 0.03443378409549005, 2.388920925130757]","{""source_acquisition_stamp"": null, ""calibration"": ""deployed EE2TCP unverified"", ""layout"": ""std_msgs.msg.MultiArrayLayout(dim=[], data_offset=0)""}"
rel_single_90deg_best_20260920T160636_1789887996648993205_r3lvdifh,4235,,,1789888035047934413,9553804598822,receipt_only_no_header,,,/ur10skku/currentP,valid,446.2002525078979,359.3893005599205,194.27666303706803,-0.04916787020887398,0.034171689589112104,2.3884394161141613,-0.01914013210462215,0.013302399518124782,0.929774784917587,0.367390188820459,mm,rotation_vector_rad,xyzw,TCP_from_joint_feedback_FK,robot_base,,"{""values"": [9.825678825378418, -6.558194160461426, 194.2766571044922, -0.04916787147521973, 0.0341716893017292, 2.388439416885376], ""schema"": ""x_mm,y_mm,z_mm,rotation_vector_rad[3]"", ""frame"": ""policy_stain_relative_xy_base_z"", ""transform"": ""stain_relative_v1"", ""note"": ""existing policy XY transform only; not a full rotated rigid TCP frame""}",,"[446.2002525078979, 359.3893005599205, 194.27666303706803, -0.04916787020887398, 0.034171689589112104, 2.3884394161141613]","{""source_acquisition_stamp"": null, ""calibration"": ""deployed EE2TCP unverified"", ""layout"": ""std_msgs.msg.MultiArrayLayout(dim=[], data_offset=0)""}"
rel_single_90deg_best_20260920T160636_1789887996648993205_r3lvdifh,4241,,,1789888035103241623,9553859906113,receipt_only_no_header,,,/ur10skku/currentP,valid,445.79091035478837,359.6932605932413,194.5973537755051,-0.049389498336337836,0.033560777689316784,2.387821160828415,-0.01922905161918473,0.013066379459316185,0.9296619302806176,0.3676794917976359,mm,rotation_vector_rad,xyzw,TCP_from_joint_feedback_FK,robot_base,,"{""values"": [9.416346549987793, -6.254239082336426, 194.59735107421875, -0.04938950017094612, 0.03356077894568443, 2.3878211975097656], ""schema"": ""x_mm,y_mm,z_mm,rotation_vector_rad[3]"", ""frame"": ""policy_stain_relative_xy_base_z"", ""transform"": ""stain_relative_v1"", ""note"": ""existing policy XY transform only; not a full rotated rigid TCP frame""}",,"[445.79091035478837, 359.6932605932413, 194.5973537755051, -0.049389498336337836, 0.033560777689316784, 2.387821160828415]","{""source_acquisition_stamp"": null, ""calibration"": ""deployed EE2TCP unverified"", ""layout"": ""std_msgs.msg.MultiArrayLayout(dim=[], data_offset=0)""}"
rel_single_90deg_best_20260920T160636_1789887996648993205_r3lvdifh,4247,,,1789888035158527342,9553915191211,receipt_only_no_header,,,/ur10skku/currentP,valid,445.35088710562593,359.94486590671295,194.80649072088045,-0.04934599616960864,0.033161474795847794,2.3873394616524033,-0.019214186414626057,0.012912309163266333,0.9295746162164484,0.3679064014101123,mm,rotation_vector_rad,xyzw,TCP_from_joint_feedback_FK,robot_base,,"{""values"": [8.976313591003418, -6.002652168273926, 194.80648803710938, -0.04934599623084068, 0.033161476254463196, 2.3873393535614014], ""schema"": ""x_mm,y_mm,z_mm,rotation_vector_rad[3]"", ""frame"": ""policy_stain_relative_xy_base_z"", ""transform"": ""stain_relative_v1"", ""note"": ""existing policy XY transform only; not a full rotated rigid TCP frame""}",,"[445.35088710562593, 359.94486590671295, 194.80649072088045, -0.04934599616960864, 0.033161474795847794, 2.3873394616524033]","{""source_acquisition_stamp"": null, ""calibration"": ""deployed EE2TCP unverified"", ""layout"": ""std_msgs.msg.MultiArrayLayout(dim=[], data_offset=0)""}"
rel_single_90deg_best_20260920T160636_1789887996648993205_r3lvdifh,4249,,,1789888035214706406,9553971376026,receipt_only_no_header,,,/ur10skku/currentP,valid,444.86521213397816,360.14534376297667,194.9456017440005,-0.04924012980502071,0.03300165629976705,2.3868956769928933,-0.019174862155983304,0.012851351387027584,0.9294938045103297,0.36811470332729057,mm,rotation_vector_rad,xyzw,TCP_from_joint_feedback_FK,robot_base,,"{""values"": [8.490626335144043, -5.802151679992676, 194.9456024169922, -0.04924013093113899, 0.03300165757536888, 2.3868956565856934], ""schema"": ""x_mm,y_mm,z_mm,rotation_vector_rad[3]"", ""frame"": ""policy_stain_relative_xy_base_z"", ""transform"": ""stain_relative_v1"", ""note"": ""existing policy XY transform only; not a full rotated rigid TCP frame""}",,"[444.86521213397816, 360.14534376297667, 194.9456017440005, -0.04924012980502071, 0.03300165629976705, 2.3868956769928933]","{""source_acquisition_stamp"": null, ""calibration"": ""deployed EE2TCP unverified"", ""layout"": ""std_msgs.msg.MultiArrayLayout(dim=[], data_offset=0)""}"
rel_single_90deg_best_20260920T160636_1789887996648993205_r3lvdifh,4428,,,1789888035314264817,9554070929116,receipt_only_no_header,,,/ur10skku/currentP,valid,444.5049440859437,360.2830255107303,195.02863343334747,-0.04904212818291091,0.03279415064700214,2.3864644591324633,-0.019099604767097475,0.012771780900174168,0.9294157828990375,0.3683183259200497,mm,rotation_vector_rad,xyzw,TCP_from_joint_feedback_FK,robot_base,,"{""values"": [8.130366325378418, -5.664486885070801, 195.0286407470703, -0.04904212802648544, 0.032794151455163956, 2.3864643573760986], ""schema"": ""x_mm,y_mm,z_mm,rotation_vector_rad[3]"", ""frame"": ""policy_stain_relative_xy_base_z"", ""transform"": ""stain_relative_v1"", ""note"": ""existing policy XY transform only; not a full rotated rigid TCP frame""}",,"[444.5049440859437, 360.2830255107303, 195.02863343334747, -0.04904212818291091, 0.03279415064700214, 2.3864644591324633]","{""source_acquisition_stamp"": null, ""calibration"": ""deployed EE2TCP unverified"", ""layout"": ""std_msgs.msg.MultiArrayLayout(dim=[], data_offset=0)""}"
rel_single_90deg_best_20260920T160636_1789887996648993205_r3lvdifh,4431,,,1789888035373453838,9554130119189,receipt_only_no_header,,,/ur10skku/currentP,valid,443.5954548791363,360.6513095097838,195.20231848880928,-0.04855936561922261,0.03229385994523588,2.3854110062969354,-0.018916058335608076,0.012579911842263031,0.9292249429974485,0.3688155824615786,mm,rotation_vector_rad,xyzw,TCP_from_joint_feedback_FK,robot_base,,"{""values"": [7.220881462097168, -5.296200752258301, 195.2023162841797, -0.048559363931417465, 0.032293859869241714, 2.385411024093628], ""schema"": ""x_mm,y_mm,z_mm,rotation_vector_rad[3]"", ""frame"": ""policy_stain_relative_xy_base_z"", ""transform"": ""stain_relative_v1"", ""note"": ""existing policy XY transform only; not a full rotated rigid TCP frame""}",,"[443.5954548791363, 360.6513095097838, 195.20231848880928, -0.04855936561922261, 0.03229385994523588, 2.3854110062969354]","{""source_acquisition_stamp"": null, ""calibration"": ""deployed EE2TCP unverified"", ""layout"": ""std_msgs.msg.MultiArrayLayout(dim=[], data_offset=0)""}"
rel_single_90deg_best_20260920T160636_1789887996648993205_r3lvdifh,4433,,,1789888035430593696,9554187257234,receipt_only_no_header,,,/ur10skku/currentP,valid,443.01039273731044,360.9441041053686,195.34980976150138,-0.04822690544598132,0.03184729311693801,2.3847876075569894,-0.018789186651420497,0.012407695023826373,0.929112475038902,0.3691111272994346,mm,rotation_vector_rad,xyzw,TCP_from_joint_feedback_FK,robot_base,,"{""values"": [6.635828971862793, -5.003415107727051, 195.3498077392578, -0.04822690412402153, 0.03184729442000389, 2.3847875595092773], ""schema"": ""x_mm,y_mm,z_mm,rotation_vector_rad[3]"", ""frame"": ""policy_stain_relative_xy_base_z"", ""transform"": ""stain_relative_v1"", ""note"": ""existing policy XY transform only; not a full rotated rigid TCP frame""}",,"[443.01039273731044, 360.9441041053686, 195.34980976150138, -0.04822690544598132, 0.03184729311693801, 2.3847876075569894]","{""source_acquisition_stamp"": null, ""calibration"": ""deployed EE2TCP unverified"", ""layout"": ""std_msgs.msg.MultiArrayLayout(dim=[], data_offset=0)""}"
rel_single_90deg_best_20260920T160636_1789887996648993205_r3lvdifh,4435,,,1789888035486582815,9554243251463,receipt_only_no_header,,,/ur10skku/currentP,valid,442.5332494671895,361.18801325996264,195.47556495508837,-0.0479394460370022,0.03146998335866283,2.384248542876152,-0.018679457526645987,0.012262182109043786,0.9290151028288284,0.3693665597646548,mm,rotation_vector_rad,xyzw,TCP_from_joint_feedback_FK,robot_base,,"{""values"": [6.158686637878418, -4.759488105773926, 195.47557067871094, -0.047939445823431015, 0.031469982117414474, 2.3842484951019287], ""schema"": ""x_mm,y_mm,z_mm,rotation_vector_rad[3]"", ""frame"": ""policy_stain_relative_xy_base_z"", ""transform"": ""stain_relative_v1"", ""note"": ""existing policy XY transform only; not a full rotated rigid TCP frame""}",,"[442.5332494671895, 361.18801325996264, 195.47556495508837, -0.0479394460370022, 0.03146998335866283, 2.384248542876152]","{""source_acquisition_stamp"": null, ""calibration"": ""deployed EE2TCP unverified"", ""layout"": ""std_msgs.msg.MultiArrayLayout(dim=[], data_offset=0)""}"
rel_single_90deg_best_20260920T160636_1789887996648993205_r3lvdifh,4437,,,1789888035542624906,9554299293043,receipt_only_no_header,,,/ur10skku/currentP,valid,442.0477079470029,361.41658579987353,195.55237156328843,-0.04749264761745071,0.031178545540433873,2.383735776381806,-0.018507508134403848,0.012150031934552203,0.9289229277553561,0.3696106642902252,mm,rotation_vector_rad,xyzw,TCP_from_joint_feedback_FK,robot_base,,"{""values"": [5.673121452331543, -4.530911445617676, 195.5523681640625, -0.04749264940619469, 0.031178545206785202, 2.3837358951568604], ""schema"": ""x_mm,y_mm,z_mm,rotation_vector_rad[3]"", ""frame"": ""policy_stain_relative_xy_base_z"", ""transform"": ""stain_relative_v1"", ""note"": ""existing policy XY transform only; not a full rotated rigid TCP frame""}",,"[442.0477079470029, 361.41658579987353, 195.55237156328843, -0.04749264761745071, 0.031178545540433873, 2.383735776381806]","{""source_acquisition_stamp"": null, ""calibration"": ""deployed EE2TCP unverified"", ""layout"": ""std_msgs.msg.MultiArrayLayout(dim=[], data_offset=0)""}"
rel_single_90deg_best_20260920T160636_1789887996648993205_r3lvdifh,4439,,,1789888035598635536,9554355303884,receipt_only_no_header,,,/ur10skku/currentP,valid,441.5718972426606,361.62692613805876,195.63507651827422,-0.04705962070607592,0.030890927957737645,2.383210851595255,-0.01834093272111189,0.012039375219452845,0.9288283507922291,0.36986018763288464,mm,rotation_vector_rad,xyzw,TCP_from_joint_feedback_FK,robot_base,,"{""values"": [5.197321891784668, -4.320584297180176, 195.63507080078125, -0.047059621661901474, 0.030890928581357002, 2.3832108974456787], ""schema"": ""x_mm,y_mm,z_mm,rotation_vector_rad[3]"", ""frame"": ""policy_stain_relative_xy_base_z"", ""transform"": ""stain_relative_v1"", ""note"": ""existing policy XY transform only; not a full rotated rigid TCP frame""}",,"[441.5718972426606, 361.62692613805876, 195.63507651827422, -0.04705962070607592, 0.030890927957737645, 2.383210851595255]","{""source_acquisition_stamp"": null, ""calibration"": ""deployed EE2TCP unverified"", ""layout"": ""std_msgs.msg.MultiArrayLayout(dim=[], data_offset=0)""}"
rel_single_90deg_best_20260920T160636_1789887996648993205_r3lvdifh,4441,,,1789888035654594978,9554411262785,receipt_only_no_header,,,/ur10skku/currentP,valid,441.09374447326263,361.8603970920883,195.7157103780707,-0.04660094125580464,0.030492798662449607,2.38273324501779,-0.018164135921500495,0.011885496829158836,0.9287428399697842,0.37008855201993096,mm,rotation_vector_rad,xyzw,TCP_from_joint_feedback_FK,robot_base,,"{""values"": [4.719172477722168, -4.087124824523926, 195.71571350097656, -0.04660094156861305, 0.03049279935657978, 2.3827333450317383], ""schema"": ""x_mm,y_mm,z_mm,rotation_vector_rad[3]"", ""frame"": ""policy_stain_relative_xy_base_z"", ""transform"": ""stain_relative_v1"", ""note"": ""existing policy XY transform only; not a full rotated rigid TCP frame""}",,"[441.09374447326263, 361.8603970920883, 195.7157103780707, -0.04660094125580464, 0.030492798662449607, 2.38273324501779]","{""source_acquisition_stamp"": null, ""calibration"": ""deployed EE2TCP unverified"", ""layout"": ""std_msgs.msg.MultiArrayLayout(dim=[], data_offset=0)""}"
rel_single_90deg_best_20260920T160636_1789887996648993205_r3lvdifh,4443,,,1789888035710628894,9554467292322,receipt_only_no_header,,,/ur10skku/currentP,valid,440.59193619739045,362.12273645752595,195.84056337585048,-0.046163188779062406,0.030154918223531856,2.3821952840029015,-0.017995691920385432,0.011755223860991633,0.9286458227633291,0.37034430689360437,mm,rotation_vector_rad,xyzw,TCP_from_joint_feedback_FK,robot_base,,"{""values"": [4.217371940612793, -3.82476544380188, 195.84056091308594, -0.04616319015622139, 0.030154917389154434, 2.382195234298706], ""schema"": ""x_mm,y_mm,z_mm,rotation_vector_rad[3]"", ""frame"": ""policy_stain_relative_xy_base_z"", ""transform"": ""stain_relative_v1"", ""note"": ""existing policy XY transform only; not a full rotated rigid TCP frame""}",,"[440.59193619739045, 362.12273645752595, 195.84056337585048, -0.046163188779062406, 0.030154918223531856, 2.3821952840029015]","{""source_acquisition_stamp"": null, ""calibration"": ""deployed EE2TCP unverified"", ""layout"": ""std_msgs.msg.MultiArrayLayout(dim=[], data_offset=0)""}"
rel_single_90deg_best_20260920T160636_1789887996648993205_r3lvdifh,4445,,,1789888035766685262,9554523355162,receipt_only_no_header,,,/ur10skku/currentP,valid,440.1097386318353,362.38122543735574,195.9784015981905,-0.045631027986125186,0.029635466411159227,2.3816579051311475,-0.017790411923925706,0.01155413713608421,0.9285496528160738,0.3706015993135571,mm,rotation_vector_rad,xyzw,TCP_from_joint_feedback_FK,robot_base,,"{""values"": [3.735163688659668, -3.56628155708313, 195.97840881347656, -0.04563102871179581, 0.029635466635227203, 2.381657838821411], ""schema"": ""x_mm,y_mm,z_mm,rotation_vector_rad[3]"", ""frame"": ""policy_stain_relative_xy_base_z"", ""transform"": ""stain_relative_v1"", ""note"": ""existing policy XY transform only; not a full rotated rigid TCP frame""}",,"[440.1097386318353, 362.38122543735574, 195.9784015981905, -0.045631027986125186, 0.029635466411159227, 2.3816579051311475]","{""source_acquisition_stamp"": null, ""calibration"": ""deployed EE2TCP unverified"", ""layout"": ""std_msgs.msg.MultiArrayLayout(dim=[], data_offset=0)""}"
rel_single_90deg_best_20260920T160636_1789887996648993205_r3lvdifh,4447,,,1789888035822674812,9554579340925,receipt_only_no_header,,,/ur10skku/currentP,valid,439.64984042508183,362.6028165723529,196.06666745546397,-0.04520479623923891,0.029304831459930424,2.38109606724486,-0.01762646235154283,0.011426674853550192,0.9284479452706155,0.37086810573239226,mm,rotation_vector_rad,xyzw,TCP_from_joint_feedback_FK,robot_base,,"{""values"": [3.275263786315918, -3.344693422317505, 196.06666564941406, -0.04520479589700699, 0.029304832220077515, 2.381096124649048], ""schema"": ""x_mm,y_mm,z_mm,rotation_vector_rad[3]"", ""frame"": ""policy_stain_relative_xy_base_z"", ""transform"": ""stain_relative_v1"", ""note"": ""existing policy XY transform only; not a full rotated rigid TCP frame""}",,"[439.64984042508183, 362.6028165723529, 196.06666745546397, -0.04520479623923891, 0.029304831459930424, 2.38109606724486]","{""source_acquisition_stamp"": null, ""calibration"": ""deployed EE2TCP unverified"", ""layout"": ""std_msgs.msg.MultiArrayLayout(dim=[], data_offset=0)""}"
rel_single_90deg_best_20260920T160636_1789887996648993205_r3lvdifh,4449,,,1789888035878609316,9554635275750,receipt_only_no_header,,,/ur10skku/currentP,valid,439.13703428715405,362.885458985034,196.20915780897667,-0.04467515231578089,0.02877189427583426,2.3806543221080836,-0.01742169829773632,0.011220001176154683,0.9283693328633269,0.3710808238119171,mm,rotation_vector_rad,xyzw,TCP_from_joint_feedback_FK,robot_base,,"{""values"": [2.762446403503418, -3.062039613723755, 196.2091522216797, -0.044675152748823166, 0.028771894052624702, 2.3806543350219727], ""schema"": ""x_mm,y_mm,z_mm,rotation_vector_rad[3]"", ""frame"": ""policy_stain_relative_xy_base_z"", ""transform"": ""stain_relative_v1"", ""note"": ""existing policy XY transform only; not a full rotated rigid TCP frame""}",,"[439.13703428715405, 362.885458985034, 196.20915780897667, -0.04467515231578089, 0.02877189427583426, 2.3806543221080836]","{""source_acquisition_stamp"": null, ""calibration"": ""deployed EE2TCP unverified"", ""layout"": ""std_msgs.msg.MultiArrayLayout(dim=[], data_offset=0)""}"
rel_single_90deg_best_20260920T160636_1789887996648993205_r3lvdifh,4451,,,1789888035934659222,9554691332910,receipt_only_no_header,,,/ur10skku/currentP,valid,438.6579245615374,363.1499802143126,196.33529321281526,-0.044145209131491045,0.028322988890258378,2.3803317649946623,-0.017216319466608915,0.011045765431340107,0.9283125600470116,0.3712376331529751,mm,rotation_vector_rad,xyzw,TCP_from_joint_feedback_FK,robot_base,,"{""values"": [2.283350944519043, -2.797513246536255, 196.33529663085938, -0.04414520785212517, 0.028322989121079445, 2.3803317546844482], ""schema"": ""x_mm,y_mm,z_mm,rotation_vector_rad[3]"", ""frame"": ""policy_stain_relative_xy_base_z"", ""transform"": ""stain_relative_v1"", ""note"": ""existing policy XY transform only; not a full rotated rigid TCP frame""}",,"[438.6579245615374, 363.1499802143126, 196.33529321281526, -0.044145209131491045, 0.028322988890258378, 2.3803317649946623]","{""source_acquisition_stamp"": null, ""calibration"": ""deployed EE2TCP unverified"", ""layout"": ""std_msgs.msg.MultiArrayLayout(dim=[], data_offset=0)""}"
rel_single_90deg_best_20260920T160636_1789887996648993205_r3lvdifh,4453,,,1789888035990655305,9554747323292,receipt_only_no_header,,,/ur10skku/currentP,valid,438.20943555465965,363.34765810956,196.40976245802318,-0.04369237382300973,0.02795140005968446,2.379878700489708,-0.017041463388606452,0.010901965700168794,0.928230997656651,0.3714538338189356,mm,rotation_vector_rad,xyzw,TCP_from_joint_feedback_FK,robot_base,,"{""values"": [1.834864616394043, -2.59985089302063, 196.40975952148438, -0.04369237273931503, 0.027951400727033615, 2.3798787593841553], ""schema"": ""x_mm,y_mm,z_mm,rotation_vector_rad[3]"", ""frame"": ""policy_stain_relative_xy_base_z"", ""transform"": ""stain_relative_v1"", ""note"": ""existing policy XY transform only; not a full rotated rigid TCP frame""}",,"[438.20943555465965, 363.34765810956, 196.40976245802318, -0.04369237382300973, 0.02795140005968446, 2.379878700489708]","{""source_acquisition_stamp"": null, ""calibration"": ""deployed EE2TCP unverified"", ""layout"": ""std_msgs.msg.MultiArrayLayout(dim=[], data_offset=0)""}"
rel_single_90deg_best_20260920T160636_1789887996648993205_r3lvdifh,4455,,,1789888036046543310,9554803211367,receipt_only_no_header,,,/ur10skku/currentP,valid,437.7109494727885,363.58421783803936,196.50092628801474,-0.043090881000971665,0.02763349333043659,2.3795456703822357,-0.016808146986473423,0.010778796043581422,0.92817209719869,0.37161520654100966,mm,rotation_vector_rad,xyzw,TCP_from_joint_feedback_FK,robot_base,,"{""values"": [1.336359977722168, -2.36327862739563, 196.5009307861328, -0.043090879917144775, 0.02763349376618862, 2.3795456886291504], ""schema"": ""x_mm,y_mm,z_mm,rotation_vector_rad[3]"", ""frame"": ""policy_stain_relative_xy_base_z"", ""transform"": ""stain_relative_v1"", ""note"": ""existing policy XY transform only; not a full rotated rigid TCP frame""}",,"[437.7109494727885, 363.58421783803936, 196.50092628801474, -0.043090881000971665, 0.02763349333043659, 2.3795456703822357]","{""source_acquisition_stamp"": null, ""calibration"": ""deployed EE2TCP unverified"", ""layout"": ""std_msgs.msg.MultiArrayLayout(dim=[], data_offset=0)""}"
rel_single_90deg_best_20260920T160636_1789887996648993205_r3lvdifh,4457,,,1789888036115814622,9554872482648,receipt_only_no_header,,,/ur10skku/currentP,valid,437.24828529479726,363.86134987574144,196.60857986252188,-0.042497724219201526,0.027082167965103675,2.3790802580508448,-0.016578537522335287,0.010564865437966121,0.9280890224451671,0.3718390809593208,mm,rotation_vector_rad,xyzw,TCP_from_joint_feedback_FK,robot_base,,"{""values"": [0.8737134337425232, -2.086148500442505, 196.60858154296875, -0.042497724294662476, 0.0270821675658226, 2.379080295562744], ""schema"": ""x_mm,y_mm,z_mm,rotation_vector_rad[3]"", ""frame"": ""policy_stain_relative_xy_base_z"", ""transform"": ""stain_relative_v1"", ""note"": ""existing policy XY transform only; not a full rotated rigid TCP frame""}",,"[437.24828529479726, 363.86134987574144, 196.60857986252188, -0.042497724219201526, 0.027082167965103675, 2.3790802580508448]","{""source_acquisition_stamp"": null, ""calibration"": ""deployed EE2TCP unverified"", ""layout"": ""std_msgs.msg.MultiArrayLayout(dim=[], data_offset=0)""}"
rel_single_90deg_best_20260920T160636_1789887996648993205_r3lvdifh,4459,,,1789888036166545178,9554923214687,receipt_only_no_header,,,/ur10skku/currentP,valid,436.642987910923,364.1251722110727,196.63811589928162,-0.04160344767722912,0.026651820542691895,2.378713505701722,-0.01623105918999665,0.010397870871321307,0.9280250042407189,0.3720188550368488,mm,rotation_vector_rad,xyzw,TCP_from_joint_feedback_FK,robot_base,,"{""values"": [0.2683972716331482, -1.8223240375518799, 196.63812255859375, -0.0416034460067749, 0.026651820167899132, 2.378713607788086], ""schema"": ""x_mm,y_mm,z_mm,rotation_vector_rad[3]"", ""frame"": ""policy_stain_relative_xy_base_z"", ""transform"": ""stain_relative_v1"", ""note"": ""existing policy XY transform only; not a full rotated rigid TCP frame""}",,"[436.642987910923, 364.1251722110727, 196.63811589928162, -0.04160344767722912, 0.026651820542691895, 2.378713505701722]","{""source_acquisition_stamp"": null, ""calibration"": ""deployed EE2TCP unverified"", ""layout"": ""std_msgs.msg.MultiArrayLayout(dim=[], data_offset=0)""}"
rel_single_90deg_best_20260920T160636_1789887996648993205_r3lvdifh,4461,,,1789888036222499701,9554979163629,receipt_only_no_header,,,/ur10skku/currentP,valid,436.15897971472606,364.34917216131726,196.75298211769393,-0.040972394425956814,0.026132328764065904,2.378320310130943,-0.01598630230459776,0.010196116516950116,0.9279552241845841,0.37220905316117325,mm,rotation_vector_rad,xyzw,TCP_from_joint_feedback_FK,robot_base,,"{""values"": [-0.2156115025281906, -1.5983250141143799, 196.7529754638672, -0.04097239300608635, 0.026132328435778618, 2.3783202171325684], ""schema"": ""x_mm,y_mm,z_mm,rotation_vector_rad[3]"", ""frame"": ""policy_stain_relative_xy_base_z"", ""transform"": ""stain_relative_v1"", ""note"": ""existing policy XY transform only; not a full rotated rigid TCP frame""}",,"[436.15897971472606, 364.34917216131726, 196.75298211769393, -0.040972394425956814, 0.026132328764065904, 2.378320310130943]","{""source_acquisition_stamp"": null, ""calibration"": ""deployed EE2TCP unverified"", ""layout"": ""std_msgs.msg.MultiArrayLayout(dim=[], data_offset=0)""}"
rel_single_90deg_best_20260920T160636_1789887996648993205_r3lvdifh,4463,,,1789888036278611806,9555035276115,receipt_only_no_header,,,/ur10skku/currentP,valid,435.66991520314446,364.6099830286048,196.90670854833763,-0.04041167531623404,0.02548390578040574,2.378033178078742,-0.015768577920299474,0.009943783593907832,0.9279051455342261,0.3723499885985168,mm,rotation_vector_rad,xyzw,TCP_from_joint_feedback_FK,robot_base,,"{""values"": [-0.7046557068824768, -1.3375217914581299, 196.90670776367188, -0.04041167348623276, 0.025483906269073486, 2.37803316116333], ""schema"": ""x_mm,y_mm,z_mm,rotation_vector_rad[3]"", ""frame"": ""policy_stain_relative_xy_base_z"", ""transform"": ""stain_relative_v1"", ""note"": ""existing policy XY transform only; not a full rotated rigid TCP frame""}",,"[435.66991520314446, 364.6099830286048, 196.90670854833763, -0.04041167531623404, 0.02548390578040574, 2.378033178078742]","{""source_acquisition_stamp"": null, ""calibration"": ""deployed EE2TCP unverified"", ""layout"": ""std_msgs.msg.MultiArrayLayout(dim=[], data_offset=0)""}"
rel_single_90deg_best_20260920T160636_1789887996648993205_r3lvdifh,4465,,,1789888036334821027,9555091489204,receipt_only_no_header,,,/ur10skku/currentP,valid,435.21950352034764,364.846665168291,196.93750225576855,-0.03987418174225803,0.025047074385897615,2.3777347302998675,-0.015559916131791071,0.00977400312087832,0.9278523438113236,0.3724948133287198,mm,rotation_vector_rad,xyzw,TCP_from_joint_feedback_FK,robot_base,,"{""values"": [-1.155064582824707, -1.1008274555206299, 196.9375, -0.039874181151390076, 0.025047075003385544, 2.377734661102295], ""schema"": ""x_mm,y_mm,z_mm,rotation_vector_rad[3]"", ""frame"": ""policy_stain_relative_xy_base_z"", ""transform"": ""stain_relative_v1"", ""note"": ""existing policy XY transform only; not a full rotated rigid TCP frame""}",,"[435.21950352034764, 364.846665168291, 196.93750225576855, -0.03987418174225803, 0.025047074385897615, 2.3777347302998675]","{""source_acquisition_stamp"": null, ""calibration"": ""deployed EE2TCP unverified"", ""layout"": ""std_msgs.msg.MultiArrayLayout(dim=[], data_offset=0)""}"
rel_single_90deg_best_20260920T160636_1789887996648993205_r3lvdifh,4467,,,1789888036390720044,9555147393180,receipt_only_no_header,,,/ur10skku/currentP,valid,434.76228134918034,365.0295591392461,196.98712331776852,-0.03924766691099954,0.024578245881080867,2.3772934126175875,-0.015316970925059856,0.009592016728107219,0.9277732142390057,0.3727066494676379,mm,rotation_vector_rad,xyzw,TCP_from_joint_feedback_FK,robot_base,,"{""values"": [-1.612309455871582, -0.9179355502128601, 196.98712158203125, -0.03924766555428505, 0.024578245356678963, 2.377293348312378], ""schema"": ""x_mm,y_mm,z_mm,rotation_vector_rad[3]"", ""frame"": ""policy_stain_relative_xy_base_z"", ""transform"": ""stain_relative_v1"", ""note"": ""existing policy XY transform only; not a full rotated rigid TCP frame""}",,"[434.76228134918034, 365.0295591392461, 196.98712331776852, -0.03924766691099954, 0.024578245881080867, 2.3772934126175875]","{""source_acquisition_stamp"": null, ""calibration"": ""deployed EE2TCP unverified"", ""layout"": ""std_msgs.msg.MultiArrayLayout(dim=[], data_offset=0)""}"
rel_single_90deg_best_20260920T160636_1789887996648993205_r3lvdifh,4469,,,1789888036449332628,9555206003530,receipt_only_no_header,,,/ur10skku/currentP,valid,434.31775776233127,365.26556304132583,197.06173620732272,-0.03854846266434512,0.023979229139349505,2.3769723544800367,-0.01504521548635038,0.00935893793585126,0.9277169258250968,0.3728637248503986,mm,rotation_vector_rad,xyzw,TCP_from_joint_feedback_FK,robot_base,,"{""values"": [-2.056828498840332, -0.6819431185722351, 197.06173706054688, -0.038548462092876434, 0.023979229852557182, 2.3769724369049072], ""schema"": ""x_mm,y_mm,z_mm,rotation_vector_rad[3]"", ""frame"": ""policy_stain_relative_xy_base_z"", ""transform"": ""stain_relative_v1"", ""note"": ""existing policy XY transform only; not a full rotated rigid TCP frame""}",,"[434.31775776233127, 365.26556304132583, 197.06173620732272, -0.03854846266434512, 0.023979229139349505, 2.3769723544800367]","{""source_acquisition_stamp"": null, ""calibration"": ""deployed EE2TCP unverified"", ""layout"": ""std_msgs.msg.MultiArrayLayout(dim=[], data_offset=0)""}"
rel_single_90deg_best_20260920T160636_1789887996648993205_r3lvdifh,4471,,,1789888036502603550,9555259269933,receipt_only_no_header,,,/ur10skku/currentP,valid,433.76343878771485,365.5007865837936,197.10305784868916,-0.037871840640266816,0.023451916535468905,2.37654297074165,-0.014782580769607995,0.009154026963745482,0.9276401099998149,0.37307037595562115,mm,rotation_vector_rad,xyzw,TCP_from_joint_feedback_FK,robot_base,,"{""values"": [-2.611149787902832, -0.4467136263847351, 197.10305786132812, -0.037871841341257095, 0.023451916873455048, 2.3765430450439453], ""schema"": ""x_mm,y_mm,z_mm,rotation_vector_rad[3]"", ""frame"": ""policy_stain_relative_xy_base_z"", ""transform"": ""stain_relative_v1"", ""note"": ""existing policy XY transform only; not a full rotated rigid TCP frame""}",,"[433.76343878771485, 365.5007865837936, 197.10305784868916, -0.037871840640266816, 0.023451916535468905, 2.37654297074165]","{""source_acquisition_stamp"": null, ""calibration"": ""deployed EE2TCP unverified"", ""layout"": ""std_msgs.msg.MultiArrayLayout(dim=[], data_offset=0)""}"
rel_single_90deg_best_20260920T160636_1789887996648993205_r3lvdifh,4473,,,1789888036558512425,9555315177416,receipt_only_no_header,,,/ur10skku/currentP,valid,433.2850126052468,365.6992462795513,197.11331327013067,-0.03717947068334431,0.02299223113353991,2.3761620445131233,-0.01451358997226417,0.008975378322672464,0.927572151724305,0.3732542051144563,mm,rotation_vector_rad,xyzw,TCP_from_joint_feedback_FK,robot_base,,"{""values"": [-3.089573860168457, -0.2482578158378601, 197.11331176757812, -0.03717947006225586, 0.02299223095178604, 2.376162052154541], ""schema"": ""x_mm,y_mm,z_mm,rotation_vector_rad[3]"", ""frame"": ""policy_stain_relative_xy_base_z"", ""transform"": ""stain_relative_v1"", ""note"": ""existing policy XY transform only; not a full rotated rigid TCP frame""}",,"[433.2850126052468, 365.6992462795513, 197.11331327013067, -0.03717947068334431, 0.02299223113353991, 2.3761620445131233]","{""source_acquisition_stamp"": null, ""calibration"": ""deployed EE2TCP unverified"", ""layout"": ""std_msgs.msg.MultiArrayLayout(dim=[], data_offset=0)""}"
rel_single_90deg_best_20260920T160636_1789887996648993205_r3lvdifh,4475,,,1789888036614692992,9555371358684,receipt_only_no_header,,,/ur10skku/currentP,valid,432.72203989198033,365.92554195438805,197.1202069639633,-0.03623947461447557,0.022619603507026166,2.3759271915798035,-0.014147433450929057,0.008830407689581378,0.9275319850719218,0.3733715183236769,mm,rotation_vector_rad,xyzw,TCP_from_joint_feedback_FK,robot_base,,"{""values"": [-3.652531623840332, -0.021969977766275406, 197.12020874023438, -0.03623947501182556, 0.02261960320174694, 2.375927209854126], ""schema"": ""x_mm,y_mm,z_mm,rotation_vector_rad[3]"", ""frame"": ""policy_stain_relative_xy_base_z"", ""transform"": ""stain_relative_v1"", ""note"": ""existing policy XY transform only; not a full rotated rigid TCP frame""}",,"[432.72203989198033, 365.92554195438805, 197.1202069639633, -0.03623947461447557, 0.022619603507026166, 2.3759271915798035]","{""source_acquisition_stamp"": null, ""calibration"": ""deployed EE2TCP unverified"", ""layout"": ""std_msgs.msg.MultiArrayLayout(dim=[], data_offset=0)""}"
rel_single_90deg_best_20260920T160636_1789887996648993205_r3lvdifh,4477,,,1789888036683045510,9555439713286,receipt_only_no_header,,,/ur10skku/currentP,valid,432.2010879511791,366.1466064210831,197.14836583156296,-0.035315605875808585,0.022143419957710127,2.3756319878049132,-0.013787715937279926,0.008645106793026583,0.9274805912874586,0.37351695249725453,mm,rotation_vector_rad,xyzw,TCP_from_joint_feedback_FK,robot_base,,"{""values"": [-4.173497200012207, 0.1990993618965149, 197.1483612060547, -0.035315606743097305, 0.022143419831991196, 2.3756320476531982], ""schema"": ""x_mm,y_mm,z_mm,rotation_vector_rad[3]"", ""frame"": ""policy_stain_relative_xy_base_z"", ""transform"": ""stain_relative_v1"", ""note"": ""existing policy XY transform only; not a full rotated rigid TCP frame""}",,"[432.2010879511791, 366.1466064210831, 197.14836583156296, -0.035315605875808585, 0.022143419957710127, 2.3756319878049132]","{""source_acquisition_stamp"": null, ""calibration"": ""deployed EE2TCP unverified"", ""layout"": ""std_msgs.msg.MultiArrayLayout(dim=[], data_offset=0)""}"
rel_single_90deg_best_20260920T160636_1789887996648993205_r3lvdifh,4479,,,1789888036734697014,9555491365511,receipt_only_no_header,,,/ur10skku/currentP,valid,431.6262844059204,366.39301759432635,197.1850556497481,-0.03442712160658694,0.02156037477820656,2.3753113092530307,-0.01344183941128264,0.00841810415426283,0.9274244165877019,0.37367419497825916,mm,rotation_vector_rad,xyzw,TCP_from_joint_feedback_FK,robot_base,,"{""values"": [-4.748295783996582, 0.4454982876777649, 197.18505859375, -0.03442712128162384, 0.02156037464737892, 2.3753113746643066], ""schema"": ""x_mm,y_mm,z_mm,rotation_vector_rad[3]"", ""frame"": ""policy_stain_relative_xy_base_z"", ""transform"": ""stain_relative_v1"", ""note"": ""existing policy XY transform only; not a full rotated rigid TCP frame""}",,"[431.6262844059204, 366.39301759432635, 197.1850556497481, -0.03442712160658694, 0.02156037477820656, 2.3753113092530307]","{""source_acquisition_stamp"": null, ""calibration"": ""deployed EE2TCP unverified"", ""layout"": ""std_msgs.msg.MultiArrayLayout(dim=[], data_offset=0)""}"
rel_single_90deg_best_20260920T160636_1789887996648993205_r3lvdifh,4481,,,1789888036790527639,9555547191367,receipt_only_no_header,,,/ur10skku/currentP,valid,431.1226227770485,366.6134630755049,197.20345736381825,-0.033550236749961306,0.021079498811672013,2.375027420904113,-0.013100330214671448,0.008230892594014147,0.9273747817227919,0.3738136540844601,mm,rotation_vector_rad,xyzw,TCP_from_joint_feedback_FK,robot_base,,"{""values"": [-5.251957893371582, 0.6659572720527649, 197.20346069335938, -0.033550236374139786, 0.021079499274492264, 2.3750274181365967], ""schema"": ""x_mm,y_mm,z_mm,rotation_vector_rad[3]"", ""frame"": ""policy_stain_relative_xy_base_z"", ""transform"": ""stain_relative_v1"", ""note"": ""existing policy XY transform only; not a full rotated rigid TCP frame""}",,"[431.1226227770485, 366.6134630755049, 197.20345736381825, -0.033550236749961306, 0.021079498811672013, 2.375027420904113]","{""source_acquisition_stamp"": null, ""calibration"": ""deployed EE2TCP unverified"", ""layout"": ""std_msgs.msg.MultiArrayLayout(dim=[], data_offset=0)""}"
rel_single_90deg_best_20260920T160636_1789887996648993205_r3lvdifh,4483,,,1789888036846644202,9555603310876,receipt_only_no_header,,,/ur10skku/currentP,valid,430.6872858598219,366.830517709706,197.24628284283847,-0.03295410000078747,0.020411513945727565,2.374703645058935,-0.01286851148802012,0.007970656206426558,0.9273171209759612,0.3739703560398548,mm,rotation_vector_rad,xyzw,TCP_from_joint_feedback_FK,robot_base,,"{""values"": [-5.687291145324707, 0.8829982876777649, 197.24627685546875, -0.032954100519418716, 0.02041151374578476, 2.3747036457061768], ""schema"": ""x_mm,y_mm,z_mm,rotation_vector_rad[3]"", ""frame"": ""policy_stain_relative_xy_base_z"", ""transform"": ""stain_relative_v1"", ""note"": ""existing policy XY transform only; not a full rotated rigid TCP frame""}",,"[430.6872858598219, 366.830517709706, 197.24628284283847, -0.03295410000078747, 0.020411513945727565, 2.374703645058935]","{""source_acquisition_stamp"": null, ""calibration"": ""deployed EE2TCP unverified"", ""layout"": ""std_msgs.msg.MultiArrayLayout(dim=[], data_offset=0)""}"
rel_single_90deg_best_20260920T160636_1789887996648993205_r3lvdifh,4485,,,1789888036902737000,9555659403745,receipt_only_no_header,,,/ur10skku/currentP,valid,430.2394255517328,367.05035751036684,197.314074578752,-0.03227767010504573,0.01974916364879511,2.3744650650891175,-0.012605067884141228,0.007712438587974842,0.9272755200906327,0.3740878779047908,mm,rotation_vector_rad,xyzw,TCP_from_joint_feedback_FK,robot_base,,"{""values"": [-6.135167121887207, 1.1028468608856201, 197.31407165527344, -0.0322776697576046, 0.01974916271865368, 2.374464988708496], ""schema"": ""x_mm,y_mm,z_mm,rotation_vector_rad[3]"", ""frame"": ""policy_stain_relative_xy_base_z"", ""transform"": ""stain_relative_v1"", ""note"": ""existing policy XY transform only; not a full rotated rigid TCP frame""}",,"[430.2394255517328, 367.05035751036684, 197.314074578752, -0.03227767010504573, 0.01974916364879511, 2.3744650650891175]","{""source_acquisition_stamp"": null, ""calibration"": ""deployed EE2TCP unverified"", ""layout"": ""std_msgs.msg.MultiArrayLayout(dim=[], data_offset=0)""}"
rel_single_90deg_best_20260920T160636_1789887996648993205_r3lvdifh,4487,,,1789888036958539561,9555715205785,receipt_only_no_header,,,/ur10skku/currentP,valid,429.7327783044155,367.27193671190975,197.31096261313894,-0.03156794930248266,0.019299066199019912,2.374371961433504,-0.012328195496601036,0.007536842470304244,0.9272607935890919,0.3741371837627247,mm,rotation_vector_rad,xyzw,TCP_from_joint_feedback_FK,robot_base,,"{""values"": [-6.641789436340332, 1.3244349956512451, 197.3109588623047, -0.031567949801683426, 0.019299065694212914, 2.3743720054626465], ""schema"": ""x_mm,y_mm,z_mm,rotation_vector_rad[3]"", ""frame"": ""policy_stain_relative_xy_base_z"", ""transform"": ""stain_relative_v1"", ""note"": ""existing policy XY transform only; not a full rotated rigid TCP frame""}",,"[429.7327783044155, 367.27193671190975, 197.31096261313894, -0.03156794930248266, 0.019299066199019912, 2.374371961433504]","{""source_acquisition_stamp"": null, ""calibration"": ""deployed EE2TCP unverified"", ""layout"": ""std_msgs.msg.MultiArrayLayout(dim=[], data_offset=0)""}"
rel_single_90deg_best_20260920T160636_1789887996648993205_r3lvdifh,4489,,,1789888037014652158,9555771318301,receipt_only_no_header,,,/ur10skku/currentP,valid,429.1936888555258,367.5440088241549,197.33293918562595,-0.0307061731167971,0.01872785982310295,2.3741099869806765,-0.011992377898405952,0.0073142156586151405,0.9272149944558667,0.3742660005635671,mm,rotation_vector_rad,xyzw,TCP_from_joint_feedback_FK,robot_base,,"{""values"": [-7.180882453918457, 1.5964992046356201, 197.33294677734375, -0.030706172809004784, 0.01872785948216915, 2.374109983444214], ""schema"": ""x_mm,y_mm,z_mm,rotation_vector_rad[3]"", ""frame"": ""policy_stain_relative_xy_base_z"", ""transform"": ""stain_relative_v1"", ""note"": ""existing policy XY transform only; not a full rotated rigid TCP frame""}",,"[429.1936888555258, 367.5440088241549, 197.33293918562595, -0.0307061731167971, 0.01872785982310295, 2.3741099869806765]","{""source_acquisition_stamp"": null, ""calibration"": ""deployed EE2TCP unverified"", ""layout"": ""std_msgs.msg.MultiArrayLayout(dim=[], data_offset=0)""}"
rel_single_90deg_best_20260920T160636_1789887996648993205_r3lvdifh,4491,,,1789888037071624454,9555828289104,receipt_only_no_header,,,/ur10skku/currentP,valid,428.678031366412,367.72063114377204,197.3338803040233,-0.02995570258972965,0.018319765256442827,2.373885032648376,-0.011699889638939556,0.007155206294014507,0.9271754790034148,0.3743762101684817,mm,rotation_vector_rad,xyzw,TCP_from_joint_feedback_FK,robot_base,,"{""values"": [-7.696537971496582, 1.7731349468231201, 197.33387756347656, -0.029955701902508736, 0.018319765105843544, 2.373884916305542], ""schema"": ""x_mm,y_mm,z_mm,rotation_vector_rad[3]"", ""frame"": ""policy_stain_relative_xy_base_z"", ""transform"": ""stain_relative_v1"", ""note"": ""existing policy XY transform only; not a full rotated rigid TCP frame""}",,"[428.678031366412, 367.72063114377204, 197.3338803040233, -0.02995570258972965, 0.018319765256442827, 2.373885032648376]","{""source_acquisition_stamp"": null, ""calibration"": ""deployed EE2TCP unverified"", ""layout"": ""std_msgs.msg.MultiArrayLayout(dim=[], data_offset=0)""}"
rel_single_90deg_best_20260920T160636_1789887996648993205_r3lvdifh,4493,,,1789888037126549851,9555883213870,receipt_only_no_header,,,/ur10skku/currentP,valid,428.22959048950196,367.97492105325756,197.36785694921724,-0.029266158251115837,0.01773457343548967,2.37359851731872,-0.011431323140657012,0.00692710119187115,0.9271244768390515,0.3745150792241169,mm,rotation_vector_rad,xyzw,TCP_from_joint_feedback_FK,robot_base,,"{""values"": [-8.144993782043457, 2.02740740776062, 197.36785888671875, -0.029266158118844032, 0.017734574154019356, 2.373598575592041], ""schema"": ""x_mm,y_mm,z_mm,rotation_vector_rad[3]"", ""frame"": ""policy_stain_relative_xy_base_z"", ""transform"": ""stain_relative_v1"", ""note"": ""existing policy XY transform only; not a full rotated rigid TCP frame""}",,"[428.22959048950196, 367.97492105325756, 197.36785694921724, -0.029266158251115837, 0.01773457343548967, 2.37359851731872]","{""source_acquisition_stamp"": null, ""calibration"": ""deployed EE2TCP unverified"", ""layout"": ""std_msgs.msg.MultiArrayLayout(dim=[], data_offset=0)""}"
rel_single_90deg_best_20260920T160636_1789887996648993205_r3lvdifh,4495,,,1789888037183536004,9555940201996,receipt_only_no_header,,,/ur10skku/currentP,valid,427.78013285449833,368.07903151217397,197.34684328940887,-0.028573703991264767,0.017528968765234937,2.373457880110775,-0.011161219978274869,0.006847018378888037,0.9271001588448153,0.37458489155041186,mm,rotation_vector_rad,xyzw,TCP_from_joint_feedback_FK,robot_base,,"{""values"": [-8.594456672668457, 2.13153338432312, 197.3468475341797, -0.02857370488345623, 0.017528967931866646, 2.373457908630371], ""schema"": ""x_mm,y_mm,z_mm,rotation_vector_rad[3]"", ""frame"": ""policy_stain_relative_xy_base_z"", ""transform"": ""stain_relative_v1"", ""note"": ""existing policy XY transform only; not a full rotated rigid TCP frame""}",,"[427.78013285449833, 368.07903151217397, 197.34684328940887, -0.028573703991264767, 0.017528968765234937, 2.373457880110775]","{""source_acquisition_stamp"": null, ""calibration"": ""deployed EE2TCP unverified"", ""layout"": ""std_msgs.msg.MultiArrayLayout(dim=[], data_offset=0)""}"
rel_single_90deg_best_20260920T160636_1789887996648993205_r3lvdifh,4497,,,1789888037238648731,9555995313050,receipt_only_no_header,,,/ur10skku/currentP,valid,427.1488618054117,368.3601794036124,197.31297806664526,-0.027520651275629505,0.016885996390734646,2.3732933514926153,-0.010750313493571391,0.006596128595708904,0.9270728110765154,0.37466908707555036,mm,rotation_vector_rad,xyzw,TCP_from_joint_feedback_FK,robot_base,,"{""values"": [-9.225712776184082, 2.41266131401062, 197.31297302246094, -0.02752065099775791, 0.016885995864868164, 2.373293399810791], ""schema"": ""x_mm,y_mm,z_mm,rotation_vector_rad[3]"", ""frame"": ""policy_stain_relative_xy_base_z"", ""transform"": ""stain_relative_v1"", ""note"": ""existing policy XY transform only; not a full rotated rigid TCP frame""}",,"[427.1488618054117, 368.3601794036124, 197.31297806664526, -0.027520651275629505, 0.016885996390734646, 2.3732933514926153]","{""source_acquisition_stamp"": null, ""calibration"": ""deployed EE2TCP unverified"", ""layout"": ""std_msgs.msg.MultiArrayLayout(dim=[], data_offset=0)""}"
rel_single_90deg_best_20260920T160636_1789887996648993205_r3lvdifh,4499,,,1789888037294451612,9556051116092,receipt_only_no_header,,,/ur10skku/currentP,valid,426.64794379875303,368.60754458844485,197.345632582564,-0.026654568405815322,0.016324373712060664,2.3731274890431493,-0.01041240816489696,0.006376994725197107,0.9270445376209223,0.37475237285665414,mm,rotation_vector_rad,xyzw,TCP_from_joint_feedback_FK,robot_base,,"{""values"": [-9.726628303527832, 2.66003680229187, 197.3456268310547, -0.026654567569494247, 0.016324372962117195, 2.3731274604797363], ""schema"": ""x_mm,y_mm,z_mm,rotation_vector_rad[3]"", ""frame"": ""policy_stain_relative_xy_base_z"", ""transform"": ""stain_relative_v1"", ""note"": ""existing policy XY transform only; not a full rotated rigid TCP frame""}",,"[426.64794379875303, 368.60754458844485, 197.345632582564, -0.026654568405815322, 0.016324373712060664, 2.3731274890431493]","{""source_acquisition_stamp"": null, ""calibration"": ""deployed EE2TCP unverified"", ""layout"": ""std_msgs.msg.MultiArrayLayout(dim=[], data_offset=0)""}"
rel_single_90deg_best_20260920T160636_1789887996648993205_r3lvdifh,4501,,,1789888037350592603,9556107261802,receipt_only_no_header,,,/ur10skku/currentP,valid,426.18523305136864,368.77557261045183,197.31395913971335,-0.025808363527965193,0.015816676271506257,2.3728785229502303,-0.010082423061209354,0.0061790210533387725,0.9270004708093189,0.37487370081580595,mm,rotation_vector_rad,xyzw,TCP_from_joint_feedback_FK,robot_base,,"{""values"": [-10.189335823059082, 2.82806658744812, 197.31396484375, -0.025808364152908325, 0.01581667549908161, 2.3728785514831543], ""schema"": ""x_mm,y_mm,z_mm,rotation_vector_rad[3]"", ""frame"": ""policy_stain_relative_xy_base_z"", ""transform"": ""stain_relative_v1"", ""note"": ""existing policy XY transform only; not a full rotated rigid TCP frame""}",,"[426.18523305136864, 368.77557261045183, 197.31395913971335, -0.025808363527965193, 0.015816676271506257, 2.3728785229502303]","{""source_acquisition_stamp"": null, ""calibration"": ""deployed EE2TCP unverified"", ""layout"": ""std_msgs.msg.MultiArrayLayout(dim=[], data_offset=0)""}"
rel_single_90deg_best_20260920T160636_1789887996648993205_r3lvdifh,4503,,,1789888037406742100,9556163406720,receipt_only_no_header,,,/ur10skku/currentP,valid,425.69046605904305,368.99688897386346,197.348178081208,-0.025085609606460852,0.015234893091475004,2.372771982101685,-0.00980032212452228,0.00595189282506652,0.9269828446444701,0.3749284390292377,mm,rotation_vector_rad,xyzw,TCP_from_joint_feedback_FK,robot_base,,"{""values"": [-10.684117317199707, 3.04938006401062, 197.34817504882812, -0.025085609406232834, 0.015234893187880516, 2.372771978378296], ""schema"": ""x_mm,y_mm,z_mm,rotation_vector_rad[3]"", ""frame"": ""policy_stain_relative_xy_base_z"", ""transform"": ""stain_relative_v1"", ""note"": ""existing policy XY transform only; not a full rotated rigid TCP frame""}",,"[425.69046605904305, 368.99688897386346, 197.348178081208, -0.025085609606460852, 0.015234893091475004, 2.372771982101685]","{""source_acquisition_stamp"": null, ""calibration"": ""deployed EE2TCP unverified"", ""layout"": ""std_msgs.msg.MultiArrayLayout(dim=[], data_offset=0)""}"
rel_single_90deg_best_20260920T160636_1789887996648993205_r3lvdifh,4505,,,1789888037462679008,9556219344390,receipt_only_no_header,,,/ur10skku/currentP,valid,425.1561791671648,369.12686043029345,197.24990502651735,-0.024168121503147524,0.01497940077472407,2.3725711038424837,-0.009442321182546669,0.005852350304454265,0.9269474414050934,0.37502671030094703,mm,rotation_vector_rad,xyzw,TCP_from_joint_feedback_FK,robot_base,,"{""values"": [-11.218388557434082, 3.179354429244995, 197.24990844726562, -0.024168120697140694, 0.014979400672018528, 2.3725709915161133], ""schema"": ""x_mm,y_mm,z_mm,rotation_vector_rad[3]"", ""frame"": ""policy_stain_relative_xy_base_z"", ""transform"": ""stain_relative_v1"", ""note"": ""existing policy XY transform only; not a full rotated rigid TCP frame""}",,"[425.1561791671648, 369.12686043029345, 197.24990502651735, -0.024168121503147524, 0.01497940077472407, 2.3725711038424837]","{""source_acquisition_stamp"": null, ""calibration"": ""deployed EE2TCP unverified"", ""layout"": ""std_msgs.msg.MultiArrayLayout(dim=[], data_offset=0)""}"
rel_single_90deg_best_20260920T160636_1789887996648993205_r3lvdifh,4507,,,1789888037516897740,9556273561708,receipt_only_no_header,,,/ur10skku/currentP,valid,424.734713209098,369.31008051714673,197.24394541848437,-0.02349552902207019,0.014550581522886788,2.372536617493143,-0.009179632200920539,0.005684868238725114,0.926942888212704,0.3750470618704463,mm,rotation_vector_rad,xyzw,TCP_from_joint_feedback_FK,robot_base,,"{""values"": [-11.639866828918457, 3.362581968307495, 197.2439422607422, -0.02349552884697914, 0.014550581574440002, 2.3725366592407227], ""schema"": ""x_mm,y_mm,z_mm,rotation_vector_rad[3]"", ""frame"": ""policy_stain_relative_xy_base_z"", ""transform"": ""stain_relative_v1"", ""note"": ""existing policy XY transform only; not a full rotated rigid TCP frame""}",,"[424.734713209098, 369.31008051714673, 197.24394541848437, -0.02349552902207019, 0.014550581522886788, 2.372536617493143]","{""source_acquisition_stamp"": null, ""calibration"": ""deployed EE2TCP unverified"", ""layout"": ""std_msgs.msg.MultiArrayLayout(dim=[], data_offset=0)""}"
rel_single_90deg_best_20260920T160636_1789887996648993205_r3lvdifh,4509,,,1789888037574589627,9556331254106,receipt_only_no_header,,,/ur10skku/currentP,valid,424.1391722858335,369.5115647915906,197.20771240831056,-0.022624110728987637,0.014020943544142914,2.3723465013774474,-0.008839562568181242,0.005478182511040691,0.9269095958526623,0.37514057733899325,mm,rotation_vector_rad,xyzw,TCP_from_joint_feedback_FK,robot_base,,"{""values"": [-12.235417366027832, 3.564059019088745, 197.2077178955078, -0.02262411080300808, 0.014020943082869053, 2.3723464012145996], ""schema"": ""x_mm,y_mm,z_mm,rotation_vector_rad[3]"", ""frame"": ""policy_stain_relative_xy_base_z"", ""transform"": ""stain_relative_v1"", ""note"": ""existing policy XY transform only; not a full rotated rigid TCP frame""}",,"[424.1391722858335, 369.5115647915906, 197.20771240831056, -0.022624110728987637, 0.014020943544142914, 2.3723465013774474]","{""source_acquisition_stamp"": null, ""calibration"": ""deployed EE2TCP unverified"", ""layout"": ""std_msgs.msg.MultiArrayLayout(dim=[], data_offset=0)""}"
rel_single_90deg_best_20260920T160636_1789887996648993205_r3lvdifh,4511,,,1789888037630597362,9556387266310,receipt_only_no_header,,,/ur10skku/currentP,valid,423.6818509279689,369.65833817433764,197.2008177766853,-0.022009637663404236,0.013618118082705476,2.37234721659951,-0.008599493149199684,0.005320801502876935,0.9269113807625944,0.37514401234955697,mm,rotation_vector_rad,xyzw,TCP_from_joint_feedback_FK,robot_base,,"{""values"": [-12.692723274230957, 3.71081805229187, 197.20082092285156, -0.02200963720679283, 0.01361811812967062, 2.372347116470337], ""schema"": ""x_mm,y_mm,z_mm,rotation_vector_rad[3]"", ""frame"": ""policy_stain_relative_xy_base_z"", ""transform"": ""stain_relative_v1"", ""note"": ""existing policy XY transform only; not a full rotated rigid TCP frame""}",,"[423.6818509279689, 369.65833817433764, 197.2008177766853, -0.022009637663404236, 0.013618118082705476, 2.37234721659951]","{""source_acquisition_stamp"": null, ""calibration"": ""deployed EE2TCP unverified"", ""layout"": ""std_msgs.msg.MultiArrayLayout(dim=[], data_offset=0)""}"
rel_single_90deg_best_20260920T160636_1789887996648993205_r3lvdifh,4513,,,1789888037686611338,9556443280337,receipt_only_no_header,,,/ur10skku/currentP,valid,423.1576927870523,369.8864588752049,197.18322250211958,-0.021036456808969022,0.013126096633643183,2.3722537741633687,-0.008219446096295307,0.0051286794499059455,0.9268962069294653,0.3751926957347917,mm,rotation_vector_rad,xyzw,TCP_from_joint_feedback_FK,robot_base,,"{""values"": [-13.216893196105957, 3.938936948776245, 197.1832275390625, -0.021036457270383835, 0.013126096688210964, 2.372253656387329], ""schema"": ""x_mm,y_mm,z_mm,rotation_vector_rad[3]"", ""frame"": ""policy_stain_relative_xy_base_z"", ""transform"": ""stain_relative_v1"", ""note"": ""existing policy XY transform only; not a full rotated rigid TCP frame""}",,"[423.1576927870523, 369.8864588752049, 197.18322250211958, -0.021036456808969022, 0.013126096633643183, 2.3722537741633687]","{""source_acquisition_stamp"": null, ""calibration"": ""deployed EE2TCP unverified"", ""layout"": ""std_msgs.msg.MultiArrayLayout(dim=[], data_offset=0)""}"
rel_single_90deg_best_20260920T160636_1789887996648993205_r3lvdifh,4523,,,1789888037749666970,9556506330979,receipt_only_no_header,,,/ur10skku/currentP,valid,422.60352164096645,370.08230214357536,197.130580854674,-0.019949306019268094,0.012662310842825342,2.371909440584608,-0.007795278756830206,0.004947853455660135,0.9268340090354966,0.37535779207374087,mm,rotation_vector_rad,xyzw,TCP_from_joint_feedback_FK,robot_base,,"{""values"": [-13.771061897277832, 4.134799003601074, 197.13058471679688, -0.019949305802583694, 0.0126623110845685, 2.3719093799591064], ""schema"": ""x_mm,y_mm,z_mm,rotation_vector_rad[3]"", ""frame"": ""policy_stain_relative_xy_base_z"", ""transform"": ""stain_relative_v1"", ""note"": ""existing policy XY transform only; not a full rotated rigid TCP frame""}",,"[422.60352164096645, 370.08230214357536, 197.130580854674, -0.019949306019268094, 0.012662310842825342, 2.371909440584608]","{""source_acquisition_stamp"": null, ""calibration"": ""deployed EE2TCP unverified"", ""layout"": ""std_msgs.msg.MultiArrayLayout(dim=[], data_offset=0)""}"
rel_single_90deg_best_20260920T160636_1789887996648993205_r3lvdifh,4525,,,1789888037806630138,9556563297784,receipt_only_no_header,,,/ur10skku/currentP,valid,422.0504032430908,370.1679115419065,197.08661915180636,-0.018955280716117167,0.012490837116098491,2.3713370171131762,-0.007407802528417963,0.004881471087474629,0.9267283673707802,0.3756272471640075,mm,rotation_vector_rad,xyzw,TCP_from_joint_feedback_FK,robot_base,,"{""values"": [-14.324162483215332, 4.220400810241699, 197.0866241455078, -0.018955281004309654, 0.012490836903452873, 2.3713369369506836], ""schema"": ""x_mm,y_mm,z_mm,rotation_vector_rad[3]"", ""frame"": ""policy_stain_relative_xy_base_z"", ""transform"": ""stain_relative_v1"", ""note"": ""existing policy XY transform only; not a full rotated rigid TCP frame""}",,"[422.0504032430908, 370.1679115419065, 197.08661915180636, -0.018955280716117167, 0.012490837116098491, 2.3713370171131762]","{""source_acquisition_stamp"": null, ""calibration"": ""deployed EE2TCP unverified"", ""layout"": ""std_msgs.msg.MultiArrayLayout(dim=[], data_offset=0)""}"
rel_single_90deg_best_20260920T160636_1789887996648993205_r3lvdifh,4527,,,1789888037862680475,9556619347780,receipt_only_no_header,,,/ur10skku/currentP,valid,421.54936340891743,370.3248799199734,197.2032686807181,-0.018000152486081278,0.011973564671370888,2.3709792534411327,-0.007035101200740266,0.0046796958671232345,0.9266632049762878,0.3757977013510873,mm,rotation_vector_rad,xyzw,TCP_from_joint_feedback_FK,robot_base,,"{""values"": [-14.825200080871582, 4.377383232116699, 197.20326232910156, -0.018000151962041855, 0.011973564513027668, 2.3709793090820312], ""schema"": ""x_mm,y_mm,z_mm,rotation_vector_rad[3]"", ""frame"": ""policy_stain_relative_xy_base_z"", ""transform"": ""stain_relative_v1"", ""note"": ""existing policy XY transform only; not a full rotated rigid TCP frame""}",,"[421.54936340891743, 370.3248799199734, 197.2032686807181, -0.018000152486081278, 0.011973564671370888, 2.3709792534411327]","{""source_acquisition_stamp"": null, ""calibration"": ""deployed EE2TCP unverified"", ""layout"": ""std_msgs.msg.MultiArrayLayout(dim=[], data_offset=0)""}"
rel_single_90deg_best_20260920T160636_1789887996648993205_r3lvdifh,4529,,,1789888037918652631,9556675320347,receipt_only_no_header,,,/ur10skku/currentP,valid,420.9931489676963,370.5037735583197,197.27188374189842,-0.016931284532311144,0.011390968562562971,2.3706450753859016,-0.0066178492952921756,0.004452332788489421,0.926602574753904,0.3759575099168535,mm,rotation_vector_rad,xyzw,TCP_from_joint_feedback_FK,robot_base,,"{""values"": [-15.381413459777832, 4.556277275085449, 197.27188110351562, -0.016931284219026566, 0.011390968225896358, 2.370645046234131], ""schema"": ""x_mm,y_mm,z_mm,rotation_vector_rad[3]"", ""frame"": ""policy_stain_relative_xy_base_z"", ""transform"": ""stain_relative_v1"", ""note"": ""existing policy XY transform only; not a full rotated rigid TCP frame""}",,"[420.9931489676963, 370.5037735583197, 197.27188374189842, -0.016931284532311144, 0.011390968562562971, 2.3706450753859016]","{""source_acquisition_stamp"": null, ""calibration"": ""deployed EE2TCP unverified"", ""layout"": ""std_msgs.msg.MultiArrayLayout(dim=[], data_offset=0)""}"
rel_single_90deg_best_20260920T160636_1789887996648993205_r3lvdifh,4535,,,1789888037984002026,9556740667217,receipt_only_no_header,,,/ur10skku/currentP,valid,420.4780085328185,370.619053381948,197.3367781551284,-0.016058105474199686,0.011043858854952605,2.3703111444492007,-0.006277023490030669,0.0043169825708580765,0.9265413504908265,0.37611579130398665,mm,rotation_vector_rad,xyzw,TCP_from_joint_feedback_FK,robot_base,,"{""values"": [-15.896580696105957, 4.671542167663574, 197.33677673339844, -0.01605810597538948, 0.011043858714401722, 2.3703112602233887], ""schema"": ""x_mm,y_mm,z_mm,rotation_vector_rad[3]"", ""frame"": ""policy_stain_relative_xy_base_z"", ""transform"": ""stain_relative_v1"", ""note"": ""existing policy XY transform only; not a full rotated rigid TCP frame""}",,"[420.4780085328185, 370.619053381948, 197.3367781551284, -0.016058105474199686, 0.011043858854952605, 2.3703111444492007]","{""source_acquisition_stamp"": null, ""calibration"": ""deployed EE2TCP unverified"", ""layout"": ""std_msgs.msg.MultiArrayLayout(dim=[], data_offset=0)""}"
rel_single_90deg_best_20260920T160636_1789887996648993205_r3lvdifh,4548,,,1789888038039327461,9556795991560,receipt_only_no_header,,,/ur10skku/currentP,valid,419.87060436610705,370.72458036194223,197.25268949191508,-0.014948404914249775,0.010721881625105545,2.369905857664679,-0.005843777304897899,0.004191503298580413,0.9264668802598127,0.37630758874696996,mm,rotation_vector_rad,xyzw,TCP_from_joint_feedback_FK,robot_base,,"{""values"": [-16.50397300720215, 4.777071952819824, 197.252685546875, -0.01494840532541275, 0.010721881873905659, 2.369905948638916], ""schema"": ""x_mm,y_mm,z_mm,rotation_vector_rad[3]"", ""frame"": ""policy_stain_relative_xy_base_z"", ""transform"": ""stain_relative_v1"", ""note"": ""existing policy XY transform only; not a full rotated rigid TCP frame""}",,"[419.87060436610705, 370.72458036194223, 197.25268949191508, -0.014948404914249775, 0.010721881625105545, 2.369905857664679]","{""source_acquisition_stamp"": null, ""calibration"": ""deployed EE2TCP unverified"", ""layout"": ""std_msgs.msg.MultiArrayLayout(dim=[], data_offset=0)""}"
rel_single_90deg_best_20260920T160636_1789887996648993205_r3lvdifh,4554,,,1789888038094671962,9556851338105,receipt_only_no_header,,,/ur10skku/currentP,valid,419.3294930775922,370.8153851795093,197.18728473138452,-0.014030530225268794,0.01046203483132321,2.369571322351557,-0.00548536240815622,0.004090226930498053,0.9264052923433436,0.37646568922167706,mm,rotation_vector_rad,xyzw,TCP_from_joint_feedback_FK,robot_base,,"{""values"": [-17.045080184936523, 4.867892265319824, 197.18728637695312, -0.014030530117452145, 0.010462034493684769, 2.3695712089538574], ""schema"": ""x_mm,y_mm,z_mm,rotation_vector_rad[3]"", ""frame"": ""policy_stain_relative_xy_base_z"", ""transform"": ""stain_relative_v1"", ""note"": ""existing policy XY transform only; not a full rotated rigid TCP frame""}",,"[419.3294930775922, 370.8153851795093, 197.18728473138452, -0.014030530225268794, 0.01046203483132321, 2.369571322351557]","{""source_acquisition_stamp"": null, ""calibration"": ""deployed EE2TCP unverified"", ""layout"": ""std_msgs.msg.MultiArrayLayout(dim=[], data_offset=0)""}"
rel_single_90deg_best_20260920T160636_1789887996648993205_r3lvdifh,4556,,,1789888038150642526,9556907308719,receipt_only_no_header,,,/ur10skku/currentP,valid,418.83195677411663,371.00939968195723,197.31888138734,-0.013041048449490361,0.009958728988905364,2.3692256181644984,-0.0050989099701160955,0.0038937561445221186,0.9263417870658651,0.3766294376649586,mm,rotation_vector_rad,xyzw,TCP_from_joint_feedback_FK,robot_base,,"{""values"": [-17.5426082611084, 5.061892509460449, 197.31887817382812, -0.013041048310697079, 0.009958729147911072, 2.36922550201416], ""schema"": ""x_mm,y_mm,z_mm,rotation_vector_rad[3]"", ""frame"": ""policy_stain_relative_xy_base_z"", ""transform"": ""stain_relative_v1"", ""note"": ""existing policy XY transform only; not a full rotated rigid TCP frame""}",,"[418.83195677411663, 371.00939968195723, 197.31888138734, -0.013041048449490361, 0.009958728988905364, 2.3692256181644984]","{""source_acquisition_stamp"": null, ""calibration"": ""deployed EE2TCP unverified"", ""layout"": ""std_msgs.msg.MultiArrayLayout(dim=[], data_offset=0)""}"
rel_single_90deg_best_20260920T160636_1789887996648993205_r3lvdifh,4562,,,1789888038217136506,9556973802429,receipt_only_no_header,,,/ur10skku/currentP,valid,418.3186463230562,371.1387616658165,197.34527827822194,-0.012029762497962407,0.0095959008172219,2.3689869604084643,-0.004703760642294427,0.0037520957374723354,0.9262982231249751,0.37674314625339983,mm,rotation_vector_rad,xyzw,TCP_from_joint_feedback_FK,robot_base,,"{""values"": [-18.055944442749023, 5.191256523132324, 197.34527587890625, -0.012029762379825115, 0.009595900774002075, 2.3689868450164795], ""schema"": ""x_mm,y_mm,z_mm,rotation_vector_rad[3]"", ""frame"": ""policy_stain_relative_xy_base_z"", ""transform"": ""stain_relative_v1"", ""note"": ""existing policy XY transform only; not a full rotated rigid TCP frame""}",,"[418.3186463230562, 371.1387616658165, 197.34527827822194, -0.012029762497962407, 0.0095959008172219, 2.3689869604084643]","{""source_acquisition_stamp"": null, ""calibration"": ""deployed EE2TCP unverified"", ""layout"": ""std_msgs.msg.MultiArrayLayout(dim=[], data_offset=0)""}"
rel_single_90deg_best_20260920T160636_1789887996648993205_r3lvdifh,4568,,,1789888038270619275,9557027287081,receipt_only_no_header,,,/ur10skku/currentP,valid,417.7527038621067,371.317059020206,197.460163665832,-0.010856937647399591,0.008975550050319333,2.3685559786251074,-0.004245581806655306,0.003509869286896657,0.9262186536830628,0.3769464967634616,mm,rotation_vector_rad,xyzw,TCP_from_joint_feedback_FK,robot_base,,"{""values"": [-18.621862411499023, 5.369540214538574, 197.4601593017578, -0.010856937617063522, 0.008975549601018429, 2.368556022644043], ""schema"": ""x_mm,y_mm,z_mm,rotation_vector_rad[3]"", ""frame"": ""policy_stain_relative_xy_base_z"", ""transform"": ""stain_relative_v1"", ""note"": ""existing policy XY transform only; not a full rotated rigid TCP frame""}",,"[417.7527038621067, 371.317059020206, 197.460163665832, -0.010856937647399591, 0.008975550050319333, 2.3685559786251074]","{""source_acquisition_stamp"": null, ""calibration"": ""deployed EE2TCP unverified"", ""layout"": ""std_msgs.msg.MultiArrayLayout(dim=[], data_offset=0)""}"
rel_single_90deg_best_20260920T160636_1789887996648993205_r3lvdifh,4574,,,1789888038326663910,9557083329743,receipt_only_no_header,,,/ur10skku/currentP,valid,417.20801213031046,371.3963602891941,197.4042864919802,-0.009712134596318703,0.008671290311522539,2.368185803676091,-0.0037982215954089427,0.003391168212780859,0.9261501034873265,0.37712074896679865,mm,rotation_vector_rad,xyzw,TCP_from_joint_feedback_FK,robot_base,,"{""values"": [-19.16657066345215, 5.448855400085449, 197.40428161621094, -0.00971213448792696, 0.00867129024118185, 2.3681857585906982], ""schema"": ""x_mm,y_mm,z_mm,rotation_vector_rad[3]"", ""frame"": ""policy_stain_relative_xy_base_z"", ""transform"": ""stain_relative_v1"", ""note"": ""existing policy XY transform only; not a full rotated rigid TCP frame""}",,"[417.20801213031046, 371.3963602891941, 197.4042864919802, -0.009712134596318703, 0.008671290311522539, 2.368185803676091]","{""source_acquisition_stamp"": null, ""calibration"": ""deployed EE2TCP unverified"", ""layout"": ""std_msgs.msg.MultiArrayLayout(dim=[], data_offset=0)""}"
rel_single_90deg_best_20260920T160636_1789887996648993205_r3lvdifh,4580,,,1789888038382644072,9557139312189,receipt_only_no_header,,,/ur10skku/currentP,valid,416.6905759160504,371.4418828859587,197.33268475886535,-0.008593544219195951,0.008497592008807306,2.36788682079828,-0.0033609866146244714,0.0033234591304416943,0.9260947179245839,0.37726148997819786,mm,rotation_vector_rad,xyzw,TCP_from_joint_feedback_FK,robot_base,,"{""values"": [-19.683996200561523, 5.494387626647949, 197.3326873779297, -0.008593544363975525, 0.008497592061758041, 2.367886781692505], ""schema"": ""x_mm,y_mm,z_mm,rotation_vector_rad[3]"", ""frame"": ""policy_stain_relative_xy_base_z"", ""transform"": ""stain_relative_v1"", ""note"": ""existing policy XY transform only; not a full rotated rigid TCP frame""}",,"[416.6905759160504, 371.4418828859587, 197.33268475886535, -0.008593544219195951, 0.008497592008807306, 2.36788682079828]","{""source_acquisition_stamp"": null, ""calibration"": ""deployed EE2TCP unverified"", ""layout"": ""std_msgs.msg.MultiArrayLayout(dim=[], data_offset=0)""}"
rel_single_90deg_best_20260920T160636_1789887996648993205_r3lvdifh,4586,,,1789888038438958385,9557195622164,receipt_only_no_header,,,/ur10skku/currentP,valid,416.1594635995545,371.54592836657815,197.23224926325406,-0.007460897255556564,0.008214324277465048,2.3677308739830147,-0.0029181041754560823,0.0032127843544245273,0.9260662776960731,0.3773359405077296,mm,rotation_vector_rad,xyzw,TCP_from_joint_feedback_FK,robot_base,,"{""values"": [-20.215124130249023, 5.598422050476074, 197.2322540283203, -0.007460897322744131, 0.008214324712753296, 2.3677308559417725], ""schema"": ""x_mm,y_mm,z_mm,rotation_vector_rad[3]"", ""frame"": ""policy_stain_relative_xy_base_z"", ""transform"": ""stain_relative_v1"", ""note"": ""existing policy XY transform only; not a full rotated rigid TCP frame""}",,"[416.1594635995545, 371.54592836657815, 197.23224926325406, -0.007460897255556564, 0.008214324277465048, 2.3677308739830147]","{""source_acquisition_stamp"": null, ""calibration"": ""deployed EE2TCP unverified"", ""layout"": ""std_msgs.msg.MultiArrayLayout(dim=[], data_offset=0)""}"
rel_single_90deg_best_20260920T160636_1789887996648993205_r3lvdifh,4599,,,1789888038494608033,9557251271240,receipt_only_no_header,,,/ur10skku/currentP,valid,415.6851923766196,371.6666451547175,197.22492785038463,-0.006420340347945547,0.0076334148497417395,2.367299620959089,-0.0025113612965781814,0.0029858639223854975,0.9259859015703507,0.37753792892108196,mm,rotation_vector_rad,xyzw,TCP_from_joint_feedback_FK,robot_base,,"{""values"": [-20.68939781188965, 5.719149589538574, 197.2249298095703, -0.00642034038901329, 0.007633415050804615, 2.3672995567321777], ""schema"": ""x_mm,y_mm,z_mm,rotation_vector_rad[3]"", ""frame"": ""policy_stain_relative_xy_base_z"", ""transform"": ""stain_relative_v1"", ""note"": ""existing policy XY transform only; not a full rotated rigid TCP frame""}",,"[415.6851923766196, 371.6666451547175, 197.22492785038463, -0.006420340347945547, 0.0076334148497417395, 2.367299620959089]","{""source_acquisition_stamp"": null, ""calibration"": ""deployed EE2TCP unverified"", ""layout"": ""std_msgs.msg.MultiArrayLayout(dim=[], data_offset=0)""}"
rel_single_90deg_best_20260920T160636_1789887996648993205_r3lvdifh,4601,,,1789888038550663860,9557307330083,receipt_only_no_header,,,/ur10skku/currentP,valid,415.16572062129984,371.76602381073997,197.25398136441612,-0.005387006339417498,0.007211080092644405,2.3669397814013684,-0.0021073329391361776,0.0028208889406322636,0.9259187481925697,0.3777063323257539,mm,rotation_vector_rad,xyzw,TCP_from_joint_feedback_FK,robot_base,,"{""values"": [-21.2088680267334, 5.818514823913574, 197.2539825439453, -0.00538700632750988, 0.00721108028665185, 2.3669397830963135], ""schema"": ""x_mm,y_mm,z_mm,rotation_vector_rad[3]"", ""frame"": ""policy_stain_relative_xy_base_z"", ""transform"": ""stain_relative_v1"", ""note"": ""existing policy XY transform only; not a full rotated rigid TCP frame""}",,"[415.16572062129984, 371.76602381073997, 197.25398136441612, -0.005387006339417498, 0.007211080092644405, 2.3669397814013684]","{""source_acquisition_stamp"": null, ""calibration"": ""deployed EE2TCP unverified"", ""layout"": ""std_msgs.msg.MultiArrayLayout(dim=[], data_offset=0)""}"
rel_single_90deg_best_20260920T160636_1789887996648993205_r3lvdifh,4607,,,1789888038606653800,9557363318160,receipt_only_no_header,,,/ur10skku/currentP,valid,414.58666718213567,371.872329022601,197.29930367600377,-0.004042718904199458,0.00678901523106084,2.3664961698875584,-0.001581618301211534,0.0026560418844594263,0.9258357409299849,0.3779135148968386,mm,rotation_vector_rad,xyzw,TCP_from_joint_feedback_FK,robot_base,,"{""values"": [-21.78790855407715, 5.924807548522949, 197.29930114746094, -0.004042719025164843, 0.006789015140384436, 2.3664960861206055], ""schema"": ""x_mm,y_mm,z_mm,rotation_vector_rad[3]"", ""frame"": ""policy_stain_relative_xy_base_z"", ""transform"": ""stain_relative_v1"", ""note"": ""existing policy XY transform only; not a full rotated rigid TCP frame""}",,"[414.58666718213567, 371.872329022601, 197.29930367600377, -0.004042718904199458, 0.00678901523106084, 2.3664961698875584]","{""source_acquisition_stamp"": null, ""calibration"": ""deployed EE2TCP unverified"", ""layout"": ""std_msgs.msg.MultiArrayLayout(dim=[], data_offset=0)""}"
rel_single_90deg_best_20260920T160636_1789887996648993205_r3lvdifh,4613,,,1789888038662670081,9557419335563,receipt_only_no_header,,,/ur10skku/currentP,valid,414.0611172248437,371.91422877690223,197.3243158830602,-0.0030226277192893967,0.006384621622684312,2.3659679980174797,-0.0011826688403578484,0.0024981220818020137,0.9257364414023651,0.37815922802460306,mm,rotation_vector_rad,xyzw,TCP_from_joint_feedback_FK,robot_base,,"{""values"": [-22.313451766967773, 5.966708183288574, 197.32431030273438, -0.0030226276721805334, 0.00638462183997035, 2.3659679889678955], ""schema"": ""x_mm,y_mm,z_mm,rotation_vector_rad[3]"", ""frame"": ""policy_stain_relative_xy_base_z"", ""transform"": ""stain_relative_v1"", ""note"": ""existing policy XY transform only; not a full rotated rigid TCP frame""}",,"[414.0611172248437, 371.91422877690223, 197.3243158830602, -0.0030226277192893967, 0.006384621622684312, 2.3659679980174797]","{""source_acquisition_stamp"": null, ""calibration"": ""deployed EE2TCP unverified"", ""layout"": ""std_msgs.msg.MultiArrayLayout(dim=[], data_offset=0)""}"
rel_single_90deg_best_20260920T160636_1789887996648993205_r3lvdifh,4619,,,1789888038718596530,9557475265799,receipt_only_no_header,,,/ur10skku/currentP,valid,413.51398401880107,371.88302084268645,197.282359226484,-0.0018350136161861092,0.006159756858983957,2.3654158751194534,-0.0007180758500431147,0.0024104304205474665,0.9256323769205268,0.37841561409212154,mm,rotation_vector_rad,xyzw,TCP_from_joint_feedback_FK,robot_base,,"{""values"": [-22.8606014251709, 5.935519218444824, 197.28236389160156, -0.0018350136233493686, 0.006159756798297167, 2.3654158115386963], ""schema"": ""x_mm,y_mm,z_mm,rotation_vector_rad[3]"", ""frame"": ""policy_stain_relative_xy_base_z"", ""transform"": ""stain_relative_v1"", ""note"": ""existing policy XY transform only; not a full rotated rigid TCP frame""}",,"[413.51398401880107, 371.88302084268645, 197.282359226484, -0.0018350136161861092, 0.006159756858983957, 2.3654158751194534]","{""source_acquisition_stamp"": null, ""calibration"": ""deployed EE2TCP unverified"", ""layout"": ""std_msgs.msg.MultiArrayLayout(dim=[], data_offset=0)""}"
rel_single_90deg_best_20260920T160636_1789887996648993205_r3lvdifh,4625,,,1789888038784208518,9557540873248,receipt_only_no_header,,,/ur10skku/currentP,valid,413.19778951462746,371.9231906955245,197.22440309316312,-0.001027798600657288,0.005975160911181697,2.36509107732947,-0.00040222581489046764,0.0023383608082991657,0.9255711043590187,0.3785663760277063,mm,rotation_vector_rad,xyzw,TCP_from_joint_feedback_FK,robot_base,,"{""values"": [-23.176794052124023, 5.975680351257324, 197.22439575195312, -0.0010277986293658614, 0.005975160747766495, 2.36509108543396], ""schema"": ""x_mm,y_mm,z_mm,rotation_vector_rad[3]"", ""frame"": ""policy_stain_relative_xy_base_z"", ""transform"": ""stain_relative_v1"", ""note"": ""existing policy XY transform only; not a full rotated rigid TCP frame""}",,"[413.19778951462746, 371.9231906955245, 197.22440309316312, -0.001027798600657288, 0.005975160911181697, 2.36509107732947]","{""source_acquisition_stamp"": null, ""calibration"": ""deployed EE2TCP unverified"", ""layout"": ""std_msgs.msg.MultiArrayLayout(dim=[], data_offset=0)""}"
rel_single_90deg_best_20260920T160636_1789887996648993205_r3lvdifh,4631,,,1789888038839791237,9557596457690,receipt_only_no_header,,,/ur10skku/currentP,valid,413.10746156099896,371.9455386541346,197.18899306234607,-0.000898660185657526,0.005910029487387241,2.3651029873086866,-0.00035168699634434555,0.002312865921844486,0.9255734024124393,0.3785609643295842,mm,rotation_vector_rad,xyzw,TCP_from_joint_feedback_FK,robot_base,,"{""values"": [-23.267126083374023, 5.998019218444824, 197.18899536132812, -0.0008986601606011391, 0.005910029634833336, 2.365103006362915], ""schema"": ""x_mm,y_mm,z_mm,rotation_vector_rad[3]"", ""frame"": ""policy_stain_relative_xy_base_z"", ""transform"": ""stain_relative_v1"", ""note"": ""existing policy XY transform only; not a full rotated rigid TCP frame""}",,"[413.10746156099896, 371.9455386541346, 197.18899306234607, -0.000898660185657526, 0.005910029487387241, 2.3651029873086866]","{""source_acquisition_stamp"": null, ""calibration"": ""deployed EE2TCP unverified"", ""layout"": ""std_msgs.msg.MultiArrayLayout(dim=[], data_offset=0)""}"
rel_single_90deg_best_20260920T160636_1789887996648993205_r3lvdifh,4637,,,1789888038894708929,9557651374762,receipt_only_no_header,,,/ur10skku/currentP,valid,413.0981181538063,371.90096700187405,197.15841055736115,-0.0009327879376042936,0.005992625190757572,2.3650310565435375,-0.00036504846752396955,0.00234522612711959,0.9255597419657702,0.37859415038572114,mm,rotation_vector_rad,xyzw,TCP_from_joint_feedback_FK,robot_base,,"{""values"": [-23.276464462280273, 5.953463554382324, 197.15841674804688, -0.0009327879524789751, 0.0059926253743469715, 2.3650310039520264], ""schema"": ""x_mm,y_mm,z_mm,rotation_vector_rad[3]"", ""frame"": ""policy_stain_relative_xy_base_z"", ""transform"": ""stain_relative_v1"", ""note"": ""existing policy XY transform only; not a full rotated rigid TCP frame""}",,"[413.0981181538063, 371.90096700187405, 197.15841055736115, -0.0009327879376042936, 0.005992625190757572, 2.3650310565435375]","{""source_acquisition_stamp"": null, ""calibration"": ""deployed EE2TCP unverified"", ""layout"": ""std_msgs.msg.MultiArrayLayout(dim=[], data_offset=0)""}"
rel_single_90deg_best_20260920T160636_1789887996648993205_r3lvdifh,4639,,,1789888038950762983,9557707431841,receipt_only_no_header,,,/ur10skku/currentP,valid,413.08790662235566,371.880942761711,197.14692690279497,-0.0009154912251061057,0.0060053715893473945,2.3649953763927862,-0.0003582821523742222,0.0023502327491877546,0.9255529824558228,0.3786106505462507,mm,rotation_vector_rad,xyzw,TCP_from_joint_feedback_FK,robot_base,,"{""values"": [-23.286657333374023, 5.933444023132324, 197.1469268798828, -0.0009154911967925727, 0.006005371455103159, 2.3649954795837402], ""schema"": ""x_mm,y_mm,z_mm,rotation_vector_rad[3]"", ""frame"": ""policy_stain_relative_xy_base_z"", ""transform"": ""stain_relative_v1"", ""note"": ""existing policy XY transform only; not a full rotated rigid TCP frame""}",,"[413.08790662235566, 371.880942761711, 197.14692690279497, -0.0009154912251061057, 0.0060053715893473945, 2.3649953763927862]","{""source_acquisition_stamp"": null, ""calibration"": ""deployed EE2TCP unverified"", ""layout"": ""std_msgs.msg.MultiArrayLayout(dim=[], data_offset=0)""}"
rel_single_90deg_best_20260920T160636_1789887996648993205_r3lvdifh,4645,,,1789888039018131753,9557774796353,receipt_only_no_header,,,/ur10skku/currentP,valid,413.07376333178775,371.9206480925579,197.13403357916093,-0.000864262451789769,0.005935386013381571,2.364983377299166,-0.0003382344115315136,0.0023228497215066184,0.9255507505226833,0.37861629412051423,mm,rotation_vector_rad,xyzw,TCP_from_joint_feedback_FK,robot_base,,"{""values"": [-23.300817489624023, 5.973147392272949, 197.134033203125, -0.0008642624597996473, 0.005935385823249817, 2.364983320236206], ""schema"": ""x_mm,y_mm,z_mm,rotation_vector_rad[3]"", ""frame"": ""policy_stain_relative_xy_base_z"", ""transform"": ""stain_relative_v1"", ""note"": ""existing policy XY transform only; not a full rotated rigid TCP frame""}",,"[413.07376333178775, 371.9206480925579, 197.13403357916093, -0.000864262451789769, 0.005935386013381571, 2.364983377299166]","{""source_acquisition_stamp"": null, ""calibration"": ""deployed EE2TCP unverified"", ""layout"": ""std_msgs.msg.MultiArrayLayout(dim=[], data_offset=0)""}"
rel_single_90deg_best_20260920T160636_1789887996648993205_r3lvdifh,4651,,,1789888039070624791,9557827289932,receipt_only_no_header,,,/ur10skku/currentP,valid,413.0235473464335,371.915070124937,197.07240492111634,-0.0008032074826479557,0.006034505407289205,2.3649592146281004,-0.0003143418171758322,0.002361653042911305,0.9255461299017296,0.37862736986126255,mm,rotation_vector_rad,xyzw,TCP_from_joint_feedback_FK,robot_base,,"{""values"": [-23.35101890563965, 5.967562675476074, 197.07240295410156, -0.0008032074547372758, 0.006034505553543568, 2.364959239959717], ""schema"": ""x_mm,y_mm,z_mm,rotation_vector_rad[3]"", ""frame"": ""policy_stain_relative_xy_base_z"", ""transform"": ""stain_relative_v1"", ""note"": ""existing policy XY transform only; not a full rotated rigid TCP frame""}",,"[413.0235473464335, 371.915070124937, 197.07240492111634, -0.0008032074826479557, 0.006034505407289205, 2.3649592146281004]","{""source_acquisition_stamp"": null, ""calibration"": ""deployed EE2TCP unverified"", ""layout"": ""std_msgs.msg.MultiArrayLayout(dim=[], data_offset=0)""}"
rel_single_90deg_best_20260920T160636_1789887996648993205_r3lvdifh,4657,,,1789888039126624801,9557883289131,receipt_only_no_header,,,/ur10skku/currentP,valid,413.04362431292867,371.91017423531486,197.05513127118763,-0.0008753057647643219,0.005968683642104991,2.3648395333914207,-0.0003425670295940622,0.002335954255268853,0.9255234993666843,0.3786828198975955,mm,rotation_vector_rad,xyzw,TCP_from_joint_feedback_FK,robot_base,,"{""values"": [-23.330968856811523, 5.962679862976074, 197.0551300048828, -0.0008753057918511331, 0.005968683864921331, 2.364839553833008], ""schema"": ""x_mm,y_mm,z_mm,rotation_vector_rad[3]"", ""frame"": ""policy_stain_relative_xy_base_z"", ""transform"": ""stain_relative_v1"", ""note"": ""existing policy XY transform only; not a full rotated rigid TCP frame""}",,"[413.04362431292867, 371.91017423531486, 197.05513127118763, -0.0008753057647643219, 0.005968683642104991, 2.3648395333914207]","{""source_acquisition_stamp"": null, ""calibration"": ""deployed EE2TCP unverified"", ""layout"": ""std_msgs.msg.MultiArrayLayout(dim=[], data_offset=0)""}"
rel_single_90deg_best_20260920T160636_1789887996648993205_r3lvdifh,4663,,,1789888039182714283,9557939385285,receipt_only_no_header,,,/ur10skku/currentP,valid,413.02842713510734,371.9135641072055,197.0413766202093,-0.0008322324330936679,0.00594681841078434,2.3648394940661586,-0.00032570949587716424,0.002327396950211869,0.9255235061909738,0.3786828707833599,mm,rotation_vector_rad,xyzw,TCP_from_joint_feedback_FK,robot_base,,"{""values"": [-23.34613609313965, 5.966067314147949, 197.0413818359375, -0.0008322324138134718, 0.005946818273514509, 2.364839553833008], ""schema"": ""x_mm,y_mm,z_mm,rotation_vector_rad[3]"", ""frame"": ""policy_stain_relative_xy_base_z"", ""transform"": ""stain_relative_v1"", ""note"": ""existing policy XY transform only; not a full rotated rigid TCP frame""}",,"[413.02842713510734, 371.9135641072055, 197.0413766202093, -0.0008322324330936679, 0.00594681841078434, 2.3648394940661586]","{""source_acquisition_stamp"": null, ""calibration"": ""deployed EE2TCP unverified"", ""layout"": ""std_msgs.msg.MultiArrayLayout(dim=[], data_offset=0)""}"
rel_single_90deg_best_20260920T160636_1789887996648993205_r3lvdifh,4669,,,1789888039250922213,9558007586552,receipt_only_no_header,,,/ur10skku/currentP,valid,413.0450215567819,371.9234916488415,197.02849911049793,-0.000810980273120787,0.005881396460987621,2.364803646850513,-0.00031739456688892835,0.0023018109617559254,0.9255167531771594,0.3786995385729884,mm,rotation_vector_rad,xyzw,TCP_from_joint_feedback_FK,robot_base,,"{""values"": [-23.329565048217773, 5.975985527038574, 197.02850341796875, -0.0008109802729450166, 0.00588139658793807, 2.3648035526275635], ""schema"": ""x_mm,y_mm,z_mm,rotation_vector_rad[3]"", ""frame"": ""policy_stain_relative_xy_base_z"", ""transform"": ""stain_relative_v1"", ""note"": ""existing policy XY transform only; not a full rotated rigid TCP frame""}",,"[413.0450215567819, 371.9234916488415, 197.02849911049793, -0.000810980273120787, 0.005881396460987621, 2.364803646850513]","{""source_acquisition_stamp"": null, ""calibration"": ""deployed EE2TCP unverified"", ""layout"": ""std_msgs.msg.MultiArrayLayout(dim=[], data_offset=0)""}"
rel_single_90deg_best_20260920T160636_1789887996648993205_r3lvdifh,4675,,,1789888039302669691,9558059333990,receipt_only_no_header,,,/ur10skku/currentP,valid,413.040342150776,371.9528569266437,197.03292974633678,-0.0008156460901395665,0.005851285606144504,2.3648275840851003,-0.0003192189718635269,0.0022900145024341294,0.9255213004171725,0.3786884952133251,mm,rotation_vector_rad,xyzw,TCP_from_joint_feedback_FK,robot_base,,"{""values"": [-23.3342342376709, 6.005343437194824, 197.03292846679688, -0.0008156460826285183, 0.00585128553211689, 2.3648276329040527], ""schema"": ""x_mm,y_mm,z_mm,rotation_vector_rad[3]"", ""frame"": ""policy_stain_relative_xy_base_z"", ""transform"": ""stain_relative_v1"", ""note"": ""existing policy XY transform only; not a full rotated rigid TCP frame""}",,"[413.040342150776, 371.9528569266437, 197.03292974633678, -0.0008156460901395665, 0.005851285606144504, 2.3648275840851003]","{""source_acquisition_stamp"": null, ""calibration"": ""deployed EE2TCP unverified"", ""layout"": ""std_msgs.msg.MultiArrayLayout(dim=[], data_offset=0)""}"
