t_wall,t_elapsed_sec,stage,policy_class,ckpt_dir,meas_x_mm,meas_y_mm,meas_z_mm,meas_rx,meas_ry,meas_rz,meas_fx_N,meas_fy_N,meas_fz_N,cmd_x_mm,cmd_y_mm,cmd_z_mm,cmd_rx,cmd_ry,cmd_rz,cmd_fx_N,cmd_fy_N,cmd_fz_N,contact,cmd_safety_blocked
1787113414.4640298,0.011833929922431707,APPROACH,BSPLINE,/home/eunseop/nrs_imitation/checkpoints/bspline/polishing/single_cam/20260818_1932,445.02178955078125,394.5576477050781,281.2816162109375,-7.937848567962646e-05,-6.576630403287709e-05,2.3562705516815186,-0.29735949635505676,0.061494506895542145,0.06928501278162003,445.02178955078125,394.5576477050781,281.2816162109375,-7.937848567962646e-05,-6.576630403287709e-05,2.3562705516815186,0.0,0.0,0.0,0,0
1787113422.4210083,7.968812540988438,TRACK,BSPLINE,/home/eunseop/nrs_imitation/checkpoints/bspline/polishing/single_cam/20260818_1932,413.2640686035156,343.9131774902344,211.73716735839844,0.01543430145829916,0.16602496802806854,2.3944714069366455,2.2380993366241455,-1.2441776990890503,-1.2131438255310059,404.2034912109375,332.25640869140625,180.71812438964844,0.059383634477853775,0.2162133753299713,2.4329464435577393,0.0,0.0,0.0,0,0
1787113422.4212701,7.969074119930156,TRACK,BSPLINE,/home/eunseop/nrs_imitation/checkpoints/bspline/polishing/single_cam/20260818_1932,413.2640686035156,343.9131774902344,211.73716735839844,0.01543430145829916,0.16602496802806854,2.3944714069366455,2.2380993366241455,-1.2441776990890503,-1.2131438255310059,413.2640686035156,343.9131774902344,211.73716735839844,0.01543430145829916,0.16602496802806854,2.3944714069366455,0.0,0.0,0.0,0,0
1787113422.6802015,8.228005747892894,TRACK,BSPLINE,/home/eunseop/nrs_imitation/checkpoints/bspline/polishing/single_cam/20260818_1932,413.2440185546875,343.850830078125,211.7208251953125,0.015428737737238407,0.16616687178611755,2.3944308757781982,1.0581936836242676,-0.11205308139324188,-0.9004272222518921,418.0223388671875,355.26727294921875,175.09483337402344,0.053785134106874466,0.19480083882808685,2.4309937953948975,0.0,0.0,0.0,0,0
1787113424.128017,9.675821057986468,TRACK,BSPLINE,/home/eunseop/nrs_imitation/checkpoints/bspline/polishing/single_cam/20260818_1932,412.4905090332031,331.1529235839844,210.9709014892578,-0.01210013683885336,0.151021808385849,2.416522264480591,1.7858166694641113,-0.5562939643859863,-0.3082842230796814,418.2767028808594,356.11187744140625,175.0187530517578,0.05324253812432289,0.19437386095523834,2.430603504180908,0.0,0.0,0.0,0,0
1787113424.1920376,9.739841792965308,TRACK,BSPLINE,/home/eunseop/nrs_imitation/checkpoints/bspline/polishing/single_cam/20260818_1932,412.3137512207031,330.4922790527344,210.8888397216797,-0.012883375398814678,0.1520899087190628,2.415754795074463,-0.09340440481901169,-0.8905866742134094,0.005498119164258242,418.2767028808594,356.11187744140625,175.0187530517578,0.05324253812432289,0.19437386095523834,2.430603504180908,0.0,0.0,0.0,0,0
1787113424.2561433,9.80394751089625,TRACK,BSPLINE,/home/eunseop/nrs_imitation/checkpoints/bspline/polishing/single_cam/20260818_1932,412.121826171875,330.0490417480469,210.69448852539062,-0.01338262390345335,0.152888685464859,2.4151997566223145,-1.2971822023391724,0.6085823774337769,-0.7600116729736328,418.2767028808594,356.11187744140625,175.0187530517578,0.05324253812432289,0.19437386095523834,2.430603504180908,0.0,0.0,0.0,0,0
1787113424.592029,10.139833137975074,TRACK,BSPLINE,/home/eunseop/nrs_imitation/checkpoints/bspline/polishing/single_cam/20260818_1932,410.3856506347656,328.9726257324219,208.70848083496094,-0.013482814654707909,0.15324541926383972,2.4149892330169678,0.3830322027206421,0.6851162314414978,0.03907133266329765,418.2767028808594,356.11187744140625,175.0187530517578,0.05324253812432289,0.19437386095523834,2.430603504180908,0.0,0.0,0.0,0,0
1787113424.6400366,10.18784071400296,TRACK,BSPLINE,/home/eunseop/nrs_imitation/checkpoints/bspline/polishing/single_cam/20260818_1932,410.1372375488281,328.77777099609375,208.31661987304688,-0.013101047836244106,0.1534663736820221,2.4151253700256348,-3.1477389335632324,0.27582305669784546,1.870334506034851,418.2767028808594,356.11187744140625,175.0187530517578,0.05324253812432289,0.19437386095523834,2.430603504180908,0.0,0.0,0.0,0,0
1787113424.9200406,10.467844882979989,TRACK,BSPLINE,/home/eunseop/nrs_imitation/checkpoints/bspline/polishing/single_cam/20260818_1932,409.225341796875,328.2203674316406,206.04420471191406,-0.00964861549437046,0.15485334396362305,2.4177730083465576,1.0891684293746948,-0.2084859311580658,-0.24461275339126587,418.2767028808594,356.11187744140625,175.0187530517578,0.05324253812432289,0.19437386095523834,2.430603504180908,0.0,0.0,0.0,0,0
1787113424.9760346,10.523838604916818,TRACK,BSPLINE,/home/eunseop/nrs_imitation/checkpoints/bspline/polishing/single_cam/20260818_1932,409.16973876953125,328.0649108886719,205.50253295898438,-0.008951411582529545,0.15555912256240845,2.418426275253296,-0.2953398823738098,0.8068931102752686,0.5852406024932861,418.2767028808594,356.11187744140625,175.0187530517578,0.05324253812432289,0.19437386095523834,2.430603504180908,0.0,0.0,0.0,0,0
1787113425.224059,10.771863185917027,TRACK,BSPLINE,/home/eunseop/nrs_imitation/checkpoints/bspline/polishing/single_cam/20260818_1932,409.3199157714844,328.2803039550781,203.13104248046875,-0.005549738183617592,0.15780635178089142,2.4208691120147705,-0.5446216464042664,0.27720585465431213,0.06978344172239304,418.2767028808594,356.11187744140625,175.0187530517578,0.05324253812432289,0.19437386095523834,2.430603504180908,0.0,0.0,0.0,0,0
1787113425.280084,10.827888097963296,TRACK,BSPLINE,/home/eunseop/nrs_imitation/checkpoints/bspline/polishing/single_cam/20260818_1932,409.4060974121094,328.4200439453125,202.63015747070312,-0.00482177222147584,0.15814417600631714,2.4213368892669678,-2.2398645877838135,0.7592144012451172,0.7861232161521912,418.2767028808594,356.11187744140625,175.0187530517578,0.05324253812432289,0.19437386095523834,2.430603504180908,0.0,0.0,0.0,0,0
1787113425.5200298,11.067833885899745,TRACK,BSPLINE,/home/eunseop/nrs_imitation/checkpoints/bspline/polishing/single_cam/20260818_1932,409.86260986328125,329.2265625,200.4576416015625,-0.0017149371560662985,0.16027937829494476,2.422823667526245,2.081549644470215,-0.2532794773578644,-0.7088168263435364,418.2767028808594,356.11187744140625,175.0187530517578,0.05324253812432289,0.19437386095523834,2.430603504180908,0.0,0.0,0.0,0,0
1787113425.5762422,11.124046185985208,TRACK,BSPLINE,/home/eunseop/nrs_imitation/checkpoints/bspline/polishing/single_cam/20260818_1932,409.9018249511719,329.48944091796875,199.9381103515625,-0.0007400924223475158,0.1609027236700058,2.4231855869293213,0.3983072340488434,0.2589229643344879,0.1980852633714676,418.2767028808594,356.11187744140625,175.0187530517578,0.05324253812432289,0.19437386095523834,2.430603504180908,0.0,0.0,0.0,0,0
1787113425.824118,11.371922141988762,TRACK,BSPLINE,/home/eunseop/nrs_imitation/checkpoints/bspline/polishing/single_cam/20260818_1932,410.3735046386719,330.56549072265625,197.73326110839844,0.002894948935136199,0.16355082392692566,2.424346923828125,-0.7181551456451416,0.6453049182891846,0.8643466830253601,418.2767028808594,356.11187744140625,175.0187530517578,0.05324253812432289,0.19437386095523834,2.430603504180908,0.0,0.0,0.0,0,0
1787113425.8800945,11.427898661931977,TRACK,BSPLINE,/home/eunseop/nrs_imitation/checkpoints/bspline/polishing/single_cam/20260818_1932,410.4261779785156,330.8389892578125,197.29527282714844,0.003867994761094451,0.16424746811389923,2.424630880355835,-2.836635112762451,1.923235297203064,-0.12445476651191711,418.2767028808594,356.11187744140625,175.0187530517578,0.05324253812432289,0.19437386095523834,2.430603504180908,0.0,0.0,0.0,0,0
1787113426.1200323,11.667836383916438,TRACK,BSPLINE,/home/eunseop/nrs_imitation/checkpoints/bspline/polishing/single_cam/20260818_1932,411.0458984375,331.97442626953125,195.41900634765625,0.007700273767113686,0.16729438304901123,2.4252541065216064,1.266086459159851,-0.39005032181739807,-0.45165491104125977,418.2767028808594,356.11187744140625,175.0187530517578,0.05324253812432289,0.19437386095523834,2.430603504180908,0.0,0.0,0.0,0,0
1787113426.17608,11.723884179955348,TRACK,BSPLINE,/home/eunseop/nrs_imitation/checkpoints/bspline/polishing/single_cam/20260818_1932,411.0870666503906,332.2185974121094,194.94583129882812,0.009019527584314346,0.16829746961593628,2.42546010017395,0.8846576809883118,-0.5515970587730408,-0.01751207932829857,418.2767028808594,356.11187744140625,175.0187530517578,0.05324253812432289,0.19437386095523834,2.430603504180908,0.0,0.0,0.0,0,0
1787113426.440185,11.987989368964918,TRACK,BSPLINE,/home/eunseop/nrs_imitation/checkpoints/bspline/polishing/single_cam/20260818_1932,411.175048828125,333.2168884277344,192.56124877929688,0.015563302673399448,0.17346611618995667,2.425516366958618,-1.511460781097412,0.5157259702682495,0.2636674642562866,418.2767028808594,356.11187744140625,175.0187530517578,0.05324253812432289,0.19437386095523834,2.430603504180908,0.0,0.0,0.0,0,0
1787113426.5284169,12.076222176896408,TRACK,BSPLINE,/home/eunseop/nrs_imitation/checkpoints/bspline/polishing/single_cam/20260818_1932,411.11712646484375,333.3743896484375,192.11111450195312,0.01691482402384281,0.17444807291030884,2.425579786300659,2.0275673866271973,-0.702987551689148,-1.7011948823928833,431.6063232421875,367.08367919921875,167.18670654296875,0.09200923144817352,0.2095060646533966,2.421268939971924,0.0,0.0,0.0,0,0
1787113426.5760875,12.123891747905873,TRACK,BSPLINE,/home/eunseop/nrs_imitation/checkpoints/bspline/polishing/single_cam/20260818_1932,411.05670166015625,333.4696044921875,191.6556854248047,0.01831931620836258,0.17558865249156952,2.425513744354248,-2.2916505336761475,0.24856509268283844,0.8197771906852722,431.6063232421875,367.08367919921875,167.18670654296875,0.09200923144817352,0.2095060646533966,2.421268939971924,0.0,0.0,0.0,0,0
1787113426.6320515,12.179855692898855,TRACK,BSPLINE,/home/eunseop/nrs_imitation/checkpoints/bspline/polishing/single_cam/20260818_1932,410.9013671875,333.6559143066406,190.7941436767578,0.021038956940174103,0.17773744463920593,2.4253482818603516,-1.7461960315704346,-0.42132773995399475,0.7220340371131897,431.6063232421875,367.08367919921875,167.18670654296875,0.09200923144817352,0.2095060646533966,2.421268939971924,0.0,0.0,0.0,0,0
1787113426.8400548,12.387858752976172,TRACK,BSPLINE,/home/eunseop/nrs_imitation/checkpoints/bspline/polishing/single_cam/20260818_1932,410.12066650390625,333.76654052734375,188.88645935058594,0.027471575886011124,0.1831575334072113,2.425156831741333,-0.33250677585601807,-0.2512279450893402,0.2660214900970459,431.6063232421875,367.08367919921875,167.18670654296875,0.09200923144817352,0.2095060646533966,2.421268939971924,0.0,0.0,0.0,0,0
1787113426.8960931,12.443897320888937,TRACK,BSPLINE,/home/eunseop/nrs_imitation/checkpoints/bspline/polishing/single_cam/20260818_1932,409.9132080078125,333.760498046875,188.36172485351562,0.02914835698902607,0.18457968533039093,2.4250359535217285,0.587246298789978,-2.2987403869628906,-0.5691604018211365,431.6063232421875,367.08367919921875,167.18670654296875,0.09200923144817352,0.2095060646533966,2.421268939971924,0.0,0.0,0.0,0,0
1787113426.9520557,12.499859873903915,TRACK,BSPLINE,/home/eunseop/nrs_imitation/checkpoints/bspline/polishing/single_cam/20260818_1932,409.6937255859375,333.81414794921875,187.90940856933594,0.030767524614930153,0.18574753403663635,2.425046443939209,1.1157844066619873,-0.8599304556846619,-0.41106754541397095,431.6063232421875,367.08367919921875,167.18670654296875,0.09200923144817352,0.2095060646533966,2.421268939971924,0.0,0.0,0.0,0,0
1787113427.2320313,12.7798354299739,TRACK,BSPLINE,/home/eunseop/nrs_imitation/checkpoints/bspline/polishing/single_cam/20260818_1932,408.2319030761719,333.7525329589844,185.58169555664062,0.039455149322748184,0.19305521249771118,2.4255213737487793,-1.1173961162567139,0.8162251114845276,0.2692731022834778,431.6063232421875,367.08367919921875,167.18670654296875,0.09200923144817352,0.2095060646533966,2.421268939971924,0.0,0.0,0.0,0,0
1787113427.2880838,12.835887743975036,TRACK,BSPLINE,/home/eunseop/nrs_imitation/checkpoints/bspline/polishing/single_cam/20260818_1932,407.9399108886719,333.7897644042969,185.2017822265625,0.04115897789597511,0.1943981945514679,2.4257307052612305,-2.44077730178833,0.2993471920490265,0.771957278251648,431.6063232421875,367.08367919921875,167.18670654296875,0.09200923144817352,0.2095060646533966,2.421268939971924,0.0,0.0,0.0,0,0
1787113427.5386598,13.086463993997313,TRACK,BSPLINE,/home/eunseop/nrs_imitation/checkpoints/bspline/polishing/single_cam/20260818_1932,406.2590637207031,333.6800231933594,183.36593627929688,0.04850836470723152,0.2018461525440216,2.426971197128296,-0.5303965210914612,-1.682693600654602,0.5569254159927368,431.6063232421875,367.08367919921875,167.18670654296875,0.09200923144817352,0.2095060646533966,2.421268939971924,0.0,0.0,0.0,0,0
1787113427.5840404,13.131844418938272,TRACK,BSPLINE,/home/eunseop/nrs_imitation/checkpoints/bspline/polishing/single_cam/20260818_1932,405.9714660644531,333.6181945800781,183.04579162597656,0.04970216006040573,0.2032509446144104,2.427198648452759,0.6257600784301758,-0.09503217786550522,-0.5108893513679504,431.6063232421875,367.08367919921875,167.18670654296875,0.09200923144817352,0.2095060646533966,2.421268939971924,0.0,0.0,0.0,0,0
1787113427.8320692,13.379873177967966,TRACK,BSPLINE,/home/eunseop/nrs_imitation/checkpoints/bspline/polishing/single_cam/20260818_1932,404.4609680175781,332.67401123046875,181.63424682617188,0.055492255836725235,0.21128207445144653,2.429720640182495,-1.4081846475601196,-0.16942502558231354,0.16563287377357483,431.6063232421875,367.08367919921875,167.18670654296875,0.09200923144817352,0.2095060646533966,2.421268939971924,0.0,0.0,0.0,0,0
1787113427.888105,13.435909220948815,TRACK,BSPLINE,/home/eunseop/nrs_imitation/checkpoints/bspline/polishing/single_cam/20260818_1932,404.28741455078125,332.49200439453125,181.306396484375,0.0570654422044754,0.2130664438009262,2.4308207035064697,-2.971125602722168,0.4849867522716522,0.16966429352760315,431.6063232421875,367.08367919921875,167.18670654296875,0.09200923144817352,0.2095060646533966,2.421268939971924,0.0,0.0,0.0,0,0
1787113428.1386592,13.68646339897532,TRACK,BSPLINE,/home/eunseop/nrs_imitation/checkpoints/bspline/polishing/single_cam/20260818_1932,405.3721008300781,332.4959716796875,179.82553100585938,0.06098361685872078,0.21841947734355927,2.4368607997894287,-1.4344182014465332,-1.3734285831451416,0.31200698018074036,431.6063232421875,367.08367919921875,167.18670654296875,0.09200923144817352,0.2095060646533966,2.421268939971924,0.0,0.0,0.0,0,0
1787113428.1840198,13.73182367591653,TRACK,BSPLINE,/home/eunseop/nrs_imitation/checkpoints/bspline/polishing/single_cam/20260818_1932,405.67327880859375,332.6268615722656,179.5364532470703,0.0612163320183754,0.21881891787052155,2.4377663135528564,-0.11226692795753479,0.5509512424468994,-1.8405698537826538,431.6063232421875,367.08367919921875,167.18670654296875,0.09200923144817352,0.2095060646533966,2.421268939971924,0.0,0.0,0.0,0,0
1787113428.4480445,13.99584872298874,TRACK,BSPLINE,/home/eunseop/nrs_imitation/checkpoints/bspline/polishing/single_cam/20260818_1932,407.4569091796875,333.7999572753906,178.4079132080078,0.06080584228038788,0.2186850905418396,2.441108226776123,-1.7312935590744019,-0.09642069786787033,1.4446660280227661,431.6063232421875,367.08367919921875,167.18670654296875,0.09200923144817352,0.2095060646533966,2.421268939971924,0.0,0.0,0.0,0,0
1787113428.5040483,14.051852424978279,TRACK,BSPLINE,/home/eunseop/nrs_imitation/checkpoints/bspline/polishing/single_cam/20260818_1932,407.8312683105469,334.07525634765625,178.21389770507812,0.06050939857959747,0.2185230255126953,2.4413979053497314,-2.2099013328552246,0.1642741858959198,1.7013615369796753,431.6063232421875,367.08367919921875,167.18670654296875,0.09200923144817352,0.2095060646533966,2.421268939971924,0.0,0.0,0.0,0,0
1787113428.5601103,14.107914457912557,TRACK,BSPLINE,/home/eunseop/nrs_imitation/checkpoints/bspline/polishing/single_cam/20260818_1932,408.24395751953125,334.4273986816406,178.0804443359375,0.060194872319698334,0.21815790235996246,2.4416749477386475,-0.791504442691803,-1.099825382232666,0.16204525530338287,431.6063232421875,367.08367919921875,167.18670654296875,0.09200923144817352,0.2095060646533966,2.421268939971924,0.0,0.0,0.0,0,0
1787113428.6160626,14.16386673192028,TRACK,BSPLINE,/home/eunseop/nrs_imitation/checkpoints/bspline/polishing/single_cam/20260818_1932,408.620849609375,334.71441650390625,177.94464111328125,0.05982889235019684,0.21804304420948029,2.4419186115264893,0.4587812125682831,-2.4265570640563965,1.0386964082717896,431.6063232421875,367.08367919921875,167.18670654296875,0.09200923144817352,0.2095060646533966,2.421268939971924,0.0,0.0,0.0,0,0
1787113428.8400302,14.387834338936955,TRACK,BSPLINE,/home/eunseop/nrs_imitation/checkpoints/bspline/polishing/single_cam/20260818_1932,410.3465881347656,336.10418701171875,177.61769104003906,0.05949162319302559,0.2167762964963913,2.442708730697632,-1.2111924886703491,1.1638891696929932,0.853017270565033,431.6063232421875,367.08367919921875,167.18670654296875,0.09200923144817352,0.2095060646533966,2.421268939971924,0.0,0.0,0.0,0,0
1787113428.8880446,14.435848587891087,TRACK,BSPLINE,/home/eunseop/nrs_imitation/checkpoints/bspline/polishing/single_cam/20260818_1932,410.6962585449219,336.38934326171875,177.50869750976562,0.05949453264474869,0.2165675163269043,2.4427835941314697,-0.11911213397979736,-0.6636585593223572,1.7934015989303589,431.6063232421875,367.08367919921875,167.18670654296875,0.09200923144817352,0.2095060646533966,2.421268939971924,0.0,0.0,0.0,0,0
1787113428.9918993,14.539703207905404,TRACK,BSPLINE,/home/eunseop/nrs_imitation/checkpoints/bspline/polishing/single_cam/20260818_1932,411.4817810058594,336.87152099609375,177.30227661132812,0.059819187968969345,0.21596352756023407,2.4424424171447754,-1.4377893209457397,-0.4394625127315521,3.8893239498138428,411.4817810058594,336.87152099609375,177.30227661132812,0.059819187968969345,0.21596352756023407,2.4424424171447754,0.0,0.0,11.904022216796875,1,0
1787113429.0881455,14.63594948395621,TRACK,BSPLINE,/home/eunseop/nrs_imitation/checkpoints/bspline/polishing/single_cam/20260818_1932,412.216552734375,337.40118408203125,177.12806701660156,0.0600249208509922,0.2152155488729477,2.4421396255493164,-1.8344844579696655,-0.29534319043159485,3.938537120819092,431.6063232421875,367.08367919921875,167.18670654296875,0.09200923144817352,0.2095060646533966,2.421268939971924,0.0,0.0,0.0,1,0
1787113429.1119308,14.659735019900836,TRACK,BSPLINE,/home/eunseop/nrs_imitation/checkpoints/bspline/polishing/single_cam/20260818_1932,412.3412780761719,337.5634765625,177.08566284179688,0.060301683843135834,0.21494771540164948,2.4420254230499268,-1.8467133045196533,0.8612073063850403,3.8603525161743164,412.3412780761719,337.5634765625,177.08566284179688,0.060301683843135834,0.21494771540164948,2.4420254230499268,0.0,0.0,12.512279510498047,1,0
1787113429.1441164,14.69192061398644,TRACK,BSPLINE,/home/eunseop/nrs_imitation/checkpoints/bspline/polishing/single_cam/20260818_1932,412.5938415527344,337.7636413574219,177.02268981933594,0.060235824435949326,0.21463337540626526,2.4418816566467285,-0.10361617803573608,-0.13986507058143616,3.9887661933898926,431.6063232421875,367.08367919921875,167.18670654296875,0.09200923144817352,0.2095060646533966,2.421268939971924,0.0,0.0,0.0,1,0
1787113429.1920238,14.739827798912302,TRACK,BSPLINE,/home/eunseop/nrs_imitation/checkpoints/bspline/polishing/single_cam/20260818_1932,412.8552551269531,338.1128845214844,176.9536590576172,0.06043536961078644,0.2140735238790512,2.441668748855591,-2.136303186416626,1.5297168493270874,4.273810386657715,431.6063232421875,367.08367919921875,167.18670654296875,0.09200923144817352,0.2095060646533966,2.421268939971924,0.0,0.0,0.0,1,0
1787113429.215941,14.763745066942647,TRACK,BSPLINE,/home/eunseop/nrs_imitation/checkpoints/bspline/polishing/single_cam/20260818_1932,412.95849609375,338.3304138183594,176.8979949951172,0.060536425560712814,0.2138577252626419,2.4416964054107666,-0.6222110390663147,0.18042263388633728,2.7846148014068604,412.95849609375,338.3304138183594,176.8979949951172,0.060536425560712814,0.2138577252626419,2.4416964054107666,0.0,0.0,13.108657836914062,1,0
1787113429.2480545,14.795858752913773,TRACK,BSPLINE,/home/eunseop/nrs_imitation/checkpoints/bspline/polishing/single_cam/20260818_1932,413.13848876953125,338.5625,176.83941650390625,0.06063545495271683,0.21355073153972626,2.441525459289551,-3.5636820793151855,0.9864638447761536,5.6345438957214355,431.6063232421875,367.08367919921875,167.18670654296875,0.09200923144817352,0.2095060646533966,2.421268939971924,0.0,0.0,0.0,1,0
1787113429.319911,14.867714976891875,TRACK,BSPLINE,/home/eunseop/nrs_imitation/checkpoints/bspline/polishing/single_cam/20260818_1932,413.52117919921875,339.18365478515625,176.7510528564453,0.06062048673629761,0.212468221783638,2.4413797855377197,0.13931669294834137,-1.7304728031158447,5.9440813064575195,413.52117919921875,339.18365478515625,176.7510528564453,0.06062048673629761,0.212468221783638,2.4413797855377197,0.0,0.0,13.690727233886719,1,0
1787113429.4242818,14.972086243913509,TRACK,BSPLINE,/home/eunseop/nrs_imitation/checkpoints/bspline/polishing/single_cam/20260818_1932,413.933837890625,340.0137939453125,176.57713317871094,0.06058669462800026,0.21119163930416107,2.440725564956665,-3.1224849224090576,-0.3206106722354889,9.30579662322998,431.6063232421875,367.08367919921875,167.18670654296875,0.09200923144817352,0.2095060646533966,2.421268939971924,0.0,0.0,0.0,1,0
1787113429.424536,14.97234010999091,TRACK,BSPLINE,/home/eunseop/nrs_imitation/checkpoints/bspline/polishing/single_cam/20260818_1932,413.933837890625,340.0137939453125,176.57713317871094,0.06058669462800026,0.21119163930416107,2.440725564956665,-3.1224849224090576,-0.3206106722354889,9.30579662322998,413.933837890625,340.0137939453125,176.57713317871094,0.06058669462800026,0.21119163930416107,2.440725564956665,0.0,0.0,14.256059646606445,1,0
1787113429.4801261,15.027930391952395,TRACK,BSPLINE,/home/eunseop/nrs_imitation/checkpoints/bspline/polishing/single_cam/20260818_1932,414.1236877441406,340.5003356933594,176.4871063232422,0.060542136430740356,0.21041317284107208,2.440333843231201,-1.1070539951324463,-0.45644769072532654,9.163172721862793,431.6063232421875,367.08367919921875,167.18670654296875,0.09200923144817352,0.2095060646533966,2.421268939971924,0.0,0.0,0.0,1,0
1787113429.5279121,15.075716224964708,TRACK,BSPLINE,/home/eunseop/nrs_imitation/checkpoints/bspline/polishing/single_cam/20260818_1932,414.197509765625,340.9059143066406,176.34109497070312,0.06058356538414955,0.20990699529647827,2.4399924278259277,-3.12300443649292,0.83895343542099,9.257112503051758,414.197509765625,340.9059143066406,176.34109497070312,0.06058356538414955,0.20990699529647827,2.4399924278259277,0.0,0.0,14.802228927612305,1,0
1787113429.6321745,15.179979024920613,TRACK,BSPLINE,/home/eunseop/nrs_imitation/checkpoints/bspline/polishing/single_cam/20260818_1932,414.4148864746094,341.92242431640625,176.11685180664062,0.060248345136642456,0.20835250616073608,2.439234972000122,-2.1530706882476807,0.8219227194786072,10.437338829040527,431.6063232421875,367.08367919921875,167.18670654296875,0.09200923144817352,0.2095060646533966,2.421268939971924,0.0,0.0,0.0,1,0
1787113429.63238,15.180184076889418,TRACK,BSPLINE,/home/eunseop/nrs_imitation/checkpoints/bspline/polishing/single_cam/20260818_1932,414.4148864746094,341.92242431640625,176.11685180664062,0.060248345136642456,0.20835250616073608,2.439234972000122,-2.1530706882476807,0.8219227194786072,10.437338829040527,414.4148864746094,341.92242431640625,176.11685180664062,0.060248345136642456,0.20835250616073608,2.439234972000122,0.0,0.0,15.32685661315918,1,0
1787113429.6881666,15.235970873967744,TRACK,BSPLINE,/home/eunseop/nrs_imitation/checkpoints/bspline/polishing/single_cam/20260818_1932,414.4958801269531,342.4881286621094,176.0020294189453,0.06016312539577484,0.20754194259643555,2.438880443572998,-4.247595310211182,1.476298213005066,15.146198272705078,431.6063232421875,367.08367919921875,167.18670654296875,0.09200923144817352,0.2095060646533966,2.421268939971924,0.0,0.0,0.0,1,0
1787113429.7394953,15.287299148971215,TRACK,BSPLINE,/home/eunseop/nrs_imitation/checkpoints/bspline/polishing/single_cam/20260818_1932,414.60919189453125,342.9371337890625,175.97216796875,0.05986617133021355,0.206806942820549,2.438720941543579,-0.7175481915473938,1.9714528322219849,11.89907169342041,414.60919189453125,342.9371337890625,175.97216796875,0.05986617133021355,0.206806942820549,2.438720941543579,0.0,0.0,15.829751968383789,1,0
1787113429.840059,15.387863478972577,TRACK,BSPLINE,/home/eunseop/nrs_imitation/checkpoints/bspline/polishing/single_cam/20260818_1932,414.82843017578125,343.95770263671875,175.80015563964844,0.05940265953540802,0.2053932249546051,2.4379160404205322,-1.429836630821228,1.3552465438842773,16.031980514526367,431.6063232421875,367.08367919921875,167.18670654296875,0.09200923144817352,0.2095060646533966,2.421268939971924,0.0,0.0,0.0,1,0
1787113429.8402002,15.388004157925025,TRACK,BSPLINE,/home/eunseop/nrs_imitation/checkpoints/bspline/polishing/single_cam/20260818_1932,414.82843017578125,343.95770263671875,175.80015563964844,0.05940265953540802,0.2053932249546051,2.4379160404205322,-1.429836630821228,1.3552465438842773,16.031980514526367,414.82843017578125,343.95770263671875,175.80015563964844,0.05940265953540802,0.2053932249546051,2.4379160404205322,0.0,0.0,16.313674926757812,1,0
1787113429.8961892,15.443993852939457,TRACK,BSPLINE,/home/eunseop/nrs_imitation/checkpoints/bspline/polishing/single_cam/20260818_1932,414.89501953125,344.42657470703125,175.75979614257812,0.05927466228604317,0.2048284113407135,2.4374442100524902,-5.650899887084961,2.2832820415496826,17.27124786376953,431.6063232421875,367.08367919921875,167.18670654296875,0.09200923144817352,0.2095060646533966,2.421268939971924,0.0,0.0,0.0,1,0
1787113429.9439442,15.491748285945505,TRACK,BSPLINE,/home/eunseop/nrs_imitation/checkpoints/bspline/polishing/single_cam/20260818_1932,414.9865417480469,344.9098205566406,175.71383666992188,0.0589994452893734,0.2042257934808731,2.4371421337127686,-1.1583168506622314,0.8909144401550293,18.43902015686035,414.9865417480469,344.9098205566406,175.71383666992188,0.0589994452893734,0.2042257934808731,2.4371421337127686,0.0,0.0,23.25206184387207,1,0
1787113430.056079,15.603883093921468,TRACK,BSPLINE,/home/eunseop/nrs_imitation/checkpoints/bspline/polishing/single_cam/20260818_1932,415.13043212890625,346.0141296386719,175.6903533935547,0.05856485292315483,0.2027788609266281,2.4363582134246826,-5.130828380584717,0.37756749987602234,20.459959030151367,431.6063232421875,367.08367919921875,167.18670654296875,0.09200923144817352,0.2095060646533966,2.421268939971924,0.0,0.0,0.0,1,0
1787113430.1041486,15.651953120948747,TRACK,BSPLINE,/home/eunseop/nrs_imitation/checkpoints/bspline/polishing/single_cam/20260818_1932,415.191162109375,346.4056091308594,175.68492126464844,0.058318544179201126,0.20229333639144897,2.4359517097473145,-3.5625436305999756,2.5248310565948486,17.596052169799805,431.6063232421875,367.08367919921875,167.18670654296875,0.09200923144817352,0.2095060646533966,2.421268939971924,0.0,0.0,0.0,1,0
1787113430.1601288,15.7079333079746,TRACK,BSPLINE,/home/eunseop/nrs_imitation/checkpoints/bspline/polishing/single_cam/20260818_1932,415.3039245605469,346.9643249511719,175.65469360351562,0.05804680287837982,0.2015637457370758,2.435678243637085,-5.857137680053711,2.091837167739868,20.43087387084961,431.6063232421875,367.08367919921875,167.18670654296875,0.09200923144817352,0.2095060646533966,2.421268939971924,0.0,0.0,0.0,1,0
1787113430.2719243,15.819728425936773,TRACK,BSPLINE,/home/eunseop/nrs_imitation/checkpoints/bspline/polishing/single_cam/20260818_1932,415.45928955078125,348.0051574707031,175.556884765625,0.05754931643605232,0.2003190666437149,2.434804677963257,-2.242844343185425,0.07825975120067596,20.356653213500977,415.45928955078125,348.0051574707031,175.556884765625,0.05754931643605232,0.2003190666437149,2.434804677963257,0.0,0.0,26.44505500793457,1,0
1787113430.36808,15.915884009911679,TRACK,BSPLINE,/home/eunseop/nrs_imitation/checkpoints/bspline/polishing/single_cam/20260818_1932,415.5794372558594,348.9299011230469,175.48538208007812,0.05720864236354828,0.19930605590343475,2.434208869934082,-6.3887739181518555,0.8270819187164307,25.19797706604004,431.6063232421875,367.08367919921875,167.18670654296875,0.09200923144817352,0.2095060646533966,2.421268939971924,0.0,0.0,0.0,1,0
1787113430.4079187,15.955722551909275,TRACK,BSPLINE,/home/eunseop/nrs_imitation/checkpoints/bspline/polishing/single_cam/20260818_1932,415.61370849609375,349.28338623046875,175.4375457763672,0.057047322392463684,0.19908089935779572,2.433987617492676,-5.9634928703308105,0.7022275924682617,27.921890258789062,415.61370849609375,349.28338623046875,175.4375457763672,0.057047322392463684,0.19908089935779572,2.433987617492676,0.0,0.0,26.14260482788086,1,0
1787113430.4240396,15.971843847888522,TRACK,BSPLINE,/home/eunseop/nrs_imitation/checkpoints/bspline/polishing/single_cam/20260818_1932,415.66943359375,349.43426513671875,175.4424285888672,0.05691104009747505,0.19883659482002258,2.4338884353637695,-1.396194338798523,0.22455662488937378,27.61412811279297,431.6063232421875,367.08367919921875,167.18670654296875,0.09200923144817352,0.2095060646533966,2.421268939971924,0.0,0.0,0.0,1,0
1787113430.480056,16.02786023390945,TRACK,BSPLINE,/home/eunseop/nrs_imitation/checkpoints/bspline/polishing/single_cam/20260818_1932,415.788330078125,350.0227966308594,175.41029357910156,0.056631240993738174,0.1982361227273941,2.433584451675415,-3.590017795562744,3.3964920043945312,22.224306106567383,431.6063232421875,367.08367919921875,167.18670654296875,0.09200923144817352,0.2095060646533966,2.421268939971924,0.0,0.0,0.0,1,0
1787113430.6950996,16.242903793929145,TRACK,BSPLINE,/home/eunseop/nrs_imitation/checkpoints/bspline/polishing/single_cam/20260818_1932,415.9881896972656,351.5773010253906,175.32655334472656,0.05588477849960327,0.19701705873012543,2.4326353073120117,-3.3593852519989014,1.7884297370910645,30.325349807739258,415.9881896972656,351.5773010253906,175.32655334472656,0.05588477849960327,0.19701705873012543,2.4326353073120117,0.0,0.0,19.78635597229004,1,0
1787113430.7758412,16.32364667498041,TRACK,BSPLINE,/home/eunseop/nrs_imitation/checkpoints/bspline/polishing/single_cam/20260818_1932,416.10284423828125,352.4588317871094,175.28501892089844,0.05559168756008148,0.1965578943490982,2.4321413040161133,-5.782166957855225,3.14202618598938,24.862171173095703,461.0342102050781,380.33734130859375,178.0127716064453,0.09308101236820221,0.18737280368804932,2.453066825866699,0.0,0.0,0.0,1,0
1787113431.0241132,16.571917488938197,TRACK,BSPLINE,/home/eunseop/nrs_imitation/checkpoints/bspline/polishing/single_cam/20260818_1932,416.6942443847656,354.940673828125,175.48193359375,0.054093729704618454,0.19508421421051025,2.4309635162353516,-6.0619049072265625,0.8673315644264221,21.196212768554688,461.4136657714844,378.6480407714844,177.90676879882812,0.09394790232181549,0.18673717975616455,2.4544527530670166,0.0,0.0,0.0,1,0
1787113431.2001016,16.74790579394903,TRACK,BSPLINE,/home/eunseop/nrs_imitation/checkpoints/bspline/polishing/single_cam/20260818_1932,416.88873291015625,355.4941101074219,175.59739685058594,0.05345532298088074,0.19462449848651886,2.430654525756836,-1.683423638343811,-0.38485273718833923,20.64630699157715,461.18304443359375,378.6805419921875,177.80960083007812,0.0940471664071083,0.1867736428976059,2.4542300701141357,0.0,0.0,0.0,1,0
1787113431.3920426,16.939846883993596,TRACK,BSPLINE,/home/eunseop/nrs_imitation/checkpoints/bspline/polishing/single_cam/20260818_1932,416.86199951171875,355.6060791015625,175.61105346679688,0.05339095741510391,0.19458988308906555,2.430598735809326,-5.679147243499756,0.7088589072227478,21.19582176208496,461.18304443359375,378.6805419921875,177.80960083007812,0.0940471664071083,0.1867736428976059,2.4542300701141357,0.0,0.0,0.0,1,0
1787113431.448027,16.995830937987193,TRACK,BSPLINE,/home/eunseop/nrs_imitation/checkpoints/bspline/polishing/single_cam/20260818_1932,416.844482421875,355.6346435546875,175.59902954101562,0.05338628217577934,0.1945582628250122,2.4305636882781982,-2.3017213344573975,-0.013456761837005615,20.786277770996094,461.18304443359375,378.6805419921875,177.80960083007812,0.0940471664071083,0.1867736428976059,2.4542300701141357,0.0,0.0,0.0,1,0
1787113431.6960642,17.243868356919847,TRACK,BSPLINE,/home/eunseop/nrs_imitation/checkpoints/bspline/polishing/single_cam/20260818_1932,416.8221435546875,355.654052734375,175.5948944091797,0.053205788135528564,0.1944265067577362,2.430605888366699,-3.39376163482666,1.2118275165557861,23.58431625366211,461.18304443359375,378.6805419921875,177.80960083007812,0.0940471664071083,0.1867736428976059,2.4542300701141357,0.0,0.0,0.0,1,0
1787113431.7440736,17.29187810793519,TRACK,BSPLINE,/home/eunseop/nrs_imitation/checkpoints/bspline/polishing/single_cam/20260818_1932,416.7828063964844,355.66595458984375,175.56153869628906,0.05333118885755539,0.19443002343177795,2.430572032928467,-6.00728702545166,2.0305120944976807,19.663454055786133,461.18304443359375,378.6805419921875,177.80960083007812,0.0940471664071083,0.1867736428976059,2.4542300701141357,0.0,0.0,0.0,1,0
1787113432.009642,17.557446056976914,TRACK,BSPLINE,/home/eunseop/nrs_imitation/checkpoints/bspline/polishing/single_cam/20260818_1932,417.1058044433594,355.3823547363281,175.3258819580078,0.055599797517061234,0.19571234285831451,2.4295296669006348,-5.516518592834473,-0.8394331336021423,29.638042449951172,461.18304443359375,378.6805419921875,177.80960083007812,0.0940471664071083,0.1867736428976059,2.4542300701141357,0.0,0.0,0.0,1,0
1787113432.0641847,17.611988966935314,TRACK,BSPLINE,/home/eunseop/nrs_imitation/checkpoints/bspline/polishing/single_cam/20260818_1932,417.4925231933594,355.21954345703125,175.26712036132812,0.057765811681747437,0.19679440557956696,2.4286210536956787,-3.6709086894989014,0.933275043964386,29.96356773376465,461.18304443359375,378.6805419921875,177.80960083007812,0.0940471664071083,0.1867736428976059,2.4542300701141357,0.0,0.0,0.0,1,0
1787113432.1120315,17.659835546975955,TRACK,BSPLINE,/home/eunseop/nrs_imitation/checkpoints/bspline/polishing/single_cam/20260818_1932,417.89312744140625,355.07293701171875,175.21408081054688,0.0597454272210598,0.19770416617393494,2.427647352218628,-3.574434518814087,-0.5240873694419861,35.57867431640625,461.18304443359375,378.6805419921875,177.80960083007812,0.0940471664071083,0.1867736428976059,2.4542300701141357,0.0,0.0,0.0,1,0
1787113432.4001675,17.94797173491679,TRACK,BSPLINE,/home/eunseop/nrs_imitation/checkpoints/bspline/polishing/single_cam/20260818_1932,419.7310791015625,353.82269287109375,174.73309326171875,0.07298924028873444,0.20466375350952148,2.422363042831421,-13.023809432983398,1.3329917192459106,64.05826568603516,461.18304443359375,378.6805419921875,177.80960083007812,0.0940471664071083,0.1867736428976059,2.4542300701141357,0.0,0.0,0.0,1,0
1787113432.448119,17.995923165930435,TRACK,BSPLINE,/home/eunseop/nrs_imitation/checkpoints/bspline/polishing/single_cam/20260818_1932,420.001220703125,353.6017761230469,174.67153930664062,0.07516821473836899,0.20589153468608856,2.4214062690734863,-18.512001037597656,0.4912634789943695,65.51426696777344,461.18304443359375,378.6805419921875,177.80960083007812,0.0940471664071083,0.1867736428976059,2.4542300701141357,0.0,0.0,0.0,1,0
1787113432.712099,18.25990316888783,TRACK,BSPLINE,/home/eunseop/nrs_imitation/checkpoints/bspline/polishing/single_cam/20260818_1932,421.57147216796875,352.2582092285156,174.33279418945312,0.08673955500125885,0.21254290640354156,2.4164786338806152,-23.4532470703125,24.208284378051758,68.8745346069336,461.18304443359375,378.6805419921875,177.80960083007812,0.0940471664071083,0.1867736428976059,2.4542300701141357,0.0,0.0,0.0,1,0
1787113432.7680311,18.31583532493096,TRACK,BSPLINE,/home/eunseop/nrs_imitation/checkpoints/bspline/polishing/single_cam/20260818_1932,421.91522216796875,351.94970703125,174.23684692382812,0.08880722522735596,0.21394044160842896,2.4155869483947754,-4.236869812011719,-28.690757751464844,86.03775024414062,461.18304443359375,378.6805419921875,177.80960083007812,0.0940471664071083,0.1867736428976059,2.4542300701141357,0.0,0.0,0.0,1,0
1787113432.8160555,18.363859644974582,TRACK,BSPLINE,/home/eunseop/nrs_imitation/checkpoints/bspline/polishing/single_cam/20260818_1932,422.0769958496094,351.95233154296875,174.2810516357422,0.09031260758638382,0.2146359235048294,2.4150781631469727,-6.241879463195801,-27.650148391723633,82.71003723144531,461.18304443359375,378.6805419921875,177.80960083007812,0.0940471664071083,0.1867736428976059,2.4542300701141357,0.0,0.0,0.0,1,0
1787113433.096184,18.643988376948982,TRACK,BSPLINE,/home/eunseop/nrs_imitation/checkpoints/bspline/polishing/single_cam/20260818_1932,422.4487609863281,353.4034118652344,174.51409912109375,0.09280315041542053,0.21470503509044647,2.414717435836792,-29.468902587890625,-0.28316113352775574,71.45499420166016,461.18304443359375,378.6805419921875,177.80960083007812,0.0940471664071083,0.1867736428976059,2.4542300701141357,0.0,0.0,0.0,1,0
1787113433.1520994,18.699903499917127,TRACK,BSPLINE,/home/eunseop/nrs_imitation/checkpoints/bspline/polishing/single_cam/20260818_1932,422.5570068359375,353.7398986816406,174.55955505371094,0.09267855435609818,0.2144649773836136,2.41499400138855,-3.7403857707977295,2.2861037254333496,52.966896057128906,461.18304443359375,378.6805419921875,177.80960083007812,0.0940471664071083,0.1867736428976059,2.4542300701141357,0.0,0.0,0.0,1,0
1787113433.416069,18.96387313492596,TRACK,BSPLINE,/home/eunseop/nrs_imitation/checkpoints/bspline/polishing/single_cam/20260818_1932,423.21917724609375,355.87109375,174.7413330078125,0.09346822649240494,0.2129545658826828,2.4153854846954346,-10.004119873046875,-0.12103891372680664,62.88096237182617,461.18304443359375,378.6805419921875,177.80960083007812,0.0940471664071083,0.1867736428976059,2.4542300701141357,0.0,0.0,0.0,1,0
1787113433.4720724,19.019876576960087,TRACK,BSPLINE,/home/eunseop/nrs_imitation/checkpoints/bspline/polishing/single_cam/20260818_1932,423.3527526855469,356.2955627441406,174.74110412597656,0.09354334324598312,0.21276772022247314,2.4154956340789795,-10.029864311218262,-2.8460254669189453,50.091590881347656,461.18304443359375,378.6805419921875,177.80960083007812,0.0940471664071083,0.1867736428976059,2.4542300701141357,0.0,0.0,0.0,1,0
1787113433.5200276,19.06783185491804,TRACK,BSPLINE,/home/eunseop/nrs_imitation/checkpoints/bspline/polishing/single_cam/20260818_1932,423.53167724609375,356.6707458496094,174.7373809814453,0.09347594529390335,0.21245762705802917,2.415651559829712,-3.7854762077331543,2.596209764480591,50.30500411987305,461.18304443359375,378.6805419921875,177.80960083007812,0.0940471664071083,0.1867736428976059,2.4542300701141357,0.0,0.0,0.0,1,0
1787113433.6879442,19.235748471925035,TRACK,BSPLINE,/home/eunseop/nrs_imitation/checkpoints/bspline/polishing/single_cam/20260818_1932,424.054443359375,358.1520080566406,174.76524353027344,0.09367799013853073,0.21152640879154205,2.4161508083343506,-9.02488899230957,-0.931704044342041,63.892250061035156,424.054443359375,358.1520080566406,174.76524353027344,0.09367799013853073,0.21152640879154205,2.4161508083343506,0.0,0.0,27.333284378051758,1,0
1787113433.7841282,19.331932950997725,TRACK,BSPLINE,/home/eunseop/nrs_imitation/checkpoints/bspline/polishing/single_cam/20260818_1932,424.4220275878906,359.0224914550781,174.779296875,0.09356974810361862,0.21109455823898315,2.4164962768554688,-15.815428733825684,1.1012622117996216,52.07510757446289,461.18304443359375,378.6805419921875,177.80960083007812,0.0940471664071083,0.1867736428976059,2.4542300701141357,0.0,0.0,0.0,1,0
1787113433.8400438,19.38784776290413,TRACK,BSPLINE,/home/eunseop/nrs_imitation/checkpoints/bspline/polishing/single_cam/20260818_1932,424.6582946777344,359.534912109375,174.80392456054688,0.09325895458459854,0.21082651615142822,2.4168996810913086,-2.941925525665283,0.44174879789352417,49.24826431274414,461.18304443359375,378.6805419921875,177.80960083007812,0.0940471664071083,0.1867736428976059,2.4542300701141357,0.0,0.0,0.0,1,0
1787113434.063927,19.61173142294865,TRACK,BSPLINE,/home/eunseop/nrs_imitation/checkpoints/bspline/polishing/single_cam/20260818_1932,425.4015197753906,361.48126220703125,174.785888671875,0.09317761659622192,0.21055853366851807,2.4181296825408936,-1.9582581520080566,1.4233219623565674,48.03812026977539,425.4015197753906,361.48126220703125,174.785888671875,0.09317761659622192,0.21055853366851807,2.4181296825408936,0.0,0.0,24.934707641601562,1,0
1787113434.1042082,19.65201240091119,TRACK,BSPLINE,/home/eunseop/nrs_imitation/checkpoints/bspline/polishing/single_cam/20260818_1932,425.5381774902344,361.8481750488281,174.80810546875,0.09313765168190002,0.21047300100326538,2.4184370040893555,-6.79092264175415,3.1714158058166504,45.88621520996094,461.18304443359375,378.6805419921875,177.80960083007812,0.0940471664071083,0.1867736428976059,2.4542300701141357,0.0,0.0,0.0,1,0
1787113434.1520522,19.699856475926936,TRACK,BSPLINE,/home/eunseop/nrs_imitation/checkpoints/bspline/polishing/single_cam/20260818_1932,425.72381591796875,362.2719421386719,174.79095458984375,0.0929625853896141,0.210356205701828,2.418722629547119,-3.357506275177002,2.387796401977539,49.256614685058594,461.18304443359375,378.6805419921875,177.80960083007812,0.0940471664071083,0.1867736428976059,2.4542300701141357,0.0,0.0,0.0,1,0
1787113434.4161336,19.96393787499983,TRACK,BSPLINE,/home/eunseop/nrs_imitation/checkpoints/bspline/polishing/single_cam/20260818_1932,426.61175537109375,364.722412109375,174.8068084716797,0.09263938665390015,0.20983746647834778,2.420358657836914,-14.110495567321777,5.120845317840576,48.87537384033203,461.18304443359375,378.6805419921875,177.80960083007812,0.0940471664071083,0.1867736428976059,2.4542300701141357,0.0,0.0,0.0,1,0
1787113434.4720888,20.01989287394099,TRACK,BSPLINE,/home/eunseop/nrs_imitation/checkpoints/bspline/polishing/single_cam/20260818_1932,426.8199157714844,365.2917785644531,174.81671142578125,0.0923357680439949,0.20966888964176178,2.420802354812622,-5.6920695304870605,4.684744834899902,57.99606704711914,461.18304443359375,378.6805419921875,177.80960083007812,0.0940471664071083,0.1867736428976059,2.4542300701141357,0.0,0.0,0.0,1,0
1787113434.720033,20.267837226972915,TRACK,BSPLINE,/home/eunseop/nrs_imitation/checkpoints/bspline/polishing/single_cam/20260818_1932,426.9707946777344,365.8551330566406,174.965087890625,0.09211009740829468,0.20977234840393066,2.4213297367095947,-4.874396800994873,0.9588476419448853,49.910457611083984,461.18304443359375,378.6805419921875,177.80960083007812,0.0940471664071083,0.1867736428976059,2.4542300701141357,0.0,0.0,0.0,1,0
1787113434.7681308,20.315934876911342,TRACK,BSPLINE,/home/eunseop/nrs_imitation/checkpoints/bspline/polishing/single_cam/20260818_1932,426.9482727050781,365.9190979003906,175.0425262451172,0.09226304292678833,0.20973053574562073,2.421220541000366,-10.971481323242188,1.9599683284759521,42.71951675415039,461.18304443359375,378.6805419921875,177.80960083007812,0.0940471664071083,0.1867736428976059,2.4542300701141357,0.0,0.0,0.0,1,0
1787113434.8242261,20.372030725935474,TRACK,BSPLINE,/home/eunseop/nrs_imitation/checkpoints/bspline/polishing/single_cam/20260818_1932,427.00750732421875,365.9122619628906,175.10064697265625,0.09200583398342133,0.20973394811153412,2.421304702758789,-2.5907986164093018,1.505016565322876,37.856719970703125,461.18304443359375,378.6805419921875,177.80960083007812,0.0940471664071083,0.1867736428976059,2.4542300701141357,0.0,0.0,0.0,1,0
1787113434.8789928,20.4267971329391,TRACK,BSPLINE,/home/eunseop/nrs_imitation/checkpoints/bspline/polishing/single_cam/20260818_1932,426.9756774902344,365.9529724121094,175.11549377441406,0.09209294617176056,0.20971523225307465,2.4213333129882812,-10.362678527832031,0.9190768003463745,38.85496520996094,426.9756774902344,365.9529724121094,175.11549377441406,0.09209294617176056,0.20971523225307465,2.4213333129882812,0.0,0.0,21.0064754486084,1,0
1787113434.9841533,20.531957489904016,TRACK,BSPLINE,/home/eunseop/nrs_imitation/checkpoints/bspline/polishing/single_cam/20260818_1932,427.0286865234375,365.9466247558594,175.19525146484375,0.09200725704431534,0.20984360575675964,2.4212496280670166,-8.54784107208252,1.6087621450424194,34.52871322631836,444.4129943847656,363.84423828125,196.25643920898438,0.07779271900653839,0.1816183477640152,2.4474189281463623,0.0,0.0,0.0,1,0
1787113435.4000409,20.947845100890845,TRACK,BSPLINE,/home/eunseop/nrs_imitation/checkpoints/bspline/polishing/single_cam/20260818_1932,427.19232177734375,366.1819763183594,175.47662353515625,0.0919380635023117,0.20962005853652954,2.421269655227661,-1.9717309474945068,-1.2841078042984009,28.361347198486328,443.780029296875,363.4593200683594,196.2631378173828,0.07796311378479004,0.1821034699678421,2.446927785873413,0.0,0.0,0.0,1,0
1787113435.4640405,21.011844698921777,TRACK,BSPLINE,/home/eunseop/nrs_imitation/checkpoints/bspline/polishing/single_cam/20260818_1932,427.2176208496094,366.2374267578125,175.5086212158203,0.09197153896093369,0.20962709188461304,2.4212660789489746,-2.2217729091644287,-2.5418038368225098,30.366989135742188,443.780029296875,363.4593200683594,196.2631378173828,0.07796311378479004,0.1821034699678421,2.446927785873413,0.0,0.0,0.0,1,0
1787113435.5280504,21.075854474911466,TRACK,BSPLINE,/home/eunseop/nrs_imitation/checkpoints/bspline/polishing/single_cam/20260818_1932,427.24920654296875,366.25518798828125,175.5504150390625,0.09194301068782806,0.20960402488708496,2.421318531036377,-2.481260061264038,0.5105931162834167,27.507461547851562,443.780029296875,363.4593200683594,196.2631378173828,0.07796311378479004,0.1821034699678421,2.446927785873413,0.0,0.0,0.0,1,0
1787113435.6002,21.1480042419862,TRACK,BSPLINE,/home/eunseop/nrs_imitation/checkpoints/bspline/polishing/single_cam/20260818_1932,427.29449462890625,366.261474609375,175.50889587402344,0.09197531640529633,0.2096535861492157,2.4212169647216797,-4.90824556350708,2.0839357376098633,23.21219253540039,443.780029296875,363.4593200683594,196.2631378173828,0.07796311378479004,0.1821034699678421,2.446927785873413,0.0,0.0,0.0,1,0
1787113436.008072,21.555876030935906,TRACK,BSPLINE,/home/eunseop/nrs_imitation/checkpoints/bspline/polishing/single_cam/20260818_1932,427.5582275390625,366.36334228515625,175.5735321044922,0.09197370707988739,0.2096262276172638,2.4212841987609863,-3.1209359169006348,1.581879734992981,26.34002113342285,443.780029296875,363.4593200683594,196.2631378173828,0.07796311378479004,0.1821034699678421,2.446927785873413,0.0,0.0,0.0,1,0
1787113436.0560856,21.603889539954253,TRACK,BSPLINE,/home/eunseop/nrs_imitation/checkpoints/bspline/polishing/single_cam/20260818_1932,427.56976318359375,366.391845703125,175.60231018066406,0.09197574108839035,0.20962733030319214,2.4213194847106934,-6.3325581550598145,1.7344988584518433,23.089521408081055,443.780029296875,363.4593200683594,196.2631378173828,0.07796311378479004,0.1821034699678421,2.446927785873413,0.0,0.0,0.0,1,0
1787113436.3040607,21.851864922908135,TRACK,BSPLINE,/home/eunseop/nrs_imitation/checkpoints/bspline/polishing/single_cam/20260818_1932,427.6994323730469,366.5103454589844,175.62786865234375,0.09208466112613678,0.20953144133090973,2.4213650226593018,-5.702549934387207,2.2568275928497314,21.579015731811523,443.780029296875,363.4593200683594,196.2631378173828,0.07796311378479004,0.1821034699678421,2.446927785873413,0.0,0.0,0.0,1,0
1787113436.3601072,21.907911377958953,TRACK,BSPLINE,/home/eunseop/nrs_imitation/checkpoints/bspline/polishing/single_cam/20260818_1932,427.74420166015625,366.5150146484375,175.642333984375,0.09198539704084396,0.209588423371315,2.421359062194824,-2.260148048400879,0.6485468149185181,24.843942642211914,443.780029296875,363.4593200683594,196.2631378173828,0.07796311378479004,0.1821034699678421,2.446927785873413,0.0,0.0,0.0,1,0
1787113436.6081202,22.155924461898394,TRACK,BSPLINE,/home/eunseop/nrs_imitation/checkpoints/bspline/polishing/single_cam/20260818_1932,428.1074523925781,366.8672790527344,176.1126708984375,0.09158176183700562,0.20833595097064972,2.4231865406036377,-2.1885292530059814,1.2672533988952637,14.884688377380371,443.780029296875,363.4593200683594,196.2631378173828,0.07796311378479004,0.1821034699678421,2.446927785873413,0.0,0.0,0.0,1,0
1787113436.6560192,22.20382317295298,TRACK,BSPLINE,/home/eunseop/nrs_imitation/checkpoints/bspline/polishing/single_cam/20260818_1932,428.15118408203125,367.010986328125,176.2102813720703,0.09147362411022186,0.20778518915176392,2.4240121841430664,-1.6909703016281128,-0.31787344813346863,8.784896850585938,443.780029296875,363.4593200683594,196.2631378173828,0.07796311378479004,0.1821034699678421,2.446927785873413,0.0,0.0,0.0,1,0
1787113436.9040241,22.451828271965496,TRACK,BSPLINE,/home/eunseop/nrs_imitation/checkpoints/bspline/polishing/single_cam/20260818_1932,428.5849914550781,368.3377380371094,175.65274047851562,0.08989404141902924,0.2011844664812088,2.4290318489074707,-4.785880088806152,1.152053713798523,20.001487731933594,443.780029296875,363.4593200683594,196.2631378173828,0.07796311378479004,0.1821034699678421,2.446927785873413,0.0,0.0,0.0,1,0
1787113436.960035,22.507839108933695,TRACK,BSPLINE,/home/eunseop/nrs_imitation/checkpoints/bspline/polishing/single_cam/20260818_1932,428.5379638671875,368.3572082519531,176.03262329101562,0.08976684510707855,0.2010163962841034,2.4301486015319824,-3.20627498626709,1.0624356269836426,12.170611381530762,443.780029296875,363.4593200683594,196.2631378173828,0.07796311378479004,0.1821034699678421,2.446927785873413,0.0,0.0,0.0,1,0
1787113437.2081027,22.755906828911975,TRACK,BSPLINE,/home/eunseop/nrs_imitation/checkpoints/bspline/polishing/single_cam/20260818_1932,429.1584167480469,369.927001953125,174.57012939453125,0.08817724138498306,0.1940726339817047,2.4350037574768066,-11.976215362548828,-0.7163140773773193,58.515804290771484,443.780029296875,363.4593200683594,196.2631378173828,0.07796311378479004,0.1821034699678421,2.446927785873413,0.0,0.0,0.0,1,0
1787113437.256022,22.803826117888093,TRACK,BSPLINE,/home/eunseop/nrs_imitation/checkpoints/bspline/polishing/single_cam/20260818_1932,429.39068603515625,369.9028625488281,175.03688049316406,0.08808623254299164,0.19426701962947845,2.435270071029663,-7.479498863220215,2.411597967147827,34.06193923950195,443.780029296875,363.4593200683594,196.2631378173828,0.07796311378479004,0.1821034699678421,2.446927785873413,0.0,0.0,0.0,1,0
1787113437.504034,23.05183802091051,TRACK,BSPLINE,/home/eunseop/nrs_imitation/checkpoints/bspline/polishing/single_cam/20260818_1932,431.4923400878906,370.50250244140625,175.3994140625,0.08787727355957031,0.19263817369937897,2.4356765747070312,-5.953546524047852,1.1656289100646973,25.65458106994629,443.780029296875,363.4593200683594,196.2631378173828,0.07796311378479004,0.1821034699678421,2.446927785873413,0.0,0.0,0.0,1,0
1787113437.560065,23.10786901693791,TRACK,BSPLINE,/home/eunseop/nrs_imitation/checkpoints/bspline/polishing/single_cam/20260818_1932,432.0984191894531,370.6800537109375,175.36456298828125,0.08763522654771805,0.1920020580291748,2.4358139038085938,-2.607497215270996,1.267703652381897,28.08213233947754,443.780029296875,363.4593200683594,196.2631378173828,0.07796311378479004,0.1821034699678421,2.446927785873413,0.0,0.0,0.0,1,0
1787113437.6959503,23.24375457689166,TRACK,BSPLINE,/home/eunseop/nrs_imitation/checkpoints/bspline/polishing/single_cam/20260818_1932,433.4696044921875,371.19390869140625,175.37806701660156,0.0875031128525734,0.1903359740972519,2.4359850883483887,-3.960740327835083,1.7705442905426025,21.423425674438477,433.4696044921875,371.19390869140625,175.37806701660156,0.0875031128525734,0.1903359740972519,2.4359850883483887,0.0,0.0,28.04853630065918,1,0
1787113437.8000839,23.34788796096109,TRACK,BSPLINE,/home/eunseop/nrs_imitation/checkpoints/bspline/polishing/single_cam/20260818_1932,434.5163879394531,371.4625244140625,175.42459106445312,0.0874328538775444,0.18932124972343445,2.4360382556915283,-4.711026668548584,2.05702543258667,20.368688583374023,443.780029296875,363.4593200683594,196.2631378173828,0.07796311378479004,0.1821034699678421,2.446927785873413,0.0,0.0,0.0,1,0
1787113437.8560247,23.403828963986598,TRACK,BSPLINE,/home/eunseop/nrs_imitation/checkpoints/bspline/polishing/single_cam/20260818_1932,435.06280517578125,371.6278991699219,175.4444122314453,0.08741298317909241,0.18881936371326447,2.4361119270324707,-4.703555107116699,1.7223502397537231,25.619598388671875,443.780029296875,363.4593200683594,196.2631378173828,0.07796311378479004,0.1821034699678421,2.446927785873413,0.0,0.0,0.0,1,0
1787113438.0799072,23.62771118292585,TRACK,BSPLINE,/home/eunseop/nrs_imitation/checkpoints/bspline/polishing/single_cam/20260818_1932,437.3130187988281,372.1575012207031,175.3335723876953,0.08747489005327225,0.18666063249111176,2.4362223148345947,-2.631767511367798,1.4207838773727417,27.723060607910156,437.3130187988281,372.1575012207031,175.3335723876953,0.08747489005327225,0.18666063249111176,2.4362223148345947,0.0,0.0,27.653364181518555,1,0
1787113438.1200442,23.667848386918195,TRACK,BSPLINE,/home/eunseop/nrs_imitation/checkpoints/bspline/polishing/single_cam/20260818_1932,437.7239990234375,372.2421569824219,175.30548095703125,0.08747565001249313,0.18623696267604828,2.436239242553711,-2.0225746631622314,0.3540392816066742,26.9061222076416,443.780029296875,363.4593200683594,196.2631378173828,0.07796311378479004,0.1821034699678421,2.446927785873413,0.0,0.0,0.0,1,0
1787113438.1760602,23.723864282947034,TRACK,BSPLINE,/home/eunseop/nrs_imitation/checkpoints/bspline/polishing/single_cam/20260818_1932,438.20977783203125,372.3025817871094,175.2682342529297,0.08770611882209778,0.1859540194272995,2.4362802505493164,-5.040331840515137,3.162327289581299,23.997699737548828,443.780029296875,363.4593200683594,196.2631378173828,0.07796311378479004,0.1821034699678421,2.446927785873413,0.0,0.0,0.0,1,0
1787113438.2241082,23.771912328898907,TRACK,BSPLINE,/home/eunseop/nrs_imitation/checkpoints/bspline/polishing/single_cam/20260818_1932,438.6872253417969,372.3917541503906,175.23670959472656,0.08775511384010315,0.18570606410503387,2.4363090991973877,-1.6065706014633179,0.23741725087165833,27.619234085083008,443.780029296875,363.4593200683594,196.2631378173828,0.07796311378479004,0.1821034699678421,2.446927785873413,0.0,0.0,0.0,1,0
1787113438.439899,23.987703191000037,TRACK,BSPLINE,/home/eunseop/nrs_imitation/checkpoints/bspline/polishing/single_cam/20260818_1932,440.7494201660156,372.6300964355469,175.16592407226562,0.08835278451442719,0.18462233245372772,2.4363999366760254,-3.0020968914031982,-0.4088611304759979,34.46981430053711,440.7494201660156,372.6300964355469,175.16592407226562,0.08835278451442719,0.18462233245372772,2.4363999366760254,0.0,0.0,27.160341262817383,1,0
1787113438.5041335,24.051937787909992,TRACK,BSPLINE,/home/eunseop/nrs_imitation/checkpoints/bspline/polishing/single_cam/20260818_1932,441.4257507324219,372.7501525878906,175.22877502441406,0.0884246975183487,0.18414628505706787,2.4363934993743896,-4.924371719360352,-0.15822820365428925,32.82411575317383,443.780029296875,363.4593200683594,196.2631378173828,0.07796311378479004,0.1821034699678421,2.446927785873413,0.0,0.0,0.0,1,0
1787113438.5600638,24.10786776000168,TRACK,BSPLINE,/home/eunseop/nrs_imitation/checkpoints/bspline/polishing/single_cam/20260818_1932,441.9941711425781,372.91656494140625,175.28382873535156,0.08870019763708115,0.18363578617572784,2.436418294906616,-4.472793102264404,1.733607292175293,25.024330139160156,443.780029296875,363.4593200683594,196.2631378173828,0.07796311378479004,0.1821034699678421,2.446927785873413,0.0,0.0,0.0,1,0
1787113438.7679627,24.315766776911914,TRACK,BSPLINE,/home/eunseop/nrs_imitation/checkpoints/bspline/polishing/single_cam/20260818_1932,444.01171875,373.3551025390625,175.28884887695312,0.08956124633550644,0.18264591693878174,2.436683416366577,-2.742814064025879,1.6302419900894165,23.61896514892578,444.01171875,373.3551025390625,175.28884887695312,0.08956124633550644,0.18264591693878174,2.436683416366577,0.0,0.0,26.600055694580078,1,0
1787113438.8081074,24.355911334976554,TRACK,BSPLINE,/home/eunseop/nrs_imitation/checkpoints/bspline/polishing/single_cam/20260818_1932,444.4345397949219,373.4835510253906,175.32057189941406,0.08961731195449829,0.18229961395263672,2.4366421699523926,-5.1173200607299805,1.338341474533081,23.703359603881836,443.780029296875,363.4593200683594,196.2631378173828,0.07796311378479004,0.1821034699678421,2.446927785873413,0.0,0.0,0.0,1,0
1787113438.8560448,24.40384898893535,TRACK,BSPLINE,/home/eunseop/nrs_imitation/checkpoints/bspline/polishing/single_cam/20260818_1932,444.8619384765625,373.5693359375,175.27842712402344,0.08993487060070038,0.182057186961174,2.436659812927246,-3.039215326309204,0.6117948889732361,28.26761245727539,443.780029296875,363.4593200683594,196.2631378173828,0.07796311378479004,0.1821034699678421,2.446927785873413,0.0,0.0,0.0,1,0
1787113438.912072,24.459876166889444,TRACK,BSPLINE,/home/eunseop/nrs_imitation/checkpoints/bspline/polishing/single_cam/20260818_1932,445.3744812011719,373.70513916015625,175.3028106689453,0.0902727022767067,0.18179203569889069,2.436785936355591,-4.345446586608887,0.813470721244812,22.312196731567383,443.780029296875,363.4593200683594,196.2631378173828,0.07796311378479004,0.1821034699678421,2.446927785873413,0.0,0.0,0.0,1,0
1787113439.0818098,24.629613736993633,TRACK,BSPLINE,/home/eunseop/nrs_imitation/checkpoints/bspline/polishing/single_cam/20260818_1932,446.7942199707031,374.06964111328125,175.41746520996094,0.09086759388446808,0.18122167885303497,2.4368233680725098,-4.379845142364502,1.2878204584121704,21.764394760131836,446.7942199707031,374.06964111328125,175.41746520996094,0.09086759388446808,0.18122167885303497,2.4368233680725098,0.0,0.0,14.539554595947266,1,0
1787113439.192231,24.74003532191273,TRACK,BSPLINE,/home/eunseop/nrs_imitation/checkpoints/bspline/polishing/single_cam/20260818_1932,448.1503601074219,374.54144287109375,175.36553955078125,0.09152576327323914,0.18044601380825043,2.4368882179260254,-3.989814519882202,-0.036705419421195984,28.946218490600586,432.9823913574219,359.2010192871094,203.06150817871094,0.0882440134882927,0.19801276922225952,2.4212582111358643,0.0,0.0,0.0,1,0
1787113439.2400868,24.78789091994986,TRACK,BSPLINE,/home/eunseop/nrs_imitation/checkpoints/bspline/polishing/single_cam/20260818_1932,448.53521728515625,374.66375732421875,175.35797119140625,0.09194304794073105,0.18038398027420044,2.4369101524353027,-6.156066417694092,1.082114577293396,25.01145362854004,432.9823913574219,359.2010192871094,203.06150817871094,0.0882440134882927,0.19801276922225952,2.4212582111358643,0.0,0.0,0.0,1,0
1787113439.5120764,25.05988046899438,TRACK,BSPLINE,/home/eunseop/nrs_imitation/checkpoints/bspline/polishing/single_cam/20260818_1932,451.11810302734375,375.7301940917969,175.66738891601562,0.09312035888433456,0.1797947734594345,2.437272071838379,-3.4644570350646973,1.0416507720947266,16.1477108001709,432.9823913574219,359.2010192871094,203.06150817871094,0.0882440134882927,0.19801276922225952,2.4212582111358643,0.0,0.0,0.0,1,0
1787113439.5600615,25.10786566499155,TRACK,BSPLINE,/home/eunseop/nrs_imitation/checkpoints/bspline/polishing/single_cam/20260818_1932,451.567626953125,375.9303283691406,175.69912719726562,0.09337054938077927,0.1798645406961441,2.437385320663452,-2.657766103744507,0.015313834883272648,16.99312400817871,432.9823913574219,359.2010192871094,203.06150817871094,0.0882440134882927,0.19801276922225952,2.4212582111358643,0.0,0.0,0.0,1,0
1787113439.743976,25.29178052500356,TRACK,BSPLINE,/home/eunseop/nrs_imitation/checkpoints/bspline/polishing/single_cam/20260818_1932,453.2011413574219,376.9054870605469,176.0416717529297,0.09432603418827057,0.1796686351299286,2.4378020763397217,-1.7431411743164062,-0.06762246787548065,12.82643985748291,453.2011413574219,376.9054870605469,176.0416717529297,0.09432603418827057,0.1796686351299286,2.4378020763397217,0.0,0.0,15.993925094604492,1,0
1787113439.8080978,25.35590196598787,TRACK,BSPLINE,/home/eunseop/nrs_imitation/checkpoints/bspline/polishing/single_cam/20260818_1932,453.78546142578125,377.26226806640625,176.10069274902344,0.09465740621089935,0.17961707711219788,2.4380834102630615,-2.9833133220672607,1.4308055639266968,13.626415252685547,432.9823913574219,359.2010192871094,203.06150817871094,0.0882440134882927,0.19801276922225952,2.4212582111358643,0.0,0.0,0.0,1,0
1787113439.8640282,25.41183234890923,TRACK,BSPLINE,/home/eunseop/nrs_imitation/checkpoints/bspline/polishing/single_cam/20260818_1932,454.21124267578125,377.5245666503906,176.02517700195312,0.09483469277620316,0.1799793839454651,2.438427209854126,-2.2141637802124023,-0.6743767261505127,12.766741752624512,432.9823913574219,359.2010192871094,203.06150817871094,0.0882440134882927,0.19801276922225952,2.4212582111358643,0.0,0.0,0.0,1,0
1787113440.1120682,25.65987218695227,TRACK,BSPLINE,/home/eunseop/nrs_imitation/checkpoints/bspline/polishing/single_cam/20260818_1932,456.241455078125,379.1304626464844,175.93048095703125,0.09551084041595459,0.18085479736328125,2.440014362335205,-3.863982677459717,1.200486183166504,15.89155387878418,432.9823913574219,359.2010192871094,203.06150817871094,0.0882440134882927,0.19801276922225952,2.4212582111358643,0.0,0.0,0.0,1,0
1787113440.1600533,25.70785734290257,TRACK,BSPLINE,/home/eunseop/nrs_imitation/checkpoints/bspline/polishing/single_cam/20260818_1932,456.5762939453125,379.4647216796875,175.91004943847656,0.09570042043924332,0.18121996521949768,2.4403419494628906,-1.3736324310302734,0.9677343368530273,12.681137084960938,432.9823913574219,359.2010192871094,203.06150817871094,0.0882440134882927,0.19801276922225952,2.4212582111358643,0.0,0.0,0.0,1,0
1787113440.1761265,25.723930546897464,TRACK,BSPLINE,/home/eunseop/nrs_imitation/checkpoints/bspline/polishing/single_cam/20260818_1932,456.6934509277344,379.5928955078125,175.93087768554688,0.09575075656175613,0.1813041865825653,2.440502405166626,-2.4724671840667725,1.0288095474243164,13.353130340576172,456.6934509277344,379.5928955078125,175.93087768554688,0.09575075656175613,0.1813041865825653,2.440502405166626,0.0,0.0,16.895736694335938,1,0
1787113440.2881052,25.835909468936734,TRACK,BSPLINE,/home/eunseop/nrs_imitation/checkpoints/bspline/polishing/single_cam/20260818_1932,457.5487976074219,380.44573974609375,175.89251708984375,0.09580867737531662,0.1820085197687149,2.4414281845092773,-1.9417288303375244,-1.266477346420288,18.065549850463867,432.9823913574219,359.2010192871094,203.06150817871094,0.0882440134882927,0.19801276922225952,2.4212582111358643,0.0,0.0,0.0,1,0
1787113440.3360891,25.883893292979337,TRACK,BSPLINE,/home/eunseop/nrs_imitation/checkpoints/bspline/polishing/single_cam/20260818_1932,457.8412170410156,380.8127746582031,175.8470458984375,0.0958496704697609,0.1824471354484558,2.442016363143921,-3.4033002853393555,1.7532867193222046,16.63066291809082,432.9823913574219,359.2010192871094,203.06150817871094,0.0882440134882927,0.19801276922225952,2.4212582111358643,0.0,0.0,0.0,1,0
1787113440.4560144,26.003818705910817,TRACK,BSPLINE,/home/eunseop/nrs_imitation/checkpoints/bspline/polishing/single_cam/20260818_1932,458.6891784667969,381.6794128417969,175.72100830078125,0.09579867869615555,0.18381324410438538,2.443193197250366,-4.5987868309021,1.2762664556503296,22.55967903137207,458.6891784667969,381.6794128417969,175.72100830078125,0.09579867869615555,0.18381324410438538,2.443193197250366,0.0,0.0,17.352294921875,1,0
1787113440.5681133,26.115917657967657,TRACK,BSPLINE,/home/eunseop/nrs_imitation/checkpoints/bspline/polishing/single_cam/20260818_1932,459.33465576171875,382.57220458984375,175.59237670898438,0.0959162637591362,0.18521428108215332,2.4441092014312744,-2.5733587741851807,1.2068692445755005,21.726783752441406,432.9823913574219,359.2010192871094,203.06150817871094,0.0882440134882927,0.19801276922225952,2.4212582111358643,0.0,0.0,0.0,1,0
1787113440.6160665,26.163870581891388,TRACK,BSPLINE,/home/eunseop/nrs_imitation/checkpoints/bspline/polishing/single_cam/20260818_1932,459.46795654296875,382.90655517578125,175.49147033691406,0.09612184762954712,0.18617740273475647,2.444509267807007,-3.0617570877075195,0.8522322773933411,31.54478645324707,432.9823913574219,359.2010192871094,203.06150817871094,0.0882440134882927,0.19801276922225952,2.4212582111358643,0.0,0.0,0.0,1,0
1787113440.816065,26.36386925796978,TRACK,BSPLINE,/home/eunseop/nrs_imitation/checkpoints/bspline/polishing/single_cam/20260818_1932,459.708740234375,384.869140625,175.372802734375,0.09684215486049652,0.18894968926906586,2.4458088874816895,-7.0176568031311035,1.3124028444290161,30.968433380126953,432.9823913574219,359.2010192871094,203.06150817871094,0.0882440134882927,0.19801276922225952,2.4212582111358643,0.0,0.0,0.0,1,0
1787113440.864118,26.411922182887793,TRACK,BSPLINE,/home/eunseop/nrs_imitation/checkpoints/bspline/polishing/single_cam/20260818_1932,459.6515197753906,385.3140869140625,175.328369140625,0.09687943756580353,0.18959656357765198,2.4459571838378906,-4.013068199157715,1.2914763689041138,32.307159423828125,432.9823913574219,359.2010192871094,203.06150817871094,0.0882440134882927,0.19801276922225952,2.4212582111358643,0.0,0.0,0.0,1,0
1787113440.9200466,26.467850963003002,TRACK,BSPLINE,/home/eunseop/nrs_imitation/checkpoints/bspline/polishing/single_cam/20260818_1932,459.44415283203125,385.7646789550781,175.24951171875,0.0972021222114563,0.19043463468551636,2.445838212966919,-10.327327728271484,3.542492389678955,39.52025604248047,432.9823913574219,359.2010192871094,203.06150817871094,0.0882440134882927,0.19801276922225952,2.4212582111358643,0.0,0.0,0.0,1,0
1787113441.2160969,26.763900964986533,TRACK,BSPLINE,/home/eunseop/nrs_imitation/checkpoints/bspline/polishing/single_cam/20260818_1932,457.6930236816406,387.9261474609375,175.266845703125,0.09804695844650269,0.19314876198768616,2.444495677947998,-3.626642942428589,0.5363463163375854,42.965206146240234,432.9823913574219,359.2010192871094,203.06150817871094,0.0882440134882927,0.19801276922225952,2.4212582111358643,0.0,0.0,0.0,1,0
1787113441.2880917,26.835895685944706,TRACK,BSPLINE,/home/eunseop/nrs_imitation/checkpoints/bspline/polishing/single_cam/20260818_1932,457.0740966796875,388.40045166015625,175.30126953125,0.09829984605312347,0.19356466829776764,2.444445848464966,-9.236307144165039,2.579061508178711,36.316104888916016,432.9823913574219,359.2010192871094,203.06150817871094,0.0882440134882927,0.19801276922225952,2.4212582111358643,0.0,0.0,0.0,1,0
1787113441.3441966,26.892000893945806,TRACK,BSPLINE,/home/eunseop/nrs_imitation/checkpoints/bspline/polishing/single_cam/20260818_1932,456.6719970703125,388.7621765136719,175.33421325683594,0.09819988906383514,0.1935657113790512,2.444406509399414,-3.631117582321167,0.5066843032836914,38.70375061035156,456.6719970703125,388.7621765136719,175.33421325683594,0.09819988906383514,0.1935657113790512,2.444406509399414,0.0,0.0,16.6695499420166,1,0
1787113441.4480886,26.995892927981913,TRACK,BSPLINE,/home/eunseop/nrs_imitation/checkpoints/bspline/polishing/single_cam/20260818_1932,455.7580871582031,389.1784973144531,175.54153442382812,0.09793523699045181,0.19347688555717468,2.4450876712799072,-2.4968924522399902,0.0029188802000135183,28.145387649536133,432.9823913574219,359.2010192871094,203.06150817871094,0.0882440134882927,0.19801276922225952,2.4212582111358643,0.0,0.0,0.0,1,0
1787113441.5120444,27.059848581906408,TRACK,BSPLINE,/home/eunseop/nrs_imitation/checkpoints/bspline/polishing/single_cam/20260818_1932,455.1104736328125,389.1851501464844,175.66693115234375,0.09765514731407166,0.1932694911956787,2.4459915161132812,-2.721956491470337,-0.15528881549835205,26.489913940429688,432.9823913574219,359.2010192871094,203.06150817871094,0.0882440134882927,0.19801276922225952,2.4212582111358643,0.0,0.0,0.0,1,0
1787113441.7280626,27.2758668710012,TRACK,BSPLINE,/home/eunseop/nrs_imitation/checkpoints/bspline/polishing/single_cam/20260818_1932,454.6007385253906,388.2455139160156,176.24183654785156,0.09465062618255615,0.19317306578159332,2.449151039123535,-1.5132838487625122,0.8951424360275269,9.67055892944336,432.9823913574219,359.2010192871094,203.06150817871094,0.0882440134882927,0.19801276922225952,2.4212582111358643,0.0,0.0,0.0,1,0
1787113441.7760532,27.323857576935552,TRACK,BSPLINE,/home/eunseop/nrs_imitation/checkpoints/bspline/polishing/single_cam/20260818_1932,454.9103698730469,388.0062255859375,176.44216918945312,0.09374088048934937,0.1937471330165863,2.4492905139923096,-1.8009464740753174,0.7448597550392151,10.200643539428711,432.9823913574219,359.2010192871094,203.06150817871094,0.0882440134882927,0.19801276922225952,2.4212582111358643,0.0,0.0,0.0,1,0
1787113441.8321197,27.379924150998704,TRACK,BSPLINE,/home/eunseop/nrs_imitation/checkpoints/bspline/polishing/single_cam/20260818_1932,455.3269958496094,387.8331604003906,176.5572509765625,0.09312513470649719,0.19431479275226593,2.449007749557495,-0.9357083439826965,-0.335817813873291,7.071990966796875,432.9823913574219,359.2010192871094,203.06150817871094,0.0882440134882927,0.19801276922225952,2.4212582111358643,0.0,0.0,0.0,1,0
1787113442.0079384,27.555742374970578,TRACK,BSPLINE,/home/eunseop/nrs_imitation/checkpoints/bspline/polishing/single_cam/20260818_1932,456.4974060058594,387.191162109375,176.63787841796875,0.09253741800785065,0.19633716344833374,2.446950912475586,0.745744526386261,0.2789459526538849,5.670051574707031,456.4974060058594,387.191162109375,176.63787841796875,0.09253741800785065,0.19633716344833374,2.446950912475586,0.0,0.0,17.352294921875,1,0
1787113442.1120882,27.659892472904176,TRACK,BSPLINE,/home/eunseop/nrs_imitation/checkpoints/bspline/polishing/single_cam/20260818_1932,456.9571533203125,386.61395263671875,176.2862091064453,0.09235232323408127,0.19649221003055573,2.4453580379486084,-1.069719910621643,-0.758114218711853,12.615981101989746,432.9823913574219,359.2010192871094,203.06150817871094,0.0882440134882927,0.19801276922225952,2.4212582111358643,0.0,0.0,0.0,1,0
1787113442.168179,27.715983152971603,TRACK,BSPLINE,/home/eunseop/nrs_imitation/checkpoints/bspline/polishing/single_cam/20260818_1932,457.05963134765625,386.2293701171875,176.0748748779297,0.09237725287675858,0.1964445263147354,2.444702625274658,-1.6079802513122559,0.9614772200584412,14.68513011932373,432.9823913574219,359.2010192871094,203.06150817871094,0.0882440134882927,0.19801276922225952,2.4212582111358643,0.0,0.0,0.0,1,0
1787113442.4160678,27.963871913962066,TRACK,BSPLINE,/home/eunseop/nrs_imitation/checkpoints/bspline/polishing/single_cam/20260818_1932,456.9937744140625,384.05755615234375,176.35206604003906,0.09245949238538742,0.19435319304466248,2.4450063705444336,-2.2030022144317627,0.43884578347206116,12.012229919433594,432.9823913574219,359.2010192871094,203.06150817871094,0.0882440134882927,0.19801276922225952,2.4212582111358643,0.0,0.0,0.0,1,0
1787113442.4640217,28.011825799942017,TRACK,BSPLINE,/home/eunseop/nrs_imitation/checkpoints/bspline/polishing/single_cam/20260818_1932,456.9259948730469,383.5715026855469,176.29600524902344,0.09261638671159744,0.19377736747264862,2.445608139038086,-3.4297049045562744,2.813612222671509,10.634527206420898,432.9823913574219,359.2010192871094,203.06150817871094,0.0882440134882927,0.19801276922225952,2.4212582111358643,0.0,0.0,0.0,1,0
1787113442.5395756,28.087379774893634,TRACK,BSPLINE,/home/eunseop/nrs_imitation/checkpoints/bspline/polishing/single_cam/20260818_1932,456.9206237792969,382.86322021484375,176.11724853515625,0.092649906873703,0.1927603781223297,2.446742057800293,-1.0083568096160889,-0.014145232737064362,13.844157218933105,456.9206237792969,382.86322021484375,176.11724853515625,0.092649906873703,0.1927603781223297,2.446742057800293,0.0,0.0,16.895736694335938,1,0
1787113442.6400578,28.187861981918104,TRACK,BSPLINE,/home/eunseop/nrs_imitation/checkpoints/bspline/polishing/single_cam/20260818_1932,457.1324462890625,381.9551696777344,176.13002014160156,0.09251020848751068,0.1908636838197708,2.4484143257141113,-2.12618350982666,0.5161781907081604,14.938358306884766,432.9823913574219,359.2010192871094,203.06150817871094,0.0882440134882927,0.19801276922225952,2.4212582111358643,0.0,0.0,0.0,1,0
1787113442.6960428,28.243846858968027,TRACK,BSPLINE,/home/eunseop/nrs_imitation/checkpoints/bspline/polishing/single_cam/20260818_1932,457.18218994140625,381.37890625,176.11935424804688,0.09259859472513199,0.1902436763048172,2.449340343475342,-1.4654401540756226,0.46134865283966064,13.250200271606445,432.9823913574219,359.2010192871094,203.06150817871094,0.0882440134882927,0.19801276922225952,2.4212582111358643,0.0,0.0,0.0,1,0
1787113442.92009,28.467894005938433,TRACK,BSPLINE,/home/eunseop/nrs_imitation/checkpoints/bspline/polishing/single_cam/20260818_1932,457.7252502441406,379.2537841796875,176.1300048828125,0.09302075952291489,0.18759001791477203,2.4529762268066406,-1.1292749643325806,-0.49801746010780334,13.202919960021973,432.9823913574219,359.2010192871094,203.06150817871094,0.0882440134882927,0.19801276922225952,2.4212582111358643,0.0,0.0,0.0,1,0
1787113442.9760392,28.52384338597767,TRACK,BSPLINE,/home/eunseop/nrs_imitation/checkpoints/bspline/polishing/single_cam/20260818_1932,457.9039611816406,378.7186279296875,176.06710815429688,0.09325122833251953,0.1872040331363678,2.453685998916626,-2.173058271408081,1.708225965499878,11.672918319702148,432.9823913574219,359.2010192871094,203.06150817871094,0.0882440134882927,0.19801276922225952,2.4212582111358643,0.0,0.0,0.0,1,0
1787113443.0321443,28.579948462895118,TRACK,BSPLINE,/home/eunseop/nrs_imitation/checkpoints/bspline/polishing/single_cam/20260818_1932,458.17236328125,378.2414245605469,176.0622100830078,0.0933297798037529,0.18679258227348328,2.4542901515960693,-3.926591396331787,1.0498472452163696,13.72257137298584,432.9823913574219,359.2010192871094,203.06150817871094,0.0882440134882927,0.19801276922225952,2.4212582111358643,0.0,0.0,0.0,1,0
1787113443.0322747,28.580078651895747,TRACK,BSPLINE,/home/eunseop/nrs_imitation/checkpoints/bspline/polishing/single_cam/20260818_1932,458.17236328125,378.2414245605469,176.0622100830078,0.0933297798037529,0.18679258227348328,2.4542901515960693,-3.926591396331787,1.0498472452163696,13.72257137298584,458.17236328125,378.2414245605469,176.0622100830078,0.0933297798037529,0.18679258227348328,2.4542901515960693,0.0,0.0,15.993925094604492,1,0
1787113443.3629975,28.91080295795109,TRACK,BSPLINE,/home/eunseop/nrs_imitation/checkpoints/bspline/polishing/single_cam/20260818_1932,458.0333557128906,377.69891357421875,175.78005981445312,0.09399532526731491,0.18664459884166718,2.4544034004211426,-4.818658351898193,1.6890462636947632,19.942855834960938,411.87152099609375,342.5757751464844,207.71261596679688,0.08661182224750519,0.17217403650283813,2.388688802719116,0.0,0.0,0.0,1,0
1787113443.363249,28.911053436924703,TRACK,BSPLINE,/home/eunseop/nrs_imitation/checkpoints/bspline/polishing/single_cam/20260818_1932,458.0333557128906,377.69891357421875,175.78005981445312,0.09399532526731491,0.18664459884166718,2.4544034004211426,-4.818658351898193,1.6890462636947632,19.942855834960938,458.0333557128906,377.69891357421875,175.78005981445312,0.09399532526731491,0.18664459884166718,2.4544034004211426,0.0,0.0,13.429502487182617,1,0
1787113443.512174,29.059977912926115,TRACK,BSPLINE,/home/eunseop/nrs_imitation/checkpoints/bspline/polishing/single_cam/20260818_1932,457.985595703125,377.5952453613281,175.7810821533203,0.09402407705783844,0.18692655861377716,2.4543261528015137,-2.2681713104248047,0.41845622658729553,15.632884979248047,411.87152099609375,342.5757751464844,207.71261596679688,0.08661182224750519,0.17217403650283813,2.388688802719116,0.0,0.0,0.0,1,0
1787113443.568094,29.115898076910526,TRACK,BSPLINE,/home/eunseop/nrs_imitation/checkpoints/bspline/polishing/single_cam/20260818_1932,457.97442626953125,377.64923095703125,175.8580322265625,0.09405265748500824,0.18680697679519653,2.4543774127960205,-5.52318811416626,1.8602601289749146,18.53485679626465,411.87152099609375,342.5757751464844,207.71261596679688,0.08661182224750519,0.17217403650283813,2.388688802719116,0.0,0.0,0.0,1,0
1787113443.776131,29.323935299995355,TRACK,BSPLINE,/home/eunseop/nrs_imitation/checkpoints/bspline/polishing/single_cam/20260818_1932,457.96630859375,377.6142578125,176.0205841064453,0.0941372811794281,0.1871049851179123,2.4542946815490723,-2.9319205284118652,0.1508820354938507,12.636049270629883,411.87152099609375,342.5757751464844,207.71261596679688,0.08661182224750519,0.17217403650283813,2.388688802719116,0.0,0.0,0.0,1,0
1787113443.8240829,29.371887091896497,TRACK,BSPLINE,/home/eunseop/nrs_imitation/checkpoints/bspline/polishing/single_cam/20260818_1932,457.9857177734375,377.6325378417969,176.0556640625,0.09411419183015823,0.18707849085330963,2.454310178756714,-1.9069018363952637,-0.5375397801399231,14.051621437072754,411.87152099609375,342.5757751464844,207.71261596679688,0.08661182224750519,0.17217403650283813,2.388688802719116,0.0,0.0,0.0,1,0
1787113443.880109,29.427913298946805,TRACK,BSPLINE,/home/eunseop/nrs_imitation/checkpoints/bspline/polishing/single_cam/20260818_1932,457.99609375,377.61163330078125,176.10147094726562,0.09410987049341202,0.18706105649471283,2.454251527786255,-1.0738725662231445,-0.832553505897522,10.167059898376465,411.87152099609375,342.5757751464844,207.71261596679688,0.08661182224750519,0.17217403650283813,2.388688802719116,0.0,0.0,0.0,1,0
1787113444.160056,29.707860231981613,TRACK,BSPLINE,/home/eunseop/nrs_imitation/checkpoints/bspline/polishing/single_cam/20260818_1932,458.08441162109375,377.7177429199219,176.14129638671875,0.09399018436670303,0.18676996231079102,2.4542529582977295,-1.5293066501617432,1.0382049083709717,9.444908142089844,411.87152099609375,342.5757751464844,207.71261596679688,0.08661182224750519,0.17217403650283813,2.388688802719116,0.0,0.0,0.0,1,0
1787113444.2161815,29.763985798927024,TRACK,BSPLINE,/home/eunseop/nrs_imitation/checkpoints/bspline/polishing/single_cam/20260818_1932,458.10162353515625,377.7641296386719,176.14120483398438,0.09401196986436844,0.18660059571266174,2.4542837142944336,-3.6945953369140625,1.5618253946304321,12.486759185791016,411.87152099609375,342.5757751464844,207.71261596679688,0.08661182224750519,0.17217403650283813,2.388688802719116,0.0,0.0,0.0,1,0
1787113444.464122,30.011926269973628,TRACK,BSPLINE,/home/eunseop/nrs_imitation/checkpoints/bspline/polishing/single_cam/20260818_1932,458.20855712890625,377.8102111816406,176.0371551513672,0.0939861461520195,0.18652112782001495,2.454231023788452,-1.9494928121566772,1.7752410173416138,11.672869682312012,411.87152099609375,342.5757751464844,207.71261596679688,0.08661182224750519,0.17217403650283813,2.388688802719116,0.0,0.0,0.0,1,0
1787113444.512037,30.05984133190941,TRACK,BSPLINE,/home/eunseop/nrs_imitation/checkpoints/bspline/polishing/single_cam/20260818_1932,458.2194519042969,377.79852294921875,176.0172576904297,0.0940011739730835,0.18651416897773743,2.4541702270507812,-1.9057296514511108,-0.7197516560554504,16.780048370361328,411.87152099609375,342.5757751464844,207.71261596679688,0.08661182224750519,0.17217403650283813,2.388688802719116,0.0,0.0,0.0,1,0
1787113444.7600303,30.307834272971377,TRACK,BSPLINE,/home/eunseop/nrs_imitation/checkpoints/bspline/polishing/single_cam/20260818_1932,458.7066955566406,378.3330993652344,175.79295349121094,0.09359526634216309,0.18452171981334686,2.4531774520874023,-5.124180793762207,1.2377831935882568,22.729026794433594,411.87152099609375,342.5757751464844,207.71261596679688,0.08661182224750519,0.17217403650283813,2.388688802719116,0.0,0.0,0.0,1,0
1787113444.8160725,30.363876530900598,TRACK,BSPLINE,/home/eunseop/nrs_imitation/checkpoints/bspline/polishing/single_cam/20260818_1932,458.9475402832031,378.687255859375,175.59725952148438,0.09344514459371567,0.18319986760616302,2.4523301124572754,-1.5950731039047241,0.6143386363983154,24.448888778686523,411.87152099609375,342.5757751464844,207.71261596679688,0.08661182224750519,0.17217403650283813,2.388688802719116,0.0,0.0,0.0,1,0
1787113445.0640256,30.61182980600279,TRACK,BSPLINE,/home/eunseop/nrs_imitation/checkpoints/bspline/polishing/single_cam/20260818_1932,459.9754638671875,380.2849426269531,174.86004638671875,0.0925845205783844,0.17690594494342804,2.4476001262664795,-12.1328763961792,2.788818597793579,47.51653289794922,411.87152099609375,342.5757751464844,207.71261596679688,0.08661182224750519,0.17217403650283813,2.388688802719116,0.0,0.0,0.0,1,0
1787113445.1120496,30.659853846998885,TRACK,BSPLINE,/home/eunseop/nrs_imitation/checkpoints/bspline/polishing/single_cam/20260818_1932,460.09918212890625,380.4944152832031,174.73326110839844,0.09248557686805725,0.17594526708126068,2.446572780609131,-6.6645660400390625,4.0883259773254395,46.963783264160156,411.87152099609375,342.5757751464844,207.71261596679688,0.08661182224750519,0.17217403650283813,2.388688802719116,0.0,0.0,0.0,1,0
1787113445.376017,30.92382112389896,TRACK,BSPLINE,/home/eunseop/nrs_imitation/checkpoints/bspline/polishing/single_cam/20260818_1932,461.7886657714844,380.9701843261719,174.97781372070312,0.09333591163158417,0.17386028170585632,2.4457619190216064,-12.719880104064941,2.1497979164123535,40.63506317138672,411.87152099609375,342.5757751464844,207.71261596679688,0.08661182224750519,0.17217403650283813,2.388688802719116,0.0,0.0,0.0,1,0
1787113445.4320712,30.979875204968266,TRACK,BSPLINE,/home/eunseop/nrs_imitation/checkpoints/bspline/polishing/single_cam/20260818_1932,462.24658203125,381.1125793457031,175.1014404296875,0.09344971925020218,0.17349909245967865,2.4460413455963135,-2.0609354972839355,0.7810310125350952,35.90546417236328,411.87152099609375,342.5757751464844,207.71261596679688,0.08661182224750519,0.17217403650283813,2.388688802719116,0.0,0.0,0.0,1,0
1787113445.4719393,31.01974358491134,TRACK,BSPLINE,/home/eunseop/nrs_imitation/checkpoints/bspline/polishing/single_cam/20260818_1932,462.57098388671875,381.2574157714844,175.1966552734375,0.09364733099937439,0.17328481376171112,2.4463768005371094,-3.107215404510498,-0.5536157488822937,32.39596939086914,462.57098388671875,381.2574157714844,175.1966552734375,0.09364733099937439,0.17328481376171112,2.4463768005371094,0.0,0.0,15.175617218017578,1,0
1787113445.568132,31.115936041926034,TRACK,BSPLINE,/home/eunseop/nrs_imitation/checkpoints/bspline/polishing/single_cam/20260818_1932,463.4206237792969,381.58172607421875,175.49349975585938,0.0940297469496727,0.1726328581571579,2.446941614151001,-5.071537017822266,1.694127082824707,22.148521423339844,411.87152099609375,342.5757751464844,207.71261596679688,0.08661182224750519,0.17217403650283813,2.388688802719116,0.0,0.0,0.0,1,0
1787113445.6241145,31.17191870592069,TRACK,BSPLINE,/home/eunseop/nrs_imitation/checkpoints/bspline/polishing/single_cam/20260818_1932,463.96978759765625,381.78839111328125,175.64144897460938,0.09402775019407272,0.1722421497106552,2.4473044872283936,-4.0219597816467285,0.022522106766700745,21.309587478637695,411.87152099609375,342.5757751464844,207.71261596679688,0.08661182224750519,0.17217403650283813,2.388688802719116,0.0,0.0,0.0,1,0
1787113445.8880649,31.435868920991197,TRACK,BSPLINE,/home/eunseop/nrs_imitation/checkpoints/bspline/polishing/single_cam/20260818_1932,466.2623596191406,383.0694580078125,176.2714385986328,0.0949556827545166,0.17047736048698425,2.4491074085235596,-4.4333648681640625,0.3432609438896179,10.531248092651367,411.87152099609375,342.5757751464844,207.71261596679688,0.08661182224750519,0.17217403650283813,2.388688802719116,0.0,0.0,0.0,1,0
1787113445.9440465,31.49185086390935,TRACK,BSPLINE,/home/eunseop/nrs_imitation/checkpoints/bspline/polishing/single_cam/20260818_1932,466.7433166503906,383.50225830078125,176.5106658935547,0.09515849500894547,0.16983528435230255,2.4495224952697754,-2.3389408588409424,-0.8900265097618103,8.431082725524902,411.87152099609375,342.5757751464844,207.71261596679688,0.08661182224750519,0.17217403650283813,2.388688802719116,0.0,0.0,0.0,1,0
1787113445.9920452,31.53984928491991,TRACK,BSPLINE,/home/eunseop/nrs_imitation/checkpoints/bspline/polishing/single_cam/20260818_1932,467.1820983886719,383.8050537109375,176.61158752441406,0.09519512951374054,0.16962209343910217,2.449906349182129,-1.5869256258010864,0.8655934929847717,5.86485481262207,411.87152099609375,342.5757751464844,207.71261596679688,0.08661182224750519,0.17217403650283813,2.388688802719116,0.0,0.0,0.0,1,0
1787113445.9922104,31.540014510974288,TRACK,BSPLINE,/home/eunseop/nrs_imitation/checkpoints/bspline/polishing/single_cam/20260818_1932,467.1820983886719,383.8050537109375,176.61158752441406,0.09519512951374054,0.16962209343910217,2.449906349182129,-1.5869256258010864,0.8655934929847717,5.86485481262207,467.1820983886719,383.8050537109375,176.61158752441406,0.09519512951374054,0.16962209343910217,2.449906349182129,0.0,0.0,16.157522201538086,1,0
1787113446.120055,31.66785903298296,TRACK,BSPLINE,/home/eunseop/nrs_imitation/checkpoints/bspline/polishing/single_cam/20260818_1932,468.2347412109375,384.5406799316406,176.3668670654297,0.09526128321886063,0.16918157041072845,2.450953960418701,-0.5580344200134277,-0.43400314450263977,9.204890251159668,411.87152099609375,342.5757751464844,207.71261596679688,0.08661182224750519,0.17217403650283813,2.388688802719116,0.0,0.0,0.0,1,0
1787113446.1760423,31.72384631598834,TRACK,BSPLINE,/home/eunseop/nrs_imitation/checkpoints/bspline/polishing/single_cam/20260818_1932,468.6424255371094,385.01483154296875,175.82862854003906,0.09522458165884018,0.16862712800502777,2.451526403427124,-1.2862131595611572,-0.3950735926628113,14.726593017578125,411.87152099609375,342.5757751464844,207.71261596679688,0.08661182224750519,0.17217403650283813,2.388688802719116,0.0,0.0,0.0,1,0
1787113446.224032,31.771836200961843,TRACK,BSPLINE,/home/eunseop/nrs_imitation/checkpoints/bspline/polishing/single_cam/20260818_1932,468.9097595214844,385.336669921875,175.64785766601562,0.09531082212924957,0.16860593855381012,2.4519662857055664,-3.560389518737793,-0.3064977824687958,23.775922775268555,411.87152099609375,342.5757751464844,207.71261596679688,0.08661182224750519,0.17217403650283813,2.388688802719116,0.0,0.0,0.0,1,0
1787113446.4399374,31.987741545890458,TRACK,BSPLINE,/home/eunseop/nrs_imitation/checkpoints/bspline/polishing/single_cam/20260818_1932,470.32568359375,386.7347412109375,175.96780395507812,0.09539320319890976,0.1701287180185318,2.4542396068573,-0.8058257699012756,-0.6203625202178955,12.58959674835205,470.32568359375,386.7347412109375,175.96780395507812,0.09539320319890976,0.1701287180185318,2.4542396068573,0.0,0.0,16.500690460205078,1,0
1787113446.4881258,32.03592986089643,TRACK,BSPLINE,/home/eunseop/nrs_imitation/checkpoints/bspline/polishing/single_cam/20260818_1932,470.556640625,387.0355529785156,175.96697998046875,0.0953512191772461,0.1707439124584198,2.4547433853149414,-3.0274736881256104,0.6293219327926636,15.62364673614502,411.87152099609375,342.5757751464844,207.71261596679688,0.08661182224750519,0.17217403650283813,2.388688802719116,0.0,0.0,0.0,1,0
1787113446.544109,32.091913195909,TRACK,BSPLINE,/home/eunseop/nrs_imitation/checkpoints/bspline/polishing/single_cam/20260818_1932,470.8286437988281,387.4786376953125,176.0141143798828,0.09525944292545319,0.1714315414428711,2.455402135848999,-0.8655511736869812,-1.0860052108764648,13.260440826416016,411.87152099609375,342.5757751464844,207.71261596679688,0.08661182224750519,0.17217403650283813,2.388688802719116,0.0,0.0,0.0,1,0
1787113446.7840326,32.33183649298735,TRACK,BSPLINE,/home/eunseop/nrs_imitation/checkpoints/bspline/polishing/single_cam/20260818_1932,470.3287658691406,389.41522216796875,176.1143341064453,0.0955149233341217,0.17469915747642517,2.4579615592956543,-0.03722083568572998,0.08750264346599579,10.58526611328125,411.87152099609375,342.5757751464844,207.71261596679688,0.08661182224750519,0.17217403650283813,2.388688802719116,0.0,0.0,0.0,1,0
1787113446.840047,32.38785094791092,TRACK,BSPLINE,/home/eunseop/nrs_imitation/checkpoints/bspline/polishing/single_cam/20260818_1932,470.050048828125,389.7965087890625,176.18133544921875,0.09550171345472336,0.17477278411388397,2.4582154750823975,-2.1280641555786133,-0.05249089002609253,9.633332252502441,411.87152099609375,342.5757751464844,207.71261596679688,0.08661182224750519,0.17217403650283813,2.388688802719116,0.0,0.0,0.0,1,0
1787113446.8880816,32.43588581890799,TRACK,BSPLINE,/home/eunseop/nrs_imitation/checkpoints/bspline/polishing/single_cam/20260818_1932,469.73504638671875,389.9770202636719,176.13973999023438,0.09549117833375931,0.17517639696598053,2.4581291675567627,-2.5940260887145996,-0.36945563554763794,12.979753494262695,411.87152099609375,342.5757751464844,207.71261596679688,0.08661182224750519,0.17217403650283813,2.388688802719116,0.0,0.0,0.0,1,0
1787113447.1839063,32.73171052499674,TRACK,BSPLINE,/home/eunseop/nrs_imitation/checkpoints/bspline/polishing/single_cam/20260818_1932,467.5372009277344,391.3611145019531,176.28140258789062,0.0956045612692833,0.17600902915000916,2.456475257873535,-0.3640642464160919,-1.2919937372207642,8.878759384155273,467.5372009277344,391.3611145019531,176.28140258789062,0.0956045612692833,0.17600902915000916,2.456475257873535,0.0,0.0,16.157522201538086,1,0
1787113447.1919818,32.73978584189899,TRACK,BSPLINE,/home/eunseop/nrs_imitation/checkpoints/bspline/polishing/single_cam/20260818_1932,467.4394226074219,391.3644714355469,176.27073669433594,0.09567949175834656,0.17608661949634552,2.4563794136047363,-2.141526460647583,0.19741638004779816,11.22757339477539,411.87152099609375,342.5757751464844,207.71261596679688,0.08661182224750519,0.17217403650283813,2.388688802719116,0.0,0.0,0.0,1,0
1787113447.2480278,32.795832006959245,TRACK,BSPLINE,/home/eunseop/nrs_imitation/checkpoints/bspline/polishing/single_cam/20260818_1932,466.9239501953125,391.500244140625,176.16067504882812,0.09572775661945343,0.17621320486068726,2.456070899963379,-2.5509142875671387,-0.42724254727363586,14.154072761535645,411.87152099609375,342.5757751464844,207.71261596679688,0.08661182224750519,0.17217403650283813,2.388688802719116,0.0,0.0,0.0,1,0
1787113447.2960477,32.84385167888831,TRACK,BSPLINE,/home/eunseop/nrs_imitation/checkpoints/bspline/polishing/single_cam/20260818_1932,466.4222717285156,391.6042175292969,176.09373474121094,0.0958736389875412,0.1762237697839737,2.455723762512207,-3.086956739425659,1.5392650365829468,12.542265892028809,411.87152099609375,342.5757751464844,207.71261596679688,0.08661182224750519,0.17217403650283813,2.388688802719116,0.0,0.0,0.0,1,0
1787113447.478781,33.02658508496825,TRACK,BSPLINE,/home/eunseop/nrs_imitation/checkpoints/bspline/polishing/single_cam/20260818_1932,464.99517822265625,391.9778747558594,176.28834533691406,0.09551971405744553,0.1758798360824585,2.4551665782928467,-2.0021421909332275,1.3448240756988525,9.62179183959961,464.99517822265625,391.9778747558594,176.28834533691406,0.09551971405744553,0.1758798360824585,2.4551665782928467,0.0,0.0,3.5799918174743652,1,0
1787113447.5760946,33.12389924598392,TRACK,BSPLINE,/home/eunseop/nrs_imitation/checkpoints/bspline/polishing/single_cam/20260818_1932,463.9306945800781,392.11907958984375,176.31272888183594,0.09495677798986435,0.17549540102481842,2.454890012741089,-2.740143060684204,1.6828784942626953,9.31671142578125,409.7490234375,339.220458984375,210.5732879638672,0.07015632838010788,0.1658668965101242,2.386883497238159,0.0,0.0,0.0,1,0
1787113447.632088,33.1798921499867,TRACK,BSPLINE,/home/eunseop/nrs_imitation/checkpoints/bspline/polishing/single_cam/20260818_1932,463.4510498046875,392.1298522949219,176.22506713867188,0.09458228200674057,0.1751694679260254,2.4549176692962646,-3.684081792831421,1.2791615724563599,11.854660034179688,409.7490234375,339.220458984375,210.5732879638672,0.07015632838010788,0.1658668965101242,2.386883497238159,0.0,0.0,0.0,1,0
1787113447.8801055,33.42790968995541,TRACK,BSPLINE,/home/eunseop/nrs_imitation/checkpoints/bspline/polishing/single_cam/20260818_1932,461.2730407714844,391.72857666015625,176.6279754638672,0.09229481965303421,0.17427928745746613,2.4556007385253906,-0.23328956961631775,0.9965848326683044,4.218338489532471,409.7490234375,339.220458984375,210.5732879638672,0.07015632838010788,0.1658668965101242,2.386883497238159,0.0,0.0,0.0,1,0
1787113447.9280245,33.47582880000118,TRACK,BSPLINE,/home/eunseop/nrs_imitation/checkpoints/bspline/polishing/single_cam/20260818_1932,460.90631103515625,391.6615905761719,176.8040771484375,0.09180762618780136,0.1741115301847458,2.4558730125427246,-1.9437934160232544,-0.5671482682228088,5.149750709533691,409.7490234375,339.220458984375,210.5732879638672,0.07015632838010788,0.1658668965101242,2.386883497238159,0.0,0.0,0.0,1,0
1787113448.0560024,33.603806596947834,TRACK,BSPLINE,/home/eunseop/nrs_imitation/checkpoints/bspline/polishing/single_cam/20260818_1932,460.14959716796875,391.2059326171875,177.3063201904297,0.08994072675704956,0.1735345423221588,2.456453800201416,0.16313806176185608,0.605807900428772,0.328833669424057,460.14959716796875,391.2059326171875,177.3063201904297,0.08994072675704956,0.1735345423221588,2.456453800201416,0.0,0.0,0.0,0,0
1787113448.1603131,33.70811754395254,TRACK,BSPLINE,/home/eunseop/nrs_imitation/checkpoints/bspline/polishing/single_cam/20260818_1932,459.4359130859375,390.772705078125,177.66249084472656,0.08869078010320663,0.1732662320137024,2.456836223602295,-1.2863242626190186,-1.046714186668396,2.641413688659668,409.7490234375,339.220458984375,210.5732879638672,0.07015632838010788,0.1658668965101242,2.386883497238159,0.0,0.0,0.0,0,0
1787113448.2322567,33.780061238911,TRACK,BSPLINE,/home/eunseop/nrs_imitation/checkpoints/bspline/polishing/single_cam/20260818_1932,458.94464111328125,390.434326171875,177.84500122070312,0.08797626942396164,0.1732293665409088,2.457155227661133,1.5389139652252197,-0.11336474865674973,-1.6155028343200684,409.7490234375,339.220458984375,210.5732879638672,0.07015632838010788,0.1658668965101242,2.386883497238159,0.0,0.0,0.0,0,0
1787113448.4880643,34.03586823993828,TRACK,BSPLINE,/home/eunseop/nrs_imitation/checkpoints/bspline/polishing/single_cam/20260818_1932,457.4700012207031,388.9864196777344,178.74266052246094,0.08537237346172333,0.17387354373931885,2.4574029445648193,-1.2803246974945068,-1.1701396703720093,1.078228235244751,409.7490234375,339.220458984375,210.5732879638672,0.07015632838010788,0.1658668965101242,2.386883497238159,0.0,0.0,0.0,0,0
1787113448.5440714,34.091875470941886,TRACK,BSPLINE,/home/eunseop/nrs_imitation/checkpoints/bspline/polishing/single_cam/20260818_1932,457.2586669921875,388.6847229003906,178.99661254882812,0.08487015217542648,0.1739397495985031,2.4572582244873047,1.2629834413528442,-1.8096715211868286,0.24467846751213074,409.7490234375,339.220458984375,210.5732879638672,0.07015632838010788,0.1658668965101242,2.386883497238159,0.0,0.0,0.0,0,0
1787113448.6002474,34.14805152500048,TRACK,BSPLINE,/home/eunseop/nrs_imitation/checkpoints/bspline/polishing/single_cam/20260818_1932,456.9735412597656,388.3756408691406,179.14334106445312,0.08446305990219116,0.17420969903469086,2.4571306705474854,0.4868333339691162,-0.5577428936958313,-0.2125338315963745,409.7490234375,339.220458984375,210.5732879638672,0.07015632838010788,0.1658668965101242,2.386883497238159,0.0,0.0,0.0,0,0
1787113448.8960702,34.44387437799014,TRACK,BSPLINE,/home/eunseop/nrs_imitation/checkpoints/bspline/polishing/single_cam/20260818_1932,455.5234680175781,386.380859375,180.873046875,0.08287808299064636,0.17674128711223602,2.455343723297119,-0.20577096939086914,-0.7162954807281494,-0.4175480008125305,409.7490234375,339.220458984375,210.5732879638672,0.07015632838010788,0.1658668965101242,2.386883497238159,0.0,0.0,0.0,0,0
1787113448.9441028,34.4919068448944,TRACK,BSPLINE,/home/eunseop/nrs_imitation/checkpoints/bspline/polishing/single_cam/20260818_1932,455.34942626953125,386.10980224609375,181.20391845703125,0.08261857181787491,0.1769656091928482,2.4548227787017822,0.8581700921058655,0.8278036713600159,-0.991941511631012,409.7490234375,339.220458984375,210.5732879638672,0.07015632838010788,0.1658668965101242,2.386883497238159,0.0,0.0,0.0,0,0
1787113449.0000305,34.54783463396598,TRACK,BSPLINE,/home/eunseop/nrs_imitation/checkpoints/bspline/polishing/single_cam/20260818_1932,455.1021728515625,385.7398986816406,181.53541564941406,0.0823792889714241,0.17741109430789948,2.4542653560638428,0.10599799454212189,0.2022661566734314,-0.084554523229599,409.7490234375,339.220458984375,210.5732879638672,0.07015632838010788,0.1658668965101242,2.386883497238159,0.0,0.0,0.0,0,0
1787113449.2800558,34.827860080986284,TRACK,BSPLINE,/home/eunseop/nrs_imitation/checkpoints/bspline/polishing/single_cam/20260818_1932,453.77850341796875,383.94427490234375,183.4417266845703,0.08151382952928543,0.17931698262691498,2.4510438442230225,-0.23784953355789185,-1.1734869480133057,0.10973621904850006,409.7490234375,339.220458984375,210.5732879638672,0.07015632838010788,0.1658668965101242,2.386883497238159,0.0,0.0,0.0,0,0
1787113449.3360417,34.88384588097688,TRACK,BSPLINE,/home/eunseop/nrs_imitation/checkpoints/bspline/polishing/single_cam/20260818_1932,453.5718688964844,383.59332275390625,183.8108367919922,0.08117697387933731,0.1796051561832428,2.450429677963257,0.7355948090553284,-1.4095712900161743,-0.3930358290672302,409.7490234375,339.220458984375,210.5732879638672,0.07015632838010788,0.1658668965101242,2.386883497238159,0.0,0.0,0.0,0,0
1787113449.5840538,35.13185798190534,TRACK,BSPLINE,/home/eunseop/nrs_imitation/checkpoints/bspline/polishing/single_cam/20260818_1932,452.4986877441406,382.04132080078125,185.42481994628906,0.08030402660369873,0.17991657555103302,2.4478914737701416,0.9729756712913513,0.393503338098526,-1.8759875297546387,409.7490234375,339.220458984375,210.5732879638672,0.07015632838010788,0.1658668965101242,2.386883497238159,0.0,0.0,0.0,0,0
1787113449.6320903,35.17989483696874,TRACK,BSPLINE,/home/eunseop/nrs_imitation/checkpoints/bspline/polishing/single_cam/20260818_1932,452.235107421875,381.6744689941406,185.64027404785156,0.08024261891841888,0.18014788627624512,2.4474270343780518,-1.9056051969528198,-0.9261989593505859,0.9898504614830017,409.7490234375,339.220458984375,210.5732879638672,0.07015632838010788,0.1658668965101242,2.386883497238159,0.0,0.0,0.0,0,0
1787113449.880046,35.427849948988296,TRACK,BSPLINE,/home/eunseop/nrs_imitation/checkpoints/bspline/polishing/single_cam/20260818_1932,451.07061767578125,379.9275207519531,186.9052734375,0.07966829836368561,0.18000726401805878,2.4461777210235596,-1.105288028717041,-1.5108370780944824,1.196723461151123,409.7490234375,339.220458984375,210.5732879638672,0.07015632838010788,0.1658668965101242,2.386883497238159,0.0,0.0,0.0,0,0
1787113449.939698,35.487502228002995,TRACK,BSPLINE,/home/eunseop/nrs_imitation/checkpoints/bspline/polishing/single_cam/20260818_1932,450.8477478027344,379.5528259277344,187.18759155273438,0.07937521487474442,0.17975136637687683,2.4461891651153564,-0.08978462219238281,-1.2181730270385742,-0.19861456751823425,409.7490234375,339.220458984375,210.5732879638672,0.07015632838010788,0.1658668965101242,2.386883497238159,0.0,0.0,0.0,0,0
1787113450.2000356,35.747839789954014,TRACK,BSPLINE,/home/eunseop/nrs_imitation/checkpoints/bspline/polishing/single_cam/20260818_1932,449.66741943359375,377.6980285644531,188.4427490234375,0.07891304045915604,0.17881572246551514,2.44600772857666,0.3248775601387024,0.48567888140678406,0.7625500559806824,409.7490234375,339.220458984375,210.5732879638672,0.07015632838010788,0.1658668965101242,2.386883497238159,0.0,0.0,0.0,0,0
1787113450.2480166,35.79582074889913,TRACK,BSPLINE,/home/eunseop/nrs_imitation/checkpoints/bspline/polishing/single_cam/20260818_1932,449.4111633300781,377.2395324707031,188.60508728027344,0.07893511652946472,0.17895540595054626,2.446024179458618,-0.7111031413078308,-1.6803662776947021,-0.15403132140636444,409.7490234375,339.220458984375,210.5732879638672,0.07015632838010788,0.1658668965101242,2.386883497238159,0.0,0.0,0.0,0,0
1787113450.4960668,36.0438709029695,TRACK,BSPLINE,/home/eunseop/nrs_imitation/checkpoints/bspline/polishing/single_cam/20260818_1932,448.556640625,375.09637451171875,189.5710906982422,0.07841360569000244,0.17845602333545685,2.4464354515075684,0.9167665839195251,-1.499102234840393,0.3338086009025574,409.7490234375,339.220458984375,210.5732879638672,0.07015632838010788,0.1658668965101242,2.386883497238159,0.0,0.0,0.0,0,0
1787113450.5521014,36.09990544698667,TRACK,BSPLINE,/home/eunseop/nrs_imitation/checkpoints/bspline/polishing/single_cam/20260818_1932,448.40582275390625,374.6270446777344,189.84735107421875,0.078223817050457,0.17817069590091705,2.446598768234253,0.6313294172286987,-0.46784543991088867,-1.466193675994873,409.7490234375,339.220458984375,210.5732879638672,0.07015632838010788,0.1658668965101242,2.386883497238159,0.0,0.0,0.0,0,0
1787113450.600071,36.147875073947944,TRACK,BSPLINE,/home/eunseop/nrs_imitation/checkpoints/bspline/polishing/single_cam/20260818_1932,448.27337646484375,374.20916748046875,190.0673370361328,0.07817218452692032,0.1779887080192566,2.446662425994873,-1.2818676233291626,0.8341147899627686,-0.7190082669258118,409.7490234375,339.220458984375,210.5732879638672,0.07015632838010788,0.1658668965101242,2.386883497238159,0.0,0.0,0.0,0,0
1787113450.8880742,36.43587852094788,TRACK,BSPLINE,/home/eunseop/nrs_imitation/checkpoints/bspline/polishing/single_cam/20260818_1932,447.5084228515625,371.64556884765625,191.1873321533203,0.07761547714471817,0.17760558426380157,2.4477741718292236,-2.266397714614868,-0.11315564066171646,0.8495053648948669,409.7490234375,339.220458984375,210.5732879638672,0.07015632838010788,0.1658668965101242,2.386883497238159,0.0,0.0,0.0,0,0
1787113450.9396532,36.48745718691498,TRACK,BSPLINE,/home/eunseop/nrs_imitation/checkpoints/bspline/polishing/single_cam/20260818_1932,447.4237976074219,371.25274658203125,191.38876342773438,0.07743968814611435,0.177399680018425,2.448004961013794,2.598663568496704,-1.1371983289718628,-0.6159021258354187,409.7490234375,339.220458984375,210.5732879638672,0.07015632838010788,0.1658668965101242,2.386883497238159,0.0,0.0,0.0,0,0
1787113451.2000988,36.74790302698966,TRACK,BSPLINE,/home/eunseop/nrs_imitation/checkpoints/bspline/polishing/single_cam/20260818_1932,446.6977844238281,368.87445068359375,192.28701782226562,0.07717011123895645,0.17763444781303406,2.448570966720581,-1.6465016603469849,1.4984971284866333,-0.14346221089363098,409.7490234375,339.220458984375,210.5732879638672,0.07015632838010788,0.1658668965101242,2.386883497238159,0.0,0.0,0.0,0,0
1787113451.2560322,36.80383631691802,TRACK,BSPLINE,/home/eunseop/nrs_imitation/checkpoints/bspline/polishing/single_cam/20260818_1932,446.5549621582031,368.3769836425781,192.45223999023438,0.07701046019792557,0.17774520814418793,2.448761224746704,-0.9597353339195251,-0.7651500105857849,0.009716680273413658,409.7490234375,339.220458984375,210.5732879638672,0.07015632838010788,0.1658668965101242,2.386883497238159,0.0,0.0,0.0,0,0
1787113451.4880648,37.03586897288915,TRACK,BSPLINE,/home/eunseop/nrs_imitation/checkpoints/bspline/polishing/single_cam/20260818_1932,445.7519836425781,366.3526306152344,193.17556762695312,0.07697848230600357,0.17857922613620758,2.448986053466797,-2.372797966003418,0.9636284708976746,0.5742428302764893,409.7490234375,339.220458984375,210.5732879638672,0.07015632838010788,0.1658668965101242,2.386883497238159,0.0,0.0,0.0,0,0
1787113451.5360346,37.08383865095675,TRACK,BSPLINE,/home/eunseop/nrs_imitation/checkpoints/bspline/polishing/single_cam/20260818_1932,445.5873107910156,365.9520263671875,193.28634643554688,0.07699286937713623,0.17871758341789246,2.448943853378296,1.4263583421707153,-0.729431688785553,-2.153120279312134,409.7490234375,339.220458984375,210.5732879638672,0.07015632838010788,0.1658668965101242,2.386883497238159,0.0,0.0,0.0,0,0
1787113451.7841172,37.33192136697471,TRACK,BSPLINE,/home/eunseop/nrs_imitation/checkpoints/bspline/polishing/single_cam/20260818_1932,444.1984558105469,363.96673583984375,193.82757568359375,0.07745598256587982,0.18090906739234924,2.4482004642486572,0.4185912609100342,1.305803894996643,-1.7295355796813965,412.2420959472656,363.4420166015625,193.28475952148438,0.07065587490797043,0.19368617236614227,2.4244847297668457,0.0,0.0,0.0,0,0
1787113452.136151,37.68395516392775,TRACK,BSPLINE,/home/eunseop/nrs_imitation/checkpoints/bspline/polishing/single_cam/20260818_1932,443.0793151855469,363.0396728515625,194.0437469482422,0.07783430814743042,0.18205276131629944,2.447036027908325,0.8228810429573059,-0.21545591950416565,-1.632879376411438,417.50103759765625,367.210205078125,196.90650939941406,0.06569452583789825,0.19974969327449799,2.4280641078948975,0.0,0.0,0.0,0,0
1787113452.4881268,38.035931330989115,TRACK,BSPLINE,/home/eunseop/nrs_imitation/checkpoints/bspline/polishing/single_cam/20260818_1932,442.9332580566406,362.9602355957031,194.2555694580078,0.07801135629415512,0.18238987028598785,2.4468839168548584,-1.1749944686889648,-1.6701042652130127,1.1673946380615234,417.45721435546875,367.14630126953125,197.0143585205078,0.06537178158760071,0.20006363093852997,2.427957534790039,0.0,0.0,0.0,0,0
1787113452.552125,38.09992957895156,TRACK,BSPLINE,/home/eunseop/nrs_imitation/checkpoints/bspline/polishing/single_cam/20260818_1932,442.9473571777344,363.00347900390625,194.31903076171875,0.07800406217575073,0.1823762059211731,2.446897029876709,-2.2590808868408203,1.8304816484451294,0.3359745442867279,417.45721435546875,367.14630126953125,197.0143585205078,0.06537178158760071,0.20006363093852997,2.427957534790039,0.0,0.0,0.0,0,0
1787113452.624065,38.171869085985236,TRACK,BSPLINE,/home/eunseop/nrs_imitation/checkpoints/bspline/polishing/single_cam/20260818_1932,442.9429931640625,363.0173645019531,194.36561584472656,0.07802755385637283,0.18240299820899963,2.446917772293091,-0.9834057688713074,-1.0308337211608887,-0.0034545313101261854,417.45721435546875,367.14630126953125,197.0143585205078,0.06537178158760071,0.20006363093852997,2.427957534790039,0.0,0.0,0.0,0,0
1787113452.6880836,38.23588775191456,TRACK,BSPLINE,/home/eunseop/nrs_imitation/checkpoints/bspline/polishing/single_cam/20260818_1932,442.9692077636719,363.0605773925781,194.42481994628906,0.07802297174930573,0.182272806763649,2.4468882083892822,-0.5885436534881592,0.20864197611808777,-0.17396517097949982,417.45721435546875,367.14630126953125,197.0143585205078,0.06537178158760071,0.20006363093852997,2.427957534790039,0.0,0.0,0.0,0,0
1787113452.752103,38.29990751994774,TRACK,BSPLINE,/home/eunseop/nrs_imitation/checkpoints/bspline/polishing/single_cam/20260818_1932,442.9916076660156,363.0754089355469,194.4732208251953,0.07798075675964355,0.1822362095117569,2.4468934535980225,1.5482171773910522,-0.4728531241416931,-1.6968247890472412,417.45721435546875,367.14630126953125,197.0143585205078,0.06537178158760071,0.20006363093852997,2.427957534790039,0.0,0.0,0.0,0,0
1787113453.0881016,38.635905824950896,TRACK,BSPLINE,/home/eunseop/nrs_imitation/checkpoints/bspline/polishing/single_cam/20260818_1932,443.0352478027344,363.15240478515625,194.71942138671875,0.07793121039867401,0.1821213811635971,2.4469268321990967,-1.6311688423156738,-0.2924949526786804,1.2553226947784424,417.45721435546875,367.14630126953125,197.0143585205078,0.06537178158760071,0.20006363093852997,2.427957534790039,0.0,0.0,0.0,0,0
1787113453.1520562,38.699860418913886,TRACK,BSPLINE,/home/eunseop/nrs_imitation/checkpoints/bspline/polishing/single_cam/20260818_1932,443.0543518066406,363.1737365722656,194.75747680664062,0.07800367474555969,0.18200139701366425,2.4468910694122314,-0.2074960172176361,1.9957128763198853,-0.4080774784088135,417.45721435546875,367.14630126953125,197.0143585205078,0.06537178158760071,0.20006363093852997,2.427957534790039,0.0,0.0,0.0,0,0
1787113453.209647,38.75745088700205,TRACK,BSPLINE,/home/eunseop/nrs_imitation/checkpoints/bspline/polishing/single_cam/20260818_1932,443.09222412109375,363.213623046875,194.8291473388672,0.07792353630065918,0.18187963962554932,2.446939468383789,-1.1141513586044312,0.8207960724830627,0.3037120997905731,417.45721435546875,367.14630126953125,197.0143585205078,0.06537178158760071,0.20006363093852997,2.427957534790039,0.0,0.0,0.0,0,0
1787113453.54409,39.09189428994432,TRACK,BSPLINE,/home/eunseop/nrs_imitation/checkpoints/bspline/polishing/single_cam/20260818_1932,441.7970886230469,363.3879089355469,195.86781311035156,0.07897868752479553,0.18334603309631348,2.4423909187316895,1.6022571325302124,-0.6642178297042847,-0.7294889688491821,417.45721435546875,367.14630126953125,197.0143585205078,0.06537178158760071,0.20006363093852997,2.427957534790039,0.0,0.0,0.0,0,0
1787113453.5920835,39.13988768297713,TRACK,BSPLINE,/home/eunseop/nrs_imitation/checkpoints/bspline/polishing/single_cam/20260818_1932,441.47882080078125,363.47003173828125,196.17279052734375,0.07917748391628265,0.18358807265758514,2.4411768913269043,-0.7097828984260559,0.4573894441127777,-0.5407456755638123,417.45721435546875,367.14630126953125,197.0143585205078,0.06537178158760071,0.20006363093852997,2.427957534790039,0.0,0.0,0.0,0,0
1787113453.8960414,39.443845539935865,TRACK,BSPLINE,/home/eunseop/nrs_imitation/checkpoints/bspline/polishing/single_cam/20260818_1932,439.09014892578125,364.08135986328125,197.99317932128906,0.08112586289644241,0.1849791705608368,2.433126211166382,0.33563634753227234,-1.4967747926712036,0.26439759135246277,417.45721435546875,367.14630126953125,197.0143585205078,0.06537178158760071,0.20006363093852997,2.427957534790039,0.0,0.0,0.0,0,0
1787113453.9440703,39.49187459098175,TRACK,BSPLINE,/home/eunseop/nrs_imitation/checkpoints/bspline/polishing/single_cam/20260818_1932,438.74176025390625,364.1408996582031,198.28878784179688,0.08138438314199448,0.18525411188602448,2.4318199157714844,0.1885048747062683,1.2041338682174683,-1.6599153280258179,417.45721435546875,367.14630126953125,197.0143585205078,0.06537178158760071,0.20006363093852997,2.427957534790039,0.0,0.0,0.0,0,0
1787113454.0000823,39.54788639198523,TRACK,BSPLINE,/home/eunseop/nrs_imitation/checkpoints/bspline/polishing/single_cam/20260818_1932,438.3283996582031,364.2514343261719,198.61756896972656,0.08169567584991455,0.18549692630767822,2.4303770065307617,-0.5361713171005249,0.9599258303642273,-1.4587632417678833,417.45721435546875,367.14630126953125,197.0143585205078,0.06537178158760071,0.20006363093852997,2.427957534790039,0.0,0.0,0.0,0,0
1787113454.2960541,39.843858123989776,TRACK,BSPLINE,/home/eunseop/nrs_imitation/checkpoints/bspline/polishing/single_cam/20260818_1932,436.2185363769531,364.07110595703125,200.21844482421875,0.0835513025522232,0.1877744346857071,2.4238102436065674,2.041653871536255,-0.3684751093387604,-1.6701396703720093,417.45721435546875,367.14630126953125,197.0143585205078,0.06537178158760071,0.20006363093852997,2.427957534790039,0.0,0.0,0.0,0,0
1787113454.3520453,39.89984970598016,TRACK,BSPLINE,/home/eunseop/nrs_imitation/checkpoints/bspline/polishing/single_cam/20260818_1932,435.93450927734375,363.7049865722656,200.40390014648438,0.08380764722824097,0.18854102492332458,2.423759937286377,0.0036701944191008806,0.6451007127761841,-0.7241499423980713,417.45721435546875,367.14630126953125,197.0143585205078,0.06537178158760071,0.20006363093852997,2.427957534790039,0.0,0.0,0.0,0,0
1787113454.4001625,39.94796677492559,TRACK,BSPLINE,/home/eunseop/nrs_imitation/checkpoints/bspline/polishing/single_cam/20260818_1932,435.7964782714844,363.3399353027344,200.65301513671875,0.08392301201820374,0.1891426146030426,2.423551559448242,-1.6089341640472412,-0.16341958940029144,1.3152964115142822,417.45721435546875,367.14630126953125,197.0143585205078,0.06537178158760071,0.20006363093852997,2.427957534790039,0.0,0.0,0.0,0,0
1787113454.6801124,40.227916859905235,TRACK,BSPLINE,/home/eunseop/nrs_imitation/checkpoints/bspline/polishing/single_cam/20260818_1932,434.52655029296875,361.1994323730469,201.5101318359375,0.08571219444274902,0.19336317479610443,2.4224934577941895,0.9705821871757507,-0.7208159565925598,-0.9278197288513184,417.45721435546875,367.14630126953125,197.0143585205078,0.06537178158760071,0.20006363093852997,2.427957534790039,0.0,0.0,0.0,0,0
1787113454.7367632,40.28456744190771,TRACK,BSPLINE,/home/eunseop/nrs_imitation/checkpoints/bspline/polishing/single_cam/20260818_1932,434.2277526855469,360.8159484863281,201.6493377685547,0.08609875291585922,0.19417309761047363,2.422380208969116,1.2865970134735107,2.2068207263946533,-2.057767868041992,417.45721435546875,367.14630126953125,197.0143585205078,0.06537178158760071,0.20006363093852997,2.427957534790039,0.0,0.0,0.0,0,0
1787113455.0000324,40.547836750978604,TRACK,BSPLINE,/home/eunseop/nrs_imitation/checkpoints/bspline/polishing/single_cam/20260818_1932,432.82440185546875,359.2408447265625,202.26336669921875,0.08787327259778976,0.19745981693267822,2.4214887619018555,-1.4686870574951172,0.8074468970298767,1.1503262519836426,417.45721435546875,367.14630126953125,197.0143585205078,0.06537178158760071,0.20006363093852997,2.427957534790039,0.0,0.0,0.0,0,0
1787113455.0480285,40.5958325288957,TRACK,BSPLINE,/home/eunseop/nrs_imitation/checkpoints/bspline/polishing/single_cam/20260818_1932,432.7901306152344,359.1856994628906,202.2634735107422,0.08793548494577408,0.1975701004266739,2.4214532375335693,1.5433778762817383,1.2484837770462036,-1.1336416006088257,417.45721435546875,367.14630126953125,197.0143585205078,0.06537178158760071,0.20006363093852997,2.427957534790039,0.0,0.0,0.0,0,0
1787113455.1041048,40.65190882293973,TRACK,BSPLINE,/home/eunseop/nrs_imitation/checkpoints/bspline/polishing/single_cam/20260818_1932,432.73529052734375,359.1813049316406,202.2467041015625,0.08805035799741745,0.19765475392341614,2.421461820602417,0.5142932534217834,0.5895253419876099,-1.6463348865509033,417.45721435546875,367.14630126953125,197.0143585205078,0.06537178158760071,0.20006363093852997,2.427957534790039,0.0,0.0,0.0,0,0
1787113455.3841324,40.93193683796562,TRACK,BSPLINE,/home/eunseop/nrs_imitation/checkpoints/bspline/polishing/single_cam/20260818_1932,432.61541748046875,359.0683898925781,202.1841278076172,0.08825739473104477,0.19803230464458466,2.421422243118286,-0.9687311053276062,-1.4918631315231323,-0.7790111303329468,417.45721435546875,367.14630126953125,197.0143585205078,0.06537178158760071,0.20006363093852997,2.427957534790039,0.0,0.0,0.0,0,0
1787113455.4401548,40.987959048943594,TRACK,BSPLINE,/home/eunseop/nrs_imitation/checkpoints/bspline/polishing/single_cam/20260818_1932,432.6275329589844,359.0544738769531,202.19044494628906,0.0882406085729599,0.1980190873146057,2.421400785446167,-0.4978356957435608,-1.872650146484375,0.3581947088241577,417.45721435546875,367.14630126953125,197.0143585205078,0.06537178158760071,0.20006363093852997,2.427957534790039,0.0,0.0,0.0,0,0
1787113455.6801019,41.22790619591251,TRACK,BSPLINE,/home/eunseop/nrs_imitation/checkpoints/bspline/polishing/single_cam/20260818_1932,432.5872497558594,359.01617431640625,202.2172088623047,0.08828079700469971,0.19813701510429382,2.4213664531707764,-0.6263795495033264,0.44555625319480896,0.39067432284355164,417.45721435546875,367.14630126953125,197.0143585205078,0.06537178158760071,0.20006363093852997,2.427957534790039,0.0,0.0,0.0,0,0
1787113455.73604,41.283844315912575,TRACK,BSPLINE,/home/eunseop/nrs_imitation/checkpoints/bspline/polishing/single_cam/20260818_1932,432.595458984375,359.0079650878906,202.19740295410156,0.08828714489936829,0.19821451604366302,2.4213616847991943,-2.686427116394043,0.8507154583930969,1.0646990537643433,417.45721435546875,367.14630126953125,197.0143585205078,0.06537178158760071,0.20006363093852997,2.427957534790039,0.0,0.0,0.0,0,0
1787113456.0000505,41.547854673000984,TRACK,BSPLINE,/home/eunseop/nrs_imitation/checkpoints/bspline/polishing/single_cam/20260818_1932,432.6407470703125,359.0165710449219,202.2811737060547,0.08825583755970001,0.19808904826641083,2.4212636947631836,-0.19540464878082275,-1.7234965562820435,0.5210548639297485,416.538818359375,370.953369140625,190.7384490966797,0.07253491133451462,0.23126308619976044,2.431918144226074,0.0,0.0,0.0,0,0
1787113456.0560462,41.60385057295207,TRACK,BSPLINE,/home/eunseop/nrs_imitation/checkpoints/bspline/polishing/single_cam/20260818_1932,432.6732177734375,359.0206298828125,202.3036651611328,0.08822936564683914,0.19799953699111938,2.4213078022003174,0.8874418139457703,-0.7958606481552124,-0.9827303886413574,416.538818359375,370.953369140625,190.7384490966797,0.07253491133451462,0.23126308619976044,2.431918144226074,0.0,0.0,0.0,0,0
1787113456.1040475,41.65185187093448,TRACK,BSPLINE,/home/eunseop/nrs_imitation/checkpoints/bspline/polishing/single_cam/20260818_1932,432.65582275390625,359.0644226074219,202.32643127441406,0.0882887914776802,0.1980021893978119,2.42132568359375,-1.5557572841644287,1.2729260921478271,0.4317709803581238,416.538818359375,370.953369140625,190.7384490966797,0.07253491133451462,0.23126308619976044,2.431918144226074,0.0,0.0,0.0,0,0
1787113456.38406,41.93186392693315,TRACK,BSPLINE,/home/eunseop/nrs_imitation/checkpoints/bspline/polishing/single_cam/20260818_1932,432.689453125,359.0643005371094,202.41424560546875,0.08822786808013916,0.19795188307762146,2.421286106109619,0.9324983954429626,-0.6283173561096191,-1.1035702228546143,416.538818359375,370.953369140625,190.7384490966797,0.07253491133451462,0.23126308619976044,2.431918144226074,0.0,0.0,0.0,0,0
1787113456.4400425,41.98784648196306,TRACK,BSPLINE,/home/eunseop/nrs_imitation/checkpoints/bspline/polishing/single_cam/20260818_1932,432.6914978027344,359.0613098144531,202.42018127441406,0.08819367736577988,0.19793081283569336,2.4213385581970215,1.7054224014282227,-0.8354141712188721,-1.6621952056884766,416.538818359375,370.953369140625,190.7384490966797,0.07253491133451462,0.23126308619976044,2.431918144226074,0.0,0.0,0.0,0,0
1787113456.6881635,42.23596782493405,TRACK,BSPLINE,/home/eunseop/nrs_imitation/checkpoints/bspline/polishing/single_cam/20260818_1932,432.71148681640625,358.8717041015625,202.6221923828125,0.08870256692171097,0.19481870532035828,2.4216911792755127,1.2672957181930542,0.7559816241264343,0.04750693961977959,416.538818359375,370.953369140625,190.7384490966797,0.07253491133451462,0.23126308619976044,2.431918144226074,0.0,0.0,0.0,0,0
1787113456.739393,42.287197324912995,TRACK,BSPLINE,/home/eunseop/nrs_imitation/checkpoints/bspline/polishing/single_cam/20260818_1932,432.6711120605469,358.4637451171875,202.32220458984375,0.08896467089653015,0.19205619394779205,2.4225032329559326,-0.2628016769886017,-0.26992273330688477,-0.8265491127967834,416.538818359375,370.953369140625,190.7384490966797,0.07253491133451462,0.23126308619976044,2.431918144226074,0.0,0.0,0.0,0,0
1787113457.0000358,42.547840093960986,TRACK,BSPLINE,/home/eunseop/nrs_imitation/checkpoints/bspline/polishing/single_cam/20260818_1932,432.3017272949219,356.5030212402344,200.59658813476562,0.0916052758693695,0.17296427488327026,2.4286937713623047,1.545776605606079,-1.0031753778457642,-0.9737279415130615,416.538818359375,370.953369140625,190.7384490966797,0.07253491133451462,0.23126308619976044,2.431918144226074,0.0,0.0,0.0,0,0
1787113457.072073,42.619877047953196,TRACK,BSPLINE,/home/eunseop/nrs_imitation/checkpoints/bspline/polishing/single_cam/20260818_1932,432.2433776855469,355.9092102050781,200.1416473388672,0.09225298464298248,0.1678115427494049,2.4302027225494385,-0.4956189692020416,1.5313050746917725,-0.7604905366897583,416.538818359375,370.953369140625,190.7384490966797,0.07253491133451462,0.23126308619976044,2.431918144226074,0.0,0.0,0.0,0,0
1787113457.2961378,42.84394237794913,TRACK,BSPLINE,/home/eunseop/nrs_imitation/checkpoints/bspline/polishing/single_cam/20260818_1932,431.7651672363281,354.3270568847656,198.8051300048828,0.09446712583303452,0.1524970978498459,2.4348957538604736,1.2468910217285156,0.4198961853981018,-2.5553269386291504,416.538818359375,370.953369140625,190.7384490966797,0.07253491133451462,0.23126308619976044,2.431918144226074,0.0,0.0,0.0,0,0
1787113457.3520863,42.89989063690882,TRACK,BSPLINE,/home/eunseop/nrs_imitation/checkpoints/bspline/polishing/single_cam/20260818_1932,431.350830078125,354.0743408203125,198.73690795898438,0.09472405165433884,0.1514768898487091,2.4346935749053955,1.4851243495941162,0.9474714994430542,-2.4051876068115234,416.538818359375,370.953369140625,190.7384490966797,0.07253491133451462,0.23126308619976044,2.431918144226074,0.0,0.0,0.0,0,0
1787113457.4000375,42.94784171995707,TRACK,BSPLINE,/home/eunseop/nrs_imitation/checkpoints/bspline/polishing/single_cam/20260818_1932,430.9494934082031,353.7874755859375,198.74656677246094,0.09498725086450577,0.15121155977249146,2.4341418743133545,-0.12514398992061615,-0.4897305965423584,-0.806907057762146,416.538818359375,370.953369140625,190.7384490966797,0.07253491133451462,0.23126308619976044,2.431918144226074,0.0,0.0,0.0,0,0
1787113457.688113,43.23591710894834,TRACK,BSPLINE,/home/eunseop/nrs_imitation/checkpoints/bspline/polishing/single_cam/20260818_1932,428.3392028808594,353.0655212402344,199.16729736328125,0.0958656594157219,0.14922140538692474,2.4310882091522217,-0.7359970211982727,-0.10275644809007645,0.8848788142204285,416.538818359375,370.953369140625,190.7384490966797,0.07253491133451462,0.23126308619976044,2.431918144226074,0.0,0.0,0.0,0,0
1787113457.7396693,43.28747357300017,TRACK,BSPLINE,/home/eunseop/nrs_imitation/checkpoints/bspline/polishing/single_cam/20260818_1932,427.8534240722656,352.94012451171875,199.2117919921875,0.09605652093887329,0.14899559319019318,2.43058705329895,-0.3357039988040924,0.07213133573532104,-0.44936099648475647,416.538818359375,370.953369140625,190.7384490966797,0.07253491133451462,0.23126308619976044,2.431918144226074,0.0,0.0,0.0,0,0
1787113457.9840448,43.53184897697065,TRACK,BSPLINE,/home/eunseop/nrs_imitation/checkpoints/bspline/polishing/single_cam/20260818_1932,425.4581298828125,352.5334777832031,199.55841064453125,0.09684354811906815,0.14720335602760315,2.427976369857788,0.019675511866807938,-0.16327552497386932,-1.2604432106018066,416.538818359375,370.953369140625,190.7384490966797,0.07253491133451462,0.23126308619976044,2.431918144226074,0.0,0.0,0.0,0,0
1787113458.0400512,43.58785528794397,TRACK,BSPLINE,/home/eunseop/nrs_imitation/checkpoints/bspline/polishing/single_cam/20260818_1932,424.9082336425781,352.4807434082031,199.62088012695312,0.09701352566480637,0.1467687040567398,2.427412986755371,-0.3824138641357422,-0.06609964370727539,-0.2187187671661377,416.538818359375,370.953369140625,190.7384490966797,0.07253491133451462,0.23126308619976044,2.431918144226074,0.0,0.0,0.0,0,0
1787113458.3040972,43.851901573943906,TRACK,BSPLINE,/home/eunseop/nrs_imitation/checkpoints/bspline/polishing/single_cam/20260818_1932,422.32269287109375,352.3771057128906,200.0312957763672,0.09739552438259125,0.1441083401441574,2.424368143081665,-0.2419784814119339,0.36488500237464905,-1.020660161972046,416.538818359375,370.953369140625,190.7384490966797,0.07253491133451462,0.23126308619976044,2.431918144226074,0.0,0.0,0.0,0,0
1787113458.35205,43.89985440997407,TRACK,BSPLINE,/home/eunseop/nrs_imitation/checkpoints/bspline/polishing/single_cam/20260818_1932,421.8786926269531,352.3108825683594,200.0422821044922,0.09726906567811966,0.14377091825008392,2.4237887859344482,-0.42632949352264404,-0.47707125544548035,0.1195988580584526,416.538818359375,370.953369140625,190.7384490966797,0.07253491133451462,0.23126308619976044,2.431918144226074,0.0,0.0,0.0,0,0
1787113458.416068,43.96387226495426,TRACK,BSPLINE,/home/eunseop/nrs_imitation/checkpoints/bspline/polishing/single_cam/20260818_1932,421.24554443359375,352.3182373046875,200.07754516601562,0.09711078554391861,0.14310789108276367,2.422947645187378,-0.07226767390966415,-0.3764801025390625,-0.7054721713066101,416.538818359375,370.953369140625,190.7384490966797,0.07253491133451462,0.23126308619976044,2.431918144226074,0.0,0.0,0.0,0,0
1787113458.4640455,44.011849667993374,TRACK,BSPLINE,/home/eunseop/nrs_imitation/checkpoints/bspline/polishing/single_cam/20260818_1932,420.8133850097656,352.3831481933594,200.165771484375,0.09682908654212952,0.14240451157093048,2.4223124980926514,-0.22896330058574677,-0.5979033708572388,0.07836860418319702,416.538818359375,370.953369140625,190.7384490966797,0.07253491133451462,0.23126308619976044,2.431918144226074,0.0,0.0,0.0,0,0
1787113458.5121086,44.05991283489857,TRACK,BSPLINE,/home/eunseop/nrs_imitation/checkpoints/bspline/polishing/single_cam/20260818_1932,420.4497985839844,352.45025634765625,200.24725341796875,0.0964551642537117,0.1417195349931717,2.4215755462646484,0.39360877871513367,0.02889387309551239,-0.6909914612770081,416.538818359375,370.953369140625,190.7384490966797,0.07253491133451462,0.23126308619976044,2.431918144226074,0.0,0.0,0.0,0,0
1787113458.5680337,44.115837759920396,TRACK,BSPLINE,/home/eunseop/nrs_imitation/checkpoints/bspline/polishing/single_cam/20260818_1932,419.8783874511719,352.5873107910156,200.3748016357422,0.09603622555732727,0.1408786028623581,2.4209072589874268,0.0608757883310318,-0.29083484411239624,-0.7784110903739929,416.538818359375,370.953369140625,190.7384490966797,0.07253491133451462,0.23126308619976044,2.431918144226074,0.0,0.0,0.0,0,0
1787113458.7920237,44.3398277759552,TRACK,BSPLINE,/home/eunseop/nrs_imitation/checkpoints/bspline/polishing/single_cam/20260818_1932,417.80078125,353.3794860839844,200.71444702148438,0.09266679733991623,0.137266606092453,2.418044328689575,-0.08159779012203217,-0.4157387316226959,-0.5152845978736877,416.538818359375,370.953369140625,190.7384490966797,0.07253491133451462,0.23126308619976044,2.431918144226074,0.0,0.0,0.0,0,0
1787113458.8481832,44.395987219992094,TRACK,BSPLINE,/home/eunseop/nrs_imitation/checkpoints/bspline/polishing/single_cam/20260818_1932,417.4133605957031,353.55438232421875,200.80712890625,0.09100545197725296,0.1365693211555481,2.417555332183838,-0.5755906105041504,-0.19367703795433044,0.2168874740600586,416.538818359375,370.953369140625,190.7384490966797,0.07253491133451462,0.23126308619976044,2.431918144226074,0.0,0.0,0.0,0,0
1787113459.096162,44.64396647294052,TRACK,BSPLINE,/home/eunseop/nrs_imitation/checkpoints/bspline/polishing/single_cam/20260818_1932,415.3285217285156,354.6061096191406,201.64556884765625,0.08453536778688431,0.13530197739601135,2.416454792022705,-0.5311622619628906,0.043249230831861496,-0.049683112651109695,416.538818359375,370.953369140625,190.7384490966797,0.07253491133451462,0.23126308619976044,2.431918144226074,0.0,0.0,0.0,0,0
1787113459.1443152,44.69211937091313,TRACK,BSPLINE,/home/eunseop/nrs_imitation/checkpoints/bspline/polishing/single_cam/20260818_1932,415.0070495605469,354.7941589355469,201.8726806640625,0.08347147703170776,0.13542668521404266,2.4163858890533447,-0.0674281120300293,-0.1099165678024292,-0.5098121166229248,416.538818359375,370.953369140625,190.7384490966797,0.07253491133451462,0.23126308619976044,2.431918144226074,0.0,0.0,0.0,0,0
1787113459.3920248,44.93982888897881,TRACK,BSPLINE,/home/eunseop/nrs_imitation/checkpoints/bspline/polishing/single_cam/20260818_1932,412.9254150390625,354.9985046386719,202.69973754882812,0.08064606785774231,0.1410040706396103,2.4155492782592773,-0.11487071961164474,-0.004824133589863777,-0.6945008635520935,416.538818359375,370.953369140625,190.7384490966797,0.07253491133451462,0.23126308619976044,2.431918144226074,0.0,0.0,0.0,0,0
1787113459.4480398,44.99584382690955,TRACK,BSPLINE,/home/eunseop/nrs_imitation/checkpoints/bspline/polishing/single_cam/20260818_1932,412.54852294921875,354.88677978515625,203.07835388183594,0.08068244904279709,0.14274241030216217,2.414487600326538,-0.7131808400154114,-0.08281509578227997,0.0799025371670723,416.538818359375,370.953369140625,190.7384490966797,0.07253491133451462,0.23126308619976044,2.431918144226074,0.0,0.0,0.0,0,0
1787113459.6961231,45.24392763990909,TRACK,BSPLINE,/home/eunseop/nrs_imitation/checkpoints/bspline/polishing/single_cam/20260818_1932,412.6415100097656,353.3200988769531,204.6263427734375,0.08171427249908447,0.1486055999994278,2.407484292984009,-0.26052120327949524,-0.08599178493022919,-0.6814691424369812,416.538818359375,370.953369140625,190.7384490966797,0.07253491133451462,0.23126308619976044,2.431918144226074,0.0,0.0,0.0,0,0
