t_wall,t_elapsed_sec,stage,policy_class,ckpt_dir,meas_x_mm,meas_y_mm,meas_z_mm,meas_rx,meas_ry,meas_rz,meas_fx_N,meas_fy_N,meas_fz_N,cmd_x_mm,cmd_y_mm,cmd_z_mm,cmd_rx,cmd_ry,cmd_rz,cmd_fx_N,cmd_fy_N,cmd_fz_N,contact,cmd_safety_blocked
1787034594.511728,0.019516314030624926,APPROACH,BSPLINE,/home/eunseop/nrs_imitation/checkpoints/bspline/polishing/single_cam/20260817_2138,445.0054931640625,394.5228271484375,219.97581481933594,-8.573906234232709e-05,-1.4034624655323569e-05,2.3561511039733887,-0.6479099988937378,-0.17533539235591888,0.746637761592865,445.0054931640625,394.5228271484375,219.97581481933594,-8.573906234232709e-05,-1.4034624655323569e-05,2.3561511039733887,0.0,0.0,0.0,0,0
1787034601.621002,7.128790121991187,TRACK,BSPLINE,/home/eunseop/nrs_imitation/checkpoints/bspline/polishing/single_cam/20260817_2138,411.1463928222656,332.65673828125,191.87384033203125,0.010565711185336113,0.08736104518175125,2.391143798828125,1.6650564670562744,-1.1560074090957642,0.010137619450688362,419.3040771484375,342.5050048828125,160.8303680419922,0.08258975297212601,0.14736521244049072,2.415086269378662,0.0,0.0,0.0,0,0
1787034601.6212022,7.128990274039097,TRACK,BSPLINE,/home/eunseop/nrs_imitation/checkpoints/bspline/polishing/single_cam/20260817_2138,411.1463928222656,332.65673828125,191.87384033203125,0.010565711185336113,0.08736104518175125,2.391143798828125,1.6650564670562744,-1.1560074090957642,0.010137619450688362,411.1463928222656,332.65673828125,191.87384033203125,0.010565711185336113,0.08736104518175125,2.391143798828125,0.0,0.0,0.0,0,0
1787034601.8641562,7.371944484999403,TRACK,BSPLINE,/home/eunseop/nrs_imitation/checkpoints/bspline/polishing/single_cam/20260817_2138,411.1820068359375,332.5917053222656,191.85806274414062,0.010569117031991482,0.087421715259552,2.391058921813965,-1.044832706451416,-0.11497616767883301,0.3768557608127594,432.07318115234375,350.949951171875,158.4526824951172,0.0897345021367073,0.15193931758403778,2.416348695755005,0.0,0.0,0.0,0,0
1787034602.5920422,8.099830404040404,TRACK,BSPLINE,/home/eunseop/nrs_imitation/checkpoints/bspline/polishing/single_cam/20260817_2138,409.86187744140625,333.3446960449219,186.08541870117188,0.006631451193243265,0.08936449140310287,2.392241954803467,-0.5821488499641418,0.7691461443901062,0.39899659156799316,432.71685791015625,351.0958557128906,158.24143981933594,0.08988475054502487,0.15223008394241333,2.416228771209717,0.0,0.0,0.0,0,0
1787034602.6559746,8.163762771058828,TRACK,BSPLINE,/home/eunseop/nrs_imitation/checkpoints/bspline/polishing/single_cam/20260817_2138,409.6184997558594,333.3168029785156,185.2453155517578,0.006273828912526369,0.08999461680650711,2.3922982215881348,1.3707958459854126,0.8627382516860962,-0.9052112698554993,432.71685791015625,351.0958557128906,158.24143981933594,0.08988475054502487,0.15223008394241333,2.416228771209717,0.0,0.0,0.0,0,0
1787034602.7280118,8.235800069989637,TRACK,BSPLINE,/home/eunseop/nrs_imitation/checkpoints/bspline/polishing/single_cam/20260817_2138,409.5464782714844,333.4502868652344,184.71878051757812,0.005773935001343489,0.09002450108528137,2.3923094272613525,-0.6262634992599487,1.8839750289916992,-0.038300447165966034,432.71685791015625,351.0958557128906,158.24143981933594,0.08988475054502487,0.15223008394241333,2.416228771209717,0.0,0.0,0.0,0,0
1787034602.791866,8.299654158065096,TRACK,BSPLINE,/home/eunseop/nrs_imitation/checkpoints/bspline/polishing/single_cam/20260817_2138,409.3777770996094,333.5247802734375,183.94625854492188,0.005121184047311544,0.09036832302808762,2.3925583362579346,1.9582029581069946,1.1424496173858643,-0.45940837264060974,432.71685791015625,351.0958557128906,158.24143981933594,0.08988475054502487,0.15223008394241333,2.416228771209717,0.0,0.0,0.0,0,0
1787034602.8558528,8.363640906987712,TRACK,BSPLINE,/home/eunseop/nrs_imitation/checkpoints/bspline/polishing/single_cam/20260817_2138,409.2480773925781,333.6307373046875,183.4822540283203,0.004932246636599302,0.0904005691409111,2.392585039138794,-0.25850746035575867,-1.1705011129379272,0.7159537672996521,432.71685791015625,351.0958557128906,158.24143981933594,0.08988475054502487,0.15223008394241333,2.416228771209717,0.0,0.0,0.0,0,0
1787034603.1839018,8.69168968196027,TRACK,BSPLINE,/home/eunseop/nrs_imitation/checkpoints/bspline/polishing/single_cam/20260817_2138,411.1886291503906,333.2466125488281,181.1783905029297,0.006841318681836128,0.09241659939289093,2.395101308822632,-1.2933918237686157,0.20300225913524628,1.3735591173171997,432.71685791015625,351.0958557128906,158.24143981933594,0.08988475054502487,0.15223008394241333,2.416228771209717,0.0,0.0,0.0,0,0
1787034603.2400002,8.747788502951153,TRACK,BSPLINE,/home/eunseop/nrs_imitation/checkpoints/bspline/polishing/single_cam/20260817_2138,411.48101806640625,333.2591857910156,180.7968292236328,0.007512349169701338,0.09263966232538223,2.395824432373047,-1.2480753660202026,-0.9935072064399719,0.9933937191963196,432.71685791015625,351.0958557128906,158.24143981933594,0.08988475054502487,0.15223008394241333,2.416228771209717,0.0,0.0,0.0,0,0
1787034603.2880073,8.795795346028171,TRACK,BSPLINE,/home/eunseop/nrs_imitation/checkpoints/bspline/polishing/single_cam/20260817_2138,411.80828857421875,333.22357177734375,180.4493408203125,0.00807955302298069,0.09278061240911484,2.3962042331695557,1.3237576484680176,1.1461336612701416,-1.606069564819336,432.71685791015625,351.0958557128906,158.24143981933594,0.08988475054502487,0.15223008394241333,2.416228771209717,0.0,0.0,0.0,0,0
1787034603.4880168,8.995805095066316,TRACK,BSPLINE,/home/eunseop/nrs_imitation/checkpoints/bspline/polishing/single_cam/20260817_2138,412.5900573730469,333.3959045410156,178.86705017089844,0.011097447015345097,0.0935196653008461,2.398221492767334,0.9166317582130432,-0.7561138272285461,0.6343124508857727,432.71685791015625,351.0958557128906,158.24143981933594,0.08988475054502487,0.15223008394241333,2.416228771209717,0.0,0.0,0.0,0,0
1787034603.535926,9.043714181985706,TRACK,BSPLINE,/home/eunseop/nrs_imitation/checkpoints/bspline/polishing/single_cam/20260817_2138,412.6792907714844,333.40948486328125,178.41522216796875,0.01203310675919056,0.0937962457537651,2.3985252380371094,0.6695007085800171,2.6347546577453613,-0.8740649223327637,432.71685791015625,351.0958557128906,158.24143981933594,0.08988475054502487,0.15223008394241333,2.416228771209717,0.0,0.0,0.0,0,0
1787034603.7757545,9.283542401972227,TRACK,BSPLINE,/home/eunseop/nrs_imitation/checkpoints/bspline/polishing/single_cam/20260817_2138,412.9259948730469,333.5413513183594,176.0604248046875,0.016891101375222206,0.09597264975309372,2.400517463684082,-0.854240894317627,-1.2162673473358154,3.0371315479278564,412.9259948730469,333.5413513183594,176.0604248046875,0.016891101375222206,0.09597264975309372,2.400517463684082,0.0,0.0,-1.6999990940093994,1,0
1787034603.7998295,9.307617594953626,TRACK,BSPLINE,/home/eunseop/nrs_imitation/checkpoints/bspline/polishing/single_cam/20260817_2138,412.95660400390625,333.5298156738281,175.81349182128906,0.017452778294682503,0.09628267586231232,2.4006011486053467,-1.613246202468872,0.6812038421630859,2.358896255493164,432.71685791015625,351.0958557128906,158.24143981933594,0.08988475054502487,0.15223008394241333,2.416228771209717,0.0,0.0,0.0,0,0
1787034603.8558085,9.363596678012982,TRACK,BSPLINE,/home/eunseop/nrs_imitation/checkpoints/bspline/polishing/single_cam/20260817_2138,412.97332763671875,333.5909118652344,175.67083740234375,0.01782377064228058,0.0963652953505516,2.4006950855255127,-2.563730001449585,-0.7011972069740295,3.6042635440826416,432.71685791015625,351.0958557128906,158.24143981933594,0.08988475054502487,0.15223008394241333,2.416228771209717,0.0,0.0,0.0,1,0
1787034603.9118195,9.419607441057451,TRACK,BSPLINE,/home/eunseop/nrs_imitation/checkpoints/bspline/polishing/single_cam/20260817_2138,412.97332763671875,333.5909118652344,175.67083740234375,0.01782377064228058,0.0963652953505516,2.4006950855255127,-2.563730001449585,-0.7011972069740295,3.6042635440826416,432.71685791015625,351.0958557128906,158.24143981933594,0.08988475054502487,0.15223008394241333,2.416228771209717,0.0,0.0,0.0,1,0
1787034604.031842,9.53963020304218,TRACK,BSPLINE,/home/eunseop/nrs_imitation/checkpoints/bspline/polishing/single_cam/20260817_2138,413.0548095703125,334.0339050292969,174.70852661132812,0.02196158654987812,0.09689943492412567,2.402310609817505,-8.229111671447754,-2.0626606941223145,15.068855285644531,413.0548095703125,334.0339050292969,174.70852661132812,0.02196158654987812,0.09689943492412567,2.402310609817505,0.0,0.0,-2.1808128356933594,1,0
1787034604.1358569,9.643645014963113,TRACK,BSPLINE,/home/eunseop/nrs_imitation/checkpoints/bspline/polishing/single_cam/20260817_2138,413.5087585449219,334.4866943359375,173.3832550048828,0.026926377788186073,0.09938903152942657,2.4031453132629395,-8.948346138000488,-3.97263765335083,50.35895919799805,432.71685791015625,351.0958557128906,158.24143981933594,0.08988475054502487,0.15223008394241333,2.416228771209717,0.0,0.0,0.0,1,0
1787034604.1918533,9.699641401064582,TRACK,BSPLINE,/home/eunseop/nrs_imitation/checkpoints/bspline/polishing/single_cam/20260817_2138,413.5700378417969,334.6041564941406,173.15106201171875,0.02854050323367119,0.10048177093267441,2.4036941528320312,-21.770980834960938,1.4246368408203125,65.71636199951172,432.71685791015625,351.0958557128906,158.24143981933594,0.08988475054502487,0.15223008394241333,2.416228771209717,0.0,0.0,0.0,1,0
1787034604.2398756,9.747663734015077,TRACK,BSPLINE,/home/eunseop/nrs_imitation/checkpoints/bspline/polishing/single_cam/20260817_2138,413.7236328125,334.6150817871094,173.06533813476562,0.029475323855876923,0.10113414376974106,2.404111623764038,-24.91901206970215,-3.627934455871582,68.69619750976562,432.71685791015625,351.0958557128906,158.24143981933594,0.08988475054502487,0.15223008394241333,2.416228771209717,0.0,0.0,0.0,1,0
1787034604.2797785,9.787566595012322,TRACK,BSPLINE,/home/eunseop/nrs_imitation/checkpoints/bspline/polishing/single_cam/20260817_2138,413.7417297363281,334.681884765625,172.86297607421875,0.030901337042450905,0.10203966498374939,2.404392957687378,-14.054819107055664,0.9340925216674805,70.56803131103516,413.7417297363281,334.681884765625,172.86297607421875,0.030901337042450905,0.10203966498374939,2.404392957687378,0.0,0.0,-1.4462294578552246,1,0
1787034604.383876,9.891664235037751,TRACK,BSPLINE,/home/eunseop/nrs_imitation/checkpoints/bspline/polishing/single_cam/20260817_2138,413.9400329589844,334.7342529296875,172.57505798339844,0.03362015634775162,0.10436179488897324,2.4051365852355957,-29.025360107421875,-7.36494255065918,85.49649810791016,432.71685791015625,351.0958557128906,158.24143981933594,0.08988475054502487,0.15223008394241333,2.416228771209717,0.0,0.0,0.0,1,0
1787034604.4398615,9.947649430017918,TRACK,BSPLINE,/home/eunseop/nrs_imitation/checkpoints/bspline/polishing/single_cam/20260817_2138,413.83355712890625,334.73822021484375,172.45327758789062,0.03543718159198761,0.10557152330875397,2.4055562019348145,-29.77924156188965,-13.298189163208008,80.2744369506836,432.71685791015625,351.0958557128906,158.24143981933594,0.08988475054502487,0.15223008394241333,2.416228771209717,0.0,0.0,0.0,1,0
1787034604.7040064,10.211794486967847,TRACK,BSPLINE,/home/eunseop/nrs_imitation/checkpoints/bspline/polishing/single_cam/20260817_2138,413.56689453125,334.2655944824219,171.79132080078125,0.04285752773284912,0.11314268410205841,2.407118082046509,-27.549848556518555,-7.605411052703857,96.75606536865234,432.71685791015625,351.0958557128906,158.24143981933594,0.08988475054502487,0.15223008394241333,2.416228771209717,0.0,0.0,0.0,1,0
1787034604.751894,10.259682222967967,TRACK,BSPLINE,/home/eunseop/nrs_imitation/checkpoints/bspline/polishing/single_cam/20260817_2138,413.5078125,334.1333312988281,171.69903564453125,0.04417842626571655,0.11440501362085342,2.4073774814605713,-30.126298904418945,-17.47888946533203,81.3575668334961,432.71685791015625,351.0958557128906,158.24143981933594,0.08988475054502487,0.15223008394241333,2.416228771209717,0.0,0.0,0.0,1,0
1787034604.7520578,10.25984595506452,TRACK,BSPLINE,/home/eunseop/nrs_imitation/checkpoints/bspline/polishing/single_cam/20260817_2138,413.5078125,334.1333312988281,171.69903564453125,0.04417842626571655,0.11440501362085342,2.4073774814605713,-30.126298904418945,-17.47888946533203,81.3575668334961,413.5078125,334.1333312988281,171.69903564453125,0.04417842626571655,0.11440501362085342,2.4073774814605713,0.0,0.0,-0.8634281158447266,1,0
1787034604.8080237,10.315811933018267,TRACK,BSPLINE,/home/eunseop/nrs_imitation/checkpoints/bspline/polishing/single_cam/20260817_2138,413.0049133300781,334.1933898925781,171.70082092285156,0.04684523865580559,0.11537621170282364,2.4077064990997314,-27.7465763092041,-20.246315002441406,81.87895965576172,432.71685791015625,351.0958557128906,158.24143981933594,0.08988475054502487,0.15223008394241333,2.416228771209717,0.0,0.0,0.0,1,0
1787034605.088054,10.59584211697802,TRACK,BSPLINE,/home/eunseop/nrs_imitation/checkpoints/bspline/polishing/single_cam/20260817_2138,412.4511413574219,332.5400085449219,171.98011779785156,0.05443838611245155,0.12386396527290344,2.4092538356781006,-30.00728988647461,-16.713926315307617,76.30558776855469,432.71685791015625,351.0958557128906,158.24143981933594,0.08988475054502487,0.15223008394241333,2.416228771209717,0.0,0.0,0.0,1,0
1787034605.1439166,10.651704619056545,TRACK,BSPLINE,/home/eunseop/nrs_imitation/checkpoints/bspline/polishing/single_cam/20260817_2138,412.71527099609375,332.81036376953125,171.8774871826172,0.05683180317282677,0.12665416300296783,2.4095029830932617,-30.56396484375,-18.82135009765625,74.57421875,432.71685791015625,351.0958557128906,158.24143981933594,0.08988475054502487,0.15223008394241333,2.416228771209717,0.0,0.0,0.0,1,0
1787034605.295814,10.803602318977937,TRACK,BSPLINE,/home/eunseop/nrs_imitation/checkpoints/bspline/polishing/single_cam/20260817_2138,412.6864318847656,331.9425354003906,172.66368103027344,0.06210379675030708,0.13146226108074188,2.4099152088165283,-11.259387969970703,-0.3836011290550232,66.54812622070312,412.6864318847656,331.9425354003906,172.66368103027344,0.06210379675030708,0.13146226108074188,2.4099152088165283,0.0,0.0,-1.4462294578552246,1,0
1787034605.3920398,10.899827950051986,TRACK,BSPLINE,/home/eunseop/nrs_imitation/checkpoints/bspline/polishing/single_cam/20260817_2138,413.36724853515625,332.2320251464844,172.90647888183594,0.06467784941196442,0.13424991071224213,2.4101619720458984,-13.40341854095459,-2.1193549633026123,70.81175994873047,432.71685791015625,351.0958557128906,158.24143981933594,0.08988475054502487,0.15223008394241333,2.416228771209717,0.0,0.0,0.0,1,0
1787034605.439845,10.947633189032786,TRACK,BSPLINE,/home/eunseop/nrs_imitation/checkpoints/bspline/polishing/single_cam/20260817_2138,414.11639404296875,333.44354248046875,172.3438262939453,0.06671697646379471,0.13650815188884735,2.4102208614349365,-24.74709701538086,0.04114067554473877,104.0401840209961,432.71685791015625,351.0958557128906,158.24143981933594,0.08988475054502487,0.15223008394241333,2.416228771209717,0.0,0.0,0.0,1,0
1787034605.4556797,10.963467870955355,TRACK,BSPLINE,/home/eunseop/nrs_imitation/checkpoints/bspline/polishing/single_cam/20260817_2138,414.4747619628906,333.8148193359375,172.2742462158203,0.06691908836364746,0.13675281405448914,2.4103565216064453,-30.348730087280273,-16.360849380493164,72.9112777709961,414.4747619628906,333.8148193359375,172.2742462158203,0.06691908836364746,0.13675281405448914,2.4103565216064453,0.0,0.0,-1.9746689796447754,1,0
1787034605.567904,11.07569211605005,TRACK,BSPLINE,/home/eunseop/nrs_imitation/checkpoints/bspline/polishing/single_cam/20260817_2138,416.3330993652344,335.8999938964844,173.76193237304688,0.06930193305015564,0.1382635086774826,2.4107508659362793,-6.029167175292969,3.894352436065674,37.97136306762695,432.71685791015625,351.0958557128906,158.24143981933594,0.08988475054502487,0.15223008394241333,2.416228771209717,0.0,0.0,0.0,1,0
1787034605.5680182,11.075806254055351,TRACK,BSPLINE,/home/eunseop/nrs_imitation/checkpoints/bspline/polishing/single_cam/20260817_2138,416.3330993652344,335.8999938964844,173.76193237304688,0.06930193305015564,0.1382635086774826,2.4107508659362793,-6.029167175292969,3.894352436065674,37.97136306762695,416.3330993652344,335.8999938964844,173.76193237304688,0.06930193305015564,0.1382635086774826,2.4107508659362793,0.0,0.0,-3.3442907333374023,1,0
1787034605.6157694,11.123557370039634,TRACK,BSPLINE,/home/eunseop/nrs_imitation/checkpoints/bspline/polishing/single_cam/20260817_2138,415.63421630859375,335.53143310546875,172.65899658203125,0.07150264084339142,0.1409992128610611,2.410813331604004,-24.7838134765625,-10.704889297485352,99.6339111328125,432.71685791015625,351.0958557128906,158.24143981933594,0.08988475054502487,0.15223008394241333,2.416228771209717,0.0,0.0,0.0,1,0
1787034605.6718621,11.179650019970722,TRACK,BSPLINE,/home/eunseop/nrs_imitation/checkpoints/bspline/polishing/single_cam/20260817_2138,415.42230224609375,335.676025390625,172.5935516357422,0.07272057980298996,0.1409064531326294,2.41127610206604,-22.32777976989746,-5.836740970611572,107.28461456298828,415.42230224609375,335.676025390625,172.5935516357422,0.07272057980298996,0.1409064531326294,2.41127610206604,0.0,0.0,-2.4325530529022217,1,0
1787034605.7926116,11.300399580039084,TRACK,BSPLINE,/home/eunseop/nrs_imitation/checkpoints/bspline/polishing/single_cam/20260817_2138,415.20770263671875,336.95379638671875,172.88687133789062,0.07500970363616943,0.1423550695180893,2.4116501808166504,-22.288381576538086,-9.028729438781738,88.14789581298828,457.2886657714844,377.7168884277344,155.78872680664062,0.08720693737268448,0.13765263557434082,2.3717775344848633,0.0,0.0,0.0,1,0
1787034605.7998502,11.3076382529689,TRACK,BSPLINE,/home/eunseop/nrs_imitation/checkpoints/bspline/polishing/single_cam/20260817_2138,415.15850830078125,337.0906982421875,172.9104461669922,0.07526906579732895,0.14253397285938263,2.41171932220459,-11.210542678833008,2.9136879444122314,90.55976867675781,415.15850830078125,337.0906982421875,172.9104461669922,0.07526906579732895,0.14253397285938263,2.41171932220459,0.0,0.0,27.686826705932617,1,0
1787034606.0958972,11.60368537006434,TRACK,BSPLINE,/home/eunseop/nrs_imitation/checkpoints/bspline/polishing/single_cam/20260817_2138,412.925537109375,338.0510559082031,172.63916015625,0.07967546582221985,0.14767703413963318,2.41369891166687,-27.095266342163086,-3.5240068435668945,104.83708953857422,412.925537109375,338.0510559082031,172.63916015625,0.07967546582221985,0.14767703413963318,2.41369891166687,0.0,0.0,25.048053741455078,1,0
1787034606.4237502,11.93153825297486,TRACK,BSPLINE,/home/eunseop/nrs_imitation/checkpoints/bspline/polishing/single_cam/20260817_2138,412.7410583496094,340.7310485839844,174.03021240234375,0.0836268812417984,0.1488792598247528,2.4150097370147705,-9.380260467529297,0.9989418387413025,34.94672775268555,412.7410583496094,340.7310485839844,174.03021240234375,0.0836268812417984,0.1488792598247528,2.4150097370147705,0.0,0.0,25.881980895996094,1,0
1787034606.5277388,12.035527026979253,TRACK,BSPLINE,/home/eunseop/nrs_imitation/checkpoints/bspline/polishing/single_cam/20260817_2138,413.07763671875,341.8538513183594,174.38568115234375,0.08476211130619049,0.1482924073934555,2.4152278900146484,-5.7592082023620605,1.9012590646743774,23.48066520690918,413.07763671875,341.8538513183594,174.38568115234375,0.08476211130619049,0.1482924073934555,2.4152278900146484,0.0,0.0,27.70552635192871,1,0
1787034606.7606144,12.268402546062134,TRACK,BSPLINE,/home/eunseop/nrs_imitation/checkpoints/bspline/polishing/single_cam/20260817_2138,414.8410949707031,344.1900329589844,174.87985229492188,0.08624056726694107,0.14706109464168549,2.4155189990997314,-1.554856300354004,0.36255505681037903,15.415849685668945,414.8410949707031,344.1900329589844,174.87985229492188,0.08624056726694107,0.14706109464168549,2.4155189990997314,0.0,0.0,27.259565353393555,1,0
1787034606.9517934,12.459581444971263,TRACK,BSPLINE,/home/eunseop/nrs_imitation/checkpoints/bspline/polishing/single_cam/20260817_2138,416.7156677246094,345.6495666503906,174.79701232910156,0.08731826394796371,0.14701983332633972,2.4154052734375,-2.634931802749634,2.5109944343566895,16.07599449157715,416.7156677246094,345.6495666503906,174.79701232910156,0.08731826394796371,0.14701983332633972,2.4154052734375,0.0,0.0,26.876415252685547,1,0
1787034607.0560129,12.563801030046307,TRACK,BSPLINE,/home/eunseop/nrs_imitation/checkpoints/bspline/polishing/single_cam/20260817_2138,417.7567138671875,346.32293701171875,174.64955139160156,0.08754056692123413,0.14714938402175903,2.4154019355773926,-4.580128192901611,2.5197556018829346,20.276920318603516,460.6181945800781,382.63720703125,154.0430450439453,0.08577003329992294,0.13726039230823517,2.3786418437957764,0.0,0.0,0.0,1,0
1787034607.207817,12.7156051939819,TRACK,BSPLINE,/home/eunseop/nrs_imitation/checkpoints/bspline/polishing/single_cam/20260817_2138,419.2163391113281,347.1549072265625,174.40646362304688,0.08780813962221146,0.14755234122276306,2.415759325027466,-2.795412063598633,0.7060436606407166,31.095077514648438,419.2163391113281,347.1549072265625,174.40646362304688,0.08780813962221146,0.14755234122276306,2.415759325027466,0.0,0.0,26.409523010253906,1,0
1787034607.327896,12.835684168036096,TRACK,BSPLINE,/home/eunseop/nrs_imitation/checkpoints/bspline/polishing/single_cam/20260817_2138,420.25421142578125,347.72442626953125,174.33541870117188,0.08805110305547714,0.14792881906032562,2.4158642292022705,-9.931877136230469,0.5904372334480286,36.75066375732422,461.05902099609375,383.1569519042969,153.82278442382812,0.08551781624555588,0.13723543286323547,2.379387855529785,0.0,0.0,0.0,1,0
1787034607.3518417,12.85963007598184,TRACK,BSPLINE,/home/eunseop/nrs_imitation/checkpoints/bspline/polishing/single_cam/20260817_2138,420.5640869140625,347.9056701660156,174.3138885498047,0.08830233663320541,0.14803627133369446,2.4158427715301514,-5.812929630279541,0.516952395439148,35.09661865234375,420.5640869140625,347.9056701660156,174.3138885498047,0.08830233663320541,0.14803627133369446,2.4158427715301514,0.0,0.0,25.880891799926758,1,0
1787034607.447892,12.955680074053816,TRACK,BSPLINE,/home/eunseop/nrs_imitation/checkpoints/bspline/polishing/single_cam/20260817_2138,421.5478515625,348.2479248046875,174.24819946289062,0.08837801963090897,0.1486145704984665,2.4159507751464844,-4.890266418457031,-3.518336772918701,46.43804931640625,461.05902099609375,383.1569519042969,153.82278442382812,0.08551781624555588,0.13723543286323547,2.379387855529785,0.0,0.0,0.0,1,0
1787034607.4556856,12.963473584037274,TRACK,BSPLINE,/home/eunseop/nrs_imitation/checkpoints/bspline/polishing/single_cam/20260817_2138,421.60809326171875,348.27850341796875,174.24844360351562,0.08849587291479111,0.1486743837594986,2.415987968444824,-11.961997032165527,2.2194738388061523,41.44624710083008,421.60809326171875,348.27850341796875,174.24844360351562,0.08849587291479111,0.1486743837594986,2.415987968444824,0.0,0.0,24.273488998413086,1,0
1787034607.5039737,13.011761934962124,TRACK,BSPLINE,/home/eunseop/nrs_imitation/checkpoints/bspline/polishing/single_cam/20260817_2138,422.1012268066406,348.4991760253906,174.2469940185547,0.08858087658882141,0.14883282780647278,2.416050672531128,-3.4563000202178955,2.434950828552246,38.11170196533203,461.05902099609375,383.1569519042969,153.82278442382812,0.08551781624555588,0.13723543286323547,2.379387855529785,0.0,0.0,0.0,1,0
1787034607.5597982,13.06758648599498,TRACK,BSPLINE,/home/eunseop/nrs_imitation/checkpoints/bspline/polishing/single_cam/20260817_2138,422.6060791015625,348.65814208984375,174.18267822265625,0.08872482180595398,0.14916342496871948,2.4161131381988525,-11.676774978637695,3.1825063228607178,52.46732711791992,422.6060791015625,348.65814208984375,174.18267822265625,0.08872482180595398,0.14916342496871948,2.4161131381988525,0.0,0.0,23.878982543945312,1,0
1787034607.6639168,13.171704928041436,TRACK,BSPLINE,/home/eunseop/nrs_imitation/checkpoints/bspline/polishing/single_cam/20260817_2138,423.6017150878906,349.0188293457031,174.07696533203125,0.08883021771907806,0.1497677117586136,2.4162659645080566,-4.509320259094238,0.9522073268890381,49.0863037109375,461.05902099609375,383.1569519042969,153.82278442382812,0.08551781624555588,0.13723543286323547,2.379387855529785,0.0,0.0,0.0,1,0
1787034607.7118652,13.219653091044165,TRACK,BSPLINE,/home/eunseop/nrs_imitation/checkpoints/bspline/polishing/single_cam/20260817_2138,424.0069274902344,349.1358337402344,174.0692138671875,0.08881204575300217,0.14995740354061127,2.4163107872009277,-9.924793243408203,-0.8017848134040833,62.06327819824219,461.05902099609375,383.1569519042969,153.82278442382812,0.08551781624555588,0.13723543286323547,2.379387855529785,0.0,0.0,0.0,1,0
1787034607.7997665,13.307554512983188,TRACK,BSPLINE,/home/eunseop/nrs_imitation/checkpoints/bspline/polishing/single_cam/20260817_2138,424.8947448730469,349.3747253417969,174.0107421875,0.08910559862852097,0.15049447119235992,2.41644024848938,-6.153271675109863,6.698052883148193,59.55067443847656,424.8947448730469,349.3747253417969,174.0107421875,0.08910559862852097,0.15049447119235992,2.41644024848938,0.0,0.0,23.560640335083008,1,0
1787034607.912079,13.419867248972878,TRACK,BSPLINE,/home/eunseop/nrs_imitation/checkpoints/bspline/polishing/single_cam/20260817_2138,425.8890075683594,349.77398681640625,173.95843505859375,0.0893394723534584,0.1508842557668686,2.416364908218384,-3.713242530822754,0.9906242489814758,62.01780700683594,461.05902099609375,383.1569519042969,153.82278442382812,0.08551781624555588,0.13723543286323547,2.379387855529785,0.0,0.0,0.0,1,0
1787034607.9598513,13.46763946604915,TRACK,BSPLINE,/home/eunseop/nrs_imitation/checkpoints/bspline/polishing/single_cam/20260817_2138,426.3283386230469,349.86090087890625,173.90774536132812,0.08949443697929382,0.15113301575183868,2.4164187908172607,-12.533906936645508,-4.742437362670898,69.34140014648438,461.05902099609375,383.1569519042969,153.82278442382812,0.08551781624555588,0.13723543286323547,2.379387855529785,0.0,0.0,0.0,1,0
1787034608.2238529,13.731640839017928,TRACK,BSPLINE,/home/eunseop/nrs_imitation/checkpoints/bspline/polishing/single_cam/20260817_2138,427.17681884765625,349.99554443359375,173.9724578857422,0.0899568647146225,0.15223851799964905,2.4160873889923096,-15.792581558227539,7.994810581207275,55.506866455078125,461.05902099609375,383.1569519042969,153.82278442382812,0.08551781624555588,0.13723543286323547,2.379387855529785,0.0,0.0,0.0,1,0
1787034608.2800407,13.7878289030632,TRACK,BSPLINE,/home/eunseop/nrs_imitation/checkpoints/bspline/polishing/single_cam/20260817_2138,427.20672607421875,349.9865417480469,174.06248474121094,0.08988135308027267,0.1523224115371704,2.4160773754119873,-4.210111141204834,0.8764212131500244,55.15595245361328,461.05902099609375,383.1569519042969,153.82278442382812,0.08551781624555588,0.13723543286323547,2.379387855529785,0.0,0.0,0.0,1,0
1787034608.5279994,14.035787748056464,TRACK,BSPLINE,/home/eunseop/nrs_imitation/checkpoints/bspline/polishing/single_cam/20260817_2138,427.2629089355469,349.9720458984375,174.37196350097656,0.08983130753040314,0.15281464159488678,2.416046142578125,-9.10340404510498,4.574942588806152,43.61097717285156,461.05902099609375,383.1569519042969,153.82278442382812,0.08551781624555588,0.13723543286323547,2.379387855529785,0.0,0.0,0.0,1,0
1787034608.5838828,14.091670740046538,TRACK,BSPLINE,/home/eunseop/nrs_imitation/checkpoints/bspline/polishing/single_cam/20260817_2138,427.3048095703125,350.0502624511719,174.46029663085938,0.0897793099284172,0.15279878675937653,2.416134834289551,-2.5218563079833984,1.1090582609176636,34.082271575927734,461.05902099609375,383.1569519042969,153.82278442382812,0.08551781624555588,0.13723543286323547,2.379387855529785,0.0,0.0,0.0,1,0
1787034608.8079875,14.315775583032519,TRACK,BSPLINE,/home/eunseop/nrs_imitation/checkpoints/bspline/polishing/single_cam/20260817_2138,427.475830078125,350.3179626464844,174.649169921875,0.08987163752317429,0.15259647369384766,2.4162216186523438,-6.737837791442871,3.7302911281585693,26.58928108215332,461.05902099609375,383.1569519042969,153.82278442382812,0.08551781624555588,0.13723543286323547,2.379387855529785,0.0,0.0,0.0,1,0
1787034608.8639216,14.371709633036517,TRACK,BSPLINE,/home/eunseop/nrs_imitation/checkpoints/bspline/polishing/single_cam/20260817_2138,427.5077209472656,350.3609313964844,174.6829071044922,0.08988700062036514,0.15257628262043,2.416245937347412,-3.5627129077911377,-0.27492380142211914,31.1862735748291,461.05902099609375,383.1569519042969,153.82278442382812,0.08551781624555588,0.13723543286323547,2.379387855529785,0.0,0.0,0.0,1,0
1787034609.1280787,14.635866823024116,TRACK,BSPLINE,/home/eunseop/nrs_imitation/checkpoints/bspline/polishing/single_cam/20260817_2138,427.750732421875,350.5315246582031,174.7196807861328,0.08991072326898575,0.15257568657398224,2.416329860687256,-2.4198391437530518,0.6329086422920227,24.733217239379883,461.05902099609375,383.1569519042969,153.82278442382812,0.08551781624555588,0.13723543286323547,2.379387855529785,0.0,0.0,0.0,1,0
1787034609.1838758,14.69166396302171,TRACK,BSPLINE,/home/eunseop/nrs_imitation/checkpoints/bspline/polishing/single_cam/20260817_2138,427.8150329589844,350.5856628417969,174.76023864746094,0.0899868980050087,0.15245281159877777,2.4162821769714355,-6.141244888305664,3.049379825592041,24.52890968322754,461.05902099609375,383.1569519042969,153.82278442382812,0.08551781624555588,0.13723543286323547,2.379387855529785,0.0,0.0,0.0,1,0
1787034609.2318897,14.739677811041474,TRACK,BSPLINE,/home/eunseop/nrs_imitation/checkpoints/bspline/polishing/single_cam/20260817_2138,427.86444091796875,350.5507507324219,174.75167846679688,0.08984831720590591,0.15257017314434052,2.4163362979888916,-2.3470375537872314,0.5256845951080322,24.244117736816406,461.05902099609375,383.1569519042969,153.82278442382812,0.08551781624555588,0.13723543286323547,2.379387855529785,0.0,0.0,0.0,1,0
1787034609.2880418,14.795829897047952,TRACK,BSPLINE,/home/eunseop/nrs_imitation/checkpoints/bspline/polishing/single_cam/20260817_2138,427.922607421875,350.5618591308594,174.7794189453125,0.08987895399332047,0.15250861644744873,2.4163131713867188,-6.482726097106934,3.2290940284729004,24.580322265625,461.05902099609375,383.1569519042969,153.82278442382812,0.08551781624555588,0.13723543286323547,2.379387855529785,0.0,0.0,0.0,1,0
1787034609.5358565,15.043644358986057,TRACK,BSPLINE,/home/eunseop/nrs_imitation/checkpoints/bspline/polishing/single_cam/20260817_2138,428.23175048828125,350.7560729980469,174.8618927001953,0.09006466716527939,0.15187940001487732,2.4145755767822266,-5.01052713394165,3.7026031017303467,20.766864776611328,461.05902099609375,383.1569519042969,153.82278442382812,0.08551781624555588,0.13723543286323547,2.379387855529785,0.0,0.0,0.0,1,0
1787034609.5838416,15.091629544040188,TRACK,BSPLINE,/home/eunseop/nrs_imitation/checkpoints/bspline/polishing/single_cam/20260817_2138,428.34637451171875,350.78466796875,174.9897918701172,0.09026537090539932,0.1512838453054428,2.4107885360717773,-2.618161201477051,-0.23958748579025269,17.12159538269043,461.05902099609375,383.1569519042969,153.82278442382812,0.08551781624555588,0.13723543286323547,2.379387855529785,0.0,0.0,0.0,1,0
1787034609.8319383,15.33972619404085,TRACK,BSPLINE,/home/eunseop/nrs_imitation/checkpoints/bspline/polishing/single_cam/20260817_2138,428.9346923828125,352.0306091308594,175.37742614746094,0.09210319817066193,0.1428086757659912,2.378784418106079,-1.6847012042999268,2.247920036315918,10.16085147857666,461.05902099609375,383.1569519042969,153.82278442382812,0.08551781624555588,0.13723543286323547,2.379387855529785,0.0,0.0,0.0,1,0
1787034609.8880463,15.395834657014348,TRACK,BSPLINE,/home/eunseop/nrs_imitation/checkpoints/bspline/polishing/single_cam/20260817_2138,429.10992431640625,352.84564208984375,173.865234375,0.09269250184297562,0.13947366178035736,2.375157117843628,-18.269657135009766,2.4386367797851562,78.90081024169922,461.05902099609375,383.1569519042969,153.82278442382812,0.08551781624555588,0.13723543286323547,2.379387855529785,0.0,0.0,0.0,1,0
1787034609.9144213,15.422209282987751,TRACK,BSPLINE,/home/eunseop/nrs_imitation/checkpoints/bspline/polishing/single_cam/20260817_2138,429.2082214355469,353.07110595703125,173.72735595703125,0.09276577085256577,0.13866014778614044,2.3749136924743652,-22.53758430480957,5.4867024421691895,74.67906951904297,429.2082214355469,353.07110595703125,173.72735595703125,0.09276577085256577,0.13866014778614044,2.3749136924743652,0.0,0.0,27.55989646911621,1,0
1787034610.0078983,15.51568666100502,TRACK,BSPLINE,/home/eunseop/nrs_imitation/checkpoints/bspline/polishing/single_cam/20260817_2138,429.4970703125,352.6353454589844,174.2962646484375,0.09331154078245163,0.1406894326210022,2.373806953430176,-13.376057624816895,5.28712797164917,43.72700500488281,460.1477355957031,385.1335144042969,154.90557861328125,0.08220522105693817,0.123581163585186,2.365459442138672,0.0,0.0,0.0,1,0
1787034610.015822,15.523610068950802,TRACK,BSPLINE,/home/eunseop/nrs_imitation/checkpoints/bspline/polishing/single_cam/20260817_2138,429.5707702636719,352.6280212402344,174.38063049316406,0.09335626661777496,0.14081239700317383,2.3737502098083496,-5.409822463989258,-0.4699128270149231,35.15900421142578,429.5707702636719,352.6280212402344,174.38063049316406,0.09335626661777496,0.14081239700317383,2.3737502098083496,0.0,0.0,27.222673416137695,1,0
1787034610.0640023,15.571790304966271,TRACK,BSPLINE,/home/eunseop/nrs_imitation/checkpoints/bspline/polishing/single_cam/20260817_2138,429.91357421875,352.6661071777344,174.37449645996094,0.09330467134714127,0.1414506435394287,2.373823404312134,-4.8177056312561035,2.497126579284668,38.338157653808594,460.3832092285156,385.6942443847656,154.70816040039062,0.08189855515956879,0.12330055236816406,2.3659679889678955,0.0,0.0,0.0,1,0
1787034610.2317772,15.739565327065066,TRACK,BSPLINE,/home/eunseop/nrs_imitation/checkpoints/bspline/polishing/single_cam/20260817_2138,431.45343017578125,353.6344299316406,174.46673583984375,0.0930878296494484,0.1413394808769226,2.3739986419677734,-4.015247344970703,2.23398756980896,31.4760799407959,431.45343017578125,353.6344299316406,174.46673583984375,0.0930878296494484,0.1413394808769226,2.3739986419677734,0.0,0.0,26.692750930786133,1,0
1787034610.3279097,15.835697605041787,TRACK,BSPLINE,/home/eunseop/nrs_imitation/checkpoints/bspline/polishing/single_cam/20260817_2138,432.2748107910156,354.258544921875,174.518310546875,0.0927668884396553,0.14120596647262573,2.3743820190429688,-7.215467929840088,2.9335527420043945,39.377471923828125,460.3832092285156,385.6942443847656,154.70816040039062,0.08189855515956879,0.12330055236816406,2.3659679889678955,0.0,0.0,0.0,1,0
1787034610.383878,15.891666001058184,TRACK,BSPLINE,/home/eunseop/nrs_imitation/checkpoints/bspline/polishing/single_cam/20260817_2138,432.70751953125,354.5744934082031,174.50015258789062,0.09248320013284683,0.14128275215625763,2.3744983673095703,-2.4518330097198486,0.40299707651138306,32.609107971191406,460.3832092285156,385.6942443847656,154.70816040039062,0.08189855515956879,0.12330055236816406,2.3659679889678955,0.0,0.0,0.0,1,0
1787034610.6478825,16.155670366017148,TRACK,BSPLINE,/home/eunseop/nrs_imitation/checkpoints/bspline/polishing/single_cam/20260817_2138,434.44647216796875,356.37774658203125,174.2108154296875,0.09077630192041397,0.14134034514427185,2.3755290508270264,-7.6011643409729,2.473982095718384,50.88880920410156,460.3832092285156,385.6942443847656,154.70816040039062,0.08189855515956879,0.12330055236816406,2.3659679889678955,0.0,0.0,0.0,1,0
1787034610.6958156,16.203603661968373,TRACK,BSPLINE,/home/eunseop/nrs_imitation/checkpoints/bspline/polishing/single_cam/20260817_2138,434.62017822265625,356.88427734375,174.16253662109375,0.0904216542840004,0.14124980568885803,2.376002311706543,-10.739837646484375,2.2788290977478027,56.36110305786133,460.3832092285156,385.6942443847656,154.70816040039062,0.08189855515956879,0.12330055236816406,2.3659679889678955,0.0,0.0,0.0,1,0
1787034610.7519805,16.259768772986718,TRACK,BSPLINE,/home/eunseop/nrs_imitation/checkpoints/bspline/polishing/single_cam/20260817_2138,434.70037841796875,357.38116455078125,174.0680694580078,0.09007246792316437,0.14145174622535706,2.376533031463623,-6.046135425567627,4.104913711547852,50.15187454223633,460.3832092285156,385.6942443847656,154.70816040039062,0.08189855515956879,0.12330055236816406,2.3659679889678955,0.0,0.0,0.0,1,0
1787034610.7757254,16.28351333795581,TRACK,BSPLINE,/home/eunseop/nrs_imitation/checkpoints/bspline/polishing/single_cam/20260817_2138,434.75634765625,357.6170654296875,174.0211639404297,0.08972858637571335,0.14155779778957367,2.3767685890197754,-6.215734481811523,1.6665805578231812,55.17136001586914,434.75634765625,357.6170654296875,174.0211639404297,0.08972858637571335,0.14155779778957367,2.3767685890197754,0.0,0.0,26.347673416137695,1,0
1787034610.8718774,16.37966542399954,TRACK,BSPLINE,/home/eunseop/nrs_imitation/checkpoints/bspline/polishing/single_cam/20260817_2138,434.7818298339844,358.58294677734375,173.8914031982422,0.08878298103809357,0.14184188842773438,2.377490758895874,-10.830965042114258,0.9721143841743469,68.54647064208984,460.3832092285156,385.6942443847656,154.70816040039062,0.08189855515956879,0.12330055236816406,2.3659679889678955,0.0,0.0,0.0,1,0
1787034610.9279878,16.435775800957344,TRACK,BSPLINE,/home/eunseop/nrs_imitation/checkpoints/bspline/polishing/single_cam/20260817_2138,434.7105407714844,359.1086730957031,173.86891174316406,0.08841179311275482,0.1420413702726364,2.377683401107788,-19.31747055053711,2.993901252746582,64.0731201171875,460.3832092285156,385.6942443847656,154.70816040039062,0.08189855515956879,0.12330055236816406,2.3659679889678955,0.0,0.0,0.0,1,0
1787034611.1358876,16.64367559098173,TRACK,BSPLINE,/home/eunseop/nrs_imitation/checkpoints/bspline/polishing/single_cam/20260817_2138,434.4385070800781,361.0032958984375,173.7959747314453,0.08630166947841644,0.14327235519886017,2.3780360221862793,-22.17039680480957,2.8287675380706787,71.70243072509766,460.3832092285156,385.6942443847656,154.70816040039062,0.08189855515956879,0.12330055236816406,2.3659679889678955,0.0,0.0,0.0,1,0
1787034611.1918573,16.699645400047302,TRACK,BSPLINE,/home/eunseop/nrs_imitation/checkpoints/bspline/polishing/single_cam/20260817_2138,434.5367431640625,361.49932861328125,173.80361938476562,0.08534224331378937,0.14380045235157013,2.3780174255371094,-7.061894416809082,3.262671709060669,61.11265182495117,460.3832092285156,385.6942443847656,154.70816040039062,0.08189855515956879,0.12330055236816406,2.3659679889678955,0.0,0.0,0.0,1,0
1787034611.4398596,16.94764796597883,TRACK,BSPLINE,/home/eunseop/nrs_imitation/checkpoints/bspline/polishing/single_cam/20260817_2138,435.4507751464844,363.30517578125,174.05148315429688,0.08304252475500107,0.14614222943782806,2.3770804405212402,-16.05459213256836,0.7158101797103882,52.84702682495117,460.3832092285156,385.6942443847656,154.70816040039062,0.08189855515956879,0.12330055236816406,2.3659679889678955,0.0,0.0,0.0,1,0
1787034611.4798744,16.987662593950517,TRACK,BSPLINE,/home/eunseop/nrs_imitation/checkpoints/bspline/polishing/single_cam/20260817_2138,435.7771911621094,363.5221862792969,174.10813903808594,0.08260579407215118,0.14636555314064026,2.3767545223236084,-14.995491981506348,2.883239984512329,57.97710418701172,435.7771911621094,363.5221862792969,174.10813903808594,0.08260579407215118,0.14636555314064026,2.3767545223236084,0.0,0.0,23.81529426574707,1,0
1787034611.48778,16.995568218058906,TRACK,BSPLINE,/home/eunseop/nrs_imitation/checkpoints/bspline/polishing/single_cam/20260817_2138,435.8345031738281,363.5274353027344,174.084716796875,0.08256014436483383,0.14651548862457275,2.3766674995422363,-10.333050727844238,5.605934143066406,47.983455657958984,460.3832092285156,385.6942443847656,154.70816040039062,0.08189855515956879,0.12330055236816406,2.3659679889678955,0.0,0.0,0.0,1,0
1787034611.6000087,17.107797058997676,TRACK,BSPLINE,/home/eunseop/nrs_imitation/checkpoints/bspline/polishing/single_cam/20260817_2138,436.6877136230469,364.24786376953125,174.29693603515625,0.08175688236951828,0.14697310328483582,2.37599778175354,-9.823328971862793,3.3662567138671875,43.74257278442383,460.3832092285156,385.6942443847656,154.70816040039062,0.08189855515956879,0.12330055236816406,2.3659679889678955,0.0,0.0,0.0,1,0
1787034611.6479018,17.15568984800484,TRACK,BSPLINE,/home/eunseop/nrs_imitation/checkpoints/bspline/polishing/single_cam/20260817_2138,437.0956726074219,364.5296936035156,174.3329620361328,0.08136941492557526,0.14719730615615845,2.3757283687591553,-4.79761266708374,1.3836617469787598,39.92619323730469,460.3832092285156,385.6942443847656,154.70816040039062,0.08189855515956879,0.12330055236816406,2.3659679889678955,0.0,0.0,0.0,1,0
1787034612.0720482,17.579836374963634,TRACK,BSPLINE,/home/eunseop/nrs_imitation/checkpoints/bspline/polishing/single_cam/20260817_2138,440.94683837890625,366.2345886230469,174.5725860595703,0.08042002469301224,0.14725707471370697,2.3678622245788574,-7.422510147094727,3.088941812515259,32.284515380859375,460.3832092285156,385.6942443847656,154.70816040039062,0.08189855515956879,0.12330055236816406,2.3659679889678955,0.0,0.0,0.0,1,0
1787034612.1278543,17.635642373003066,TRACK,BSPLINE,/home/eunseop/nrs_imitation/checkpoints/bspline/polishing/single_cam/20260817_2138,441.5115051269531,366.2672119140625,174.56382751464844,0.08053042739629745,0.14705342054367065,2.3661022186279297,-7.704247951507568,1.5097204446792603,37.5226936340332,460.3832092285156,385.6942443847656,154.70816040039062,0.08189855515956879,0.12330055236816406,2.3659679889678955,0.0,0.0,0.0,1,0
1787034612.175873,17.683661103015766,TRACK,BSPLINE,/home/eunseop/nrs_imitation/checkpoints/bspline/polishing/single_cam/20260817_2138,441.82861328125,366.29510498046875,174.57571411132812,0.08090101182460785,0.14690029621124268,2.3648602962493896,-7.459186553955078,4.642527103424072,29.305030822753906,460.3832092285156,385.6942443847656,154.70816040039062,0.08189855515956879,0.12330055236816406,2.3659679889678955,0.0,0.0,0.0,1,0
1787034612.4398541,17.947642227984034,TRACK,BSPLINE,/home/eunseop/nrs_imitation/checkpoints/bspline/polishing/single_cam/20260817_2138,444.364013671875,366.7696533203125,175.17361450195312,0.08295922726392746,0.14457541704177856,2.3616366386413574,-4.02254581451416,2.202458143234253,16.072534561157227,460.3832092285156,385.6942443847656,154.70816040039062,0.08189855515956879,0.12330055236816406,2.3659679889678955,0.0,0.0,0.0,1,0
1787034612.4477062,17.95549406995997,TRACK,BSPLINE,/home/eunseop/nrs_imitation/checkpoints/bspline/polishing/single_cam/20260817_2138,444.45196533203125,366.8038024902344,175.20555114746094,0.0829862505197525,0.14443592727184296,2.361570119857788,-1.4178839921951294,1.175549864768982,13.039884567260742,444.45196533203125,366.8038024902344,175.20555114746094,0.0829862505197525,0.14443592727184296,2.361570119857788,0.0,0.0,24.190004348754883,1,0
1787034612.4959476,18.003735815058462,TRACK,BSPLINE,/home/eunseop/nrs_imitation/checkpoints/bspline/polishing/single_cam/20260817_2138,444.90484619140625,366.9414978027344,175.20933532714844,0.08349750190973282,0.14425665140151978,2.3614134788513184,-2.43691349029541,0.6435704231262207,15.209939956665039,460.3832092285156,385.6942443847656,154.70816040039062,0.08189855515956879,0.12330055236816406,2.3659679889678955,0.0,0.0,0.0,1,0
1787034612.7438922,18.25168030196801,TRACK,BSPLINE,/home/eunseop/nrs_imitation/checkpoints/bspline/polishing/single_cam/20260817_2138,447.392578125,368.1774597167969,174.75958251953125,0.08548211306333542,0.1419571340084076,2.361685276031494,-3.9534380435943604,0.49704405665397644,30.4482364654541,460.3832092285156,385.6942443847656,154.70816040039062,0.08189855515956879,0.12330055236816406,2.3659679889678955,0.0,0.0,0.0,1,0
1787034612.7598221,18.26761024701409,TRACK,BSPLINE,/home/eunseop/nrs_imitation/checkpoints/bspline/polishing/single_cam/20260817_2138,447.5099182128906,368.2242126464844,174.7216033935547,0.08563830703496933,0.1419701725244522,2.361638307571411,-3.6265509128570557,1.4067429304122925,26.66982650756836,447.5099182128906,368.2242126464844,174.7216033935547,0.08563830703496933,0.1419701725244522,2.361638307571411,0.0,0.0,31.82240867614746,1,0
1787034612.7920194,18.299807709059678,TRACK,BSPLINE,/home/eunseop/nrs_imitation/checkpoints/bspline/polishing/single_cam/20260817_2138,447.755615234375,368.4017333984375,174.69911193847656,0.08592526614665985,0.1418679654598236,2.361719846725464,-8.0055513381958,4.107479095458984,32.67401123046875,460.3832092285156,385.6942443847656,154.70816040039062,0.08189855515956879,0.12330055236816406,2.3659679889678955,0.0,0.0,0.0,1,0
1787034612.8958871,18.40367516805418,TRACK,BSPLINE,/home/eunseop/nrs_imitation/checkpoints/bspline/polishing/single_cam/20260817_2138,448.6669616699219,369.14569091796875,174.60948181152344,0.08661571145057678,0.1410156488418579,2.3619306087493896,-7.7826032638549805,2.4740281105041504,38.417259216308594,460.3832092285156,385.6942443847656,154.70816040039062,0.08189855515956879,0.12330055236816406,2.3659679889678955,0.0,0.0,0.0,1,0
1787034612.9518554,18.459643595968373,TRACK,BSPLINE,/home/eunseop/nrs_imitation/checkpoints/bspline/polishing/single_cam/20260817_2138,449.063720703125,369.4771728515625,174.56393432617188,0.0868012085556984,0.14073292911052704,2.3622443675994873,-4.283934116363525,1.4485465288162231,34.408172607421875,460.3832092285156,385.6942443847656,154.70816040039062,0.08189855515956879,0.12330055236816406,2.3659679889678955,0.0,0.0,0.0,1,0
1787034613.2479012,18.755689203040674,TRACK,BSPLINE,/home/eunseop/nrs_imitation/checkpoints/bspline/polishing/single_cam/20260817_2138,450.56561279296875,371.7525634765625,174.1083526611328,0.08764927834272385,0.13914808630943298,2.3637349605560303,-17.74527359008789,3.6339399814605713,59.31276321411133,460.3832092285156,385.6942443847656,154.70816040039062,0.08189855515956879,0.12330055236816406,2.3659679889678955,0.0,0.0,0.0,1,0
1787034613.3039825,18.81177078699693,TRACK,BSPLINE,/home/eunseop/nrs_imitation/checkpoints/bspline/polishing/single_cam/20260817_2138,450.75958251953125,372.1847839355469,174.0360870361328,0.08766219764947891,0.1389349400997162,2.364187717437744,-6.063575744628906,1.1034337282180786,56.82163619995117,460.3832092285156,385.6942443847656,154.70816040039062,0.08189855515956879,0.12330055236816406,2.3659679889678955,0.0,0.0,0.0,1,0
1787034613.3519056,18.859693723963574,TRACK,BSPLINE,/home/eunseop/nrs_imitation/checkpoints/bspline/polishing/single_cam/20260817_2138,450.9566345214844,372.5413818359375,173.99139404296875,0.08760982751846313,0.1387176513671875,2.3645496368408203,-5.082365036010742,-0.7583665251731873,58.99822235107422,460.3832092285156,385.6942443847656,154.70816040039062,0.08189855515956879,0.12330055236816406,2.3659679889678955,0.0,0.0,0.0,1,0
1787034613.6559253,19.16371342597995,TRACK,BSPLINE,/home/eunseop/nrs_imitation/checkpoints/bspline/polishing/single_cam/20260817_2138,451.4920654296875,375.0850830078125,173.7676544189453,0.08759805560112,0.13829582929611206,2.367683172225952,-5.7504167556762695,-1.1644222736358643,68.06783294677734,460.3832092285156,385.6942443847656,154.70816040039062,0.08189855515956879,0.12330055236816406,2.3659679889678955,0.0,0.0,0.0,1,0
1787034613.703994,19.21178220200818,TRACK,BSPLINE,/home/eunseop/nrs_imitation/checkpoints/bspline/polishing/single_cam/20260817_2138,451.5562438964844,375.4389953613281,173.74722290039062,0.08762203902006149,0.13829106092453003,2.3682446479797363,-4.186307907104492,5.393338203430176,66.04365539550781,460.3832092285156,385.6942443847656,154.70816040039062,0.08189855515956879,0.12330055236816406,2.3659679889678955,0.0,0.0,0.0,1,0
1787034613.7598515,19.267639558995143,TRACK,BSPLINE,/home/eunseop/nrs_imitation/checkpoints/bspline/polishing/single_cam/20260817_2138,451.6025695800781,375.970947265625,173.76768493652344,0.08780442923307419,0.13817206025123596,2.368762254714966,-23.837562561035156,-0.9010435938835144,72.81207275390625,460.3832092285156,385.6942443847656,154.70816040039062,0.08189855515956879,0.12330055236816406,2.3659679889678955,0.0,0.0,0.0,1,0
1787034614.0400352,19.547823411994614,TRACK,BSPLINE,/home/eunseop/nrs_imitation/checkpoints/bspline/polishing/single_cam/20260817_2138,452.34124755859375,378.2765808105469,173.74880981445312,0.08736418187618256,0.13778071105480194,2.372194290161133,-18.717660903930664,1.2545748949050903,76.34849548339844,460.3832092285156,385.6942443847656,154.70816040039062,0.08189855515956879,0.12330055236816406,2.3659679889678955,0.0,0.0,0.0,1,0
1787034614.0960238,19.603812098968774,TRACK,BSPLINE,/home/eunseop/nrs_imitation/checkpoints/bspline/polishing/single_cam/20260817_2138,452.5320739746094,378.6950988769531,173.7757110595703,0.08733930438756943,0.13759201765060425,2.372708559036255,-24.590164184570312,-0.25139784812927246,70.64303588867188,460.3832092285156,385.6942443847656,154.70816040039062,0.08189855515956879,0.12330055236816406,2.3659679889678955,0.0,0.0,0.0,1,0
1787034614.1145895,19.622377575957216,TRACK,BSPLINE,/home/eunseop/nrs_imitation/checkpoints/bspline/polishing/single_cam/20260817_2138,452.5320739746094,378.6950988769531,173.7757110595703,0.08733930438756943,0.13759201765060425,2.372708559036255,-24.590164184570312,-0.25139784812927246,70.64303588867188,452.5320739746094,378.6950988769531,173.7757110595703,0.08733930438756943,0.13759201765060425,2.372708559036255,0.0,0.0,8.815410614013672,1,0
1787034614.2159874,19.723775641992688,TRACK,BSPLINE,/home/eunseop/nrs_imitation/checkpoints/bspline/polishing/single_cam/20260817_2138,452.91351318359375,379.5043029785156,173.89939880371094,0.08700109273195267,0.1373119205236435,2.37404203414917,-10.340620040893555,3.486635446548462,57.04861068725586,449.33416748046875,372.0973205566406,178.7147674560547,0.029626701027154922,0.09484048187732697,2.3733155727386475,0.0,0.0,0.0,1,0
1787034614.407744,19.915532178012654,TRACK,BSPLINE,/home/eunseop/nrs_imitation/checkpoints/bspline/polishing/single_cam/20260817_2138,453.97930908203125,381.3029479980469,173.74227905273438,0.08649154007434845,0.13701902329921722,2.376049757003784,-4.392557144165039,4.29824161529541,67.78563690185547,453.97930908203125,381.3029479980469,173.74227905273438,0.08649154007434845,0.13701902329921722,2.376049757003784,0.0,0.0,9.195234298706055,1,0
1787034614.4958718,20.003659776062705,TRACK,BSPLINE,/home/eunseop/nrs_imitation/checkpoints/bspline/polishing/single_cam/20260817_2138,454.2781982421875,381.8880615234375,173.6964874267578,0.08663727343082428,0.13715161383152008,2.3770182132720947,-24.185680389404297,5.277891635894775,72.98970794677734,414.07171630859375,353.0621337890625,184.43190002441406,0.03320055827498436,0.07357075065374374,2.3710668087005615,0.0,0.0,0.0,1,0
1787034614.6958013,20.203589395969175,TRACK,BSPLINE,/home/eunseop/nrs_imitation/checkpoints/bspline/polishing/single_cam/20260817_2138,455.18170166015625,382.9234313964844,173.92652893066406,0.08545350283384323,0.13706964254379272,2.379007577896118,-4.232717514038086,3.8488235473632812,61.06901550292969,455.18170166015625,382.9234313964844,173.92652893066406,0.08545350283384323,0.13706964254379272,2.379007577896118,0.0,0.0,34.10334014892578,1,0
1787034614.9838488,20.491636935970746,TRACK,BSPLINE,/home/eunseop/nrs_imitation/checkpoints/bspline/polishing/single_cam/20260817_2138,455.33929443359375,383.2676086425781,174.1974334716797,0.08551254123449326,0.13763327896595,2.379265546798706,-12.815289497375488,1.8519704341888428,46.71308898925781,455.33929443359375,383.2676086425781,174.1974334716797,0.08551254123449326,0.13763327896595,2.379265546798706,0.0,0.0,9.420366287231445,1,0
1787034615.4558823,20.96367037901655,TRACK,BSPLINE,/home/eunseop/nrs_imitation/checkpoints/bspline/polishing/single_cam/20260817_2138,455.6963806152344,383.5388488769531,174.73948669433594,0.08546526730060577,0.13763344287872314,2.3794751167297363,-8.461005210876465,4.343729496002197,26.616355895996094,414.07171630859375,353.0621337890625,184.43190002441406,0.03320055827498436,0.07357075065374374,2.3710668087005615,0.0,0.0,0.0,1,0
1787034615.519999,21.027787075960077,TRACK,BSPLINE,/home/eunseop/nrs_imitation/checkpoints/bspline/polishing/single_cam/20260817_2138,455.73455810546875,383.5480651855469,174.79298400878906,0.08547026664018631,0.1376773864030838,2.379521131515503,-6.136284828186035,2.590845823287964,24.38811492919922,414.07171630859375,353.0621337890625,184.43190002441406,0.03320055827498436,0.07357075065374374,2.3710668087005615,0.0,0.0,0.0,1,0
1787034615.5839622,21.09175038000103,TRACK,BSPLINE,/home/eunseop/nrs_imitation/checkpoints/bspline/polishing/single_cam/20260817_2138,455.82537841796875,383.5561828613281,174.84312438964844,0.08549456298351288,0.13771207630634308,2.3794825077056885,-5.1589884757995605,2.6555559635162354,21.13279151916504,414.07171630859375,353.0621337890625,184.43190002441406,0.03320055827498436,0.07357075065374374,2.3710668087005615,0.0,0.0,0.0,1,0
1787034615.6564765,21.16426454705652,TRACK,BSPLINE,/home/eunseop/nrs_imitation/checkpoints/bspline/polishing/single_cam/20260817_2138,455.93988037109375,383.5550842285156,174.90634155273438,0.08543722331523895,0.13773570954799652,2.3794500827789307,-3.8421380519866943,0.17465932667255402,22.374208450317383,414.07171630859375,353.0621337890625,184.43190002441406,0.03320055827498436,0.07357075065374374,2.3710668087005615,0.0,0.0,0.0,1,0
1787034615.6799064,21.18769452406559,TRACK,BSPLINE,/home/eunseop/nrs_imitation/checkpoints/bspline/polishing/single_cam/20260817_2138,455.9516906738281,383.5936584472656,174.90386962890625,0.08549248427152634,0.13770467042922974,2.3794233798980713,-5.932291030883789,1.9145771265029907,23.679250717163086,455.9516906738281,383.5936584472656,174.90386962890625,0.08549248427152634,0.13770467042922974,2.3794233798980713,0.0,0.0,34.10334014892578,1,0
1787034615.7839122,21.291700150002725,TRACK,BSPLINE,/home/eunseop/nrs_imitation/checkpoints/bspline/polishing/single_cam/20260817_2138,456.1072082519531,383.65850830078125,175.02084350585938,0.08548921346664429,0.13747182488441467,2.379195213317871,-5.273624420166016,2.296842098236084,18.945938110351562,414.07171630859375,353.0621337890625,184.43190002441406,0.03320055827498436,0.07357075065374374,2.3710668087005615,0.0,0.0,0.0,1,0
1787034615.8317673,21.33955525897909,TRACK,BSPLINE,/home/eunseop/nrs_imitation/checkpoints/bspline/polishing/single_cam/20260817_2138,456.19720458984375,383.8805847167969,175.1641845703125,0.08511856198310852,0.1362297534942627,2.3781585693359375,-1.6837387084960938,0.7859435677528381,12.645349502563477,414.07171630859375,353.0621337890625,184.43190002441406,0.03320055827498436,0.07357075065374374,2.3710668087005615,0.0,0.0,0.0,1,0
1787034615.8397238,21.347511779982597,TRACK,BSPLINE,/home/eunseop/nrs_imitation/checkpoints/bspline/polishing/single_cam/20260817_2138,456.18121337890625,383.8755187988281,175.15878295898438,0.08497557789087296,0.13612397015094757,2.3778491020202637,-2.2591235637664795,0.37196874618530273,14.999139785766602,456.18121337890625,383.8755187988281,175.15878295898438,0.08497557789087296,0.13612397015094757,2.3778491020202637,0.0,0.0,9.420366287231445,1,0
1787034616.0640674,21.571855443995446,TRACK,BSPLINE,/home/eunseop/nrs_imitation/checkpoints/bspline/polishing/single_cam/20260817_2138,455.9033203125,385.4641418457031,175.84178161621094,0.08229925483465195,0.1253545880317688,2.366752862930298,-0.7565242052078247,2.301801919937134,3.818906307220459,414.07171630859375,353.0621337890625,184.43190002441406,0.03320055827498436,0.07357075065374374,2.3710668087005615,0.0,0.0,0.0,1,0
1787034616.1197612,21.627549341064878,TRACK,BSPLINE,/home/eunseop/nrs_imitation/checkpoints/bspline/polishing/single_cam/20260817_2138,456.0531311035156,385.93890380859375,175.71153259277344,0.0819590613245964,0.12412260472774506,2.3661065101623535,-2.798064708709717,0.8564019203186035,5.343351364135742,414.07171630859375,353.0621337890625,184.43190002441406,0.03320055827498436,0.07357075065374374,2.3710668087005615,0.0,0.0,0.0,1,0
1787034616.1677537,21.67554172303062,TRACK,BSPLINE,/home/eunseop/nrs_imitation/checkpoints/bspline/polishing/single_cam/20260817_2138,456.1889953613281,386.0187072753906,175.52186584472656,0.08174365758895874,0.12363552302122116,2.365974187850952,-1.905840277671814,1.0604803562164307,7.109224319458008,414.07171630859375,353.0621337890625,184.43190002441406,0.03320055827498436,0.07357075065374374,2.3710668087005615,0.0,0.0,0.0,1,0
1787034616.4560297,21.96381799504161,TRACK,BSPLINE,/home/eunseop/nrs_imitation/checkpoints/bspline/polishing/single_cam/20260817_2138,456.2458801269531,386.2330322265625,174.9771270751953,0.08185068517923355,0.1232185885310173,2.366044282913208,-1.1380137205123901,0.0003682307433336973,18.89337158203125,414.07171630859375,353.0621337890625,184.43190002441406,0.03320055827498436,0.07357075065374374,2.3710668087005615,0.0,0.0,0.0,1,0
1787034616.5039582,22.011746414005756,TRACK,BSPLINE,/home/eunseop/nrs_imitation/checkpoints/bspline/polishing/single_cam/20260817_2138,456.2713928222656,386.26190185546875,174.96469116210938,0.08190702646970749,0.12331333011388779,2.3660244941711426,-5.20862340927124,2.399409770965576,20.401390075683594,414.07171630859375,353.0621337890625,184.43190002441406,0.03320055827498436,0.07357075065374374,2.3710668087005615,0.0,0.0,0.0,1,0
1787034616.7518544,22.259642409044318,TRACK,BSPLINE,/home/eunseop/nrs_imitation/checkpoints/bspline/polishing/single_cam/20260817_2138,456.5169982910156,386.399658203125,175.05657958984375,0.08196475356817245,0.12336451560258865,2.366007089614868,-1.5465408563613892,2.874532699584961,12.417808532714844,414.07171630859375,353.0621337890625,184.43190002441406,0.03320055827498436,0.07357075065374374,2.3710668087005615,0.0,0.0,0.0,1,0
1787034616.8078685,22.31565634603612,TRACK,BSPLINE,/home/eunseop/nrs_imitation/checkpoints/bspline/polishing/single_cam/20260817_2138,456.6349182128906,386.3963317871094,175.08042907714844,0.08182614296674728,0.12339229136705399,2.366015911102295,-4.342101097106934,1.5897308588027954,17.83921241760254,414.07171630859375,353.0621337890625,184.43190002441406,0.03320055827498436,0.07357075065374374,2.3710668087005615,0.0,0.0,0.0,1,0
1787034616.9038048,22.411592766991816,TRACK,BSPLINE,/home/eunseop/nrs_imitation/checkpoints/bspline/polishing/single_cam/20260817_2138,456.791748046875,386.40118408203125,175.11724853515625,0.0818425863981247,0.12334435433149338,2.3659825325012207,-2.0616414546966553,0.2726513147354126,14.627008438110352,456.791748046875,386.40118408203125,175.11724853515625,0.0818425863981247,0.12334435433149338,2.3659825325012207,0.0,0.0,33.536006927490234,1,0
1787034617.000001,22.50778900203295,TRACK,BSPLINE,/home/eunseop/nrs_imitation/checkpoints/bspline/polishing/single_cam/20260817_2138,456.90069580078125,386.4017639160156,175.14161682128906,0.0818532407283783,0.12338171154260635,2.3659451007843018,-1.0553829669952393,1.0363587141036987,12.445197105407715,414.07171630859375,353.0621337890625,184.43190002441406,0.03320055827498436,0.07357075065374374,2.3710668087005615,0.0,0.0,0.0,1,0
1787034617.0077698,22.515558007056825,TRACK,BSPLINE,/home/eunseop/nrs_imitation/checkpoints/bspline/polishing/single_cam/20260817_2138,456.85894775390625,386.4420471191406,175.15635681152344,0.08193953335285187,0.12334752827882767,2.3660242557525635,-3.557788372039795,4.037590026855469,15.725479125976562,456.85894775390625,386.4420471191406,175.15635681152344,0.08193953335285187,0.12334752827882767,2.3660242557525635,0.0,0.0,9.672176361083984,1,0
1787034617.0558097,22.56359777902253,TRACK,BSPLINE,/home/eunseop/nrs_imitation/checkpoints/bspline/polishing/single_cam/20260817_2138,456.93524169921875,386.47381591796875,175.17080688476562,0.08195219188928604,0.12329236418008804,2.366002082824707,-1.9411208629608154,3.2451510429382324,11.5680513381958,414.07171630859375,353.0621337890625,184.43190002441406,0.03320055827498436,0.07357075065374374,2.3710668087005615,0.0,0.0,0.0,1,0
1787034617.1117713,22.619559537037276,TRACK,BSPLINE,/home/eunseop/nrs_imitation/checkpoints/bspline/polishing/single_cam/20260817_2138,456.9790954589844,386.5163269042969,175.17457580566406,0.08200088888406754,0.12332658469676971,2.3660457134246826,-2.957282304763794,2.2423486709594727,12.335384368896484,456.9790954589844,386.5163269042969,175.17457580566406,0.08200088888406754,0.12332658469676971,2.3660457134246826,0.0,0.0,33.536006927490234,1,0
1787034617.2159166,22.72370457102079,TRACK,BSPLINE,/home/eunseop/nrs_imitation/checkpoints/bspline/polishing/single_cam/20260817_2138,457.1373291015625,386.5302429199219,175.20297241210938,0.08187254518270493,0.1233031302690506,2.366056442260742,-2.173842668533325,1.781494140625,11.249533653259277,414.07171630859375,353.0621337890625,184.43190002441406,0.03320055827498436,0.07357075065374374,2.3710668087005615,0.0,0.0,0.0,1,0
1787034617.2638066,22.7715946380049,TRACK,BSPLINE,/home/eunseop/nrs_imitation/checkpoints/bspline/polishing/single_cam/20260817_2138,457.20751953125,386.5826416015625,175.2330322265625,0.08190171420574188,0.12319692969322205,2.366023302078247,-1.1280362606048584,-1.6658951044082642,10.924674034118652,414.07171630859375,353.0621337890625,184.43190002441406,0.03320055827498436,0.07357075065374374,2.3710668087005615,0.0,0.0,0.0,1,0
1787034617.5680425,23.07583078497555,TRACK,BSPLINE,/home/eunseop/nrs_imitation/checkpoints/bspline/polishing/single_cam/20260817_2138,457.4993591308594,386.55572509765625,175.0995330810547,0.08196404576301575,0.12334723025560379,2.3659915924072266,-2.9566421508789062,-0.1779198944568634,16.213672637939453,414.07171630859375,353.0621337890625,184.43190002441406,0.03320055827498436,0.07357075065374374,2.3710668087005615,0.0,0.0,0.0,1,0
1787034617.6160133,23.123801514972,TRACK,BSPLINE,/home/eunseop/nrs_imitation/checkpoints/bspline/polishing/single_cam/20260817_2138,457.51959228515625,386.6264343261719,175.06967163085938,0.08201531320810318,0.1232246607542038,2.3660171031951904,-4.305461406707764,3.5791032314300537,15.000885009765625,414.07171630859375,353.0621337890625,184.43190002441406,0.03320055827498436,0.07357075065374374,2.3710668087005615,0.0,0.0,0.0,1,0
1787034617.6720498,23.1798378250096,TRACK,BSPLINE,/home/eunseop/nrs_imitation/checkpoints/bspline/polishing/single_cam/20260817_2138,457.6031188964844,386.6754455566406,174.98220825195312,0.08185627311468124,0.12308955192565918,2.3660218715667725,-4.109867572784424,0.45911407470703125,20.945667266845703,414.07171630859375,353.0621337890625,184.43190002441406,0.03320055827498436,0.07357075065374374,2.3710668087005615,0.0,0.0,0.0,1,0
1787034617.9520428,23.459831106010824,TRACK,BSPLINE,/home/eunseop/nrs_imitation/checkpoints/bspline/polishing/single_cam/20260817_2138,457.67962646484375,386.8492126464844,175.02301025390625,0.0813051164150238,0.12286766618490219,2.3669204711914062,-1.4137464761734009,-0.6393193602561951,16.696943283081055,414.07171630859375,353.0621337890625,184.43190002441406,0.03320055827498436,0.07357075065374374,2.3710668087005615,0.0,0.0,0.0,1,0
1787034618.0080035,23.51579169195611,TRACK,BSPLINE,/home/eunseop/nrs_imitation/checkpoints/bspline/polishing/single_cam/20260817_2138,457.7176208496094,386.97808837890625,174.99603271484375,0.08090372383594513,0.1226503774523735,2.3673758506774902,-3.452916383743286,3.6384072303771973,17.226978302001953,414.07171630859375,353.0621337890625,184.43190002441406,0.03320055827498436,0.07357075065374374,2.3710668087005615,0.0,0.0,0.0,1,0
1787034618.1037881,23.61157646495849,TRACK,BSPLINE,/home/eunseop/nrs_imitation/checkpoints/bspline/polishing/single_cam/20260817_2138,457.88201904296875,387.7206726074219,174.17356872558594,0.07991065829992294,0.12014543265104294,2.3683485984802246,-9.860783576965332,0.9565572738647461,51.80276107788086,457.88201904296875,387.7206726074219,174.17356872558594,0.07991065829992294,0.12014543265104294,2.3683485984802246,0.0,0.0,32.97246551513672,1,0
1787034618.1999528,23.707741052960046,TRACK,BSPLINE,/home/eunseop/nrs_imitation/checkpoints/bspline/polishing/single_cam/20260817_2138,457.59136962890625,387.6665954589844,174.445556640625,0.0796423852443695,0.12033530324697495,2.369065284729004,-11.119771003723145,2.6865336894989014,35.15052795410156,414.07171630859375,353.0621337890625,184.43190002441406,0.03320055827498436,0.07357075065374374,2.3710668087005615,0.0,0.0,0.0,1,0
1787034618.2076564,23.71544449205976,TRACK,BSPLINE,/home/eunseop/nrs_imitation/checkpoints/bspline/polishing/single_cam/20260817_2138,457.5611877441406,387.5940246582031,174.50816345214844,0.07951236516237259,0.1205921545624733,2.36915922164917,-2.989403247833252,-0.6651725172996521,27.797019958496094,457.5611877441406,387.5940246582031,174.50816345214844,0.07951236516237259,0.1205921545624733,2.36915922164917,0.0,0.0,33.536006927490234,1,0
1787034618.255898,23.763686259975657,TRACK,BSPLINE,/home/eunseop/nrs_imitation/checkpoints/bspline/polishing/single_cam/20260817_2138,457.3674011230469,387.4173889160156,174.73670959472656,0.07926495373249054,0.1216636374592781,2.369574546813965,-2.695657730102539,-0.9328530430793762,24.184070587158203,414.07171630859375,353.0621337890625,184.43190002441406,0.03320055827498436,0.07357075065374374,2.3710668087005615,0.0,0.0,0.0,1,0
1787034618.3145032,23.82229133497458,TRACK,BSPLINE,/home/eunseop/nrs_imitation/checkpoints/bspline/polishing/single_cam/20260817_2138,457.4337158203125,387.4978942871094,174.9526824951172,0.07886407524347305,0.12156742066144943,2.3699281215667725,-2.7218427658081055,0.7012239694595337,18.97409439086914,457.4337158203125,387.4978942871094,174.9526824951172,0.07886407524347305,0.12156742066144943,2.3699281215667725,0.0,0.0,6.84462308883667,1,0
1787034618.4161518,23.92394006298855,TRACK,BSPLINE,/home/eunseop/nrs_imitation/checkpoints/bspline/polishing/single_cam/20260817_2138,457.59210205078125,388.1195983886719,174.81581115722656,0.07792724668979645,0.1200372725725174,2.3709871768951416,-3.500469446182251,1.1190024614334106,22.425235748291016,375.0115051269531,323.8802185058594,194.16233825683594,0.052334655076265335,0.08170982450246811,2.3364644050598145,0.0,0.0,0.0,1,0
1787034618.8000207,24.30780893797055,TRACK,BSPLINE,/home/eunseop/nrs_imitation/checkpoints/bspline/polishing/single_cam/20260817_2138,457.4710388183594,389.0063171386719,175.28103637695312,0.0753295049071312,0.1183781698346138,2.3744802474975586,-3.9620378017425537,1.4977205991744995,11.301225662231445,374.1366882324219,323.994384765625,194.53907775878906,0.052900463342666626,0.08075986802577972,2.337800979614258,0.0,0.0,0.0,1,0
1787034618.855929,24.363717054016888,TRACK,BSPLINE,/home/eunseop/nrs_imitation/checkpoints/bspline/polishing/single_cam/20260817_2138,457.6087341308594,389.45721435546875,174.84591674804688,0.07477967441082001,0.11682833731174469,2.375067710876465,-4.688304424285889,-1.5348751544952393,24.169565200805664,374.1366882324219,323.994384765625,194.53907775878906,0.052900463342666626,0.08075986802577972,2.337800979614258,0.0,0.0,0.0,1,0
1787034618.9038286,24.411616789991967,TRACK,BSPLINE,/home/eunseop/nrs_imitation/checkpoints/bspline/polishing/single_cam/20260817_2138,457.65960693359375,389.89697265625,174.51324462890625,0.07448014616966248,0.11546902358531952,2.3756303787231445,-8.294869422912598,1.9068552255630493,30.361644744873047,374.1366882324219,323.994384765625,194.53907775878906,0.052900463342666626,0.08075986802577972,2.337800979614258,0.0,0.0,0.0,1,0
1787034619.1518521,24.659640124998987,TRACK,BSPLINE,/home/eunseop/nrs_imitation/checkpoints/bspline/polishing/single_cam/20260817_2138,457.8631896972656,390.21319580078125,175.6663055419922,0.07313841581344604,0.11580193787813187,2.377044200897217,1.6121875047683716,-0.6759282946586609,3.8425683975219727,374.1366882324219,323.994384765625,194.53907775878906,0.052900463342666626,0.08075986802577972,2.337800979614258,0.0,0.0,0.0,1,0
1787034619.2079625,24.715750898001716,TRACK,BSPLINE,/home/eunseop/nrs_imitation/checkpoints/bspline/polishing/single_cam/20260817_2138,458.284423828125,390.6926574707031,175.65611267089844,0.07283132523298264,0.11520933359861374,2.3771345615386963,-0.5922752618789673,2.4148049354553223,5.507437705993652,374.1366882324219,323.994384765625,194.53907775878906,0.052900463342666626,0.08075986802577972,2.337800979614258,0.0,0.0,0.0,1,0
1787034619.455994,24.96378204796929,TRACK,BSPLINE,/home/eunseop/nrs_imitation/checkpoints/bspline/polishing/single_cam/20260817_2138,460.2355041503906,392.1885986328125,175.3434295654297,0.07165256887674332,0.11371811479330063,2.3780269622802734,-5.674880027770996,1.1474883556365967,12.660774230957031,374.1366882324219,323.994384765625,194.53907775878906,0.052900463342666626,0.08075986802577972,2.337800979614258,0.0,0.0,0.0,1,0
1787034619.5039077,25.011695601046085,TRACK,BSPLINE,/home/eunseop/nrs_imitation/checkpoints/bspline/polishing/single_cam/20260817_2138,460.7366638183594,392.27130126953125,175.25961303710938,0.07137540727853775,0.11322672665119171,2.3782334327697754,-0.5593908429145813,1.02821683883667,9.189275741577148,374.1366882324219,323.994384765625,194.53907775878906,0.052900463342666626,0.08075986802577972,2.337800979614258,0.0,0.0,0.0,1,0
1787034619.752012,25.259800081024878,TRACK,BSPLINE,/home/eunseop/nrs_imitation/checkpoints/bspline/polishing/single_cam/20260817_2138,463.06787109375,392.278076171875,174.78945922851562,0.0703951045870781,0.11050333827733994,2.3797922134399414,-1.8005231618881226,-0.4020848572254181,20.80777359008789,374.1366882324219,323.994384765625,194.53907775878906,0.052900463342666626,0.08075986802577972,2.337800979614258,0.0,0.0,0.0,1,0
1787034619.8078527,25.315640799002722,TRACK,BSPLINE,/home/eunseop/nrs_imitation/checkpoints/bspline/polishing/single_cam/20260817_2138,463.546142578125,392.4482727050781,174.65005493164062,0.07020513713359833,0.10951822251081467,2.3801190853118896,-2.955472230911255,4.966490268707275,22.46253776550293,374.1366882324219,323.994384765625,194.53907775878906,0.052900463342666626,0.08075986802577972,2.337800979614258,0.0,0.0,0.0,1,0
1787034620.0077403,25.51552839903161,TRACK,BSPLINE,/home/eunseop/nrs_imitation/checkpoints/bspline/polishing/single_cam/20260817_2138,464.8226623535156,392.8694763183594,173.9691925048828,0.06969288736581802,0.1068062111735344,2.3809268474578857,-5.738027572631836,0.9363101720809937,51.67417907714844,464.8226623535156,392.8694763183594,173.9691925048828,0.06969288736581802,0.1068062111735344,2.3809268474578857,0.0,0.0,7.248523235321045,1,0
1787034620.0719833,25.57977152999956,TRACK,BSPLINE,/home/eunseop/nrs_imitation/checkpoints/bspline/polishing/single_cam/20260817_2138,465.0552978515625,393.0906982421875,173.74859619140625,0.06967728585004807,0.1058521494269371,2.3810110092163086,-1.8744698762893677,0.5196057558059692,54.31535339355469,374.1366882324219,323.994384765625,194.53907775878906,0.052900463342666626,0.08075986802577972,2.337800979614258,0.0,0.0,0.0,1,0
1787034620.1199286,25.62771689298097,TRACK,BSPLINE,/home/eunseop/nrs_imitation/checkpoints/bspline/polishing/single_cam/20260817_2138,465.32330322265625,393.2362976074219,173.65379333496094,0.06941211968660355,0.1051047295331955,2.3811733722686768,-4.8939714431762695,1.5940451622009277,64.87291717529297,374.1366882324219,323.994384765625,194.53907775878906,0.052900463342666626,0.08075986802577972,2.337800979614258,0.0,0.0,0.0,1,0
1787034620.3678756,25.87566359504126,TRACK,BSPLINE,/home/eunseop/nrs_imitation/checkpoints/bspline/polishing/single_cam/20260817_2138,466.1124572753906,393.86102294921875,173.3125762939453,0.06871654838323593,0.10243945568799973,2.381117820739746,-26.472293853759766,3.2081329822540283,95.49686431884766,374.1366882324219,323.994384765625,194.53907775878906,0.052900463342666626,0.08075986802577972,2.337800979614258,0.0,0.0,0.0,1,0
1787034620.4239879,25.93177609203849,TRACK,BSPLINE,/home/eunseop/nrs_imitation/checkpoints/bspline/polishing/single_cam/20260817_2138,466.3487243652344,394.0099182128906,173.29086303710938,0.06843870133161545,0.10196497291326523,2.380934476852417,-22.41588592529297,6.183879375457764,83.90753936767578,374.1366882324219,323.994384765625,194.53907775878906,0.052900463342666626,0.08075986802577972,2.337800979614258,0.0,0.0,0.0,1,0
1787034620.4719422,25.979730273014866,TRACK,BSPLINE,/home/eunseop/nrs_imitation/checkpoints/bspline/polishing/single_cam/20260817_2138,466.5352478027344,394.0910339355469,173.266357421875,0.06819742918014526,0.10189507901668549,2.3808066844940186,-28.804546356201172,-5.043692588806152,85.58192443847656,374.1366882324219,323.994384765625,194.53907775878906,0.052900463342666626,0.08075986802577972,2.337800979614258,0.0,0.0,0.0,1,0
1787034620.6478827,26.15567090199329,TRACK,BSPLINE,/home/eunseop/nrs_imitation/checkpoints/bspline/polishing/single_cam/20260817_2138,467.4928894042969,394.1949768066406,173.7368927001953,0.06713921576738358,0.1019458994269371,2.379812479019165,-4.03657341003418,7.435863971710205,49.50887680053711,467.4928894042969,394.1949768066406,173.7368927001953,0.06713921576738358,0.1019458994269371,2.379812479019165,0.0,0.0,7.678211688995361,1,0
1787034620.7518742,26.259662264958024,TRACK,BSPLINE,/home/eunseop/nrs_imitation/checkpoints/bspline/polishing/single_cam/20260817_2138,468.1814880371094,394.261962890625,174.23202514648438,0.06732898205518723,0.1017862930893898,2.3789470195770264,-11.98591136932373,1.779712438583374,36.7530403137207,374.1366882324219,323.994384765625,194.53907775878906,0.052900463342666626,0.08075986802577972,2.337800979614258,0.0,0.0,0.0,1,0
1787034620.8080187,26.315806822967716,TRACK,BSPLINE,/home/eunseop/nrs_imitation/checkpoints/bspline/polishing/single_cam/20260817_2138,468.6409606933594,394.44805908203125,174.59410095214844,0.0672353133559227,0.10120122134685516,2.3786981105804443,-2.918318033218384,-0.10753534734249115,21.13614273071289,374.1366882324219,323.994384765625,194.53907775878906,0.052900463342666626,0.08075986802577972,2.337800979614258,0.0,0.0,0.0,1,0
1787034620.9598477,26.4676359660225,TRACK,BSPLINE,/home/eunseop/nrs_imitation/checkpoints/bspline/polishing/single_cam/20260817_2138,469.82220458984375,395.2757263183594,175.84259033203125,0.06722402572631836,0.09834782779216766,2.378007650375366,1.7779775857925415,1.167731761932373,1.4917711019515991,469.82220458984375,395.2757263183594,175.84259033203125,0.06722402572631836,0.09834782779216766,2.378007650375366,0.0,0.0,8.218877792358398,1,0
1787034621.05609,26.56387834402267,TRACK,BSPLINE,/home/eunseop/nrs_imitation/checkpoints/bspline/polishing/single_cam/20260817_2138,470.3840026855469,395.8434753417969,176.6590576171875,0.06709501147270203,0.09639909118413925,2.3777575492858887,2.0859880447387695,-0.8209912180900574,0.7798711061477661,374.1366882324219,323.994384765625,194.53907775878906,0.052900463342666626,0.08075986802577972,2.337800979614258,0.0,0.0,0.0,0,0
1787034621.05628,26.564067844999954,TRACK,BSPLINE,/home/eunseop/nrs_imitation/checkpoints/bspline/polishing/single_cam/20260817_2138,470.3840026855469,395.8434753417969,176.6590576171875,0.06709501147270203,0.09639909118413925,2.3777575492858887,2.0859880447387695,-0.8209912180900574,0.7798711061477661,470.3840026855469,395.8434753417969,176.6590576171875,0.06709501147270203,0.09639909118413925,2.3777575492858887,0.0,0.0,0.0,0,0
1787034621.112017,26.619805107009597,TRACK,BSPLINE,/home/eunseop/nrs_imitation/checkpoints/bspline/polishing/single_cam/20260817_2138,470.7269287109375,396.1641845703125,177.19371032714844,0.06699766218662262,0.09519188106060028,2.3775634765625,1.5567185878753662,2.7281434535980225,-0.7553215622901917,374.1366882324219,323.994384765625,194.53907775878906,0.052900463342666626,0.08075986802577972,2.337800979614258,0.0,0.0,0.0,0,0
1787034621.3518627,26.859650674043223,TRACK,BSPLINE,/home/eunseop/nrs_imitation/checkpoints/bspline/polishing/single_cam/20260817_2138,471.9066162109375,397.0413818359375,179.0905303955078,0.06497485935688019,0.09222151339054108,2.376509666442871,-0.3763778507709503,0.48237159848213196,0.8700149059295654,374.1366882324219,323.994384765625,194.53907775878906,0.052900463342666626,0.08075986802577972,2.337800979614258,0.0,0.0,0.0,0,0
1787034621.4078357,26.91562366602011,TRACK,BSPLINE,/home/eunseop/nrs_imitation/checkpoints/bspline/polishing/single_cam/20260817_2138,472.0418395996094,397.0587158203125,179.45941162109375,0.06429952383041382,0.0921424925327301,2.3761870861053467,-1.9711909294128418,0.36334100365638733,0.5881555080413818,374.1366882324219,323.994384765625,194.53907775878906,0.052900463342666626,0.08075986802577972,2.337800979614258,0.0,0.0,0.0,0,0
1787034621.655881,27.163668847992085,TRACK,BSPLINE,/home/eunseop/nrs_imitation/checkpoints/bspline/polishing/single_cam/20260817_2138,472.15374755859375,396.9097900390625,181.33282470703125,0.05908575281500816,0.09301558881998062,2.375281810760498,-0.7264065742492676,-1.0735759735107422,0.609419047832489,374.1366882324219,323.994384765625,194.53907775878906,0.052900463342666626,0.08075986802577972,2.337800979614258,0.0,0.0,0.0,0,0
1787034621.703891,27.21167922602035,TRACK,BSPLINE,/home/eunseop/nrs_imitation/checkpoints/bspline/polishing/single_cam/20260817_2138,471.9787902832031,396.84307861328125,181.7428741455078,0.05809081345796585,0.09334897994995117,2.375210762023926,0.2740528881549835,1.1680340766906738,-0.3328157663345337,374.1366882324219,323.994384765625,194.53907775878906,0.052900463342666626,0.08075986802577972,2.337800979614258,0.0,0.0,0.0,0,0
1787034621.9680526,27.475840970058925,TRACK,BSPLINE,/home/eunseop/nrs_imitation/checkpoints/bspline/polishing/single_cam/20260817_2138,470.7012023925781,396.4880065917969,183.30775451660156,0.05300460010766983,0.09455181658267975,2.3755311965942383,-1.4908053874969482,1.679011583328247,0.48692092299461365,374.1366882324219,323.994384765625,194.53907775878906,0.052900463342666626,0.08075986802577972,2.337800979614258,0.0,0.0,0.0,0,0
1787034622.0240304,27.531818641000427,TRACK,BSPLINE,/home/eunseop/nrs_imitation/checkpoints/bspline/polishing/single_cam/20260817_2138,470.3163146972656,396.3509521484375,183.41903686523438,0.052291374653577805,0.09463883191347122,2.375692129135132,0.5595974922180176,0.4180685877799988,0.07763094455003738,374.1366882324219,323.994384765625,194.53907775878906,0.052900463342666626,0.08075986802577972,2.337800979614258,0.0,0.0,0.0,0,0
1787034622.0798366,27.58762475498952,TRACK,BSPLINE,/home/eunseop/nrs_imitation/checkpoints/bspline/polishing/single_cam/20260817_2138,469.9018249511719,396.09832763671875,183.3865509033203,0.051528867334127426,0.09500403702259064,2.3757386207580566,-1.534696340560913,0.8056400418281555,-0.2369074821472168,374.1366882324219,323.994384765625,194.53907775878906,0.052900463342666626,0.08075986802577972,2.337800979614258,0.0,0.0,0.0,0,0
1787034622.3599045,27.86769246205222,TRACK,BSPLINE,/home/eunseop/nrs_imitation/checkpoints/bspline/polishing/single_cam/20260817_2138,467.6828918457031,394.9717712402344,183.2105255126953,0.048814557492733,0.09575069695711136,2.3766965866088867,1.3185391426086426,-0.0028710069600492716,-0.08431925624608994,374.1366882324219,323.994384765625,194.53907775878906,0.052900463342666626,0.08075986802577972,2.337800979614258,0.0,0.0,0.0,0,0
1787034622.4158876,27.923675492987968,TRACK,BSPLINE,/home/eunseop/nrs_imitation/checkpoints/bspline/polishing/single_cam/20260817_2138,467.2659606933594,394.68316650390625,183.18023681640625,0.048317309468984604,0.09579256176948547,2.3768484592437744,2.3759913444519043,0.37557581067085266,-0.6834430694580078,374.1366882324219,323.994384765625,194.53907775878906,0.052900463342666626,0.08075986802577972,2.337800979614258,0.0,0.0,0.0,0,0
1787034622.6560264,28.163814542000182,TRACK,BSPLINE,/home/eunseop/nrs_imitation/checkpoints/bspline/polishing/single_cam/20260817_2138,465.3708190917969,393.5046081542969,183.00331115722656,0.04667511209845543,0.09573408961296082,2.377408981323242,-3.654644012451172,1.5009137392044067,1.7109909057617188,397.27850341796875,323.01727294921875,182.80569458007812,0.036228246986866,0.10495337098836899,2.3398165702819824,0.0,0.0,0.0,0,0
1787034622.7118149,28.219602992059663,TRACK,BSPLINE,/home/eunseop/nrs_imitation/checkpoints/bspline/polishing/single_cam/20260817_2138,465.02880859375,393.161865234375,182.96731567382812,0.04616039618849754,0.09572502225637436,2.377467155456543,-1.1764678955078125,-0.6770271062850952,1.148590326309204,397.3219299316406,322.8001708984375,183.12625122070312,0.03671553358435631,0.10488701611757278,2.3392229080200195,0.0,0.0,0.0,0,0
1787034622.9599876,28.46777592098806,TRACK,BSPLINE,/home/eunseop/nrs_imitation/checkpoints/bspline/polishing/single_cam/20260817_2138,463.2687072753906,391.7029724121094,182.7370147705078,0.04438391700387001,0.09545856714248657,2.377716302871704,-1.8395482301712036,-0.006933173630386591,1.490834355354309,397.3219299316406,322.8001708984375,183.12625122070312,0.03671553358435631,0.10488701611757278,2.3392229080200195,0.0,0.0,0.0,0,0
1787034623.0159934,28.52378145500552,TRACK,BSPLINE,/home/eunseop/nrs_imitation/checkpoints/bspline/polishing/single_cam/20260817_2138,462.9417419433594,391.3363952636719,182.73013305664062,0.04395752027630806,0.09526710957288742,2.377642869949341,0.17528674006462097,-0.7021812796592712,1.247019648551941,397.3219299316406,322.8001708984375,183.12625122070312,0.03671553358435631,0.10488701611757278,2.3392229080200195,0.0,0.0,0.0,0,0
1787034623.2558753,28.763663416029885,TRACK,BSPLINE,/home/eunseop/nrs_imitation/checkpoints/bspline/polishing/single_cam/20260817_2138,461.33721923828125,389.7864074707031,182.57925415039062,0.04248112440109253,0.09492652118206024,2.3776044845581055,0.7397269010543823,0.9133164286613464,-1.3118517398834229,397.3219299316406,322.8001708984375,183.12625122070312,0.03671553358435631,0.10488701611757278,2.3392229080200195,0.0,0.0,0.0,0,0
1787034623.3119493,28.819737612036988,TRACK,BSPLINE,/home/eunseop/nrs_imitation/checkpoints/bspline/polishing/single_cam/20260817_2138,460.991455078125,389.3448181152344,182.54095458984375,0.04199589043855667,0.09500034153461456,2.3776702880859375,-0.4999130070209503,2.2931063175201416,-0.44110560417175293,397.3219299316406,322.8001708984375,183.12625122070312,0.03671553358435631,0.10488701611757278,2.3392229080200195,0.0,0.0,0.0,0,0
1787034623.5600002,29.067788540036418,TRACK,BSPLINE,/home/eunseop/nrs_imitation/checkpoints/bspline/polishing/single_cam/20260817_2138,459.4815673828125,387.561767578125,182.41505432128906,0.04039445146918297,0.09476834535598755,2.3772501945495605,-0.754031777381897,1.2659918069839478,1.271531581878662,397.3219299316406,322.8001708984375,183.12625122070312,0.03671553358435631,0.10488701611757278,2.3392229080200195,0.0,0.0,0.0,0,0
1787034623.6078386,29.11562681104988,TRACK,BSPLINE,/home/eunseop/nrs_imitation/checkpoints/bspline/polishing/single_cam/20260817_2138,459.2142639160156,387.2708740234375,182.4345245361328,0.040158286690711975,0.09451226145029068,2.377218008041382,1.2396104335784912,-0.46229106187820435,0.21565893292427063,397.3219299316406,322.8001708984375,183.12625122070312,0.03671553358435631,0.10488701611757278,2.3392229080200195,0.0,0.0,0.0,0,0
1787034623.8558464,29.363634387031198,TRACK,BSPLINE,/home/eunseop/nrs_imitation/checkpoints/bspline/polishing/single_cam/20260817_2138,457.7772521972656,385.4483947753906,182.3045654296875,0.03850768879055977,0.09444613754749298,2.3770341873168945,2.20424222946167,-0.958768904209137,-0.2862941026687622,397.3219299316406,322.8001708984375,183.12625122070312,0.03671553358435631,0.10488701611757278,2.3392229080200195,0.0,0.0,0.0,0,0
1787034623.9037979,29.41158567299135,TRACK,BSPLINE,/home/eunseop/nrs_imitation/checkpoints/bspline/polishing/single_cam/20260817_2138,457.49359130859375,385.0724182128906,182.2854461669922,0.03814572095870972,0.09442464262247086,2.376965045928955,-1.1435480117797852,1.080085277557373,0.4641076922416687,397.3219299316406,322.8001708984375,183.12625122070312,0.03671553358435631,0.10488701611757278,2.3392229080200195,0.0,0.0,0.0,0,0
1787034624.1680408,29.67582887900062,TRACK,BSPLINE,/home/eunseop/nrs_imitation/checkpoints/bspline/polishing/single_cam/20260817_2138,456.07647705078125,383.06121826171875,182.17892456054688,0.03647712990641594,0.09423968195915222,2.3765318393707275,-1.1216843128204346,-0.8701282143592834,0.18087565898895264,397.3219299316406,322.8001708984375,183.12625122070312,0.03671553358435631,0.10488701611757278,2.3392229080200195,0.0,0.0,0.0,0,0
1787034624.2238293,29.731617301004007,TRACK,BSPLINE,/home/eunseop/nrs_imitation/checkpoints/bspline/polishing/single_cam/20260817_2138,455.74896240234375,382.6495666503906,182.1671600341797,0.036232996731996536,0.09413883835077286,2.3762564659118652,-0.8804258108139038,-1.0043376684188843,0.37293821573257446,397.3219299316406,322.8001708984375,183.12625122070312,0.03671553358435631,0.10488701611757278,2.3392229080200195,0.0,0.0,0.0,0,0
1787034624.2798438,29.787631943007,TRACK,BSPLINE,/home/eunseop/nrs_imitation/checkpoints/bspline/polishing/single_cam/20260817_2138,455.4085388183594,382.2599182128906,182.2025146484375,0.03600916638970375,0.09395921230316162,2.3761489391326904,1.4127929210662842,-1.8055576086044312,-0.8107789158821106,397.3219299316406,322.8001708984375,183.12625122070312,0.03671553358435631,0.10488701611757278,2.3392229080200195,0.0,0.0,0.0,0,0
1787034624.559901,30.067688895971514,TRACK,BSPLINE,/home/eunseop/nrs_imitation/checkpoints/bspline/polishing/single_cam/20260817_2138,453.93621826171875,380.0862731933594,182.14437866210938,0.03431781753897667,0.09396208822727203,2.3755669593811035,-0.1886502057313919,1.8294569253921509,0.3811925947666168,397.3219299316406,322.8001708984375,183.12625122070312,0.03671553358435631,0.10488701611757278,2.3392229080200195,0.0,0.0,0.0,0,0
1787034624.6158526,30.123640588019043,TRACK,BSPLINE,/home/eunseop/nrs_imitation/checkpoints/bspline/polishing/single_cam/20260817_2138,453.6612854003906,379.6932678222656,182.24029541015625,0.03398731350898743,0.09377151727676392,2.375476360321045,-0.27631279826164246,2.922006845474243,0.04558084160089493,397.3219299316406,322.8001708984375,183.12625122070312,0.03671553358435631,0.10488701611757278,2.3392229080200195,0.0,0.0,0.0,0,0
1787034624.8558757,30.363663900992833,TRACK,BSPLINE,/home/eunseop/nrs_imitation/checkpoints/bspline/polishing/single_cam/20260817_2138,452.3286437988281,377.7687072753906,182.18603515625,0.03265387937426567,0.09387800097465515,2.3750202655792236,-0.8773767352104187,-0.5488616228103638,0.8664082884788513,397.3219299316406,322.8001708984375,183.12625122070312,0.03671553358435631,0.10488701611757278,2.3392229080200195,0.0,0.0,0.0,0,0
1787034624.91202,30.41980827099178,TRACK,BSPLINE,/home/eunseop/nrs_imitation/checkpoints/bspline/polishing/single_cam/20260817_2138,452.0128479003906,377.33746337890625,182.17408752441406,0.03244338929653168,0.09395882487297058,2.374833583831787,1.746949553489685,-1.1050634384155273,-0.39037150144577026,397.3219299316406,322.8001708984375,183.12625122070312,0.03671553358435631,0.10488701611757278,2.3392229080200195,0.0,0.0,0.0,0,0
1787034625.1599157,30.667703766957857,TRACK,BSPLINE,/home/eunseop/nrs_imitation/checkpoints/bspline/polishing/single_cam/20260817_2138,450.6017150878906,375.3772277832031,182.2235107421875,0.03136048838496208,0.09420881420373917,2.374267578125,1.9787245988845825,-1.0744000673294067,-0.26872700452804565,397.3219299316406,322.8001708984375,183.12625122070312,0.03671553358435631,0.10488701611757278,2.3392229080200195,0.0,0.0,0.0,0,0
1787034625.2079253,30.71571355604101,TRACK,BSPLINE,/home/eunseop/nrs_imitation/checkpoints/bspline/polishing/single_cam/20260817_2138,450.2957458496094,374.9464111328125,182.2246551513672,0.031201910227537155,0.09449746459722519,2.3741819858551025,-1.4515010118484497,2.1389245986938477,0.8121147155761719,397.3219299316406,322.8001708984375,183.12625122070312,0.03671553358435631,0.10488701611757278,2.3392229080200195,0.0,0.0,0.0,0,0
1787034625.4640548,30.971843054052442,TRACK,BSPLINE,/home/eunseop/nrs_imitation/checkpoints/bspline/polishing/single_cam/20260817_2138,448.8961181640625,372.99932861328125,182.4225616455078,0.030050406232476234,0.09453903138637543,2.373490810394287,1.833268404006958,0.09171253442764282,-0.5022834539413452,397.3219299316406,322.8001708984375,183.12625122070312,0.03671553358435631,0.10488701611757278,2.3392229080200195,0.0,0.0,0.0,0,0
1787034625.5121405,31.01992880704347,TRACK,BSPLINE,/home/eunseop/nrs_imitation/checkpoints/bspline/polishing/single_cam/20260817_2138,448.638427734375,372.6443176269531,182.4888153076172,0.029817262664437294,0.09463898092508316,2.373424768447876,-3.682023048400879,1.753135085105896,1.8412240743637085,397.3219299316406,322.8001708984375,183.12625122070312,0.03671553358435631,0.10488701611757278,2.3392229080200195,0.0,0.0,0.0,0,0
1787034625.7599325,31.267720476957038,TRACK,BSPLINE,/home/eunseop/nrs_imitation/checkpoints/bspline/polishing/single_cam/20260817_2138,447.25494384765625,370.7868347167969,182.6859588623047,0.028894582763314247,0.0949111208319664,2.372779607772827,-1.9777206182479858,-0.5676062703132629,2.327584743499756,397.3219299316406,322.8001708984375,183.12625122070312,0.03671553358435631,0.10488701611757278,2.3392229080200195,0.0,0.0,0.0,0,0
1787034625.8079426,31.315730786998756,TRACK,BSPLINE,/home/eunseop/nrs_imitation/checkpoints/bspline/polishing/single_cam/20260817_2138,446.9165954589844,370.3642883300781,182.66067504882812,0.028863999992609024,0.09523086249828339,2.3725924491882324,1.6452380418777466,0.1017872616648674,-0.07222070544958115,397.3219299316406,322.8001708984375,183.12625122070312,0.03671553358435631,0.10488701611757278,2.3392229080200195,0.0,0.0,0.0,0,0
1787034626.0558734,31.563661401043646,TRACK,BSPLINE,/home/eunseop/nrs_imitation/checkpoints/bspline/polishing/single_cam/20260817_2138,445.385009765625,368.67254638671875,183.03224182128906,0.02832929417490959,0.0954013243317604,2.371981143951416,2.3350508213043213,1.3677982091903687,0.20744627714157104,397.3219299316406,322.8001708984375,183.12625122070312,0.03671553358435631,0.10488701611757278,2.3392229080200195,0.0,0.0,0.0,0,0
1787034626.1119065,31.61969472002238,TRACK,BSPLINE,/home/eunseop/nrs_imitation/checkpoints/bspline/polishing/single_cam/20260817_2138,445.08477783203125,368.21075439453125,183.14151000976562,0.028070904314517975,0.09555159509181976,2.3717710971832275,1.0175248384475708,1.1902377605438232,0.5711416602134705,397.3219299316406,322.8001708984375,183.12625122070312,0.03671553358435631,0.10488701611757278,2.3392229080200195,0.0,0.0,0.0,0,0
1787034626.3598592,31.867647118051536,TRACK,BSPLINE,/home/eunseop/nrs_imitation/checkpoints/bspline/polishing/single_cam/20260817_2138,443.56109619140625,366.4576721191406,183.45533752441406,0.027413323521614075,0.09569161385297775,2.370720863342285,0.5533207058906555,1.9364811182022095,-0.32633164525032043,397.3219299316406,322.8001708984375,183.12625122070312,0.03671553358435631,0.10488701611757278,2.3392229080200195,0.0,0.0,0.0,0,0
1787034626.4077842,31.915572226047516,TRACK,BSPLINE,/home/eunseop/nrs_imitation/checkpoints/bspline/polishing/single_cam/20260817_2138,443.2949523925781,366.2327880859375,183.60543823242188,0.027312539517879486,0.09541711211204529,2.370574951171875,1.2329978942871094,-1.8082762956619263,-0.011823348701000214,397.3219299316406,322.8001708984375,183.12625122070312,0.03671553358435631,0.10488701611757278,2.3392229080200195,0.0,0.0,0.0,0,0
1787034626.671985,32.179773007985204,TRACK,BSPLINE,/home/eunseop/nrs_imitation/checkpoints/bspline/polishing/single_cam/20260817_2138,441.52264404296875,364.4447937011719,183.8704376220703,0.027071859687566757,0.0955578163266182,2.3692567348480225,4.007272243499756,-1.3719302415847778,-0.9448752403259277,397.3219299316406,322.8001708984375,183.12625122070312,0.03671553358435631,0.10488701611757278,2.3392229080200195,0.0,0.0,0.0,0,0
1787034626.7689269,32.2767163469689,TRACK,BSPLINE,/home/eunseop/nrs_imitation/checkpoints/bspline/polishing/single_cam/20260817_2138,441.0973815917969,364.0416564941406,183.85289001464844,0.02702913247048855,0.09562701731920242,2.368919610977173,-2.234328269958496,1.0325309038162231,0.528867244720459,405.26043701171875,344.2835693359375,178.5451202392578,0.05371830239892006,0.13050249218940735,2.3640332221984863,0.0,0.0,0.0,0,0
1787034626.8318439,32.33963197097182,TRACK,BSPLINE,/home/eunseop/nrs_imitation/checkpoints/bspline/polishing/single_cam/20260817_2138,440.32269287109375,363.3302307128906,183.93942260742188,0.026942143216729164,0.0956588014960289,2.3683078289031982,-0.05946506932377815,-2.898158311843872,-0.6909772157669067,405.26043701171875,344.2835693359375,178.5451202392578,0.05371830239892006,0.13050249218940735,2.3640332221984863,0.0,0.0,0.0,0,0
1787034626.8797557,32.38754379400052,TRACK,BSPLINE,/home/eunseop/nrs_imitation/checkpoints/bspline/polishing/single_cam/20260817_2138,439.9812316894531,363.0614929199219,183.9924774169922,0.026851875707507133,0.09549018740653992,2.3680508136749268,0.750902533531189,1.3695449829101562,0.8722909092903137,405.26043701171875,344.2835693359375,178.5451202392578,0.05371830239892006,0.13050249218940735,2.3640332221984863,0.0,0.0,0.0,0,0
1787034626.9358995,32.44368770404253,TRACK,BSPLINE,/home/eunseop/nrs_imitation/checkpoints/bspline/polishing/single_cam/20260817_2138,439.57958984375,362.6675720214844,184.02310180664062,0.0267813578248024,0.09545201063156128,2.367572784423828,0.32133495807647705,1.6457748413085938,0.18205173313617706,405.26043701171875,344.2835693359375,178.5451202392578,0.05371830239892006,0.13050249218940735,2.3640332221984863,0.0,0.0,0.0,0,0
1787034627.183867,32.69165509205777,TRACK,BSPLINE,/home/eunseop/nrs_imitation/checkpoints/bspline/polishing/single_cam/20260817_2138,437.7443542480469,361.06365966796875,184.03094482421875,0.02649824507534504,0.09503556042909622,2.3660409450531006,-0.21527332067489624,1.8171324729919434,0.8359014391899109,405.26043701171875,344.2835693359375,178.5451202392578,0.05371830239892006,0.13050249218940735,2.3640332221984863,0.0,0.0,0.0,0,0
1787034627.2477565,32.75554458296392,TRACK,BSPLINE,/home/eunseop/nrs_imitation/checkpoints/bspline/polishing/single_cam/20260817_2138,437.299560546875,360.6610412597656,184.03375244140625,0.026388373225927353,0.09480690211057663,2.3656771183013916,1.339491844177246,0.1070743203163147,0.49190449714660645,405.26043701171875,344.2835693359375,178.5451202392578,0.05371830239892006,0.13050249218940735,2.3640332221984863,0.0,0.0,0.0,0,0
1787034627.303909,32.811697431025095,TRACK,BSPLINE,/home/eunseop/nrs_imitation/checkpoints/bspline/polishing/single_cam/20260817_2138,436.8970947265625,360.34124755859375,184.06179809570312,0.026245800778269768,0.09464915096759796,2.3653969764709473,1.7638248205184937,-0.566006064414978,-0.41209203004837036,405.26043701171875,344.2835693359375,178.5451202392578,0.05371830239892006,0.13050249218940735,2.3640332221984863,0.0,0.0,0.0,0,0
1787034627.5838878,33.091675841016695,TRACK,BSPLINE,/home/eunseop/nrs_imitation/checkpoints/bspline/polishing/single_cam/20260817_2138,434.6872863769531,358.58563232421875,183.9617156982422,0.02629184164106846,0.09368926286697388,2.3642125129699707,-2.3717963695526123,1.892466425895691,2.0696253776550293,405.26043701171875,344.2835693359375,178.5451202392578,0.05371830239892006,0.13050249218940735,2.3640332221984863,0.0,0.0,0.0,0,0
1787034627.6399786,33.14776692097075,TRACK,BSPLINE,/home/eunseop/nrs_imitation/checkpoints/bspline/polishing/single_cam/20260817_2138,434.220947265625,358.2626037597656,183.97605895996094,0.026372823864221573,0.09333166480064392,2.3640968799591064,-0.1776222586631775,0.17797252535820007,0.34249910712242126,405.26043701171875,344.2835693359375,178.5451202392578,0.05371830239892006,0.13050249218940735,2.3640332221984863,0.0,0.0,0.0,0,0
1787034627.8798833,33.38767137506511,TRACK,BSPLINE,/home/eunseop/nrs_imitation/checkpoints/bspline/polishing/single_cam/20260817_2138,432.2574768066406,356.9756774902344,184.00537109375,0.026960140094161034,0.09164009988307953,2.3639674186706543,0.5728114247322083,0.1742357611656189,0.43179380893707275,405.26043701171875,344.2835693359375,178.5451202392578,0.05371830239892006,0.13050249218940735,2.3640332221984863,0.0,0.0,0.0,0,0
1787034627.9358242,33.44361227902118,TRACK,BSPLINE,/home/eunseop/nrs_imitation/checkpoints/bspline/polishing/single_cam/20260817_2138,431.8123474121094,356.6380310058594,183.9973907470703,0.027029575780034065,0.09125643968582153,2.3639492988586426,2.7876834869384766,0.28376051783561707,-1.3951761722564697,405.26043701171875,344.2835693359375,178.5451202392578,0.05371830239892006,0.13050249218940735,2.3640332221984863,0.0,0.0,0.0,0,0
1787034628.0078557,33.51564361504279,TRACK,BSPLINE,/home/eunseop/nrs_imitation/checkpoints/bspline/polishing/single_cam/20260817_2138,431.2181091308594,356.2885437011719,184.05001831054688,0.02727123722434044,0.09048238396644592,2.364089250564575,-1.048539161682129,3.315481662750244,1.033962368965149,405.26043701171875,344.2835693359375,178.5451202392578,0.05371830239892006,0.13050249218940735,2.3640332221984863,0.0,0.0,0.0,0,0
1787034628.2720609,33.77984909096267,TRACK,BSPLINE,/home/eunseop/nrs_imitation/checkpoints/bspline/polishing/single_cam/20260817_2138,429.03741455078125,355.0005798339844,184.26991271972656,0.027808787301182747,0.08803106844425201,2.364290714263916,-1.4312433004379272,2.523003578186035,0.872839093208313,405.26043701171875,344.2835693359375,178.5451202392578,0.05371830239892006,0.13050249218940735,2.3640332221984863,0.0,0.0,0.0,0,0
1787034628.3278491,33.835637263953686,TRACK,BSPLINE,/home/eunseop/nrs_imitation/checkpoints/bspline/polishing/single_cam/20260817_2138,428.53765869140625,354.6837158203125,184.2798309326172,0.02807142771780491,0.08762794733047485,2.3644447326660156,-1.792210340499878,0.4886445105075836,1.3415459394454956,405.26043701171875,344.2835693359375,178.5451202392578,0.05371830239892006,0.13050249218940735,2.3640332221984863,0.0,0.0,0.0,0,0
1787034628.567855,34.075642912997864,TRACK,BSPLINE,/home/eunseop/nrs_imitation/checkpoints/bspline/polishing/single_cam/20260817_2138,426.5964050292969,353.57952880859375,184.55459594726562,0.028546394780278206,0.08534879982471466,2.364884853363037,2.5758721828460693,0.9024648666381836,-0.45507800579071045,405.26043701171875,344.2835693359375,178.5451202392578,0.05371830239892006,0.13050249218940735,2.3640332221984863,0.0,0.0,0.0,0,0
1787034628.6239665,34.13175462302752,TRACK,BSPLINE,/home/eunseop/nrs_imitation/checkpoints/bspline/polishing/single_cam/20260817_2138,426.0931701660156,353.3128356933594,184.4996337890625,0.028658876195549965,0.08494623750448227,2.3650808334350586,1.4516258239746094,2.289635419845581,-0.7301791310310364,405.26043701171875,344.2835693359375,178.5451202392578,0.05371830239892006,0.13050249218940735,2.3640332221984863,0.0,0.0,0.0,0,0
1787034628.8718693,34.379657511017285,TRACK,BSPLINE,/home/eunseop/nrs_imitation/checkpoints/bspline/polishing/single_cam/20260817_2138,423.929443359375,352.5281982421875,184.79400634765625,0.02923249825835228,0.08241146057844162,2.3657004833221436,1.5617858171463013,2.328953981399536,-0.5546075701713562,405.26043701171875,344.2835693359375,178.5451202392578,0.05371830239892006,0.13050249218940735,2.3640332221984863,0.0,0.0,0.0,0,0
1787034628.927811,34.435598726035096,TRACK,BSPLINE,/home/eunseop/nrs_imitation/checkpoints/bspline/polishing/single_cam/20260817_2138,423.4367980957031,352.3972473144531,184.85768127441406,0.029333816841244698,0.08189009130001068,2.3660316467285156,0.7359302639961243,2.837493896484375,-0.5239978432655334,405.26043701171875,344.2835693359375,178.5451202392578,0.05371830239892006,0.13050249218940735,2.3640332221984863,0.0,0.0,0.0,0,0
1787034629.1678667,34.67565479304176,TRACK,BSPLINE,/home/eunseop/nrs_imitation/checkpoints/bspline/polishing/single_cam/20260817_2138,421.093017578125,351.91094970703125,185.00253295898438,0.030184870585799217,0.07992016524076462,2.3669028282165527,-0.9027110934257507,-1.212848424911499,1.2072831392288208,405.26043701171875,344.2835693359375,178.5451202392578,0.05371830239892006,0.13050249218940735,2.3640332221984863,0.0,0.0,0.0,0,0
1787034629.2239854,34.731773737003095,TRACK,BSPLINE,/home/eunseop/nrs_imitation/checkpoints/bspline/polishing/single_cam/20260817_2138,420.5017395019531,351.87786865234375,185.04388427734375,0.03044707700610161,0.07955808192491531,2.3672714233398438,1.6096601486206055,-1.979209303855896,0.15508942306041718,405.26043701171875,344.2835693359375,178.5451202392578,0.05371830239892006,0.13050249218940735,2.3640332221984863,0.0,0.0,0.0,0,0
1787034629.4878795,34.99566746095661,TRACK,BSPLINE,/home/eunseop/nrs_imitation/checkpoints/bspline/polishing/single_cam/20260817_2138,418.00091552734375,352.0597229003906,185.21685791015625,0.03142907842993736,0.07733655720949173,2.3686094284057617,1.5394692420959473,0.46184486150741577,0.17124764621257782,405.26043701171875,344.2835693359375,178.5451202392578,0.05371830239892006,0.13050249218940735,2.3640332221984863,0.0,0.0,0.0,0,0
1787034629.5439467,35.05173496704083,TRACK,BSPLINE,/home/eunseop/nrs_imitation/checkpoints/bspline/polishing/single_cam/20260817_2138,417.4619140625,352.13543701171875,185.28526306152344,0.03161938861012459,0.07694346457719803,2.3689818382263184,2.6317741870880127,-0.7585428953170776,-0.3071430027484894,405.26043701171875,344.2835693359375,178.5451202392578,0.05371830239892006,0.13050249218940735,2.3640332221984863,0.0,0.0,0.0,0,0
1787034629.7839105,35.29169865895528,TRACK,BSPLINE,/home/eunseop/nrs_imitation/checkpoints/bspline/polishing/single_cam/20260817_2138,415.2359619140625,352.8567810058594,185.433349609375,0.03255826234817505,0.07473757863044739,2.370345115661621,-1.4908150434494019,0.7100858092308044,0.5193700194358826,405.26043701171875,344.2835693359375,178.5451202392578,0.05371830239892006,0.13050249218940735,2.3640332221984863,0.0,0.0,0.0,0,0
1787034629.8399465,35.347734624985605,TRACK,BSPLINE,/home/eunseop/nrs_imitation/checkpoints/bspline/polishing/single_cam/20260817_2138,414.76470947265625,352.97906494140625,185.40573120117188,0.032578080892562866,0.0743490606546402,2.370746612548828,-0.8955121636390686,-0.5774584412574768,0.3476918041706085,405.26043701171875,344.2835693359375,178.5451202392578,0.05371830239892006,0.13050249218940735,2.3640332221984863,0.0,0.0,0.0,0,0
1787034630.087862,35.59565004101023,TRACK,BSPLINE,/home/eunseop/nrs_imitation/checkpoints/bspline/polishing/single_cam/20260817_2138,414.0657653808594,353.1614074707031,185.30126953125,0.03302587941288948,0.07389821112155914,2.3711225986480713,-0.28124988079071045,-0.4758910536766052,0.16827771067619324,405.26043701171875,344.2835693359375,178.5451202392578,0.05371830239892006,0.13050249218940735,2.3640332221984863,0.0,0.0,0.0,0,0
1787034630.1358662,35.64365424099378,TRACK,BSPLINE,/home/eunseop/nrs_imitation/checkpoints/bspline/polishing/single_cam/20260817_2138,414.0206604003906,353.1849670410156,185.294189453125,0.03316286951303482,0.07388802617788315,2.3711061477661133,-0.008473630994558334,3.155179977416992,-0.4675036668777466,405.26043701171875,344.2835693359375,178.5451202392578,0.05371830239892006,0.13050249218940735,2.3640332221984863,0.0,0.0,0.0,0,0
1787034630.1918569,35.69964492204599,TRACK,BSPLINE,/home/eunseop/nrs_imitation/checkpoints/bspline/polishing/single_cam/20260817_2138,414.0037841796875,353.1860046386719,185.26698303222656,0.03320367634296417,0.07386514544487,2.3710691928863525,-1.760163426399231,1.9746278524398804,0.4974779784679413,405.26043701171875,344.2835693359375,178.5451202392578,0.05371830239892006,0.13050249218940735,2.3640332221984863,0.0,0.0,0.0,0,0
1787034630.472027,35.97981540695764,TRACK,BSPLINE,/home/eunseop/nrs_imitation/checkpoints/bspline/polishing/single_cam/20260817_2138,414.00860595703125,353.2099914550781,185.25762939453125,0.03312771022319794,0.07366164028644562,2.370992660522461,0.6782050728797913,-0.4651442766189575,0.7384978532791138,405.26043701171875,344.2835693359375,178.5451202392578,0.05371830239892006,0.13050249218940735,2.3640332221984863,0.0,0.0,0.0,0,0
1787034630.5199168,36.027705059037544,TRACK,BSPLINE,/home/eunseop/nrs_imitation/checkpoints/bspline/polishing/single_cam/20260817_2138,413.98248291015625,353.2217102050781,185.2256317138672,0.03322966769337654,0.07362639158964157,2.3709537982940674,1.5579242706298828,0.6491936445236206,0.5310133695602417,405.26043701171875,344.2835693359375,178.5451202392578,0.05371830239892006,0.13050249218940735,2.3640332221984863,0.0,0.0,0.0,0,0
1787034630.7678804,36.275668398011476,TRACK,BSPLINE,/home/eunseop/nrs_imitation/checkpoints/bspline/polishing/single_cam/20260817_2138,413.9482116699219,353.26025390625,185.2210235595703,0.03329360857605934,0.07356881350278854,2.3709652423858643,0.14621011912822723,1.0619652271270752,0.47529393434524536,405.26043701171875,344.2835693359375,178.5451202392578,0.05371830239892006,0.13050249218940735,2.3640332221984863,0.0,0.0,0.0,0,0
1787034630.8239095,36.331697631045245,TRACK,BSPLINE,/home/eunseop/nrs_imitation/checkpoints/bspline/polishing/single_cam/20260817_2138,413.93438720703125,353.3008728027344,185.2194366455078,0.033332135528326035,0.07351529598236084,2.371072769165039,0.49721238017082214,1.6984105110168457,1.1234171390533447,405.26043701171875,344.2835693359375,178.5451202392578,0.05371830239892006,0.13050249218940735,2.3640332221984863,0.0,0.0,0.0,0,0
1787034631.0881178,36.59590606903657,TRACK,BSPLINE,/home/eunseop/nrs_imitation/checkpoints/bspline/polishing/single_cam/20260817_2138,413.96795654296875,353.2631530761719,185.1809539794922,0.03330054506659508,0.07342487573623657,2.3709444999694824,-1.1036163568496704,-0.04347265884280205,1.1104987859725952,429.7381896972656,363.2458801269531,178.1603546142578,0.07798033207654953,0.10615405440330505,2.3543224334716797,0.0,0.0,0.0,0,0
1787034631.440007,36.947794978972524,TRACK,BSPLINE,/home/eunseop/nrs_imitation/checkpoints/bspline/polishing/single_cam/20260817_2138,414.3790588378906,351.7649841308594,184.6967315673828,0.033956874161958694,0.07488073408603668,2.36739182472229,1.6215863227844238,1.735303282737732,-0.6811900734901428,430.556884765625,363.5238037109375,177.9282989501953,0.07733131945133209,0.10713018476963043,2.354766368865967,0.0,0.0,0.0,0,0
1787034631.4958906,37.00367885699961,TRACK,BSPLINE,/home/eunseop/nrs_imitation/checkpoints/bspline/polishing/single_cam/20260817_2138,414.55322265625,351.1989440917969,184.57601928710938,0.03413376957178116,0.07539603114128113,2.366116762161255,-0.48725470900535583,2.163804531097412,0.04547173157334328,430.556884765625,363.5238037109375,177.9282989501953,0.07733131945133209,0.10713018476963043,2.354766368865967,0.0,0.0,0.0,0,0
1787034631.7759883,37.283776195021346,TRACK,BSPLINE,/home/eunseop/nrs_imitation/checkpoints/bspline/polishing/single_cam/20260817_2138,415.0991516113281,348.4721984863281,183.87353515625,0.03572048246860504,0.07829395681619644,2.3600881099700928,-2.1189022064208984,0.2901599705219269,-0.06555549055337906,430.556884765625,363.5238037109375,177.9282989501953,0.07733131945133209,0.10713018476963043,2.354766368865967,0.0,0.0,0.0,0,0
1787034631.8239026,37.33169075497426,TRACK,BSPLINE,/home/eunseop/nrs_imitation/checkpoints/bspline/polishing/single_cam/20260817_2138,415.171630859375,348.02593994140625,183.7303466796875,0.03597244992852211,0.0787682756781578,2.3589653968811035,1.7979533672332764,0.470089852809906,-0.46209898591041565,430.556884765625,363.5238037109375,177.9282989501953,0.07733131945133209,0.10713018476963043,2.354766368865967,0.0,0.0,0.0,0,0
1787034632.0718641,37.57965223304927,TRACK,BSPLINE,/home/eunseop/nrs_imitation/checkpoints/bspline/polishing/single_cam/20260817_2138,415.708740234375,345.59344482421875,183.08419799804688,0.03711986541748047,0.08128771930932999,2.3535563945770264,1.0029940605163574,3.013430595397949,-1.3959474563598633,430.556884765625,363.5238037109375,177.9282989501953,0.07733131945133209,0.10713018476963043,2.354766368865967,0.0,0.0,0.0,0,0
1787034632.1278796,37.635667792055756,TRACK,BSPLINE,/home/eunseop/nrs_imitation/checkpoints/bspline/polishing/single_cam/20260817_2138,415.84393310546875,345.09210205078125,182.97622680664062,0.037363070994615555,0.08175797015428543,2.352290391921997,0.19309744238853455,1.8577343225479126,0.29991453886032104,430.556884765625,363.5238037109375,177.9282989501953,0.07733131945133209,0.10713018476963043,2.354766368865967,0.0,0.0,0.0,0,0
1787034632.3758817,37.88366969896015,TRACK,BSPLINE,/home/eunseop/nrs_imitation/checkpoints/bspline/polishing/single_cam/20260817_2138,414.86676025390625,343.150146484375,182.8307647705078,0.03767988458275795,0.08271796256303787,2.3487513065338135,-0.22312818467617035,1.5031758546829224,0.2124442756175995,430.556884765625,363.5238037109375,177.9282989501953,0.07733131945133209,0.10713018476963043,2.354766368865967,0.0,0.0,0.0,0,0
1787034632.423865,37.93165311100893,TRACK,BSPLINE,/home/eunseop/nrs_imitation/checkpoints/bspline/polishing/single_cam/20260817_2138,414.5584411621094,342.9004821777344,182.90115356445312,0.03750677779316902,0.082617849111557,2.348388195037842,0.35828113555908203,-0.7727879285812378,-0.07844661176204681,430.556884765625,363.5238037109375,177.9282989501953,0.07733131945133209,0.10713018476963043,2.354766368865967,0.0,0.0,0.0,0,0
1787034632.671866,38.17965386505239,TRACK,BSPLINE,/home/eunseop/nrs_imitation/checkpoints/bspline/polishing/single_cam/20260817_2138,412.6924133300781,341.2255554199219,182.8140869140625,0.03709131479263306,0.0835583433508873,2.3462746143341064,1.2871770858764648,-1.8106999397277832,1.0523571968078613,430.556884765625,363.5238037109375,177.9282989501953,0.07733131945133209,0.10713018476963043,2.354766368865967,0.0,0.0,0.0,0,0
1787034632.7278934,38.235681556980126,TRACK,BSPLINE,/home/eunseop/nrs_imitation/checkpoints/bspline/polishing/single_cam/20260817_2138,412.2978820800781,340.8948974609375,182.85540771484375,0.03696217015385628,0.08365148305892944,2.345831871032715,0.9965950846672058,-0.8276020288467407,-0.13408230245113373,430.556884765625,363.5238037109375,177.9282989501953,0.07733131945133209,0.10713018476963043,2.354766368865967,0.0,0.0,0.0,0,0
1787034632.97595,38.48373831901699,TRACK,BSPLINE,/home/eunseop/nrs_imitation/checkpoints/bspline/polishing/single_cam/20260817_2138,410.3527526855469,339.4540100097656,182.9254150390625,0.0364135317504406,0.08431123942136765,2.343574047088623,2.6761820316314697,-1.1252574920654297,-0.3063702881336212,430.556884765625,363.5238037109375,177.9282989501953,0.07733131945133209,0.10713018476963043,2.354766368865967,0.0,0.0,0.0,0,0
1787034633.0240123,38.531800620956346,TRACK,BSPLINE,/home/eunseop/nrs_imitation/checkpoints/bspline/polishing/single_cam/20260817_2138,409.92822265625,339.078369140625,182.86666870117188,0.03639741241931915,0.08473853021860123,2.3431899547576904,-1.9157017469406128,2.018068552017212,1.150612473487854,430.556884765625,363.5238037109375,177.9282989501953,0.07733131945133209,0.10713018476963043,2.354766368865967,0.0,0.0,0.0,0,0
1787034633.2718859,38.77967388601974,TRACK,BSPLINE,/home/eunseop/nrs_imitation/checkpoints/bspline/polishing/single_cam/20260817_2138,407.9679260253906,337.7861633300781,183.06993103027344,0.035990361124277115,0.08550942689180374,2.340874433517456,-1.8193615674972534,1.2978296279907227,0.7816254496574402,430.556884765625,363.5238037109375,177.9282989501953,0.07733131945133209,0.10713018476963043,2.354766368865967,0.0,0.0,0.0,0,0
1787034633.32788,38.83566790400073,TRACK,BSPLINE,/home/eunseop/nrs_imitation/checkpoints/bspline/polishing/single_cam/20260817_2138,407.59967041015625,337.5127868652344,183.14547729492188,0.03565049543976784,0.08556288480758667,2.34036922454834,-0.8750281929969788,-0.7176514267921448,0.8167115449905396,430.556884765625,363.5238037109375,177.9282989501953,0.07733131945133209,0.10713018476963043,2.354766368865967,0.0,0.0,0.0,0,0
1787034633.5760765,39.08386497502215,TRACK,BSPLINE,/home/eunseop/nrs_imitation/checkpoints/bspline/polishing/single_cam/20260817_2138,405.4032897949219,336.2397155761719,183.26040649414062,0.03543678671121597,0.08692058175802231,2.3381125926971436,-0.1195400133728981,-1.6113669872283936,0.7215245962142944,430.556884765625,363.5238037109375,177.9282989501953,0.07733131945133209,0.10713018476963043,2.354766368865967,0.0,0.0,0.0,0,0
1787034633.6239097,39.1316979409894,TRACK,BSPLINE,/home/eunseop/nrs_imitation/checkpoints/bspline/polishing/single_cam/20260817_2138,404.9818420410156,335.9670715332031,183.3021240234375,0.03540787845849991,0.08720953017473221,2.3376123905181885,2.3178300857543945,0.9253844022750854,-0.12852713465690613,430.556884765625,363.5238037109375,177.9282989501953,0.07733131945133209,0.10713018476963043,2.354766368865967,0.0,0.0,0.0,0,0
1787034633.8719187,39.3797065729741,TRACK,BSPLINE,/home/eunseop/nrs_imitation/checkpoints/bspline/polishing/single_cam/20260817_2138,402.8846130371094,334.8904724121094,183.70513916015625,0.035205766558647156,0.08832740783691406,2.3351333141326904,0.09474288672208786,1.7204506397247314,-0.248686745762825,430.556884765625,363.5238037109375,177.9282989501953,0.07733131945133209,0.10713018476963043,2.354766368865967,0.0,0.0,0.0,0,0
1787034633.9279191,39.43570725398604,TRACK,BSPLINE,/home/eunseop/nrs_imitation/checkpoints/bspline/polishing/single_cam/20260817_2138,402.3746337890625,334.71600341796875,183.8271942138672,0.035240091383457184,0.08845455944538116,2.3346941471099854,0.660306453704834,1.0384315252304077,-0.5127297639846802,430.556884765625,363.5238037109375,177.9282989501953,0.07733131945133209,0.10713018476963043,2.354766368865967,0.0,0.0,0.0,0,0
1787034634.1839828,39.691771119018085,TRACK,BSPLINE,/home/eunseop/nrs_imitation/checkpoints/bspline/polishing/single_cam/20260817_2138,400.0887145996094,333.6216125488281,184.19717407226562,0.03543338179588318,0.09001430124044418,2.3322219848632812,0.9966343641281128,-2.2867085933685303,0.7118377089500427,430.556884765625,363.5238037109375,177.9282989501953,0.07733131945133209,0.10713018476963043,2.354766368865967,0.0,0.0,0.0,0,0
1787034634.2398946,39.747682539978996,TRACK,BSPLINE,/home/eunseop/nrs_imitation/checkpoints/bspline/polishing/single_cam/20260817_2138,399.5718688964844,333.3398742675781,184.2593536376953,0.035541828721761703,0.0904802680015564,2.331662178039551,1.8162496089935303,-0.7700657844543457,-0.27968189120292664,430.556884765625,363.5238037109375,177.9282989501953,0.07733131945133209,0.10713018476963043,2.354766368865967,0.0,0.0,0.0,0,0
1787034634.2959092,39.80369746906217,TRACK,BSPLINE,/home/eunseop/nrs_imitation/checkpoints/bspline/polishing/single_cam/20260817_2138,399.08673095703125,333.1665344238281,184.43028259277344,0.03557700291275978,0.09073004871606827,2.3311476707458496,2.7484560012817383,1.734654188156128,-1.1834217309951782,430.556884765625,363.5238037109375,177.9282989501953,0.07733131945133209,0.10713018476963043,2.354766368865967,0.0,0.0,0.0,0,0
1787034634.5760555,40.083843647968024,TRACK,BSPLINE,/home/eunseop/nrs_imitation/checkpoints/bspline/polishing/single_cam/20260817_2138,396.6939697265625,331.9917907714844,185.09158325195312,0.03592950105667114,0.0923033207654953,2.328186273574829,-0.4629444479942322,1.4046657085418701,-0.05073801055550575,430.556884765625,363.5238037109375,177.9282989501953,0.07733131945133209,0.10713018476963043,2.354766368865967,0.0,0.0,0.0,0,0
1787034634.6319747,40.13976288505364,TRACK,BSPLINE,/home/eunseop/nrs_imitation/checkpoints/bspline/polishing/single_cam/20260817_2138,396.2010498046875,331.7781677246094,185.2362060546875,0.036058735102415085,0.09255090355873108,2.3276071548461914,-0.4210670292377472,-0.3501172959804535,-0.21546946465969086,430.556884765625,363.5238037109375,177.9282989501953,0.07733131945133209,0.10713018476963043,2.354766368865967,0.0,0.0,0.0,0,0
1787034634.8798952,40.38768325105775,TRACK,BSPLINE,/home/eunseop/nrs_imitation/checkpoints/bspline/polishing/single_cam/20260817_2138,394.1448059082031,330.66619873046875,185.93580627441406,0.03665841370820999,0.0936347097158432,2.325491428375244,-2.1140410900115967,0.912647545337677,1.279395580291748,430.556884765625,363.5238037109375,177.9282989501953,0.07733131945133209,0.10713018476963043,2.354766368865967,0.0,0.0,0.0,0,0
1787034634.9278643,40.43565248697996,TRACK,BSPLINE,/home/eunseop/nrs_imitation/checkpoints/bspline/polishing/single_cam/20260817_2138,393.74835205078125,330.4066162109375,186.056640625,0.03677375987172127,0.09383710473775864,2.325047016143799,0.5644193291664124,0.34517160058021545,0.5129157304763794,430.556884765625,363.5238037109375,177.9282989501953,0.07733131945133209,0.10713018476963043,2.354766368865967,0.0,0.0,0.0,0,0
1787034635.1858566,40.69364449905697,TRACK,BSPLINE,/home/eunseop/nrs_imitation/checkpoints/bspline/polishing/single_cam/20260817_2138,391.7992858886719,329.1702575683594,186.79408264160156,0.037650253623723984,0.09416893124580383,2.3234341144561768,2.0643882751464844,0.8825433254241943,-0.6039714217185974,433.54339599609375,358.4309387207031,160.87826538085938,0.05735413357615471,0.10791248083114624,2.328076124191284,0.0,0.0,0.0,0,0
1787034635.224028,40.73181626398582,TRACK,BSPLINE,/home/eunseop/nrs_imitation/checkpoints/bspline/polishing/single_cam/20260817_2138,391.3860778808594,328.8655090332031,186.88636779785156,0.03784526139497757,0.09446695446968079,2.3232595920562744,-0.8630357980728149,1.3024219274520874,-0.10419074445962906,434.8140869140625,358.59515380859375,160.5750732421875,0.05749422311782837,0.10866151005029678,2.328462600708008,0.0,0.0,0.0,0,0
1787034635.279975,40.78776332398411,TRACK,BSPLINE,/home/eunseop/nrs_imitation/checkpoints/bspline/polishing/single_cam/20260817_2138,390.93060302734375,328.6614074707031,187.06192016601562,0.038232751190662384,0.09427699446678162,2.3232359886169434,0.25217315554618835,-0.5778564214706421,-0.6032404899597168,434.8140869140625,358.59515380859375,160.5750732421875,0.05749422311782837,0.10866151005029678,2.328462600708008,0.0,0.0,0.0,0,0
1787034635.3359737,40.843761952011846,TRACK,BSPLINE,/home/eunseop/nrs_imitation/checkpoints/bspline/polishing/single_cam/20260817_2138,390.5376892089844,328.4875793457031,187.32379150390625,0.03859741985797882,0.09367437660694122,2.323225736618042,0.2741508483886719,-0.5670231580734253,0.9583203792572021,434.8140869140625,358.59515380859375,160.5750732421875,0.05749422311782837,0.10866151005029678,2.328462600708008,0.0,0.0,0.0,0,0
1787034635.5839012,41.09168938396033,TRACK,BSPLINE,/home/eunseop/nrs_imitation/checkpoints/bspline/polishing/single_cam/20260817_2138,388.4765625,327.4176940917969,188.12359619140625,0.04059043526649475,0.09243491291999817,2.3232338428497314,-1.2121598720550537,-0.3403438329696655,1.572217345237732,434.8140869140625,358.59515380859375,160.5750732421875,0.05749422311782837,0.10866151005029678,2.328462600708008,0.0,0.0,0.0,0,0
1787034635.6319678,41.13975604600273,TRACK,BSPLINE,/home/eunseop/nrs_imitation/checkpoints/bspline/polishing/single_cam/20260817_2138,388.0623474121094,327.23358154296875,188.29844665527344,0.040969304740428925,0.09207886457443237,2.3234198093414307,0.7897555232048035,2.751291513442993,-0.5248261094093323,434.8140869140625,358.59515380859375,160.5750732421875,0.05749422311782837,0.10866151005029678,2.328462600708008,0.0,0.0,0.0,0,0
1787034635.8959005,41.40368851996027,TRACK,BSPLINE,/home/eunseop/nrs_imitation/checkpoints/bspline/polishing/single_cam/20260817_2138,386.021484375,326.0956726074219,189.31288146972656,0.0428527370095253,0.09020401537418365,2.3241848945617676,-1.4908121824264526,1.102168321609497,0.23016498982906342,434.8140869140625,358.59515380859375,160.5750732421875,0.05749422311782837,0.10866151005029678,2.328462600708008,0.0,0.0,0.0,0,0
1787034635.9440315,41.45181986503303,TRACK,BSPLINE,/home/eunseop/nrs_imitation/checkpoints/bspline/polishing/single_cam/20260817_2138,385.6751708984375,325.8070983886719,189.43797302246094,0.04320672154426575,0.09001493453979492,2.324223279953003,0.86072838306427,-0.2939903140068054,0.8458705544471741,434.8140869140625,358.59515380859375,160.5750732421875,0.05749422311782837,0.10866151005029678,2.328462600708008,0.0,0.0,0.0,0,0
1787034636.007843,41.51563095196616,TRACK,BSPLINE,/home/eunseop/nrs_imitation/checkpoints/bspline/polishing/single_cam/20260817_2138,385.18243408203125,325.55108642578125,189.6798858642578,0.04366715997457504,0.0895262360572815,2.3245654106140137,-0.006858351174741983,-0.33851030468940735,0.23630598187446594,434.8140869140625,358.59515380859375,160.5750732421875,0.05749422311782837,0.10866151005029678,2.328462600708008,0.0,0.0,0.0,0,0
1787034636.2799933,41.787781529012136,TRACK,BSPLINE,/home/eunseop/nrs_imitation/checkpoints/bspline/polishing/single_cam/20260817_2138,382.9095153808594,324.3446044921875,190.68746948242188,0.045876022428274155,0.08804433047771454,2.3262393474578857,1.1177667379379272,-0.07008278369903564,0.08965461701154709,434.8140869140625,358.59515380859375,160.5750732421875,0.05749422311782837,0.10866151005029678,2.328462600708008,0.0,0.0,0.0,0,0
1787034636.367851,41.87563898204826,TRACK,BSPLINE,/home/eunseop/nrs_imitation/checkpoints/bspline/polishing/single_cam/20260817_2138,382.259033203125,324.1237487792969,191.10858154296875,0.046495236456394196,0.08709186315536499,2.326864719390869,0.24328972399234772,-1.2980947494506836,1.5594440698623657,434.8140869140625,358.59515380859375,160.5750732421875,0.05749422311782837,0.10866151005029678,2.328462600708008,0.0,0.0,0.0,0,0
1787034636.4239564,41.9317447450012,TRACK,BSPLINE,/home/eunseop/nrs_imitation/checkpoints/bspline/polishing/single_cam/20260817_2138,381.7626647949219,324.0704040527344,191.36695861816406,0.04699337109923363,0.08657453209161758,2.32746958732605,0.7873511910438538,-0.4861656725406647,-0.540008008480072,434.8140869140625,358.59515380859375,160.5750732421875,0.05749422311782837,0.10866151005029678,2.328462600708008,0.0,0.0,0.0,0,0
1787034636.4799352,41.987723345984705,TRACK,BSPLINE,/home/eunseop/nrs_imitation/checkpoints/bspline/polishing/single_cam/20260817_2138,381.22998046875,323.9125671386719,191.5597381591797,0.04746346175670624,0.08647585660219193,2.3281102180480957,1.661608099937439,-0.555422306060791,0.2281830757856369,434.8140869140625,358.59515380859375,160.5750732421875,0.05749422311782837,0.10866151005029678,2.328462600708008,0.0,0.0,0.0,0,0
1787034636.6879544,42.19574249605648,TRACK,BSPLINE,/home/eunseop/nrs_imitation/checkpoints/bspline/polishing/single_cam/20260817_2138,379.46246337890625,323.7309875488281,192.45547485351562,0.0489397794008255,0.08505064249038696,2.330340623855591,1.8240095376968384,1.0227186679840088,-0.49685341119766235,434.8140869140625,358.59515380859375,160.5750732421875,0.05749422311782837,0.10866151005029678,2.328462600708008,0.0,0.0,0.0,0,0
1787034636.7438447,42.25163292803336,TRACK,BSPLINE,/home/eunseop/nrs_imitation/checkpoints/bspline/polishing/single_cam/20260817_2138,378.9576110839844,323.72821044921875,192.6348876953125,0.0494278147816658,0.08470690250396729,2.3309755325317383,0.6795299649238586,0.6723522543907166,-0.14620551466941833,434.8140869140625,358.59515380859375,160.5750732421875,0.05749422311782837,0.10866151005029678,2.328462600708008,0.0,0.0,0.0,0,0
1787034636.9838777,42.49166554806288,TRACK,BSPLINE,/home/eunseop/nrs_imitation/checkpoints/bspline/polishing/single_cam/20260817_2138,376.9105224609375,323.87969970703125,193.6314697265625,0.05083475634455681,0.08297383785247803,2.333899974822998,0.1408696472644806,0.8683246374130249,-0.31314727663993835,434.8140869140625,358.59515380859375,160.5750732421875,0.05749422311782837,0.10866151005029678,2.328462600708008,0.0,0.0,0.0,0,0
1787034637.0398405,42.54762862902135,TRACK,BSPLINE,/home/eunseop/nrs_imitation/checkpoints/bspline/polishing/single_cam/20260817_2138,376.4721374511719,323.9353942871094,193.87261962890625,0.05108464136719704,0.08240868151187897,2.3345654010772705,-1.3409602642059326,-1.635352373123169,2.771639585494995,434.8140869140625,358.59515380859375,160.5750732421875,0.05749422311782837,0.10866151005029678,2.328462600708008,0.0,0.0,0.0,0,0
1787034637.287849,42.795637079980224,TRACK,BSPLINE,/home/eunseop/nrs_imitation/checkpoints/bspline/polishing/single_cam/20260817_2138,374.4638671875,324.195068359375,194.69076538085938,0.05258054658770561,0.08071133494377136,2.3374853134155273,-0.16075648367404938,-0.22419434785842896,-0.1662815660238266,434.8140869140625,358.59515380859375,160.5750732421875,0.05749422311782837,0.10866151005029678,2.328462600708008,0.0,0.0,0.0,0,0
1787034637.335848,42.843636295059696,TRACK,BSPLINE,/home/eunseop/nrs_imitation/checkpoints/bspline/polishing/single_cam/20260817_2138,374.412841796875,324.19281005859375,194.66775512695312,0.052646175026893616,0.08071986585855484,2.337613582611084,-0.21654564142227173,1.651885986328125,0.033336564898490906,434.8140869140625,358.59515380859375,160.5750732421875,0.05749422311782837,0.10866151005029678,2.328462600708008,0.0,0.0,0.0,0,0
1787034637.5838542,43.091642151004635,TRACK,BSPLINE,/home/eunseop/nrs_imitation/checkpoints/bspline/polishing/single_cam/20260817_2138,374.2802734375,324.1041564941406,194.64573669433594,0.05282724276185036,0.08101734519004822,2.337655782699585,-0.9521815776824951,3.4756762981414795,0.18208631873130798,434.8140869140625,358.59515380859375,160.5750732421875,0.05749422311782837,0.10866151005029678,2.328462600708008,0.0,0.0,0.0,0,0
1787034637.6319416,43.13972989504691,TRACK,BSPLINE,/home/eunseop/nrs_imitation/checkpoints/bspline/polishing/single_cam/20260817_2138,374.2543029785156,324.08050537109375,194.64993286132812,0.05286465957760811,0.08105827867984772,2.337664842605591,0.9912840127944946,-0.9051254987716675,-0.4935241639614105,434.8140869140625,358.59515380859375,160.5750732421875,0.05749422311782837,0.10866151005029678,2.328462600708008,0.0,0.0,0.0,0,0
1787034637.87193,43.379718160955235,TRACK,BSPLINE,/home/eunseop/nrs_imitation/checkpoints/bspline/polishing/single_cam/20260817_2138,374.22418212890625,324.1190490722656,194.6713104248047,0.05282590165734291,0.08092936128377914,2.337766170501709,-0.38079899549484253,1.426240086555481,0.4600825905799866,434.8140869140625,358.59515380859375,160.5750732421875,0.05749422311782837,0.10866151005029678,2.328462600708008,0.0,0.0,0.0,0,0
1787034637.9278796,43.43566780700348,TRACK,BSPLINE,/home/eunseop/nrs_imitation/checkpoints/bspline/polishing/single_cam/20260817_2138,374.2191467285156,324.0985107421875,194.6492919921875,0.052850391715765,0.08098597824573517,2.3377392292022705,0.40254485607147217,1.0109364986419678,0.3767862021923065,434.8140869140625,358.59515380859375,160.5750732421875,0.05749422311782837,0.10866151005029678,2.328462600708008,0.0,0.0,0.0,0,0
1787034638.1920433,43.69983143906575,TRACK,BSPLINE,/home/eunseop/nrs_imitation/checkpoints/bspline/polishing/single_cam/20260817_2138,374.2229309082031,324.1467590332031,194.6824951171875,0.05284681171178818,0.08086550980806351,2.3377792835235596,-1.3082399368286133,0.4261126220226288,0.9935495853424072,434.8140869140625,358.59515380859375,160.5750732421875,0.05749422311782837,0.10866151005029678,2.328462600708008,0.0,0.0,0.0,0,0
1787034638.2478843,43.755672408035025,TRACK,BSPLINE,/home/eunseop/nrs_imitation/checkpoints/bspline/polishing/single_cam/20260817_2138,374.2542724609375,324.13995361328125,194.6972198486328,0.052769940346479416,0.08084581792354584,2.3378193378448486,-1.6197186708450317,0.6536411643028259,1.7380644083023071,434.8140869140625,358.59515380859375,160.5750732421875,0.05749422311782837,0.10866151005029678,2.328462600708008,0.0,0.0,0.0,0,0
1787034638.4959772,44.00376536301337,TRACK,BSPLINE,/home/eunseop/nrs_imitation/checkpoints/bspline/polishing/single_cam/20260817_2138,374.2333984375,324.150390625,194.66091918945312,0.05287768691778183,0.08084475249052048,2.3377785682678223,0.6159014105796814,-0.40645089745521545,0.08454687893390656,434.8140869140625,358.59515380859375,160.5750732421875,0.05749422311782837,0.10866151005029678,2.328462600708008,0.0,0.0,0.0,0,0
1787034638.527768,44.035555797978304,TRACK,BSPLINE,/home/eunseop/nrs_imitation/checkpoints/bspline/polishing/single_cam/20260817_2138,374.238525390625,324.17340087890625,194.68975830078125,0.05282651260495186,0.0808224231004715,2.337829113006592,1.5405327081680298,0.05273599922657013,-0.5085622072219849,434.8140869140625,358.59515380859375,160.5750732421875,0.05749422311782837,0.10866151005029678,2.328462600708008,0.0,0.0,0.0,0,0
