t_wall,t_elapsed_sec,stage,policy_class,ckpt_dir,meas_x_mm,meas_y_mm,meas_z_mm,meas_rx,meas_ry,meas_rz,meas_fx_N,meas_fy_N,meas_fz_N,cmd_x_mm,cmd_y_mm,cmd_z_mm,cmd_rx,cmd_ry,cmd_rz,cmd_fx_N,cmd_fy_N,cmd_fz_N,contact,cmd_safety_blocked
1786431197.8772314,0.011026019000382803,APPROACH,FLOW,/home/eunseop/nrs_imitation/checkpoints/flow/polishing/single_cam/20260809_1638,418.51519775390625,397.5148010253906,191.5074005126953,-8.184797479771078e-05,-0.0006007045158185065,1.5809667110443115,-0.04227181151509285,-0.23789353668689728,-0.3077033758163452,418.51519775390625,397.5148010253906,191.5074005126953,-8.184797479771078e-05,-0.0006007045158185065,1.5809667110443115,0.0,0.0,0.0,0,0
1786431197.8859758,0.019770578000134265,APPROACH,FLOW,/home/eunseop/nrs_imitation/checkpoints/flow/polishing/single_cam/20260809_1638,418.5169372558594,397.5177917480469,191.48252868652344,-8.509386680088937e-05,-0.0005883953999727964,1.5809906721115112,-0.23248399794101715,-0.3476872742176056,0.012487960048019886,418.5169372558594,397.5177917480469,191.48252868652344,-8.509386680088937e-05,-0.0005883953999727964,1.5809906721115112,0.0,0.0,0.0,0,0
1786431197.8932328,0.02702750099979312,APPROACH,FLOW,/home/eunseop/nrs_imitation/checkpoints/flow/polishing/single_cam/20260809_1638,418.51007080078125,397.50250244140625,191.4982452392578,-7.565066334791481e-05,-0.0005716504529118538,1.5809667110443115,0.085039883852005,-0.10178129374980927,0.02321888692677021,418.51727294921875,397.5174865722656,191.48289489746094,-8.507510938216001e-05,-0.0005886574508622289,1.5809953212738037,0.0,0.0,0.0,0,0
1786431197.9013038,0.0350985370005219,APPROACH,FLOW,/home/eunseop/nrs_imitation/checkpoints/flow/polishing/single_cam/20260809_1638,418.5083923339844,397.50262451171875,191.49264526367188,-3.382523937034421e-05,-0.0005738051841035485,1.580954670906067,-0.19574391841888428,-0.14241008460521698,0.0834195613861084,418.5181884765625,397.5166015625,191.48403930664062,-8.501878619426861e-05,-0.0005894444766454399,1.5810093879699707,0.0,0.0,0.0,0,0
1786431197.9092734,0.043068097999821475,APPROACH,FLOW,/home/eunseop/nrs_imitation/checkpoints/flow/polishing/single_cam/20260809_1638,418.5234069824219,397.49908447265625,191.49302673339844,-7.902695506345481e-05,-0.0005588242202065885,1.5809307098388672,-0.2849794328212738,-0.09733008593320847,0.18048205971717834,418.5198059082031,397.51513671875,191.4859161376953,-8.492527558701113e-05,-0.0005907509475946426,1.5810327529907227,0.0,0.0,0.0,0,0
1786431197.9172764,0.05107104299986531,APPROACH,FLOW,/home/eunseop/nrs_imitation/checkpoints/flow/polishing/single_cam/20260809_1638,418.5050354003906,397.48382568359375,191.46746826171875,-0.0001021019124891609,-0.0005237659788690507,1.5809906721115112,-0.07856151461601257,-0.22999384999275208,-0.2117919772863388,418.5220031738281,397.5130615234375,191.488525390625,-8.47941410029307e-05,-0.000592583033721894,1.5810654163360596,0.0,0.0,0.0,0,0
1786431197.92524,0.059034763000454404,APPROACH,FLOW,/home/eunseop/nrs_imitation/checkpoints/flow/polishing/single_cam/20260809_1638,418.49169921875,397.50372314453125,191.5150146484375,-5.000804230803624e-05,-0.0005643583135679364,1.5809787511825562,-0.1157822385430336,-0.2879619598388672,0.3527068793773651,418.52484130859375,397.5104064941406,191.4918975830078,-8.462635742034763e-05,-0.0005949269398115575,1.5811070203781128,0.0,0.0,0.0,0,0
1786431197.9333122,0.06710718199974508,APPROACH,FLOW,/home/eunseop/nrs_imitation/checkpoints/flow/polishing/single_cam/20260809_1638,418.4628601074219,397.4672546386719,191.50128173828125,-0.0001285212201764807,-0.0004753416287712753,1.5809787511825562,-0.3130120635032654,-0.22018013894557953,-0.5485823154449463,418.5282897949219,397.5072021484375,191.4960174560547,-8.442097896477208e-05,-0.0005977965192869306,1.5811582803726196,0.0,0.0,0.0,0,0
1786431197.9412777,0.07507228400027088,APPROACH,FLOW,/home/eunseop/nrs_imitation/checkpoints/flow/polishing/single_cam/20260809_1638,418.41046142578125,397.4390869140625,191.5137481689453,-8.465047721983865e-05,-0.0003804415464401245,1.5809308290481567,0.27404090762138367,-0.6852731704711914,-0.5405157804489136,418.53240966796875,397.5033874511719,191.5008544921875,-8.417887147516012e-05,-0.0006011789082549512,1.5812184810638428,0.0,0.0,0.0,0,0
1786431197.9493709,0.08316627400017751,APPROACH,FLOW,/home/eunseop/nrs_imitation/checkpoints/flow/polishing/single_cam/20260809_1638,418.40606689453125,397.4613952636719,191.5432891845703,-8.382179657928646e-05,-0.0004356222925707698,1.580918788909912,-0.6953134536743164,0.450393408536911,-0.42398324608802795,418.5371398925781,397.4989929199219,191.5064697265625,-8.389903814531863e-05,-0.000605088600423187,1.58128821849823,0.0,0.0,0.0,0,0
1786431197.9572923,0.09108693100006349,APPROACH,FLOW,/home/eunseop/nrs_imitation/checkpoints/flow/polishing/single_cam/20260809_1638,418.40985107421875,397.44500732421875,191.57244873046875,-0.00014492965419776738,-0.000465424673166126,1.5809067487716675,-0.8843344449996948,0.3431517779827118,-0.054269518703222275,418.5424499511719,397.4940185546875,191.51278686523438,-8.358383638551459e-05,-0.0006094923592172563,1.5813666582107544,0.0,0.0,0.0,0,0
1786431197.965289,0.09908375499981048,APPROACH,FLOW,/home/eunseop/nrs_imitation/checkpoints/flow/polishing/single_cam/20260809_1638,418.3820495605469,397.4528503417969,191.55088806152344,-6.492376996902749e-05,-0.0004026808892376721,1.5808948278427124,0.5160585045814514,-1.2109992504119873,-0.4157712757587433,418.54840087890625,397.48846435546875,191.51986694335938,-8.323124347953126e-05,-0.000614418531768024,1.5814546346664429,0.0,0.0,0.0,0,0
1786431197.9733815,0.10717626200039376,APPROACH,FLOW,/home/eunseop/nrs_imitation/checkpoints/flow/polishing/single_cam/20260809_1638,418.3820495605469,397.4528503417969,191.55088806152344,-6.492376996902749e-05,-0.0004026808892376721,1.5808948278427124,0.5160585045814514,-1.2109992504119873,-0.4157712757587433,418.55511474609375,397.4822082519531,191.5277862548828,-8.283524948637933e-05,-0.0006199509953148663,1.5815531015396118,0.0,0.0,0.0,0,0
1786431197.981282,0.11507657000038307,APPROACH,FLOW,/home/eunseop/nrs_imitation/checkpoints/flow/polishing/single_cam/20260809_1638,418.4103088378906,397.4357604980469,191.56454467773438,-0.00011634730617515743,-0.0004167597508057952,1.580906867980957,-0.9656634330749512,0.4295463562011719,1.15804922580719,418.5622253417969,397.4756164550781,191.5362091064453,-8.241548493970186e-05,-0.0006258156499825418,1.5816577672958374,0.0,0.0,0.0,0,0
1786431197.9892218,0.12301648399989062,APPROACH,FLOW,/home/eunseop/nrs_imitation/checkpoints/flow/polishing/single_cam/20260809_1638,418.4068908691406,397.4564208984375,191.54844665527344,-0.00010973600001307204,-0.0004418947792146355,1.580966830253601,0.7596923112869263,-0.5253979563713074,-0.024967685341835022,418.5699768066406,397.4683532714844,191.5454559326172,-8.195370901376009e-05,-0.0006322671542875469,1.5817726850509644,0.0,0.0,0.0,0,0
1786431197.9971938,0.13098824900043837,APPROACH,FLOW,/home/eunseop/nrs_imitation/checkpoints/flow/polishing/single_cam/20260809_1638,418.3877868652344,397.4099426269531,191.4893341064453,-0.0001503671519458294,-0.0002875101054087281,1.5809307098388672,-0.563544511795044,0.7097358703613281,0.4765569865703583,418.5784606933594,397.46051025390625,191.55545043945312,-8.145510946633294e-05,-0.000639233214315027,1.5818969011306763,0.0,0.0,0.0,0,0
1786431198.0051992,0.13899359900005948,APPROACH,FLOW,/home/eunseop/nrs_imitation/checkpoints/flow/polishing/single_cam/20260809_1638,418.3985900878906,397.3758850097656,191.50379943847656,-0.0002052982890745625,-0.00028825015760958195,1.580966830253601,0.2829494774341583,-0.2813117206096649,-0.5480219125747681,418.5875244140625,397.45208740234375,191.56617736816406,-8.091995550785214e-05,-0.0006467101047746837,1.5820302963256836,0.0,0.0,0.0,0,0
1786431198.0131822,0.14697688600062975,APPROACH,FLOW,/home/eunseop/nrs_imitation/checkpoints/flow/polishing/single_cam/20260809_1638,418.4146728515625,397.4002990722656,191.518798828125,-0.000172117113834247,-0.00036231905687600374,1.5810625553131104,0.21424931287765503,-0.9147209525108337,-0.8274257779121399,418.5971374511719,397.4430847167969,191.57760620117188,-8.034877828322351e-05,-0.0006546900840476155,1.5821723937988281,0.0,0.0,0.0,0,0
1786431198.0212133,0.15500766500008467,APPROACH,FLOW,/home/eunseop/nrs_imitation/checkpoints/flow/polishing/single_cam/20260809_1638,418.4294738769531,397.4159240722656,191.52577209472656,-0.00011992888175882399,-0.00040341756539419293,1.5811465978622437,-0.6570380330085754,0.757315993309021,0.09945526719093323,418.6074523925781,397.43353271484375,191.5897979736328,-7.974109030328691e-05,-0.000663180195260793,1.5823237895965576,0.0,0.0,0.0,0,0
1786431198.0292144,0.1630091770002764,APPROACH,FLOW,/home/eunseop/nrs_imitation/checkpoints/flow/polishing/single_cam/20260809_1638,418.450927734375,397.46319580078125,191.5755157470703,-0.00013845459034200758,-0.0004905491368845105,1.5813502073287964,0.2556021511554718,0.18297694623470306,-0.02395978756248951,418.6183166503906,397.42333984375,191.6027069091797,-7.909703708719462e-05,-0.0006721782265231013,1.5824841260910034,0.0,0.0,0.0,0,0
1786431198.0380733,0.17186806500012608,APPROACH,FLOW,/home/eunseop/nrs_imitation/checkpoints/flow/polishing/single_cam/20260809_1638,418.450927734375,397.46319580078125,191.5755157470703,-0.00013845459034200758,-0.0004905491368845105,1.5813502073287964,0.2556021511554718,0.18297694623470306,-0.02395978756248951,418.63104248046875,397.4115295410156,191.6177978515625,-7.834444113541394e-05,-0.0006826930330134928,1.5826716423034668,0.0,0.0,0.0,0,0
1786431198.0452378,0.1790323900004296,APPROACH,FLOW,/home/eunseop/nrs_imitation/checkpoints/flow/polishing/single_cam/20260809_1638,418.4483337402344,397.4253845214844,191.5701141357422,-0.0001158483573817648,-0.00047196869854815304,1.5815292596817017,-0.04329250007867813,-0.025258172303438187,0.24123048782348633,418.6418762207031,397.4013977050781,191.63067626953125,-7.770186493871734e-05,-0.0006916706333868206,1.5828317403793335,0.0,0.0,0.0,0,0
1786431198.0531943,0.1869889260005948,APPROACH,FLOW,/home/eunseop/nrs_imitation/checkpoints/flow/polishing/single_cam/20260809_1638,418.43878173828125,397.4320983886719,191.5568084716797,-0.00010640669643180445,-0.0004552284372039139,1.581577181816101,-0.11507478356361389,-0.3918114900588989,-0.0052420636638998985,418.6545715332031,397.38958740234375,191.6457061767578,-7.69517500884831e-05,-0.0007021506316959858,1.58301842212677,0.0,0.0,0.0,0,0
1786431198.0611904,0.1949848579997706,APPROACH,FLOW,/home/eunseop/nrs_imitation/checkpoints/flow/polishing/single_cam/20260809_1638,418.46282958984375,397.40753173828125,191.5539093017578,-0.000171605875948444,-0.00041695820982567966,1.5816490650177002,-0.31978312134742737,0.130842387676239,0.30705031752586365,418.6678466796875,397.3772277832031,191.66146850585938,-7.616478978889063e-05,-0.0007131454767659307,1.583214521408081,0.0,0.0,0.0,0,0
1786431198.0691824,0.20297703200049,APPROACH,FLOW,/home/eunseop/nrs_imitation/checkpoints/flow/polishing/single_cam/20260809_1638,418.42559814453125,397.4156188964844,191.544677734375,-9.753165068104863e-05,-0.0003843290905933827,1.581804871559143,-0.015049568377435207,0.39918938279151917,0.21287019550800323,418.6817626953125,397.3642578125,191.67794799804688,-7.534238102380186e-05,-0.0007246353197842836,1.5834192037582397,0.0,0.0,0.0,0,0
1786431198.0771968,0.21099131900064094,APPROACH,FLOW,/home/eunseop/nrs_imitation/checkpoints/flow/polishing/single_cam/20260809_1638,418.44049072265625,397.3786315917969,191.52584838867188,-0.00017555586236994714,-0.00034996288013644516,1.581960678100586,0.013693380169570446,0.3728518486022949,-0.26449301838874817,418.6962585449219,397.3507385253906,191.69512939453125,-7.448472752002999e-05,-0.00073661794885993,1.5836328268051147,0.0,0.0,0.0,0,0
1786431198.0852,0.21899474400015606,APPROACH,FLOW,/home/eunseop/nrs_imitation/checkpoints/flow/polishing/single_cam/20260809_1638,418.4611511230469,397.39111328125,191.5725860595703,-0.00011329416156513616,-0.00042957166442647576,1.5820801258087158,-0.320543110370636,0.01928495056927204,0.06279081106185913,418.71136474609375,397.3367004394531,191.71304321289062,-7.359131996054202e-05,-0.0007490998250432312,1.5838552713394165,0.0,0.0,0.0,0,0
1786431198.0931897,0.22698428400053672,APPROACH,FLOW,/home/eunseop/nrs_imitation/checkpoints/flow/polishing/single_cam/20260809_1638,418.4612731933594,397.3946838378906,191.56723022460938,-0.00011956402886426076,-0.0004586277646012604,1.5822958946228027,0.3547569513320923,-0.535757839679718,-0.3914525508880615,418.7270812988281,397.32208251953125,191.73165893554688,-7.266247121151537e-05,-0.0007620770484209061,1.5840866565704346,0.0,0.0,0.0,0,0
1786431198.1011827,0.23497719999977562,APPROACH,FLOW,/home/eunseop/nrs_imitation/checkpoints/flow/polishing/single_cam/20260809_1638,418.4363098144531,397.401123046875,191.5511474609375,-0.00011336192983435467,-0.0004295780381653458,1.5824636220932007,0.1327441781759262,-0.30416813492774963,-0.05872751772403717,418.7433776855469,397.306884765625,191.75099182128906,-7.169840682763606e-05,-0.0007755461265332997,1.5843267440795898,0.0,0.0,0.0,0,0
1786431198.109205,0.242999482000414,APPROACH,FLOW,/home/eunseop/nrs_imitation/checkpoints/flow/polishing/single_cam/20260809_1638,418.484375,397.3854675292969,191.56874084472656,-0.00013584873522631824,-0.00044915868784300983,1.582607388496399,-0.5768728256225586,0.6747677326202393,0.4296436309814453,418.76025390625,397.2911682128906,191.77101135253906,-7.069919956848025e-05,-0.0007895062444731593,1.5845755338668823,0.0,0.0,0.0,0,0
1786431198.1171942,0.25098883000009664,APPROACH,FLOW,/home/eunseop/nrs_imitation/checkpoints/flow/polishing/single_cam/20260809_1638,418.4827880859375,397.4158630371094,191.5810546875,-9.98427058220841e-05,-0.0004814005515072495,1.5826433897018433,0.3790244460105896,-0.5593761801719666,-0.25231993198394775,418.7777099609375,397.2748718261719,191.79171752929688,-6.96651914040558e-05,-0.000803952687419951,1.584833025932312,0.0,0.0,0.0,0,0
1786431198.125182,0.25897650600018096,APPROACH,FLOW,/home/eunseop/nrs_imitation/checkpoints/flow/polishing/single_cam/20260809_1638,418.46893310546875,397.3918151855469,191.5806121826172,-0.000110122564365156,-0.00044240205897949636,1.5828827619552612,0.5091807246208191,0.36209699511528015,0.5502142310142517,418.7958068847656,397.2580261230469,191.8131561279297,-6.859581480966881e-05,-0.0008188930805772543,1.5850993394851685,0.0,0.0,0.0,0,0
1786431198.13318,0.266974522000055,APPROACH,FLOW,/home/eunseop/nrs_imitation/checkpoints/flow/polishing/single_cam/20260809_1638,418.47735595703125,397.3798828125,191.6123504638672,-0.00010696734534576535,-0.0004547183634713292,1.583134412765503,-0.16068631410598755,0.5573692917823792,0.451175719499588,418.814453125,397.24066162109375,191.8352813720703,-6.749173917341977e-05,-0.0008343184017576277,1.585374355316162,0.0,0.0,0.0,0,0
1786431198.1411924,0.27498708500024804,APPROACH,FLOW,/home/eunseop/nrs_imitation/checkpoints/flow/polishing/single_cam/20260809_1638,418.5019226074219,397.35943603515625,191.65245056152344,-0.0001098124630516395,-0.0004971156013198197,1.5834217071533203,-0.32847243547439575,-0.6677833795547485,-0.3842836320400238,418.8337097167969,397.22271728515625,191.85809326171875,-6.635267345700413e-05,-0.0008502323180437088,1.585658073425293,0.0,0.0,0.0,0,0
1786431198.15064,0.284434644000612,APPROACH,FLOW,/home/eunseop/nrs_imitation/checkpoints/flow/polishing/single_cam/20260809_1638,418.5019226074219,397.35943603515625,191.65245056152344,-0.0001098124630516395,-0.0004971156013198197,1.5834217071533203,-0.32847243547439575,-0.6677833795547485,-0.3842836320400238,418.857177734375,397.20086669921875,191.88592529296875,-6.496519927168265e-05,-0.000869617098942399,1.5860036611557007,0.0,0.0,0.0,0,0
1786431198.1572013,0.29099608100023033,APPROACH,FLOW,/home/eunseop/nrs_imitation/checkpoints/flow/polishing/single_cam/20260809_1638,418.51104736328125,397.3154296875,191.63894653320312,-0.00010780849697766826,-0.00040002414607442915,1.5839961767196655,-0.33768704533576965,0.09140841662883759,0.39851298928260803,418.8739929199219,397.1852111816406,191.90585327148438,-6.397040851879865e-05,-0.0008835155749693513,1.5862513780593872,0.0,0.0,0.0,0,0
1786431198.1651855,0.2989801100002296,APPROACH,FLOW,/home/eunseop/nrs_imitation/checkpoints/flow/polishing/single_cam/20260809_1638,418.5246276855469,397.2691955566406,191.63461303710938,-9.49151799432002e-05,-0.00039663215284235775,1.5841878652572632,-0.16254542768001556,0.36451756954193115,0.5906978845596313,418.89501953125,397.1656799316406,191.9307403564453,-6.272830069065094e-05,-0.0009008693741634488,1.5865607261657715,0.0,0.0,0.0,0,0
1786431198.1748052,0.30859981899993727,APPROACH,FLOW,/home/eunseop/nrs_imitation/checkpoints/flow/polishing/single_cam/20260809_1638,418.5593566894531,397.2667541503906,191.7106475830078,-0.0001394289283780381,-0.0004904951201751828,1.5843912363052368,0.45942357182502747,-0.7941049337387085,-0.29404351115226746,418.92095947265625,397.14141845703125,191.9615478515625,-6.119109457358718e-05,-0.0009223458473570645,1.586943507194519,0.0,0.0,0.0,0,0
1786431198.1812155,0.3150099559998125,APPROACH,FLOW,/home/eunseop/nrs_imitation/checkpoints/flow/polishing/single_cam/20260809_1638,418.56817626953125,397.2654113769531,191.71209716796875,-0.000126523373182863,-0.00048710970440879464,1.5845706462860107,0.14039283990859985,-0.27492663264274597,-0.11186841875314713,418.9387512207031,397.1248474121094,191.98263549804688,-6.013827078277245e-05,-0.0009370551561005414,1.5872056484222412,0.0,0.0,0.0,0,0
1786431198.1892252,0.3230198940000264,APPROACH,FLOW,/home/eunseop/nrs_imitation/checkpoints/flow/polishing/single_cam/20260809_1638,418.5834045410156,397.2685241699219,191.69512939453125,-0.00014273296983446926,-0.0004781662137247622,1.5846664905548096,0.40846455097198486,-0.1778639554977417,0.14568616449832916,418.9615783691406,397.1036376953125,192.00970458984375,-5.878860974917188e-05,-0.00095591158606112,1.587541937828064,0.0,0.0,0.0,0,0
1786431198.1972227,0.3310172480005349,APPROACH,FLOW,/home/eunseop/nrs_imitation/checkpoints/flow/polishing/single_cam/20260809_1638,418.5673828125,397.25726318359375,191.73748779296875,-9.733924525789917e-05,-0.0004937338526360691,1.5849062204360962,0.25349876284599304,-0.6537330746650696,-0.005277215037494898,418.9848937988281,397.0819091796875,192.037353515625,-5.740840424550697e-05,-0.0009751946781761944,1.5878854990005493,0.0,0.0,0.0,0,0
1786431198.2053297,0.33912439300002006,APPROACH,FLOW,/home/eunseop/nrs_imitation/checkpoints/flow/polishing/single_cam/20260809_1638,418.6018371582031,397.2308349609375,191.74546813964844,-0.00011656277638394386,-0.0005261315382085741,1.585193395614624,-0.2127889096736908,0.8368629813194275,0.43331897258758545,419.0089416503906,397.0595397949219,192.06582641601562,-5.5987700761761516e-05,-0.0009950436651706696,1.5882394313812256,0.0,0.0,0.0,0,0
1786431198.2132213,0.3470160050001141,APPROACH,FLOW,/home/eunseop/nrs_imitation/checkpoints/flow/polishing/single_cam/20260809_1638,418.61724853515625,397.2143249511719,191.7710418701172,-0.0001070615544449538,-0.0005104641895741224,1.5855765342712402,-1.1154781579971313,-0.2752533257007599,0.20183776319026947,419.0333251953125,397.0368347167969,192.0947265625,-5.454553320305422e-05,-0.00101519247982651,1.588598608970642,0.0,0.0,0.0,0,0
1786431198.2212365,0.35503120300018054,APPROACH,FLOW,/home/eunseop/nrs_imitation/checkpoints/flow/polishing/single_cam/20260809_1638,418.61529541015625,397.1711120605469,191.769287109375,-0.000120534525194671,-0.0004590998578350991,1.5859596729278564,-0.07659345120191574,0.2676776349544525,-0.6231316924095154,419.058349609375,397.01348876953125,192.1244354248047,-5.306283856043592e-05,-0.0010359075386077166,1.5889678001403809,0.0,0.0,0.0,0,0
1786431198.2293396,0.3631343300003209,APPROACH,FLOW,/home/eunseop/nrs_imitation/checkpoints/flow/polishing/single_cam/20260809_1638,418.687255859375,397.13739013671875,191.82691955566406,-0.00015893489762675017,-0.0005238658632151783,1.5862113237380981,-0.07714228332042694,0.266868531703949,-0.6231409311294556,419.0841369628906,396.989501953125,192.1549530029297,-5.1539886044338346e-05,-0.001057184999808669,1.5893471240997314,0.0,0.0,0.0,0,0
1786431198.2372012,0.3709957030005171,APPROACH,FLOW,/home/eunseop/nrs_imitation/checkpoints/flow/polishing/single_cam/20260809_1638,418.6967468261719,397.1273193359375,191.84677124023438,-0.00015238806372508407,-0.0005495480145327747,1.5865825414657593,-0.24562732875347137,0.20705081522464752,0.03087741509079933,419.110107421875,396.9653015136719,192.185791015625,-5.0002141506411135e-05,-0.0010786692146211863,1.589730143547058,0.0,0.0,0.0,0,0
1786431198.2452035,0.3789980370002013,APPROACH,FLOW,/home/eunseop/nrs_imitation/checkpoints/flow/polishing/single_cam/20260809_1638,418.74407958984375,397.10650634765625,191.87123107910156,-0.0001553446927573532,-0.0005919482791796327,1.586786150932312,-0.03671344369649887,-0.5899254679679871,-0.19105151295661926,419.1368713378906,396.94036865234375,192.21751403808594,-4.841851841774769e-05,-0.0011007942957803607,1.5901246070861816,0.0,0.0,0.0,0,0
1786431198.2531924,0.386987095999757,APPROACH,FLOW,/home/eunseop/nrs_imitation/checkpoints/flow/polishing/single_cam/20260809_1638,418.75396728515625,397.1202392578125,191.9230499267578,-0.00011245692439842969,-0.0007041966891847551,1.5869176387786865,0.10905905812978745,-0.04827778786420822,0.518576443195343,419.1641845703125,396.9148864746094,192.2499237060547,-4.680107667809352e-05,-0.0011233917903155088,1.5905272960662842,0.0,0.0,0.0,0,0
1786431198.2612157,0.39501034900058585,APPROACH,FLOW,/home/eunseop/nrs_imitation/checkpoints/flow/polishing/single_cam/20260809_1638,418.7806396484375,397.07391357421875,191.9109344482422,-0.00018085823103319854,-0.0006533421692438424,1.587156891822815,1.0775893926620483,-1.0951058864593506,-0.3598231375217438,419.192138671875,396.8888854980469,192.2830047607422,-4.515039108810015e-05,-0.0011464538984000683,1.5909384489059448,0.0,0.0,0.0,0,0
1786431198.269188,0.4029824449999069,APPROACH,FLOW,/home/eunseop/nrs_imitation/checkpoints/flow/polishing/single_cam/20260809_1638,418.79962158203125,397.0868225097656,191.9884796142578,-0.00013857870362699032,-0.0007108954014256597,1.5875639915466309,1.078070044517517,-1.09625244140625,-0.3597274422645569,419.2205810546875,396.8623962402344,192.31675720214844,-4.3467160139698535e-05,-0.001169970608316362,1.591357707977295,0.0,0.0,0.0,0,0
1786431198.2771935,0.41098798500024714,APPROACH,FLOW,/home/eunseop/nrs_imitation/checkpoints/flow/polishing/single_cam/20260809_1638,418.8331298828125,397.02197265625,192.023193359375,-0.00012583780335262418,-0.0007080847281031311,1.5879825353622437,-0.9073859453201294,0.6741827726364136,0.21865229308605194,419.2496032714844,396.8353576660156,192.35116577148438,-4.174961577518843e-05,-0.0011939669493585825,1.5917854309082031,0.0,0.0,0.0,0,0
1786431198.2869666,0.4207612390000577,APPROACH,FLOW,/home/eunseop/nrs_imitation/checkpoints/flow/polishing/single_cam/20260809_1638,418.8297119140625,396.9998779296875,192.01898193359375,-0.00011969494516961277,-0.0006790453917346895,1.5884864330291748,0.20656384527683258,0.8096091151237488,-0.12425077706575394,419.2857971191406,396.8016357421875,192.3940887451172,-3.960804679081775e-05,-0.0012238870840519667,1.5923186540603638,0.0,0.0,0.0,0,0
1786431198.2931979,0.42699232199993276,APPROACH,FLOW,/home/eunseop/nrs_imitation/checkpoints/flow/polishing/single_cam/20260809_1638,418.8699645996094,396.9603271484375,192.065673828125,-9.688571299193427e-05,-0.0007147790165618062,1.5889651775360107,0.20575033128261566,0.8094403743743896,-0.12426739931106567,419.30938720703125,396.7796630859375,192.4220428466797,-3.821307109319605e-05,-0.0012433766387403011,1.5926661491394043,0.0,0.0,0.0,0,0
1786431198.3012252,0.43501983399983146,APPROACH,FLOW,/home/eunseop/nrs_imitation/checkpoints/flow/polishing/single_cam/20260809_1638,418.8917236328125,396.9051818847656,192.08554077148438,-0.00010703669249778613,-0.0006762259872630239,1.5894081592559814,-0.9229602217674255,0.6300453543663025,0.33579713106155396,419.340087890625,396.7510681152344,192.4584503173828,-3.6395893403096125e-05,-0.0012687648413702846,1.593118667602539,0.0,0.0,0.0,0,0
1786431198.3095393,0.4433339570005046,APPROACH,FLOW,/home/eunseop/nrs_imitation/checkpoints/flow/polishing/single_cam/20260809_1638,418.8917236328125,396.9051818847656,192.08554077148438,-0.00010703669249778613,-0.0006762259872630239,1.5894081592559814,-0.9229602217674255,0.6300453543663025,0.33579713106155396,419.3726806640625,396.7207336425781,192.4970703125,-3.446908522164449e-05,-0.0012956846039742231,1.5935986042022705,0.0,0.0,0.0,0,0
1786431198.3172112,0.451005656000234,APPROACH,FLOW,/home/eunseop/nrs_imitation/checkpoints/flow/polishing/single_cam/20260809_1638,419.0220947265625,396.8734130859375,192.18899536132812,-0.0001285953912883997,-0.0009157993481494486,1.5899592638015747,0.7077791690826416,0.621150553226471,-0.10361553728580475,419.4031982421875,396.6922607421875,192.53329467773438,-3.266174462623894e-05,-0.001320935320109129,1.5940486192703247,0.0,0.0,0.0,0,0
1786431198.3252385,0.459033078000175,APPROACH,FLOW,/home/eunseop/nrs_imitation/checkpoints/flow/polishing/single_cam/20260809_1638,419.0428771972656,396.8995056152344,192.22268676757812,-0.0001283307938138023,-0.0009705482516437769,1.5901390314102173,0.6734519600868225,-1.2726510763168335,-0.6205115914344788,419.4356384277344,396.662109375,192.5717315673828,-3.074397682212293e-05,-0.0013477288885042071,1.5945262908935547,0.0,0.0,0.0,0,0
1786431198.3333275,0.4671222779998061,APPROACH,FLOW,/home/eunseop/nrs_imitation/checkpoints/flow/polishing/single_cam/20260809_1638,419.0319519042969,396.9003601074219,192.22222900390625,-9.615191083867103e-05,-0.0009891384979709983,1.59041428565979,1.4171377420425415,0.2695649564266205,0.18960823118686676,419.46868896484375,396.6312561035156,192.61093139648438,-2.8787384508177638e-05,-0.001375064835883677,1.5950134992599487,0.0,0.0,0.0,0,0
1786431198.341327,0.47512149600061093,APPROACH,FLOW,/home/eunseop/nrs_imitation/checkpoints/flow/polishing/single_cam/20260809_1638,419.05780029296875,396.85211181640625,192.30389404296875,-4.448024265002459e-05,-0.0009769329335540533,1.590761423110962,1.4169033765792847,0.27053141593933105,0.1896042823791504,419.502197265625,396.60009765625,192.650634765625,-2.6806057576322928e-05,-0.001402746420353651,1.595507025718689,0.0,0.0,0.0,0,0
1786431198.349263,0.48305749200062564,APPROACH,FLOW,/home/eunseop/nrs_imitation/checkpoints/flow/polishing/single_cam/20260809_1638,419.08636474609375,396.82879638671875,192.32376098632812,-6.754847709089518e-05,-0.0009959721937775612,1.591420292854309,-0.5197864174842834,0.5478100776672363,-0.16976168751716614,419.5362243652344,396.568359375,192.69097900390625,-2.4792847398202866e-05,-0.0014308732934296131,1.59600830078125,0.0,0.0,0.0,0,0
1786431198.3573556,0.49115033999987645,APPROACH,FLOW,/home/eunseop/nrs_imitation/checkpoints/flow/polishing/single_cam/20260809_1638,419.11138916015625,396.81561279296875,192.37196350097656,-4.503744639805518e-05,-0.0010318523272871971,1.5919946432113647,-1.376659631729126,-0.6146702170372009,0.10157214850187302,419.5708312988281,396.5361633300781,192.7320098876953,-2.274645521538332e-05,-0.0014594639651477337,1.5965180397033691,0.0,0.0,0.0,0,0
1786431198.365337,0.49913165399993886,APPROACH,FLOW,/home/eunseop/nrs_imitation/checkpoints/flow/polishing/single_cam/20260809_1638,419.1756591796875,396.76806640625,192.42037963867188,-8.37026018416509e-05,-0.0010976026533171535,1.5924255847930908,0.14729085564613342,1.2512686252593994,-0.21357402205467224,419.60595703125,396.5034484863281,192.77366638183594,-2.066764864139259e-05,-0.0014885073760524392,1.5970357656478882,0.0,0.0,0.0,0,0
1786431198.373329,0.5071235870000237,APPROACH,FLOW,/home/eunseop/nrs_imitation/checkpoints/flow/polishing/single_cam/20260809_1638,419.20965576171875,396.7308044433594,192.43357849121094,-6.782748096156865e-05,-0.0011066679144278169,1.5927244424819946,-0.24900656938552856,-0.6636037826538086,0.0007602194091305137,419.6416320800781,396.4702453613281,192.8159637451172,-1.8557380826678127e-05,-0.0015179903712123632,1.5975613594055176,0.0,0.0,0.0,0,0
1786431198.381361,0.5151556079999864,APPROACH,FLOW,/home/eunseop/nrs_imitation/checkpoints/flow/polishing/single_cam/20260809_1638,419.22076416015625,396.7368469238281,192.44967651367188,-6.147142994450405e-05,-0.001132447854615748,1.5930601358413696,0.3474551737308502,0.6416508555412292,-0.16926541924476624,419.6778564453125,396.4364929199219,192.85890197753906,-1.6414604033343494e-05,-0.0015479275025427341,1.5980950593948364,0.0,0.0,0.0,0,0
1786431198.3892868,0.5230812449999576,APPROACH,FLOW,/home/eunseop/nrs_imitation/checkpoints/flow/polishing/single_cam/20260809_1638,419.2579345703125,396.7548828125,192.505859375,-5.4626045312033966e-05,-0.0012682965025305748,1.593335747718811,0.3474632203578949,0.6421414613723755,-0.16924811899662018,419.7144470214844,396.4023742675781,192.9022979736328,-1.4248988009057939e-05,-0.0015781837282702327,1.5986342430114746,0.0,0.0,0.0,0,0
1786431198.3973317,0.531126571000641,APPROACH,FLOW,/home/eunseop/nrs_imitation/checkpoints/flow/polishing/single_cam/20260809_1638,419.304443359375,396.6834411621094,192.545654296875,-9.076600690605119e-05,-0.001235775533132255,1.5935869216918945,1.3655873537063599,-0.3862539827823639,0.4764344394207001,419.7519226074219,396.36749267578125,192.9467010498047,-1.2033189705107361e-05,-0.0016091412398964167,1.5991861820220947,0.0,0.0,0.0,0,0
1786431198.4053297,0.5391243559997747,APPROACH,FLOW,/home/eunseop/nrs_imitation/checkpoints/flow/polishing/single_cam/20260809_1638,419.33709716796875,396.6902770996094,192.63047790527344,-8.759561751503497e-05,-0.0013045575469732285,1.5942096710205078,0.5658100247383118,0.6107307076454163,-0.6686118841171265,419.78973388671875,396.3322448730469,192.99156188964844,-9.794552170205861e-06,-0.0016404176130890846,1.5997436046600342,0.0,0.0,0.0,0,0
1786431198.4133246,0.5471194159999868,APPROACH,FLOW,/home/eunseop/nrs_imitation/checkpoints/flow/polishing/single_cam/20260809_1638,419.3655700683594,396.62347412109375,192.65667724609375,-5.9276484535075724e-05,-0.0012556392466649413,1.5949281454086304,0.0023523534182459116,0.27562958002090454,-0.7952322959899902,419.828125,396.2964782714844,193.03707885742188,-7.523813110310584e-06,-0.0016721426509320736,1.600309133529663,0.0,0.0,0.0,0,0
1786431198.4218373,0.5556318389999433,APPROACH,FLOW,/home/eunseop/nrs_imitation/checkpoints/flow/polishing/single_cam/20260809_1638,419.3655700683594,396.62347412109375,192.65667724609375,-5.9276484535075724e-05,-0.0012556392466649413,1.5949281454086304,0.0023523534182459116,0.27562958002090454,-0.7952322959899902,419.869873046875,396.25762939453125,193.0865478515625,-5.055255314800888e-06,-0.001706631388515234,1.600924015045166,0.0,0.0,0.0,0,0
1786431198.4291897,0.5629841350000788,APPROACH,FLOW,/home/eunseop/nrs_imitation/checkpoints/flow/polishing/single_cam/20260809_1638,419.46783447265625,396.50628662109375,192.7714080810547,-8.607352356193587e-05,-0.001318206894211471,1.596280813217163,-0.2141907662153244,0.5038081407546997,-0.3803761899471283,419.9062194824219,396.2237854003906,193.129638671875,-2.905406290665269e-06,-0.0017366674728691578,1.6014595031738281,0.0,0.0,0.0,0,0
1786431198.437255,0.5710496700003205,APPROACH,FLOW,/home/eunseop/nrs_imitation/checkpoints/flow/polishing/single_cam/20260809_1638,419.5155029296875,396.5254821777344,192.89035034179688,1.0667621381799108e-06,-0.0015017512487247586,1.596855640411377,-0.6929838061332703,0.9383867979049683,0.691353976726532,419.9462890625,396.1864929199219,193.1771240234375,-5.348847480490804e-07,-0.0017697864677757025,1.602049708366394,0.0,0.0,0.0,0,0
1786431198.445248,0.5790427460005958,APPROACH,FLOW,/home/eunseop/nrs_imitation/checkpoints/flow/polishing/single_cam/20260809_1638,419.5531311035156,396.4881896972656,192.91575622558594,-5.751196658820845e-05,-0.0015444488963112235,1.5972626209259033,0.4735947847366333,-0.37649714946746826,0.20359811186790466,419.98681640625,396.1487121582031,193.22518920898438,1.8627979443408549e-06,-0.0018032848602160811,1.6026469469070435,0.0,0.0,0.0,0,0
1786431198.4533074,0.5871021600005406,APPROACH,FLOW,/home/eunseop/nrs_imitation/checkpoints/flow/polishing/single_cam/20260809_1638,419.60809326171875,396.4774475097656,192.96914672851562,-8.364715904463083e-05,-0.001660627662204206,1.5974897146224976,0.47490787506103516,-0.3764745891094208,0.20363228023052216,420.02789306640625,396.1104736328125,193.2738800048828,4.292727680876851e-06,-0.0018372340127825737,1.6032520532608032,0.0,0.0,0.0,0,0
1786431198.4611952,0.5949899730003381,APPROACH,FLOW,/home/eunseop/nrs_imitation/checkpoints/flow/polishing/single_cam/20260809_1638,419.6631164550781,396.43035888671875,192.99737548828125,-8.712878479855135e-05,-0.0017030950402840972,1.5977773666381836,1.1498936414718628,-0.1301771104335785,1.1488544940948486,420.0693054199219,396.07183837890625,193.32302856445312,6.744478014297783e-06,-0.0018714879406616092,1.6038625240325928,0.0,0.0,0.0,0,0
1786431198.4697034,0.6034980579997864,APPROACH,FLOW,/home/eunseop/nrs_imitation/checkpoints/flow/polishing/single_cam/20260809_1638,419.6631164550781,396.43035888671875,192.99737548828125,-8.712878479855135e-05,-0.0017030950402840972,1.5977773666381836,1.1498936414718628,-0.1301771104335785,1.1488544940948486,420.1141052246094,396.0301208496094,193.3760986328125,9.393465006724e-06,-0.0019084974192082882,1.6045223474502563,0.0,0.0,0.0,0,0
1786431198.4771986,0.6109931480004889,APPROACH,FLOW,/home/eunseop/nrs_imitation/checkpoints/flow/polishing/single_cam/20260809_1638,419.7000427246094,396.3524475097656,193.08018493652344,-6.906899943714961e-05,-0.0016162418760359287,1.5990591049194336,1.6346749067306519,-0.934549868106842,-0.5678106546401978,420.154052734375,395.992919921875,193.42347717285156,1.1757132597267628e-05,-0.0019415206043049693,1.605111002922058,0.0,0.0,0.0,0,0
1786431198.485187,0.6189816659998542,APPROACH,FLOW,/home/eunseop/nrs_imitation/checkpoints/flow/polishing/single_cam/20260809_1638,419.7037353515625,396.31549072265625,193.1210174560547,-8.341191460203845e-06,-0.0015867582987993956,1.5998612642288208,-0.3048761785030365,1.1022828817367554,0.6819446086883545,420.19720458984375,395.9527587890625,193.47462463378906,1.430961856385693e-05,-0.0019771819934248924,1.6057467460632324,0.0,0.0,0.0,0,0
1786431198.4931788,0.6269735490004678,APPROACH,FLOW,/home/eunseop/nrs_imitation/checkpoints/flow/polishing/single_cam/20260809_1638,419.754150390625,396.2177734375,193.18992614746094,-6.422613660106435e-05,-0.0015869566705077887,1.6006156206130981,-0.33189907670021057,1.6947327852249146,0.10989595949649811,420.2408752441406,395.9120788574219,193.52639770507812,1.6893383872229606e-05,-0.002013280289247632,1.606390118598938,0.0,0.0,0.0,0,0
1786431198.5011804,0.6349751420002576,APPROACH,FLOW,/home/eunseop/nrs_imitation/checkpoints/flow/polishing/single_cam/20260809_1638,419.75714111328125,396.1335144042969,193.20799255371094,-5.192293247091584e-05,-0.0014742148341611028,1.6014537811279297,-0.9321770668029785,0.3718094229698181,-0.002901173196732998,420.28509521484375,395.8708801269531,193.57882690429688,1.9508996047079563e-05,-0.002049823524430394,1.607041597366333,0.0,0.0,0.0,0,0
1786431198.5091765,0.642971103000491,APPROACH,FLOW,/home/eunseop/nrs_imitation/checkpoints/flow/polishing/single_cam/20260809_1638,419.8487243652344,396.1331787109375,193.33030700683594,-4.342586180428043e-06,-0.001668965327553451,1.6021840572357178,-0.9339067339897156,0.3698382079601288,-0.0028526252135634422,420.3298034667969,395.8292236328125,193.63182067871094,2.2154323232825845e-05,-0.002086781896650791,1.6077003479003906,0.0,0.0,0.0,0,0
1786431198.517197,0.6509912810006426,APPROACH,FLOW,/home/eunseop/nrs_imitation/checkpoints/flow/polishing/single_cam/20260809_1638,419.9508972167969,396.0618896484375,193.40646362304688,-5.402266833698377e-05,-0.0017497260123491287,1.6028666496276855,-0.24403449892997742,0.7160329818725586,0.27050623297691345,420.3750305175781,395.787109375,193.68545532226562,2.4829998437780887e-05,-0.002124164253473282,1.6083667278289795,0.0,0.0,0.0,0,0
1786431198.525189,0.6589834950000295,APPROACH,FLOW,/home/eunseop/nrs_imitation/checkpoints/flow/polishing/single_cam/20260809_1638,420.01141357421875,396.0146789550781,193.45993041992188,-7.751881639705971e-05,-0.0017691805260255933,1.6034653186798096,-0.24304337799549103,0.716234564781189,0.2705008387565613,420.4208068847656,395.7445068359375,193.73973083496094,2.753786975517869e-05,-0.0021619966719299555,1.6090412139892578,0.0,0.0,0.0,0,0
1786431198.5331786,0.6669732250002198,APPROACH,FLOW,/home/eunseop/nrs_imitation/checkpoints/flow/polishing/single_cam/20260809_1638,420.0650329589844,396.0111083984375,193.5230712890625,-3.3214200811926275e-05,-0.0018957441207021475,1.6039798259735107,1.1641032695770264,-0.224397674202919,-0.15465928614139557,420.467041015625,395.7013854980469,193.79454040527344,3.0273833544924855e-05,-0.0022002211771905422,1.6097224950790405,0.0,0.0,0.0,0,0
1786431198.5412903,0.6750849790005304,APPROACH,FLOW,/home/eunseop/nrs_imitation/checkpoints/flow/polishing/single_cam/20260809_1638,420.092041015625,396.0082702636719,193.56735229492188,-2.733937253651675e-05,-0.0019770381040871143,1.6043874025344849,1.1651450395584106,-0.22180421650409698,-0.15462467074394226,420.5140075683594,395.65771484375,193.85020446777344,3.3050084311980754e-05,-0.0022390088997781277,1.610413908958435,0.0,0.0,0.0,0,0
1786431198.5491903,0.6829849760006255,APPROACH,FLOW,/home/eunseop/nrs_imitation/checkpoints/flow/polishing/single_cam/20260809_1638,420.09039306640625,396.00872802734375,193.58741760253906,-3.0963969038566574e-05,-0.0020195955876260996,1.6046744585037231,2.119264602661133,-0.619720995426178,0.2759263813495636,420.5611572265625,395.61376953125,193.90611267089844,3.5840632335748523e-05,-0.0022779961582273245,1.6111088991165161,0.0,0.0,0.0,0,0
1786431198.557194,0.6909885519999079,APPROACH,FLOW,/home/eunseop/nrs_imitation/checkpoints/flow/polishing/single_cam/20260809_1638,420.0588073730469,396.0235290527344,193.58999633789062,-8.265573342214338e-06,-0.0019449701067060232,1.6050097942352295,0.07316242158412933,-0.29536154866218567,1.414922833442688,420.60894775390625,395.5692443847656,193.96278381347656,3.86681203963235e-05,-0.002317499602213502,1.6118130683898926,0.0,0.0,0.0,0,0
1786431198.5651815,0.6989760980004576,APPROACH,FLOW,/home/eunseop/nrs_imitation/checkpoints/flow/polishing/single_cam/20260809_1638,420.0641784667969,395.95654296875,193.61886596679688,1.7273463527089916e-05,-0.0018838454270735383,1.6054646968841553,0.07223960757255554,-0.29591092467308044,1.4149284362792969,420.65728759765625,395.52423095703125,194.0200653076172,4.1526938730385154e-05,-0.0023574410006403923,1.6125249862670898,0.0,0.0,0.0,0,0
1786431198.573181,0.7069754860003741,APPROACH,FLOW,/home/eunseop/nrs_imitation/checkpoints/flow/polishing/single_cam/20260809_1638,420.0914001464844,395.8945617675781,193.59214782714844,4.035817255498841e-06,-0.001777469296939671,1.606207251548767,-0.8168826699256897,2.241537094116211,0.19259539246559143,420.70611572265625,395.478759765625,194.07797241210938,4.4415479351300746e-05,-0.0023977970704436302,1.6132444143295288,0.0,0.0,0.0,0,0
1786431198.5812044,0.7149990510006319,APPROACH,FLOW,/home/eunseop/nrs_imitation/checkpoints/flow/polishing/single_cam/20260809_1638,420.1441650390625,395.7974548339844,193.6473846435547,-4.8970036004902795e-05,-0.0017345213564112782,1.607104778289795,-0.8195778727531433,2.2395381927490234,0.1924690157175064,420.75543212890625,395.4327697753906,194.136474609375,4.733495006803423e-05,-0.002438585739582777,1.613971471786499,0.0,0.0,0.0,0,0
1786431198.58921,0.7230047410002953,APPROACH,FLOW,/home/eunseop/nrs_imitation/checkpoints/flow/polishing/single_cam/20260809_1638,420.2353820800781,395.7342529296875,193.71852111816406,-4.393955896375701e-05,-0.0018159575993195176,1.6080036163330078,-1.1005823612213135,1.4175719022750854,-0.2348397672176361,420.8052978515625,395.3863525390625,194.19558715820312,5.028456507716328e-05,-0.00247979536652565,1.6147061586380005,0.0,0.0,0.0,0,0
1786431198.5971837,0.7309784099998069,APPROACH,FLOW,/home/eunseop/nrs_imitation/checkpoints/flow/polishing/single_cam/20260809_1638,420.3210144042969,395.6869812011719,193.8311767578125,-2.6296529540559277e-05,-0.0019496825989335775,1.608829379081726,0.9256687164306641,-0.11191700398921967,-0.571347713470459,420.8555908203125,395.3395080566406,194.25521850585938,5.3259886044543236e-05,-0.002521364251151681,1.6154471635818481,0.0,0.0,0.0,0,0
1786431198.6051807,0.7389752030003365,APPROACH,FLOW,/home/eunseop/nrs_imitation/checkpoints/flow/polishing/single_cam/20260809_1638,420.42462158203125,395.6678161621094,193.93968200683594,-2.228530138381757e-05,-0.0021963417530059814,1.6094282865524292,0.9271114468574524,-0.10934027284383774,-0.5712916254997253,420.9064636230469,395.2921142578125,194.3155059814453,5.6268552725668997e-05,-0.0025633987970650196,1.6161963939666748,0.0,0.0,0.0,0,0
1786431198.6131985,0.7469931470004667,APPROACH,FLOW,/home/eunseop/nrs_imitation/checkpoints/flow/polishing/single_cam/20260809_1638,420.4715881347656,395.6559143066406,194.01490783691406,6.363930151565e-05,-0.002327222842723131,1.6099908351898193,1.090213418006897,-0.1496185064315796,-0.12447559088468552,420.9577941894531,395.24432373046875,194.37635803222656,5.93054573982954e-05,-0.0026058279909193516,1.616952657699585,0.0,0.0,0.0,0,0
1786431198.6211889,0.754983447000086,APPROACH,FLOW,/home/eunseop/nrs_imitation/checkpoints/flow/polishing/single_cam/20260809_1638,420.5245361328125,395.6612243652344,194.0648956298828,6.233630847418681e-05,-0.002437678864225745,1.610325813293457,1.090774416923523,-0.14649128913879395,-0.12446746230125427,421.0096740722656,395.1960144042969,194.43785095214844,6.237338675418869e-05,-0.002648690715432167,1.6177167892456055,0.0,0.0,0.0,0,0
1786431198.6291816,0.7629762530004882,APPROACH,FLOW,/home/eunseop/nrs_imitation/checkpoints/flow/polishing/single_cam/20260809_1638,420.5228271484375,395.655029296875,194.12904357910156,8.129458728944883e-05,-0.0024610573891550303,1.6107209920883179,1.6962648630142212,-0.7930225133895874,0.9258278608322144,421.0619812011719,395.1472473144531,194.49989318847656,6.546972872456536e-05,-0.0026919504161924124,1.61848783493042,0.0,0.0,0.0,0,0
1786431198.6371768,0.7709712920004677,APPROACH,FLOW,/home/eunseop/nrs_imitation/checkpoints/flow/polishing/single_cam/20260809_1638,420.5412902832031,395.6174621582031,194.1514129638672,8.707222150405869e-05,-0.0024317202623933554,1.6112120151519775,0.8091484904289246,-0.25116583704948425,0.34393835067749023,421.11480712890625,395.0980529785156,194.56253051757812,6.859531276859343e-05,-0.0027356185019016266,1.6192662715911865,0.0,0.0,0.0,0,0
1786431198.6452217,0.7790161279999666,APPROACH,FLOW,/home/eunseop/nrs_imitation/checkpoints/flow/polishing/single_cam/20260809_1638,420.58245849609375,395.56951904296875,194.19595336914062,0.00012851753854192793,-0.0023811724968254566,1.6120386123657227,0.8088859915733337,-0.2510509788990021,0.3439248204231262,421.1683349609375,395.0482177734375,194.6259765625,7.17609582352452e-05,-0.0027798465453088284,1.6200547218322754,0.0,0.0,0.0,0,0
1786431198.6532466,0.7870413259997804,APPROACH,FLOW,/home/eunseop/nrs_imitation/checkpoints/flow/polishing/single_cam/20260809_1638,420.63079833984375,395.4914245605469,194.25579833984375,9.12338073248975e-05,-0.002404465340077877,1.613115906715393,0.8080657124519348,-0.2505205273628235,0.34388017654418945,421.22210693359375,394.9981384277344,194.68972778320312,7.494171586586162e-05,-0.0028242855332791805,1.6208468675613403,0.0,0.0,0.0,0,0
1786431198.6612072,0.7950017789999038,APPROACH,FLOW,/home/eunseop/nrs_imitation/checkpoints/flow/polishing/single_cam/20260809_1638,420.6405334472656,395.3993835449219,194.29202270507812,7.747022027615458e-05,-0.002296580234542489,1.614133596420288,0.8090340495109558,-0.24981102347373962,0.34391412138938904,421.2762756347656,394.9476318359375,194.7539825439453,7.814849959686399e-05,-0.00286908820271492,1.621645450592041,0.0,0.0,0.0,0,0
1786431198.6691825,0.8029770210005154,APPROACH,FLOW,/home/eunseop/nrs_imitation/checkpoints/flow/polishing/single_cam/20260809_1638,420.7574157714844,395.3141784667969,194.3950653076172,3.275709241279401e-05,-0.0024036900140345097,1.6149120330810547,0.8082663416862488,-0.2504006624221802,0.343887597322464,421.33111572265625,394.8966369628906,194.81895446777344,8.139020792441443e-05,-0.0029143786523491144,1.6224528551101685,0.0,0.0,0.0,0,0
1786431198.6772048,0.8109992130002865,APPROACH,FLOW,/home/eunseop/nrs_imitation/checkpoints/flow/polishing/single_cam/20260809_1638,420.7876281738281,395.29345703125,194.4365997314453,6.419356213882565e-05,-0.002423570491373539,1.615522861480713,0.8101667165756226,-0.24904195964336395,0.34395477175712585,421.38641357421875,394.8450927734375,194.884521484375,8.466213330393657e-05,-0.002960091456770897,1.623267650604248,0.0,0.0,0.0,0,0
1786431198.6851907,0.8189853260000746,APPROACH,FLOW,/home/eunseop/nrs_imitation/checkpoints/flow/polishing/single_cam/20260809_1638,420.8806457519531,395.2297668457031,194.50181579589844,4.266341420589015e-05,-0.0025661822874099016,1.615905523300171,0.8101816773414612,-0.2479812651872635,0.3439406752586365,421.44219970703125,394.7931213378906,194.95068359375,8.796308975433931e-05,-0.0030062098521739244,1.6240898370742798,0.0,0.0,0.0,0,0
1786431198.693181,0.8269754760003707,APPROACH,FLOW,/home/eunseop/nrs_imitation/checkpoints/flow/polishing/single_cam/20260809_1638,420.94427490234375,395.1785583496094,194.51556396484375,-3.423577254579868e-06,-0.0025497295428067446,1.6162654161453247,-2.233184337615967,2.1466827392578125,0.35787156224250793,421.49847412109375,394.7407531738281,195.01736450195312,9.129090904025361e-05,-0.003052703570574522,1.6249185800552368,0.0,0.0,0.0,0,0
1786431198.701179,0.8349737420003294,APPROACH,FLOW,/home/eunseop/nrs_imitation/checkpoints/flow/polishing/single_cam/20260809_1638,420.95849609375,395.1438293457031,194.5957489013672,-3.030478001164738e-05,-0.002556686755269766,1.6169356107711792,-2.233602523803711,2.145174980163574,0.35774245858192444,421.55523681640625,394.6878356933594,195.08468627929688,9.464999311603606e-05,-0.0030996338464319706,1.6257550716400146,0.0,0.0,0.0,0,0
1786431198.709177,0.842971707000288,APPROACH,FLOW,/home/eunseop/nrs_imitation/checkpoints/flow/polishing/single_cam/20260809_1638,420.96533203125,395.0659484863281,194.62303161621094,3.7185185647103935e-05,-0.002444193232804537,1.617917776107788,1.9645140171051025,-0.6733918786048889,0.05318593233823776,421.6124572753906,394.634521484375,195.15252685546875,9.803557622944936e-05,-0.0031469345558434725,1.6265982389450073,0.0,0.0,0.0,0,0
1786431198.7172213,0.8510160220002945,APPROACH,FLOW,/home/eunseop/nrs_imitation/checkpoints/flow/polishing/single_cam/20260809_1638,421.0346374511719,394.9907531738281,194.69483947753906,3.7650032027158886e-05,-0.00251257186755538,1.6191389560699463,1.9631339311599731,-0.6720449328422546,0.05298646539449692,421.67034912109375,394.58056640625,195.22117614746094,0.00010146124986931682,-0.0031947954557836056,1.6274514198303223,0.0,0.0,0.0,0,0
1786431198.725205,0.8589995190004629,APPROACH,FLOW,/home/eunseop/nrs_imitation/checkpoints/flow/polishing/single_cam/20260809_1638,421.08172607421875,394.91778564453125,194.80154418945312,3.254504190408625e-05,-0.002555990358814597,1.6204205751419067,-1.5916545391082764,2.1702375411987305,-0.1315879225730896,421.7283935546875,394.52655029296875,195.2899932861328,0.00010489457781659439,-0.003242762992158532,1.62830650806427,0.0,0.0,0.0,0,0
1786431198.733185,0.8669797009997637,APPROACH,FLOW,/home/eunseop/nrs_imitation/checkpoints/flow/polishing/single_cam/20260809_1638,421.1593017578125,394.8663635253906,194.89231872558594,5.5164433433674276e-05,-0.002660243073478341,1.6214739084243774,-1.5938695669174194,2.1686298847198486,-0.13158570230007172,421.7870788574219,394.4718933105469,195.35955810546875,0.00010836550791282207,-0.0032912560272961855,1.6291708946228027,0.0,0.0,0.0,0,0
1786431198.742657,0.8764517460003844,APPROACH,FLOW,/home/eunseop/nrs_imitation/checkpoints/flow/polishing/single_cam/20260809_1638,421.2222900390625,394.8521728515625,194.97564697265625,0.00010314828978152946,-0.002814466832205653,1.6222636699676514,-0.1632297933101654,0.9513730406761169,-0.08312907814979553,421.8570251464844,394.40673828125,195.44247436523438,0.0001125038688769564,-0.00334907416254282,1.6302014589309692,0.0,0.0,0.0,0,0
1786431198.7491884,0.8829829950000203,APPROACH,FLOW,/home/eunseop/nrs_imitation/checkpoints/flow/polishing/single_cam/20260809_1638,421.3386535644531,394.8417663574219,195.10708618164062,0.00010816498979693279,-0.003074602922424674,1.622754693031311,-0.1628056764602661,0.9535940885543823,-0.08301704376935959,421.9058837890625,394.36126708984375,195.50038146972656,0.00011539308616193011,-0.0033894400112330914,1.6309211254119873,0.0,0.0,0.0,0,0
1786431198.7571838,0.8909783260005497,APPROACH,FLOW,/home/eunseop/nrs_imitation/checkpoints/flow/polishing/single_cam/20260809_1638,421.3992614746094,394.80157470703125,195.1223602294922,9.13725762075046e-06,-0.00312625034712255,1.6232335567474365,-0.16040290892124176,0.9566407203674316,-0.08287899941205978,421.9659423828125,394.3052673339844,195.57162475585938,0.0001189477407024242,-0.0034391027875244617,1.6318063735961914,0.0,0.0,0.0,0,0
1786431198.7652035,0.898997942999813,APPROACH,FLOW,/home/eunseop/nrs_imitation/checkpoints/flow/polishing/single_cam/20260809_1638,421.429931640625,394.7420959472656,195.14427185058594,3.4161585062975064e-05,-0.0031192549504339695,1.623532772064209,1.5972355604171753,-0.4687179625034332,0.4755360782146454,422.02667236328125,394.24871826171875,195.64361572265625,0.00012254063040018082,-0.003489299677312374,1.6327011585235596,0.0,0.0,0.0,0,0
1786431198.7732089,0.9070033230000263,APPROACH,FLOW,/home/eunseop/nrs_imitation/checkpoints/flow/polishing/single_cam/20260809_1638,421.44403076171875,394.7167053222656,195.21389770507812,6.914140249136835e-05,-0.0030974154360592365,1.6240954399108887,1.5970162153244019,-0.4680543839931488,0.4754987359046936,422.0876159667969,394.19195556640625,195.71588134765625,0.0001261452562175691,-0.0035396607127040625,1.6335989236831665,0.0,0.0,0.0,0,0
1786431198.7811918,0.9149865800000043,APPROACH,FLOW,/home/eunseop/nrs_imitation/checkpoints/flow/polishing/single_cam/20260809_1638,421.4568786621094,394.6342468261719,195.2400665283203,9.223100641975179e-05,-0.0029682612512260675,1.62504243850708,1.5966472625732422,-0.4670380651950836,0.4754386246204376,422.14910888671875,394.13470458984375,195.78875732421875,0.0001297825074288994,-0.003590477630496025,1.634504795074463,0.0,0.0,0.0,0,0
1786431198.7892106,0.9230052350003461,APPROACH,FLOW,/home/eunseop/nrs_imitation/checkpoints/flow/polishing/single_cam/20260809_1638,421.5133056640625,394.53704833984375,195.27145385742188,6.756242510164157e-05,-0.002932405797764659,1.6264190673828125,2.8606131076812744,-0.22929207980632782,0.08419787883758545,422.2110900878906,394.07696533203125,195.86227416992188,0.00013345057959668338,-0.00364172481931746,1.6354182958602905,0.0,0.0,0.0,0,0
1786431198.7971973,0.9309918690005361,APPROACH,FLOW,/home/eunseop/nrs_imitation/checkpoints/flow/polishing/single_cam/20260809_1638,421.54058837890625,394.4591369628906,195.32022094726562,2.9672841264982708e-05,-0.002899624640122056,1.6280357837677002,2.8608360290527344,-0.22607819736003876,0.0841926708817482,422.27362060546875,394.01873779296875,195.93637084960938,0.00013714800297748297,-0.003693382255733013,1.6363390684127808,0.0,0.0,0.0,0,0
1786431198.8052342,0.9390288590002456,APPROACH,FLOW,/home/eunseop/nrs_imitation/checkpoints/flow/polishing/single_cam/20260809_1638,421.6195068359375,394.4004211425781,195.4446563720703,9.939428127836436e-05,-0.003035377012565732,1.629376769065857,2.861300468444824,-0.22229231894016266,0.08421919494867325,422.3367614746094,393.95989990234375,196.01126098632812,0.00014088451280258596,-0.0037455856800079346,1.6372697353363037,0.0,0.0,0.0,0,0
1786431198.8131998,0.946994552000433,APPROACH,FLOW,/home/eunseop/nrs_imitation/checkpoints/flow/polishing/single_cam/20260809_1638,421.6647033691406,394.3988342285156,195.5320281982422,0.00012465759937185794,-0.003154059639200568,1.6304186582565308,-0.4769821763038635,1.548148512840271,-0.00702288281172514,422.39984130859375,393.901123046875,196.08604431152344,0.00014461713726632297,-0.0037977348547428846,1.6381992101669312,0.0,0.0,0.0,0,0
1786431198.8211858,0.9549805149999884,APPROACH,FLOW,/home/eunseop/nrs_imitation/checkpoints/flow/polishing/single_cam/20260809_1638,421.7740783691406,394.3727722167969,195.61178588867188,6.490274972748011e-05,-0.0033194678835570812,1.6309208869934082,-0.4775574505329132,1.5493125915527344,-0.0069086793810129166,422.46368408203125,393.8416748046875,196.16172790527344,0.0001483935775468126,-0.003850496606901288,1.6391397714614868,0.0,0.0,0.0,0,0
1786431198.8292608,0.9630555080002523,APPROACH,FLOW,/home/eunseop/nrs_imitation/checkpoints/flow/polishing/single_cam/20260809_1638,421.83489990234375,394.31610107421875,195.666259765625,9.190270066028461e-05,-0.0033817063085734844,1.6311365365982056,-0.47578027844429016,1.5503517389297485,-0.006866712123155594,422.5281982421875,393.7816162109375,196.2382049560547,0.0001522087841294706,-0.0039037996903061867,1.640089988708496,0.0,0.0,0.0,0,0
1786431198.8371992,0.9709937690004153,APPROACH,FLOW,/home/eunseop/nrs_imitation/checkpoints/flow/polishing/single_cam/20260809_1638,421.8995056152344,394.2689208984375,195.78111267089844,0.00011162159353261814,-0.0034730336628854275,1.6314719915390015,1.953094244003296,0.26710566878318787,0.3895473778247833,422.5929260253906,393.7213134765625,196.31497192382812,0.00015603950305376202,-0.003957319539040327,1.641044020652771,0.0,0.0,0.0,0,0
1786431198.845209,0.9790034060006292,APPROACH,FLOW,/home/eunseop/nrs_imitation/checkpoints/flow/polishing/single_cam/20260809_1638,421.94696044921875,394.1595764160156,195.83578491210938,0.00012127428635722026,-0.0034028885420411825,1.6321539878845215,1.9537756443023682,0.2690242528915405,0.3896510899066925,422.65814208984375,393.6605529785156,196.39227294921875,0.00015989680832717568,-0.004011210985481739,1.6420044898986816,0.0,0.0,0.0,0,0
1786431198.8531852,0.9869799309999507,APPROACH,FLOW,/home/eunseop/nrs_imitation/checkpoints/flow/polishing/single_cam/20260809_1638,422.0160217285156,394.0976867675781,195.90518188476562,0.00017892946198116988,-0.0034857310820370913,1.6331607103347778,1.9527273178100586,0.2696336507797241,0.3895452320575714,422.7236633300781,393.5994873046875,196.46995544433594,0.00016377407882828265,-0.004065380897372961,1.6429702043533325,0.0,0.0,0.0,0,0
1786431198.8612022,0.9949967729999116,APPROACH,FLOW,/home/eunseop/nrs_imitation/checkpoints/flow/polishing/single_cam/20260809_1638,422.10443115234375,394.0093994140625,195.97042846679688,0.00014546795864589512,-0.0035345125943422318,1.6344773769378662,1.952703833580017,0.27316156029701233,0.38959646224975586,422.789794921875,393.5379333496094,196.54837036132812,0.00016768684145063162,-0.0041200462728738785,1.643944501876831,0.0,0.0,0.0,0,0
1786431198.8692372,1.003031789000488,APPROACH,FLOW,/home/eunseop/nrs_imitation/checkpoints/flow/polishing/single_cam/20260809_1638,422.1591796875,393.98779296875,196.08956909179688,0.00021165143698453903,-0.003657268127426505,1.635710597038269,0.7270463109016418,-0.7047205567359924,-0.19983896613121033,422.8565673828125,393.4757385253906,196.62753295898438,0.0001716360857244581,-0.0041752224788069725,1.6449280977249146,0.0,0.0,0.0,0,0
1786431198.8772058,1.0110004079997452,APPROACH,FLOW,/home/eunseop/nrs_imitation/checkpoints/flow/polishing/single_cam/20260809_1638,422.243896484375,393.9359130859375,196.1742706298828,0.0002238971064798534,-0.0037236653733998537,1.6367287635803223,0.7285200357437134,-0.7016430497169495,-0.1998983472585678,422.9234619140625,393.4134521484375,196.70681762695312,0.0001755925768520683,-0.004230499267578125,1.6459134817123413,0.0,0.0,0.0,0,0
1786431198.8852592,1.0190539900004296,APPROACH,FLOW,/home/eunseop/nrs_imitation/checkpoints/flow/polishing/single_cam/20260809_1638,422.3183898925781,393.8994140625,196.22125244140625,0.00017287612718064338,-0.003873248118907213,1.637506365776062,0.7298495173454285,-0.6999950408935547,-0.19990843534469604,422.9911193847656,393.3504333496094,196.7870330810547,0.0001795954303815961,-0.00428642425686121,1.6469104290008545,0.0,0.0,0.0,0,0
1786431198.8931782,1.0269726540000192,APPROACH,FLOW,/home/eunseop/nrs_imitation/checkpoints/flow/polishing/single_cam/20260809_1638,422.3953552246094,393.87347412109375,196.2831268310547,0.00014539000403601676,-0.0040032207034528255,1.638008713722229,-0.36472031474113464,1.1935901641845703,0.9487303495407104,423.058837890625,393.2873229980469,196.8673553466797,0.00018360314425081015,-0.004342416767030954,1.6479085683822632,0.0,0.0,0.0,0,0
1786431198.9012427,1.0350373970004512,APPROACH,FLOW,/home/eunseop/nrs_imitation/checkpoints/flow/polishing/single_cam/20260809_1638,422.4317626953125,393.8374328613281,196.29653930664062,0.0001674186351010576,-0.003984621725976467,1.638440489768982,-0.3636382818222046,1.194564700126648,0.9487749934196472,423.1274108886719,393.22344970703125,196.94863891601562,0.00018765937420539558,-0.004399086814373732,1.6489187479019165,0.0,0.0,0.0,0,0
1786431198.9092462,1.0430409230002624,APPROACH,FLOW,/home/eunseop/nrs_imitation/checkpoints/flow/polishing/single_cam/20260809_1638,422.4707336425781,393.73028564453125,196.37596130371094,0.00017002869572024792,-0.003942952491343021,1.638979196548462,-0.3645890951156616,1.1944183111190796,0.9487849473953247,423.1962890625,393.15936279296875,197.03025817871094,0.00019173146574757993,-0.004455978982150555,1.649932861328125,0.0,0.0,0.0,0,0
1786431198.9172716,1.0510661309999705,APPROACH,FLOW,/home/eunseop/nrs_imitation/checkpoints/flow/polishing/single_cam/20260809_1638,422.4764404296875,393.6219482421875,196.37655639648438,0.00018212942813988775,-0.003761818166822195,1.64003324508667,-0.36568939685821533,1.193766713142395,0.9487631320953369,423.26556396484375,393.09478759765625,197.11241149902344,0.00019583159883040935,-0.004513263236731291,1.6509538888931274,0.0,0.0,0.0,0,0
1786431198.9252007,1.058995254000365,APPROACH,FLOW,/home/eunseop/nrs_imitation/checkpoints/flow/polishing/single_cam/20260809_1638,422.58111572265625,393.5353698730469,196.47840881347656,0.00020351169223431498,-0.0038125556893646717,1.6413859128952026,-0.36896389722824097,1.1914446353912354,0.9486722350120544,423.3350830078125,393.030029296875,197.19485473632812,0.00019994494505226612,-0.004570730961859226,1.6519783735275269,0.0,0.0,0.0,0,0
1786431198.9332743,1.067068995000227,APPROACH,FLOW,/home/eunseop/nrs_imitation/checkpoints/flow/polishing/single_cam/20260809_1638,422.6224060058594,393.4718933105469,196.5606689453125,0.00022447957599069923,-0.003863027784973383,1.6430270671844482,-0.33763962984085083,1.556128978729248,0.6675562262535095,423.4054260253906,392.9645080566406,197.27825927734375,0.00020410654542502016,-0.004628873895853758,1.6530147790908813,0.0,0.0,0.0,0,0
1786431198.9411852,1.0749798530005137,APPROACH,FLOW,/home/eunseop/nrs_imitation/checkpoints/flow/polishing/single_cam/20260809_1638,422.694091796875,393.4012451171875,196.6594696044922,0.0002221982867922634,-0.003932275343686342,1.644535779953003,-0.339867502450943,1.5563305616378784,0.6676172018051147,423.4759216308594,392.8988952636719,197.36178588867188,0.00020827504340559244,-0.004687113221734762,1.654052972793579,0.0,0.0,0.0,0,0
1786431198.9496315,1.08342618900042,APPROACH,FLOW,/home/eunseop/nrs_imitation/checkpoints/flow/polishing/single_cam/20260809_1638,422.694091796875,393.4012451171875,196.6594696044922,0.0002221982867922634,-0.003932275343686342,1.644535779953003,-0.339867502450943,1.5563305616378784,0.6676172018051147,423.55072021484375,392.82916259765625,197.45053100585938,0.00021270292927511036,-0.004748975858092308,1.6551556587219238,0.0,0.0,0.0,0,0
1786431198.9571905,1.0909849710005801,APPROACH,FLOW,/home/eunseop/nrs_imitation/checkpoints/flow/polishing/single_cam/20260809_1638,422.86492919921875,393.3453063964844,196.83309936523438,0.00020487525034695864,-0.004253496415913105,1.6462712287902832,-0.3406129777431488,1.5582873821258545,0.6678056716918945,423.6183776855469,392.7661437988281,197.53073120117188,0.0002167047787224874,-0.004804886411875486,1.656152367591858,0.0,0.0,0.0,0,0
1786431198.9651794,1.0989740700006223,APPROACH,FLOW,/home/eunseop/nrs_imitation/checkpoints/flow/polishing/single_cam/20260809_1638,422.92974853515625,393.3409118652344,196.92308044433594,0.00021889123308937997,-0.004387989640235901,1.6467024087905884,-0.34049054980278015,1.5593953132629395,0.667901873588562,423.6902770996094,392.69921875,197.61595153808594,0.00022095729946158826,-0.004864298738539219,1.657211422920227,0.0,0.0,0.0,0,0
1786431198.9732893,1.1070839000003616,APPROACH,FLOW,/home/eunseop/nrs_imitation/checkpoints/flow/polishing/single_cam/20260809_1638,422.9804992675781,393.2412414550781,196.98529052734375,0.0002162856690119952,-0.004319493658840656,1.6470377445220947,-0.3398888409137726,1.5609235763549805,0.668026328086853,423.7628173828125,392.63165283203125,197.7019805908203,0.00022524977975990623,-0.004924270324409008,1.6582804918289185,0.0,0.0,0.0,0,0
1786431198.9811969,1.1149914120005633,APPROACH,FLOW,/home/eunseop/nrs_imitation/checkpoints/flow/polishing/single_cam/20260809_1638,423.0285339355469,393.1398620605469,197.04757690429688,0.00020539916295092553,-0.0042802938260138035,1.6477680206298828,0.2647274434566498,1.123526692390442,0.14415878057479858,423.8354187011719,392.56402587890625,197.7880401611328,0.000229544413741678,-0.004984271712601185,1.659350037574768,0.0,0.0,0.0,0,0
1786431198.9891796,1.1229741580000336,APPROACH,FLOW,/home/eunseop/nrs_imitation/checkpoints/flow/polishing/single_cam/20260809_1638,423.1198425292969,393.1214904785156,197.19398498535156,0.00030456832610070705,-0.004438210744410753,1.648977518081665,-0.5311265587806702,2.413311004638672,0.346003919839859,423.9085998535156,392.495849609375,197.8748016357422,0.0002338736958336085,-0.005044756457209587,1.6604282855987549,0.0,0.0,0.0,0,0
1786431198.9972038,1.1309982940001646,APPROACH,FLOW,/home/eunseop/nrs_imitation/checkpoints/flow/polishing/single_cam/20260809_1638,423.1952209472656,393.0311584472656,197.2965545654297,0.00029818524490110576,-0.004494782071560621,1.6506661176681519,-0.09668990969657898,1.1704728603363037,0.2817555069923401,423.9822692871094,392.4272155761719,197.962158203125,0.0002382329839747399,-0.005105661228299141,1.6615138053894043,0.0,0.0,0.0,0,0
1786431199.0051887,1.1389832940003544,APPROACH,FLOW,/home/eunseop/nrs_imitation/checkpoints/flow/polishing/single_cam/20260809_1638,423.2828674316406,392.9324645996094,197.37289428710938,0.00024622050113976,-0.004534291569143534,1.6525464057922363,-0.06628081202507019,-0.44020527601242065,0.5199142098426819,424.05633544921875,392.3582458496094,198.04995727539062,0.0002426140126772225,-0.005166869610548019,1.6626049280166626,0.0,0.0,0.0,0,0
1786431199.0131962,1.1469908779999969,APPROACH,FLOW,/home/eunseop/nrs_imitation/checkpoints/flow/polishing/single_cam/20260809_1638,423.39593505859375,392.9443664550781,197.51577758789062,0.00028697759262286127,-0.004815330728888512,1.6543537378311157,0.007406318560242653,1.1288620233535767,1.620644450187683,424.1308288574219,392.28887939453125,198.1382598876953,0.0002470205654390156,-0.005228434689342976,1.663702368736267,0.0,0.0,0.0,0,0
1786431199.0211868,1.1549814090003565,APPROACH,FLOW,/home/eunseop/nrs_imitation/checkpoints/flow/polishing/single_cam/20260809_1638,423.4286193847656,392.92449951171875,197.56515502929688,0.00033359669032506645,-0.004860144108533859,1.6558263301849365,0.007762946654111147,1.1322765350341797,1.620877742767334,424.2057189941406,392.2191162109375,198.22706604003906,0.0002514515945222229,-0.005290341563522816,1.6648058891296387,0.0,0.0,0.0,0,0
1786431199.0291893,1.162984022999808,APPROACH,FLOW,/home/eunseop/nrs_imitation/checkpoints/flow/polishing/single_cam/20260809_1638,423.5073547363281,392.8853759765625,197.63128662109375,0.00030783985857851803,-0.004949110094457865,1.6567968130111694,0.006067160051316023,1.1331928968429565,1.6209396123886108,424.28106689453125,392.14892578125,198.31639099121094,0.0002559091371949762,-0.0053526186384260654,1.6659159660339355,0.0,0.0,0.0,0,0
1786431199.0379941,1.171788727000603,APPROACH,FLOW,/home/eunseop/nrs_imitation/checkpoints/flow/polishing/single_cam/20260809_1638,423.5073547363281,392.8853759765625,197.63128662109375,0.00030783985857851803,-0.004949110094457865,1.6567968130111694,0.006067160051316023,1.1331928968429565,1.6209396123886108,424.36431884765625,392.0713806152344,198.41510009765625,0.0002608337381388992,-0.0054214210249483585,1.6671425104141235,0.0,0.0,0.0,0,0
1786431199.045229,1.1790236770002593,APPROACH,FLOW,/home/eunseop/nrs_imitation/checkpoints/flow/polishing/single_cam/20260809_1638,423.5845031738281,392.6867980957031,197.76419067382812,0.0002798277710098773,-0.0047772908583283424,1.6584370136260986,0.6929357051849365,-0.42732107639312744,-0.9001643061637878,424.43328857421875,392.0071716308594,198.496826171875,0.00026491269818507135,-0.00547840865328908,1.6681582927703857,0.0,0.0,0.0,0,0
1786431199.0532327,1.1870271030002186,APPROACH,FLOW,/home/eunseop/nrs_imitation/checkpoints/flow/polishing/single_cam/20260809_1638,423.6728210449219,392.6015930175781,197.87789916992188,0.00034266055445186794,-0.0048333946615457535,1.6595149040222168,0.6920430064201355,-0.42811763286590576,-0.900178849697113,424.5098876953125,391.935791015625,198.58767700195312,0.000269446027232334,-0.005541745573282242,1.6692873239517212,0.0,0.0,0.0,0,0
1786431199.0612118,1.1950064419997943,APPROACH,FLOW,/home/eunseop/nrs_imitation/checkpoints/flow/polishing/single_cam/20260809_1638,423.7420654296875,392.46826171875,197.93882751464844,0.00034099622280336916,-0.004779234528541565,1.660664677619934,0.6923861503601074,-0.42598676681518555,-0.9002140760421753,424.58673095703125,391.8642272949219,198.67874145507812,0.0002739899209700525,-0.005605229176580906,1.6704189777374268,0.0,0.0,0.0,0,0
1786431199.0692186,1.2030130339999232,APPROACH,FLOW,/home/eunseop/nrs_imitation/checkpoints/flow/polishing/single_cam/20260809_1638,423.8519592285156,392.3810119628906,198.11228942871094,0.0003085738280788064,-0.00490956474095583,1.661969542503357,0.6923050284385681,-0.4259277582168579,-0.9002183675765991,424.6643371582031,391.7919616699219,198.77076721191406,0.00027858137036673725,-0.005669377278536558,1.6715625524520874,0.0,0.0,0.0,0,0
1786431199.0772288,1.2110234030005813,APPROACH,FLOW,/home/eunseop/nrs_imitation/checkpoints/flow/polishing/single_cam/20260809_1638,423.9634704589844,392.32147216796875,198.26394653320312,0.0004036721948068589,-0.005124686751514673,1.6631187200546265,0.6947887539863586,-0.42380696535110474,-0.9001752734184265,424.7421875,391.71942138671875,198.86309814453125,0.0002831884485203773,-0.00573374330997467,1.6727098226547241,0.0,0.0,0.0,0,0
1786431199.0852048,1.218999356000495,APPROACH,FLOW,/home/eunseop/nrs_imitation/checkpoints/flow/polishing/single_cam/20260809_1638,424.1034240722656,392.2819519042969,198.43734741210938,0.0003423640155233443,-0.005315714981406927,1.664315938949585,-0.30115097761154175,1.9947385787963867,-0.3067691922187805,424.82025146484375,391.646728515625,198.95562744140625,0.00028780565480701625,-0.0057982513681054115,1.673859715461731,0.0,0.0,0.0,0,0
1786431199.093223,1.2270178210001177,APPROACH,FLOW,/home/eunseop/nrs_imitation/checkpoints/flow/polishing/single_cam/20260809_1638,424.2109680175781,392.2066955566406,198.52853393554688,0.00029395450837910175,-0.005436040926724672,1.6654170751571655,2.2832250595092773,0.466959148645401,0.021121568977832794,424.8991394042969,391.5732421875,199.0491485595703,0.0002924727159552276,-0.005863455589860678,1.6750221252441406,0.0,0.0,0.0,0,0
1786431199.101222,1.2350167280001187,APPROACH,FLOW,/home/eunseop/nrs_imitation/checkpoints/flow/polishing/single_cam/20260809_1638,424.3492736816406,392.1478271484375,198.6350860595703,0.00024643816868774593,-0.005625569727271795,1.6662434339523315,2.2846219539642334,0.4703434705734253,0.02138456702232361,424.9782409667969,391.4995422363281,199.1429443359375,0.0002971536887343973,-0.005928854923695326,1.6761877536773682,0.0,0.0,0.0,0,0
1786431199.1100757,1.2438701760002004,APPROACH,FLOW,/home/eunseop/nrs_imitation/checkpoints/flow/polishing/single_cam/20260809_1638,424.3492736816406,392.1478271484375,198.6350860595703,0.00024643816868774593,-0.005625569727271795,1.6662434339523315,2.2846219539642334,0.4703434705734253,0.02138456702232361,425.0661926269531,391.41766357421875,199.24722290039062,0.0003023555036634207,-0.006001530215144157,1.677483320236206,0.0,0.0,0.0,0,0
1786431199.1172316,1.2510263439999108,APPROACH,FLOW,/home/eunseop/nrs_imitation/checkpoints/flow/polishing/single_cam/20260809_1638,424.3731384277344,392.13873291015625,198.7274932861328,0.00036473749787546694,-0.0057530938647687435,1.6673927307128906,3.058112382888794,-0.7179447412490845,0.6781231760978699,425.1374816894531,391.3512268066406,199.3317413330078,0.00030657381284981966,-0.006060464773327112,1.678533911705017,0.0,0.0,0.0,0,0
1786431199.1252227,1.2590173859998686,APPROACH,FLOW,/home/eunseop/nrs_imitation/checkpoints/flow/polishing/single_cam/20260809_1638,424.3939208984375,392.147705078125,198.78948974609375,0.00036068022018298507,-0.005740399472415447,1.6678358316421509,3.058403730392456,-0.7150307893753052,0.6780548095703125,425.2179260253906,391.27630615234375,199.4271240234375,0.0003113331040367484,-0.0061269584111869335,1.6797192096710205,0.0,0.0,0.0,0,0
1786431199.13322,1.267014449999806,APPROACH,FLOW,/home/eunseop/nrs_imitation/checkpoints/flow/polishing/single_cam/20260809_1638,424.40728759765625,392.0499572753906,198.82493591308594,0.00034219404915347695,-0.005593077279627323,1.668386697769165,1.1308314800262451,1.021367073059082,2.1715900897979736,425.29864501953125,391.20111083984375,199.52284240722656,0.00031610968289896846,-0.006193692795932293,1.6809086799621582,0.0,0.0,0.0,0,0
1786431199.1412199,1.275014449000082,APPROACH,FLOW,/home/eunseop/nrs_imitation/checkpoints/flow/polishing/single_cam/20260809_1638,424.42950439453125,391.9836730957031,198.90328979492188,0.0004367270739749074,-0.005532586015760899,1.669213891029358,-0.8298230767250061,0.9398139715194702,0.8993005156517029,425.3797607421875,391.1255187988281,199.6190185546875,0.0003209087299183011,-0.006260741502046585,1.6821038722991943,0.0,0.0,0.0,0,0
1786431199.1492224,1.2830170030001682,APPROACH,FLOW,/home/eunseop/nrs_imitation/checkpoints/flow/polishing/single_cam/20260809_1638,424.5317077636719,391.82196044921875,198.94937133789062,0.0003466145717538893,-0.005454778205603361,1.6706748008728027,-1.8530892133712769,3.6340997219085693,0.33814549446105957,425.4613037109375,391.0495910644531,199.71566772460938,0.00032573132193647325,-0.0063281189650297165,1.683305025100708,0.0,0.0,0.0,0,0
1786431199.157212,1.2910066020003796,APPROACH,FLOW,/home/eunseop/nrs_imitation/checkpoints/flow/polishing/single_cam/20260809_1638,424.6324462890625,391.6735534667969,199.02130126953125,0.00031919500906951725,-0.005489332601428032,1.6725068092346191,1.3048282861709595,0.936135470867157,-1.1313806772232056,425.54302978515625,390.9735107421875,199.8125457763672,0.00033056482789106667,-0.00639564823359251,1.6845086812973022,0.0,0.0,0.0,0,0
1786431199.1651905,1.2989850800004206,APPROACH,FLOW,/home/eunseop/nrs_imitation/checkpoints/flow/polishing/single_cam/20260809_1638,424.76043701171875,391.6004638671875,199.1756591796875,0.0003015940310433507,-0.005644708871841431,1.6744827032089233,1.7525038719177246,-0.45860037207603455,-0.47128409147262573,425.6253356933594,390.8968811035156,199.91009521484375,0.00033543360768817365,-0.00646367110311985,1.6857212781906128,0.0,0.0,0.0,0,0
1786431199.173202,1.3069965009999578,APPROACH,FLOW,/home/eunseop/nrs_imitation/checkpoints/flow/polishing/single_cam/20260809_1638,424.88250732421875,391.5135803222656,199.3227081298828,0.0003109500394202769,-0.005863630212843418,1.6761101484298706,2.072291135787964,-0.10897510498762131,-0.17184831202030182,425.7080078125,390.8198547363281,200.0081329345703,0.0003403248847462237,-0.006532008294016123,1.6869394779205322,0.0,0.0,0.0,0,0
1786431199.1812103,1.3150050459998965,APPROACH,FLOW,/home/eunseop/nrs_imitation/checkpoints/flow/polishing/single_cam/20260809_1638,425.0561218261719,391.50103759765625,199.4970703125,0.0002864512789528817,-0.006185504142194986,1.6773191690444946,3.218507766723633,-0.861879825592041,0.9266173243522644,425.7911682128906,390.7424011230469,200.10671997070312,0.00034524453803896904,-0.006600741762667894,1.6881645917892456,0.0,0.0,0.0,0,0
1786431199.1891978,1.3229923010003404,APPROACH,FLOW,/home/eunseop/nrs_imitation/checkpoints/flow/polishing/single_cam/20260809_1638,425.12664794921875,391.5450744628906,199.63067626953125,0.00031716961530037224,-0.006427454296499491,1.6780736446380615,2.8484270572662354,-0.73162841796875,1.5690046548843384,425.8746032714844,390.66461181640625,200.20567321777344,0.0003501824976410717,-0.006669730879366398,1.6893943548202515,0.0,0.0,0.0,0,0
1786431199.197197,1.3309916790003626,APPROACH,FLOW,/home/eunseop/nrs_imitation/checkpoints/flow/polishing/single_cam/20260809_1638,425.1756286621094,391.4814147949219,199.66806030273438,0.00032847339753061533,-0.0064252763986587524,1.6784205436706543,2.6325924396514893,0.3390527665615082,-0.5692169070243835,425.9585266113281,390.58648681640625,200.30517578125,0.0003551471745595336,-0.006739093456417322,1.6906307935714722,0.0,0.0,0.0,0,0
1786431199.205184,1.338978632999897,APPROACH,FLOW,/home/eunseop/nrs_imitation/checkpoints/flow/polishing/single_cam/20260809_1638,425.2029113769531,391.4393310546875,199.77806091308594,0.00037424886249937117,-0.006459181662648916,1.6788276433944702,-0.493211954832077,0.7341987490653992,1.0892537832260132,426.04278564453125,390.50799560546875,200.4050750732422,0.0003601319913286716,-0.00680873729288578,1.691872239112854,0.0,0.0,0.0,0,0
1786431199.213192,1.3469864970002163,APPROACH,FLOW,/home/eunseop/nrs_imitation/checkpoints/flow/polishing/single_cam/20260809_1638,425.2333068847656,391.354248046875,199.83367919921875,0.0004324146138969809,-0.006351073272526264,1.67952299118042,-2.6240644454956055,4.07673978805542,1.8613498210906982,426.12750244140625,390.4291076660156,200.5054931640625,0.00036514256498776376,-0.006878741085529327,1.6931202411651611,0.0,0.0,0.0,0,0
1786431199.2212331,1.3550276550004128,APPROACH,FLOW,/home/eunseop/nrs_imitation/checkpoints/flow/polishing/single_cam/20260809_1638,425.30889892578125,391.2255554199219,199.9223175048828,0.00041150712058879435,-0.0063413046300411224,1.6806368827819824,-2.773176431655884,4.209994792938232,1.6309478282928467,426.21282958984375,390.34967041015625,200.60662841796875,0.00037018893635831773,-0.00694924546405673,1.694377064704895,0.0,0.0,0.0,0,0
1786431199.2292268,1.3630214619997787,APPROACH,FLOW,/home/eunseop/nrs_imitation/checkpoints/flow/polishing/single_cam/20260809_1638,425.3838195800781,391.1050720214844,199.999755859375,0.00039959826972335577,-0.006317509803920984,1.6823971271514893,-1.1579821109771729,2.848848581314087,0.32758963108062744,426.29827880859375,390.2700500488281,200.70794677734375,0.00037524529034271836,-0.007019888609647751,1.69563627243042,0.0,0.0,0.0,0,0
1786431199.2371967,1.3709915139997975,APPROACH,FLOW,/home/eunseop/nrs_imitation/checkpoints/flow/polishing/single_cam/20260809_1638,425.5097961425781,390.9930114746094,200.09994506835938,0.0003484581538941711,-0.006382998079061508,1.6844801902770996,0.9185885190963745,0.3305750787258148,-0.26426130533218384,426.38385009765625,390.1903381347656,200.80938720703125,0.0003803068248089403,-0.0070906043983995914,1.6968967914581299,0.0,0.0,0.0,0,0
1786431199.2452111,1.3790058310005406,APPROACH,FLOW,/home/eunseop/nrs_imitation/checkpoints/flow/polishing/single_cam/20260809_1638,425.61663818359375,390.8715515136719,200.1704559326172,0.00031080126063898206,-0.006445757579058409,1.6864441633224487,2.229410171508789,-0.32354074716567993,0.9411938786506653,426.4700622558594,390.1100158691406,200.91163635253906,0.00038540895911864936,-0.0071618868969380856,1.698167324066162,0.0,0.0,0.0,0,0
1786431199.2532058,1.387000278999949,APPROACH,FLOW,/home/eunseop/nrs_imitation/checkpoints/flow/polishing/single_cam/20260809_1638,425.7275390625,390.8603820800781,200.27590942382812,0.0003073622065130621,-0.0066811442375183105,1.6881203651428223,4.9319682121276855,-0.8784074783325195,0.36301252245903015,426.5566711425781,390.02935791015625,201.01431274414062,0.0003905321646016091,-0.007233464624732733,1.6994433403015137,0.0,0.0,0.0,0,0
1786431199.2611976,1.3949922030005837,APPROACH,FLOW,/home/eunseop/nrs_imitation/checkpoints/flow/polishing/single_cam/20260809_1638,425.827392578125,390.8046569824219,200.34881591796875,0.00022664724383503199,-0.006793878972530365,1.6894010305404663,4.7733893394470215,-0.7111822366714478,-0.3129166066646576,426.6436767578125,389.9483337402344,201.117431640625,0.000395678129279986,-0.007305359933525324,1.7007248401641846,0.0,0.0,0.0,0,0
1786431199.2692027,1.4029972120006278,APPROACH,FLOW,/home/eunseop/nrs_imitation/checkpoints/flow/polishing/single_cam/20260809_1638,425.8613586425781,390.7317810058594,200.446044921875,0.00026507233269512653,-0.0067316885106265545,1.6905027627944946,2.2513647079467773,-0.4988200068473816,-0.704206645488739,426.731201171875,389.8667907714844,201.22120666503906,0.00040085642831400037,-0.0073777069337666035,1.702014446258545,0.0,0.0,0.0,0,0
1786431199.2772112,1.41100571700008,APPROACH,FLOW,/home/eunseop/nrs_imitation/checkpoints/flow/polishing/single_cam/20260809_1638,425.8839111328125,390.61773681640625,200.52394104003906,0.00034552760189399123,-0.00667596748098731,1.69170081615448,0.6829034686088562,1.082395076751709,-0.3892013430595398,426.8187561035156,389.78521728515625,201.32504272460938,0.0004060372884850949,-0.007450089789927006,1.7033047676086426,0.0,0.0,0.0,0,0
1786431199.2852068,1.4190012870003557,APPROACH,FLOW,/home/eunseop/nrs_imitation/checkpoints/flow/polishing/single_cam/20260809_1638,425.9283142089844,390.5169677734375,200.6209259033203,0.00041902720113284886,-0.006662391126155853,1.693173885345459,-2.7101991176605225,4.230363845825195,1.3926554918289185,426.9068908691406,389.703125,201.4295196533203,0.0004112512106075883,-0.007522935047745705,1.7046033143997192,0.0,0.0,0.0,0,0
1786431199.293219,1.427013640000041,APPROACH,FLOW,/home/eunseop/nrs_imitation/checkpoints/flow/polishing/single_cam/20260809_1638,426.06781005859375,390.4080810546875,200.7525177001953,0.000407831888878718,-0.006789515260607004,1.6946345567703247,-1.915629506111145,2.803560733795166,0.316417396068573,426.995361328125,389.6207580566406,201.53439331054688,0.0004164834099356085,-0.007596035022288561,1.7059063911437988,0.0,0.0,0.0,0,0
1786431199.301186,1.434980676000123,APPROACH,FLOW,/home/eunseop/nrs_imitation/checkpoints/flow/polishing/single_cam/20260809_1638,426.1770935058594,390.2844543457031,200.8675079345703,0.00034222472459077835,-0.006844430696219206,1.6960712671279907,-0.6747788190841675,1.6659268140792847,0.9654079079627991,427.08416748046875,389.5379943847656,201.63975524902344,0.0004217406967654824,-0.0076694851741194725,1.707215666770935,0.0,0.0,0.0,0,0
1786431199.3092196,1.4430142500004877,APPROACH,FLOW,/home/eunseop/nrs_imitation/checkpoints/flow/polishing/single_cam/20260809_1638,426.3100280761719,390.2321472167969,201.02215576171875,0.0003868462226819247,-0.00704273721203208,1.6970891952514648,0.4753456711769104,1.267830491065979,2.060238838195801,427.17352294921875,389.45477294921875,201.7456512451172,0.000427025806857273,-0.007743324618786573,1.7085318565368652,0.0,0.0,0.0,0,0
1786431199.3172238,1.4510181559999182,APPROACH,FLOW,/home/eunseop/nrs_imitation/checkpoints/flow/polishing/single_cam/20260809_1638,426.4465026855469,390.1725158691406,201.1578826904297,0.00039113793172873557,-0.00731737120077014,1.697806715965271,3.3310165405273438,-0.017084233462810516,1.514485239982605,427.2632141113281,389.37127685546875,201.85195922851562,0.00043233021278865635,-0.007817434147000313,1.709852933883667,0.0,0.0,0.0,0,0
1786431199.3252048,1.4589992390001498,APPROACH,FLOW,/home/eunseop/nrs_imitation/checkpoints/flow/polishing/single_cam/20260809_1638,426.52655029296875,390.1004943847656,201.20909118652344,0.00027916961698792875,-0.0073248231783509254,1.698393702507019,3.442249059677124,-1.3024345636367798,0.9309601187705994,427.3532409667969,389.2874450683594,201.9586944580078,0.00043765592272393405,-0.007891840301454067,1.711179256439209,0.0,0.0,0.0,0,0
1786431199.3333294,1.4671242180002082,APPROACH,FLOW,/home/eunseop/nrs_imitation/checkpoints/flow/polishing/single_cam/20260809_1638,426.6022644042969,390.06219482421875,201.2631072998047,0.00028018769808113575,-0.007421203423291445,1.6988002061843872,4.306797981262207,-0.7661072611808777,-0.8546528816223145,427.4440002441406,389.2028503417969,202.06634521484375,0.0004430274711921811,-0.007966887205839157,1.7125170230865479,0.0,0.0,0.0,0,0
1786431199.3413248,1.4751194380005472,APPROACH,FLOW,/home/eunseop/nrs_imitation/checkpoints/flow/polishing/single_cam/20260809_1638,426.6150207519531,389.97705078125,201.34085083007812,0.000278522667940706,-0.007352094165980816,1.6993632316589355,4.223555564880371,-1.0939834117889404,-1.2758196592330933,427.53472900390625,389.1183776855469,202.17388916015625,0.00044839363545179367,-0.008041858673095703,1.7138534784317017,0.0,0.0,0.0,0,0
1786431199.3493261,1.4831207090001044,APPROACH,FLOW,/home/eunseop/nrs_imitation/checkpoints/flow/polishing/single_cam/20260809_1638,426.6659851074219,389.88116455078125,201.4183807373047,0.0003635102475527674,-0.007241094950586557,1.7002497911453247,0.3725789189338684,1.9663935899734497,-0.9848268628120422,427.6258239746094,389.03350830078125,202.28187561035156,0.000453782151453197,-0.00811714306473732,1.7151954174041748,0.0,0.0,0.0,0,0
1786431199.357352,1.4911468489999606,APPROACH,FLOW,/home/eunseop/nrs_imitation/checkpoints/flow/polishing/single_cam/20260809_1638,426.7313537597656,389.7457275390625,201.45372009277344,0.00039990252116695046,-0.007179905194789171,1.7017837762832642,-2.525890588760376,4.460231304168701,1.6842015981674194,427.7172546386719,388.9483337402344,202.39028930664062,0.0004591920296661556,-0.008192725479602814,1.7165427207946777,0.0,0.0,0.0,0,0
1786431199.3653324,1.4991273310006363,APPROACH,FLOW,/home/eunseop/nrs_imitation/checkpoints/flow/polishing/single_cam/20260809_1638,426.8068542480469,389.6843566894531,201.60398864746094,0.00044575409265235066,-0.0073391892947256565,1.7040826082229614,-2.6431021690368652,4.639071941375732,1.4922590255737305,427.8090515136719,388.86285400390625,202.4990997314453,0.00046462187310680747,-0.008268587291240692,1.7178950309753418,0.0,0.0,0.0,0,0
1786431199.3733323,1.507126989000426,APPROACH,FLOW,/home/eunseop/nrs_imitation/checkpoints/flow/polishing/single_cam/20260809_1638,426.93792724609375,389.5519104003906,201.68846130371094,0.00039442864363081753,-0.007349703460931778,1.7066092491149902,-0.4978328347206116,1.1560693979263306,1.1841574907302856,427.90118408203125,388.77703857421875,202.6083526611328,0.00047007325338199735,-0.008344749920070171,1.7192527055740356,0.0,0.0,0.0,0,0
1786431199.3813536,1.5151484590005566,APPROACH,FLOW,/home/eunseop/nrs_imitation/checkpoints/flow/polishing/single_cam/20260809_1638,427.05487060546875,389.52099609375,201.8247833251953,0.000396938034100458,-0.007585491985082626,1.7091354131698608,0.929689347743988,0.5025179982185364,1.9878522157669067,427.99371337890625,388.69085693359375,202.7180633544922,0.0004755472473334521,-0.00842122733592987,1.7206159830093384,0.0,0.0,0.0,0,0
1786431199.3893328,1.5231274779998785,APPROACH,FLOW,/home/eunseop/nrs_imitation/checkpoints/flow/polishing/single_cam/20260809_1638,427.1866455078125,389.4703369140625,201.95162963867188,0.0003148627874907106,-0.007808435242623091,1.7113981246948242,2.5703461170196533,0.1737755835056305,1.133948564529419,428.0865783691406,388.6043395996094,202.82815551757812,0.00048104164307005703,-0.008497991599142551,1.7219842672348022,0.0,0.0,0.0,0,0
1786431199.3973258,1.5311206340002173,APPROACH,FLOW,/home/eunseop/nrs_imitation/checkpoints/flow/polishing/single_cam/20260809_1638,427.29632568359375,389.4530029296875,202.09573364257812,0.0003234912292100489,-0.008069637231528759,1.7132295370101929,4.109708786010742,-0.22051887214183807,0.044023726135492325,428.1797790527344,388.51751708984375,202.93865966796875,0.0004865553055424243,-0.008575023151934147,1.7233574390411377,0.0,0.0,0.0,0,0
1786431199.4053512,1.5391458620006233,APPROACH,FLOW,/home/eunseop/nrs_imitation/checkpoints/flow/polishing/single_cam/20260809_1638,427.37744140625,389.31854248046875,202.1820831298828,0.000248443684540689,-0.008000464178621769,1.7147268056869507,3.202120304107666,-1.8793977499008179,-1.7372585535049438,428.2734069824219,388.43035888671875,203.04965209960938,0.0004920926294289529,-0.00865238718688488,1.7247365713119507,0.0,0.0,0.0,0,0
1786431199.4133399,1.5471347290003905,APPROACH,FLOW,/home/eunseop/nrs_imitation/checkpoints/flow/polishing/single_cam/20260809_1638,427.45880126953125,389.2217102050781,202.33180236816406,0.0003035822883248329,-0.008046556264162064,1.7161158323287964,0.9312775135040283,1.3760621547698975,-0.7597343325614929,428.36737060546875,388.34283447265625,203.16102600097656,0.000497650180477649,-0.008730032481253147,1.7261207103729248,0.0,0.0,0.0,0,0
1786431199.421334,1.555128717000116,APPROACH,FLOW,/home/eunseop/nrs_imitation/checkpoints/flow/polishing/single_cam/20260809_1638,427.55206298828125,389.0937194824219,202.41983032226562,0.0003523498016875237,-0.008052525110542774,1.7173256874084473,-0.5423185229301453,2.410506248474121,0.18117231130599976,428.46160888671875,388.25506591796875,203.27276611328125,0.0005032263579778373,-0.008807938545942307,1.7275092601776123,0.0,0.0,0.0,0,0
1786431199.4293299,1.5631246580005609,APPROACH,FLOW,/home/eunseop/nrs_imitation/checkpoints/flow/polishing/single_cam/20260809_1638,427.6357421875,389.0003662109375,202.56019592285156,0.00047075990005396307,-0.008143383078277111,1.718475103378296,-1.1456502676010132,2.4852261543273926,0.8150427341461182,428.55621337890625,388.16693115234375,203.38494873046875,0.0005088245961815119,-0.008886151015758514,1.7289035320281982,0.0,0.0,0.0,0,0
1786431199.4373288,1.5711235750004562,APPROACH,FLOW,/home/eunseop/nrs_imitation/checkpoints/flow/polishing/single_cam/20260809_1638,427.7410888671875,388.91534423828125,202.70130920410156,0.0004348090442363173,-0.008219367824494839,1.7197684049606323,-1.2539387941360474,2.8898282051086426,2.0131711959838867,428.6512145996094,388.0784912109375,203.49755859375,0.0005144434398971498,-0.008964654989540577,1.7303029298782349,0.0,0.0,0.0,0,0
1786431199.445324,1.5791188749999492,APPROACH,FLOW,/home/eunseop/nrs_imitation/checkpoints/flow/polishing/single_cam/20260809_1638,427.8985290527344,388.83941650390625,202.90426635742188,0.0004882135253865272,-0.008500703610479832,1.7208579778671265,-0.32417234778404236,3.267975091934204,2.223511219024658,428.74652099609375,387.9896545410156,203.61056518554688,0.0005200827727094293,-0.009043443016707897,1.7317073345184326,0.0,0.0,0.0,0,0
1786431199.4533083,1.5871032949999062,APPROACH,FLOW,/home/eunseop/nrs_imitation/checkpoints/flow/polishing/single_cam/20260809_1638,428.0623474121094,388.77679443359375,203.1078338623047,0.00046720937825739384,-0.008753499016165733,1.7220784425735474,0.8765491247177124,1.4273722171783447,1.5088155269622803,428.84173583984375,387.9009704589844,203.7234649658203,0.000525715877301991,-0.009122144430875778,1.7331103086471558,0.0,0.0,0.0,0,0
1786431199.4611926,1.5949871909997455,APPROACH,FLOW,/home/eunseop/nrs_imitation/checkpoints/flow/polishing/single_cam/20260809_1638,428.2166748046875,388.6313781738281,203.2285919189453,0.0004299475986044854,-0.008828848600387573,1.7232158184051514,3.132858991622925,-0.1897970288991928,0.7826785445213318,428.9375305175781,387.8117370605469,203.8370361328125,0.0005313829169608653,-0.009201318956911564,1.734521508216858,0.0,0.0,0.0,0,0
1786431199.4695575,1.6033521409999594,APPROACH,FLOW,/home/eunseop/nrs_imitation/checkpoints/flow/polishing/single_cam/20260809_1638,428.2166748046875,388.6313781738281,203.2285919189453,0.0004299475986044854,-0.008828848600387573,1.7232158184051514,3.132858991622925,-0.1897970288991928,0.7826785445213318,429.0381164550781,387.7180480957031,203.95626831054688,0.0005373332533054054,-0.00928445253521204,1.7360033988952637,0.0,0.0,0.0,0,0
1786431199.4771984,1.6109928900004888,APPROACH,FLOW,/home/eunseop/nrs_imitation/checkpoints/flow/polishing/single_cam/20260809_1638,428.40606689453125,388.4831848144531,203.4286651611328,0.00039770378498360515,-0.009028558619320393,1.7245805263519287,4.368927001953125,-2.539970874786377,-0.4739464819431305,429.13055419921875,387.6319580078125,204.06585693359375,0.0005428013391792774,-0.009360848926007748,1.7373652458190918,0.0,0.0,0.0,0,0
1786431199.4851873,1.6189819380006156,APPROACH,FLOW,/home/eunseop/nrs_imitation/checkpoints/flow/polishing/single_cam/20260809_1638,428.4597473144531,388.4249572753906,203.4285888671875,0.00036981876473873854,-0.00904710404574871,1.7250595092773438,2.7796618938446045,-1.5700522661209106,1.2283995151519775,429.22760009765625,387.54156494140625,204.18092346191406,0.0005485424771904945,-0.009441059082746506,1.7387950420379639,0.0,0.0,0.0,0,0
1786431199.4931765,1.6269710560000021,APPROACH,FLOW,/home/eunseop/nrs_imitation/checkpoints/flow/polishing/single_cam/20260809_1638,428.4383239746094,388.4339294433594,203.4793701171875,0.00044609204633161426,-0.009020736441016197,1.7254908084869385,1.110082745552063,1.6051812171936035,-0.4167326092720032,429.3249206542969,387.450927734375,204.2963104248047,0.0005543004954233766,-0.009521505795419216,1.7402291297912598,0.0,0.0,0.0,0,0
1786431199.5012472,1.635041880999779,APPROACH,FLOW,/home/eunseop/nrs_imitation/checkpoints/flow/polishing/single_cam/20260809_1638,428.42950439453125,388.3938293457031,203.54685974121094,0.0004301232984289527,-0.00894096028059721,1.7260782718658447,-2.5184543132781982,3.333134889602661,-0.1676480919122696,429.42291259765625,387.3597106933594,204.41246032714844,0.000560095882974565,-0.009602474048733711,1.741672396659851,0.0,0.0,0.0,0,0
1786431199.5091925,1.6429870550000487,APPROACH,FLOW,/home/eunseop/nrs_imitation/checkpoints/flow/polishing/single_cam/20260809_1638,428.4454040527344,388.3170166015625,203.58969116210938,0.0005638320581056178,-0.008782659657299519,1.7269891500473022,-4.24526834487915,4.787772178649902,1.1958746910095215,429.5207214355469,387.2685546875,204.52845764160156,0.0005658843438141048,-0.009683345444500446,1.7431141138076782,0.0,0.0,0.0,0,0
1786431199.5173817,1.6511761470001147,APPROACH,FLOW,/home/eunseop/nrs_imitation/checkpoints/flow/polishing/single_cam/20260809_1638,428.4454040527344,388.3170166015625,203.58969116210938,0.0005638320581056178,-0.008782659657299519,1.7269891500473022,-4.24526834487915,4.787772178649902,1.1958746910095215,429.6211242675781,387.1750183105469,204.64749145507812,0.0005718247848562896,-0.00976634118705988,1.7445933818817139,0.0,0.0,0.0,0,0
1786431199.525197,1.6589915619997555,APPROACH,FLOW,/home/eunseop/nrs_imitation/checkpoints/flow/polishing/single_cam/20260809_1638,428.6830749511719,388.06903076171875,203.8001708984375,0.000553515856154263,-0.008855773136019707,1.73064124584198,1.274827003479004,0.7976415753364563,-1.2480283975601196,429.7177734375,387.08502197265625,204.7620849609375,0.0005775418248958886,-0.009846214205026627,1.7460172176361084,0.0,0.0,0.0,0,0
1786431199.5332582,1.6670529090006312,APPROACH,FLOW,/home/eunseop/nrs_imitation/checkpoints/flow/polishing/single_cam/20260809_1638,428.8495178222656,387.947021484375,203.98165893554688,0.0005183499888516963,-0.009071333333849907,1.7330478429794312,2.2075278759002686,0.17611198127269745,0.3095089793205261,429.81707763671875,386.9925537109375,204.87979125976562,0.0005834155017510056,-0.00992827769368887,1.7474801540374756,0.0,0.0,0.0,0,0
1786431199.5413039,1.675098534999961,APPROACH,FLOW,/home/eunseop/nrs_imitation/checkpoints/flow/polishing/single_cam/20260809_1638,429.0481872558594,387.8848571777344,204.17344665527344,0.0004743157187476754,-0.009411303326487541,1.7355142831802368,3.0861682891845703,-0.2749805450439453,0.5743653774261475,429.9164733886719,386.89996337890625,204.99765014648438,0.0005892961053177714,-0.010010436177253723,1.748944640159607,0.0,0.0,0.0,0,0
1786431199.54921,1.6830047550001836,APPROACH,FLOW,/home/eunseop/nrs_imitation/checkpoints/flow/polishing/single_cam/20260809_1638,429.18231201171875,387.8688049316406,204.3294219970703,0.00047711594379507005,-0.00968950241804123,1.7377285957336426,4.774246692657471,-0.4615525007247925,1.5120501518249512,430.015869140625,386.807373046875,205.11549377441406,0.0005951765924692154,-0.010092594660818577,1.7504091262817383,0.0,0.0,0.0,0,0
1786431199.557192,1.6909867490003307,APPROACH,FLOW,/home/eunseop/nrs_imitation/checkpoints/flow/polishing/single_cam/20260809_1638,429.2616271972656,387.8109130859375,204.44708251953125,0.0004757515271194279,-0.009842384606599808,1.7395964860916138,4.738127708435059,-0.7972007393836975,-0.334122896194458,430.1158752441406,386.7142333984375,205.23406982421875,0.0006010931683704257,-0.010175256058573723,1.7518826723098755,0.0,0.0,0.0,0,0
1786431199.5651777,1.698972270000013,APPROACH,FLOW,/home/eunseop/nrs_imitation/checkpoints/flow/polishing/single_cam/20260809_1638,429.30963134765625,387.7619934082031,204.5651092529297,0.0004725653270725161,-0.009886184707283974,1.7412970066070557,4.362114906311035,-0.8210799694061279,-0.9844431281089783,430.2161865234375,386.62078857421875,205.35299682617188,0.0006070281378924847,-0.010258174501359463,1.7533607482910156,0.0,0.0,0.0,0,0
1786431199.573202,1.7069964960001016,APPROACH,FLOW,/home/eunseop/nrs_imitation/checkpoints/flow/polishing/single_cam/20260809_1638,429.38800048828125,387.66717529296875,204.70777893066406,0.0005410393932834268,-0.00986455474048853,1.742962121963501,-0.8017953038215637,2.0045294761657715,0.11627685278654099,430.31695556640625,386.52691650390625,205.472412109375,0.0006129871471785009,-0.010341429151594639,1.7548447847366333,0.0,0.0,0.0,0,0
1786431199.5811934,1.714988089000144,APPROACH,FLOW,/home/eunseop/nrs_imitation/checkpoints/flow/polishing/single_cam/20260809_1638,429.4747619628906,387.5631408691406,204.81976318359375,0.0006102391052991152,-0.009937329217791557,1.7445188760757446,-3.0444400310516357,4.40715217590332,2.421320676803589,430.41790771484375,386.432861328125,205.59213256835938,0.0006189605919644237,-0.010424884967505932,1.7563323974609375,0.0,0.0,0.0,0,0
1786431199.5892015,1.722996074000548,APPROACH,FLOW,/home/eunseop/nrs_imitation/checkpoints/flow/polishing/single_cam/20260809_1638,429.5335998535156,387.4177551269531,204.8920440673828,0.0006499823648482561,-0.009904824197292328,1.7460644245147705,-2.4516890048980713,4.7157158851623535,2.2186667919158936,430.51922607421875,386.33856201171875,205.71221923828125,0.0006249523721635342,-0.010508597828447819,1.7578247785568237,0.0,0.0,0.0,0,0
1786431199.5971985,1.7309931770005278,APPROACH,FLOW,/home/eunseop/nrs_imitation/checkpoints/flow/polishing/single_cam/20260809_1638,429.67034912109375,387.2785339355469,205.0232696533203,0.0006189642008394003,-0.009951942600309849,1.7474652528762817,-0.5279743671417236,2.9263558387756348,1.2197272777557373,430.6208190917969,386.243896484375,205.83270263671875,0.000630965456366539,-0.010592607781291008,1.759322166442871,0.0,0.0,0.0,0,0
1786431199.6051962,1.7389908619998096,APPROACH,FLOW,/home/eunseop/nrs_imitation/checkpoints/flow/polishing/single_cam/20260809_1638,429.8403015136719,387.15594482421875,205.15133666992188,0.0005501813720911741,-0.010101323947310448,1.748398780822754,0.9493168592453003,1.0040736198425293,1.483818531036377,430.7227478027344,386.14898681640625,205.95355224609375,0.000636994605883956,-0.01067684218287468,1.7608237266540527,0.0,0.0,0.0,0,0
1786431199.6132014,1.7469959810005093,APPROACH,FLOW,/home/eunseop/nrs_imitation/checkpoints/flow/polishing/single_cam/20260809_1638,429.96405029296875,387.0948791503906,205.288818359375,0.0005026032449677587,-0.010288095101714134,1.7491763830184937,2.6553399562835693,0.4125794768333435,1.6486319303512573,430.82501220703125,386.0537109375,206.0747833251953,0.0006430446519516408,-0.010761368088424206,1.7623305320739746,0.0,0.0,0.0,0,0
1786431199.6211913,1.754985850000594,APPROACH,FLOW,/home/eunseop/nrs_imitation/checkpoints/flow/polishing/single_cam/20260809_1638,430.09075927734375,387.01873779296875,205.38607788085938,0.0004817565786652267,-0.010457181371748447,1.7494988441467285,4.8879804611206055,-1.6727396249771118,0.9897574186325073,430.92755126953125,385.95819091796875,206.19638061523438,0.0006491116364486516,-0.010846132412552834,1.7638415098190308,0.0,0.0,0.0,0,0
1786431199.62919,1.7629845669998758,APPROACH,FLOW,/home/eunseop/nrs_imitation/checkpoints/flow/polishing/single_cam/20260809_1638,430.1504211425781,386.8976745605469,205.39321899414062,0.00042194616980850697,-0.010355648584663868,1.7497873306274414,5.546365737915039,-1.4470508098602295,-2.2779481410980225,431.03045654296875,385.86236572265625,206.318359375,0.0006551981787197292,-0.010931167751550674,1.765357255935669,0.0,0.0,0.0,0,0
1786431199.637178,1.770972502999939,APPROACH,FLOW,/home/eunseop/nrs_imitation/checkpoints/flow/polishing/single_cam/20260809_1638,430.1754455566406,386.8236999511719,205.4704132080078,0.0004661079146899283,-0.010308349505066872,1.7502787113189697,4.055590629577637,-1.063496708869934,-2.7606887817382812,431.13360595703125,385.76629638671875,206.440673828125,0.0006613015430048108,-0.011016439646482468,1.7668774127960205,0.0,0.0,0.0,0,0
1786431199.6451874,1.778981919999751,APPROACH,FLOW,/home/eunseop/nrs_imitation/checkpoints/flow/polishing/single_cam/20260809_1638,430.20391845703125,386.7173156738281,205.56900024414062,0.000553899968508631,-0.01020017359405756,1.751177430152893,-0.4254090487957001,1.5544441938400269,-0.26356983184814453,431.2371826171875,385.6697998046875,206.56346130371094,0.0006674288888461888,-0.011102045886218548,1.7684032917022705,0.0,0.0,0.0,0,0
1786431199.6531992,1.7869936719998805,APPROACH,FLOW,/home/eunseop/nrs_imitation/checkpoints/flow/polishing/single_cam/20260809_1638,430.2525329589844,386.63690185546875,205.67831420898438,0.0006826271419413388,-0.010210040956735611,1.7527467012405396,-3.2683334350585938,4.631192207336426,0.25964513421058655,431.34100341796875,385.5731506347656,206.68650817871094,0.0006735684582963586,-0.011187822557985783,1.7699322700500488,0.0,0.0,0.0,0,0
1786431199.6612115,1.795005914000285,APPROACH,FLOW,/home/eunseop/nrs_imitation/checkpoints/flow/polishing/single_cam/20260809_1638,430.4058837890625,386.4965515136719,205.7875213623047,0.000663108890876174,-0.01027105562388897,1.754794716835022,-2.9406638145446777,4.425653457641602,1.497649908065796,431.4450988769531,385.4761657714844,206.80996704101562,0.0006797288078814745,-0.011273890733718872,1.7714664936065674,0.0,0.0,0.0,0,0
1786431199.6692038,1.8029982990001372,APPROACH,FLOW,/home/eunseop/nrs_imitation/checkpoints/flow/polishing/single_cam/20260809_1638,430.56024169921875,386.40277099609375,205.9463653564453,0.0006372708012349904,-0.010498459450900555,1.7573210000991821,-0.5555023550987244,2.767223834991455,2.3390419483184814,431.5495300292969,385.37890625,206.93377685546875,0.0006859068525955081,-0.011360205709934235,1.7730051279067993,0.0,0.0,0.0,0,0
1786431199.6783152,1.8121098820001862,APPROACH,FLOW,/home/eunseop/nrs_imitation/checkpoints/flow/polishing/single_cam/20260809_1638,430.69683837890625,386.3774719238281,206.14126586914062,0.0006367561873048544,-0.01080596074461937,1.7598347663879395,1.8176133632659912,0.36925873160362244,1.9129375219345093,431.66851806640625,385.26806640625,207.07485961914062,0.0006929461378604174,-0.01145855337381363,1.774758219718933,0.0,0.0,0.0,0,0
1786431199.685222,1.8190163919998668,APPROACH,FLOW,/home/eunseop/nrs_imitation/checkpoints/flow/polishing/single_cam/20260809_1638,430.854248046875,386.3617858886719,206.29969787597656,0.0005306885577738285,-0.011141137219965458,1.762084722518921,3.1467297077178955,0.32338547706604004,2.113042116165161,431.75927734375,385.18353271484375,207.18243408203125,0.000698314979672432,-0.011533561162650585,1.7760953903198242,0.0,0.0,0.0,0,0
1786431199.6931915,1.8269860130003508,APPROACH,FLOW,/home/eunseop/nrs_imitation/checkpoints/flow/polishing/single_cam/20260809_1638,430.940185546875,386.2951354980469,206.39785766601562,0.0005470319883897901,-0.011251416988670826,1.7638685703277588,4.221188545227051,0.24714139103889465,0.11981713026762009,431.86456298828125,385.08538818359375,207.3072967529297,0.000704545876942575,-0.011620615608990192,1.7776471376419067,0.0,0.0,0.0,0,0
1786431199.701216,1.8350108390004607,APPROACH,FLOW,/home/eunseop/nrs_imitation/checkpoints/flow/polishing/single_cam/20260809_1638,431.0572204589844,386.1689758300781,206.50120544433594,0.00048289369442500174,-0.011276215314865112,1.765461802482605,4.221188545227051,0.24714139103889465,0.11981713026762009,431.9697570800781,384.98748779296875,207.4319610595703,0.0007107658893801272,-0.011707516387104988,1.7791961431503296,0.0,0.0,0.0,0,0
1786431199.7092078,1.843002442999932,APPROACH,FLOW,/home/eunseop/nrs_imitation/checkpoints/flow/polishing/single_cam/20260809_1638,431.10748291015625,386.02166748046875,206.60317993164062,0.0005639923037961125,-0.011155948974192142,1.7671629190444946,2.120413303375244,0.4338451325893402,-1.2016555070877075,432.0761413574219,384.88836669921875,207.55812072753906,0.000717060873284936,-0.011795464903116226,1.780763864517212,0.0,0.0,0.0,0,0
1786431199.7172205,1.851015166000252,APPROACH,FLOW,/home/eunseop/nrs_imitation/checkpoints/flow/polishing/single_cam/20260809_1638,431.2336120605469,385.8596496582031,206.762451171875,0.0005538833793252707,-0.011187344789505005,1.7689712047576904,-0.031445443630218506,2.572530746459961,0.11815391480922699,432.1826477050781,384.7891540527344,207.68438720703125,0.0007233622018247843,-0.011883501894772053,1.7823331356048584,0.0,0.0,0.0,0,0
1786431199.7252035,1.8589980320002724,APPROACH,FLOW,/home/eunseop/nrs_imitation/checkpoints/flow/polishing/single_cam/20260809_1638,431.32452392578125,385.712646484375,206.82742309570312,0.0006048190407454967,-0.011154502630233765,1.7707445621490479,-1.2363373041152954,2.5047593116760254,1.269743800163269,432.2888488769531,384.6902770996094,207.81027221679688,0.0007296436233446002,-0.011971259489655495,1.7838976383209229,0.0,0.0,0.0,0,0
1786431199.7331848,1.8669793650005886,APPROACH,FLOW,/home/eunseop/nrs_imitation/checkpoints/flow/polishing/single_cam/20260809_1638,431.4469299316406,385.64501953125,207.01852416992188,0.0006726233987137675,-0.01134044025093317,1.772265076637268,-1.4787218570709229,3.141355276107788,2.027270555496216,432.3956604003906,384.59075927734375,207.93692016601562,0.0007359633455052972,-0.01205955445766449,1.7854714393615723,0.0,0.0,0.0,0,0
1786431199.7411804,1.8749749660000816,APPROACH,FLOW,/home/eunseop/nrs_imitation/checkpoints/flow/polishing/single_cam/20260809_1638,431.57916259765625,385.54888916015625,207.16795349121094,0.0007142399554140866,-0.011530137620866299,1.7735097408294678,0.2259836494922638,2.2274606227874756,2.5811855792999268,432.5027160644531,384.4910583496094,208.0638427734375,0.0007422965136356652,-0.012148036621510983,1.7870488166809082,0.0,0.0,0.0,0,0
1786431199.7492006,1.8829953439999372,APPROACH,FLOW,/home/eunseop/nrs_imitation/checkpoints/flow/polishing/single_cam/20260809_1638,431.70599365234375,385.5307312011719,207.3080291748047,0.0006687031709589064,-0.011773437261581421,1.7745273113250732,1.2684473991394043,1.6629256010055542,1.5097554922103882,432.61016845703125,384.3909912109375,208.19122314453125,0.0007486530230380595,-0.012236845679581165,1.788631796836853,0.0,0.0,0.0,0,0
1786431199.7571929,1.890987438000593,APPROACH,FLOW,/home/eunseop/nrs_imitation/checkpoints/flow/polishing/single_cam/20260809_1638,431.82342529296875,385.47412109375,207.40538024902344,0.0006498767179436982,-0.011887080036103725,1.7750777006149292,2.939711332321167,-0.1007334440946579,2.267058849334717,432.7178039550781,384.29071044921875,208.31886291503906,0.0007550219888798892,-0.012325827032327652,1.7902179956436157,0.0,0.0,0.0,0,0
1786431199.7651818,1.898976166000466,APPROACH,FLOW,/home/eunseop/nrs_imitation/checkpoints/flow/polishing/single_cam/20260809_1638,431.91943359375,385.3899230957031,207.4805145263672,0.000599211489316076,-0.011963472701609135,1.7755565643310547,4.289374828338623,0.1358083039522171,-0.9883859753608704,432.8257751464844,384.1901550292969,208.4468536376953,0.0007614081841893494,-0.012415050528943539,1.7918083667755127,0.0,0.0,0.0,0,0
1786431199.7731912,1.9069856730002357,APPROACH,FLOW,/home/eunseop/nrs_imitation/checkpoints/flow/polishing/single_cam/20260809_1638,432.04290771484375,385.27716064453125,207.66163635253906,0.0005448764422908425,-0.012123296037316322,1.7760103940963745,4.142927646636963,-1.2812697887420654,-2.8216965198516846,432.9342041015625,384.08917236328125,208.57542419433594,0.0007678231340833008,-0.012504673562943935,1.7934060096740723,0.0,0.0,0.0,0,0
1786431199.781248,1.9150425710004129,APPROACH,FLOW,/home/eunseop/nrs_imitation/checkpoints/flow/polishing/single_cam/20260809_1638,432.0536193847656,385.13323974609375,207.70965576171875,0.0006055121193639934,-0.011909211985766888,1.7769819498062134,1.083403468132019,1.159300684928894,-2.0293896198272705,433.04315185546875,383.9877014160156,208.70455932617188,0.0007742674206383526,-0.012594708241522312,1.795011043548584,0.0,0.0,0.0,0,0
1786431199.7892141,1.9230087960004312,APPROACH,FLOW,/home/eunseop/nrs_imitation/checkpoints/flow/polishing/single_cam/20260809_1638,432.1525573730469,384.98333740234375,207.8286590576172,0.0006743232952430844,-0.0119022810831666,1.7784678936004639,-0.9320684671401978,3.832458257675171,0.05419440194964409,433.1515197753906,383.88677978515625,208.83303833007812,0.0007806776557117701,-0.012684267945587635,1.796607494354248,0.0,0.0,0.0,0,0
1786431199.7972016,1.9309962710003674,APPROACH,FLOW,/home/eunseop/nrs_imitation/checkpoints/flow/polishing/single_cam/20260809_1638,432.3033752441406,384.8699645996094,207.9834747314453,0.0007387493969872594,-0.012007178738713264,1.7806475162506104,-2.139580249786377,3.9923839569091797,2.223529100418091,433.2604675292969,383.7852478027344,208.96224975585938,0.0007871257257647812,-0.01277435477823019,1.798213243484497,0.0,0.0,0.0,0,0
1786431199.805211,1.9390057880000313,APPROACH,FLOW,/home/eunseop/nrs_imitation/checkpoints/flow/polishing/single_cam/20260809_1638,432.4449768066406,384.7548522949219,208.16973876953125,0.0007529626018367708,-0.012162434868514538,1.783053994178772,-0.6265832781791687,2.951697587966919,3.0820260047912598,433.36981201171875,383.68341064453125,209.0918731689453,0.0007935939356684685,-0.01286472287029028,1.7998241186141968,0.0,0.0,0.0,0,0
1786431199.8132026,1.9469971710004756,APPROACH,FLOW,/home/eunseop/nrs_imitation/checkpoints/flow/polishing/single_cam/20260809_1638,432.5669860839844,384.6806945800781,208.31900024414062,0.0007294830866158009,-0.012347972951829433,1.7855443954467773,1.8717421293258667,1.8547072410583496,2.176180839538574,433.4794616699219,383.581298828125,209.22186279296875,0.0008000804227776825,-0.012955348007380962,1.8014395236968994,0.0,0.0,0.0,0,0
1786431199.8211906,1.9549851669999043,APPROACH,FLOW,/home/eunseop/nrs_imitation/checkpoints/flow/polishing/single_cam/20260809_1638,432.6976318359375,384.6647033691406,208.44583129882812,0.0006808986654505134,-0.012537796050310135,1.7877238988876343,2.8951826095581055,0.6872730255126953,2.5207936763763428,433.58941650390625,383.4789123535156,209.3521728515625,0.0008065830916166306,-0.013046197593212128,1.8030591011047363,0.0,0.0,0.0,0,0
1786431199.8291917,1.9629862080000748,APPROACH,FLOW,/home/eunseop/nrs_imitation/checkpoints/flow/polishing/single_cam/20260809_1638,432.8158264160156,384.60687255859375,208.5782012939453,0.0006254291511140764,-0.012769133783876896,1.7895312309265137,3.517183303833008,0.8780320882797241,0.211319237947464,433.6995849609375,383.3762512207031,209.4828338623047,0.0008131025242619216,-0.013137281872332096,1.804682731628418,0.0,0.0,0.0,0,0
1786431199.8371804,1.970974935000413,APPROACH,FLOW,/home/eunseop/nrs_imitation/checkpoints/flow/polishing/single_cam/20260809_1638,432.89208984375,384.5059814453125,208.6853790283203,0.000596953381318599,-0.012761205434799194,1.7912079095840454,3.971073627471924,-0.5065770149230957,-2.471311092376709,433.8100280761719,383.27337646484375,209.61380004882812,0.0008196373819373548,-0.013228582218289375,1.8063101768493652,0.0,0.0,0.0,0,0
1786431199.8451765,1.9789712870006042,APPROACH,FLOW,/home/eunseop/nrs_imitation/checkpoints/flow/polishing/single_cam/20260809_1638,432.9626770019531,384.3521423339844,208.77392578125,0.0005803562235087156,-0.012626771815121174,1.7929329872131348,1.17470383644104,0.6255379319190979,-1.7136772871017456,433.9208068847656,383.17022705078125,209.74510192871094,0.0008261894108727574,-0.013320122845470905,1.8079419136047363,0.0,0.0,0.0,0,0
1786431199.8531976,1.9869920660003118,APPROACH,FLOW,/home/eunseop/nrs_imitation/checkpoints/flow/polishing/single_cam/20260809_1638,433.0809020996094,384.1893615722656,208.89581298828125,0.0006761777913197875,-0.01264626532793045,1.7947899103164673,-0.9004848599433899,2.7006676197052,-0.34429237246513367,434.0321350097656,383.0664978027344,209.8771209716797,0.0008327768882736564,-0.013412157073616982,1.8095824718475342,0.0,0.0,0.0,0,0
1786431199.8612015,1.9949959129999115,APPROACH,FLOW,/home/eunseop/nrs_imitation/checkpoints/flow/polishing/single_cam/20260809_1638,433.2002258300781,384.038330078125,209.0647735595703,0.000733457098249346,-0.012698957696557045,1.7968504428863525,-1.1276010274887085,3.3149495124816895,0.6197906136512756,434.14312744140625,382.963134765625,210.00869750976562,0.0008393423049710691,-0.01350388303399086,1.8112175464630127,0.0,0.0,0.0,0,0
1786431199.8691883,2.002983057000165,APPROACH,FLOW,/home/eunseop/nrs_imitation/checkpoints/flow/polishing/single_cam/20260809_1638,433.34869384765625,383.92718505859375,209.2413330078125,0.0007795897545292974,-0.012890155427157879,1.798766016960144,-0.6443387866020203,2.870436668395996,1.9592407941818237,434.25469970703125,382.8592224121094,210.1409454345703,0.0008459415403194726,-0.013596083037555218,1.8128612041473389,0.0,0.0,0.0,0,0
1786431199.8775103,2.0113050649997604,APPROACH,FLOW,/home/eunseop/nrs_imitation/checkpoints/flow/polishing/single_cam/20260809_1638,433.34869384765625,383.92718505859375,209.2413330078125,0.0007795897545292974,-0.012890155427157879,1.798766016960144,-0.6443387866020203,2.870436668395996,1.9592407941818237,434.3707580566406,382.7511291503906,210.27854919433594,0.0008528076577931643,-0.013692011125385761,1.8145711421966553,0.0,0.0,0.0,0,0
1786431199.8851957,2.0189903390000836,APPROACH,FLOW,/home/eunseop/nrs_imitation/checkpoints/flow/polishing/single_cam/20260809_1638,433.67974853515625,383.8522644042969,209.62339782714844,0.0007242826977744699,-0.013496560044586658,1.8016976118087769,2.5681419372558594,1.5440568923950195,3.1354970932006836,434.47857666015625,382.650634765625,210.40640258789062,0.0008591884397901595,-0.01378115825355053,1.8161602020263672,0.0,0.0,0.0,0,0
1786431199.893258,2.0270526080003037,APPROACH,FLOW,/home/eunseop/nrs_imitation/checkpoints/flow/polishing/single_cam/20260809_1638,433.7984924316406,383.79547119140625,209.6944580078125,0.0006598563631996512,-0.013602249324321747,1.802308440208435,3.3161916732788086,0.20051224529743195,2.17230486869812,434.5910339355469,382.5459289550781,210.5397491455078,0.0008658409933559597,-0.013874102383852005,1.817816972732544,0.0,0.0,0.0,0,0
1786431199.9013324,2.035127181000462,APPROACH,FLOW,/home/eunseop/nrs_imitation/checkpoints/flow/polishing/single_cam/20260809_1638,433.8666076660156,383.74761962890625,209.7711639404297,0.0006353994249366224,-0.013675080612301826,1.802739143371582,4.422921657562256,0.045604974031448364,-0.581357479095459,434.70404052734375,382.440673828125,210.6737060546875,0.0008725259103812277,-0.013967498205602169,1.8194818496704102,0.0,0.0,0.0,0,0
1786431199.909254,2.043048769000052,APPROACH,FLOW,/home/eunseop/nrs_imitation/checkpoints/flow/polishing/single_cam/20260809_1638,433.8821716308594,383.60333251953125,209.84727478027344,0.0006459596916101873,-0.013564075343310833,1.8030871152877808,3.2062392234802246,0.029101373627781868,-1.829572319984436,434.81646728515625,382.3359375,210.80702209472656,0.0008791788714006543,-0.014060448855161667,1.821138620376587,0.0,0.0,0.0,0,0
1786431199.9172232,2.051017767999838,APPROACH,FLOW,/home/eunseop/nrs_imitation/checkpoints/flow/polishing/single_cam/20260809_1638,433.95037841796875,383.42987060546875,209.89251708984375,0.0006441945442929864,-0.01336987130343914,1.8036984205245972,-0.03983738273382187,0.9967181086540222,-1.2357101440429688,434.9295654296875,382.2306213378906,210.94110107421875,0.0008858683868311346,-0.01415390893816948,1.8228046894073486,0.0,0.0,0.0,0,0
1786431199.9252403,2.059034990999862,APPROACH,FLOW,/home/eunseop/nrs_imitation/checkpoints/flow/polishing/single_cam/20260809_1638,434.0282897949219,383.27490234375,210.000244140625,0.0007489219424314797,-0.013304589316248894,1.8049089908599854,-1.5798269510269165,4.0742974281311035,-0.08303355425596237,435.0429992675781,382.1249694824219,211.07557678222656,0.0008925782749429345,-0.014247654937207699,1.824475884437561,0.0,0.0,0.0,0,0
1786431199.9332263,2.0670208030005597,APPROACH,FLOW,/home/eunseop/nrs_imitation/checkpoints/flow/polishing/single_cam/20260809_1638,434.2008056640625,383.11199951171875,210.15928649902344,0.0008002918330021203,-0.013441087678074837,1.8067659139633179,-2.888890504837036,5.100711822509766,2.8752081394195557,435.1566162109375,382.0191345214844,211.21026611328125,0.0008992997463792562,-0.014341561123728752,1.8261497020721436,0.0,0.0,0.0,0,0
1786431199.9411867,2.074981105000006,APPROACH,FLOW,/home/eunseop/nrs_imitation/checkpoints/flow/polishing/single_cam/20260809_1638,434.3719787597656,382.9937438964844,210.3175048828125,0.0008081478881649673,-0.013598051853477955,1.809292197227478,-1.4787425994873047,3.4161057472229004,2.924710988998413,435.2704772949219,381.9130859375,211.3452606201172,0.0009060354204848409,-0.014435666613280773,1.8278273344039917,0.0,0.0,0.0,0,0
1786431199.9492044,2.082999089000623,APPROACH,FLOW,/home/eunseop/nrs_imitation/checkpoints/flow/polishing/single_cam/20260809_1638,434.5348815917969,382.8908996582031,210.4967498779297,0.0007542527746409178,-0.013844468630850315,1.8121416568756104,1.9803847074508667,1.097845435142517,2.0218346118927,435.3846740722656,381.8067321777344,211.48065185546875,0.0009127912344411016,-0.014530053362250328,1.8295097351074219,0.0,0.0,0.0,0,0
1786431199.9572647,2.091059284000039,APPROACH,FLOW,/home/eunseop/nrs_imitation/checkpoints/flow/polishing/single_cam/20260809_1638,434.6625061035156,382.8317565917969,210.63009643554688,0.0006943658227100968,-0.014023549854755402,1.8149311542510986,4.2369489669799805,-0.8010916113853455,1.8185617923736572,435.49932861328125,381.69989013671875,211.61659240722656,0.0009195755701512098,-0.014624838717281818,1.831199288368225,0.0,0.0,0.0,0,0
1786431199.965254,2.0990489229998275,APPROACH,FLOW,/home/eunseop/nrs_imitation/checkpoints/flow/polishing/single_cam/20260809_1638,434.7479248046875,382.7994384765625,210.76499938964844,0.0006573856226168573,-0.014142696745693684,1.8176134824752808,5.184455871582031,-0.4410443902015686,0.014099416323006153,435.6139221191406,381.5931396484375,211.75245666503906,0.0009263547835871577,-0.014719552360475063,1.8328876495361328,0.0,0.0,0.0,0,0
1786431199.9732032,2.106997773999865,APPROACH,FLOW,/home/eunseop/nrs_imitation/checkpoints/flow/polishing/single_cam/20260809_1638,434.79156494140625,382.7164001464844,210.8632049560547,0.0005990893696434796,-0.014180412515997887,1.8202122449874878,4.450300693511963,-1.2014780044555664,-2.5785956382751465,435.72857666015625,381.48638916015625,211.88839721679688,0.0009331376641057432,-0.014814318157732487,1.834576964378357,0.0,0.0,0.0,0,0
1786431199.981293,2.1150877860000037,APPROACH,FLOW,/home/eunseop/nrs_imitation/checkpoints/flow/polishing/single_cam/20260809_1638,434.83740234375,382.6072998046875,210.98348999023438,0.0006527111981995404,-0.014082688838243484,1.8225363492965698,1.454091191291809,0.003114148275926709,-2.042440891265869,435.8440856933594,381.3788146972656,212.0253143310547,0.0009399694390594959,-0.014909766614437103,1.8362784385681152,0.0,0.0,0.0,0,0
1786431199.9892566,2.1230514650005716,APPROACH,FLOW,/home/eunseop/nrs_imitation/checkpoints/flow/polishing/single_cam/20260809_1638,434.913818359375,382.44140625,211.04721069335938,0.0006760188844054937,-0.013945404440164566,1.8245618343353271,-0.9496124982833862,3.2745535373687744,-0.5689631104469299,435.95941162109375,381.2713928222656,212.16204833984375,0.0009467931813560426,-0.015005101449787617,1.8379778861999512,0.0,0.0,0.0,0,0
1786431199.9973376,2.1311323199997787,APPROACH,FLOW,/home/eunseop/nrs_imitation/checkpoints/flow/polishing/single_cam/20260809_1638,435.0503845214844,382.3680419921875,211.26060485839844,0.0007454744190908968,-0.01413680985569954,1.826478123664856,-2.537139892578125,4.5749382972717285,1.6755058765411377,436.07562255859375,381.16314697265625,212.2998504638672,0.0009536688448861241,-0.01510116271674633,1.8396902084350586,0.0,0.0,0.0,0,0
1786431200.005227,2.1390216260006127,APPROACH,FLOW,/home/eunseop/nrs_imitation/checkpoints/flow/polishing/single_cam/20260809_1638,435.1741027832031,382.26080322265625,211.44921875,0.0008713696151971817,-0.014337110333144665,1.828190565109253,-2.7816321849823,3.8388776779174805,2.3671329021453857,436.1910400390625,381.0556640625,212.43667602539062,0.0009604957886040211,-0.015196544118225574,1.8413903713226318,0.0,0.0,0.0,0,0
1786431200.0132182,2.1470126670001264,APPROACH,FLOW,/home/eunseop/nrs_imitation/checkpoints/flow/polishing/single_cam/20260809_1638,435.39208984375,382.16400146484375,211.73977661132812,0.0008583363378420472,-0.01468878798186779,1.829842209815979,-0.20089833438396454,3.2431254386901855,2.6798455715179443,436.30712890625,380.9475402832031,212.57427978515625,0.0009673620807006955,-0.015292475000023842,1.8431003093719482,0.0,0.0,0.0,0,0
1786431200.02123,2.155024649000552,APPROACH,FLOW,/home/eunseop/nrs_imitation/checkpoints/flow/polishing/single_cam/20260809_1638,435.5677490234375,382.0555114746094,211.9614715576172,0.0008641354506835341,-0.014942541718482971,1.8314458131790161,0.1901942491531372,3.2004878520965576,3.975428342819214,436.4234924316406,380.83917236328125,212.71224975585938,0.0009742463589645922,-0.01538865640759468,1.8448148965835571,0.0,0.0,0.0,0,0
1786431200.0292225,2.16301690399996,APPROACH,FLOW,/home/eunseop/nrs_imitation/checkpoints/flow/polishing/single_cam/20260809_1638,435.7635803222656,381.908935546875,212.11813354492188,0.0007930184947326779,-0.015103977173566818,1.8328702449798584,1.7331846952438354,0.9676848649978638,2.0831298828125,436.5400695800781,380.73052978515625,212.85047912597656,0.0009811444906517863,-0.015485030598938465,1.8465328216552734,0.0,0.0,0.0,0,0
1786431200.037224,2.1710184560006383,APPROACH,FLOW,/home/eunseop/nrs_imitation/checkpoints/flow/polishing/single_cam/20260809_1638,435.9365234375,381.76275634765625,212.2045135498047,0.000718804425559938,-0.01521024014800787,1.8340075016021729,4.813795566558838,-1.1417346000671387,0.5954156517982483,436.6569519042969,380.6217041015625,212.98904418945312,0.0009880585130304098,-0.015581627376377583,1.848254680633545,0.0,0.0,0.0,0,0
1786431200.045226,2.1790204580001955,APPROACH,FLOW,/home/eunseop/nrs_imitation/checkpoints/flow/polishing/single_cam/20260809_1638,436.03857421875,381.6046447753906,212.2533416748047,0.0005835442570969462,-0.015195982530713081,1.8347018957138062,5.7820329666137695,-2.506945848464966,-0.3981730341911316,436.77386474609375,380.51275634765625,213.127685546875,0.000994976726360619,-0.01567828468978405,1.849977731704712,0.0,0.0,0.0,0,0
1786431200.0532002,2.1869947880004474,APPROACH,FLOW,/home/eunseop/nrs_imitation/checkpoints/flow/polishing/single_cam/20260809_1638,436.12646484375,381.5290832519531,212.29632568359375,0.000541236309800297,-0.015255782753229141,1.835120439529419,5.7486138343811035,-3.1363112926483154,-0.5078534483909607,436.89093017578125,380.40374755859375,213.26644897460938,0.0010019014589488506,-0.015775030478835106,1.8517022132873535,0.0,0.0,0.0,0,0
1786431200.0611956,2.194990168000004,APPROACH,FLOW,/home/eunseop/nrs_imitation/checkpoints/flow/polishing/single_cam/20260809_1638,436.0756530761719,381.4978332519531,212.30209350585938,0.0006383222062140703,-0.01513742282986641,1.8355406522750854,1.9553126096725464,1.0104516744613647,-0.7547621130943298,437.0084533691406,380.2942810058594,213.40579223632812,0.001008853898383677,-0.01587216556072235,1.853433609008789,0.0,0.0,0.0,0,0
1786431200.0691907,2.202985226999772,APPROACH,FLOW,/home/eunseop/nrs_imitation/checkpoints/flow/polishing/single_cam/20260809_1638,436.03240966796875,381.45611572265625,212.36558532714844,0.0007710907957516611,-0.014974145218729973,1.8360811471939087,-0.5579841732978821,2.1765365600585938,-1.2766727209091187,437.126220703125,380.1846008300781,213.54537963867188,0.001015820074826479,-0.015969490632414818,1.8551685810089111,0.0,0.0,0.0,0,0
1786431200.0772052,2.21099991400024,APPROACH,FLOW,/home/eunseop/nrs_imitation/checkpoints/flow/polishing/single_cam/20260809_1638,436.0748291015625,381.40228271484375,212.49464416503906,0.000801025191321969,-0.014945845119655132,1.8370286226272583,-4.542201519012451,4.61962890625,-0.4745481312274933,437.2442626953125,380.0746154785156,213.68536376953125,0.0010228040628135204,-0.01606706529855728,1.8569080829620361,0.0,0.0,0.0,0,0
1786431200.08607,2.2198645329999636,APPROACH,FLOW,/home/eunseop/nrs_imitation/checkpoints/flow/polishing/single_cam/20260809_1638,436.0748291015625,381.40228271484375,212.49464416503906,0.000801025191321969,-0.014945845119655132,1.8370286226272583,-4.542201519012451,4.61962890625,-0.4745481312274933,437.37506103515625,379.9528503417969,213.8404083251953,0.0010305402101948857,-0.016175150871276855,1.8588347434997559,0.0,0.0,0.0,0,0
1786431200.093224,2.2270184280005196,APPROACH,FLOW,/home/eunseop/nrs_imitation/checkpoints/flow/polishing/single_cam/20260809_1638,436.3473815917969,381.1221618652344,212.79393005371094,0.0010483094956725836,-0.015043295919895172,1.8404912948608398,-2.770582437515259,6.931439399719238,2.519444465637207,437.4812316894531,379.85394287109375,213.96630859375,0.00103682279586792,-0.016262924298644066,1.8603992462158203,0.0,0.0,0.0,0,0
1786431200.1012247,2.23501923799995,APPROACH,FLOW,/home/eunseop/nrs_imitation/checkpoints/flow/polishing/single_cam/20260809_1638,436.56707763671875,380.8667297363281,212.97630310058594,0.0009958752198144794,-0.015123782679438591,1.8434855937957764,1.4204853773117065,1.5972880125045776,1.4879655838012695,437.59991455078125,379.7433776855469,214.10702514648438,0.001043844735249877,-0.01636102795600891,1.8621480464935303,0.0,0.0,0.0,0,0
1786431200.1092222,2.2430166419999296,APPROACH,FLOW,/home/eunseop/nrs_imitation/checkpoints/flow/polishing/single_cam/20260809_1638,436.7940368652344,380.68841552734375,213.1652374267578,0.0008255980792455375,-0.0153274554759264,1.8470406532287598,3.3884222507476807,-0.1645289808511734,0.7596300840377808,437.71881103515625,379.63262939453125,214.24801635742188,0.0010508797131478786,-0.01645931787788868,1.863900065422058,0.0,0.0,0.0,0,0
1786431200.1172192,2.2510139060004803,APPROACH,FLOW,/home/eunseop/nrs_imitation/checkpoints/flow/polishing/single_cam/20260809_1638,437.00665283203125,380.60784912109375,213.38119506835938,0.0007429731776937842,-0.0157603919506073,1.8506077527999878,5.930237770080566,-1.3461735248565674,1.4204148054122925,437.83758544921875,379.5220031738281,214.38877868652344,0.0010579045629128814,-0.016557464376091957,1.8656494617462158,0.0,0.0,0.0,0,0
1786431200.1251886,2.2589831149998645,APPROACH,FLOW,/home/eunseop/nrs_imitation/checkpoints/flow/polishing/single_cam/20260809_1638,437.151611328125,380.51068115234375,213.53762817382812,0.0006845177267678082,-0.015939146280288696,1.8538289070129395,8.207980155944824,-2.4011735916137695,-1.333696961402893,437.9568786621094,379.410888671875,214.53024291992188,0.0010649628238752484,-0.016656074672937393,1.8674073219299316,0.0,0.0,0.0,0,0
1786431200.133184,2.2669786960004785,APPROACH,FLOW,/home/eunseop/nrs_imitation/checkpoints/flow/polishing/single_cam/20260809_1638,437.2320556640625,380.4390563964844,213.70053100585938,0.000669175002258271,-0.016086747869849205,1.8567150831222534,6.821020603179932,-1.0243040323257446,-2.4032559394836426,438.0765075683594,379.29949951171875,214.67202758789062,0.0010720377322286367,-0.016754919663071632,1.8691694736480713,0.0,0.0,0.0,0,0
1786431200.1411817,2.274976329999845,APPROACH,FLOW,/home/eunseop/nrs_imitation/checkpoints/flow/polishing/single_cam/20260809_1638,437.31561279296875,380.3153991699219,213.83367919921875,0.0007283443119376898,-0.01604607328772545,1.8587517738342285,0.3314915597438812,1.2597407102584839,0.05661103501915932,438.1962585449219,379.18792724609375,214.81402587890625,0.0010791233507916331,-0.01685391366481781,1.870934009552002,0.0,0.0,0.0,0,0
1786431200.149183,2.282977460999973,APPROACH,FLOW,/home/eunseop/nrs_imitation/checkpoints/flow/polishing/single_cam/20260809_1638,437.3700866699219,380.24530029296875,213.97357177734375,0.0008534471853636205,-0.016097156330943108,1.8604893684387207,-0.8455977439880371,3.541255235671997,0.5689425468444824,438.31622314453125,379.076171875,214.95626831054688,0.0010862215422093868,-0.016953084617853165,1.8727017641067505,0.0,0.0,0.0,0,0
1786431200.1572042,2.290998870999829,APPROACH,FLOW,/home/eunseop/nrs_imitation/checkpoints/flow/polishing/single_cam/20260809_1638,437.439453125,380.1310729980469,214.0863494873047,0.0009435570682398975,-0.016039106994867325,1.8620600700378418,-3.7001490592956543,4.851266384124756,2.5178394317626953,438.43646240234375,378.9642028808594,215.09878540039062,0.0010933331213891506,-0.017052441835403442,1.8744728565216064,0.0,0.0,0.0,0,0
1786431200.1652133,2.2990081680000003,APPROACH,FLOW,/home/eunseop/nrs_imitation/checkpoints/flow/polishing/single_cam/20260809_1638,437.5278015136719,380.0429992675781,214.24891662597656,0.0010591939790174365,-0.01611650176346302,1.8634135723114014,-2.840932846069336,4.211686134338379,3.493403911590576,438.55694580078125,378.8519592285156,215.24166870117188,0.001100461813621223,-0.01715203933417797,1.8762483596801758,0.0,0.0,0.0,0,0
1786431200.1732008,2.3069954720003807,APPROACH,FLOW,/home/eunseop/nrs_imitation/checkpoints/flow/polishing/single_cam/20260809_1638,437.6749572753906,379.96435546875,214.38360595703125,0.0010578760411590338,-0.016273250803351402,1.8643237352371216,-0.7473477721214294,2.451016664505005,3.0204789638519287,438.6774597167969,378.7397155761719,215.38455200195312,0.0011075919028371572,-0.01725165545940399,1.8780241012573242,0.0,0.0,0.0,0,0
1786431200.181201,2.3149954010004876,APPROACH,FLOW,/home/eunseop/nrs_imitation/checkpoints/flow/polishing/single_cam/20260809_1638,437.79119873046875,379.87451171875,214.49012756347656,0.001002923003397882,-0.01641792245209217,1.8649216890335083,1.020211935043335,1.7053126096725464,2.6688778400421143,438.79827880859375,378.6271667480469,215.52780151367188,0.0011147399200126529,-0.01735151931643486,1.8798041343688965,0.0,0.0,0.0,0,0
1786431200.1891937,2.322988317000636,APPROACH,FLOW,/home/eunseop/nrs_imitation/checkpoints/flow/polishing/single_cam/20260809_1638,437.93017578125,379.8141174316406,214.58567810058594,0.0009260414517484605,-0.01659129373729229,1.865112066268921,3.1221446990966797,0.02016686275601387,2.139983654022217,438.91937255859375,378.514404296875,215.67132568359375,0.0011219024891033769,-0.017451589927077293,1.8815879821777344,0.0,0.0,0.0,0,0
1786431200.1971812,2.330975791000128,APPROACH,FLOW,/home/eunseop/nrs_imitation/checkpoints/flow/polishing/single_cam/20260809_1638,438.0424499511719,379.71612548828125,214.66006469726562,0.000825166585855186,-0.016612999141216278,1.8652677536010742,5.77244234085083,-1.1642614603042603,-1.5769801139831543,439.0406494140625,378.4014892578125,215.81507873535156,0.0011290748370811343,-0.01755179837346077,1.8833742141723633,0.0,0.0,0.0,0,0
1786431200.205221,2.339015336000557,APPROACH,FLOW,/home/eunseop/nrs_imitation/checkpoints/flow/polishing/single_cam/20260809_1638,438.12738037109375,379.5774230957031,214.72987365722656,0.0007626003352925181,-0.01660292036831379,1.8655426502227783,6.0381760597229,-1.1773301362991333,-4.4449028968811035,439.1624755859375,378.2879943847656,215.95953369140625,0.001136282691732049,-0.017652498558163643,1.885169267654419,0.0,0.0,0.0,0,0
1786431200.2132192,2.3470136020005157,APPROACH,FLOW,/home/eunseop/nrs_imitation/checkpoints/flow/polishing/single_cam/20260809_1638,438.210693359375,379.4356384277344,214.8456268310547,0.0008008311851881444,-0.01650606282055378,1.8662623167037964,2.374690532684326,-0.04784383997321129,-3.947136402130127,439.28411865234375,378.1746826171875,216.103759765625,0.0011434798361733556,-0.017753051593899727,1.8869616985321045,0.0,0.0,0.0,0,0
1786431200.222363,2.3561573460001455,APPROACH,FLOW,/home/eunseop/nrs_imitation/checkpoints/flow/polishing/single_cam/20260809_1638,438.210693359375,379.4356384277344,214.8456268310547,0.0008008311851881444,-0.01650606282055378,1.8662623167037964,2.374690532684326,-0.04784383997321129,-3.947136402130127,439.4232482910156,378.04510498046875,216.26870727539062,0.001151710283011198,-0.0178680419921875,1.8890116214752197,0.0,0.0,0.0,0,0
1786431200.2292259,2.3630206630004977,APPROACH,FLOW,/home/eunseop/nrs_imitation/checkpoints/flow/polishing/single_cam/20260809_1638,438.47137451171875,379.15673828125,215.18927001953125,0.0010174280032515526,-0.016626935452222824,1.8697731494903564,-4.409022331237793,5.458132266998291,2.2871477603912354,439.528076171875,377.94744873046875,216.39297485351562,0.0011579119600355625,-0.017954686656594276,1.8905560970306396,0.0,0.0,0.0,0,0
1786431200.237208,2.3710024570000314,APPROACH,FLOW,/home/eunseop/nrs_imitation/checkpoints/flow/polishing/single_cam/20260809_1638,438.6236267089844,379.06634521484375,215.46084594726562,0.0011439035879448056,-0.01694875955581665,1.872946858406067,-4.151268005371094,5.106606483459473,4.534880638122559,439.6499328613281,377.83392333984375,216.5374755859375,0.001165122026577592,-0.018055418506264687,1.8923516273498535,0.0,0.0,0.0,0,0
1786431200.2451458,2.3789403669998137,APPROACH,FLOW,/home/eunseop/nrs_imitation/checkpoints/flow/polishing/single_cam/20260809_1638,438.8124694824219,378.9414367675781,215.657470703125,0.0011235288111492991,-0.01721174269914627,1.8764076232910156,0.7616333365440369,2.1650748252868652,3.937358856201172,439.77154541015625,377.720703125,216.68165588378906,0.0011723159113898873,-0.01815592683851719,1.8941433429718018,0.0,0.0,0.0,0,0
1786431200.2532015,2.386996003000604,APPROACH,FLOW,/home/eunseop/nrs_imitation/checkpoints/flow/polishing/single_cam/20260809_1638,439.0032653808594,378.8815002441406,215.88522338867188,0.0010541921947151423,-0.01760276034474373,1.879998803138733,2.7684574127197266,0.9659801125526428,3.525299072265625,439.89501953125,377.60565185546875,216.82803344726562,0.0011796203907579184,-0.018257979303598404,1.8959624767303467,0.0,0.0,0.0,0,0
1786431200.2612228,2.3950175330001002,APPROACH,FLOW,/home/eunseop/nrs_imitation/checkpoints/flow/polishing/single_cam/20260809_1638,439.14697265625,378.81683349609375,216.00669860839844,0.0008931276970542967,-0.017804790288209915,1.883326768875122,4.417781829833984,-0.593468964099884,2.2908549308776855,440.01824951171875,377.4908447265625,216.9741668701172,0.0011869128793478012,-0.018359864130616188,1.8977785110473633,0.0,0.0,0.0,0,0
1786431200.2692711,2.403065733999938,APPROACH,FLOW,/home/eunseop/nrs_imitation/checkpoints/flow/polishing/single_cam/20260809_1638,439.2202453613281,378.7427978515625,216.10739135742188,0.0008821276132948697,-0.017869284376502037,1.886141300201416,5.148271560668945,-0.056989144533872604,0.21297599375247955,440.1412658691406,377.3763122558594,217.11997985839844,0.0011941880220547318,-0.018461504951119423,1.8995904922485352,0.0,0.0,0.0,0,0
1786431200.2772248,2.411019443999976,APPROACH,FLOW,/home/eunseop/nrs_imitation/checkpoints/flow/polishing/single_cam/20260809_1638,439.3059387207031,378.6300964355469,216.16741943359375,0.0007992389728315175,-0.017824197188019753,1.8884053230285645,5.222538471221924,-1.3185954093933105,-3.278524875640869,440.2646179199219,377.2613830566406,217.26622009277344,0.0012014859821647406,-0.018563469871878624,1.9014079570770264,0.0,0.0,0.0,0,0
1786431200.2852328,2.4190275490000204,APPROACH,FLOW,/home/eunseop/nrs_imitation/checkpoints/flow/polishing/single_cam/20260809_1638,439.3188781738281,378.46240234375,216.22430419921875,0.0008363232482224703,-0.017590003088116646,1.8902993202209473,1.2414718866348267,0.934013307094574,-2.6833953857421875,440.38818359375,377.1463317871094,217.4127197265625,0.0012087952345609665,-0.018665587529540062,1.9032282829284668,0.0,0.0,0.0,0,0
1786431200.2932112,2.4270057459998498,APPROACH,FLOW,/home/eunseop/nrs_imitation/checkpoints/flow/polishing/single_cam/20260809_1638,439.3781433105469,378.3446960449219,216.36936950683594,0.0009819823317229748,-0.017546068876981735,1.891942024230957,-1.5110018253326416,4.043000221252441,-0.9094861149787903,440.5112609863281,377.0317077636719,217.55865478515625,0.0012160774786025286,-0.018767327070236206,1.9050419330596924,0.0,0.0,0.0,0,0
1786431200.3013296,2.4351244119998228,APPROACH,FLOW,/home/eunseop/nrs_imitation/checkpoints/flow/polishing/single_cam/20260809_1638,439.5559997558594,378.1900939941406,216.49697875976562,0.001021244446747005,-0.017604414373636246,1.8932836055755615,-3.3544654846191406,6.028648853302002,2.3364577293395996,440.63592529296875,376.91558837890625,217.70645141601562,0.0012234520399942994,-0.018870361149311066,1.9068784713745117,0.0,0.0,0.0,0,0
1786431200.309328,2.4431227980003314,APPROACH,FLOW,/home/eunseop/nrs_imitation/checkpoints/flow/polishing/single_cam/20260809_1638,439.71942138671875,378.1075744628906,216.6914825439453,0.0011425232514739037,-0.017840029671788216,1.8943135738372803,-2.0519959926605225,5.383234024047852,3.1436166763305664,440.7598876953125,376.800048828125,217.8534393310547,0.0012307872530072927,-0.018972843885421753,1.908705234527588,0.0,0.0,0.0,0,0
1786431200.3172185,2.4510130859998753,APPROACH,FLOW,/home/eunseop/nrs_imitation/checkpoints/flow/polishing/single_cam/20260809_1638,439.9111022949219,377.97869873046875,216.83938598632812,0.0010706755565479398,-0.01804153434932232,1.8948876857757568,-0.02199522964656353,3.145695447921753,4.308974742889404,440.8831787109375,376.68524169921875,217.99960327148438,0.0012380803236737847,-0.019074734300374985,1.9105216264724731,0.0,0.0,0.0,0,0
1786431200.3251886,2.458983258000444,APPROACH,FLOW,/home/eunseop/nrs_imitation/checkpoints/flow/polishing/single_cam/20260809_1638,440.0339050292969,377.9048156738281,216.96531677246094,0.0010463393991813064,-0.018253576010465622,1.895138144493103,3.2928214073181152,0.2794150710105896,2.9771106243133545,441.00750732421875,376.5694580078125,218.14697265625,0.0012454341631382704,-0.019177475944161415,1.9123530387878418,0.0,0.0,0.0,0,0
1786431200.3332317,2.4670262199997524,APPROACH,FLOW,/home/eunseop/nrs_imitation/checkpoints/flow/polishing/single_cam/20260809_1638,440.1114807128906,377.7768859863281,217.07044982910156,0.0010010284604504704,-0.018297510221600533,1.8952934741973877,4.807409286499023,-0.2922368049621582,0.03430933505296707,441.13214111328125,376.453369140625,218.2947998046875,0.0012528103543445468,-0.019280530512332916,1.9141900539398193,0.0,0.0,0.0,0,0
1786431200.341197,2.4749917119997917,APPROACH,FLOW,/home/eunseop/nrs_imitation/checkpoints/flow/polishing/single_cam/20260809_1638,440.1708984375,377.68829345703125,217.16390991210938,0.00092486193170771,-0.01831667311489582,1.8957959413528442,5.426142692565918,-2.3058574199676514,-2.357633590698242,441.25677490234375,376.3373107910156,218.4425048828125,0.0012601808412000537,-0.019383504986763,1.9160256385803223,0.0,0.0,0.0,0,0
1786431200.3492353,2.4830296939999243,APPROACH,FLOW,/home/eunseop/nrs_imitation/checkpoints/flow/polishing/single_cam/20260809_1638,440.24908447265625,377.58563232421875,217.22854614257812,0.0008652698597870767,-0.0181681327521801,1.8965749740600586,4.963532447814941,-1.5536234378814697,-3.109625816345215,441.38189697265625,376.2207336425781,218.59085083007812,0.0012675832258537412,-0.0194869264960289,1.9178690910339355,0.0,0.0,0.0,0,0
1786431200.3572009,2.490995627000302,APPROACH,FLOW,/home/eunseop/nrs_imitation/checkpoints/flow/polishing/single_cam/20260809_1638,440.31512451171875,377.47900390625,217.29837036132812,0.0009600806515663862,-0.01816844567656517,1.8979175090789795,0.8189976811408997,1.7005395889282227,-0.3208744525909424,441.50677490234375,376.1044616699219,218.73887634277344,0.0012749694287776947,-0.019590120762586594,1.9197087287902832,0.0,0.0,0.0,0,0
1786431200.3651874,2.498981950000598,APPROACH,FLOW,/home/eunseop/nrs_imitation/checkpoints/flow/polishing/single_cam/20260809_1638,440.41107177734375,377.4217834472656,217.3882598876953,0.0009856796823441982,-0.018271299079060555,1.899786114692688,-0.7382776141166687,4.126964569091797,1.4011375904083252,441.6319580078125,375.9878234863281,218.88735961914062,0.001282377983443439,-0.019693627953529358,1.9215538501739502,0.0,0.0,0.0,0,0
1786431200.3732636,2.5070582950002063,APPROACH,FLOW,/home/eunseop/nrs_imitation/checkpoints/flow/polishing/single_cam/20260809_1638,440.4791564941406,377.3574523925781,217.5659942626953,0.0010659430408850312,-0.0184288639575243,1.9020259380340576,-1.8598188161849976,4.769406318664551,2.419628858566284,441.75775146484375,375.87066650390625,219.03646850585938,0.001289818435907364,-0.01979757845401764,1.923406720161438,0.0,0.0,0.0,0,0
1786431200.3812757,2.515070277000632,APPROACH,FLOW,/home/eunseop/nrs_imitation/checkpoints/flow/polishing/single_cam/20260809_1638,440.56610107421875,377.2582702636719,217.73294067382812,0.0011514691868796945,-0.018490131944417953,1.904613733291626,-2.9821877479553223,5.193592548370361,2.562943935394287,441.88330078125,375.753662109375,219.18533325195312,0.0012972474796697497,-0.019901370629668236,1.9252569675445557,0.0,0.0,0.0,0,0
1786431200.3892775,2.5230721699999776,APPROACH,FLOW,/home/eunseop/nrs_imitation/checkpoints/flow/polishing/single_cam/20260809_1638,440.690673828125,377.1067199707031,217.93902587890625,0.0012867262121289968,-0.018551114946603775,1.9075738191604614,-3.2599964141845703,5.822824001312256,2.3222310543060303,442.0091552734375,375.63653564453125,219.33450317382812,0.0013046901440247893,-0.020005354657769203,1.9271105527877808,0.0,0.0,0.0,0,0
1786431200.397186,2.5309806830000525,APPROACH,FLOW,/home/eunseop/nrs_imitation/checkpoints/flow/polishing/single_cam/20260809_1638,440.9073486328125,376.9107360839844,218.174560546875,0.0013225206639617682,-0.01870184950530529,1.9107954502105713,-1.8423866033554077,3.814817428588867,1.0052759647369385,442.1346435546875,375.5195617675781,219.4833526611328,0.0013121177908033133,-0.020109126344323158,1.9289603233337402,0.0,0.0,0.0,0,0
1786431200.405203,2.538997935000225,APPROACH,FLOW,/home/eunseop/nrs_imitation/checkpoints/flow/polishing/single_cam/20260809_1638,441.1741027832031,376.6864929199219,218.3790740966797,0.0011783995432779193,-0.018901370465755463,1.9138729572296143,3.292166233062744,1.3254170417785645,-0.974395215511322,442.26080322265625,375.402099609375,219.6328887939453,0.001319579896517098,-0.020213382318615913,1.930818796157837,0.0,0.0,0.0,0,0
1786431200.4132667,2.5470614760006356,APPROACH,FLOW,/home/eunseop/nrs_imitation/checkpoints/flow/polishing/single_cam/20260809_1638,441.4542236328125,376.42767333984375,218.58139038085938,0.0010643000714480877,-0.01911105215549469,1.916554570198059,5.316038131713867,-0.909073531627655,-1.6517680883407593,442.38739013671875,375.2841796875,219.782958984375,0.001327068661339581,-0.020318008959293365,1.9326838254928589,0.0,0.0,0.0,0,0
1786431200.4212954,2.555090050000217,APPROACH,FLOW,/home/eunseop/nrs_imitation/checkpoints/flow/polishing/single_cam/20260809_1638,441.67474365234375,376.25164794921875,218.82647705078125,0.000942616316024214,-0.019363442435860634,1.9189847707748413,6.297667503356934,-1.9914326667785645,-1.93667471408844,442.51385498046875,375.1664123535156,219.93289184570312,0.0013345495099201798,-0.020422525703907013,1.934546947479248,0.0,0.0,0.0,0,0
1786431200.4292548,2.5630492800000866,APPROACH,FLOW,/home/eunseop/nrs_imitation/checkpoints/flow/polishing/single_cam/20260809_1638,441.8920593261719,376.1449890136719,219.1005096435547,0.0009796788217499852,-0.01973535865545273,1.9212114810943604,4.588776588439941,-1.4972331523895264,-0.4784552752971649,442.640380859375,375.0485534667969,220.08291625976562,0.0013420358300209045,-0.02052711881697178,1.9364113807678223,0.0,0.0,0.0,0,0
1786431200.4372804,2.5710750990001543,APPROACH,FLOW,/home/eunseop/nrs_imitation/checkpoints/flow/polishing/single_cam/20260809_1638,442.01812744140625,376.10589599609375,219.3355712890625,0.0010728324996307492,-0.020022034645080566,1.9234271049499512,1.8869787454605103,1.7573660612106323,1.3533366918563843,442.7671813964844,374.930419921875,220.23324584960938,0.001349537167698145,-0.02063192054629326,1.938279390335083,0.0,0.0,0.0,0,0
1786431200.4452512,2.5790460620000886,APPROACH,FLOW,/home/eunseop/nrs_imitation/checkpoints/flow/polishing/single_cam/20260809_1638,442.13525390625,376.0346984863281,219.54815673828125,0.0011367164552211761,-0.02022481895983219,1.9254515171051025,-0.4301312267780304,2.358224630355835,3.1554758548736572,442.8940734863281,374.812255859375,220.38369750976562,0.0013570438604801893,-0.020736798644065857,1.940148949623108,0.0,0.0,0.0,0,0
1786431200.4531968,2.586991486000443,APPROACH,FLOW,/home/eunseop/nrs_imitation/checkpoints/flow/polishing/single_cam/20260809_1638,442.2461853027344,375.9812316894531,219.74098205566406,0.0011860085651278496,-0.020372658967971802,1.9274152517318726,-1.0669902563095093,3.4153690338134766,3.2615625858306885,443.0208435058594,374.69415283203125,220.53399658203125,0.0013645439175888896,-0.020841583609580994,1.942016839981079,0.0,0.0,0.0,0,0
1786431200.4612606,2.5950552670001343,APPROACH,FLOW,/home/eunseop/nrs_imitation/checkpoints/flow/polishing/single_cam/20260809_1638,442.2922058105469,375.9161682128906,219.8542022705078,0.0013325101463124156,-0.02038910984992981,1.929141640663147,-1.2127349376678467,4.128925800323486,4.369462013244629,443.14837646484375,374.57537841796875,220.68521118164062,0.0013720892602577806,-0.02094700001180172,1.9438960552215576,0.0,0.0,0.0,0,0
1786431200.4693093,2.603104169999824,APPROACH,FLOW,/home/eunseop/nrs_imitation/checkpoints/flow/polishing/single_cam/20260809_1638,442.3829040527344,375.8205261230469,219.9261016845703,0.001270978362299502,-0.0203690342605114,1.9305907487869263,0.4347180128097534,2.466109275817871,3.055142641067505,443.27587890625,374.45660400390625,220.8363494873047,0.0013796313432976604,-0.021052373573184013,1.9457743167877197,0.0,0.0,0.0,0,0
1786431200.4773312,2.6111260409998067,APPROACH,FLOW,/home/eunseop/nrs_imitation/checkpoints/flow/polishing/single_cam/20260809_1638,442.4685363769531,375.7294006347656,219.97984313964844,0.001217125216498971,-0.020415933802723885,1.9314767122268677,1.81948721408844,1.164351224899292,1.7181739807128906,443.40362548828125,374.33758544921875,220.9878387451172,0.0013871904229745269,-0.02115798182785511,1.9476568698883057,0.0,0.0,0.0,0,0
1786431200.4851968,2.6189915020004264,APPROACH,FLOW,/home/eunseop/nrs_imitation/checkpoints/flow/polishing/single_cam/20260809_1638,442.5361633300781,375.6123352050781,219.96286010742188,0.001109223230741918,-0.02032225765287876,1.9319082498550415,2.56023907661438,1.1813842058181763,1.2081888914108276,443.5307312011719,374.21923828125,221.13851928710938,0.001394708757288754,-0.02126302383840084,1.9495292901992798,0.0,0.0,0.0,0,0
1786431200.4940224,2.627817004999997,APPROACH,FLOW,/home/eunseop/nrs_imitation/checkpoints/flow/polishing/single_cam/20260809_1638,442.5358581542969,375.5413818359375,219.91465759277344,0.0011403522221371531,-0.02011132426559925,1.9322928190231323,4.063812732696533,0.6551077365875244,-2.6085548400878906,443.6714782714844,374.088134765625,221.3053741455078,0.0014030345482751727,-0.021379344165325165,1.9516026973724365,0.0,0.0,0.0,0,0
1786431200.5012126,2.635007339999902,APPROACH,FLOW,/home/eunseop/nrs_imitation/checkpoints/flow/polishing/single_cam/20260809_1638,442.578857421875,375.4248962402344,219.9674835205078,0.001130822696723044,-0.02001504972577095,1.9326651096343994,2.474168539047241,0.23981152474880219,-3.3057608604431152,443.78662109375,373.98089599609375,221.44189453125,0.0014098475221544504,-0.021474529057741165,1.9532995223999023,0.0,0.0,0.0,0,0
1786431200.5091863,2.6429807880003864,APPROACH,FLOW,/home/eunseop/nrs_imitation/checkpoints/flow/polishing/single_cam/20260809_1638,442.6463623046875,375.2936096191406,220.06912231445312,0.0011304669314995408,-0.01994827389717102,1.9334796667099,0.23645026981830597,1.473356008529663,-1.9479353427886963,443.91473388671875,373.861572265625,221.59378051757812,0.0014174265088513494,-0.021580416709184647,1.9551869630813599,0.0,0.0,0.0,0,0
1786431200.5172126,2.651007166999989,APPROACH,FLOW,/home/eunseop/nrs_imitation/checkpoints/flow/polishing/single_cam/20260809_1638,442.7482604980469,375.22308349609375,220.17373657226562,0.0012543655466288328,-0.020062949508428574,1.9348100423812866,-0.19480711221694946,3.924990177154541,1.176037073135376,444.0430908203125,373.7420654296875,221.74594116210938,0.0014250180684030056,-0.021686481311917305,1.9570777416229248,0.0,0.0,0.0,0,0
1786431200.5252671,2.659061971000483,APPROACH,FLOW,/home/eunseop/nrs_imitation/checkpoints/flow/polishing/single_cam/20260809_1638,442.9046936035156,375.19366455078125,220.32888793945312,0.0012916934210807085,-0.02032357081770897,1.9366658926010132,0.3737586736679077,3.8977057933807373,2.492161750793457,444.1718444824219,373.6220703125,221.8986053466797,0.0014326367527246475,-0.021792922168970108,1.958975076675415,0.0,0.0,0.0,0,0
1786431200.5332277,2.6670222740003737,APPROACH,FLOW,/home/eunseop/nrs_imitation/checkpoints/flow/polishing/single_cam/20260809_1638,443.00067138671875,375.0939025878906,220.48353576660156,0.0012787273153662682,-0.020431609824299812,1.939049482345581,0.6052235960960388,3.4054195880889893,1.828216552734375,444.3004455566406,373.5023193359375,222.05105590820312,0.0014402434462681413,-0.02189919725060463,1.960869312286377,0.0,0.0,0.0,0,0
1786431200.5412154,2.6750101699999504,APPROACH,FLOW,/home/eunseop/nrs_imitation/checkpoints/flow/polishing/single_cam/20260809_1638,443.12823486328125,374.9903869628906,220.7512664794922,0.0012757587246596813,-0.02064121514558792,1.9418636560440063,-0.36498531699180603,2.7103583812713623,1.071398138999939,444.42889404296875,373.3827209472656,222.20333862304688,0.0014478417579084635,-0.0220053531229496,1.9627618789672852,0.0,0.0,0.0,0,0
1786431200.5492096,2.6830040969998663,APPROACH,FLOW,/home/eunseop/nrs_imitation/checkpoints/flow/polishing/single_cam/20260809_1638,443.257568359375,374.8226318359375,220.99468994140625,0.0012926373165100813,-0.020767968147993088,1.945133924484253,-0.6428911089897156,2.3736846446990967,-0.3968964219093323,444.5577392578125,373.2626953125,222.3560791015625,0.0014554639346897602,-0.02211184613406658,1.9646601676940918,0.0,0.0,0.0,0,0
1786431200.5572016,2.690996291000374,APPROACH,FLOW,/home/eunseop/nrs_imitation/checkpoints/flow/polishing/single_cam/20260809_1638,443.4240417480469,374.66558837890625,221.23046875,0.0014060045359656215,-0.020936835557222366,1.9484646320343018,-0.19008630514144897,2.496192455291748,0.5509137511253357,444.6868591308594,373.14239501953125,222.50918579101562,0.0014631034573540092,-0.022218577563762665,1.9665627479553223,0.0,0.0,0.0,0,0
1786431200.565179,2.698973706000288,APPROACH,FLOW,/home/eunseop/nrs_imitation/checkpoints/flow/polishing/single_cam/20260809_1638,443.7013244628906,374.46893310546875,221.48434448242188,0.0013094929745420814,-0.021219300106167793,1.9514819383621216,2.172011613845825,1.6740221977233887,-0.04421696439385414,444.81585693359375,373.0222473144531,222.662109375,0.0014707351801916957,-0.02232520468533039,1.96846342086792,0.0,0.0,0.0,0,0
1786431200.573201,2.7069956069999535,APPROACH,FLOW,/home/eunseop/nrs_imitation/checkpoints/flow/polishing/single_cam/20260809_1638,443.94677734375,374.2384948730469,221.68601989746094,0.0012567301746457815,-0.021373314782977104,1.954128384590149,3.0135366916656494,0.6334179639816284,0.2560373842716217,444.9451904296875,372.90179443359375,222.81544494628906,0.0014783857623115182,-0.02243209071457386,1.9703686237335205,0.0,0.0,0.0,0,0
1786431200.5811923,2.714986890000546,APPROACH,FLOW,/home/eunseop/nrs_imitation/checkpoints/flow/polishing/single_cam/20260809_1638,444.1697998046875,374.0443115234375,221.93756103515625,0.0012214744929224253,-0.021610645577311516,1.9565714597702026,2.563631296157837,0.22667299211025238,1.347363829612732,445.0746154785156,372.7812194824219,222.96890258789062,0.0014860440278425813,-0.022539086639881134,1.972275972366333,0.0,0.0,0.0,0,0
1786431200.5892062,2.7230009849999988,APPROACH,FLOW,/home/eunseop/nrs_imitation/checkpoints/flow/polishing/single_cam/20260809_1638,444.317138671875,373.891845703125,222.11463928222656,0.0012456339318305254,-0.0217197984457016,1.9588475227355957,2.618370771408081,1.5335279703140259,1.336938738822937,445.20416259765625,372.6605529785156,223.12249755859375,0.0014937074156478047,-0.02264615334570408,1.974184513092041,0.0,0.0,0.0,0,0
1786431200.597201,2.7309956139997666,APPROACH,FLOW,/home/eunseop/nrs_imitation/checkpoints/flow/polishing/single_cam/20260809_1638,444.4668273925781,373.8149719238281,222.31459045410156,0.0012745934072881937,-0.021997857838869095,1.960858941078186,0.48768386244773865,2.112553119659424,3.626112461090088,445.33392333984375,372.5397033691406,223.2763214111328,0.00150138302706182,-0.022753389552235603,1.9760960340499878,0.0,0.0,0.0,0,0
1786431200.6051824,2.738976956999977,APPROACH,FLOW,/home/eunseop/nrs_imitation/checkpoints/flow/polishing/single_cam/20260809_1638,444.5758056640625,373.728515625,222.38821411132812,0.0012935892445966601,-0.02204754389822483,1.9624764919281006,2.2128167152404785,0.8418428301811218,1.8072741031646729,445.4637145996094,372.4188232421875,223.43020629882812,0.001509061548858881,-0.02286066859960556,1.9780082702636719,0.0,0.0,0.0,0,0
1786431200.6131763,2.7469709950000833,APPROACH,FLOW,/home/eunseop/nrs_imitation/checkpoints/flow/polishing/single_cam/20260809_1638,444.6629943847656,373.6612243652344,222.48736572265625,0.0012500635348260403,-0.02215230092406273,1.9635419845581055,1.7857131958007812,0.5388111472129822,2.6826889514923096,445.5936279296875,372.29779052734375,223.58425903320312,0.0015167484525591135,-0.022968066856265068,1.9799227714538574,0.0,0.0,0.0,0,0
1786431200.6211889,2.754983578000065,APPROACH,FLOW,/home/eunseop/nrs_imitation/checkpoints/flow/polishing/single_cam/20260809_1638,444.7188720703125,373.5950927734375,222.48597717285156,0.0012124225031584501,-0.02212701179087162,1.9641294479370117,2.041034698486328,0.6385505795478821,1.4214051961898804,445.7237548828125,372.1766052246094,223.73849487304688,0.0015244450187310576,-0.023075595498085022,1.981839656829834,0.0,0.0,0.0,0,0
1786431200.6292012,2.7629957300005117,APPROACH,FLOW,/home/eunseop/nrs_imitation/checkpoints/flow/polishing/single_cam/20260809_1638,444.7188720703125,373.5950927734375,222.48597717285156,0.0012124225031584501,-0.02212701179087162,1.9641294479370117,2.041034698486328,0.6385505795478821,1.4214051961898804,445.85382080078125,372.0554504394531,223.8927001953125,0.0015321399550884962,-0.023183101788163185,1.9837558269500732,0.0,0.0,0.0,0,0
1786431200.6372247,2.771019384000283,APPROACH,FLOW,/home/eunseop/nrs_imitation/checkpoints/flow/polishing/single_cam/20260809_1638,444.6991882324219,373.4591064453125,222.53475952148438,0.0012981962645426393,-0.021834105253219604,1.9649819135665894,-0.9284293055534363,2.552345037460327,-2.1453676223754883,445.98468017578125,371.93359375,224.0478515625,0.001539881224744022,-0.02329125627875328,1.9856839179992676,0.0,0.0,0.0,0,0
1786431200.6452005,2.7789950860005774,APPROACH,FLOW,/home/eunseop/nrs_imitation/checkpoints/flow/polishing/single_cam/20260809_1638,444.7785339355469,373.3492126464844,222.64907836914062,0.0013411843683570623,-0.02176670916378498,1.9657137393951416,-2.064438819885254,2.6119470596313477,-0.744429886341095,446.11474609375,371.81243896484375,224.20205688476562,0.0015475760446861386,-0.023398762568831444,1.9876000881195068,0.0,0.0,0.0,0,0
1786431200.6532078,2.787002339000537,APPROACH,FLOW,/home/eunseop/nrs_imitation/checkpoints/flow/polishing/single_cam/20260809_1638,444.8998107910156,373.2086486816406,222.73428344726562,0.0013622575206682086,-0.021730788052082062,1.96701979637146,-1.5498422384262085,4.9444122314453125,1.7318072319030762,446.24530029296875,371.6907958984375,224.35687255859375,0.0015553012490272522,-0.02350669354200363,1.9895241260528564,0.0,0.0,0.0,0,0
1786431200.6612074,2.795002238000052,APPROACH,FLOW,/home/eunseop/nrs_imitation/checkpoints/flow/polishing/single_cam/20260809_1638,445.0660705566406,373.11279296875,222.87098693847656,0.0013198649976402521,-0.02189604379236698,1.968960165977478,1.7690426111221313,3.560138702392578,0.9492972493171692,446.37603759765625,371.5690612792969,224.5118408203125,0.0015630340203642845,-0.023614728823304176,1.9914499521255493,0.0,0.0,0.0,0,0
1786431200.6691856,2.802980223999839,APPROACH,FLOW,/home/eunseop/nrs_imitation/checkpoints/flow/polishing/single_cam/20260809_1638,445.2153625488281,372.9763488769531,223.04244995117188,0.001230946509167552,-0.022034119814634323,1.9712711572647095,2.2531347274780273,1.1081600189208984,0.865189790725708,446.5068359375,371.4472351074219,224.66690063476562,0.0015707716811448336,-0.023722834885120392,1.9933769702911377,0.0,0.0,0.0,0,0
1786431200.6771746,2.8109690620003676,APPROACH,FLOW,/home/eunseop/nrs_imitation/checkpoints/flow/polishing/single_cam/20260809_1638,445.37335205078125,372.8582763671875,223.31455993652344,0.0012188042746856809,-0.022274423390626907,1.9741570949554443,1.4282779693603516,1.0330196619033813,-2.066296100616455,446.6372985839844,371.3257141113281,224.82159423828125,0.0015784903662279248,-0.023830672726035118,1.9952993392944336,0.0,0.0,0.0,0,0
1786431200.6851935,2.8189879769997788,APPROACH,FLOW,/home/eunseop/nrs_imitation/checkpoints/flow/polishing/single_cam/20260809_1638,445.5454406738281,372.7161560058594,223.53977966308594,0.0012416840763762593,-0.02247587963938713,1.9775352478027344,1.1880742311477661,2.474177360534668,-1.4310686588287354,446.76885986328125,371.20318603515625,224.9775390625,0.001586272264830768,-0.02393939346075058,1.9972373247146606,0.0,0.0,0.0,0,0
1786431200.693197,2.826991562999865,APPROACH,FLOW,/home/eunseop/nrs_imitation/checkpoints/flow/polishing/single_cam/20260809_1638,445.7577209472656,372.5820007324219,223.82827758789062,0.0013312962837517262,-0.02272125706076622,1.9809852838516235,-0.8290380239486694,3.8359177112579346,0.37292754650115967,446.89996337890625,371.0810546875,225.13299560546875,0.0015940292505547404,-0.024047771468758583,1.999169111251831,0.0,0.0,0.0,0,0
1786431200.7011974,2.8349919020001835,APPROACH,FLOW,/home/eunseop/nrs_imitation/checkpoints/flow/polishing/single_cam/20260809_1638,446.0408630371094,372.4081115722656,224.13865661621094,0.001321285031735897,-0.023120567202568054,1.9840503931045532,1.4911080598831177,2.565216302871704,0.6044352054595947,447.03131103515625,370.958740234375,225.28871154785156,0.0016017989255487919,-0.024156320840120316,2.0011043548583984,0.0,0.0,0.0,0,0
1786431200.7091925,2.8429869319998033,APPROACH,FLOW,/home/eunseop/nrs_imitation/checkpoints/flow/polishing/single_cam/20260809_1638,446.2528381347656,372.2440490722656,224.4221954345703,0.0013310862705111504,-0.023405415937304497,1.9868284463882446,1.5209941864013672,1.2732689380645752,1.2983617782592773,447.16265869140625,370.8363952636719,225.4444580078125,0.0016095705796033144,-0.024264900013804436,2.003039836883545,0.0,0.0,0.0,0,0
1786431200.7171967,2.8509915100003127,APPROACH,FLOW,/home/eunseop/nrs_imitation/checkpoints/flow/polishing/single_cam/20260809_1638,446.4864807128906,372.0411682128906,224.66220092773438,0.001288094324991107,-0.02364523708820343,1.989151954650879,2.7775442600250244,0.35979023575782776,1.3874565362930298,447.2941589355469,370.7138671875,225.60037231445312,0.0016173507319763303,-0.024373600259423256,2.004977226257324,0.0,0.0,0.0,0,0
1786431200.7252,2.858994404000441,APPROACH,FLOW,/home/eunseop/nrs_imitation/checkpoints/flow/polishing/single_cam/20260809_1638,446.62994384765625,371.9241638183594,224.9153594970703,0.0013901949860155582,-0.023900039494037628,1.9914038181304932,1.3617724180221558,0.9601252675056458,2.974433422088623,447.42572021484375,370.59130859375,225.75634765625,0.0016251339111477137,-0.02448233962059021,2.00691556930542,0.0,0.0,0.0,0,0
1786431200.7332017,2.866996325999935,APPROACH,FLOW,/home/eunseop/nrs_imitation/checkpoints/flow/polishing/single_cam/20260809_1638,446.7911071777344,371.8431396484375,225.0788116455078,0.0014528470346704125,-0.024155033752322197,1.9934043884277344,1.1674044132232666,1.9692190885543823,2.7078564167022705,447.5574951171875,370.4686279296875,225.91258239746094,0.0016329295467585325,-0.02459125407040119,2.008857250213623,0.0,0.0,0.0,0,0
1786431200.7412071,2.8750017660004232,APPROACH,FLOW,/home/eunseop/nrs_imitation/checkpoints/flow/polishing/single_cam/20260809_1638,446.88037109375,371.76824951171875,225.17112731933594,0.0014974549412727356,-0.024207331240177155,1.9950218200683594,1.7403408288955688,0.9430494904518127,3.100727081298828,447.6893310546875,370.3458251953125,226.06884765625,0.0016407272778451443,-0.02470019832253456,2.0107991695404053,0.0,0.0,0.0,0,0
1786431200.7492092,2.883003719000044,APPROACH,FLOW,/home/eunseop/nrs_imitation/checkpoints/flow/polishing/single_cam/20260809_1638,446.9537048339844,371.6802062988281,225.21014404296875,0.0014513286296278238,-0.024226773530244827,1.996124029159546,3.0771749019622803,0.13285474479198456,1.6161504983901978,447.8212890625,370.222900390625,226.22528076171875,0.0016485336236655712,-0.02480926178395748,2.0127432346343994,0.0,0.0,0.0,0,0
1786431200.7572408,2.891035327999816,APPROACH,FLOW,/home/eunseop/nrs_imitation/checkpoints/flow/polishing/single_cam/20260809_1638,447.0029602050781,371.5778503417969,225.191650390625,0.001373837236315012,-0.024086199700832367,1.9966751337051392,3.705472707748413,-0.3793938159942627,0.9307631850242615,447.95367431640625,370.099609375,226.38223266601562,0.0016563652316108346,-0.024918679147958755,2.0146937370300293,0.0,0.0,0.0,0,0
1786431200.765222,2.899016832000598,APPROACH,FLOW,/home/eunseop/nrs_imitation/checkpoints/flow/polishing/single_cam/20260809_1638,446.9714050292969,371.5095520019531,225.15756225585938,0.0014158384874463081,-0.02386123314499855,1.9970239400863647,3.0864920616149902,1.40596342086792,-1.0696934461593628,448.0857849121094,369.9765625,226.53887939453125,0.0016641814727336168,-0.025027882307767868,2.0166401863098145,0.0,0.0,0.0,0,0
1786431200.7732315,2.907026318000135,APPROACH,FLOW,/home/eunseop/nrs_imitation/checkpoints/flow/polishing/single_cam/20260809_1638,446.90087890625,371.3768615722656,225.1500701904297,0.0015441806754097342,-0.023468075320124626,1.997458577156067,1.1584196090698242,2.0614161491394043,-1.4365191459655762,448.218017578125,369.8533630371094,226.69564819335938,0.0016720046987757087,-0.02513718232512474,2.0185885429382324,0.0,0.0,0.0,0,0
1786431200.7812304,2.9150248350006223,APPROACH,FLOW,/home/eunseop/nrs_imitation/checkpoints/flow/polishing/single_cam/20260809_1638,446.9057922363281,371.2752685546875,225.23924255371094,0.0017055855132639408,-0.02329123578965664,1.9982279539108276,-3.4284043312072754,3.197389841079712,-1.7526389360427856,448.35040283203125,369.7301025390625,226.85260009765625,0.001679835608229041,-0.02524658665060997,2.020538806915283,0.0,0.0,0.0,0,0
1786431200.7892325,2.923027018000539,APPROACH,FLOW,/home/eunseop/nrs_imitation/checkpoints/flow/polishing/single_cam/20260809_1638,446.9621887207031,371.133056640625,225.36318969726562,0.001954378793016076,-0.023218784481287003,1.9995006322860718,-3.0252180099487305,5.524416446685791,-0.5788202881813049,448.4827880859375,369.6067810058594,227.00955200195312,0.00168766756542027,-0.02535601146519184,2.022489547729492,0.0,0.0,0.0,0,0
1786431200.7972357,2.931030212999758,APPROACH,FLOW,/home/eunseop/nrs_imitation/checkpoints/flow/polishing/single_cam/20260809_1638,447.1836242675781,370.97637939453125,225.57235717773438,0.0020552463829517365,-0.023462556302547455,2.0015130043029785,-2.280996084213257,6.517791748046875,1.5354336500167847,448.61529541015625,369.48333740234375,227.16668701171875,0.0016955083701759577,-0.025465557351708412,2.024442195892334,0.0,0.0,0.0,0,0
1786431200.805234,2.9390286280004148,APPROACH,FLOW,/home/eunseop/nrs_imitation/checkpoints/flow/polishing/single_cam/20260809_1638,447.42547607421875,370.79522705078125,225.7828826904297,0.00196035741828382,-0.02369149588048458,2.0045430660247803,1.355663776397705,2.722914695739746,1.6425089836120605,448.7479248046875,369.3598327636719,227.32391357421875,0.0017033539479598403,-0.025575168430805206,2.0263960361480713,0.0,0.0,0.0,0,0
1786431200.8132052,2.946999761999905,APPROACH,FLOW,/home/eunseop/nrs_imitation/checkpoints/flow/polishing/single_cam/20260809_1638,447.7253723144531,370.6318054199219,226.07740783691406,0.0017815538449212909,-0.024163734167814255,2.0079421997070312,3.632286548614502,-0.504915714263916,2.0899252891540527,448.8802490234375,369.2365417480469,227.48080444335938,0.0017111828783527017,-0.025684548541903496,2.028345823287964,0.0,0.0,0.0,0,0
1786431200.8212154,2.9550100810001823,APPROACH,FLOW,/home/eunseop/nrs_imitation/checkpoints/flow/polishing/single_cam/20260809_1638,447.9232482910156,370.4988708496094,226.24925231933594,0.0016522124642506242,-0.024438150227069855,2.0114262104034424,4.897591590881348,-1.1650952100753784,1.6425811052322388,449.0130615234375,369.11285400390625,227.63827514648438,0.0017190397484228015,-0.025794317945837975,2.0303025245666504,0.0,0.0,0.0,0,0
1786431200.8292208,2.963015350000205,APPROACH,FLOW,/home/eunseop/nrs_imitation/checkpoints/flow/polishing/single_cam/20260809_1638,448.0310974121094,370.4707336425781,226.42764282226562,0.0015849362825974822,-0.024698305875062943,2.0148391723632812,6.537055015563965,-1.6480756998062134,-0.34001922607421875,449.14593505859375,368.9891357421875,227.7957763671875,0.0017268983647227287,-0.025904113426804543,2.032259702682495,0.0,0.0,0.0,0,0
1786431200.837201,2.9709958920002464,APPROACH,FLOW,/home/eunseop/nrs_imitation/checkpoints/flow/polishing/single_cam/20260809_1638,448.0790100097656,370.3895263671875,226.60911560058594,0.0015267201233655214,-0.024786097928881645,2.017977237701416,5.189338207244873,-1.3983464241027832,-1.7232189178466797,449.27886962890625,368.86529541015625,227.95338439941406,0.0017347638495266438,-0.026014002040028572,2.0342185497283936,0.0,0.0,0.0,0,0
1786431200.8451822,2.9789767230004145,APPROACH,FLOW,/home/eunseop/nrs_imitation/checkpoints/flow/polishing/single_cam/20260809_1638,448.0684814453125,370.3815612792969,226.7727813720703,0.001676151528954506,-0.024765418842434883,2.020878314971924,0.3751266598701477,0.3216218948364258,-1.1145293712615967,449.4118957519531,368.7413330078125,228.11111450195312,0.001742634573020041,-0.02612396702170372,2.0361785888671875,0.0,0.0,0.0,0,0
1786431200.8532174,2.9870118099997853,APPROACH,FLOW,/home/eunseop/nrs_imitation/checkpoints/flow/polishing/single_cam/20260809_1638,448.15447998046875,370.3405456542969,226.97650146484375,0.0017512445338070393,-0.024868668988347054,2.0233821868896484,-1.1073558330535889,3.918621063232422,-0.35257288813591003,449.5452880859375,368.61712646484375,228.26925659179688,0.0017505252035334706,-0.026234207674860954,2.0381436347961426,0.0,0.0,0.0,0,0
1786431200.8612123,2.9950067890003993,APPROACH,FLOW,/home/eunseop/nrs_imitation/checkpoints/flow/polishing/single_cam/20260809_1638,448.29437255859375,370.21282958984375,227.1368408203125,0.0018278188072144985,-0.024927983060479164,2.0255279541015625,-3.694767475128174,6.552534103393555,2.379824161529541,449.67828369140625,368.49322509765625,228.42697143554688,0.001758395112119615,-0.026344159618020058,2.0401036739349365,0.0,0.0,0.0,0,0
1786431200.8691852,3.0029798460000166,APPROACH,FLOW,/home/eunseop/nrs_imitation/checkpoints/flow/polishing/single_cam/20260809_1638,448.4646911621094,370.0870361328125,227.3217010498047,0.0019874495919793844,-0.025104770436882973,2.027313709259033,-4.6960129737854,6.772854804992676,4.199847221374512,449.8116149902344,368.36907958984375,228.5850067138672,0.0017662805039435625,-0.026454327628016472,2.042067766189575,0.0,0.0,0.0,0,0
1786431200.877266,3.0110605300005773,APPROACH,FLOW,/home/eunseop/nrs_imitation/checkpoints/flow/polishing/single_cam/20260809_1638,448.6965637207031,369.88720703125,227.51535034179688,0.0019796350970864296,-0.025258498266339302,2.0286552906036377,-2.845310926437378,4.201221942901611,3.9957470893859863,449.9456787109375,368.24420166015625,228.74392700195312,0.001774210948497057,-0.026565125212073326,2.0440428256988525,0.0,0.0,0.0,0,0
1786431200.885375,3.019169608000084,APPROACH,FLOW,/home/eunseop/nrs_imitation/checkpoints/flow/polishing/single_cam/20260809_1638,448.6965637207031,369.88720703125,227.51535034179688,0.0019796350970864296,-0.025258498266339302,2.0286552906036377,-2.845310926437378,4.201221942901611,3.9957470893859863,450.081298828125,368.11785888671875,228.90475463867188,0.0017822360387071967,-0.026677247136831284,2.046041250228882,0.0,0.0,0.0,0,0
1786431200.8932073,3.0270019150002554,APPROACH,FLOW,/home/eunseop/nrs_imitation/checkpoints/flow/polishing/single_cam/20260809_1638,449.1689453125,369.6000671386719,227.85191345214844,0.001731715863570571,-0.025873830541968346,2.0297648906707764,4.211180686950684,-0.31422603130340576,1.919366478919983,450.2120361328125,367.99609375,229.05975341796875,0.0017899698577821255,-0.026785297319293022,2.0479674339294434,0.0,0.0,0.0,0,0
1786431200.9012074,3.0350020539999605,APPROACH,FLOW,/home/eunseop/nrs_imitation/checkpoints/flow/polishing/single_cam/20260809_1638,449.2997131347656,369.4545593261719,227.9704132080078,0.0016348286299034953,-0.02590017393231392,2.029956102371216,8.008025169372559,-2.3134677410125732,-2.446721315383911,450.3456726074219,367.87164306640625,229.2181854248047,0.0017978758551180363,-0.026895752176642418,2.049936294555664,0.0,0.0,0.0,0,0
1786431200.9109192,3.0447138400004405,APPROACH,FLOW,/home/eunseop/nrs_imitation/checkpoints/flow/polishing/single_cam/20260809_1638,449.38232421875,369.3190002441406,228.0933380126953,0.0014960793778300285,-0.025897204875946045,2.030374765396118,9.014795303344727,-3.4748687744140625,-4.410955905914307,450.5080261230469,367.72039794921875,229.41067504882812,0.0018074812833219767,-0.02702995203435421,2.05232834815979,0.0,0.0,0.0,0,0
1786431200.917201,3.050995739999962,APPROACH,FLOW,/home/eunseop/nrs_imitation/checkpoints/flow/polishing/single_cam/20260809_1638,449.376708984375,369.22967529296875,228.19618225097656,0.0015885798493400216,-0.025778407230973244,2.031130790710449,3.5243465900421143,-1.751786708831787,-3.1302592754364014,450.6131286621094,367.62249755859375,229.53526306152344,0.0018136980943381786,-0.02711680717766285,2.0538768768310547,0.0,0.0,0.0,0,0
1786431200.925181,3.0589755199998763,APPROACH,FLOW,/home/eunseop/nrs_imitation/checkpoints/flow/polishing/single_cam/20260809_1638,449.4021911621094,369.1817932128906,228.3207550048828,0.0017982685239985585,-0.025710027664899826,2.032510757446289,-1.4207801818847656,2.148251533508301,-0.5261914134025574,450.7469482421875,367.49786376953125,229.6939239501953,0.0018216148018836975,-0.027227414771914482,2.0558483600616455,0.0,0.0,0.0,0,0
1786431200.9332464,3.0670410749999064,APPROACH,FLOW,/home/eunseop/nrs_imitation/checkpoints/flow/polishing/single_cam/20260809_1638,449.5154724121094,369.07745361328125,228.54052734375,0.0018573231063783169,-0.025828450918197632,2.0347280502319336,-2.323118209838867,5.598742961883545,0.8532040119171143,450.8811950683594,367.3728332519531,229.85308837890625,0.0018295571208000183,-0.027338378131389618,2.057826519012451,0.0,0.0,0.0,0,0
1786431200.9412699,3.075064499000291,APPROACH,FLOW,/home/eunseop/nrs_imitation/checkpoints/flow/polishing/single_cam/20260809_1638,449.647216796875,368.9801330566406,228.7319793701172,0.002099401783198118,-0.026033034548163414,2.0377604961395264,-7.33384895324707,8.39198112487793,5.642797946929932,451.0152587890625,367.24798583984375,230.0120086669922,0.0018374868668615818,-0.027449166402220726,2.0598013401031494,0.0,0.0,0.0,0,0
1786431200.949325,3.0831198639998547,APPROACH,FLOW,/home/eunseop/nrs_imitation/checkpoints/flow/polishing/single_cam/20260809_1638,449.89605712890625,368.84033203125,229.05667114257812,0.002107172505930066,-0.026431966572999954,2.0412940979003906,-3.914911985397339,6.0059051513671875,3.2306816577911377,451.14990234375,367.1225280761719,230.1716766357422,0.0018454542150720954,-0.027560481801629066,2.0617854595184326,0.0,0.0,0.0,0,0
1786431200.9573116,3.091106337000383,APPROACH,FLOW,/home/eunseop/nrs_imitation/checkpoints/flow/polishing/single_cam/20260809_1638,450.1234436035156,368.64581298828125,229.25552368164062,0.0020081799011677504,-0.026583880186080933,2.0451741218566895,-0.6418910026550293,3.04046368598938,3.3907289505004883,451.2837219238281,366.9979248046875,230.330322265625,0.0018533698748797178,-0.027671070769429207,2.0637569427490234,0.0,0.0,0.0,0,0
1786431200.9652603,3.0990550269998494,APPROACH,FLOW,/home/eunseop/nrs_imitation/checkpoints/flow/polishing/single_cam/20260809_1638,450.4043273925781,368.4472961425781,229.4661865234375,0.0018446058966219425,-0.026875130832195282,2.0488264560699463,3.040130138397217,1.5960577726364136,1.9727739095687866,451.4175109863281,366.8732604980469,230.48895263671875,0.001861285651102662,-0.027781665325164795,2.065728187561035,0.0,0.0,0.0,0,0
1786431200.9733388,3.10713352699986,APPROACH,FLOW,/home/eunseop/nrs_imitation/checkpoints/flow/polishing/single_cam/20260809_1638,450.6805725097656,368.3045654296875,229.72457885742188,0.0016096164472401142,-0.027259841561317444,2.0521414279937744,5.017885684967041,-0.3998546600341797,0.9756110310554504,451.55218505859375,366.74786376953125,230.64857482910156,0.0018692506710067391,-0.02789294719696045,2.06771183013916,0.0,0.0,0.0,0,0
1786431200.9813354,3.115130009000495,APPROACH,FLOW,/home/eunseop/nrs_imitation/checkpoints/flow/polishing/single_cam/20260809_1638,450.8477783203125,368.15283203125,229.82518005371094,0.0015304249245673418,-0.027345800772309303,2.0548248291015625,7.552731513977051,-2.954800844192505,-0.3585056960582733,451.686279296875,366.62298583984375,230.80755615234375,0.0018771839095279574,-0.028003782033920288,2.069687843322754,0.0,0.0,0.0,0,0
1786431200.9892235,3.12301809300061,APPROACH,FLOW,/home/eunseop/nrs_imitation/checkpoints/flow/polishing/single_cam/20260809_1638,450.97161865234375,368.02667236328125,229.87379455566406,0.0013813016703352332,-0.02740737609565258,2.0566203594207764,8.78569507598877,-3.8217625617980957,-1.2718467712402344,451.8201904296875,366.49822998046875,230.96630859375,0.0018851059721782804,-0.02811446227133274,2.0716605186462402,0.0,0.0,0.0,0,0
1786431200.9972668,3.131061435000447,APPROACH,FLOW,/home/eunseop/nrs_imitation/checkpoints/flow/polishing/single_cam/20260809_1638,450.9870300292969,367.913330078125,229.86917114257812,0.0014025639975443482,-0.027255961671471596,2.0575802326202393,6.4562201499938965,-1.2077687978744507,-2.215513229370117,451.9548645019531,366.372802734375,231.12600708007812,0.0018930742517113686,-0.028225790709257126,2.0736451148986816,0.0,0.0,0.0,0,0
1786431201.0053644,3.139159282000037,APPROACH,FLOW,/home/eunseop/nrs_imitation/checkpoints/flow/polishing/single_cam/20260809_1638,450.8929138183594,367.8423767089844,229.91917419433594,0.0015916781267151237,-0.027056463062763214,2.0582659244537354,-0.3069411814212799,0.549406886100769,-1.265367865562439,452.09002685546875,366.24688720703125,231.28623962402344,0.0019010697724297643,-0.028337497264146805,2.075636386871338,0.0,0.0,0.0,0,0
1786431201.0132217,3.147016366000571,APPROACH,FLOW,/home/eunseop/nrs_imitation/checkpoints/flow/polishing/single_cam/20260809_1638,450.8965148925781,367.7603759765625,229.9847869873047,0.0017802995862439275,-0.02685677632689476,2.0587480068206787,-4.882666110992432,3.9129929542541504,-0.31150558590888977,452.2239990234375,366.12213134765625,231.445068359375,0.0019089952111244202,-0.02844822406768799,2.0776100158691406,0.0,0.0,0.0,0,0
1786431201.0212104,3.1550049130000843,APPROACH,FLOW,/home/eunseop/nrs_imitation/checkpoints/flow/polishing/single_cam/20260809_1638,450.93585205078125,367.6974182128906,230.09800720214844,0.002057028468698263,-0.026778660714626312,2.0594348907470703,-8.071371078491211,7.9096832275390625,3.9181694984436035,452.3581848144531,365.99713134765625,231.60418701171875,0.0019169350853189826,-0.02855915203690529,2.079587459564209,0.0,0.0,0.0,0,0
1786431201.0292668,3.163061590000325,APPROACH,FLOW,/home/eunseop/nrs_imitation/checkpoints/flow/polishing/single_cam/20260809_1638,451.09698486328125,367.6137390136719,230.32960510253906,0.0022312309592962265,-0.027030961588025093,2.060549259185791,-6.335201263427734,9.698302268981934,3.63077712059021,452.4931335449219,365.8714294433594,231.76417541503906,0.0019249178003519773,-0.02867068350315094,2.081575632095337,0.0,0.0,0.0,0,0
1786431201.0372555,3.1710502370005997,APPROACH,FLOW,/home/eunseop/nrs_imitation/checkpoints/flow/polishing/single_cam/20260809_1638,451.3206787109375,367.4490966796875,230.5303497314453,0.002209646161645651,-0.02728777937591076,2.0621178150177,-1.7602519989013672,4.709588527679443,3.051527500152588,452.6278076171875,365.7459716796875,231.923828125,0.0019328850321471691,-0.028781993314623833,2.08355975151062,0.0,0.0,0.0,0,0
1786431201.0457506,3.1795451360003426,APPROACH,FLOW,/home/eunseop/nrs_imitation/checkpoints/flow/polishing/single_cam/20260809_1638,451.3206787109375,367.4490966796875,230.5303497314453,0.002209646161645651,-0.02728777937591076,2.0621178150177,-1.7602519989013672,4.709588527679443,3.051527500152588,452.77154541015625,365.61212158203125,232.09425354003906,0.0019413885893300176,-0.02890080027282238,2.0856776237487793,0.0,0.0,0.0,0,0
1786431201.0532722,3.1870670170001176,APPROACH,FLOW,/home/eunseop/nrs_imitation/checkpoints/flow/polishing/single_cam/20260809_1638,451.92657470703125,367.0782775878906,231.02005004882812,0.001804445986635983,-0.028057681396603584,2.0658979415893555,6.206601142883301,-1.288501501083374,1.1553974151611328,452.8973388671875,365.4949035644531,232.24343872070312,0.0019488325342535973,-0.02900480292737484,2.087531328201294,0.0,0.0,0.0,0,0
1786431201.0611835,3.1949781550001717,APPROACH,FLOW,/home/eunseop/nrs_imitation/checkpoints/flow/polishing/single_cam/20260809_1638,452.0555725097656,366.962158203125,231.18646240234375,0.0016848022351041436,-0.028223680332303047,2.068040609359741,11.135557174682617,-4.732856273651123,-2.253422260284424,453.03179931640625,365.3696594238281,232.40283203125,0.001956786960363388,-0.029115932062268257,2.089512348175049,0.0,0.0,0.0,0,0
1786431201.069177,3.2029715210001086,APPROACH,FLOW,/home/eunseop/nrs_imitation/checkpoints/flow/polishing/single_cam/20260809_1638,452.14642333984375,366.85113525390625,231.3398895263672,0.0014622020535171032,-0.028225289657711983,2.0703389644622803,11.455860137939453,-5.082298278808594,-5.1713457107543945,453.16668701171875,365.24407958984375,232.56271362304688,0.0019647646695375443,-0.02922739088535309,2.0914993286132812,0.0,0.0,0.0,0,0
1786431201.0772188,3.2110134800004744,APPROACH,FLOW,/home/eunseop/nrs_imitation/checkpoints/flow/polishing/single_cam/20260809_1638,452.12921142578125,366.8341979980469,231.4931640625,0.0015554474666714668,-0.02820681408047676,2.0730483531951904,2.61081862449646,-2.0232226848602295,-1.8465063571929932,453.3017883300781,365.11822509765625,232.722900390625,0.001972757512703538,-0.029339060187339783,2.093489646911621,0.0,0.0,0.0,0,0
1786431201.0851932,3.218987699000536,APPROACH,FLOW,/home/eunseop/nrs_imitation/checkpoints/flow/polishing/single_cam/20260809_1638,452.07037353515625,366.887451171875,231.68910217285156,0.0017948283348232508,-0.028292719274759293,2.076261281967163,-0.5885728001594543,1.6042400598526,0.5347316861152649,453.43658447265625,364.9926452636719,232.88272094726562,0.0019807324279099703,-0.02945048175752163,2.095475912094116,0.0,0.0,0.0,0,0
1786431201.0931985,3.2269931880000513,APPROACH,FLOW,/home/eunseop/nrs_imitation/checkpoints/flow/polishing/single_cam/20260809_1638,452.1108093261719,366.8907775878906,231.80752563476562,0.0019415251445025206,-0.02835882268846035,2.0797128677368164,-4.042079448699951,6.601329326629639,1.6843328475952148,453.57159423828125,364.8669128417969,233.04278564453125,0.0019887189846485853,-0.02956206351518631,2.0974650382995605,0.0,0.0,0.0,0,0
1786431201.101185,3.234979560999818,APPROACH,FLOW,/home/eunseop/nrs_imitation/checkpoints/flow/polishing/single_cam/20260809_1638,452.2425537109375,366.8612060546875,232.03118896484375,0.002122013596817851,-0.028688475489616394,2.0830323696136475,-9.929570198059082,10.466217041015625,5.6056976318359375,453.7066650390625,364.7410888671875,233.20294189453125,0.0019967106636613607,-0.02967371605336666,2.0994553565979004,0.0,0.0,0.0,0,0
1786431201.1091795,3.2429740289999245,APPROACH,FLOW,/home/eunseop/nrs_imitation/checkpoints/flow/polishing/single_cam/20260809_1638,452.43505859375,366.7046813964844,232.2031707763672,0.0022734913509339094,-0.0288552176207304,2.0857532024383545,-9.105066299438477,10.027402877807617,6.453673362731934,453.84173583984375,364.61529541015625,233.36306762695312,0.0020047007128596306,-0.02978534810245037,2.101445198059082,0.0,0.0,0.0,0,0
1786431201.1172063,3.251000889000352,APPROACH,FLOW,/home/eunseop/nrs_imitation/checkpoints/flow/polishing/single_cam/20260809_1638,452.7464904785156,366.4849548339844,232.4280242919922,0.0021329529117792845,-0.029270675033330917,2.087979316711426,-2.1235849857330322,5.608451843261719,4.045741081237793,453.97686767578125,364.4894104003906,233.52328491210938,0.002012695884332061,-0.029897047206759453,2.103436231613159,0.0,0.0,0.0,0,0
1786431201.1251843,3.2589787650003927,APPROACH,FLOW,/home/eunseop/nrs_imitation/checkpoints/flow/polishing/single_cam/20260809_1638,453.1063232421875,366.1867370605469,232.5619354248047,0.001827693427912891,-0.029505537822842598,2.0893659591674805,2.1957404613494873,2.2757198810577393,3.9506752490997314,454.11199951171875,364.363525390625,233.68348693847656,0.0020206901244819164,-0.03000873699784279,2.1054272651672363,0.0,0.0,0.0,0,0
1786431201.1331785,3.2669730530005836,APPROACH,FLOW,/home/eunseop/nrs_imitation/checkpoints/flow/polishing/single_cam/20260809_1638,453.3438720703125,365.9363708496094,232.6831512451172,0.0017607973422855139,-0.029638933017849922,2.09004807472229,6.189146518707275,-1.267815351486206,-0.616534411907196,454.2471923828125,364.2376403808594,233.84375,0.0020286866929382086,-0.03012045845389366,2.1074187755584717,0.0,0.0,0.0,0,0
1786431201.1411781,3.2749727910004367,APPROACH,FLOW,/home/eunseop/nrs_imitation/checkpoints/flow/polishing/single_cam/20260809_1638,453.5726318359375,365.6045837402344,232.82861328125,0.0015979779418557882,-0.029572509229183197,2.0904669761657715,9.714675903320312,-4.7710161209106445,-4.066720485687256,454.3824157714844,364.1117248535156,234.00405883789062,0.0020366855897009373,-0.03023221157491207,2.1094107627868652,0.0,0.0,0.0,0,0
1786431201.1492193,3.2830140089999986,APPROACH,FLOW,/home/eunseop/nrs_imitation/checkpoints/flow/polishing/single_cam/20260809_1638,453.7251281738281,365.3150329589844,232.9249725341797,0.0015059004072099924,-0.029382068663835526,2.0909953117370605,9.075518608093262,-5.0883588790893555,-6.698191165924072,454.5180358886719,363.9853515625,234.16488647460938,0.002044711261987686,-0.030344342812895775,2.1114096641540527,0.0,0.0,0.0,0,0
1786431201.1571982,3.2909926470001665,APPROACH,FLOW,/home/eunseop/nrs_imitation/checkpoints/flow/polishing/single_cam/20260809_1638,453.78729248046875,365.09564208984375,232.97874450683594,0.0016945949755609035,-0.029088342562317848,2.0919339656829834,2.9828717708587646,-1.8768004179000854,-2.5184760093688965,454.65289306640625,363.8597412109375,234.32473754882812,0.0020526882726699114,-0.03045579046010971,2.113396167755127,0.0,0.0,0.0,0,0
1786431201.1651862,3.2989805819997855,APPROACH,FLOW,/home/eunseop/nrs_imitation/checkpoints/flow/polishing/single_cam/20260809_1638,453.86474609375,365.0202941894531,233.12472534179688,0.0018793696071952581,-0.029117684811353683,2.093505382537842,0.8399537205696106,1.1413525342941284,-0.8246974945068359,454.7881774902344,363.7337646484375,234.48513793945312,0.002060691360384226,-0.030567605048418045,2.115389347076416,0.0,0.0,0.0,0,0
1786431201.1732068,3.307001420999768,APPROACH,FLOW,/home/eunseop/nrs_imitation/checkpoints/flow/polishing/single_cam/20260809_1638,453.96038818359375,364.9892578125,233.2838134765625,0.0019515728345140815,-0.029332198202610016,2.0958781242370605,-2.1016664505004883,4.467177867889404,3.0398151874542236,454.923583984375,363.607666015625,234.64566040039062,0.002068700734525919,-0.030679505318403244,2.117384195327759,0.0,0.0,0.0,0,0
1786431201.1812062,3.315001009000298,APPROACH,FLOW,/home/eunseop/nrs_imitation/checkpoints/flow/polishing/single_cam/20260809_1638,454.0126037597656,365.0299377441406,233.4881591796875,0.0020416956394910812,-0.029640333727002144,2.0986809730529785,-3.060570240020752,4.446969985961914,4.17917013168335,455.05889892578125,363.48162841796875,234.8061065673828,0.002076706849038601,-0.030791359022259712,2.119378089904785,0.0,0.0,0.0,0,0
1786431201.1891916,3.322986179000509,APPROACH,FLOW,/home/eunseop/nrs_imitation/checkpoints/flow/polishing/single_cam/20260809_1638,454.11163330078125,365.06341552734375,233.66944885253906,0.0019880589097738266,-0.029919948428869247,2.1015069484710693,-2.957930564880371,3.84315824508667,6.3358917236328125,455.19427490234375,363.3554992675781,234.96661376953125,0.0020847164560109377,-0.03090326301753521,2.121372699737549,0.0,0.0,0.0,0,0
1786431201.1971967,3.3309914080000453,APPROACH,FLOW,/home/eunseop/nrs_imitation/checkpoints/flow/polishing/single_cam/20260809_1638,454.1532897949219,365.1141662597656,233.85574340820312,0.0019096541218459606,-0.030184030532836914,2.104308843612671,-0.42137080430984497,4.473674774169922,2.5926594734191895,455.3296813964844,363.2293701171875,235.12716674804688,0.0020927281584590673,-0.031015194952487946,2.12336802482605,0.0,0.0,0.0,0,0
1786431201.2051988,3.338993350000237,APPROACH,FLOW,/home/eunseop/nrs_imitation/checkpoints/flow/polishing/single_cam/20260809_1638,454.25360107421875,365.0411682128906,234.02444458007812,0.0018834358779713511,-0.030305856838822365,2.1069083213806152,-0.5423251390457153,3.281003475189209,1.9997268915176392,455.465087890625,363.103271484375,235.28768920898438,0.0021007368341088295,-0.031127087771892548,2.1253626346588135,0.0,0.0,0.0,0,0
1786431201.2131822,3.346976806999919,APPROACH,FLOW,/home/eunseop/nrs_imitation/checkpoints/flow/polishing/single_cam/20260809_1638,454.3677062988281,364.8796081542969,234.17713928222656,0.0018861781572923064,-0.030213553458452225,2.109677314758301,1.1224395036697388,1.4173946380615234,-1.547341227531433,455.60052490234375,362.9771423339844,235.44822692871094,0.0021087483037263155,-0.031239017844200134,2.1273579597473145,0.0,0.0,0.0,0,0
1786431201.2226446,3.3564390230003482,APPROACH,FLOW,/home/eunseop/nrs_imitation/checkpoints/flow/polishing/single_cam/20260809_1638,454.5310974121094,364.636962890625,234.3213653564453,0.0018842031713575125,-0.030149808153510094,2.112278699874878,2.6922051906585693,1.2500429153442383,-2.123190402984619,455.76007080078125,362.8284912109375,235.63742065429688,0.0021181886550039053,-0.03137090802192688,2.129708766937256,0.0,0.0,0.0,0,0
1786431201.2291987,3.3629933259999234,APPROACH,FLOW,/home/eunseop/nrs_imitation/checkpoints/flow/polishing/single_cam/20260809_1638,454.7722473144531,364.3917236328125,234.5157012939453,0.0017914279596880078,-0.030265703797340393,2.1147220134735107,2.7158398628234863,2.2516071796417236,-1.1766921281814575,455.8714599609375,362.7247314453125,235.76947021484375,0.002124778227880597,-0.03146297112107277,2.131350040435791,0.0,0.0,0.0,0,0
1786431201.2371957,3.370990428999903,APPROACH,FLOW,/home/eunseop/nrs_imitation/checkpoints/flow/polishing/single_cam/20260809_1638,455.0021667480469,364.1885070800781,234.7163543701172,0.0017588291084393859,-0.030414480715990067,2.116830825805664,3.4466769695281982,1.1314951181411743,-0.24549254775047302,456.0068359375,362.5986328125,235.92999267578125,0.002132788300514221,-0.031574882566928864,2.133344888687134,0.0,0.0,0.0,0,0
1786431201.2467134,3.3805078510004023,APPROACH,FLOW,/home/eunseop/nrs_imitation/checkpoints/flow/polishing/single_cam/20260809_1638,455.17340087890625,364.01751708984375,234.88577270507812,0.0017946945736184716,-0.030538449063897133,2.1185684204101562,3.079396963119507,0.5566041469573975,0.7407636046409607,456.16790771484375,362.44866943359375,236.12091064453125,0.0021423152647912502,-0.03170798718929291,2.1357173919677734,0.0,0.0,0.0,0,0
1786431201.2532,3.3869946849999906,APPROACH,FLOW,/home/eunseop/nrs_imitation/checkpoints/flow/polishing/single_cam/20260809_1638,455.3123779296875,363.94439697265625,235.02430725097656,0.001762192347086966,-0.03073672577738762,2.119813919067383,0.7506487965583801,1.4123188257217407,3.59948468208313,456.27783203125,362.3462219238281,236.25128173828125,0.0021488205529749393,-0.03179887309670448,2.1373376846313477,0.0,0.0,0.0,0,0
1786431201.2611911,3.3949858570003926,APPROACH,FLOW,/home/eunseop/nrs_imitation/checkpoints/flow/polishing/single_cam/20260809_1638,455.4303283691406,363.9198913574219,235.22853088378906,0.0016838968731462955,-0.031057998538017273,2.1205060482025146,1.775415062904358,2.55473256111145,2.5649349689483643,456.4133605957031,362.22003173828125,236.4119415283203,0.0021568371448665857,-0.03191087394952774,2.139334201812744,0.0,0.0,0.0,0,0
1786431201.2692611,3.4030556890002117,APPROACH,FLOW,/home/eunseop/nrs_imitation/checkpoints/flow/polishing/single_cam/20260809_1638,455.5183410644531,363.8434143066406,235.34848022460938,0.0017349744448438287,-0.031127581372857094,2.120997905731201,0.7713411450386047,2.017937660217285,0.7448639273643494,456.5491943359375,362.09344482421875,236.57301330566406,0.0021648742258548737,-0.03202316537499428,2.1413354873657227,0.0,0.0,0.0,0,0
1786431201.27723,3.411024658000315,APPROACH,FLOW,/home/eunseop/nrs_imitation/checkpoints/flow/polishing/single_cam/20260809_1638,455.5706481933594,363.72125244140625,235.49423217773438,0.0018810060573741794,-0.03110554628074169,2.121562957763672,-1.4971379041671753,2.6766862869262695,0.5335155725479126,456.6844787597656,361.9674987792969,236.73336791992188,0.002172875916585326,-0.03213495388627052,2.1433284282684326,0.0,0.0,0.0,0,0
1786431201.2852032,3.4189977850001014,APPROACH,FLOW,/home/eunseop/nrs_imitation/checkpoints/flow/polishing/single_cam/20260809_1638,455.66571044921875,363.57305908203125,235.62953186035156,0.0019927110988646746,-0.03106851689517498,2.1224398612976074,-0.3562397360801697,2.8319783210754395,-0.45215633511543274,456.8199462890625,361.84130859375,236.89401245117188,0.002180891577154398,-0.032246947288513184,2.14532470703125,0.0,0.0,0.0,0,0
1786431201.2932086,3.427003134000188,APPROACH,FLOW,/home/eunseop/nrs_imitation/checkpoints/flow/polishing/single_cam/20260809_1638,455.8630676269531,363.4040832519531,235.80345153808594,0.002033906988799572,-0.031175261363387108,2.12378191947937,-0.13828834891319275,2.651808738708496,1.0606474876403809,456.9555358886719,361.7150573730469,237.05470275878906,0.0021889100316911936,-0.03235897049307823,2.1473217010498047,0.0,0.0,0.0,0,0
1786431201.3012185,3.4350130319999153,APPROACH,FLOW,/home/eunseop/nrs_imitation/checkpoints/flow/polishing/single_cam/20260809_1638,456.0472106933594,363.19903564453125,235.98287963867188,0.0020890359301120043,-0.031277552247047424,2.126131534576416,0.43773865699768066,2.9999747276306152,0.6822102069854736,457.091064453125,361.58880615234375,237.21539306640625,0.002196928486227989,-0.03247100114822388,2.1493186950683594,0.0,0.0,0.0,0,0
1786431201.3092227,3.443017289000636,APPROACH,FLOW,/home/eunseop/nrs_imitation/checkpoints/flow/polishing/single_cam/20260809_1638,456.2303161621094,362.9989013671875,236.1058807373047,0.0020567758474498987,-0.031276728957891464,2.129343032836914,1.5377193689346313,0.842694103717804,1.3043767213821411,457.2266540527344,361.46246337890625,237.37615966796875,0.002204950898885727,-0.0325830802321434,2.1513166427612305,0.0,0.0,0.0,0,0
1786431201.3172212,3.451015825000468,APPROACH,FLOW,/home/eunseop/nrs_imitation/checkpoints/flow/polishing/single_cam/20260809_1638,456.3924865722656,362.94683837890625,236.3281707763672,0.0019670119509100914,-0.03162524849176407,2.1331875324249268,2.6402740478515625,1.1809608936309814,2.2248635292053223,457.36212158203125,361.3363037109375,237.5367889404297,0.0022129653953015804,-0.03269505500793457,2.1533126831054688,0.0,0.0,0.0,0,0
1786431201.325213,3.4590076380000028,APPROACH,FLOW,/home/eunseop/nrs_imitation/checkpoints/flow/polishing/single_cam/20260809_1638,456.50567626953125,362.8943786621094,236.48033142089844,0.0018858137773349881,-0.03190189599990845,2.1370556354522705,4.0128560066223145,1.0285991430282593,1.9722013473510742,457.49761962890625,361.2101135253906,237.69741821289062,0.0022209801245480776,-0.03280703350901604,2.155308723449707,0.0,0.0,0.0,0,0
1786431201.333195,3.4669896820005306,APPROACH,FLOW,/home/eunseop/nrs_imitation/checkpoints/flow/polishing/single_cam/20260809_1638,456.57861328125,362.820556640625,236.5703887939453,0.001832477981224656,-0.031973667442798615,2.14068603515625,4.453348636627197,1.0560256242752075,-0.6531027555465698,457.6330871582031,361.08392333984375,237.8580322265625,0.0022289950866252184,-0.032919008284807205,2.1573047637939453,0.0,0.0,0.0,0,0
1786431201.3412192,3.475013637000302,APPROACH,FLOW,/home/eunseop/nrs_imitation/checkpoints/flow/polishing/single_cam/20260809_1638,456.6151428222656,362.7515869140625,236.72061157226562,0.0019133574096485972,-0.03198196738958359,2.1436707973480225,2.0531363487243652,0.6307681202888489,-1.827474594116211,457.7686767578125,360.9576416015625,238.01878356933594,0.0022370165679603815,-0.033031076192855835,2.1593024730682373,0.0,0.0,0.0,0,0
1786431201.3492067,3.4830012920001536,APPROACH,FLOW,/home/eunseop/nrs_imitation/checkpoints/flow/polishing/single_cam/20260809_1638,456.6384582519531,362.6133117675781,236.80636596679688,0.00199105404317379,-0.03180977329611778,2.146333932876587,-1.3722888231277466,2.261944055557251,-1.7052350044250488,457.90423583984375,360.8314208984375,238.17947387695312,0.0022450352553278208,-0.03314310684800148,2.161299467086792,0.0,0.0,0.0,0,0
1786431201.358759,3.492553641000086,APPROACH,FLOW,/home/eunseop/nrs_imitation/checkpoints/flow/polishing/single_cam/20260809_1638,456.76904296875,362.4994201660156,236.99847412109375,0.0021398242097347975,-0.03191050887107849,2.148480176925659,-2.4963672161102295,4.178441524505615,0.7845789194107056,458.0658874511719,360.6807861328125,238.37115478515625,0.002254599705338478,-0.03327673673629761,2.1636815071105957,0.0,0.0,0.0,0,0
1786431201.3652184,3.4990129220004746,APPROACH,FLOW,/home/eunseop/nrs_imitation/checkpoints/flow/polishing/single_cam/20260809_1638,456.9107666015625,362.369384765625,237.22647094726562,0.0023199354764074087,-0.03211662918329239,2.1505064964294434,-3.118513584136963,5.403153419494629,1.8152529001235962,458.1755065917969,360.5787353515625,238.5010986328125,0.0022610831074416637,-0.03336731716990471,2.1652960777282715,0.0,0.0,0.0,0,0
1786431201.3732097,3.5070041330000095,APPROACH,FLOW,/home/eunseop/nrs_imitation/checkpoints/flow/polishing/single_cam/20260809_1638,457.1510314941406,362.2372131347656,237.4580535888672,0.002333066426217556,-0.03238857537508011,2.152147054672241,-1.610785722732544,4.216704845428467,2.766742467880249,458.3106384277344,360.45281982421875,238.6613311767578,0.0022690792102366686,-0.033479031175374985,2.167287588119507,0.0,0.0,0.0,0,0
1786431201.3812015,3.514995896000073,APPROACH,FLOW,/home/eunseop/nrs_imitation/checkpoints/flow/polishing/single_cam/20260809_1638,457.3710632324219,362.0321044921875,237.68394470214844,0.0022440722677856684,-0.03258439898490906,2.1533684730529785,0.20207691192626953,2.365415573120117,3.318716526031494,458.446044921875,360.32672119140625,238.82186889648438,0.0022770899813622236,-0.033590950071811676,2.1692824363708496,0.0,0.0,0.0,0,0
1786431201.3892162,3.5230108430005203,APPROACH,FLOW,/home/eunseop/nrs_imitation/checkpoints/flow/polishing/single_cam/20260809_1638,457.6053466796875,361.94818115234375,237.92245483398438,0.002093267859891057,-0.03299020975828171,2.1542158126831055,3.0576915740966797,0.2841475307941437,3.1239428520202637,458.5815734863281,360.20050048828125,238.98251342773438,0.0022851063404232264,-0.033702947199344635,2.171278953552246,0.0,0.0,0.0,0,0
1786431201.397192,3.530986445000053,APPROACH,FLOW,/home/eunseop/nrs_imitation/checkpoints/flow/polishing/single_cam/20260809_1638,457.7859191894531,361.8296813964844,238.102783203125,0.0019357133423909545,-0.033285513520240784,2.1545846462249756,4.991096019744873,-0.9061410427093506,2.0085701942443848,458.71697998046875,360.07440185546875,239.14303588867188,0.0022931157145649195,-0.033814847469329834,2.1732735633850098,0.0,0.0,0.0,0,0
1786431201.4052048,3.5389992480004366,APPROACH,FLOW,/home/eunseop/nrs_imitation/checkpoints/flow/polishing/single_cam/20260809_1638,457.8427734375,361.7472229003906,238.16128540039062,0.001987022114917636,-0.03326673060655594,2.154813289642334,5.9791259765625,-0.3626239597797394,-1.1108124256134033,458.8524169921875,359.9482421875,239.30361938476562,0.0023011285811662674,-0.03392679989337921,2.17526912689209,0.0,0.0,0.0,0,0
1786431201.413277,3.547071806000531,APPROACH,FLOW,/home/eunseop/nrs_imitation/checkpoints/flow/polishing/single_cam/20260809_1638,457.86669921875,361.5908508300781,238.19488525390625,0.001976114697754383,-0.03303344175219536,2.1551742553710938,4.3038787841796875,-0.8341356515884399,-3.062119483947754,458.9881591796875,359.82177734375,239.4645538330078,0.002309159142896533,-0.03403899446129799,2.177269220352173,0.0,0.0,0.0,0,0
1786431201.4212062,3.5550007990004815,APPROACH,FLOW,/home/eunseop/nrs_imitation/checkpoints/flow/polishing/single_cam/20260809_1638,457.89862060546875,361.4549560546875,238.31129455566406,0.0021233626175671816,-0.032883524894714355,2.1559078693389893,0.09959103912115097,1.2713714838027954,-1.155521035194397,459.1231689453125,359.696044921875,239.62466430664062,0.002317147795110941,-0.034150607883930206,2.1792588233947754,0.0,0.0,0.0,0,0
1786431201.429202,3.562996870000461,APPROACH,FLOW,/home/eunseop/nrs_imitation/checkpoints/flow/polishing/single_cam/20260809_1638,457.94952392578125,361.3164367675781,238.4055633544922,0.0023513499181717634,-0.03272001072764397,2.1571223735809326,-2.007476806640625,4.407869815826416,-1.4464699029922485,459.25848388671875,359.5699462890625,239.78509521484375,0.00232515437528491,-0.03426246717572212,2.1812527179718018,0.0,0.0,0.0,0,0
1786431201.4372737,3.571068586000365,APPROACH,FLOW,/home/eunseop/nrs_imitation/checkpoints/flow/polishing/single_cam/20260809_1638,458.08905029296875,361.19140625,238.579345703125,0.002557659987360239,-0.032816845923662186,2.159233331680298,-4.320761203765869,6.808706283569336,2.1107099056243896,459.3944091796875,359.44342041015625,239.94619750976562,0.0023331923875957727,-0.034374769777059555,2.1832547187805176,0.0,0.0,0.0,0,0
1786431201.4466538,3.580448544000319,APPROACH,FLOW,/home/eunseop/nrs_imitation/checkpoints/flow/polishing/single_cam/20260809_1638,458.2518310546875,360.9939880371094,238.71817016601562,0.0026438559871166945,-0.03293478861451149,2.162182092666626,-4.510983943939209,7.167363166809082,3.98714017868042,459.5535888671875,359.2951354980469,240.1349334716797,0.0023426099214702845,-0.03450634330511093,2.1856000423431396,0.0,0.0,0.0,0,0
1786431201.4532735,3.587068413000452,APPROACH,FLOW,/home/eunseop/nrs_imitation/checkpoints/flow/polishing/single_cam/20260809_1638,458.5096130371094,360.7669677734375,238.8730010986328,0.002498150570318103,-0.033070944249629974,2.1654765605926514,-1.8671174049377441,3.5407168865203857,4.256631851196289,459.6648254394531,359.1915283203125,240.26681518554688,0.0023491911124438047,-0.03459829464554787,2.187239170074463,0.0,0.0,0.0,0,0
1786431201.4611843,3.5949787800000195,APPROACH,FLOW,/home/eunseop/nrs_imitation/checkpoints/flow/polishing/single_cam/20260809_1638,458.7026672363281,360.6368103027344,239.0814208984375,0.0023168292827904224,-0.0333809070289135,2.168912887573242,3.4168689250946045,0.8403174877166748,2.4469594955444336,459.7996826171875,359.06591796875,240.42669677734375,0.0023571692872792482,-0.034709759056568146,2.1892261505126953,0.0,0.0,0.0,0,0
1786431201.46918,3.602974841000105,APPROACH,FLOW,/home/eunseop/nrs_imitation/checkpoints/flow/polishing/single_cam/20260809_1638,458.8460693359375,360.4970703125,239.23782348632812,0.0021933037787675858,-0.033607497811317444,2.1722660064697266,5.695380687713623,-1.318305253982544,-0.36957377195358276,459.93487548828125,358.93994140625,240.5869903564453,0.0023651679512113333,-0.03482150658965111,2.1912178993225098,0.0,0.0,0.0,0,0
1786431201.4772015,3.610996060000616,APPROACH,FLOW,/home/eunseop/nrs_imitation/checkpoints/flow/polishing/single_cam/20260809_1638,458.92877197265625,360.3485412597656,239.3675537109375,0.002077679615467787,-0.03359479457139969,2.175537109375,7.334689617156982,-3.133810520172119,-4.080211639404297,460.07012939453125,358.81402587890625,240.747314453125,0.002373168244957924,-0.03493328019976616,2.1932103633880615,0.0,0.0,0.0,0,0
1786431201.4852889,3.619083606999993,APPROACH,FLOW,/home/eunseop/nrs_imitation/checkpoints/flow/polishing/single_cam/20260809_1638,458.9996643066406,360.2975158691406,239.5364227294922,0.002029916737228632,-0.033560898154973984,2.178640842437744,6.163588523864746,-3.555171251296997,-3.779635429382324,460.20562744140625,358.6877746582031,240.9080047607422,0.0023811860010027885,-0.03504529967904091,2.195207118988037,0.0,0.0,0.0,0,0
1786431201.4932134,3.6270079910000277,APPROACH,FLOW,/home/eunseop/nrs_imitation/checkpoints/flow/polishing/single_cam/20260809_1638,459.0570068359375,360.2411804199219,239.71502685546875,0.002132084220647812,-0.03363607078790665,2.1814703941345215,2.0972821712493896,1.4509762525558472,-2.4087116718292236,460.3404235839844,358.562255859375,241.06777954101562,0.002389158122241497,-0.03515667840838432,2.197192668914795,0.0,0.0,0.0,0,0
1786431201.5012636,3.6350584060000983,APPROACH,FLOW,/home/eunseop/nrs_imitation/checkpoints/flow/polishing/single_cam/20260809_1638,459.17279052734375,360.2015686035156,239.9163360595703,0.0022546520922333,-0.03378668799996376,2.1839637756347656,-1.337950587272644,4.6657819747924805,1.2653056383132935,460.4758605957031,358.43609619140625,241.22836303710938,0.0023971712216734886,-0.0352686308324337,2.199188232421875,0.0,0.0,0.0,0,0
1786431201.5091784,3.6429729310002585,APPROACH,FLOW,/home/eunseop/nrs_imitation/checkpoints/flow/polishing/single_cam/20260809_1638,459.3285827636719,360.15289306640625,240.1692352294922,0.0024455729871988297,-0.03408052772283554,2.186145544052124,-4.786993026733398,6.435530185699463,4.429868698120117,460.61053466796875,358.31060791015625,241.3880615234375,0.0024051405489444733,-0.03537997230887413,2.2011728286743164,0.0,0.0,0.0,0,0
1786431201.5173702,3.6511648080004306,APPROACH,FLOW,/home/eunseop/nrs_imitation/checkpoints/flow/polishing/single_cam/20260809_1638,459.4883117675781,360.0238342285156,240.39744567871094,0.0026699991431087255,-0.03433467820286751,2.188244342803955,-8.432393074035645,8.878575325012207,6.101809024810791,460.74664306640625,358.18389892578125,241.54940795898438,0.0024131909012794495,-0.03549244627356529,2.2031779289245605,0.0,0.0,0.0,0,0
1786431201.5253508,3.659145630000239,APPROACH,FLOW,/home/eunseop/nrs_imitation/checkpoints/flow/polishing/single_cam/20260809_1638,459.7366027832031,359.81268310546875,240.64540100097656,0.00272156554274261,-0.03456006944179535,2.189934492111206,-4.0107340812683105,5.695868492126465,3.5348782539367676,460.8811950683594,358.05859375,241.7089080810547,0.0024211499840021133,-0.03560364618897438,2.205160140991211,0.0,0.0,0.0,0,0
1786431201.5332234,3.6670179530001406,APPROACH,FLOW,/home/eunseop/nrs_imitation/checkpoints/flow/polishing/single_cam/20260809_1638,460.0177001953125,359.5441589355469,240.86476135253906,0.002501513808965683,-0.03472766652703285,2.191514253616333,-0.015421800315380096,2.540132999420166,2.86967134475708,461.01580810546875,357.93316650390625,241.8685302734375,0.0024291151203215122,-0.035714924335479736,2.207143783569336,0.0,0.0,0.0,0,0
1786431201.5413187,3.675113424999836,APPROACH,FLOW,/home/eunseop/nrs_imitation/checkpoints/flow/polishing/single_cam/20260809_1638,460.29656982421875,359.40850830078125,241.1269073486328,0.0023628496564924717,-0.03518763929605484,2.1927573680877686,4.1014556884765625,-0.3379878103733063,1.7703226804733276,461.15087890625,357.8073425292969,242.0286865234375,0.0024371067993342876,-0.035826582461595535,2.209134101867676,0.0,0.0,0.0,0,0
1786431201.5492215,3.68301634799991,APPROACH,FLOW,/home/eunseop/nrs_imitation/checkpoints/flow/polishing/single_cam/20260809_1638,460.5024719238281,359.2252197265625,241.2091064453125,0.0021493160165846348,-0.03524094074964523,2.1935465335845947,8.484313011169434,-2.5296924114227295,0.06893088668584824,461.2853698730469,357.68212890625,242.18807983398438,0.0024450605269521475,-0.035937704145908356,2.2111148834228516,0.0,0.0,0.0,0,0
1786431201.5573041,3.691098764000344,APPROACH,FLOW,/home/eunseop/nrs_imitation/checkpoints/flow/polishing/single_cam/20260809_1638,460.6016540527344,359.10870361328125,241.28878784179688,0.00202437536790967,-0.03527363762259483,2.1940488815307617,10.588348388671875,-4.157255172729492,-1.6332498788833618,461.42034912109375,357.55633544921875,242.34815979003906,0.002453048247843981,-0.03604930639266968,2.213104248046875,0.0,0.0,0.0,0,0
1786431201.5651827,3.6989773900004366,APPROACH,FLOW,/home/eunseop/nrs_imitation/checkpoints/flow/polishing/single_cam/20260809_1638,460.5924987792969,359.0129699707031,241.27561950683594,0.002053667791187763,-0.03511848300695419,2.1944572925567627,6.032373905181885,-1.9983994960784912,-2.952253580093384,461.55474853515625,357.43115234375,242.50753784179688,0.002461000345647335,-0.03616039827466011,2.2150845527648926,0.0,0.0,0.0,0,0
1786431201.573201,3.706995514000482,APPROACH,FLOW,/home/eunseop/nrs_imitation/checkpoints/flow/polishing/single_cam/20260809_1638,460.4971618652344,358.9395446777344,241.2749481201172,0.002318772953003645,-0.03479164093732834,2.1949656009674072,0.175826296210289,-0.9695224761962891,-1.3354160785675049,461.6894836425781,357.3056640625,242.66720581054688,0.0024689689744263887,-0.03627173602581024,2.217069149017334,0.0,0.0,0.0,0,0
1786431201.5812283,3.7150228549999156,APPROACH,FLOW,/home/eunseop/nrs_imitation/checkpoints/flow/polishing/single_cam/20260809_1638,460.4189758300781,358.8894348144531,241.3486785888672,0.0025682994164526463,-0.03452680632472038,2.195868492126465,-3.818307638168335,3.9514403343200684,-0.8837965726852417,461.8245849609375,357.17987060546875,242.82736206054688,0.002476959954947233,-0.03638337552547455,2.219059467315674,0.0,0.0,0.0,0,0
1786431201.5892134,3.7230080850004015,APPROACH,FLOW,/home/eunseop/nrs_imitation/checkpoints/flow/polishing/single_cam/20260809_1638,460.4317321777344,358.8207702636719,241.44967651367188,0.0028675731737166643,-0.03442792594432831,2.197286367416382,-9.81203842163086,9.119065284729004,3.6495866775512695,461.9587707519531,357.05487060546875,242.98648071289062,0.002484899712726474,-0.03649430721998215,2.221036672592163,0.0,0.0,0.0,0,0
1786431201.5972302,3.731024735000574,APPROACH,FLOW,/home/eunseop/nrs_imitation/checkpoints/flow/polishing/single_cam/20260809_1638,460.57489013671875,358.75482177734375,241.6368865966797,0.0030663269571959972,-0.0346672348678112,2.199408769607544,-9.783175468444824,10.098642349243164,5.967128276824951,462.09368896484375,356.92919921875,243.14642333984375,0.002492880681529641,-0.03660580888390541,2.223024368286133,0.0,0.0,0.0,0,0
1786431201.605218,3.73901258099977,APPROACH,FLOW,/home/eunseop/nrs_imitation/checkpoints/flow/polishing/single_cam/20260809_1638,460.8278503417969,358.5481872558594,241.81890869140625,0.002995534334331751,-0.03488858789205551,2.2022719383239746,-2.248342990875244,7.175556182861328,3.3912038803100586,462.2281799316406,356.803955078125,243.30587768554688,0.0025008367374539375,-0.03671696409583092,2.225005626678467,0.0,0.0,0.0,0,0
1786431201.6133676,3.7471622069997466,APPROACH,FLOW,/home/eunseop/nrs_imitation/checkpoints/flow/polishing/single_cam/20260809_1638,461.14569091796875,358.35552978515625,242.03848266601562,0.0027459992561489344,-0.03533955290913582,2.2055160999298096,0.563043475151062,3.9156861305236816,1.9090604782104492,462.3632507324219,356.6781005859375,243.466064453125,0.0025088295806199312,-0.03682862967252731,2.2269961833953857,0.0,0.0,0.0,0,0
1786431201.6212332,3.7550277469999855,APPROACH,FLOW,/home/eunseop/nrs_imitation/checkpoints/flow/polishing/single_cam/20260809_1638,461.4422607421875,358.1172790527344,242.23011779785156,0.0024186016526073217,-0.03570264205336571,2.2088189125061035,3.7586729526519775,-1.2403472661972046,0.8763545155525208,462.49700927734375,356.55352783203125,243.6246337890625,0.0025167427957057953,-0.036939192563295364,2.2289671897888184,0.0,0.0,0.0,0,0
1786431201.6292152,3.7630099220004922,APPROACH,FLOW,/home/eunseop/nrs_imitation/checkpoints/flow/polishing/single_cam/20260809_1638,461.6191101074219,357.91912841796875,242.3793487548828,0.0022006684448570013,-0.03579733520746231,2.2121126651763916,8.069159507751465,-3.0668463706970215,-2.985220432281494,462.63128662109375,356.428466796875,243.78382873535156,0.0025246860459446907,-0.037050168961286545,2.230945348739624,0.0,0.0,0.0,0,0
1786431201.6372101,3.771004680999795,APPROACH,FLOW,/home/eunseop/nrs_imitation/checkpoints/flow/polishing/single_cam/20260809_1638,461.76629638671875,357.7826232910156,242.52651977539062,0.002045086584985256,-0.035900771617889404,2.215334892272949,10.872299194335938,-4.370354175567627,-5.585825443267822,462.76531982421875,356.30364990234375,243.94268798828125,0.002532613230869174,-0.03716092184185982,2.232919692993164,0.0,0.0,0.0,0,0
1786431201.6452215,3.779016090999903,APPROACH,FLOW,/home/eunseop/nrs_imitation/checkpoints/flow/polishing/single_cam/20260809_1638,461.8125,357.6945495605469,242.7089080810547,0.002061304869130254,-0.035936545580625534,2.2181642055511475,6.667989253997803,-1.6560015678405762,-3.7423675060272217,462.8997802734375,356.17840576171875,244.1021270751953,0.0025405692867934704,-0.037272073328495026,2.234900951385498,0.0,0.0,0.0,0,0
1786431201.6532154,3.787010119000115,APPROACH,FLOW,/home/eunseop/nrs_imitation/checkpoints/flow/polishing/single_cam/20260809_1638,461.8212585449219,357.6894226074219,242.83946228027344,0.0022762869484722614,-0.03592663258314133,2.220491647720337,-0.5687225461006165,0.6314740777015686,1.527097463607788,463.03363037109375,356.0537109375,244.2608184814453,0.0025484878569841385,-0.037382710725069046,2.236873149871826,0.0,0.0,0.0,0,0
1786431201.6612053,3.794999867000115,APPROACH,FLOW,/home/eunseop/nrs_imitation/checkpoints/flow/polishing/single_cam/20260809_1638,461.9246520996094,357.68487548828125,242.98248291015625,0.0022613219916820526,-0.03609435260295868,2.222024440765381,-2.079634428024292,5.790884494781494,2.7703027725219727,463.1676025390625,355.9289245605469,244.419677734375,0.002556414110586047,-0.037493444979190826,2.238847017288208,0.0,0.0,0.0,0,0
1786431201.6692138,3.803008372000477,APPROACH,FLOW,/home/eunseop/nrs_imitation/checkpoints/flow/polishing/single_cam/20260809_1638,461.94586181640625,357.66400146484375,243.09410095214844,0.002570369513705373,-0.036279141902923584,2.222698211669922,-5.7974395751953125,6.837708473205566,5.480169296264648,463.3016357421875,355.8040771484375,244.57858276367188,0.0025643438566476107,-0.037604235112667084,2.2408218383789062,0.0,0.0,0.0,0,0
1786431201.677204,3.810998472000392,APPROACH,FLOW,/home/eunseop/nrs_imitation/checkpoints/flow/polishing/single_cam/20260809_1638,461.97442626953125,357.5788879394531,243.19444274902344,0.002730525564402342,-0.03622445836663246,2.223144054412842,-5.979047775268555,6.6733880043029785,4.512166500091553,463.43560791015625,355.6793212890625,244.73739624023438,0.0025722680147737265,-0.037714943289756775,2.242795467376709,0.0,0.0,0.0,0,0
1786431201.6852472,3.819041964000462,APPROACH,FLOW,/home/eunseop/nrs_imitation/checkpoints/flow/polishing/single_cam/20260809_1638,462.0733947753906,357.4139404296875,243.37741088867188,0.0028430193196982145,-0.0362517312169075,2.223421096801758,-5.241607666015625,4.722324371337891,1.4576709270477295,463.5696105957031,355.55450439453125,244.89627075195312,0.0025801958981901407,-0.03782570734620094,2.244769811630249,0.0,0.0,0.0,0,0
1786431201.6932163,3.827010893000079,APPROACH,FLOW,/home/eunseop/nrs_imitation/checkpoints/flow/polishing/single_cam/20260809_1638,462.23358154296875,357.2614440917969,243.57493591308594,0.002958757570013404,-0.03631328046321869,2.2238783836364746,-3.765944719314575,4.465789794921875,0.33630064129829407,463.7032470703125,355.42999267578125,245.05470275878906,0.0025881018955260515,-0.03793616220355034,2.246738910675049,0.0,0.0,0.0,0,0
1786431201.7011847,3.8349792710005204,APPROACH,FLOW,/home/eunseop/nrs_imitation/checkpoints/flow/polishing/single_cam/20260809_1638,462.5191345214844,357.0081787109375,243.8081512451172,0.0029203398153185844,-0.036474958062171936,2.2248125076293945,1.3510687351226807,1.8240643739700317,-1.0049947500228882,463.8369140625,355.3055419921875,245.21319580078125,0.002596009988337755,-0.03804665058851242,2.2487082481384277,0.0,0.0,0.0,0,0
1786431201.7092106,3.843005169999742,APPROACH,FLOW,/home/eunseop/nrs_imitation/checkpoints/flow/polishing/single_cam/20260809_1638,462.8995056152344,356.78271484375,244.08346557617188,0.0027280631475150585,-0.036740247160196304,2.2265241146087646,5.543715953826904,0.4724409282207489,-2.6424190998077393,463.97064208984375,355.1809387207031,245.3717498779297,0.0026039218064397573,-0.03815718740224838,2.250678539276123,0.0,0.0,0.0,0,0
1786431201.717193,3.8509876650005026,APPROACH,FLOW,/home/eunseop/nrs_imitation/checkpoints/flow/polishing/single_cam/20260809_1638,463.1999816894531,356.5030212402344,244.34849548339844,0.002538959262892604,-0.03697409853339195,2.229374885559082,7.797304153442383,-1.316960334777832,-3.0150742530822754,464.1042175292969,355.05657958984375,245.53009033203125,0.002611822448670864,-0.03826756775379181,2.2526464462280273,0.0,0.0,0.0,0,0
1786431201.725205,3.8589996059999976,APPROACH,FLOW,/home/eunseop/nrs_imitation/checkpoints/flow/polishing/single_cam/20260809_1638,463.4661560058594,356.32257080078125,244.63966369628906,0.002374370116740465,-0.037342753261327744,2.233086585998535,8.1354341506958,-2.0795791149139404,-2.3387746810913086,464.2376708984375,354.9322509765625,245.68829345703125,0.002619717037305236,-0.03837786614894867,2.254612445831299,0.0,0.0,0.0,0,0
1786431201.7332287,3.86702342100034,APPROACH,FLOW,/home/eunseop/nrs_imitation/checkpoints/flow/polishing/single_cam/20260809_1638,463.62127685546875,356.2324523925781,244.88137817382812,0.0022700533736497164,-0.037607889622449875,2.2374720573425293,3.968811511993408,-1.1825591325759888,1.8637229204177856,464.3713684082031,354.80767822265625,245.84683227539062,0.0026276283897459507,-0.038488395512104034,2.256582736968994,0.0,0.0,0.0,0,0
1786431201.7412271,3.87502186599977,APPROACH,FLOW,/home/eunseop/nrs_imitation/checkpoints/flow/polishing/single_cam/20260809_1638,463.6831359863281,356.22052001953125,245.08746337890625,0.002329297596588731,-0.03790397197008133,2.241905689239502,-0.49570518732070923,2.8382375240325928,4.731229305267334,464.50482177734375,354.68341064453125,246.00506591796875,0.0026355236768722534,-0.03859870135784149,2.2585489749908447,0.0,0.0,0.0,0,0
1786431201.74921,3.8830044010001075,APPROACH,FLOW,/home/eunseop/nrs_imitation/checkpoints/flow/polishing/single_cam/20260809_1638,463.7133483886719,356.2714538574219,245.2205352783203,0.002336761448532343,-0.03812549635767937,2.24607515335083,-1.8109697103500366,4.916038513183594,5.642833232879639,464.6376953125,354.55963134765625,246.16259765625,0.0026433842722326517,-0.03870852291584015,2.2605066299438477,0.0,0.0,0.0,0,0
1786431201.757211,3.891005543000574,APPROACH,FLOW,/home/eunseop/nrs_imitation/checkpoints/flow/polishing/single_cam/20260809_1638,463.7441101074219,356.28729248046875,245.30477905273438,0.0022651099134236574,-0.03826303780078888,2.2495617866516113,-2.0236704349517822,3.4377715587615967,5.001189708709717,464.7708740234375,354.43560791015625,246.32046508789062,0.0026512618642300367,-0.038818586617708206,2.2624683380126953,0.0,0.0,0.0,0,0
1786431201.765194,3.8989886690005733,APPROACH,FLOW,/home/eunseop/nrs_imitation/checkpoints/flow/polishing/single_cam/20260809_1638,463.7077331542969,356.2796936035156,245.29437255859375,0.002315299352630973,-0.03815522789955139,2.2523436546325684,-1.261753797531128,4.166584014892578,1.5556977987289429,464.90399169921875,354.3116149902344,246.47828674316406,0.0026591368950903416,-0.03892860934138298,2.2644295692443848,0.0,0.0,0.0,0,0
1786431201.7732043,3.906998686999941,APPROACH,FLOW,/home/eunseop/nrs_imitation/checkpoints/flow/polishing/single_cam/20260809_1638,463.7108459472656,356.1441650390625,245.3431396484375,0.002395765855908394,-0.037950046360492706,2.254047155380249,-2.06194806098938,2.9033615589141846,-0.9309591054916382,465.0369873046875,354.187744140625,246.635986328125,0.002667006105184555,-0.03903855010867119,2.2663893699645996,0.0,0.0,0.0,0,0
1786431201.7811935,3.914988065000216,APPROACH,FLOW,/home/eunseop/nrs_imitation/checkpoints/flow/polishing/single_cam/20260809_1638,463.72650146484375,356.0113830566406,245.39610290527344,0.0025588804855942726,-0.03772897273302078,2.255465269088745,-1.7334705591201782,1.989322543144226,-1.2137691974639893,465.1698913574219,354.06396484375,246.7935333251953,0.0026748671662062407,-0.03914837911725044,2.2683472633361816,0.0,0.0,0.0,0,0
1786431201.7913845,3.9251790899998014,APPROACH,FLOW,/home/eunseop/nrs_imitation/checkpoints/flow/polishing/single_cam/20260809_1638,463.9083251953125,355.77508544921875,245.47230529785156,0.002639975631609559,-0.03758169710636139,2.25659441947937,0.5917679667472839,2.3854520320892334,-2.305633306503296,465.33856201171875,353.9068603515625,246.99351501464844,0.002684846054762602,-0.03928779438138008,2.2708325386047363,0.0,0.0,0.0,0,0
1786431201.7972257,3.9310204339999473,APPROACH,FLOW,/home/eunseop/nrs_imitation/checkpoints/flow/polishing/single_cam/20260809_1638,464.1286926269531,355.5848388671875,245.67852783203125,0.0026819768827408552,-0.03776489570736885,2.2578890323638916,0.8540805578231812,3.8468213081359863,-1.3950715065002441,465.43585205078125,353.8161926269531,247.10885620117188,0.0026906023267656565,-0.039368219673633575,2.272266149520874,0.0,0.0,0.0,0,0
1786431201.8052418,3.9390364939999927,APPROACH,FLOW,/home/eunseop/nrs_imitation/checkpoints/flow/polishing/single_cam/20260809_1638,464.3412780761719,355.3538513183594,245.86093139648438,0.0027316317427903414,-0.037829477339982986,2.259197235107422,1.2653203010559082,2.276782989501953,0.03324243426322937,465.5684814453125,353.69268798828125,247.26611328125,0.0026984482537955046,-0.03947783634066582,2.2742199897766113,0.0,0.0,0.0,0,0
1786431201.8133876,3.9471821719998843,APPROACH,FLOW,/home/eunseop/nrs_imitation/checkpoints/flow/polishing/single_cam/20260809_1638,464.3412780761719,355.3538513183594,245.86093139648438,0.0027316317427903414,-0.037829477339982986,2.259197235107422,1.2653203010559082,2.276782989501953,0.03324243426322937,465.7035827636719,353.5668640136719,247.42626953125,0.0027064403984695673,-0.03958949074149132,2.2762105464935303,0.0,0.0,0.0,0,0
1786431201.8213587,3.9551533359999667,APPROACH,FLOW,/home/eunseop/nrs_imitation/checkpoints/flow/polishing/single_cam/20260809_1638,464.7721252441406,355.00225830078125,246.30445861816406,0.0025829116348177195,-0.03837093710899353,2.2611238956451416,3.476500988006592,0.03498169779777527,1.543698787689209,465.83416748046875,353.4452209472656,247.58108520507812,0.0027141657192260027,-0.039697423577308655,2.278134346008301,0.0,0.0,0.0,0,0
1786431201.8292153,3.963009799000247,APPROACH,FLOW,/home/eunseop/nrs_imitation/checkpoints/flow/polishing/single_cam/20260809_1638,464.9161071777344,354.9566650390625,246.49887084960938,0.002455310430377722,-0.03869051858782768,2.2616007328033447,3.777160882949829,-0.18316258490085602,2.5180578231811523,465.9654846191406,353.32293701171875,247.73678588867188,0.0027219343464821577,-0.03980596363544464,2.28006911277771,0.0,0.0,0.0,0,0
1786431201.8371983,3.970992985000521,APPROACH,FLOW,/home/eunseop/nrs_imitation/checkpoints/flow/polishing/single_cam/20260809_1638,464.9617004394531,354.9726867675781,246.6536102294922,0.00241087656468153,-0.038869742304086685,2.261958360671997,1.828485131263733,0.8668099641799927,1.1837650537490845,466.09771728515625,353.19970703125,247.89358520507812,0.0027297588530927896,-0.039915282279253006,2.282017946243286,0.0,0.0,0.0,0,0
1786431201.8453193,3.9791137960000924,APPROACH,FLOW,/home/eunseop/nrs_imitation/checkpoints/flow/polishing/single_cam/20260809_1638,464.97735595703125,354.9605407714844,246.79998779296875,0.0025497174356132746,-0.03897779807448387,2.2620913982391357,0.42356622219085693,2.544355869293213,0.5065454840660095,466.2308044433594,353.0757751464844,248.05136108398438,0.0027376310899853706,-0.040025267750024796,2.2839784622192383,0.0,0.0,0.0,0,0
1786431201.8532286,3.987023030000273,APPROACH,FLOW,/home/eunseop/nrs_imitation/checkpoints/flow/polishing/single_cam/20260809_1638,464.9935302734375,354.9393005371094,246.9698944091797,0.0028139068745076656,-0.03896278142929077,2.2624659538269043,-1.9893085956573486,2.2594149112701416,-0.34454190731048584,466.362060546875,352.9535217285156,248.20697021484375,0.0027453957591205835,-0.040133751928806305,2.285912036895752,0.0,0.0,0.0,0,0
1786431201.8612084,3.9950028499997643,APPROACH,FLOW,/home/eunseop/nrs_imitation/checkpoints/flow/polishing/single_cam/20260809_1638,465.08648681640625,354.78143310546875,247.09474182128906,0.002942505059763789,-0.03880451247096062,2.263199806213379,-4.323431491851807,4.118841171264648,0.6658474206924438,466.493896484375,352.8306884765625,248.36326599121094,0.0027531960513442755,-0.04024272412061691,2.2878546714782715,0.0,0.0,0.0,0,0
1786431201.8692164,4.00301105500057,APPROACH,FLOW,/home/eunseop/nrs_imitation/checkpoints/flow/polishing/single_cam/20260809_1638,465.2499084472656,354.6004943847656,247.23275756835938,0.003136554965749383,-0.03891367092728615,2.2644848823547363,-3.7315988540649414,5.316209316253662,2.3685107231140137,466.6260070800781,352.7076721191406,248.5198974609375,0.0027610110118985176,-0.04035191237926483,2.2898011207580566,0.0,0.0,0.0,0,0
1786431201.8771865,4.010981086000356,APPROACH,FLOW,/home/eunseop/nrs_imitation/checkpoints/flow/polishing/single_cam/20260809_1638,465.5249328613281,354.3849792480469,247.42811584472656,0.0031257541850209236,-0.039178960025310516,2.2666656970977783,-1.8460975885391235,6.484732151031494,3.3409345149993896,466.757568359375,352.585205078125,248.6758270263672,0.0027687917463481426,-0.04046062007546425,2.291738986968994,0.0,0.0,0.0,0,0
1786431201.885296,4.019090673999926,APPROACH,FLOW,/home/eunseop/nrs_imitation/checkpoints/flow/polishing/single_cam/20260809_1638,465.82232666015625,354.1703796386719,247.65444946289062,0.002942982828244567,-0.03954174369573593,2.269695520401001,-0.45637238025665283,3.160456418991089,2.6620795726776123,466.8895263671875,352.46221923828125,248.8323211669922,0.0027766008861362934,-0.0405697226524353,2.2936835289001465,0.0,0.0,0.0,0,0
1786431201.8932273,4.027021820999835,APPROACH,FLOW,/home/eunseop/nrs_imitation/checkpoints/flow/polishing/single_cam/20260809_1638,466.09228515625,353.93084716796875,247.79371643066406,0.0027280596550554037,-0.03974753990769386,2.272977352142334,2.239381790161133,0.6348665356636047,2.3989295959472656,467.0207214355469,352.34002685546875,248.98785400390625,0.002784361131489277,-0.04067813977599144,2.295616388320923,0.0,0.0,0.0,0,0
1786431201.9012713,4.035066014999757,APPROACH,FLOW,/home/eunseop/nrs_imitation/checkpoints/flow/polishing/single_cam/20260809_1638,466.32928466796875,353.72857666015625,247.9654998779297,0.002492961473762989,-0.03996706008911133,2.2765097618103027,5.890552520751953,0.31726738810539246,-0.9275363683700562,467.1522216796875,352.2175598144531,249.1437530517578,0.0027921409346163273,-0.04078683257102966,2.2975540161132812,0.0,0.0,0.0,0,0
1786431201.9092648,4.043059591000201,APPROACH,FLOW,/home/eunseop/nrs_imitation/checkpoints/flow/polishing/single_cam/20260809_1638,466.43463134765625,353.5579833984375,248.0979461669922,0.0024091245140880346,-0.03992747142910957,2.2802021503448486,6.932781219482422,-1.1614704132080078,-2.8735921382904053,467.2834777832031,352.09527587890625,249.29940795898438,0.0027999074663966894,-0.04089534282684326,2.299488067626953,0.0,0.0,0.0,0,0
1786431201.9173942,4.051188958000239,APPROACH,FLOW,/home/eunseop/nrs_imitation/checkpoints/flow/polishing/single_cam/20260809_1638,466.5322570800781,353.4090270996094,248.21351623535156,0.002457780297845602,-0.039866071194410324,2.283571481704712,3.567253828048706,-1.7127740383148193,-3.250944137573242,467.4149475097656,351.97283935546875,249.45526123046875,0.0028076847083866596,-0.0410040020942688,2.301424980163574,0.0,0.0,0.0,0,0
1786431201.9253533,4.059148088000256,APPROACH,FLOW,/home/eunseop/nrs_imitation/checkpoints/flow/polishing/single_cam/20260809_1638,466.6187438964844,353.319580078125,248.40615844726562,0.0025661250110715628,-0.03991946950554848,2.286581039428711,-0.1707637459039688,1.2367810010910034,-0.6353864073753357,467.54595947265625,351.850830078125,249.61056518554688,0.0028154344763606787,-0.041112273931503296,2.3033549785614014,0.0,0.0,0.0,0,0
1786431201.9333742,4.067169007000302,APPROACH,FLOW,/home/eunseop/nrs_imitation/checkpoints/flow/polishing/single_cam/20260809_1638,466.71148681640625,353.2359313964844,248.5690460205078,0.0026933515910059214,-0.039975788444280624,2.289315700531006,-0.600893497467041,3.848400354385376,0.06887208670377731,467.67681884765625,351.7289123535156,249.76571655273438,0.002823176793754101,-0.041220445185899734,2.305283308029175,0.0,0.0,0.0,0,0
1786431201.9414604,4.075255292000293,APPROACH,FLOW,/home/eunseop/nrs_imitation/checkpoints/flow/polishing/single_cam/20260809_1638,466.7978820800781,353.1610107421875,248.7461395263672,0.0027821173425763845,-0.0400959737598896,2.291773796081543,-1.8798717260360718,4.264960765838623,1.0183680057525635,467.80865478515625,351.6060791015625,249.92205810546875,0.00283097755163908,-0.04132942855358124,2.3072259426116943,0.0,0.0,0.0,0,0
1786431201.949425,4.0832195720004165,APPROACH,FLOW,/home/eunseop/nrs_imitation/checkpoints/flow/polishing/single_cam/20260809_1638,466.8989562988281,353.1184387207031,249.00856018066406,0.0028830794617533684,-0.04037247598171234,2.2941222190856934,-3.3896114826202393,4.14617919921875,2.7655889987945557,467.9388427734375,351.48486328125,250.07635498046875,0.0028386772610247135,-0.04143700376152992,2.309143543243408,0.0,0.0,0.0,0,0
1786431201.9573927,4.091187238000202,APPROACH,FLOW,/home/eunseop/nrs_imitation/checkpoints/flow/polishing/single_cam/20260809_1638,467.0485534667969,353.0133056640625,249.2898712158203,0.0028952700085937977,-0.04064156487584114,2.296123743057251,-4.167745113372803,3.758662700653076,4.033308029174805,468.069580078125,351.36309814453125,250.23135375976562,0.002846411895006895,-0.04154506325721741,2.3110697269439697,0.0,0.0,0.0,0,0
1786431201.9653928,4.099187628000436,APPROACH,FLOW,/home/eunseop/nrs_imitation/checkpoints/flow/polishing/single_cam/20260809_1638,467.2501220703125,352.90277099609375,249.5043487548828,0.002779061207547784,-0.04087865352630615,2.2978715896606445,-0.4115276038646698,3.5664870738983154,3.0707614421844482,468.1996154785156,351.24200439453125,250.38552856445312,0.0028541036881506443,-0.041652530431747437,2.312985420227051,0.0,0.0,0.0,0,0
1786431201.9750907,4.108885827000449,APPROACH,FLOW,/home/eunseop/nrs_imitation/checkpoints/flow/polishing/single_cam/20260809_1638,467.2501220703125,352.90277099609375,249.5043487548828,0.002779061207547784,-0.04087865352630615,2.2978715896606445,-0.4115276038646698,3.5664870738983154,3.0707614421844482,468.3565673828125,351.0957946777344,250.57159423828125,0.002863388741388917,-0.04178225249052048,2.315297842025757,0.0,0.0,0.0,0,0
1786431201.9813054,4.115099845999794,APPROACH,FLOW,/home/eunseop/nrs_imitation/checkpoints/flow/polishing/single_cam/20260809_1638,467.63818359375,352.7676696777344,249.85511779785156,0.0023518807720392942,-0.04144195094704628,2.30025053024292,5.360980987548828,-0.028076713904738426,1.961005687713623,468.4601135253906,350.99932861328125,250.69439697265625,0.002869515912607312,-0.041867855936288834,2.316823720932007,0.0,0.0,0.0,0,0
1786431201.98935,4.1231448910002655,APPROACH,FLOW,/home/eunseop/nrs_imitation/checkpoints/flow/polishing/single_cam/20260809_1638,467.72906494140625,352.68975830078125,249.92916870117188,0.0023029001895338297,-0.041516613215208054,2.3006935119628906,6.4937262535095215,-1.1844218969345093,0.5327872037887573,468.59039306640625,350.87799072265625,250.84881591796875,0.002877222141250968,-0.04197552427649498,2.3187429904937744,0.0,0.0,0.0,0,0
1786431201.9973192,4.131114001000242,APPROACH,FLOW,/home/eunseop/nrs_imitation/checkpoints/flow/polishing/single_cam/20260809_1638,467.7327880859375,352.5909423828125,249.9039764404297,0.002349893795326352,-0.04133230820298195,2.3010425567626953,5.435909748077393,0.8729064464569092,-1.3019508123397827,468.72027587890625,350.75701904296875,251.00283813476562,0.002884907880797982,-0.042082902044057846,2.3206570148468018,0.0,0.0,0.0,0,0
1786431202.0052705,4.139065066000512,APPROACH,FLOW,/home/eunseop/nrs_imitation/checkpoints/flow/polishing/single_cam/20260809_1638,467.6823425292969,352.48345947265625,249.89955139160156,0.002561398549005389,-0.04103268310427666,2.301478624343872,0.8574934005737305,0.41607147455215454,-1.132415533065796,468.8501281738281,350.63604736328125,251.1567840576172,0.0028925894293934107,-0.042190223932266235,2.3225700855255127,0.0,0.0,0.0,0,0
1786431202.0133772,4.1471720800000185,APPROACH,FLOW,/home/eunseop/nrs_imitation/checkpoints/flow/polishing/single_cam/20260809_1638,467.62200927734375,352.3763122558594,249.92477416992188,0.002828191267326474,-0.04065975546836853,2.3023831844329834,-3.4406425952911377,3.422744035720825,-0.7993942499160767,468.980224609375,350.51483154296875,251.31105041503906,0.002900287276133895,-0.04229776933789253,2.3244872093200684,0.0,0.0,0.0,0,0
1786431202.021263,4.155057527999816,APPROACH,FLOW,/home/eunseop/nrs_imitation/checkpoints/flow/polishing/single_cam/20260809_1638,467.68231201171875,352.25213623046875,250.02587890625,0.0030613804701715708,-0.04056801646947861,2.3036928176879883,-5.179660797119141,5.295516014099121,0.1715920865535736,469.1094970703125,350.39453125,251.46424865722656,0.0029079311061650515,-0.04240456223487854,2.3263909816741943,0.0,0.0,0.0,0,0
1786431202.0292883,4.163082654999926,APPROACH,FLOW,/home/eunseop/nrs_imitation/checkpoints/flow/polishing/single_cam/20260809_1638,467.8221130371094,352.1031188964844,250.1865234375,0.003312981454655528,-0.04071066156029701,2.305697202682495,-6.841803073883057,7.886620998382568,2.855691909790039,469.23895263671875,350.27386474609375,251.6177978515625,0.0029155933298170567,-0.04251160845160484,2.328299045562744,0.0,0.0,0.0,0,0
1786431202.0372548,4.171049649999986,APPROACH,FLOW,/home/eunseop/nrs_imitation/checkpoints/flow/polishing/single_cam/20260809_1638,468.0943603515625,351.9226379394531,250.4076385498047,0.003242999780923128,-0.04101235046982765,2.308656692504883,-2.880587100982666,4.121007919311523,1.6561908721923828,469.36822509765625,350.15350341796875,251.7710418701172,0.0029232397209852934,-0.04261844605207443,2.3302035331726074,0.0,0.0,0.0,0,0
1786431202.0459487,4.179743280000366,APPROACH,FLOW,/home/eunseop/nrs_imitation/checkpoints/flow/polishing/single_cam/20260809_1638,468.0943603515625,351.9226379394531,250.4076385498047,0.003242999780923128,-0.04101235046982765,2.308656692504883,-2.880587100982666,4.121007919311523,1.6561908721923828,469.5084228515625,350.02294921875,251.93719482421875,0.0029315308202058077,-0.04273428022861481,2.332268238067627,0.0,0.0,0.0,0,0
1786431202.0532706,4.187065287000223,APPROACH,FLOW,/home/eunseop/nrs_imitation/checkpoints/flow/polishing/single_cam/20260809_1638,468.66668701171875,351.5218200683594,250.91587829589844,0.002676544012501836,-0.041847750544548035,2.3153250217437744,3.3888065814971924,-0.07198987901210785,2.4061365127563477,469.62646484375,349.91290283203125,252.07720947265625,0.0029385180678218603,-0.042831901460886,2.3340084552764893,0.0,0.0,0.0,0,0
1786431202.061227,4.195021702000304,APPROACH,FLOW,/home/eunseop/nrs_imitation/checkpoints/flow/polishing/single_cam/20260809_1638,468.85443115234375,351.34808349609375,251.12570190429688,0.0025244674179702997,-0.04209928587079048,2.3184986114501953,7.009810924530029,-1.6202620267868042,-0.0515538714826107,469.7553405761719,349.79290771484375,252.22999572753906,0.002946140943095088,-0.04293840378522873,2.335906744003296,0.0,0.0,0.0,0,0
1786431202.0692124,4.203006972000367,APPROACH,FLOW,/home/eunseop/nrs_imitation/checkpoints/flow/polishing/single_cam/20260809_1638,468.96099853515625,351.2713317871094,251.32931518554688,0.0024013961665332317,-0.04221230745315552,2.321553945541382,8.078655242919922,-3.445277452468872,-2.5973587036132812,469.8841247558594,349.6729736328125,252.38265991210938,0.0029537586960941553,-0.04304482787847519,2.337804079055786,0.0,0.0,0.0,0,0
1786431202.0773544,4.211149394000131,APPROACH,FLOW,/home/eunseop/nrs_imitation/checkpoints/flow/polishing/single_cam/20260809_1638,469.0111389160156,351.1946716308594,251.4583282470703,0.0024084728211164474,-0.04213544353842735,2.3243958950042725,5.49045467376709,-0.6497638821601868,-1.7503072023391724,470.0132141113281,349.552734375,252.53570556640625,0.0029613955412060022,-0.04315152391791344,2.3397059440612793,0.0,0.0,0.0,0,0
1786431202.0853438,4.219138520999877,APPROACH,FLOW,/home/eunseop/nrs_imitation/checkpoints/flow/polishing/single_cam/20260809_1638,469.0730285644531,351.1671447753906,251.66346740722656,0.002556707477197051,-0.042199041694402695,2.326902389526367,-0.9125161170959473,1.444746732711792,0.36599233746528625,470.14166259765625,349.43310546875,252.68798828125,0.0029689946677535772,-0.0432576946914196,2.3415985107421875,0.0,0.0,0.0,0,0
1786431202.0933464,4.2271409539998785,APPROACH,FLOW,/home/eunseop/nrs_imitation/checkpoints/flow/polishing/single_cam/20260809_1638,469.1494445800781,351.13848876953125,251.80551147460938,0.0027546703349798918,-0.042256999760866165,2.3292059898376465,-1.7086423635482788,5.561522483825684,1.3525443077087402,470.2699890136719,349.31353759765625,252.84014892578125,0.00297658727504313,-0.043363772332668304,2.343489408493042,0.0,0.0,0.0,0,0
1786431202.1013188,4.235113620999982,APPROACH,FLOW,/home/eunseop/nrs_imitation/checkpoints/flow/polishing/single_cam/20260809_1638,469.2488708496094,351.068603515625,251.96194458007812,0.002898616250604391,-0.042423177510499954,2.3311493396759033,-4.271193027496338,7.268487930297852,2.6816344261169434,470.3983459472656,349.19403076171875,252.9923095703125,0.0029841791838407516,-0.04346983879804611,2.3453803062438965,0.0,0.0,0.0,0,0
1786431202.1092622,4.2430570200003785,APPROACH,FLOW,/home/eunseop/nrs_imitation/checkpoints/flow/polishing/single_cam/20260809_1638,469.38525390625,350.90008544921875,252.081787109375,0.003021505195647478,-0.04250023141503334,2.332613468170166,-6.975406169891357,6.3825788497924805,5.013874530792236,470.52587890625,349.0751953125,253.14353942871094,0.002991726156324148,-0.04357527941465378,2.347259759902954,0.0,0.0,0.0,0,0
1786431202.1172829,4.25107738800034,APPROACH,FLOW,/home/eunseop/nrs_imitation/checkpoints/flow/polishing/single_cam/20260809_1638,469.5101318359375,350.7731018066406,252.26956176757812,0.003048105863854289,-0.04276157170534134,2.333524227142334,-3.5017385482788086,2.980189085006714,3.5716402530670166,470.65380859375,348.9560546875,253.2952117919922,0.002999294549226761,-0.04368101805448532,2.349144458770752,0.0,0.0,0.0,0,0
1786431202.1252325,4.259026999000525,APPROACH,FLOW,/home/eunseop/nrs_imitation/checkpoints/flow/polishing/single_cam/20260809_1638,469.70684814453125,350.6603698730469,252.43484497070312,0.0027388923335820436,-0.04303797334432602,2.3339030742645264,2.2836079597473145,1.7400621175765991,1.7865500450134277,470.7815856933594,348.8370361328125,253.44668579101562,0.00300685316324234,-0.04378662258386612,2.351027011871338,0.0,0.0,0.0,0,0
1786431202.133201,4.266995527999825,APPROACH,FLOW,/home/eunseop/nrs_imitation/checkpoints/flow/polishing/single_cam/20260809_1638,469.8359680175781,350.5487060546875,252.55313110351562,0.0027109934017062187,-0.043147165328264236,2.3340353965759277,5.08719539642334,-1.1706104278564453,0.017998311668634415,470.9090576171875,348.71826171875,253.5978546142578,0.0030143961776047945,-0.04389200732111931,2.352905511856079,0.0,0.0,0.0,0,0
1786431202.1411996,4.274994123000397,APPROACH,FLOW,/home/eunseop/nrs_imitation/checkpoints/flow/polishing/single_cam/20260809_1638,469.9437255859375,350.4297790527344,252.7000274658203,0.002614625496789813,-0.04309922084212303,2.334298610687256,6.224194526672363,-2.5686333179473877,-2.1124701499938965,471.0364990234375,348.599609375,253.74891662597656,0.003021934302523732,-0.04399732127785683,2.354782819747925,0.0,0.0,0.0,0,0
1786431202.149208,4.283002668000336,APPROACH,FLOW,/home/eunseop/nrs_imitation/checkpoints/flow/polishing/single_cam/20260809_1638,470.0220031738281,350.2904968261719,252.77529907226562,0.002630378818139434,-0.04289616271853447,2.3348515033721924,5.334647178649902,-2.5414981842041016,-3.7208173274993896,471.1638488769531,348.48101806640625,253.8998565673828,0.0030294654425233603,-0.04410254582762718,2.356658458709717,0.0,0.0,0.0,0,0
1786431202.1572273,4.291021814000487,APPROACH,FLOW,/home/eunseop/nrs_imitation/checkpoints/flow/polishing/single_cam/20260809_1638,470.1116943359375,350.1698303222656,252.92845153808594,0.0027503797318786383,-0.04284095764160156,2.336028575897217,2.119593858718872,1.3421918153762817,-1.452163815498352,471.29107666015625,348.3625183105469,254.0507049560547,0.003036992158740759,-0.044207703322172165,2.3585329055786133,0.0,0.0,0.0,0,0
1786431202.1652591,4.299053513000217,APPROACH,FLOW,/home/eunseop/nrs_imitation/checkpoints/flow/polishing/single_cam/20260809_1638,470.25439453125,350.0454406738281,253.0553436279297,0.0029240089934319258,-0.04287619888782501,2.3379127979278564,-1.1898201704025269,4.264245510101318,0.29645463824272156,471.41815185546875,348.2441711425781,254.2013702392578,0.0030445102602243423,-0.0443127378821373,2.360405445098877,0.0,0.0,0.0,0,0
1786431202.1736197,4.307414384000367,APPROACH,FLOW,/home/eunseop/nrs_imitation/checkpoints/flow/polishing/single_cam/20260809_1638,470.386962890625,349.8994140625,253.21517944335938,0.0030179417226463556,-0.04309351369738579,2.3406829833984375,-4.0731706619262695,6.298219680786133,3.129060983657837,471.54840087890625,348.12286376953125,254.3557586669922,0.003052213927730918,-0.04442036896944046,2.3623239994049072,0.0,0.0,0.0,0,0
1786431202.1812825,4.3150772250000955,APPROACH,FLOW,/home/eunseop/nrs_imitation/checkpoints/flow/polishing/single_cam/20260809_1638,470.5421142578125,349.7278137207031,253.31253051757812,0.0030609145760536194,-0.0432283915579319,2.343907594680786,-5.450841903686523,6.871180057525635,5.128762245178223,471.6715087890625,348.0081787109375,254.5017547607422,0.003059499431401491,-0.04452215135097504,2.36413836479187,0.0,0.0,0.0,0,0
1786431202.1893194,4.323114454999995,APPROACH,FLOW,/home/eunseop/nrs_imitation/checkpoints/flow/polishing/single_cam/20260809_1638,470.7474365234375,349.597412109375,253.54725646972656,0.002963012782856822,-0.04371817409992218,2.347081422805786,-2.8297829627990723,4.344025135040283,4.234193325042725,471.798095703125,347.8902282714844,254.65184020996094,0.003066988894715905,-0.04462679103016853,2.3660035133361816,0.0,0.0,0.0,0,0
1786431202.1973486,4.331143289000465,APPROACH,FLOW,/home/eunseop/nrs_imitation/checkpoints/flow/polishing/single_cam/20260809_1638,470.8814697265625,349.447509765625,253.68174743652344,0.0028661908581852913,-0.04386258125305176,2.35028076171875,1.6168279647827148,1.8490896224975586,1.4521526098251343,471.92474365234375,347.7722473144531,254.802001953125,0.003074481850489974,-0.04473147913813591,2.3678696155548096,0.0,0.0,0.0,0,0
1786431202.205274,4.3390686540005845,APPROACH,FLOW,/home/eunseop/nrs_imitation/checkpoints/flow/polishing/single_cam/20260809_1638,471.0277099609375,349.2923278808594,253.83343505859375,0.0027391465846449137,-0.04389936104416847,2.3532533645629883,2.625406503677368,0.9930997490882874,-0.7017607688903809,472.0504150390625,347.65521240234375,254.9510040283203,0.003081917529925704,-0.04483536258339882,2.3697214126586914,0.0,0.0,0.0,0,0
1786431202.2132616,4.347056229000373,APPROACH,FLOW,/home/eunseop/nrs_imitation/checkpoints/flow/polishing/single_cam/20260809_1638,471.1816101074219,349.1289367675781,254.03329467773438,0.0027112262323498726,-0.04392780736088753,2.3559505939483643,3.323725461959839,-0.6881384253501892,-1.6261990070343018,472.176513671875,347.53778076171875,255.10047912597656,0.003089375328272581,-0.0449395552277565,2.3715786933898926,0.0,0.0,0.0,0,0
1786431202.2212577,4.355052450000585,APPROACH,FLOW,/home/eunseop/nrs_imitation/checkpoints/flow/polishing/single_cam/20260809_1638,471.3551940917969,348.9136962890625,254.16030883789062,0.0027123666368424892,-0.043862637132406235,2.358229398727417,4.578120231628418,-0.21716319024562836,-2.3223071098327637,472.30224609375,347.420654296875,255.2495574951172,0.003096814500167966,-0.045043494552373886,2.373431444168091,0.0,0.0,0.0,0,0
1786431202.2292633,4.363058038999952,APPROACH,FLOW,/home/eunseop/nrs_imitation/checkpoints/flow/polishing/single_cam/20260809_1638,471.526123046875,348.7603759765625,254.32696533203125,0.0027452935464680195,-0.043930333107709885,2.3603758811950684,3.6414384841918945,0.9690173864364624,-1.7649531364440918,472.4279479980469,347.3035888671875,255.39857482910156,0.0031042497139424086,-0.0451473705470562,2.3752832412719727,0.0,0.0,0.0,0,0
1786431202.2373168,4.371111540000129,APPROACH,FLOW,/home/eunseop/nrs_imitation/checkpoints/flow/polishing/single_cam/20260809_1638,471.6512451171875,348.6315002441406,254.4836883544922,0.002736983122304082,-0.04406210780143738,2.3623180389404297,1.8946536779403687,1.7027753591537476,0.24776653945446014,472.5536193847656,347.1865234375,255.54757690429688,0.0031116853933781385,-0.045251257717609406,2.3771350383758545,0.0,0.0,0.0,0,0
1786431202.2453964,4.37919107200014,APPROACH,FLOW,/home/eunseop/nrs_imitation/checkpoints/flow/polishing/single_cam/20260809_1638,471.6512451171875,348.6315002441406,254.4836883544922,0.002736983122304082,-0.04406210780143738,2.3623180389404297,1.8946536779403687,1.7027753591537476,0.24776653945446014,472.680908203125,347.0679931640625,255.69845581054688,0.0031192137394100428,-0.04535643756389618,2.379009962081909,0.0,0.0,0.0,0,0
1786431202.2532434,4.387038106000546,APPROACH,FLOW,/home/eunseop/nrs_imitation/checkpoints/flow/polishing/single_cam/20260809_1638,471.8056945800781,348.61419677734375,254.8564453125,0.0028629826847463846,-0.04457669332623482,2.364870309829712,-1.968427300453186,3.0144107341766357,3.5162339210510254,472.8038024902344,346.9534912109375,255.8441925048828,0.0031264859717339277,-0.04545803740620613,2.3808209896087646,0.0,0.0,0.0,0,0
1786431202.2612398,4.395034547999785,APPROACH,FLOW,/home/eunseop/nrs_imitation/checkpoints/flow/polishing/single_cam/20260809_1638,471.9073181152344,348.61834716796875,255.0032501220703,0.002738005481660366,-0.04485404118895531,2.3654067516326904,-1.1442738771438599,3.6369919776916504,4.842072486877441,472.92877197265625,346.83709716796875,255.99237060546875,0.0031338795088231564,-0.04556133598089218,2.382662296295166,0.0,0.0,0.0,0,0
1786431202.2692091,4.403003667000121,APPROACH,FLOW,/home/eunseop/nrs_imitation/checkpoints/flow/polishing/single_cam/20260809_1638,471.9461364746094,348.6105041503906,255.1341094970703,0.0027035337407141924,-0.04499699920415878,2.365825653076172,0.08492682874202728,3.531061887741089,2.351902723312378,473.0534973144531,346.7209167480469,256.14019775390625,0.0031412572134286165,-0.045664411038160324,2.3844997882843018,0.0,0.0,0.0,0,0
1786431202.2774239,4.411218838999957,APPROACH,FLOW,/home/eunseop/nrs_imitation/checkpoints/flow/polishing/single_cam/20260809_1638,472.0107116699219,348.6042785644531,255.248046875,0.002804512856528163,-0.04503524303436279,2.3662588596343994,-0.4232046604156494,3.3101439476013184,1.5963668823242188,473.1791076660156,346.6039733886719,256.28912353515625,0.0031486875377595425,-0.045768219977617264,2.386350154876709,0.0,0.0,0.0,0,0
1786431202.2853098,4.41910445800022,APPROACH,FLOW,/home/eunseop/nrs_imitation/checkpoints/flow/polishing/single_cam/20260809_1638,472.0667419433594,348.4560241699219,255.390380859375,0.0029806061647832394,-0.04492860287427902,2.367004871368408,-0.4895104169845581,1.457053542137146,-1.1106327772140503,473.30255126953125,346.4889221191406,256.4355163574219,0.0031559932976961136,-0.04587029293179512,2.388169765472412,0.0,0.0,0.0,0,0
1786431202.293621,4.427415623999877,APPROACH,FLOW,/home/eunseop/nrs_imitation/checkpoints/flow/polishing/single_cam/20260809_1638,472.243408203125,348.2207946777344,255.48585510253906,0.0029803565703332424,-0.04476812481880188,2.368253231048584,1.9321072101593018,2.4211857318878174,-1.6282519102096558,473.4310607910156,346.36920166015625,256.587890625,0.0031635956838726997,-0.04597650468349457,2.3900630474090576,0.0,0.0,0.0,0,0
1786431202.3013086,4.435103322000032,APPROACH,FLOW,/home/eunseop/nrs_imitation/checkpoints/flow/polishing/single_cam/20260809_1638,472.4212341308594,347.9712829589844,255.60342407226562,0.0030831864569336176,-0.04468342661857605,2.3703179359436035,-0.007546283304691315,2.8650128841400146,-0.7019184827804565,473.5509033203125,346.2576599121094,256.72991943359375,0.003170682117342949,-0.04607551172375679,2.3918280601501465,0.0,0.0,0.0,0,0
1786431202.3092492,4.443043977000343,APPROACH,FLOW,/home/eunseop/nrs_imitation/checkpoints/flow/polishing/single_cam/20260809_1638,472.6134033203125,347.7881774902344,255.78782653808594,0.0029994130600243807,-0.04492788761854172,2.373337745666504,1.3544141054153442,2.7740981578826904,0.5857413411140442,473.67474365234375,346.14227294921875,256.87677001953125,0.003178010694682598,-0.046177901327610016,2.393653154373169,0.0,0.0,0.0,0,0
1786431202.317247,4.451041590999921,APPROACH,FLOW,/home/eunseop/nrs_imitation/checkpoints/flow/polishing/single_cam/20260809_1638,472.8115539550781,347.62738037109375,255.9756317138672,0.002828805474564433,-0.04517187178134918,2.376835346221924,2.362743377685547,1.7437506914138794,1.1169205904006958,473.79840087890625,346.027099609375,257.02337646484375,0.003185326000675559,-0.04628010094165802,2.395474910736084,0.0,0.0,0.0,0,0
1786431202.325271,4.459065734999967,APPROACH,FLOW,/home/eunseop/nrs_imitation/checkpoints/flow/polishing/single_cam/20260809_1638,472.9830627441406,347.5456237792969,256.1726989746094,0.002611413598060608,-0.04553090035915375,2.3804404735565186,1.8610886335372925,1.4095971584320068,2.9748830795288086,473.9220886230469,345.91192626953125,257.16998291015625,0.0031926422379910946,-0.046382322907447815,2.3972971439361572,0.0,0.0,0.0,0,0
1786431202.333248,4.467042498999945,APPROACH,FLOW,/home/eunseop/nrs_imitation/checkpoints/flow/polishing/single_cam/20260809_1638,473.0422058105469,347.5215148925781,256.3056335449219,0.0025444140192121267,-0.045733340084552765,2.3839030265808105,3.227461814880371,0.6243481636047363,0.1682434380054474,474.04522705078125,345.79718017578125,257.3160400390625,0.0031999293714761734,-0.04648413136601448,2.399111747741699,0.0,0.0,0.0,0,0
1786431202.3412874,4.475082074000056,APPROACH,FLOW,/home/eunseop/nrs_imitation/checkpoints/flow/polishing/single_cam/20260809_1638,473.0422058105469,347.5215148925781,256.3056335449219,0.0025444140192121267,-0.045733340084552765,2.3839030265808105,3.227461814880371,0.6243481636047363,0.1682434380054474,474.1684875488281,345.682373046875,257.462158203125,0.003207219997420907,-0.046585988253355026,2.4009275436401367,0.0,0.0,0.0,0,0
1786431202.349285,4.483079508000628,APPROACH,FLOW,/home/eunseop/nrs_imitation/checkpoints/flow/polishing/single_cam/20260809_1638,473.09503173828125,347.5485534667969,256.6427917480469,0.0027010091580450535,-0.04595049470663071,2.3894901275634766,-0.18705900013446808,1.9275569915771484,-0.04477880522608757,474.291259765625,345.56805419921875,257.6076965332031,0.003214481985196471,-0.046687450259923935,2.402736186981201,0.0,0.0,0.0,0,0
1786431202.3572538,4.491048636999949,APPROACH,FLOW,/home/eunseop/nrs_imitation/checkpoints/flow/polishing/single_cam/20260809_1638,473.17218017578125,347.5540466308594,256.8328552246094,0.0027973917312920094,-0.0461517833173275,2.391732692718506,0.16635049879550934,3.1714415550231934,0.028147703036665916,474.4140319824219,345.4537048339844,257.75323486328125,0.0032217451371252537,-0.04678892716765404,2.4045450687408447,0.0,0.0,0.0,0,0
1786431202.3652942,4.499089033000018,APPROACH,FLOW,/home/eunseop/nrs_imitation/checkpoints/flow/polishing/single_cam/20260809_1638,473.2991027832031,347.45831298828125,256.98846435546875,0.0029280076269060373,-0.04623325541615486,2.3936641216278076,-1.9604742527008057,5.188563823699951,0.9196816682815552,474.5367126464844,345.3394470214844,257.898681640625,0.0032290027011185884,-0.046890322118997574,2.4063525199890137,0.0,0.0,0.0,0,0
1786431202.3733177,4.507112586000403,APPROACH,FLOW,/home/eunseop/nrs_imitation/checkpoints/flow/polishing/single_cam/20260809_1638,473.43914794921875,347.29254150390625,257.1738586425781,0.003151656361296773,-0.04637310281395912,2.3953089714050293,-3.9934029579162598,5.7447404861450195,3.105494976043701,474.65875244140625,345.2257385253906,258.0434265136719,0.0032362251076847315,-0.04699122533202171,2.408151149749756,0.0,0.0,0.0,0,0
1786431202.3816082,4.515404155000397,APPROACH,FLOW,/home/eunseop/nrs_imitation/checkpoints/flow/polishing/single_cam/20260809_1638,473.65185546875,347.02197265625,257.3410339355469,0.00320717366412282,-0.04647619277238846,2.3967854976654053,-3.4423067569732666,4.8841142654418945,2.2567527294158936,474.7825622558594,345.11041259765625,258.190185546875,0.0032435485627502203,-0.04709354415535927,2.409975051879883,0.0,0.0,0.0,0,0
1786431202.3893688,4.523163331000433,APPROACH,FLOW,/home/eunseop/nrs_imitation/checkpoints/flow/polishing/single_cam/20260809_1638,473.9006042480469,346.78668212890625,257.542724609375,0.0031656462233513594,-0.046694692224264145,2.3981869220733643,-1.4651345014572144,2.935220956802368,2.3916585445404053,474.90325927734375,344.9980163574219,258.3332824707031,0.003250688314437866,-0.04719329625368118,2.4117531776428223,0.0,0.0,0.0,0,0
1786431202.3973053,4.531099928000003,APPROACH,FLOW,/home/eunseop/nrs_imitation/checkpoints/flow/polishing/single_cam/20260809_1638,474.15850830078125,346.6051330566406,257.77691650390625,0.003038278315216303,-0.04704673960804939,2.399563789367676,2.125234603881836,1.7554903030395508,1.5146926641464233,475.0245666503906,344.8850402832031,258.4770812988281,0.0032578641548752785,-0.04729354754090309,2.4135403633117676,0.0,0.0,0.0,0,0
1786431202.4053168,4.5391116589999,APPROACH,FLOW,/home/eunseop/nrs_imitation/checkpoints/flow/polishing/single_cam/20260809_1638,474.3621520996094,346.41876220703125,257.8902282714844,0.0028964204248040915,-0.04711289331316948,2.4006295204162598,5.211910247802734,-1.069170355796814,0.8439860343933105,475.1463317871094,344.7716064453125,258.6214599609375,0.0032650677021592855,-0.04739418998360634,2.4153342247009277,0.0,0.0,0.0,0,0
1786431202.4132726,4.54706784300015,APPROACH,FLOW,/home/eunseop/nrs_imitation/checkpoints/flow/polishing/single_cam/20260809_1638,474.5658264160156,346.2944641113281,258.05609130859375,0.0026164401788264513,-0.047353439033031464,2.401345729827881,6.63643741607666,-1.3345369100570679,0.40521883964538574,475.26739501953125,344.65887451171875,258.7649841308594,0.0032722302712500095,-0.04749425873160362,2.4171180725097656,0.0,0.0,0.0,0,0
1786431202.4212487,4.555043383999873,APPROACH,FLOW,/home/eunseop/nrs_imitation/checkpoints/flow/polishing/single_cam/20260809_1638,474.60626220703125,346.2033386230469,258.0539245605469,0.0026394850574433804,-0.047226376831531525,2.401790142059326,6.039875507354736,-0.698707103729248,0.41486427187919617,475.38848876953125,344.54608154296875,258.9085388183594,0.0032793928403407335,-0.0475943349301815,2.4189019203186035,0.0,0.0,0.0,0,0
1786431202.4292347,4.563029416000063,APPROACH,FLOW,/home/eunseop/nrs_imitation/checkpoints/flow/polishing/single_cam/20260809_1638,474.5902099609375,346.1162414550781,258.0749816894531,0.0027397028170526028,-0.04707255959510803,2.402128219604492,5.475710868835449,0.08413707464933395,-1.2650216817855835,475.50933837890625,344.4335021972656,259.05181884765625,0.0032865440007299185,-0.047694239765405655,2.420682907104492,0.0,0.0,0.0,0,0
1786431202.4372165,4.57101098900057,APPROACH,FLOW,/home/eunseop/nrs_imitation/checkpoints/flow/polishing/single_cam/20260809_1638,474.4857482910156,346.0525817871094,258.06427001953125,0.0030000328551977873,-0.046711597591638565,2.4027321338653564,-2.3444206714630127,1.007430911064148,0.2285337746143341,475.6300354003906,344.32110595703125,259.1949157714844,0.0032936828210949898,-0.047793976962566376,2.4224607944488525,0.0,0.0,0.0,0,0
1786431202.4452171,4.579011539000021,APPROACH,FLOW,/home/eunseop/nrs_imitation/checkpoints/flow/polishing/single_cam/20260809_1638,474.3928527832031,345.9951477050781,258.0980224609375,0.0034261608961969614,-0.0465073399245739,2.403672695159912,-5.248208045959473,4.23868465423584,0.20670442283153534,475.7505187988281,344.2088317871094,259.3377685546875,0.0033008125610649586,-0.04789359122514725,2.424236297607422,0.0,0.0,0.0,0,0
1786431202.4535363,4.5873307199999545,APPROACH,FLOW,/home/eunseop/nrs_imitation/checkpoints/flow/polishing/single_cam/20260809_1638,474.3928527832031,345.9951477050781,258.0980224609375,0.0034261608961969614,-0.0465073399245739,2.403672695159912,-5.248208045959473,4.23868465423584,0.20670442283153534,475.8752746582031,344.09259033203125,259.4857177734375,0.003308194223791361,-0.04799672216176987,2.426074743270874,0.0,0.0,0.0,0,0
1786431202.4613073,4.595102160000351,APPROACH,FLOW,/home/eunseop/nrs_imitation/checkpoints/flow/polishing/single_cam/20260809_1638,474.61602783203125,345.8580017089844,258.3941955566406,0.0038311786483973265,-0.04669974744319916,2.407238006591797,-4.647166728973389,8.221318244934082,2.0203771591186523,475.99114990234375,343.9847106933594,259.6230773925781,0.0033150475937873125,-0.04809247702360153,2.427781581878662,0.0,0.0,0.0,0,0
1786431202.4692929,4.60308748999978,APPROACH,FLOW,/home/eunseop/nrs_imitation/checkpoints/flow/polishing/single_cam/20260809_1638,474.8256530761719,345.739501953125,258.6296081542969,0.0037731134798377752,-0.04705602675676346,2.410125732421875,-1.989908218383789,4.7269158363342285,1.8872077465057373,476.11102294921875,343.87310791015625,259.76513671875,0.003322137054055929,-0.04819151759147644,2.4295473098754883,0.0,0.0,0.0,0,0
1786431202.477358,4.61115286400036,APPROACH,FLOW,/home/eunseop/nrs_imitation/checkpoints/flow/polishing/single_cam/20260809_1638,475.1392822265625,345.5572814941406,258.85693359375,0.0034037854056805372,-0.047398798167705536,2.4132142066955566,2.6832194328308105,2.883396863937378,1.685184359550476,476.2307434082031,343.7615966796875,259.9071044921875,0.003329220227897167,-0.04829047992825508,2.4313111305236816,0.0,0.0,0.0,0,0
1786431202.485313,4.619107766000525,APPROACH,FLOW,/home/eunseop/nrs_imitation/checkpoints/flow/polishing/single_cam/20260809_1638,475.3236389160156,345.396240234375,259.0492248535156,0.0031198901124298573,-0.047687750309705734,2.4164352416992188,5.86798620223999,-1.152022361755371,1.3541944026947021,476.34979248046875,343.650634765625,260.04827880859375,0.0033362656831741333,-0.04838891699910164,2.43306565284729,0.0,0.0,0.0,0,0
1786431202.4933689,4.627163601000575,APPROACH,FLOW,/home/eunseop/nrs_imitation/checkpoints/flow/polishing/single_cam/20260809_1638,475.4489440917969,345.2687683105469,259.1830749511719,0.002968705492094159,-0.047784753143787384,2.419442653656006,7.897880554199219,-2.378816604614258,-2.0101535320281982,476.4692077636719,343.5394287109375,260.1898498535156,0.0033433299977332354,-0.04848760738968849,2.4348249435424805,0.0,0.0,0.0,0,0
1786431202.5012536,4.635048148000351,APPROACH,FLOW,/home/eunseop/nrs_imitation/checkpoints/flow/polishing/single_cam/20260809_1638,475.5320129394531,345.201904296875,259.3314208984375,0.002859110478311777,-0.047875724732875824,2.422295093536377,6.4881086349487305,-3.4153025150299072,-3.0819251537323,476.587890625,343.42889404296875,260.3305358886719,0.003350350074470043,-0.048585690557956696,2.4365735054016113,0.0,0.0,0.0,0,0
1786431202.5092099,4.643004493000262,APPROACH,FLOW,/home/eunseop/nrs_imitation/checkpoints/flow/polishing/single_cam/20260809_1638,475.5405578613281,345.2021179199219,259.5097961425781,0.0029654153622686863,-0.0479310117661953,2.4249091148376465,2.3608081340789795,-0.48305144906044006,-1.3983772993087769,476.70660400390625,343.3183288574219,260.4712829589844,0.003357372945174575,-0.048683807253837585,2.4383225440979004,0.0,0.0,0.0,0,0
1786431202.5172539,4.65104861600048,APPROACH,FLOW,/home/eunseop/nrs_imitation/checkpoints/flow/polishing/single_cam/20260809_1638,475.5341491699219,345.18939208984375,259.6151123046875,0.0032637978438287973,-0.04785051569342613,2.427274703979492,-2.162461519241333,2.96645450592041,0.6806237101554871,476.8254089355469,343.2076721191406,260.6121520996094,0.003364401403814554,-0.04878200590610504,2.440073013305664,0.0,0.0,0.0,0,0
1786431202.5252724,4.659066859000632,APPROACH,FLOW,/home/eunseop/nrs_imitation/checkpoints/flow/polishing/single_cam/20260809_1638,475.6144104003906,345.1505432128906,259.78594970703125,0.003458520630374551,-0.047992415726184845,2.429291009902954,-3.788058280944824,7.066871643066406,1.8628933429718018,476.94366455078125,343.0975341796875,260.7523498535156,0.0033713977318257093,-0.048879753798246384,2.441815137863159,0.0,0.0,0.0,0,0
1786431202.5332522,4.667047099999763,APPROACH,FLOW,/home/eunseop/nrs_imitation/checkpoints/flow/polishing/single_cam/20260809_1638,475.7567138671875,345.0447082519531,259.9412536621094,0.00365432258695364,-0.048180095851421356,2.43091082572937,-7.898956298828125,7.908926010131836,4.50507926940918,477.0616760253906,342.98760986328125,260.8922424316406,0.003378378227353096,-0.04897727817296982,2.443553924560547,0.0,0.0,0.0,0,0
1786431202.5413563,4.675150957999904,APPROACH,FLOW,/home/eunseop/nrs_imitation/checkpoints/flow/polishing/single_cam/20260809_1638,475.9398498535156,344.8702087402344,260.0994873046875,0.0036791525781154633,-0.048367179930210114,2.4319541454315186,-6.03490686416626,6.695734024047852,4.399474620819092,477.17974853515625,342.8775939941406,261.03228759765625,0.003385365940630436,-0.04907490313053131,2.44529390335083,0.0,0.0,0.0,0,0
1786431202.5492725,4.683067226000276,APPROACH,FLOW,/home/eunseop/nrs_imitation/checkpoints/flow/polishing/single_cam/20260809_1638,476.1724548339844,344.6241149902344,260.2719421386719,0.0033817815128713846,-0.048521753400564194,2.432562828063965,-1.0347537994384766,2.9794206619262695,3.425189733505249,477.2969970703125,342.7684326171875,261.1712341308594,0.003392299171537161,-0.049171771854162216,2.4470207691192627,0.0,0.0,0.0,0,0
1786431202.5573215,4.6911160979998385,APPROACH,FLOW,/home/eunseop/nrs_imitation/checkpoints/flow/polishing/single_cam/20260809_1638,476.39892578125,344.50213623046875,260.4254150390625,0.003167587798088789,-0.04880593717098236,2.4327516555786133,2.607457160949707,1.2030376195907593,2.888828992843628,477.4147033691406,342.6587829589844,261.310791015625,0.003399263136088848,-0.049269068986177444,2.4487550258636475,0.0,0.0,0.0,0,0
1786431202.565276,4.699070649000532,APPROACH,FLOW,/home/eunseop/nrs_imitation/checkpoints/flow/polishing/single_cam/20260809_1638,476.5150451660156,344.323486328125,260.5331115722656,0.0030374929774552584,-0.04875475540757179,2.4328713417053223,6.425455093383789,-1.4033844470977783,-1.1956335306167603,477.53179931640625,342.54974365234375,261.4496154785156,0.0034061898477375507,-0.04936583712697029,2.4504802227020264,0.0,0.0,0.0,0,0
1786431202.5732028,4.706997447000504,APPROACH,FLOW,/home/eunseop/nrs_imitation/checkpoints/flow/polishing/single_cam/20260809_1638,476.5584411621094,344.2571716308594,260.64508056640625,0.003102449234575033,-0.04870717599987984,2.4332919120788574,8.0663480758667,-3.0153284072875977,-2.9854633808135986,477.6483459472656,342.441162109375,261.5877990722656,0.003413086524233222,-0.04946219176054001,2.452197551727295,0.0,0.0,0.0,0,0
1786431202.5811977,4.714992476000589,APPROACH,FLOW,/home/eunseop/nrs_imitation/checkpoints/flow/polishing/single_cam/20260809_1638,476.5901184082031,344.1343078613281,260.71234130859375,0.0031668259762227535,-0.04843795672059059,2.434122323989868,6.4489898681640625,-2.584294080734253,-3.6527860164642334,477.76507568359375,342.33245849609375,261.7261657714844,0.0034199904184788465,-0.04955865070223808,2.4539172649383545,0.0,0.0,0.0,0,0
1786431202.589232,4.723026510000636,APPROACH,FLOW,/home/eunseop/nrs_imitation/checkpoints/flow/polishing/single_cam/20260809_1638,476.5936279296875,344.0754699707031,260.7763977050781,0.0034061509650200605,-0.04829037934541702,2.4356720447540283,2.080899715423584,2.2177324295043945,-1.2837077379226685,477.8815612792969,342.22393798828125,261.8642883300781,0.0034268826711922884,-0.049654945731163025,2.4556336402893066,0.0,0.0,0.0,0,0
1786431202.5972345,4.731028963000426,APPROACH,FLOW,/home/eunseop/nrs_imitation/checkpoints/flow/polishing/single_cam/20260809_1638,476.6462097167969,343.9883117675781,260.8348083496094,0.0036208939272910357,-0.04821566492319107,2.43784499168396,-2.967200517654419,5.480790615081787,1.1317685842514038,477.9977111816406,342.11572265625,262.00201416015625,0.0034337546676397324,-0.04975095018744469,2.4573450088500977,0.0,0.0,0.0,0,0
1786431202.6052825,4.739077224000539,APPROACH,FLOW,/home/eunseop/nrs_imitation/checkpoints/flow/polishing/single_cam/20260809_1638,476.77978515625,343.9253234863281,260.9671630859375,0.0036692896392196417,-0.048447106033563614,2.4407224655151367,-5.363730430603027,6.885857105255127,3.0239593982696533,478.1138916015625,342.0075378417969,262.13970947265625,0.0034406264312565327,-0.04984695836901665,2.4590563774108887,0.0,0.0,0.0,0,0
1786431202.613392,4.7471867230005955,APPROACH,FLOW,/home/eunseop/nrs_imitation/checkpoints/flow/polishing/single_cam/20260809_1638,476.77978515625,343.9253234863281,260.9671630859375,0.0036692896392196417,-0.048447106033563614,2.4407224655151367,-5.363730430603027,6.885857105255127,3.0239593982696533,478.2304382324219,341.89898681640625,262.2779235839844,0.003447522409260273,-0.04994330555200577,2.4607737064361572,0.0,0.0,0.0,0,0
1786431202.621321,4.755115644999933,APPROACH,FLOW,/home/eunseop/nrs_imitation/checkpoints/flow/polishing/single_cam/20260809_1638,477.0032653808594,343.7447509765625,261.2624816894531,0.0036185027565807104,-0.048957861959934235,2.446498155593872,-2.363069772720337,5.6003522872924805,4.152252674102783,478.3449401855469,341.7923278808594,262.4136657714844,0.0034542959183454514,-0.0500379353761673,2.462460517883301,0.0,0.0,0.0,0,0
1786431202.6293433,4.763138176000211,APPROACH,FLOW,/home/eunseop/nrs_imitation/checkpoints/flow/polishing/single_cam/20260809_1638,477.1455078125,343.65057373046875,261.434326171875,0.0033613028936088085,-0.04918084293603897,2.449313163757324,1.6883294582366943,2.229003429412842,0.7560808062553406,478.4601745605469,341.68499755859375,262.55029296875,0.0034611127339303493,-0.05013317987322807,2.464158296585083,0.0,0.0,0.0,0,0
1786431202.6372788,4.771073310000247,APPROACH,FLOW,/home/eunseop/nrs_imitation/checkpoints/flow/polishing/single_cam/20260809_1638,477.2828369140625,343.5179748535156,261.597900390625,0.0032633524388074875,-0.04927479103207588,2.4518656730651855,3.147728204727173,-0.5322911739349365,0.12533023953437805,478.57513427734375,341.5779724121094,262.6865539550781,0.0034679120872169733,-0.05022817477583885,2.4658517837524414,0.0,0.0,0.0,0,0
1786431202.645217,4.779011681000156,APPROACH,FLOW,/home/eunseop/nrs_imitation/checkpoints/flow/polishing/single_cam/20260809_1638,477.4193420410156,343.37713623046875,261.8113708496094,0.003174710553139448,-0.04930269345641136,2.4542510509490967,4.619069576263428,-1.547451138496399,-2.1312949657440186,478.68975830078125,341.4711608886719,262.8224792480469,0.003474694909527898,-0.050322938710451126,2.467540979385376,0.0,0.0,0.0,0,0
1786431202.653248,4.787042558000394,APPROACH,FLOW,/home/eunseop/nrs_imitation/checkpoints/flow/polishing/single_cam/20260809_1638,477.57440185546875,343.2926330566406,262.013671875,0.003173923585563898,-0.04942125454545021,2.4563851356506348,4.267735958099365,0.5147892832756042,-2.6704931259155273,478.804443359375,341.3643798828125,262.95843505859375,0.0034814781975001097,-0.050417710095644,2.4692304134368896,0.0,0.0,0.0,0,0
1786431202.6612694,4.795064347999869,APPROACH,FLOW,/home/eunseop/nrs_imitation/checkpoints/flow/polishing/single_cam/20260809_1638,477.7654113769531,343.1387634277344,262.1519775390625,0.003228314919397235,-0.04947330430150032,2.458209276199341,3.102928400039673,2.0296242237091064,-1.4715754985809326,478.9185791015625,341.258056640625,263.09375,0.003488230984658003,-0.050512053072452545,2.470912218093872,0.0,0.0,0.0,0,0
1786431202.6692667,4.8030612410002504,APPROACH,FLOW,/home/eunseop/nrs_imitation/checkpoints/flow/polishing/single_cam/20260809_1638,477.9309387207031,342.986328125,262.35467529296875,0.003190767951309681,-0.04961978644132614,2.459838628768921,-0.733108639717102,3.0100462436676025,1.225486159324646,479.03253173828125,341.15191650390625,263.2288513183594,0.0034949725959450006,-0.05060623958706856,2.472590923309326,0.0,0.0,0.0,0,0
1786431202.6794112,4.813205897000444,APPROACH,FLOW,/home/eunseop/nrs_imitation/checkpoints/flow/polishing/single_cam/20260809_1638,478.0861511230469,342.7977600097656,262.45611572265625,0.0033210990950465202,-0.049683310091495514,2.4609081745147705,-3.0081987380981445,4.168589115142822,2.8865156173706055,479.17633056640625,341.0179443359375,263.39935302734375,0.003503480926156044,-0.05072511360049248,2.474709987640381,0.0,0.0,0.0,0,0
1786431202.6852531,4.819047672000124,APPROACH,FLOW,/home/eunseop/nrs_imitation/checkpoints/flow/polishing/single_cam/20260809_1638,478.2160339355469,342.65704345703125,262.6095275878906,0.0033362212125211954,-0.04987781122326851,2.4615912437438965,-3.5463600158691406,4.743183135986328,4.32903528213501,479.25970458984375,340.9403381347656,263.4981689453125,0.0035084118135273457,-0.050794005393981934,2.475938081741333,0.0,0.0,0.0,0,0
1786431202.6933546,4.827149286000349,APPROACH,FLOW,/home/eunseop/nrs_imitation/checkpoints/flow/polishing/single_cam/20260809_1638,478.3320007324219,342.5714111328125,262.7323913574219,0.0032660753931850195,-0.05006545037031174,2.4619979858398438,-2.2831244468688965,2.380866050720215,4.0381879806518555,479.3734130859375,340.8343811035156,263.6330261230469,0.0035151406191289425,-0.05088801309466362,2.477613687515259,0.0,0.0,0.0,0,0
1786431202.7012553,4.835050054000021,APPROACH,FLOW,/home/eunseop/nrs_imitation/checkpoints/flow/polishing/single_cam/20260809_1638,478.4173583984375,342.5257568359375,262.86822509765625,0.003193848766386509,-0.050233155488967896,2.4622485637664795,2.1132311820983887,1.8130921125411987,1.1319419145584106,479.48590087890625,340.7296142578125,263.7663879394531,0.0035217953845858574,-0.05098098888993263,2.479271173477173,0.0,0.0,0.0,0,0
1786431202.70922,4.843014453000251,APPROACH,FLOW,/home/eunseop/nrs_imitation/checkpoints/flow/polishing/single_cam/20260809_1638,478.4769592285156,342.4638671875,262.9847106933594,0.003214469878003001,-0.0502205491065979,2.4626924991607666,1.7108746767044067,0.878998875617981,-0.9996542930603027,479.5985107421875,340.6247253417969,263.89990234375,0.0035284569021314383,-0.051074057817459106,2.4809300899505615,0.0,0.0,0.0,0,0
1786431202.7172446,4.851039310000488,APPROACH,FLOW,/home/eunseop/nrs_imitation/checkpoints/flow/polishing/single_cam/20260809_1638,478.5013427734375,342.4196472167969,263.12152099609375,0.0033449544571340084,-0.05010873079299927,2.463618040084839,2.4506211280822754,-0.6265994310379028,-0.9505374431610107,479.71099853515625,340.51995849609375,264.0332336425781,0.003535110503435135,-0.051167018711566925,2.4825873374938965,0.0,0.0,0.0,0,0
1786431202.725228,4.859022616000402,APPROACH,FLOW,/home/eunseop/nrs_imitation/checkpoints/flow/polishing/single_cam/20260809_1638,478.62603759765625,342.2834167480469,263.215087890625,0.0032742065377533436,-0.05000288039445877,2.4650330543518066,2.780322313308716,1.4189014434814453,-1.2990623712539673,479.8231506347656,340.41546630859375,264.1662292480469,0.003541746875271201,-0.051259733736515045,2.4842400550842285,0.0,0.0,0.0,0,0
1786431202.7332444,4.86703908599975,APPROACH,FLOW,/home/eunseop/nrs_imitation/checkpoints/flow/polishing/single_cam/20260809_1638,478.71844482421875,342.2005310058594,263.33905029296875,0.003392183454707265,-0.05006738752126694,2.4672164916992188,2.367389678955078,2.7516095638275146,-0.907692551612854,479.9351501464844,340.3111877441406,264.29901123046875,0.003548371372744441,-0.05135228857398033,2.4858899116516113,0.0,0.0,0.0,0,0
1786431202.741223,4.875017714000023,APPROACH,FLOW,/home/eunseop/nrs_imitation/checkpoints/flow/polishing/single_cam/20260809_1638,478.8736877441406,342.0697021484375,263.46856689453125,0.0033906118478626013,-0.05018699914216995,2.469998359680176,-2.700305223464966,4.840940475463867,2.547820568084717,480.0467834472656,340.2072448730469,264.43133544921875,0.0035549744497984648,-0.051444537937641144,2.487534284591675,0.0,0.0,0.0,0,0
1786431202.7492247,4.883019195000088,APPROACH,FLOW,/home/eunseop/nrs_imitation/checkpoints/flow/polishing/single_cam/20260809_1638,479.0138244628906,341.897705078125,263.5848083496094,0.0034367376938462257,-0.05034487694501877,2.4729361534118652,-3.791353702545166,5.127409934997559,3.993196487426758,480.1581726074219,340.10345458984375,264.56341552734375,0.0035615654196590185,-0.051536619663238525,2.489175796508789,0.0,0.0,0.0,0,0
1786431202.7573476,4.891142360000231,APPROACH,FLOW,/home/eunseop/nrs_imitation/checkpoints/flow/polishing/single_cam/20260809_1638,479.1505126953125,341.7254638671875,263.6667175292969,0.0033950982615351677,-0.050521012395620346,2.475836992263794,-3.407114028930664,4.891702651977539,3.58307147026062,480.26959228515625,339.99969482421875,264.69549560546875,0.003568155923858285,-0.05162870138883591,2.4908173084259033,0.0,0.0,0.0,0,0
1786431202.7652473,4.8990417850000085,APPROACH,FLOW,/home/eunseop/nrs_imitation/checkpoints/flow/polishing/single_cam/20260809_1638,479.2958984375,341.6127624511719,263.8056640625,0.0033173682168126106,-0.0507265105843544,2.478485345840454,0.2083568572998047,3.3947229385375977,0.9044396281242371,480.3800048828125,339.89678955078125,264.826416015625,0.0035746898502111435,-0.05171998590230942,2.4924445152282715,0.0,0.0,0.0,0,0
1786431202.7732365,4.907031053000537,APPROACH,FLOW,/home/eunseop/nrs_imitation/checkpoints/flow/polishing/single_cam/20260809_1638,479.4043273925781,341.50177001953125,263.9851989746094,0.003355586901307106,-0.050902724266052246,2.4808595180511475,0.02600981295108795,1.3689264059066772,-0.07331504672765732,480.4906005859375,339.7937927246094,264.9575500488281,0.0035812323912978172,-0.05181139335036278,2.4940736293792725,0.0,0.0,0.0,0,0
1786431202.7812142,4.915008799000134,APPROACH,FLOW,/home/eunseop/nrs_imitation/checkpoints/flow/polishing/single_cam/20260809_1638,479.5356140136719,341.3352966308594,264.11328125,0.0034746183082461357,-0.05081915855407715,2.482912302017212,0.51865553855896,0.6912714838981628,-0.41496554017066956,480.60089111328125,339.69110107421875,265.0882873535156,0.0035877565387636423,-0.051902543753385544,2.4956986904144287,0.0,0.0,0.0,0,0
1786431202.7892294,4.923023856000327,APPROACH,FLOW,/home/eunseop/nrs_imitation/checkpoints/flow/polishing/single_cam/20260809_1638,479.748046875,341.1495666503906,264.291748046875,0.0034120692871510983,-0.05091526731848717,2.48469877243042,3.911261796951294,1.4674118757247925,-2.2987635135650635,480.7109069824219,339.5885925292969,265.21875,0.0035942671820521355,-0.05199350416660309,2.4973199367523193,0.0,0.0,0.0,0,0
1786431202.7972083,4.9310029750004105,APPROACH,FLOW,/home/eunseop/nrs_imitation/checkpoints/flow/polishing/single_cam/20260809_1638,479.9176940917969,340.9208984375,264.39361572265625,0.003461057087406516,-0.05089849978685379,2.48628306388855,3.1369974613189697,1.2091898918151855,-1.7786086797714233,480.82061767578125,339.4864501953125,265.3487854003906,0.003600754775106907,-0.052084147930145264,2.4989356994628906,0.0,0.0,0.0,0,0
1786431202.8051987,4.938993145000495,APPROACH,FLOW,/home/eunseop/nrs_imitation/checkpoints/flow/polishing/single_cam/20260809_1638,480.0455017089844,340.761962890625,264.5526123046875,0.003472926327958703,-0.050961971282958984,2.487758159637451,2.1593759059906006,0.039775554090738297,0.5836313366889954,480.9300537109375,339.3844909667969,265.4785461425781,0.0036072300281375647,-0.05217461287975311,2.5005483627319336,0.0,0.0,0.0,0,0
1786431202.8135705,4.947365117000118,APPROACH,FLOW,/home/eunseop/nrs_imitation/checkpoints/flow/polishing/single_cam/20260809_1638,480.0455017089844,340.761962890625,264.5526123046875,0.003472926327958703,-0.050961971282958984,2.487758159637451,2.1593759059906006,0.039775554090738297,0.5836313366889954,481.04425048828125,339.27813720703125,265.61395263671875,0.0036139858420938253,-0.05226900056004524,2.5022308826446533,0.0,0.0,0.0,0,0
1786431202.8212004,4.954995025000244,APPROACH,FLOW,/home/eunseop/nrs_imitation/checkpoints/flow/polishing/single_cam/20260809_1638,480.2254638671875,340.6723327636719,264.8905944824219,0.0033675527665764093,-0.051399115473032,2.4897704124450684,-0.3815377950668335,2.763049364089966,3.520514965057373,481.148193359375,339.18133544921875,265.7371520996094,0.0036201344337314367,-0.052354905754327774,2.5037620067596436,0.0,0.0,0.0,0,0
1786431202.8291912,4.962985866000054,APPROACH,FLOW,/home/eunseop/nrs_imitation/checkpoints/flow/polishing/single_cam/20260809_1638,480.2631530761719,340.7518005371094,265.0104064941406,0.0033912300132215023,-0.051621582359075546,2.4902491569519043,-0.7948906421661377,2.5491416454315186,3.0860238075256348,481.2569580078125,339.08001708984375,265.8660888671875,0.0036265680100768805,-0.052444785833358765,2.505364418029785,0.0,0.0,0.0,0,0
1786431202.8371964,4.970990784000605,APPROACH,FLOW,/home/eunseop/nrs_imitation/checkpoints/flow/polishing/single_cam/20260809_1638,480.2981262207031,340.76434326171875,265.101806640625,0.0034014806151390076,-0.051701996475458145,2.4906084537506104,0.22869357466697693,3.5246591567993164,1.3178696632385254,481.36517333984375,338.9792175292969,265.99444580078125,0.0036329717840999365,-0.05253425985574722,2.5069591999053955,0.0,0.0,0.0,0,0
1786431202.8451788,4.978973449000478,APPROACH,FLOW,/home/eunseop/nrs_imitation/checkpoints/flow/polishing/single_cam/20260809_1638,480.3128967285156,340.7129211425781,265.1704406738281,0.003571591340005398,-0.0516108013689518,2.4909942150115967,-1.5826451778411865,3.700762987136841,1.2118136882781982,481.47314453125,338.87860107421875,266.1224365234375,0.0036393608897924423,-0.05262352153658867,2.5085504055023193,0.0,0.0,0.0,0,0
1786431202.8532557,4.987050194999938,APPROACH,FLOW,/home/eunseop/nrs_imitation/checkpoints/flow/polishing/single_cam/20260809_1638,480.3915710449219,340.6138916015625,265.3199462890625,0.0036830133758485317,-0.05159291252493858,2.4917755126953125,-1.5886069536209106,2.65230655670166,-0.249181866645813,481.5815734863281,338.77764892578125,266.2509765625,0.0036457725800573826,-0.052713099867105484,2.5101470947265625,0.0,0.0,0.0,0,0
1786431202.8612018,4.994996209000419,APPROACH,FLOW,/home/eunseop/nrs_imitation/checkpoints/flow/polishing/single_cam/20260809_1638,480.572021484375,340.42694091796875,265.4605712890625,0.0036604716442525387,-0.05152491107583046,2.4930593967437744,-0.11448489874601364,3.546225070953369,-0.4041196405887604,481.68841552734375,338.6781311035156,266.3776550292969,0.003652093932032585,-0.05280141532421112,2.511721611022949,0.0,0.0,0.0,0,0
1786431202.8691971,5.002991569000187,APPROACH,FLOW,/home/eunseop/nrs_imitation/checkpoints/flow/polishing/single_cam/20260809_1638,480.7386779785156,340.2354736328125,265.5295715332031,0.0038195063825696707,-0.05155681446194649,2.494920492172241,-0.07875724136829376,4.79628849029541,0.05008045211434364,481.79559326171875,338.57830810546875,266.50469970703125,0.0036584343761205673,-0.052889999002218246,2.5133004188537598,0.0,0.0,0.0,0,0
1786431202.8772097,5.011004302000401,APPROACH,FLOW,/home/eunseop/nrs_imitation/checkpoints/flow/polishing/single_cam/20260809_1638,480.9360656738281,340.07366943359375,265.7044372558594,0.0037142960354685783,-0.05173696577548981,2.49731707572937,1.0245535373687744,2.519601345062256,1.3762872219085693,481.9024963378906,338.47869873046875,266.6314697265625,0.003664759686216712,-0.05297837033867836,2.514875888824463,0.0,0.0,0.0,0,0
1786431202.8851967,5.018991466000443,APPROACH,FLOW,/home/eunseop/nrs_imitation/checkpoints/flow/polishing/single_cam/20260809_1638,481.1028137207031,339.9225158691406,265.87213134765625,0.003599011106416583,-0.052031345665454865,2.4997854232788086,1.9951428174972534,1.5025798082351685,1.573425054550171,482.00909423828125,338.3794250488281,266.7578430175781,0.003671065904200077,-0.05306648090481758,2.516446352005005,0.0,0.0,0.0,0,0
1786431202.8932214,5.027016112000638,APPROACH,FLOW,/home/eunseop/nrs_imitation/checkpoints/flow/polishing/single_cam/20260809_1638,481.2386779785156,339.83203125,266.03240966796875,0.003378224791958928,-0.05227819085121155,2.502084493637085,2.817544937133789,0.26930660009384155,1.426559329032898,482.115478515625,338.2803649902344,266.88397216796875,0.0036773590836673975,-0.05315440148115158,2.5180137157440186,0.0,0.0,0.0,0,0
1786431202.9012341,5.035028774999773,APPROACH,FLOW,/home/eunseop/nrs_imitation/checkpoints/flow/polishing/single_cam/20260809_1638,481.29266357421875,339.7954406738281,266.1363220214844,0.0033007427118718624,-0.05243837833404541,2.5042285919189453,3.6448748111724854,0.11837305128574371,-0.5194004774093628,482.22174072265625,338.18133544921875,267.00994873046875,0.0036836457438766956,-0.05324223265051842,2.5195791721343994,0.0,0.0,0.0,0,0
1786431202.909207,5.0430016509999405,APPROACH,FLOW,/home/eunseop/nrs_imitation/checkpoints/flow/polishing/single_cam/20260809_1638,481.31243896484375,339.7638854980469,266.2641296386719,0.00339018227532506,-0.05243850126862526,2.5061962604522705,0.30916258692741394,-0.30804020166397095,0.225647434592247,482.3271484375,338.08319091796875,267.13494873046875,0.0036898821126669645,-0.05332936346530914,2.521132469177246,0.0,0.0,0.0,0,0
1786431202.9172199,5.051014333000239,APPROACH,FLOW,/home/eunseop/nrs_imitation/checkpoints/flow/polishing/single_cam/20260809_1638,481.3525695800781,339.7654724121094,266.4490966796875,0.003465539077296853,-0.05250700190663338,2.508391857147217,-1.9166743755340576,1.5995322465896606,1.36769700050354,482.4327392578125,337.9848937988281,267.26007080078125,0.003696125466376543,-0.05341658741235733,2.5226874351501465,0.0,0.0,0.0,0,0
1786431202.925188,5.058982731000469,APPROACH,FLOW,/home/eunseop/nrs_imitation/checkpoints/flow/polishing/single_cam/20260809_1638,481.45037841796875,339.7225036621094,266.5877990722656,0.0036205460783094168,-0.05261021479964256,2.5105748176574707,-2.4976139068603516,4.7530741691589355,-0.3907017111778259,482.5376892089844,337.8871154785156,267.384521484375,0.0037023366894572973,-0.0535033643245697,2.5242340564727783,0.0,0.0,0.0,0,0
1786431202.9332185,5.067013148000115,APPROACH,FLOW,/home/eunseop/nrs_imitation/checkpoints/flow/polishing/single_cam/20260809_1638,481.5588684082031,339.6581115722656,266.7213439941406,0.003767692018300295,-0.05277761071920395,2.5126383304595947,-2.8315839767456055,6.697693347930908,1.659233808517456,482.64263916015625,337.7893371582031,267.50897216796875,0.0037085453514009714,-0.053590111434459686,2.525780439376831,0.0,0.0,0.0,0,0
1786431202.9412408,5.075035530000605,APPROACH,FLOW,/home/eunseop/nrs_imitation/checkpoints/flow/polishing/single_cam/20260809_1638,481.68951416015625,339.50494384765625,266.8777770996094,0.0039275032468140125,-0.05286315083503723,2.5144870281219482,-3.8399124145507812,5.142669677734375,2.57659649848938,482.747314453125,337.69183349609375,267.6330871582031,0.0037147384136915207,-0.05367663502693176,2.527323007583618,0.0,0.0,0.0,0,0
1786431202.949236,5.083030659000542,APPROACH,FLOW,/home/eunseop/nrs_imitation/checkpoints/flow/polishing/single_cam/20260809_1638,481.8683166503906,339.29827880859375,267.0706481933594,0.0039025056175887585,-0.05302904546260834,2.516261577606201,-1.3168717622756958,2.461853504180908,1.6816293001174927,482.85150146484375,337.59478759765625,267.756591796875,0.0037209021393209696,-0.05376274883747101,2.528857946395874,0.0,0.0,0.0,0,0
1786431202.9572084,5.091002814000603,APPROACH,FLOW,/home/eunseop/nrs_imitation/checkpoints/flow/polishing/single_cam/20260809_1638,482.052978515625,339.1343688964844,267.2629699707031,0.0037991234567016363,-0.05319390073418617,2.517890691757202,0.8052341341972351,2.170578956604004,0.8723241686820984,482.9551696777344,337.49822998046875,267.8794860839844,0.0037270341999828815,-0.053848423063755035,2.5303850173950195,0.0,0.0,0.0,0,0
1786431202.965251,5.099045584000123,APPROACH,FLOW,/home/eunseop/nrs_imitation/checkpoints/flow/polishing/single_cam/20260809_1638,482.24267578125,339.04290771484375,267.43017578125,0.003704322502017021,-0.053476959466934204,2.5194003582000732,1.6732056140899658,1.4358837604522705,1.6301370859146118,483.0590515136719,337.4014892578125,268.00262451171875,0.003733179299160838,-0.05393427982926369,2.5319154262542725,0.0,0.0,0.0,0,0
1786431202.973275,5.1070696389997465,APPROACH,FLOW,/home/eunseop/nrs_imitation/checkpoints/flow/polishing/single_cam/20260809_1638,482.41168212890625,338.93585205078125,267.608642578125,0.0035142037086188793,-0.053727056831121445,2.5205130577087402,4.902441501617432,0.2347305566072464,0.872558057308197,483.1623229980469,337.3052673339844,268.1250915527344,0.0037392897065728903,-0.05401964485645294,2.5334372520446777,0.0,0.0,0.0,0,0
1786431202.9812179,5.115012326999931,APPROACH,FLOW,/home/eunseop/nrs_imitation/checkpoints/flow/polishing/single_cam/20260809_1638,482.5305480957031,338.8352355957031,267.6861877441406,0.003386987606063485,-0.05380367860198021,2.5212676525115967,5.874032020568848,-0.6934016346931458,0.6266960501670837,483.26507568359375,337.2095947265625,268.2469482421875,0.00374536938033998,-0.05410458520054817,2.5349512100219727,0.0,0.0,0.0,0,0
1786431202.9892266,5.123021162999976,APPROACH,FLOW,/home/eunseop/nrs_imitation/checkpoints/flow/polishing/single_cam/20260809_1638,482.5693054199219,338.7430725097656,267.6787109375,0.0034033884294331074,-0.05372196435928345,2.5216643810272217,5.240321636199951,-0.026136884465813637,0.6948724389076233,483.3677673339844,337.11395263671875,268.36865234375,0.0037514434661716223,-0.054189447313547134,2.536463975906372,0.0,0.0,0.0,0,0
1786431202.9971855,5.130980042999909,APPROACH,FLOW,/home/eunseop/nrs_imitation/checkpoints/flow/polishing/single_cam/20260809_1638,482.50775146484375,338.7104187011719,267.7064514160156,0.003509094240143895,-0.05360571667551994,2.5221691131591797,0.7269918322563171,0.2374737709760666,0.5285195708274841,483.47003173828125,337.0186767578125,268.48992919921875,0.0037574940361082554,-0.05427398532629013,2.537971019744873,0.0,0.0,0.0,0,0
1786431203.005181,5.1389757930001,APPROACH,FLOW,/home/eunseop/nrs_imitation/checkpoints/flow/polishing/single_cam/20260809_1638,482.4621887207031,338.6763610839844,267.7501525878906,0.003746687900274992,-0.053443409502506256,2.522747755050659,-3.93646502494812,2.475517749786377,-0.03507151082158089,483.57208251953125,336.9236145019531,268.61090087890625,0.003763530869036913,-0.05435832589864731,2.5394744873046875,0.0,0.0,0.0,0,0
1786431203.0132565,5.147051236000152,APPROACH,FLOW,/home/eunseop/nrs_imitation/checkpoints/flow/polishing/single_cam/20260809_1638,482.4363708496094,338.58184814453125,267.74786376953125,0.004131630063056946,-0.053180303424596786,2.523580551147461,-7.007305145263672,5.023374557495117,0.7907290458679199,483.674072265625,336.82861328125,268.7317810058594,0.0037695635110139847,-0.05444260686635971,2.5409767627716064,0.0,0.0,0.0,0,0
1786431203.0217822,5.15557690300011,APPROACH,FLOW,/home/eunseop/nrs_imitation/checkpoints/flow/polishing/single_cam/20260809_1638,482.4363708496094,338.58184814453125,267.74786376953125,0.004131630063056946,-0.053180303424596786,2.523580551147461,-7.007305145263672,5.023374557495117,0.7907290458679199,483.7825927734375,336.7275390625,268.8605041503906,0.0037759854458272457,-0.054532330483198166,2.5425760746002197,0.0,0.0,0.0,0,0
1786431203.0293405,5.163135183000122,APPROACH,FLOW,/home/eunseop/nrs_imitation/checkpoints/flow/polishing/single_cam/20260809_1638,482.68145751953125,338.4469299316406,268.02301025390625,0.004382457584142685,-0.05344006046652794,2.5271193981170654,-4.301703453063965,5.874833106994629,1.8082756996154785,483.876708984375,336.639892578125,268.9720764160156,0.0037815533578395844,-0.05461011826992035,2.5439627170562744,0.0,0.0,0.0,0,0
1786431203.037375,5.171169678000297,APPROACH,FLOW,/home/eunseop/nrs_imitation/checkpoints/flow/polishing/single_cam/20260809_1638,482.9379577636719,338.28741455078125,268.23406982421875,0.004182804375886917,-0.05375640094280243,2.5293593406677246,0.08752274513244629,4.354042053222656,1.440726399421692,483.9778747558594,336.5456848144531,269.0920104980469,0.0037875373382121325,-0.05469372496008873,2.5454530715942383,0.0,0.0,0.0,0,0
1786431203.0453284,5.179123056999742,APPROACH,FLOW,/home/eunseop/nrs_imitation/checkpoints/flow/polishing/single_cam/20260809_1638,483.1814270019531,338.1197814941406,268.4307861328125,0.003837666939944029,-0.054013051092624664,2.531693696975708,3.7129552364349365,0.9406020045280457,1.2249464988708496,484.0782775878906,336.4521484375,269.2110290527344,0.0037934770807623863,-0.05477670952677727,2.5469324588775635,0.0,0.0,0.0,0,0
1786431203.0533776,5.187172398999792,APPROACH,FLOW,/home/eunseop/nrs_imitation/checkpoints/flow/polishing/single_cam/20260809_1638,483.3918151855469,337.9997253417969,268.5969543457031,0.0035325807984918356,-0.05432501807808876,2.5335967540740967,5.688793659210205,-0.9144566655158997,1.7397469282150269,484.178466796875,336.3588562011719,269.3298034667969,0.0037994030863046646,-0.054859500378370285,2.548408269882202,0.0,0.0,0.0,0,0
1786431203.0613344,5.19512913500057,APPROACH,FLOW,/home/eunseop/nrs_imitation/checkpoints/flow/polishing/single_cam/20260809_1638,483.465576171875,337.9085693359375,268.7565002441406,0.0033521384466439486,-0.0544888973236084,2.5353453159332275,6.969893455505371,-1.2093547582626343,-2.099393367767334,484.27825927734375,336.26593017578125,269.4480895996094,0.0038053065072745085,-0.05494197830557823,2.5498785972595215,0.0,0.0,0.0,0,0
1786431203.069342,5.203136607000488,APPROACH,FLOW,/home/eunseop/nrs_imitation/checkpoints/flow/polishing/single_cam/20260809_1638,483.5424499511719,337.85357666015625,268.8304748535156,0.003365944605320692,-0.05447429418563843,2.5369884967803955,3.6879770755767822,-1.2124512195587158,-2.6333179473876953,484.3776550292969,336.1733093261719,269.56597900390625,0.003811188042163849,-0.055024154484272,2.5513434410095215,0.0,0.0,0.0,0,0
1786431203.0773485,5.211143178000384,APPROACH,FLOW,/home/eunseop/nrs_imitation/checkpoints/flow/polishing/single_cam/20260809_1638,483.5562438964844,337.82757568359375,268.9923400878906,0.0035024031531065702,-0.05449449643492699,2.5388126373291016,-1.167354941368103,0.6617794036865234,0.3956865072250366,484.47686767578125,336.0809020996094,269.68359375,0.0038170567713677883,-0.05510614812374115,2.552804946899414,0.0,0.0,0.0,0,0
1786431203.0852263,5.219020831999842,APPROACH,FLOW,/home/eunseop/nrs_imitation/checkpoints/flow/polishing/single_cam/20260809_1638,483.5997619628906,337.78106689453125,269.1309509277344,0.003649526508525014,-0.05451175570487976,2.5408523082733154,-1.8922053575515747,4.832000255584717,0.5538629293441772,484.5751037597656,335.9893798828125,269.800048828125,0.003822868689894676,-0.055187348276376724,2.5542521476745605,0.0,0.0,0.0,0,0
1786431203.0933144,5.227109109000594,APPROACH,FLOW,/home/eunseop/nrs_imitation/checkpoints/flow/polishing/single_cam/20260809_1638,483.6971435546875,337.6864318847656,269.2342224121094,0.0038064164109528065,-0.05456952378153801,2.5429160594940186,-3.377990961074829,6.413290977478027,1.994040608406067,484.6737060546875,335.8975524902344,269.9169616699219,0.0038287017960101366,-0.05526884272694588,2.5557048320770264,0.0,0.0,0.0,0,0
1786431203.1012802,5.235074992000591,APPROACH,FLOW,/home/eunseop/nrs_imitation/checkpoints/flow/polishing/single_cam/20260809_1638,483.7803649902344,337.5978698730469,269.3890075683594,0.0038976743817329407,-0.05463254451751709,2.544872283935547,-4.682401180267334,5.423025608062744,3.2834973335266113,484.77178955078125,335.8061828613281,270.03326416015625,0.0038345055654644966,-0.0553499273955822,2.557150363922119,0.0,0.0,0.0,0,0
1786431203.1093218,5.2431164999998146,APPROACH,FLOW,/home/eunseop/nrs_imitation/checkpoints/flow/polishing/single_cam/20260809_1638,483.9207763671875,337.4827880859375,269.5555725097656,0.0038584719877690077,-0.054855115711688995,2.546370267868042,-3.77518892288208,3.758065938949585,4.178986549377441,484.87005615234375,335.71466064453125,270.14971923828125,0.003840317716822028,-0.05543112754821777,2.5585978031158447,0.0,0.0,0.0,0,0
1786431203.1173706,5.251165411999864,APPROACH,FLOW,/home/eunseop/nrs_imitation/checkpoints/flow/polishing/single_cam/20260809_1638,484.0704345703125,337.38250732421875,269.71771240234375,0.003622662276029587,-0.05508611723780632,2.5474112033843994,-0.6174530386924744,3.197078227996826,2.8365273475646973,484.96759033203125,335.6238708496094,270.2653503417969,0.003846085863187909,-0.0555117204785347,2.5600345134735107,0.0,0.0,0.0,0,0
1786431203.1252267,5.259021394000229,APPROACH,FLOW,/home/eunseop/nrs_imitation/checkpoints/flow/polishing/single_cam/20260809_1638,484.2073974609375,337.2952880859375,269.8367614746094,0.003442324697971344,-0.05525461211800575,2.547912120819092,2.9464662075042725,0.3787970542907715,2.3183209896087646,485.0642395019531,335.5337829589844,270.3799743652344,0.0038518058136105537,-0.055591631680727005,2.5614588260650635,0.0,0.0,0.0,0,0
1786431203.133217,5.267011674000059,APPROACH,FLOW,/home/eunseop/nrs_imitation/checkpoints/flow/polishing/single_cam/20260809_1638,484.33685302734375,337.15191650390625,269.9132995605469,0.0033235091250389814,-0.05520176142454147,2.5481514930725098,5.664711952209473,-0.4788745641708374,-0.5609669089317322,485.1610412597656,335.4436340332031,270.4947204589844,0.0038575318176299334,-0.055671632289886475,2.56288480758667,0.0,0.0,0.0,0,0
1786431203.1412175,5.275012042000526,APPROACH,FLOW,/home/eunseop/nrs_imitation/checkpoints/flow/polishing/single_cam/20260809_1638,484.39898681640625,337.0155944824219,269.9422912597656,0.0034241375979036093,-0.05503586679697037,2.548490047454834,5.318480014801025,-0.6567471027374268,-3.18330454826355,485.25750732421875,335.3537902832031,270.6091003417969,0.003863238962367177,-0.055751364678144455,2.5643062591552734,0.0,0.0,0.0,0,0
1786431203.1492162,5.283010787999956,APPROACH,FLOW,/home/eunseop/nrs_imitation/checkpoints/flow/polishing/single_cam/20260809_1638,484.45428466796875,336.86822509765625,269.9921875,0.00357264862395823,-0.054778046905994415,2.549224615097046,2.3142335414886475,0.7697206139564514,-2.074171543121338,485.3536376953125,335.2642517089844,270.7230529785156,0.003868925152346492,-0.055830810219049454,2.5657224655151367,0.0,0.0,0.0,0,0
1786431203.1581001,5.291894793999745,APPROACH,FLOW,/home/eunseop/nrs_imitation/checkpoints/flow/polishing/single_cam/20260809_1638,484.45428466796875,336.86822509765625,269.9921875,0.00357264862395823,-0.054778046905994415,2.549224615097046,2.3142335414886475,0.7697206139564514,-2.074171543121338,485.4598388671875,335.1653137207031,270.8489990234375,0.0038752099499106407,-0.0559186153113842,2.5672876834869385,0.0,0.0,0.0,0,0
1786431203.1652248,5.299019371999748,APPROACH,FLOW,/home/eunseop/nrs_imitation/checkpoints/flow/polishing/single_cam/20260809_1638,484.66650390625,336.6108703613281,270.1492919921875,0.003921995405107737,-0.05475872755050659,2.552562713623047,-2.636502504348755,5.75129508972168,0.8893790245056152,485.5448913574219,335.08612060546875,270.9497985839844,0.003880240023136139,-0.05598888918757439,2.568540334701538,0.0,0.0,0.0,0,0
1786431203.1732202,5.307014721000087,APPROACH,FLOW,/home/eunseop/nrs_imitation/checkpoints/flow/polishing/single_cam/20260809_1638,484.75518798828125,336.511962890625,270.2625732421875,0.003966071177273989,-0.054989978671073914,2.5549724102020264,-3.9405429363250732,5.2078704833984375,3.1053433418273926,485.63995361328125,334.9975891113281,271.0625,0.0038858638145029545,-0.056067463010549545,2.5699408054351807,0.0,0.0,0.0,0,0
1786431203.1812046,5.31499907899979,APPROACH,FLOW,/home/eunseop/nrs_imitation/checkpoints/flow/polishing/single_cam/20260809_1638,484.8621826171875,336.44378662109375,270.4172058105469,0.003945124801248312,-0.05525920167565346,2.557286024093628,-2.710613250732422,3.184256076812744,3.1462504863739014,485.73443603515625,334.9095458984375,271.174560546875,0.0038914543110877275,-0.0561455674469471,2.571333169937134,0.0,0.0,0.0,0,0
1786431203.1892297,5.323024465999879,APPROACH,FLOW,/home/eunseop/nrs_imitation/checkpoints/flow/polishing/single_cam/20260809_1638,484.977783203125,336.3773193359375,270.560302734375,0.003653020830824971,-0.05541924387216568,2.559332847595215,-0.3141988217830658,1.3073080778121948,3.203718900680542,485.8291015625,334.8214111328125,271.2867431640625,0.0038970536552369595,-0.0562237985432148,2.572727680206299,0.0,0.0,0.0,0,0
1786431203.1972213,5.3310159880002175,APPROACH,FLOW,/home/eunseop/nrs_imitation/checkpoints/flow/polishing/single_cam/20260809_1638,485.059326171875,336.3553161621094,270.7076416015625,0.0035237877164036036,-0.05565889924764633,2.5610930919647217,3.394697666168213,1.446371078491211,0.8425499796867371,485.92315673828125,334.7337951660156,271.3982849121094,0.0039026187732815742,-0.0563015453517437,2.574113607406616,0.0,0.0,0.0,0,0
1786431203.2052205,5.339014994000536,APPROACH,FLOW,/home/eunseop/nrs_imitation/checkpoints/flow/polishing/single_cam/20260809_1638,485.1274108886719,336.3292236328125,270.861083984375,0.003512956900522113,-0.05575281381607056,2.5626401901245117,1.9950569868087769,0.11466624587774277,0.15971560776233673,486.016845703125,334.6465148925781,271.50933837890625,0.003908161073923111,-0.056378982961177826,2.5754940509796143,0.0,0.0,0.0,0,0
1786431203.213219,5.347013380000135,APPROACH,FLOW,/home/eunseop/nrs_imitation/checkpoints/flow/polishing/single_cam/20260809_1638,485.2329406738281,336.21917724609375,271.00677490234375,0.0034872344695031643,-0.05574141442775726,2.5642592906951904,1.423783302307129,0.16267211735248566,-0.3684209883213043,486.11016845703125,334.5596008300781,271.6199951171875,0.003913682419806719,-0.05645612254738808,2.576869010925293,0.0,0.0,0.0,0,0
1786431203.2212186,5.355013217000305,APPROACH,FLOW,/home/eunseop/nrs_imitation/checkpoints/flow/polishing/single_cam/20260809_1638,485.3701171875,336.0997314453125,271.1317138671875,0.0035336120054125786,-0.055748824030160904,2.5659868717193604,1.8242835998535156,1.6008442640304565,-0.7767570614814758,486.203125,334.4729919433594,271.730224609375,0.003919182810932398,-0.05653296783566475,2.5782389640808105,0.0,0.0,0.0,0,0
1786431203.2292364,5.363031159999991,APPROACH,FLOW,/home/eunseop/nrs_imitation/checkpoints/flow/polishing/single_cam/20260809_1638,485.4729919433594,336.019775390625,271.2467346191406,0.003691940102726221,-0.0558590404689312,2.567786931991577,0.26308634877204895,4.585031986236572,0.4399110972881317,486.2957763671875,334.3866882324219,271.840087890625,0.003924664109945297,-0.05660954862833023,2.579603910446167,0.0,0.0,0.0,0,0
1786431203.2372277,5.37102244200014,APPROACH,FLOW,/home/eunseop/nrs_imitation/checkpoints/flow/polishing/single_cam/20260809_1638,485.5567321777344,335.9091491699219,271.3269348144531,0.0038497578352689743,-0.05594508722424507,2.5692994594573975,-2.568209409713745,3.471025228500366,1.4636263847351074,486.3880615234375,334.3007507324219,271.9494934082031,0.0039301225915551186,-0.05668581277132034,2.580963373184204,0.0,0.0,0.0,0,0
1786431203.2468076,5.380602072000329,APPROACH,FLOW,/home/eunseop/nrs_imitation/checkpoints/flow/polishing/single_cam/20260809_1638,485.6259765625,335.82098388671875,271.42279052734375,0.0038738762959837914,-0.05596192553639412,2.5705950260162354,-1.3433252573013306,2.4023430347442627,2.7105603218078613,486.498046875,334.1983337402344,272.07989501953125,0.003936629742383957,-0.05677672103047371,2.5825839042663574,0.0,0.0,0.0,0,0
1786431203.2532265,5.387021186000311,APPROACH,FLOW,/home/eunseop/nrs_imitation/checkpoints/flow/polishing/single_cam/20260809_1638,485.72076416015625,335.75970458984375,271.5530700683594,0.003719983622431755,-0.05616937205195427,2.5714805126190186,-1.391228199005127,3.5348477363586426,2.2541821002960205,486.5715026855469,334.1298522949219,272.1669616699219,0.0039409757591784,-0.05683744326233864,2.5836663246154785,0.0,0.0,0.0,0,0
1786431203.261224,5.395018508999783,APPROACH,FLOW,/home/eunseop/nrs_imitation/checkpoints/flow/polishing/single_cam/20260809_1638,485.78863525390625,335.69488525390625,271.59912109375,0.0036621354520320892,-0.056216903030872345,2.572019338607788,0.14970169961452484,3.105368137359619,2.9168856143951416,486.6627197265625,334.0449523925781,272.27508544921875,0.00394637044519186,-0.05691280961036682,2.5850095748901367,0.0,0.0,0.0,0,0
1786431203.26922,5.403014749999784,APPROACH,FLOW,/home/eunseop/nrs_imitation/checkpoints/flow/polishing/single_cam/20260809_1638,485.85577392578125,335.6536560058594,271.7077941894531,0.0035956818610429764,-0.05625498294830322,2.5724146366119385,2.330066204071045,2.0851404666900635,-0.37497299909591675,486.7535400390625,333.9603576660156,272.38275146484375,0.00395174277946353,-0.05698786675930023,2.5863475799560547,0.0,0.0,0.0,0,0
1786431203.27722,5.411014748000525,APPROACH,FLOW,/home/eunseop/nrs_imitation/checkpoints/flow/polishing/single_cam/20260809_1638,485.8692626953125,335.5632629394531,271.7645263671875,0.0038016987964510918,-0.056172892451286316,2.5729448795318604,0.9997028112411499,1.2092394828796387,-0.29125672578811646,486.8439636230469,333.8760986328125,272.489990234375,0.0039570946246385574,-0.05706264078617096,2.5876805782318115,0.0,0.0,0.0,0,0
1786431203.2852285,5.419023131999893,APPROACH,FLOW,/home/eunseop/nrs_imitation/checkpoints/flow/polishing/single_cam/20260809_1638,485.981689453125,335.3974609375,271.90362548828125,0.0038022338412702084,-0.05613398179411888,2.5737013816833496,0.048787590116262436,1.5610946416854858,-1.5969606637954712,486.9340515136719,333.7922058105469,272.5968017578125,0.00396242318674922,-0.05713709071278572,2.589007616043091,0.0,0.0,0.0,0,0
1786431203.2932355,5.427029984000001,APPROACH,FLOW,/home/eunseop/nrs_imitation/checkpoints/flow/polishing/single_cam/20260809_1638,485.981689453125,335.3974609375,271.90362548828125,0.0038022338412702084,-0.05613398179411888,2.5737013816833496,0.048787590116262436,1.5610946416854858,-1.5969606637954712,487.02386474609375,333.7085266113281,272.7032775878906,0.0039677368476986885,-0.05721132829785347,2.5903310775756836,0.0,0.0,0.0,0,0
1786431203.3012269,5.435021465999853,APPROACH,FLOW,/home/eunseop/nrs_imitation/checkpoints/flow/polishing/single_cam/20260809_1638,486.2789611816406,335.1476135253906,272.1316223144531,0.003909026738256216,-0.05635172501206398,2.577023983001709,-0.4482049345970154,3.7658169269561768,0.47417113184928894,487.1131591796875,333.6253662109375,272.80914306640625,0.00397301884368062,-0.0572851225733757,2.591646671295166,0.0,0.0,0.0,0,0
1786431203.3092217,5.4430161340005725,APPROACH,FLOW,/home/eunseop/nrs_imitation/checkpoints/flow/polishing/single_cam/20260809_1638,486.4068298339844,335.04608154296875,272.2475280761719,0.003907144535332918,-0.05648093298077583,2.5794224739074707,-0.6003726720809937,3.3008205890655518,1.4527477025985718,487.2021179199219,333.54254150390625,272.91461181640625,0.003978281747549772,-0.057358648627996445,2.5929572582244873,0.0,0.0,0.0,0,0
1786431203.3172064,5.4510008229999585,APPROACH,FLOW,/home/eunseop/nrs_imitation/checkpoints/flow/polishing/single_cam/20260809_1638,486.48907470703125,335.0003967285156,272.40386962890625,0.003794495016336441,-0.056679509580135345,2.5818428993225098,-0.09350819885730743,1.8751287460327148,1.9595972299575806,487.29046630859375,333.4602355957031,273.0193786621094,0.003983509261161089,-0.05743168666958809,2.594259023666382,0.0,0.0,0.0,0,0
1786431203.3252313,5.459025838999878,APPROACH,FLOW,/home/eunseop/nrs_imitation/checkpoints/flow/polishing/single_cam/20260809_1638,486.5941467285156,334.9537048339844,272.5592346191406,0.003575599519535899,-0.05694085732102394,2.583770513534546,0.3218252658843994,1.9219707250595093,2.9438490867614746,487.3789367675781,333.3778076171875,273.124267578125,0.0039887442253530025,-0.05750482156872749,2.5955629348754883,0.0,0.0,0.0,0,0
1786431203.3331954,5.46699020899996,APPROACH,FLOW,/home/eunseop/nrs_imitation/checkpoints/flow/polishing/single_cam/20260809_1638,486.6369323730469,334.936767578125,272.6208190917969,0.0035971703473478556,-0.05700027570128441,2.5853891372680664,2.470041275024414,2.2837960720062256,0.15122321248054504,487.4665832519531,333.29620361328125,273.2281494140625,0.003993927035480738,-0.0575772300362587,2.596853494644165,0.0,0.0,0.0,0,0
1786431203.341154,5.474948527000379,APPROACH,FLOW,/home/eunseop/nrs_imitation/checkpoints/flow/polishing/single_cam/20260809_1638,486.6369323730469,334.936767578125,272.6208190917969,0.0035971703473478556,-0.05700027570128441,2.5853891372680664,2.470041275024414,2.2837960720062256,0.15122321248054504,487.5534973144531,333.2152099609375,273.3312072753906,0.003999069333076477,-0.05764908716082573,2.5981342792510986,0.0,0.0,0.0,0,0
1786431203.3493671,5.483161875000405,APPROACH,FLOW,/home/eunseop/nrs_imitation/checkpoints/flow/polishing/single_cam/20260809_1638,486.7530517578125,334.7984619140625,272.9250793457031,0.003733861492946744,-0.05710218846797943,2.5882208347320557,-0.9077483415603638,1.6877763271331787,0.2656365931034088,487.6418151855469,333.13299560546875,273.4358825683594,0.004004292655736208,-0.0577220618724823,2.599435329437256,0.0,0.0,0.0,0,0
1786431203.3572357,5.491030359999968,APPROACH,FLOW,/home/eunseop/nrs_imitation/checkpoints/flow/polishing/single_cam/20260809_1638,486.88134765625,334.7016906738281,273.0126037597656,0.0038299541920423508,-0.05712920054793358,2.5897445678710938,0.43141379952430725,3.2582485675811768,-0.28796079754829407,487.7281494140625,333.05255126953125,273.53826904296875,0.004009400960057974,-0.057793427258729935,2.6007072925567627,0.0,0.0,0.0,0,0
1786431203.3653302,5.499124990999917,APPROACH,FLOW,/home/eunseop/nrs_imitation/checkpoints/flow/polishing/single_cam/20260809_1638,486.9947814941406,334.5697021484375,273.1278076171875,0.003884146688506007,-0.057208675891160965,2.591256618499756,-0.10513973981142044,4.035765171051025,0.509517252445221,487.8148193359375,332.9718017578125,273.6410217285156,0.004014529753476381,-0.05786508694291115,2.6019845008850098,0.0,0.0,0.0,0,0
1786431203.3733273,5.507122103000256,APPROACH,FLOW,/home/eunseop/nrs_imitation/checkpoints/flow/polishing/single_cam/20260809_1638,487.10272216796875,334.420654296875,273.2368469238281,0.003979179076850414,-0.05720052123069763,2.5927329063415527,-1.2022899389266968,2.9216768741607666,1.809914469718933,487.90081787109375,332.8917236328125,273.74298095703125,0.004019616171717644,-0.05793614313006401,2.6032512187957764,0.0,0.0,0.0,0,0
1786431203.3812761,5.5150706929998705,APPROACH,FLOW,/home/eunseop/nrs_imitation/checkpoints/flow/polishing/single_cam/20260809_1638,487.2368469238281,334.35540771484375,273.43792724609375,0.003956901840865612,-0.05745576694607735,2.5941834449768066,-1.187470555305481,2.8364102840423584,1.4192211627960205,487.98638916015625,332.8120422363281,273.84442138671875,0.004024677909910679,-0.05800686776638031,2.6045122146606445,0.0,0.0,0.0,0,0
1786431203.3893714,5.523166044000391,APPROACH,FLOW,/home/eunseop/nrs_imitation/checkpoints/flow/polishing/single_cam/20260809_1638,487.320556640625,334.2373962402344,273.592041015625,0.0039984481409192085,-0.05761206895112991,2.595561981201172,-0.16507501900196075,2.9136037826538086,1.1530022621154785,488.07159423828125,332.732666015625,273.9454345703125,0.00402971962466836,-0.05807729810476303,2.6057674884796143,0.0,0.0,0.0,0,0
1786431203.3973038,5.531098342000405,APPROACH,FLOW,/home/eunseop/nrs_imitation/checkpoints/flow/polishing/single_cam/20260809_1638,487.47808837890625,334.1792297363281,273.7334289550781,0.003825393272563815,-0.05778887867927551,2.5967721939086914,0.7121509909629822,2.1699371337890625,2.218937397003174,488.1563720703125,332.6536865234375,274.0459899902344,0.004034735728055239,-0.05814738571643829,2.6070168018341064,0.0,0.0,0.0,0,0
1786431203.4053538,5.5391483670000525,APPROACH,FLOW,/home/eunseop/nrs_imitation/checkpoints/flow/polishing/single_cam/20260809_1638,487.604736328125,334.109619140625,273.8479919433594,0.0036901491694152355,-0.05797404795885086,2.5976805686950684,2.7083816528320312,0.9314544200897217,1.544142723083496,488.2409362792969,332.5749206542969,274.1462097167969,0.004039738327264786,-0.05821727216243744,2.608262538909912,0.0,0.0,0.0,0,0
1786431203.413231,5.5470254090005255,APPROACH,FLOW,/home/eunseop/nrs_imitation/checkpoints/flow/polishing/single_cam/20260809_1638,487.7013244628906,334.0769958496094,273.95257568359375,0.003544009290635586,-0.058090921491384506,2.59832763671875,3.7902369499206543,0.6397506594657898,0.7621157765388489,488.32440185546875,332.4971618652344,274.24517822265625,0.004044676199555397,-0.058286264538764954,2.609492301940918,0.0,0.0,0.0,0,0
1786431203.4213362,5.55513080899982,APPROACH,FLOW,/home/eunseop/nrs_imitation/checkpoints/flow/polishing/single_cam/20260809_1638,487.73126220703125,333.9978942871094,273.9769592285156,0.0035554238129407167,-0.05814679339528084,2.598686695098877,2.2803797721862793,0.8320562243461609,1.772974967956543,488.4084167480469,332.4189147949219,274.3448181152344,0.00404964666813612,-0.05835570767521858,2.6107304096221924,0.0,0.0,0.0,0,0
1786431203.4293277,5.563122432000455,APPROACH,FLOW,/home/eunseop/nrs_imitation/checkpoints/flow/polishing/single_cam/20260809_1638,487.6654357910156,333.9266662597656,273.90679931640625,0.0037587867118418217,-0.05787857621908188,2.5990376472473145,1.5129042863845825,1.8667210340499878,-0.36341801285743713,488.49169921875,332.3414306640625,274.4434814453125,0.004054570104926825,-0.05842449888586998,2.6119565963745117,0.0,0.0,0.0,0,0
1786431203.437322,5.571116789000371,APPROACH,FLOW,/home/eunseop/nrs_imitation/checkpoints/flow/polishing/single_cam/20260809_1638,487.60516357421875,333.87335205078125,273.9171142578125,0.00405209232121706,-0.057674601674079895,2.5995328426361084,-3.1219170093536377,2.965493679046631,-0.2791447341442108,488.5744934082031,332.2642517089844,274.5416564941406,0.004059469792991877,-0.05849295109510422,2.6131768226623535,0.0,0.0,0.0,0,0
1786431203.445327,5.579121827000563,APPROACH,FLOW,/home/eunseop/nrs_imitation/checkpoints/flow/polishing/single_cam/20260809_1638,487.6279602050781,333.8100891113281,273.98638916015625,0.004296992905437946,-0.05758659541606903,2.6003036499023438,-5.106317520141602,3.5519628524780273,1.0978212356567383,488.6569519042969,332.1874694824219,274.639404296875,0.0040643480606377125,-0.05856110155582428,2.614391326904297,0.0,0.0,0.0,0,0
1786431203.4552937,5.589088441000058,APPROACH,FLOW,/home/eunseop/nrs_imitation/checkpoints/flow/polishing/single_cam/20260809_1638,487.72650146484375,333.7366943359375,274.0706481933594,0.004370097070932388,-0.057601578533649445,2.6017675399780273,-3.5595598220825195,6.9477691650390625,-0.27253663539886475,488.759765625,332.0917053222656,274.7613220214844,0.004070430062711239,-0.058646075427532196,2.6159064769744873,0.0,0.0,0.0,0,0
1786431203.4613361,5.595130921000418,APPROACH,FLOW,/home/eunseop/nrs_imitation/checkpoints/flow/polishing/single_cam/20260809_1638,487.8938903808594,333.6241760253906,274.1842956542969,0.004357550758868456,-0.05768517777323723,2.6037943363189697,0.0006894358084537089,4.684345722198486,-0.2043158859014511,488.8206481933594,332.03497314453125,274.8335266113281,0.004074033349752426,-0.05869641900062561,2.6168038845062256,0.0,0.0,0.0,0,0
1786431203.4693377,5.603132222000568,APPROACH,FLOW,/home/eunseop/nrs_imitation/checkpoints/flow/polishing/single_cam/20260809_1638,488.0544738769531,333.5272521972656,274.3726806640625,0.0042238193564116955,-0.05797502398490906,2.606250524520874,0.6371773481369019,2.746114492416382,1.3726435899734497,488.9018859863281,331.95928955078125,274.9298400878906,0.004078838974237442,-0.05876355990767479,2.6180005073547363,0.0,0.0,0.0,0,0
1786431203.4773312,5.611126018000505,APPROACH,FLOW,/home/eunseop/nrs_imitation/checkpoints/flow/polishing/single_cam/20260809_1638,488.18670654296875,333.37457275390625,274.4868469238281,0.004138273186981678,-0.058051180094480515,2.608600616455078,2.012406826019287,1.0283418893814087,1.2958632707595825,488.9827575683594,331.884033203125,275.0256652832031,0.0040836213156580925,-0.058830372989177704,2.6191916465759277,0.0,0.0,0.0,0,0
1786431203.4853146,5.619109224000567,APPROACH,FLOW,/home/eunseop/nrs_imitation/checkpoints/flow/polishing/single_cam/20260809_1638,488.3150939941406,333.2918395996094,274.6355285644531,0.00390436640009284,-0.058315083384513855,2.6106722354888916,3.067962408065796,0.9998654723167419,0.9797044992446899,489.06280517578125,331.80938720703125,275.12060546875,0.004088359419256449,-0.05889657139778137,2.6203715801239014,0.0,0.0,0.0,0,0
1786431203.4932857,5.6270804470004805,APPROACH,FLOW,/home/eunseop/nrs_imitation/checkpoints/flow/polishing/single_cam/20260809_1638,488.3976745605469,333.2336120605469,274.7218017578125,0.0037743982393294573,-0.058466169983148575,2.6121935844421387,3.3804478645324707,-0.19971168041229248,1.8021385669708252,489.142822265625,331.73486328125,275.2154846191406,0.004093092400580645,-0.05896269530057907,2.6215503215789795,0.0,0.0,0.0,0,0
1786431203.5012593,5.635054015000605,APPROACH,FLOW,/home/eunseop/nrs_imitation/checkpoints/flow/polishing/single_cam/20260809_1638,488.4325866699219,333.187255859375,274.776611328125,0.003756544552743435,-0.058488570153713226,2.613116502761841,3.143944501876831,0.9088970422744751,-0.7003995776176453,489.2224426269531,331.6607666015625,275.3098449707031,0.004097801633179188,-0.05902848765254021,2.62272310256958,0.0,0.0,0.0,0,0
1786431203.509327,5.643121742999938,APPROACH,FLOW,/home/eunseop/nrs_imitation/checkpoints/flow/polishing/single_cam/20260809_1638,488.4940185546875,333.1063232421875,274.85736083984375,0.0037866325583308935,-0.05845349282026291,2.613680839538574,-0.5354582667350769,2.4596893787384033,0.1859816163778305,489.3020324707031,331.5865783691406,275.40423583984375,0.004102511331439018,-0.05909429490566254,2.6238961219787598,0.0,0.0,0.0,0,0
1786431203.5173285,5.651123034000193,APPROACH,FLOW,/home/eunseop/nrs_imitation/checkpoints/flow/polishing/single_cam/20260809_1638,488.4627685546875,333.0805969238281,274.8865966796875,0.004157005809247494,-0.05831151828169823,2.6142849922180176,-3.5809247493743896,3.061481475830078,0.6437682509422302,489.3808288574219,331.51318359375,275.4976806640625,0.004107173532247543,-0.059159424155950546,2.6250572204589844,0.0,0.0,0.0,0,0
1786431203.5253046,5.6590994070002125,APPROACH,FLOW,/home/eunseop/nrs_imitation/checkpoints/flow/polishing/single_cam/20260809_1638,488.54638671875,332.9857482910156,274.979736328125,0.0043264213018119335,-0.05833667144179344,2.6151015758514404,-2.5302982330322266,4.437687397003174,1.200431227684021,489.4588928222656,331.44049072265625,275.5902099609375,0.004111791029572487,-0.05922393873333931,2.626207113265991,0.0,0.0,0.0,0,0
1786431203.5332792,5.66707385600057,APPROACH,FLOW,/home/eunseop/nrs_imitation/checkpoints/flow/polishing/single_cam/20260809_1638,488.6526794433594,332.9306640625,275.08203125,0.0043337042443454266,-0.058388132601976395,2.6164212226867676,-1.8941136598587036,5.060113430023193,1.125990629196167,489.53692626953125,331.3678283691406,275.6827087402344,0.004116407595574856,-0.05928843840956688,2.627356767654419,0.0,0.0,0.0,0,0
1786431203.5411768,5.674971327000094,APPROACH,FLOW,/home/eunseop/nrs_imitation/checkpoints/flow/polishing/single_cam/20260809_1638,488.749755859375,332.8557434082031,275.2251281738281,0.004325405228883028,-0.0585784949362278,2.617800235748291,-0.9372606873512268,3.145587205886841,2.5958714485168457,489.61419677734375,331.29583740234375,275.7743225097656,0.004120978526771069,-0.05935229733586311,2.628495216369629,0.0,0.0,0.0,0,0
1786431203.5491977,5.682992085000478,APPROACH,FLOW,/home/eunseop/nrs_imitation/checkpoints/flow/polishing/single_cam/20260809_1638,488.8827819824219,332.77215576171875,275.34521484375,0.0041925255209207535,-0.05873874947428703,2.6189491748809814,0.1684742569923401,2.1106271743774414,2.0633201599121094,489.69134521484375,331.22393798828125,275.8658142089844,0.004125543870031834,-0.05941608548164368,2.6296322345733643,0.0,0.0,0.0,0,0
1786431203.5572646,5.691059333000339,APPROACH,FLOW,/home/eunseop/nrs_imitation/checkpoints/flow/polishing/single_cam/20260809_1638,488.9670104980469,332.6831359863281,275.4400939941406,0.004034413490444422,-0.0588587261736393,2.6198477745056152,3.673616409301758,1.0072481632232666,1.097641944885254,489.768310546875,331.15228271484375,275.9570617675781,0.004130096174776554,-0.05947967991232872,2.630765914916992,0.0,0.0,0.0,0,0
1786431203.5652518,5.699046446000466,APPROACH,FLOW,/home/eunseop/nrs_imitation/checkpoints/flow/polishing/single_cam/20260809_1638,489.08428955078125,332.5851745605469,275.55859375,0.003873859765008092,-0.058926090598106384,2.62021803855896,3.580288887023926,0.716897189617157,-0.293435662984848,489.8446044921875,331.08123779296875,276.0474853515625,0.004134609363973141,-0.059542737901210785,2.631890058517456,0.0,0.0,0.0,0,0
1786431203.573244,5.707038919999832,APPROACH,FLOW,/home/eunseop/nrs_imitation/checkpoints/flow/polishing/single_cam/20260809_1638,489.14813232421875,332.56097412109375,275.65631103515625,0.0039431569166481495,-0.058938320726156235,2.620518207550049,2.0704710483551025,0.3194091022014618,-0.3283112049102783,489.9205017089844,331.0105285644531,276.1374816894531,0.0041391002014279366,-0.05960547924041748,2.6330084800720215,0.0,0.0,0.0,0,0
1786431203.5812783,5.715073033999943,APPROACH,FLOW,/home/eunseop/nrs_imitation/checkpoints/flow/polishing/single_cam/20260809_1638,489.1948547363281,332.46630859375,275.7327575683594,0.004092560149729252,-0.05888388305902481,2.620880365371704,-1.3988347053527832,2.263483762741089,0.18143543601036072,489.99603271484375,330.940185546875,276.2270202636719,0.004143568687140942,-0.059667907655239105,2.6341209411621094,0.0,0.0,0.0,0,0
1786431203.5903544,5.724149077999755,APPROACH,FLOW,/home/eunseop/nrs_imitation/checkpoints/flow/polishing/single_cam/20260809_1638,489.29119873046875,332.3863525390625,275.8382263183594,0.004254415165632963,-0.058924976736307144,2.62166166305542,-0.4451982080936432,4.1566057205200195,0.05845668539404869,490.0815734863281,330.8604736328125,276.3284606933594,0.0041486299596726894,-0.05973862111568451,2.6353816986083984,0.0,0.0,0.0,0,0
1786431203.5972812,5.731076015999861,APPROACH,FLOW,/home/eunseop/nrs_imitation/checkpoints/flow/polishing/single_cam/20260809_1638,489.38861083984375,332.2933044433594,275.9289245605469,0.004271551035344601,-0.0590217225253582,2.6230523586273193,-1.5166972875595093,5.131166458129883,0.8748272061347961,490.1456604003906,330.80078125,276.4044494628906,0.004152420908212662,-0.05979158729314804,2.6363258361816406,0.0,0.0,0.0,0,0
1786431203.6051822,5.738976913999977,APPROACH,FLOW,/home/eunseop/nrs_imitation/checkpoints/flow/polishing/single_cam/20260809_1638,489.4319763183594,332.231201171875,276.0601501464844,0.004357188940048218,-0.059101153165102005,2.6252360343933105,-2.1555068492889404,2.9641666412353516,2.0653018951416016,490.2196960449219,330.73187255859375,276.4922180175781,0.004156799986958504,-0.05985277146100998,2.6374166011810303,0.0,0.0,0.0,0,0
1786431203.6132114,5.7470059679999395,APPROACH,FLOW,/home/eunseop/nrs_imitation/checkpoints/flow/polishing/single_cam/20260809_1638,489.5470275878906,332.14752197265625,276.1684875488281,0.004206724930554628,-0.059240441769361496,2.6277406215667725,-1.2072489261627197,2.5657169818878174,2.365934133529663,490.2936096191406,330.66302490234375,276.579833984375,0.004161172546446323,-0.059913862496614456,2.638505458831787,0.0,0.0,0.0,0,0
1786431203.6212668,5.755061693000243,APPROACH,FLOW,/home/eunseop/nrs_imitation/checkpoints/flow/polishing/single_cam/20260809_1638,489.6062927246094,332.08209228515625,276.2625427246094,0.0041315192356705666,-0.05937891826033592,2.630281925201416,0.7505577206611633,2.3137640953063965,1.8187366724014282,490.36700439453125,330.5946044921875,276.6668701171875,0.004165515769273043,-0.059974540024995804,2.639587163925171,0.0,0.0,0.0,0,0
1786431203.6291783,5.7629728310002974,APPROACH,FLOW,/home/eunseop/nrs_imitation/checkpoints/flow/polishing/single_cam/20260809_1638,489.74615478515625,332.0027770996094,276.390380859375,0.003863092977553606,-0.05955560505390167,2.6323535442352295,1.8147504329681396,1.577097773551941,0.8133338093757629,490.43975830078125,330.52691650390625,276.7530822753906,0.004169817548245192,-0.06003463640809059,2.640658378601074,0.0,0.0,0.0,0,0
1786431203.637173,5.770967559000383,APPROACH,FLOW,/home/eunseop/nrs_imitation/checkpoints/flow/polishing/single_cam/20260809_1638,489.81182861328125,331.9736633300781,276.5164794921875,0.003840778023004532,-0.059657853096723557,2.634092092514038,0.766898512840271,0.6991891264915466,0.6475561261177063,490.51220703125,330.45941162109375,276.8390197753906,0.0041741058230400085,-0.060094546526670456,2.64172625541687,0.0,0.0,0.0,0,0
1786431203.645217,5.779011512000579,APPROACH,FLOW,/home/eunseop/nrs_imitation/checkpoints/flow/polishing/single_cam/20260809_1638,489.94476318359375,331.8692932128906,276.6413269042969,0.0038369717076420784,-0.05979697033762932,2.6352784633636475,1.4841417074203491,1.4321935176849365,0.04111532121896744,490.58447265625,330.3920593261719,276.9246826171875,0.004178381524980068,-0.06015428900718689,2.6427910327911377,0.0,0.0,0.0,0,0
1786431203.6532197,5.787014125000496,APPROACH,FLOW,/home/eunseop/nrs_imitation/checkpoints/flow/polishing/single_cam/20260809_1638,490.0337219238281,331.76226806640625,276.6571960449219,0.003882292192429304,-0.05977315828204155,2.6364076137542725,2.1272599697113037,2.8732645511627197,0.04053337872028351,490.6561584472656,330.3253479003906,277.0096435546875,0.004182619974017143,-0.06021350622177124,2.6438467502593994,0.0,0.0,0.0,0,0
1786431203.6612003,5.794994966000559,APPROACH,FLOW,/home/eunseop/nrs_imitation/checkpoints/flow/polishing/single_cam/20260809_1638,490.1386413574219,331.6952819824219,276.7487487792969,0.0038491361774504185,-0.059775061905384064,2.637366533279419,0.6345458626747131,2.728943347930908,0.34196263551712036,490.7270812988281,330.25927734375,277.09375,0.004186816979199648,-0.06027214601635933,2.6448922157287598,0.0,0.0,0.0,0,0
1786431203.6692097,5.803004112000053,APPROACH,FLOW,/home/eunseop/nrs_imitation/checkpoints/flow/polishing/single_cam/20260809_1638,490.1532897949219,331.6053161621094,276.7796936035156,0.003988682758063078,-0.05973070114850998,2.638195514678955,-1.7694631814956665,2.3977925777435303,1.5622419118881226,490.7978515625,330.193359375,277.1776428222656,0.004191003739833832,-0.06033063307404518,2.645934820175171,0.0,0.0,0.0,0,0
1786431203.6771865,5.810981155999798,APPROACH,FLOW,/home/eunseop/nrs_imitation/checkpoints/flow/polishing/single_cam/20260809_1638,490.24810791015625,331.559814453125,276.8711853027344,0.003946238197386265,-0.05988020449876785,2.6387460231781006,-1.2730036973953247,3.111968517303467,1.6835895776748657,490.8681640625,330.12786865234375,277.2610168457031,0.00419516209512949,-0.06038873270153999,2.646970272064209,0.0,0.0,0.0,0,0
1786431203.6852937,5.819088350000129,APPROACH,FLOW,/home/eunseop/nrs_imitation/checkpoints/flow/polishing/single_cam/20260809_1638,490.24810791015625,331.5047607421875,276.87542724609375,0.0039789737202227116,-0.05982253700494766,2.6392273902893066,0.07467108219861984,3.03183913230896,1.778004765510559,490.9380798339844,330.0627746582031,277.3438720703125,0.004199297167360783,-0.06044650077819824,2.6480002403259277,0.0,0.0,0.0,0,0
1786431203.693277,5.82707145600034,APPROACH,FLOW,/home/eunseop/nrs_imitation/checkpoints/flow/polishing/single_cam/20260809_1638,490.3055114746094,331.45758056640625,276.96356201171875,0.0038511643651872873,-0.05991411209106445,2.6394174098968506,-0.2704657316207886,1.9826301336288452,2.102030038833618,491.0074462890625,329.9980773925781,277.4261779785156,0.004203404299914837,-0.06050388514995575,2.6490228176116943,0.0,0.0,0.0,0,0
1786431203.7012565,5.835051115000169,APPROACH,FLOW,/home/eunseop/nrs_imitation/checkpoints/flow/polishing/single_cam/20260809_1638,490.32452392578125,331.3945617675781,276.9916687011719,0.003934674430638552,-0.059872377663850784,2.6395387649536133,1.8016088008880615,1.8734853267669678,-0.5569263100624084,491.076416015625,329.9338684082031,277.5079040527344,0.004207483027130365,-0.06056087464094162,2.650038957595825,0.0,0.0,0.0,0,0
1786431203.709278,5.843072714999835,APPROACH,FLOW,/home/eunseop/nrs_imitation/checkpoints/flow/polishing/single_cam/20260809_1638,490.3755187988281,331.3087158203125,277.03546142578125,0.0040066358633339405,-0.05979965254664421,2.639923572540283,0.21709367632865906,1.9683359861373901,-0.16593657433986664,491.1449890136719,329.8699951171875,277.5892333984375,0.004211540333926678,-0.06061755493283272,2.6510491371154785,0.0,0.0,0.0,0,0
1786431203.7172632,5.851057734999813,APPROACH,FLOW,/home/eunseop/nrs_imitation/checkpoints/flow/polishing/single_cam/20260809_1638,490.45184326171875,331.23028564453125,277.1494140625,0.004091411828994751,-0.05982296168804169,2.6407406330108643,-0.6456925272941589,3.095709800720215,0.8238552212715149,491.21307373046875,329.8066101074219,277.669921875,0.004215566907078028,-0.06067381054162979,2.652052164077759,0.0,0.0,0.0,0,0
1786431203.7258632,5.859657715000139,APPROACH,FLOW,/home/eunseop/nrs_imitation/checkpoints/flow/polishing/single_cam/20260809_1638,490.45184326171875,331.23028564453125,277.1494140625,0.004091411828994751,-0.05982296168804169,2.6407406330108643,-0.6456925272941589,3.095709800720215,0.8238552212715149,491.28570556640625,329.73895263671875,277.7560729980469,0.0042198654264211655,-0.060733865946531296,2.653122663497925,0.0,0.0,0.0,0,0
1786431203.7332594,5.8670542250001745,APPROACH,FLOW,/home/eunseop/nrs_imitation/checkpoints/flow/polishing/single_cam/20260809_1638,490.6405334472656,331.06439208984375,277.30706787109375,0.004154240246862173,-0.05987811088562012,2.643810987472534,-0.43112993240356445,2.982776641845703,1.1630290746688843,491.34808349609375,329.68084716796875,277.8299865722656,0.004223554395139217,-0.06078541278839111,2.654041290283203,0.0,0.0,0.0,0,0
1786431203.7412484,5.875042911000492,APPROACH,FLOW,/home/eunseop/nrs_imitation/checkpoints/flow/polishing/single_cam/20260809_1638,490.6792907714844,330.9910888671875,277.40423583984375,0.0042639365419745445,-0.059997472912073135,2.6455869674682617,-0.5900768637657166,2.5432989597320557,1.7313642501831055,491.414794921875,329.6186828613281,277.90911865234375,0.004227501805871725,-0.06084056198596954,2.655024290084839,0.0,0.0,0.0,0,0
1786431203.7492423,5.883036836999963,APPROACH,FLOW,/home/eunseop/nrs_imitation/checkpoints/flow/polishing/single_cam/20260809_1638,490.7411804199219,330.9266052246094,277.4896240234375,0.004197342321276665,-0.060052964836359024,2.6470489501953125,0.4234786927700043,2.616739511489868,1.6584497690200806,491.4811096191406,329.5570068359375,277.9877014160156,0.004231422673910856,-0.060895342379808426,2.656001091003418,0.0,0.0,0.0,0,0
1786431203.7572894,5.891084177000266,APPROACH,FLOW,/home/eunseop/nrs_imitation/checkpoints/flow/polishing/single_cam/20260809_1638,490.8262939453125,330.9098205566406,277.6055908203125,0.00404447503387928,-0.060302991420030594,2.64799427986145,0.47221046686172485,2.7667741775512695,1.261641502380371,491.54693603515625,329.4956359863281,278.06573486328125,0.0042353179305791855,-0.06094976142048836,2.656970977783203,0.0,0.0,0.0,0,0
1786431203.7653317,5.899126455999976,APPROACH,FLOW,/home/eunseop/nrs_imitation/checkpoints/flow/polishing/single_cam/20260809_1638,490.8411865234375,330.8867492675781,277.625,0.0041010393761098385,-0.06027405709028244,2.648402690887451,1.762169599533081,1.4448291063308716,-0.21355921030044556,491.61236572265625,329.4346923828125,278.1433410644531,0.004239189904183149,-0.06100385636091232,2.65793514251709,0.0,0.0,0.0,0,0
1786431203.773563,5.907359161000386,APPROACH,FLOW,/home/eunseop/nrs_imitation/checkpoints/flow/polishing/single_cam/20260809_1638,490.9114990234375,330.8025207519531,277.74346923828125,0.00413045659661293,-0.06029821187257767,2.6484391689300537,-0.9884419441223145,1.7845065593719482,0.5289193987846375,491.67791748046875,329.3736572265625,278.2210693359375,0.004243067000061274,-0.06105802208185196,2.6589009761810303,0.0,0.0,0.0,0,0
1786431203.781351,5.915146119999918,APPROACH,FLOW,/home/eunseop/nrs_imitation/checkpoints/flow/polishing/single_cam/20260809_1638,490.9833068847656,330.716064453125,277.7993469238281,0.004287111107259989,-0.060243960469961166,2.6485495567321777,-1.5456383228302002,3.0845017433166504,0.787529706954956,491.7415466308594,329.3143615722656,278.2964782714844,0.004246830940246582,-0.061110612004995346,2.6598381996154785,0.0,0.0,0.0,0,0
1786431203.7892866,5.923081214000376,APPROACH,FLOW,/home/eunseop/nrs_imitation/checkpoints/flow/polishing/single_cam/20260809_1638,491.078369140625,330.6261901855469,277.9241943359375,0.004289177246391773,-0.06033974885940552,2.648921489715576,0.6383289098739624,3.526247501373291,0.048932045698165894,491.8055114746094,329.25482177734375,278.3722839355469,0.00425061397254467,-0.061163466423749924,2.660780668258667,0.0,0.0,0.0,0,0
1786431203.7972977,5.931101621999915,APPROACH,FLOW,/home/eunseop/nrs_imitation/checkpoints/flow/polishing/single_cam/20260809_1638,491.18389892578125,330.5630798339844,278.069091796875,0.004293444100767374,-0.06047653406858444,2.649963617324829,-0.6142587661743164,3.2754993438720703,0.6654353737831116,491.8690490722656,329.19561767578125,278.4476318359375,0.004254374653100967,-0.06121600419282913,2.661716938018799,0.0,0.0,0.0,0,0
1786431203.8052382,5.939032908000627,APPROACH,FLOW,/home/eunseop/nrs_imitation/checkpoints/flow/polishing/single_cam/20260809_1638,491.2776794433594,330.49163818359375,278.1424865722656,0.004330209456384182,-0.060595035552978516,2.6516311168670654,-1.9609708786010742,2.869366407394409,2.1548807621002197,491.9320373535156,329.13690185546875,278.5223083496094,0.004258101340383291,-0.061268072575330734,2.662645101547241,0.0,0.0,0.0,0,0
1786431203.8144841,5.948278908000248,APPROACH,FLOW,/home/eunseop/nrs_imitation/checkpoints/flow/polishing/single_cam/20260809_1638,491.2776794433594,330.49163818359375,278.1424865722656,0.004330209456384182,-0.060595035552978516,2.6516311168670654,-1.9609708786010742,2.869366407394409,2.1548807621002197,492.00433349609375,329.06964111328125,278.6080017089844,0.004262376111000776,-0.06132779270410538,2.6637096405029297,0.0,0.0,0.0,0,0
1786431203.8213537,5.955148535999797,APPROACH,FLOW,/home/eunseop/nrs_imitation/checkpoints/flow/polishing/single_cam/20260809_1638,491.4993896484375,330.43798828125,278.41204833984375,0.003906636498868465,-0.061041612178087234,2.6558115482330322,1.2387076616287231,2.0515007972717285,1.7132766246795654,492.0570983886719,329.0204772949219,278.67059326171875,0.004265499301254749,-0.06137142330408096,2.664487361907959,0.0,0.0,0.0,0,0
1786431203.82949,5.963284846000533,APPROACH,FLOW,/home/eunseop/nrs_imitation/checkpoints/flow/polishing/single_cam/20260809_1638,491.56427001953125,330.42034912109375,278.5023498535156,0.003822882892563939,-0.06122744455933571,2.6575605869293213,1.5908812284469604,1.0551860332489014,1.732479453086853,492.1190185546875,328.9627990722656,278.7440185546875,0.004269162658601999,-0.06142261251807213,2.6654000282287598,0.0,0.0,0.0,0,0
1786431203.8373387,5.971133273000305,APPROACH,FLOW,/home/eunseop/nrs_imitation/checkpoints/flow/polishing/single_cam/20260809_1638,491.63348388671875,330.3958740234375,278.57666015625,0.0037197007331997156,-0.061355579644441605,2.659022331237793,2.413884162902832,2.0651955604553223,-0.5101951360702515,492.17974853515625,328.9062194824219,278.81597900390625,0.0042727552354335785,-0.06147279962897301,2.666294574737549,0.0,0.0,0.0,0,0
1786431203.845268,5.979062485999748,APPROACH,FLOW,/home/eunseop/nrs_imitation/checkpoints/flow/polishing/single_cam/20260809_1638,491.6679992675781,330.306396484375,278.6308898925781,0.0037989437114447355,-0.061311833560466766,2.660187005996704,0.24912810325622559,1.2037184238433838,0.513091504573822,492.24041748046875,328.8497009277344,278.887939453125,0.0042763445526361465,-0.0615229494869709,2.6671886444091797,0.0,0.0,0.0,0,0
1786431203.8532457,5.987040402000275,APPROACH,FLOW,/home/eunseop/nrs_imitation/checkpoints/flow/polishing/single_cam/20260809_1638,491.6758728027344,330.23114013671875,278.7308044433594,0.003984042908996344,-0.06128237769007683,2.6612439155578613,-2.641286849975586,3.276012897491455,1.0257445573806763,492.3006591796875,328.7936096191406,278.9593811035156,0.0042799087241292,-0.06157274544239044,2.668076276779175,0.0,0.0,0.0,0,0
1786431203.8613155,5.9951102240002,APPROACH,FLOW,/home/eunseop/nrs_imitation/checkpoints/flow/polishing/single_cam/20260809_1638,491.76239013671875,330.1655578613281,278.77691650390625,0.004037766717374325,-0.061221010982990265,2.662240505218506,-0.9496361017227173,4.467647075653076,0.25019142031669617,492.3605041503906,328.7378845214844,279.0302734375,0.004283447749912739,-0.06162219122052193,2.6689577102661133,0.0,0.0,0.0,0,0
1786431203.8693295,6.003123948999928,APPROACH,FLOW,/home/eunseop/nrs_imitation/checkpoints/flow/polishing/single_cam/20260809_1638,491.81787109375,330.1048583984375,278.8626708984375,0.004105840343981981,-0.06127699837088585,2.663236618041992,-1.0624210834503174,3.6210687160491943,0.30660510063171387,492.4199523925781,328.6824645996094,279.1007995605469,0.004286966286599636,-0.06167135015130043,2.6698338985443115,0.0,0.0,0.0,0,0
1786431203.877242,6.011036728999898,APPROACH,FLOW,/home/eunseop/nrs_imitation/checkpoints/flow/polishing/single_cam/20260809_1638,491.89373779296875,330.0078125,278.96954345703125,0.0041374461725354195,-0.061367910355329514,2.6640522480010986,-1.8540842533111572,2.358396291732788,1.214979887008667,492.47857666015625,328.6278381347656,279.1703186035156,0.004290434997528791,-0.061719805002212524,2.6706976890563965,0.0,0.0,0.0,0,0
1786431203.8852985,6.019093085999884,APPROACH,FLOW,/home/eunseop/nrs_imitation/checkpoints/flow/polishing/single_cam/20260809_1638,492.00567626953125,329.9295349121094,279.0789489746094,0.00411248579621315,-0.061464838683605194,2.664794921875,0.22173276543617249,2.3780901432037354,0.9064257740974426,492.53704833984375,328.57342529296875,279.2396240234375,0.004293892532587051,-0.06176811456680298,2.6715588569641113,0.0,0.0,0.0,0,0
1786431203.8933616,6.027156705999914,APPROACH,FLOW,/home/eunseop/nrs_imitation/checkpoints/flow/polishing/single_cam/20260809_1638,492.1336364746094,329.8292541503906,279.1597595214844,0.004018628969788551,-0.06154545024037361,2.665598154067993,1.177979588508606,2.2580466270446777,0.557550311088562,492.59503173828125,328.5194091796875,279.3083801269531,0.0042973230592906475,-0.06181604787707329,2.6724131107330322,0.0,0.0,0.0,0,0
1786431203.9013991,6.035194527000385,APPROACH,FLOW,/home/eunseop/nrs_imitation/checkpoints/flow/polishing/single_cam/20260809_1638,492.2362060546875,329.7621154785156,279.2748107910156,0.003917332738637924,-0.06165296956896782,2.6663169860839844,1.4773509502410889,0.930609405040741,1.2819210290908813,492.6523132324219,328.4660339355469,279.37628173828125,0.004300713073462248,-0.061863407492637634,2.673257350921631,0.0,0.0,0.0,0,0
1786431203.9093227,6.043117438000081,APPROACH,FLOW,/home/eunseop/nrs_imitation/checkpoints/flow/polishing/single_cam/20260809_1638,492.35400390625,329.7452087402344,279.4296875,0.0036901202984154224,-0.061873797327280045,2.6668779850006104,2.8144655227661133,0.8657850027084351,1.0265535116195679,492.7091979980469,328.4130859375,279.4437255859375,0.004304077476263046,-0.06191040948033333,2.674095392227173,0.0,0.0,0.0,0,0
1786431203.9173543,6.051149187000192,APPROACH,FLOW,/home/eunseop/nrs_imitation/checkpoints/flow/polishing/single_cam/20260809_1638,492.4171142578125,329.65679931640625,279.43658447265625,0.0036416458897292614,-0.06186487153172493,2.667165994644165,1.9525465965270996,1.6361335515975952,1.4237428903579712,492.7656555175781,328.36053466796875,279.5106506347656,0.004307416267693043,-0.06195706129074097,2.6749267578125,0.0,0.0,0.0,0,0
1786431203.9253209,6.05911555000057,APPROACH,FLOW,/home/eunseop/nrs_imitation/checkpoints/flow/polishing/single_cam/20260809_1638,492.4084167480469,329.63641357421875,279.4027404785156,0.003669300116598606,-0.061797481030225754,2.667490243911743,0.6417453289031982,1.6808918714523315,1.6561976671218872,492.8215637207031,328.30841064453125,279.5769348144531,0.004310724791139364,-0.062003280967473984,2.675750732421875,0.0,0.0,0.0,0,0
1786431203.9332986,6.067093356000441,APPROACH,FLOW,/home/eunseop/nrs_imitation/checkpoints/flow/polishing/single_cam/20260809_1638,492.365478515625,329.653076171875,279.43145751953125,0.0037687283474951982,-0.061806630343198776,2.6678988933563232,-0.45217132568359375,2.3847978115081787,0.5446437001228333,492.8769836425781,328.2568054199219,279.6426086425781,0.004314003046602011,-0.06204908713698387,2.6765670776367188,0.0,0.0,0.0,0,0
1786431203.9412174,6.07501210800001,APPROACH,FLOW,/home/eunseop/nrs_imitation/checkpoints/flow/polishing/single_cam/20260809_1638,492.3259582519531,329.5818176269531,279.3951416015625,0.004031381104141474,-0.06159256398677826,2.66839337348938,-3.605092763900757,3.6418070793151855,1.5048942565917969,492.9319152832031,328.2056579589844,279.707763671875,0.004317251965403557,-0.06209447234869003,2.6773762702941895,0.0,0.0,0.0,0,0
1786431203.9493403,6.0831351320002796,APPROACH,FLOW,/home/eunseop/nrs_imitation/checkpoints/flow/polishing/single_cam/20260809_1638,492.343505859375,329.55975341796875,279.4785461425781,0.004192589316517115,-0.06162083148956299,2.6693544387817383,-4.140395164489746,4.333083629608154,0.9649850130081177,492.9864196777344,328.15484619140625,279.77239990234375,0.004320478066802025,-0.06213955208659172,2.6781797409057617,0.0,0.0,0.0,0,0
1786431203.957256,6.091050969000207,APPROACH,FLOW,/home/eunseop/nrs_imitation/checkpoints/flow/polishing/single_cam/20260809_1638,492.4402160644531,329.49981689453125,279.56268310546875,0.004294944927096367,-0.061766207218170166,2.670625925064087,-0.44752657413482666,4.418315887451172,0.2871107757091522,493.0404357910156,328.10455322265625,279.8363952636719,0.004323672503232956,-0.0621841736137867,2.6789751052856445,0.0,0.0,0.0,0,0
1786431203.9652274,6.0990219920004165,APPROACH,FLOW,/home/eunseop/nrs_imitation/checkpoints/flow/polishing/single_cam/20260809_1638,492.5384216308594,329.4119567871094,279.6308898925781,0.004256327170878649,-0.06178805232048035,2.672172784805298,0.14384831488132477,3.5579833984375,0.7067834138870239,493.0938720703125,328.05474853515625,279.8997802734375,0.004326834809035063,-0.06222836300730705,2.679762840270996,0.0,0.0,0.0,0,0
1786431203.9733,6.107094560000405,APPROACH,FLOW,/home/eunseop/nrs_imitation/checkpoints/flow/polishing/single_cam/20260809_1638,492.6259460449219,329.2736511230469,279.7007751464844,0.004165155813097954,-0.06173887848854065,2.6735517978668213,0.7258774638175964,1.3913803100585938,1.403028130531311,493.14691162109375,328.00537109375,279.9626770019531,0.00432997290045023,-0.06227220222353935,2.680544376373291,0.0,0.0,0.0,0,0
1786431203.9822633,6.116058067000267,APPROACH,FLOW,/home/eunseop/nrs_imitation/checkpoints/flow/polishing/single_cam/20260809_1638,492.6259460449219,329.2736511230469,279.7007751464844,0.004165155813097954,-0.06173887848854065,2.6735517978668213,0.7258774638175964,1.3913803100585938,1.403028130531311,493.2056884765625,327.95062255859375,280.0323486328125,0.004333449527621269,-0.0623207725584507,2.681410312652588,0.0,0.0,0.0,0,0
1786431203.9893203,6.123114775000431,APPROACH,FLOW,/home/eunseop/nrs_imitation/checkpoints/flow/polishing/single_cam/20260809_1638,492.7572326660156,329.1695251464844,279.8399963378906,0.003973226062953472,-0.061941955238580704,2.67507266998291,2.144611120223999,0.7269546389579773,0.8036433458328247,493.2514343261719,327.90802001953125,280.0865783691406,0.004336155951023102,-0.062358587980270386,2.682084321975708,0.0,0.0,0.0,0,0
1786431203.9973233,6.131118160000369,APPROACH,FLOW,/home/eunseop/nrs_imitation/checkpoints/flow/polishing/single_cam/20260809_1638,492.8009338378906,329.1636047363281,279.9132080078125,0.003990008030086756,-0.0620703399181366,2.675180673599243,1.6930292844772339,1.540658950805664,-0.383273184299469,493.3029479980469,327.86004638671875,280.1476745605469,0.004339203704148531,-0.062401168048381805,2.6828432083129883,0.0,0.0,0.0,0,0
1786431204.0068333,6.140628096,APPROACH,FLOW,/home/eunseop/nrs_imitation/checkpoints/flow/polishing/single_cam/20260809_1638,492.8066101074219,329.1242980957031,279.9382629394531,0.0041542076505720615,-0.061921339482069016,2.675278425216675,-1.254014015197754,1.9847739934921265,0.9534865617752075,493.36376953125,327.80340576171875,280.2197265625,0.004342800471931696,-0.06245142221450806,2.683738946914673,0.0,0.0,0.0,0,0
1786431204.0132256,6.147020047999831,APPROACH,FLOW,/home/eunseop/nrs_imitation/checkpoints/flow/polishing/single_cam/20260809_1638,492.876220703125,329.05877685546875,280.0550842285156,0.0042202528566122055,-0.06200934574007988,2.6754837036132812,-2.282606363296509,3.5468344688415527,0.6874734163284302,493.4043884277344,327.7655334472656,280.2679443359375,0.004345205146819353,-0.062485020607709885,2.684337854385376,0.0,0.0,0.0,0,0
1786431204.0212204,6.155015115999959,APPROACH,FLOW,/home/eunseop/nrs_imitation/checkpoints/flow/polishing/single_cam/20260809_1638,492.93646240234375,328.9776916503906,280.0614929199219,0.004319327883422375,-0.06194673478603363,2.676192283630371,-0.41140082478523254,4.073850631713867,0.7367467284202576,493.45440673828125,327.7189636230469,280.32720947265625,0.004348163492977619,-0.06252634525299072,2.6850745677948,0.0,0.0,0.0,0,0
1786431204.0291953,6.162989956000274,APPROACH,FLOW,/home/eunseop/nrs_imitation/checkpoints/flow/polishing/single_cam/20260809_1638,492.9858703613281,328.9473571777344,280.1505126953125,0.0043358649127185345,-0.062024399638175964,2.6775238513946533,-1.3526334762573242,3.374244213104248,1.5470010042190552,493.5038757324219,327.6728515625,280.3858947753906,0.004351091105490923,-0.06256724894046783,2.6858036518096924,0.0,0.0,0.0,0,0
1786431204.0373626,6.171157474999745,APPROACH,FLOW,/home/eunseop/nrs_imitation/checkpoints/flow/polishing/single_cam/20260809_1638,493.0140686035156,328.8533935546875,280.24578857421875,0.004355620592832565,-0.06205246224999428,2.678962469100952,-2.618849754333496,2.5609381198883057,2.839399576187134,493.55322265625,327.62689208984375,280.44439697265625,0.0043540108017623425,-0.0626080334186554,2.6865310668945312,0.0,0.0,0.0,0,0
1786431204.0453286,6.179123398000229,APPROACH,FLOW,/home/eunseop/nrs_imitation/checkpoints/flow/polishing/single_cam/20260809_1638,493.0804138183594,328.8332214355469,280.34307861328125,0.004371277987957001,-0.062228698283433914,2.680401086807251,0.35938337445259094,2.1950230598449707,1.0653997659683228,493.60174560546875,327.5817565917969,280.50189208984375,0.004356877878308296,-0.06264810264110565,2.6872451305389404,0.0,0.0,0.0,0,0
1786431204.0532124,6.187007002999962,APPROACH,FLOW,/home/eunseop/nrs_imitation/checkpoints/flow/polishing/single_cam/20260809_1638,493.1969299316406,328.7356262207031,280.44287109375,0.004226718097925186,-0.06232791766524315,2.681443452835083,0.5245930552482605,2.1694118976593018,1.700466275215149,493.64935302734375,327.5373840332031,280.5583190917969,0.004359695594757795,-0.0626874640583992,2.6879465579986572,0.0,0.0,0.0,0,0
1786431204.0611918,6.194986161000088,APPROACH,FLOW,/home/eunseop/nrs_imitation/checkpoints/flow/polishing/single_cam/20260809_1638,493.2969970703125,328.69976806640625,280.5628967285156,0.004083062522113323,-0.06247495114803314,2.6823291778564453,2.3939695358276367,0.936149001121521,1.024388074874878,493.69677734375,327.4931640625,280.6145935058594,0.004362503532320261,-0.062726691365242,2.688645839691162,0.0,0.0,0.0,0,0
1786431204.0693662,6.20316108499992,APPROACH,FLOW,/home/eunseop/nrs_imitation/checkpoints/flow/polishing/single_cam/20260809_1638,493.4078063964844,328.6462097167969,280.63104248046875,0.003925901837646961,-0.0625140517950058,2.6830360889434814,3.3178811073303223,0.3988557457923889,0.3374558985233307,493.7441101074219,327.4491271972656,280.6706848144531,0.004365301690995693,-0.06276578456163406,2.689342975616455,0.0,0.0,0.0,0,0
1786431204.0772161,6.211010773999988,APPROACH,FLOW,/home/eunseop/nrs_imitation/checkpoints/flow/polishing/single_cam/20260809_1638,493.425537109375,328.65478515625,280.65850830078125,0.003948242403566837,-0.06258507072925568,2.6835997104644775,2.4198524951934814,1.4965131282806396,0.29554781317710876,493.7901916503906,327.40618896484375,280.725341796875,0.004368029534816742,-0.06280389428138733,2.6900222301483154,0.0,0.0,0.0,0,0
1786431204.0852807,6.219075607000377,APPROACH,FLOW,/home/eunseop/nrs_imitation/checkpoints/flow/polishing/single_cam/20260809_1638,493.4207458496094,328.6076965332031,280.62152099609375,0.003979401662945747,-0.06250534951686859,2.6840195655822754,0.039215005934238434,2.1770176887512207,1.4769192934036255,493.83624267578125,327.3633117675781,280.7799072265625,0.00437075225636363,-0.06284193694591522,2.6907002925872803,0.0,0.0,0.0,0,0
1786431204.0932043,6.226998707000348,APPROACH,FLOW,/home/eunseop/nrs_imitation/checkpoints/flow/polishing/single_cam/20260809_1638,493.38751220703125,328.6222839355469,280.6383361816406,0.004101146943867207,-0.06250874698162079,2.6843924522399902,-0.8066644668579102,3.2180330753326416,-0.8067924380302429,493.88153076171875,327.3211364746094,280.8336181640625,0.004373431671410799,-0.06287937611341476,2.6913673877716064,0.0,0.0,0.0,0,0
1786431204.1011853,6.234979978999945,APPROACH,FLOW,/home/eunseop/nrs_imitation/checkpoints/flow/polishing/single_cam/20260809_1638,493.338623046875,328.5744323730469,280.6187438964844,0.004315375350415707,-0.06236238777637482,2.684910297393799,-4.338100433349609,3.603583574295044,2.4057533740997314,493.9264221191406,327.2793273925781,280.8868103027344,0.004376085940748453,-0.06291645765304565,2.692028760910034,0.0,0.0,0.0,0,0
1786431204.109179,6.242973715000517,APPROACH,FLOW,/home/eunseop/nrs_imitation/checkpoints/flow/polishing/single_cam/20260809_1638,493.3645324707031,328.5599365234375,280.6713562011719,0.004425151273608208,-0.06239647418260574,2.6856424808502197,-2.576183557510376,2.8653106689453125,1.7253025770187378,493.97076416015625,327.2380065917969,280.93939208984375,0.0043787104077637196,-0.06295312196016312,2.6926822662353516,0.0,0.0,0.0,0,0
1786431204.1172028,6.250997388000542,APPROACH,FLOW,/home/eunseop/nrs_imitation/checkpoints/flow/polishing/single_cam/20260809_1638,493.4517517089844,328.53564453125,280.75653076171875,0.004243639297783375,-0.06255364418029785,2.6863956451416016,-0.0826181024312973,3.8108105659484863,0.9314092397689819,494.0146179199219,327.1971740722656,280.99139404296875,0.004381305072456598,-0.06298936903476715,2.693328380584717,0.0,0.0,0.0,0,0
1786431204.1252089,6.259003478000523,APPROACH,FLOW,/home/eunseop/nrs_imitation/checkpoints/flow/polishing/single_cam/20260809_1638,493.5305480957031,328.5267028808594,280.84429931640625,0.004164224490523338,-0.06273883581161499,2.6868624687194824,0.7058013081550598,2.7761902809143066,1.09260892868042,494.0579528808594,327.15679931640625,281.0427551269531,0.00438386807218194,-0.06302518397569656,2.693966865539551,0.0,0.0,0.0,0,0
1786431204.1331894,6.266984089000289,APPROACH,FLOW,/home/eunseop/nrs_imitation/checkpoints/flow/polishing/single_cam/20260809_1638,493.6084289550781,328.46807861328125,280.8978271484375,0.004090900532901287,-0.06273764371871948,2.6872942447662354,0.7350561618804932,2.1144814491271973,-0.7212507128715515,494.1007385253906,327.1169738769531,281.0934753417969,0.004386399406939745,-0.06306054443120956,2.6945972442626953,0.0,0.0,0.0,0,0
1786431204.141252,6.275046857999769,APPROACH,FLOW,/home/eunseop/nrs_imitation/checkpoints/flow/polishing/single_cam/20260809_1638,493.68798828125,328.38934326171875,281.01922607421875,0.004063228610903025,-0.06278384476900101,2.687737226486206,-0.03311072662472725,1.0384763479232788,0.5475412607192993,494.14312744140625,327.0774841308594,281.14373779296875,0.00438890652731061,-0.0630955770611763,2.695221424102783,0.0,0.0,0.0,0,0
1786431204.149238,6.283032739000191,APPROACH,FLOW,/home/eunseop/nrs_imitation/checkpoints/flow/polishing/single_cam/20260809_1638,493.7578125,328.29119873046875,281.0883483886719,0.004095972049981356,-0.06280339509248734,2.688589572906494,1.4695169925689697,1.6865136623382568,0.3288440704345703,494.18487548828125,327.0386047363281,281.1932373046875,0.004391377326101065,-0.06313009560108185,2.6958367824554443,0.0,0.0,0.0,0,0
1786431204.1581688,6.29196345299988,APPROACH,FLOW,/home/eunseop/nrs_imitation/checkpoints/flow/polishing/single_cam/20260809_1638,493.7578125,328.29119873046875,281.0883483886719,0.004095972049981356,-0.06280339509248734,2.688589572906494,1.4695169925689697,1.6865136623382568,0.3288440704345703,494.23089599609375,326.9957275390625,281.247802734375,0.004394099581986666,-0.06316812336444855,2.696514844894409,0.0,0.0,0.0,0,0
1786431204.165189,6.2989836300002935,APPROACH,FLOW,/home/eunseop/nrs_imitation/checkpoints/flow/polishing/single_cam/20260809_1638,493.8898010253906,328.1827392578125,281.26458740234375,0.004099057521671057,-0.06290595978498459,2.691108465194702,0.5531330108642578,2.4197518825531006,1.0877294540405273,494.2666320800781,326.96240234375,281.29022216796875,0.004396215546876192,-0.06319769471883774,2.6970417499542236,0.0,0.0,0.0,0,0
1786431204.1731894,6.306983919000231,APPROACH,FLOW,/home/eunseop/nrs_imitation/checkpoints/flow/polishing/single_cam/20260809_1638,493.9484558105469,328.1932373046875,281.39227294921875,0.004049387294799089,-0.06311357766389847,2.6923062801361084,-0.0006203577504493296,1.5539404153823853,1.268160104751587,494.30682373046875,326.925048828125,281.3377990722656,0.004398590885102749,-0.06323087960481644,2.6976335048675537,0.0,0.0,0.0,0,0
1786431204.1812127,6.31500736199996,APPROACH,FLOW,/home/eunseop/nrs_imitation/checkpoints/flow/polishing/single_cam/20260809_1638,493.98980712890625,328.1351013183594,281.4406433105469,0.0040907468646764755,-0.0631304606795311,2.693049907684326,-0.8385291695594788,2.9765400886535645,2.1650390625,494.346435546875,326.8880920410156,281.3847961425781,0.004400935489684343,-0.06326363980770111,2.6982173919677734,0.0,0.0,0.0,0,0
1786431204.1891932,6.3229878330002975,APPROACH,FLOW,/home/eunseop/nrs_imitation/checkpoints/flow/polishing/single_cam/20260809_1638,493.9880676269531,328.140625,281.4834899902344,0.004063074477016926,-0.06319299340248108,2.6936612129211426,-1.1673343181610107,2.631664276123047,1.9724749326705933,494.385498046875,326.8516845703125,281.4311218261719,0.004403247497975826,-0.06329593807458878,2.6987931728363037,0.0,0.0,0.0,0,0
1786431204.197217,6.331011616000069,APPROACH,FLOW,/home/eunseop/nrs_imitation/checkpoints/flow/polishing/single_cam/20260809_1638,494.0308837890625,328.14959716796875,281.5648498535156,0.0040338123217225075,-0.06332650035619736,2.694080352783203,-0.36066934466362,3.1355228424072266,0.7719524502754211,494.4241943359375,326.815673828125,281.47698974609375,0.004405534826219082,-0.06332789361476898,2.6993629932403564,0.0,0.0,0.0,0,0
1786431204.2052085,6.339003277999836,APPROACH,FLOW,/home/eunseop/nrs_imitation/checkpoints/flow/polishing/single_cam/20260809_1638,494.0886535644531,328.0614318847656,281.61322021484375,0.004048854578286409,-0.06336092948913574,2.694584608078003,-1.1618043184280396,1.8913215398788452,2.43381404876709,494.46209716796875,326.7803955078125,281.52191162109375,0.004407776985317469,-0.06335922330617905,2.699921131134033,0.0,0.0,0.0,0,0
1786431204.213183,6.3469775769999615,APPROACH,FLOW,/home/eunseop/nrs_imitation/checkpoints/flow/polishing/single_cam/20260809_1638,494.1490173339844,328.0455627441406,281.6715087890625,0.004082381725311279,-0.06339395046234131,2.695352077484131,0.38849911093711853,2.7143642902374268,1.2063302993774414,494.49957275390625,326.7454528808594,281.5663757324219,0.004409994464367628,-0.06339019536972046,2.7004733085632324,0.0,0.0,0.0,0,0
1786431204.2211888,6.35498338600064,APPROACH,FLOW,/home/eunseop/nrs_imitation/checkpoints/flow/polishing/single_cam/20260809_1638,494.225341796875,327.9601135253906,281.7252502441406,0.004000955261290073,-0.06332419067621231,2.6961076259613037,2.1903085708618164,2.5319676399230957,0.17791512608528137,494.5364990234375,326.7110595703125,281.6101379394531,0.004412179347127676,-0.06342073529958725,2.7010176181793213,0.0,0.0,0.0,0,0
1786431204.2292035,6.362997922000432,APPROACH,FLOW,/home/eunseop/nrs_imitation/checkpoints/flow/polishing/single_cam/20260809_1638,494.28607177734375,327.9285583496094,281.756103515625,0.004047394264489412,-0.06340084224939346,2.6968274116516113,0.6414443850517273,2.4387526512145996,1.1620315313339233,494.5728759765625,326.67718505859375,281.6532897949219,0.0044143320992589,-0.06345079839229584,2.7015535831451416,0.0,0.0,0.0,0,0
1786431204.2371998,6.3709945740001785,APPROACH,FLOW,/home/eunseop/nrs_imitation/checkpoints/flow/polishing/single_cam/20260809_1638,494.3276672363281,327.83685302734375,281.7903747558594,0.004014923702925444,-0.06335257738828659,2.697427749633789,-0.22836017608642578,1.9099711179733276,1.4010319709777832,494.6087341308594,326.6437683105469,281.69580078125,0.0044164531864225864,-0.063480444252491,2.7020819187164307,0.0,0.0,0.0,0,0
1786431204.2451835,6.378978010000537,APPROACH,FLOW,/home/eunseop/nrs_imitation/checkpoints/flow/polishing/single_cam/20260809_1638,494.3399963378906,327.80352783203125,281.8097839355469,0.004023614805191755,-0.06337825208902359,2.697943687438965,0.44114500284194946,2.463026523590088,0.9134386777877808,494.64404296875,326.61090087890625,281.7376403808594,0.004418541211634874,-0.06350961327552795,2.702601909637451,0.0,0.0,0.0,0,0
1786431204.253204,6.386998808000499,APPROACH,FLOW,/home/eunseop/nrs_imitation/checkpoints/flow/polishing/single_cam/20260809_1638,494.37603759765625,327.80120849609375,281.8377380371094,0.003925614058971405,-0.06343497335910797,2.698362112045288,0.5303502678871155,3.3677966594696045,0.6615555882453918,494.67877197265625,326.5785217285156,281.7788391113281,0.004420597571879625,-0.06353834271430969,2.7031140327453613,0.0,0.0,0.0,0,0
1786431204.2611957,6.39499023999997,APPROACH,FLOW,/home/eunseop/nrs_imitation/checkpoints/flow/polishing/single_cam/20260809_1638,494.3934326171875,327.7839660644531,281.8466796875,0.003945396281778812,-0.06345480680465698,2.6985301971435547,-0.27674102783203125,1.446348786354065,1.337887167930603,494.7130126953125,326.5466613769531,281.8193664550781,0.004422621335834265,-0.06356661021709442,2.703618049621582,0.0,0.0,0.0,0,0
1786431204.2692006,6.402995336999993,APPROACH,FLOW,/home/eunseop/nrs_imitation/checkpoints/flow/polishing/single_cam/20260809_1638,494.3985290527344,327.76898193359375,281.8878479003906,0.003910499159246683,-0.06350398808717728,2.6988413333892822,-0.17926502227783203,2.2734792232513428,-0.7203905582427979,494.7466735839844,326.51531982421875,281.85931396484375,0.00442461296916008,-0.06359443813562393,2.7041139602661133,0.0,0.0,0.0,0,0
1786431204.277191,6.410985616999824,APPROACH,FLOW,/home/eunseop/nrs_imitation/checkpoints/flow/polishing/single_cam/20260809_1638,494.38525390625,327.71697998046875,281.89263916015625,0.004032053519040346,-0.06332587450742722,2.6993467807769775,-1.9086889028549194,2.8002281188964844,1.7868677377700806,494.77978515625,326.4844665527344,281.8985595703125,0.004426571540534496,-0.06362181156873703,2.704602003097534,0.0,0.0,0.0,0,0
1786431204.2851784,6.418972950000352,APPROACH,FLOW,/home/eunseop/nrs_imitation/checkpoints/flow/polishing/single_cam/20260809_1638,494.4314270019531,327.6432800292969,281.94488525390625,0.004107657354325056,-0.06328258663415909,2.6999473571777344,-1.726459264755249,2.9733340740203857,0.5672394633293152,494.8123474121094,326.4541320800781,281.9371643066406,0.004428497981280088,-0.06364871561527252,2.7050817012786865,0.0,0.0,0.0,0,0
1786431204.2948253,6.4286198999998305,APPROACH,FLOW,/home/eunseop/nrs_imitation/checkpoints/flow/polishing/single_cam/20260809_1638,494.4314270019531,327.6432800292969,281.94488525390625,0.004107657354325056,-0.06328258663415909,2.6999473571777344,-1.726459264755249,2.9733340740203857,0.5672394633293152,494.85076904296875,326.4183349609375,281.98272705078125,0.0044307708740234375,-0.06368046998977661,2.7056477069854736,0.0,0.0,0.0,0,0
1786431204.3011992,6.434993646000294,APPROACH,FLOW,/home/eunseop/nrs_imitation/checkpoints/flow/polishing/single_cam/20260809_1638,494.5489501953125,327.5816345214844,282.0775146484375,0.004056617151945829,-0.06339406222105026,2.701470375061035,0.46515142917633057,2.423344850540161,0.9269986152648926,494.87579345703125,326.3950500488281,282.01239013671875,0.004432251211255789,-0.06370115280151367,2.7060163021087646,0.0,0.0,0.0,0,0
1786431204.309184,6.44297845500023,APPROACH,FLOW,/home/eunseop/nrs_imitation/checkpoints/flow/polishing/single_cam/20260809_1638,494.60845947265625,327.4772033691406,282.1084899902344,0.00407854188233614,-0.0633772611618042,2.7020578384399414,-0.5424432754516602,1.9439014196395874,1.933690071105957,494.9066467285156,326.3662414550781,282.04901123046875,0.004434078931808472,-0.06372669339179993,2.7064716815948486,0.0,0.0,0.0,0,0
1786431204.317238,6.45103264699992,APPROACH,FLOW,/home/eunseop/nrs_imitation/checkpoints/flow/polishing/single_cam/20260809_1638,494.6629333496094,327.47113037109375,282.1560363769531,0.004036493133753538,-0.06349184364080429,2.7025856971740723,1.5948460102081299,1.9848664999008179,0.7687838673591614,494.9371032714844,326.3379211425781,282.0850830078125,0.004435879178345203,-0.06375183910131454,2.7069199085235596,0.0,0.0,0.0,0,0
1786431204.3252106,6.459005213000637,APPROACH,FLOW,/home/eunseop/nrs_imitation/checkpoints/flow/polishing/single_cam/20260809_1638,494.673583984375,327.48931884765625,282.1920471191406,0.004052889533340931,-0.06361305713653564,2.703028440475464,1.3087048530578613,2.395002603530884,0.8760323524475098,494.966796875,326.3102722167969,282.1202697753906,0.004437635652720928,-0.06377637386322021,2.707357168197632,0.0,0.0,0.0,0,0
1786431204.3332043,6.466998758000045,APPROACH,FLOW,/home/eunseop/nrs_imitation/checkpoints/flow/polishing/single_cam/20260809_1638,494.6728515625,327.4856262207031,282.205810546875,0.004049493465572596,-0.06364116817712784,2.7033286094665527,0.504580020904541,2.1504666805267334,1.9521183967590332,494.9960021972656,326.2830810546875,282.1549072265625,0.004439362790435553,-0.06380050629377365,2.70778751373291,0.0,0.0,0.0,0,0
1786431204.3422117,6.476006441000209,APPROACH,FLOW,/home/eunseop/nrs_imitation/checkpoints/flow/polishing/single_cam/20260809_1638,494.6687316894531,327.46771240234375,282.2011413574219,0.004084886517375708,-0.0635969415307045,2.7036526203155518,1.274950623512268,2.372220993041992,0.1347348541021347,495.0282287597656,326.2530822753906,282.193115234375,0.004441268742084503,-0.06382714211940765,2.7082622051239014,0.0,0.0,0.0,0,0
1786431204.349194,6.482988695000131,APPROACH,FLOW,/home/eunseop/nrs_imitation/checkpoints/flow/polishing/single_cam/20260809_1638,494.6885070800781,327.432373046875,282.2684326171875,0.00410073809325695,-0.06360843777656555,2.7041683197021484,-2.0144119262695312,2.902597665786743,1.8356493711471558,495.052734375,326.2302551269531,282.22216796875,0.0044427188113331795,-0.06384740024805069,2.7086234092712402,0.0,0.0,0.0,0,0
1786431204.357256,6.491050602000541,APPROACH,FLOW,/home/eunseop/nrs_imitation/checkpoints/flow/polishing/single_cam/20260809_1638,494.6953430175781,327.370849609375,282.2389831542969,0.00424213008955121,-0.06352284550666809,2.7047455310821533,-1.9787092208862305,2.675398111343384,1.3316301107406616,495.080322265625,326.20452880859375,282.2549133300781,0.004444352816790342,-0.06387022882699966,2.7090301513671875,0.0,0.0,0.0,0,0
1786431204.3652046,6.498999131000346,APPROACH,FLOW,/home/eunseop/nrs_imitation/checkpoints/flow/polishing/single_cam/20260809_1638,494.7692565917969,327.3076477050781,282.3122253417969,0.004160802345722914,-0.06352652609348297,2.70540452003479,-0.04628008231520653,3.270073890686035,0.16584017872810364,495.10723876953125,326.17950439453125,282.2867736816406,0.004445942118763924,-0.0638924390077591,2.709425926208496,0.0,0.0,0.0,0,0
1786431204.3731856,6.506980072999795,APPROACH,FLOW,/home/eunseop/nrs_imitation/checkpoints/flow/polishing/single_cam/20260809_1638,494.8428039550781,327.28778076171875,282.35223388671875,0.0041063809767365456,-0.06358448415994644,2.7061359882354736,-1.12026047706604,3.110569953918457,1.4522790908813477,495.1335754394531,326.1549377441406,282.3180236816406,0.004447502549737692,-0.0639142319560051,2.7098147869110107,0.0,0.0,0.0,0,0
1786431204.3812373,6.5150317699999505,APPROACH,FLOW,/home/eunseop/nrs_imitation/checkpoints/flow/polishing/single_cam/20260809_1638,494.88604736328125,327.2301330566406,282.4070739746094,0.0041040158830583096,-0.0635886862874031,2.7066760063171387,-0.32031169533729553,2.244018793106079,0.5101297497749329,495.1594543457031,326.13079833984375,282.3487243652344,0.004449034109711647,-0.06393563002347946,2.710196018218994,0.0,0.0,0.0,0,0
1786431204.3892004,6.52299494700037,APPROACH,FLOW,/home/eunseop/nrs_imitation/checkpoints/flow/polishing/single_cam/20260809_1638,494.95880126953125,327.2012634277344,282.5099792480469,0.003976146690547466,-0.06375070661306381,2.707225799560547,0.6236352920532227,1.337075114250183,0.7828238606452942,495.18463134765625,326.1073913574219,282.3785400390625,0.00445052282884717,-0.06395642459392548,2.710566759109497,0.0,0.0,0.0,0,0
1786431204.3972347,6.5310291710002275,APPROACH,FLOW,/home/eunseop/nrs_imitation/checkpoints/flow/polishing/single_cam/20260809_1638,495.00115966796875,327.16033935546875,282.5687255859375,0.003974038176238537,-0.06379181891679764,2.707705497741699,1.539954662322998,2.331235647201538,0.5225525498390198,495.2093811035156,326.0843200683594,282.4078674316406,0.004451986867934465,-0.06397688388824463,2.7109315395355225,0.0,0.0,0.0,0,0
1786431204.405241,6.539035652000166,APPROACH,FLOW,/home/eunseop/nrs_imitation/checkpoints/flow/polishing/single_cam/20260809_1638,495.0502014160156,327.1306457519531,282.5767517089844,0.003939651418477297,-0.06386447697877884,2.708017110824585,1.4526828527450562,1.4965511560440063,1.6331477165222168,495.2335205078125,326.06182861328125,282.4365234375,0.004453415051102638,-0.06399683654308319,2.711287260055542,0.0,0.0,0.0,0,0
1786431204.4133515,6.547146322000117,APPROACH,FLOW,/home/eunseop/nrs_imitation/checkpoints/flow/polishing/single_cam/20260809_1638,495.1125793457031,327.14306640625,282.64654541015625,0.003783025313168764,-0.06396005302667618,2.7083396911621094,1.1978236436843872,1.218277096748352,0.7195107936859131,495.257080078125,326.03985595703125,282.4644470214844,0.00445480877533555,-0.06401631236076355,2.7116341590881348,0.0,0.0,0.0,0,0
1786431204.4212227,6.555017263000082,APPROACH,FLOW,/home/eunseop/nrs_imitation/checkpoints/flow/polishing/single_cam/20260809_1638,495.07879638671875,327.196533203125,282.67071533203125,0.0038053200114518404,-0.06405512243509293,2.7085909843444824,0.5978017449378967,1.5832828283309937,1.5603728294372559,495.2798767089844,326.0186767578125,282.491455078125,0.004456156399101019,-0.06403513252735138,2.7119696140289307,0.0,0.0,0.0,0,0
1786431204.4292173,6.563011860000188,APPROACH,FLOW,/home/eunseop/nrs_imitation/checkpoints/flow/polishing/single_cam/20260809_1638,495.0644226074219,327.14373779296875,282.61395263671875,0.003946005832403898,-0.06385734677314758,2.70878529548645,-0.1157696396112442,2.701897144317627,0.39539599418640137,495.3022155761719,325.9978332519531,282.5179443359375,0.004457478877156973,-0.06405361741781235,2.712299346923828,0.0,0.0,0.0,0,0
1786431204.4371989,6.570993371999975,APPROACH,FLOW,/home/eunseop/nrs_imitation/checkpoints/flow/polishing/single_cam/20260809_1638,495.02337646484375,327.1350402832031,282.6470642089844,0.004160595126450062,-0.06386072188615799,2.7091939449310303,-2.9746644496917725,2.9497787952423096,1.8360295295715332,495.323974609375,325.9775695800781,282.5437927246094,0.004458767361938953,-0.06407161056995392,2.7126200199127197,0.0,0.0,0.0,0,0
1786431204.4451838,6.578978272000313,APPROACH,FLOW,/home/eunseop/nrs_imitation/checkpoints/flow/polishing/single_cam/20260809_1638,495.061279296875,327.09197998046875,282.65289306640625,0.004208721686154604,-0.06377813965082169,2.7096986770629883,-1.6311172246932983,4.112711429595947,0.9641088843345642,495.3451843261719,325.95782470703125,282.56890869140625,0.004460020922124386,-0.06408912688493729,2.7129323482513428,0.0,0.0,0.0,0,0
1786431204.4533293,6.587124059999951,APPROACH,FLOW,/home/eunseop/nrs_imitation/checkpoints/flow/polishing/single_cam/20260809_1638,495.0798645019531,327.0628662109375,282.7077331542969,0.004229609854519367,-0.06381336599588394,2.7102622985839844,0.20139215886592865,3.4914932250976562,-0.25357574224472046,495.365966796875,325.9385070800781,282.5935363769531,0.004461249336600304,-0.0641062930226326,2.71323823928833,0.0,0.0,0.0,0,0
1786431204.4613485,6.595143375000589,APPROACH,FLOW,/home/eunseop/nrs_imitation/checkpoints/flow/polishing/single_cam/20260809_1638,495.1234130859375,327.0235900878906,282.73175048828125,0.004245758522301912,-0.06382372975349426,2.7106945514678955,-0.9505335688591003,2.6859822273254395,1.7927277088165283,495.3860168457031,325.9198303222656,282.6172790527344,0.004462434444576502,-0.06412284821271896,2.713533401489258,0.0,0.0,0.0,0,0
1786431204.46933,6.603124917000059,APPROACH,FLOW,/home/eunseop/nrs_imitation/checkpoints/flow/polishing/single_cam/20260809_1638,495.1469421386719,326.98675537109375,282.8022155761719,0.0042593637481331825,-0.06390803307294846,2.711125612258911,0.09106306731700897,1.9381681680679321,0.982231616973877,495.4053955078125,325.9017333984375,282.64031982421875,0.004463584162294865,-0.06413891911506653,2.713819742202759,0.0,0.0,0.0,0,0
1786431204.4773483,6.611143090000041,APPROACH,FLOW,/home/eunseop/nrs_imitation/checkpoints/flow/polishing/single_cam/20260809_1638,495.2154846191406,326.96917724609375,282.8698425292969,0.004140987992286682,-0.0639939233660698,2.711508274078369,2.1277201175689697,1.4565869569778442,0.7935564517974854,495.42425537109375,325.8841857910156,282.66265869140625,0.004464698955416679,-0.0641544833779335,2.714097499847412,0.0,0.0,0.0,0,0
1786431204.4853253,6.619120054000632,APPROACH,FLOW,/home/eunseop/nrs_imitation/checkpoints/flow/polishing/single_cam/20260809_1638,495.253662109375,326.931396484375,282.8885498046875,0.004148187581449747,-0.06406484544277191,2.7116527557373047,1.639043927192688,1.3206342458724976,1.1941499710083008,495.4425354003906,325.8671875,282.6842956542969,0.004465779289603233,-0.06416958570480347,2.7143664360046387,0.0,0.0,0.0,0,0
1786431204.4933228,6.627117517000443,APPROACH,FLOW,/home/eunseop/nrs_imitation/checkpoints/flow/polishing/single_cam/20260809_1638,495.253662109375,326.931396484375,282.8885498046875,0.004148187581449747,-0.06406484544277191,2.7116527557373047,1.639043927192688,1.3206342458724976,1.1941499710083008,495.460205078125,325.8507080078125,282.70526123046875,0.004466824699193239,-0.06418418884277344,2.7146265506744385,0.0,0.0,0.0,0,0
1786431204.5012941,6.635088689999975,APPROACH,FLOW,/home/eunseop/nrs_imitation/checkpoints/flow/polishing/single_cam/20260809_1638,495.25634765625,326.9165954589844,282.9208679199219,0.004111728630959988,-0.06407863646745682,2.712083339691162,0.3904629349708557,1.471633791923523,0.7768353223800659,495.4772033691406,325.8348693847656,282.72540283203125,0.004467830061912537,-0.06419823318719864,2.714877128601074,0.0,0.0,0.0,0,0
1786431204.509326,6.6431208900003185,APPROACH,FLOW,/home/eunseop/nrs_imitation/checkpoints/flow/polishing/single_cam/20260809_1638,495.26025390625,326.9330139160156,282.92437744140625,0.00415264954790473,-0.06409511715173721,2.712395668029785,-1.2315679788589478,2.9755771160125732,0.7376226782798767,495.4937438964844,325.8194580078125,282.7450256347656,0.004468809813261032,-0.06421192735433578,2.715121269226074,0.0,0.0,0.0,0,0
1786431204.5173204,6.6511150870001075,APPROACH,FLOW,/home/eunseop/nrs_imitation/checkpoints/flow/polishing/single_cam/20260809_1638,495.25408935546875,326.9473571777344,282.9335632324219,0.0042588720098137856,-0.06412914395332336,2.7127203941345215,-1.9247902631759644,2.9091861248016357,1.7516634464263916,495.5096435546875,325.8046569824219,282.76385498046875,0.004469749983400106,-0.06422505527734756,2.715355396270752,0.0,0.0,0.0,0,0
1786431204.525347,6.659141856000133,APPROACH,FLOW,/home/eunseop/nrs_imitation/checkpoints/flow/polishing/single_cam/20260809_1638,495.2550964355469,326.92059326171875,282.9134826660156,0.004283216316252947,-0.064039446413517,2.7129852771759033,-0.5433616042137146,3.1655757427215576,1.7109473943710327,495.52496337890625,325.7904052734375,282.7820129394531,0.004470654763281345,-0.06423769891262054,2.715580463409424,0.0,0.0,0.0,0,0
1786431204.5333304,6.667125081999984,APPROACH,FLOW,/home/eunseop/nrs_imitation/checkpoints/flow/polishing/single_cam/20260809_1638,495.2569885253906,326.8591003417969,282.9292297363281,0.004268583841621876,-0.06394722312688828,2.7132973670959473,-0.21743738651275635,3.718454360961914,0.6226769685745239,495.5396423339844,325.7767333984375,282.7994384765625,0.004471524152904749,-0.06424984335899353,2.715796947479248,0.0,0.0,0.0,0,0
1786431204.5413208,6.675115320999794,APPROACH,FLOW,/home/eunseop/nrs_imitation/checkpoints/flow/polishing/single_cam/20260809_1638,495.2715148925781,326.8980407714844,282.9773254394531,0.004354099277406931,-0.06411069631576538,2.7137763500213623,-2.3052914142608643,2.2166154384613037,1.9306490421295166,495.5537109375,325.76361083984375,282.8161315917969,0.004472356755286455,-0.06426148116588593,2.7160043716430664,0.0,0.0,0.0,0,0
1786431204.5493448,6.683139616000517,APPROACH,FLOW,/home/eunseop/nrs_imitation/checkpoints/flow/polishing/single_cam/20260809_1638,495.3175048828125,326.8211975097656,283.0154724121094,0.004321854095906019,-0.06407357007265091,2.714111804962158,0.2154611498117447,2.423149585723877,0.5302700400352478,495.56719970703125,325.75103759765625,282.8321228027344,0.004473155364394188,-0.06427263468503952,2.716203451156616,0.0,0.0,0.0,0,0
1786431204.557351,6.691145786000561,APPROACH,FLOW,/home/eunseop/nrs_imitation/checkpoints/flow/polishing/single_cam/20260809_1638,495.3559875488281,326.7862548828125,283.04632568359375,0.004332816693931818,-0.06409712880849838,2.7144715785980225,1.79506516456604,2.1477999687194824,0.5472362637519836,495.5801086425781,325.7390441894531,282.847412109375,0.004473918117582798,-0.06428328901529312,2.71639347076416,0.0,0.0,0.0,0,0
1786431204.5653274,6.699122138999883,APPROACH,FLOW,/home/eunseop/nrs_imitation/checkpoints/flow/polishing/single_cam/20260809_1638,495.45477294921875,326.7720947265625,283.1499328613281,0.0041587031446397305,-0.06428118795156479,2.7147583961486816,1.8447586297988892,1.735103964805603,0.682823657989502,495.5923767089844,325.7275695800781,282.8619689941406,0.004474644549190998,-0.06429343670606613,2.7165744304656982,0.0,0.0,0.0,0,0
1786431204.5733237,6.707118410000476,APPROACH,FLOW,/home/eunseop/nrs_imitation/checkpoints/flow/polishing/single_cam/20260809_1638,495.45477294921875,326.7766418457031,283.1570129394531,0.0041927676647901535,-0.06427502632141113,2.7150943279266357,1.0765728950500488,1.9000974893569946,-0.3512897491455078,495.6040954589844,325.71673583984375,282.8758239746094,0.004475335590541363,-0.06430309265851974,2.7167463302612305,0.0,0.0,0.0,0,0
1786431204.5813284,6.715123056000266,APPROACH,FLOW,/home/eunseop/nrs_imitation/checkpoints/flow/polishing/single_cam/20260809_1638,495.4541015625,326.7596435546875,283.1540222167969,0.004234872758388519,-0.0642533004283905,2.7153942584991455,-0.26037511229515076,2.2103359699249268,1.3346811532974243,495.6151428222656,325.7064208984375,282.8889465332031,0.0044759903103113174,-0.06431224197149277,2.716909408569336,0.0,0.0,0.0,0,0
1786431204.5893216,6.723116531999949,APPROACH,FLOW,/home/eunseop/nrs_imitation/checkpoints/flow/polishing/single_cam/20260809_1638,495.4274597167969,326.7328796386719,283.165771484375,0.004350483883172274,-0.06423550099134445,2.715695381164551,-0.3704735338687897,2.673698902130127,0.92375248670578,495.6255798339844,325.6966552734375,282.9013366699219,0.004476609174162149,-0.0643208846449852,2.7170634269714355,0.0,0.0,0.0,0,0
1786431204.5973651,6.731160063000061,APPROACH,FLOW,/home/eunseop/nrs_imitation/checkpoints/flow/polishing/single_cam/20260809_1638,495.4465026855469,326.7485046386719,283.1946105957031,0.004337629768997431,-0.06431476771831512,2.7159345149993896,-0.9768613576889038,2.249208688735962,1.3902943134307861,495.63543701171875,325.6875,282.91302490234375,0.004477192182093859,-0.06432902812957764,2.7172088623046875,0.0,0.0,0.0,0,0
1786431204.605213,6.73900742800015,APPROACH,FLOW,/home/eunseop/nrs_imitation/checkpoints/flow/polishing/single_cam/20260809_1638,495.446533203125,326.7530822753906,283.2032165527344,0.004349903669208288,-0.06435035914182663,2.716186046600342,-0.5062798857688904,2.441565990447998,1.5169209241867065,495.6446228027344,325.678955078125,282.92388916015625,0.0044777351431548595,-0.0643366128206253,2.717344045639038,0.0,0.0,0.0,0,0
1786431204.6141229,6.747917413999858,APPROACH,FLOW,/home/eunseop/nrs_imitation/checkpoints/flow/polishing/single_cam/20260809_1638,495.446533203125,326.7530822753906,283.2032165527344,0.004349903669208288,-0.06435035914182663,2.716186046600342,-0.5062798857688904,2.441565990447998,1.5169209241867065,495.6541748046875,325.6700439453125,282.93524169921875,0.004478300455957651,-0.06434451788663864,2.717484712600708,0.0,0.0,0.0,0,0
1786431204.6211903,6.754985042000044,APPROACH,FLOW,/home/eunseop/nrs_imitation/checkpoints/flow/polishing/single_cam/20260809_1638,495.48809814453125,326.728759765625,283.20611572265625,0.004289192613214254,-0.0643085315823555,2.716425895690918,-0.7063745856285095,2.3692543506622314,1.5583453178405762,495.6612548828125,325.6634521484375,282.9436340332031,0.004478719551116228,-0.06435037404298782,2.7175891399383545,0.0,0.0,0.0,0,0
1786431204.6292543,6.763049043000137,APPROACH,FLOW,/home/eunseop/nrs_imitation/checkpoints/flow/polishing/single_cam/20260809_1638,495.4708251953125,326.74774169921875,283.2283935546875,0.0042604003101587296,-0.06439194083213806,2.716569423675537,0.32510367035865784,2.736722707748413,1.166559100151062,495.6686706542969,325.65655517578125,282.9524230957031,0.004479158204048872,-0.0643564984202385,2.717698335647583,0.0,0.0,0.0,0,0
1786431204.6371782,6.770972764000362,APPROACH,FLOW,/home/eunseop/nrs_imitation/checkpoints/flow/polishing/single_cam/20260809_1638,495.49871826171875,326.72772216796875,283.2094421386719,0.004278767853975296,-0.06435028463602066,2.716641902923584,0.9685046076774597,2.347972869873047,0.18273168802261353,495.6754455566406,325.6502380371094,282.96044921875,0.004479558672755957,-0.06436208635568619,2.7177979946136475,0.0,0.0,0.0,0,0
1786431204.6453607,6.779155343000639,APPROACH,FLOW,/home/eunseop/nrs_imitation/checkpoints/flow/polishing/single_cam/20260809_1638,495.4947814941406,326.7071228027344,283.20489501953125,0.0043305461294949055,-0.06431329995393753,2.7168946266174316,-0.40813830494880676,2.1581320762634277,0.8265537023544312,495.681640625,325.6444396972656,282.9678039550781,0.004479925148189068,-0.06436721980571747,2.7178895473480225,0.0,0.0,0.0,0,0
1786431204.6532164,6.7870107429998825,APPROACH,FLOW,/home/eunseop/nrs_imitation/checkpoints/flow/polishing/single_cam/20260809_1638,495.5345153808594,326.6807861328125,283.2055969238281,0.00428979704156518,-0.06423961371183395,2.71703839302063,0.14307965338230133,2.247788906097412,0.6308811902999878,495.6871643066406,325.6393127441406,282.9743347167969,0.0044802515767514706,-0.06437177211046219,2.717970609664917,0.0,0.0,0.0,0,0
1786431204.6612082,6.7950025449999885,APPROACH,FLOW,/home/eunseop/nrs_imitation/checkpoints/flow/polishing/single_cam/20260809_1638,495.5579833984375,326.6715393066406,283.2444763183594,0.004211469553411007,-0.06430009752511978,2.7172534465789795,1.2736142873764038,2.8058536052703857,-0.29001957178115845,495.6920471191406,325.6347351074219,282.9801330566406,0.004480541683733463,-0.06437582522630692,2.718043088912964,0.0,0.0,0.0,0,0
1786431204.6691976,6.802992113000073,APPROACH,FLOW,/home/eunseop/nrs_imitation/checkpoints/flow/polishing/single_cam/20260809_1638,495.5282287597656,326.7049865722656,283.2539978027344,0.004327903036028147,-0.06439192593097687,2.7174453735351562,-0.8857266902923584,2.111074686050415,1.64755117893219,495.69635009765625,325.6307678222656,282.9852294921875,0.004480795934796333,-0.06437938660383224,2.718106269836426,0.0,0.0,0.0,0,0
1786431204.677183,6.810977613999967,APPROACH,FLOW,/home/eunseop/nrs_imitation/checkpoints/flow/polishing/single_cam/20260809_1638,495.54620361328125,326.6851806640625,283.27447509765625,0.004254321567714214,-0.0643780529499054,2.717648983001709,-0.8241881132125854,1.6753026247024536,1.3247331380844116,495.70001220703125,325.6273193359375,282.9895935058594,0.004481012932956219,-0.0643824115395546,2.7181601524353027,0.0,0.0,0.0,0,0
1786431204.6853166,6.819111429000259,APPROACH,FLOW,/home/eunseop/nrs_imitation/checkpoints/flow/polishing/single_cam/20260809_1638,495.5367736816406,326.6658020019531,283.26300048828125,0.004317997023463249,-0.06436026841402054,2.7177212238311768,-0.2958328425884247,2.8046107292175293,1.2346657514572144,495.7030944824219,325.6244812011719,282.99322509765625,0.004481193609535694,-0.06438493728637695,2.718205213546753,0.0,0.0,0.0,0,0
1786431204.6931894,6.826983871999801,APPROACH,FLOW,/home/eunseop/nrs_imitation/checkpoints/flow/polishing/single_cam/20260809_1638,495.5606384277344,326.701416015625,283.2801818847656,0.004224950913339853,-0.06442391872406006,2.7178163528442383,-0.9121518731117249,2.9706153869628906,1.909729242324829,495.7054748535156,325.62225341796875,282.9960632324219,0.00448133610188961,-0.06438693404197693,2.718240737915039,0.0,0.0,0.0,0,0
1786431204.7011807,6.834975163000308,APPROACH,FLOW,/home/eunseop/nrs_imitation/checkpoints/flow/polishing/single_cam/20260809_1638,495.56304931640625,326.7056884765625,283.33721923828125,0.004256842192262411,-0.06446448713541031,2.717864513397217,-0.004862973466515541,1.6564501523971558,0.914749264717102,495.707275390625,325.6205749511719,282.9981689453125,0.004481441807001829,-0.06438840180635452,2.7182669639587402,0.0,0.0,0.0,0,0
1786431204.7092147,6.843009357000483,APPROACH,FLOW,/home/eunseop/nrs_imitation/checkpoints/flow/polishing/single_cam/20260809_1638,495.6130676269531,326.6631164550781,283.3467712402344,0.004168708808720112,-0.06444042176008224,2.7179484367370605,-0.149473637342453,2.3048477172851562,1.633616328239441,495.70843505859375,325.6195068359375,282.9995422363281,0.004481510259211063,-0.06438936293125153,2.7182841300964355,0.0,0.0,0.0,0,0
1786431204.7172148,6.851009384999998,APPROACH,FLOW,/home/eunseop/nrs_imitation/checkpoints/flow/polishing/single_cam/20260809_1638,495.6078186035156,326.6513977050781,283.359130859375,0.00418462511152029,-0.06447339057922363,2.7180564403533936,0.3356957733631134,3.0335421562194824,1.1384682655334473,495.7089538574219,325.6190490722656,283.00018310546875,0.004481540992856026,-0.06438978761434555,2.718291759490967,0.0,0.0,0.0,0,0
1786431204.7265096,6.860304138000174,APPROACH,FLOW,/home/eunseop/nrs_imitation/checkpoints/flow/polishing/single_cam/20260809_1638,495.6078186035156,326.6513977050781,283.359130859375,0.00418462511152029,-0.06447339057922363,2.7180564403533936,0.3356957733631134,3.0335421562194824,1.1384682655334473,495.708984375,325.6189880371094,283.0002136230469,0.004481542855501175,-0.06438981741666794,2.718292236328125,0.0,0.0,0.0,0,0
1786431204.7331994,6.866993870999977,APPROACH,FLOW,/home/eunseop/nrs_imitation/checkpoints/flow/polishing/single_cam/20260809_1638,495.6037292480469,326.6335144042969,283.35418701171875,0.004226337186992168,-0.064425528049469,2.718200922012329,-1.3618608713150024,2.3112142086029053,1.4676049947738647,495.708984375,325.6189880371094,283.0002136230469,0.004481542855501175,-0.06438981741666794,2.718292236328125,0.0,0.0,0.0,0,0
1786431204.7412348,6.875029337000342,APPROACH,FLOW,/home/eunseop/nrs_imitation/checkpoints/flow/polishing/single_cam/20260809_1638,495.6142272949219,326.6498107910156,283.38665771484375,0.004242696333676577,-0.06445903331041336,2.718308925628662,0.04748900607228279,3.243807554244995,0.8364371061325073,495.708984375,325.6189880371094,283.0002136230469,0.004481542855501175,-0.06438981741666794,2.718292236328125,0.0,0.0,0.0,0,0
1786431204.7492096,6.883004256999811,APPROACH,FLOW,/home/eunseop/nrs_imitation/checkpoints/flow/polishing/single_cam/20260809_1638,495.6029968261719,326.6194763183594,283.3581848144531,0.004259015433490276,-0.064393550157547,2.7183570861816406,0.6306700706481934,2.320136308670044,0.319705605506897,495.708984375,325.6189880371094,283.0002136230469,0.004481542855501175,-0.06438981741666794,2.718292236328125,0.0,0.0,0.0,0,0
1786431204.7572308,6.8910253660005765,APPROACH,FLOW,/home/eunseop/nrs_imitation/checkpoints/flow/polishing/single_cam/20260809_1638,495.606201171875,326.60693359375,283.329345703125,0.004311695694923401,-0.0643659383058548,2.718309164047241,-1.5079714059829712,2.418274164199829,1.6422007083892822,495.708984375,325.6189880371094,283.0002136230469,0.004481542855501175,-0.06438981741666794,2.718292236328125,0.0,0.0,0.0,0,0
1786431204.7651958,6.898990296000193,APPROACH,FLOW,/home/eunseop/nrs_imitation/checkpoints/flow/polishing/single_cam/20260809_1638,495.5956115722656,326.6453857421875,283.3554992675781,0.004353055730462074,-0.06442899256944656,2.7183573246002197,-0.33435383439064026,3.091618061065674,0.49153077602386475,495.708984375,325.6189880371094,283.0002136230469,0.004481542855501175,-0.06438981741666794,2.718292236328125,0.0,0.0,0.0,0,0
1786431204.7732153,6.907009762000598,APPROACH,FLOW,/home/eunseop/nrs_imitation/checkpoints/flow/polishing/single_cam/20260809_1638,495.609130859375,326.6337585449219,283.3630676269531,0.004248238168656826,-0.06444578617811203,2.7183685302734375,0.4312592148780823,1.7336164712905884,0.7434552311897278,495.708984375,325.6189880371094,283.0002136230469,0.004481542855501175,-0.06438981741666794,2.718292236328125,0.0,0.0,0.0,0,0
1786431204.781219,6.915013577000536,APPROACH,FLOW,/home/eunseop/nrs_imitation/checkpoints/flow/polishing/single_cam/20260809_1638,495.60400390625,326.64581298828125,283.3492431640625,0.004279125016182661,-0.06442523747682571,2.718404769897461,-1.5661410093307495,2.553291082382202,1.8945072889328003,495.708984375,325.6189880371094,283.0002136230469,0.004481542855501175,-0.06438981741666794,2.718292236328125,0.0,0.0,0.0,0,0
1786431204.7892315,6.9230262900000525,APPROACH,FLOW,/home/eunseop/nrs_imitation/checkpoints/flow/polishing/single_cam/20260809_1638,495.60003662109375,326.62811279296875,283.3808898925781,0.004294064361602068,-0.06443279981613159,2.7183327674865723,0.30017977952957153,2.471320629119873,0.2504197061061859,495.708984375,325.6189880371094,283.0002136230469,0.004481542855501175,-0.06438981741666794,2.718292236328125,0.0,0.0,0.0,0,0
1786431204.7972286,6.931023201999778,APPROACH,FLOW,/home/eunseop/nrs_imitation/checkpoints/flow/polishing/single_cam/20260809_1638,495.6171569824219,326.6354064941406,283.39202880859375,0.004225276876240969,-0.06445226818323135,2.7183802127838135,0.5311688184738159,1.5224376916885376,0.8334687352180481,495.708984375,325.6189880371094,283.0002136230469,0.004481542855501175,-0.06438981741666794,2.718292236328125,0.0,0.0,0.0,0,0
1786431204.8052046,6.938999244000115,APPROACH,FLOW,/home/eunseop/nrs_imitation/checkpoints/flow/polishing/single_cam/20260809_1638,495.6181335449219,326.6426696777344,283.4233703613281,0.004280333407223225,-0.06452200561761856,2.718332529067993,-0.77892005443573,1.9546953439712524,1.4969768524169922,495.708984375,325.6189880371094,283.0002136230469,0.004481542855501175,-0.06438981741666794,2.718292236328125,0.0,0.0,0.0,0,0
1786431204.813232,6.9470267050000984,APPROACH,FLOW,/home/eunseop/nrs_imitation/checkpoints/flow/polishing/single_cam/20260809_1638,495.6339111328125,326.639404296875,283.3878173828125,0.004196657799184322,-0.06443563103675842,2.7183682918548584,0.30167967081069946,2.638789653778076,0.6177743673324585,495.708984375,325.6189880371094,283.0002136230469,0.004481542855501175,-0.06438981741666794,2.718292236328125,0.0,0.0,0.0,0,0
1786431204.8212087,6.95500336799978,APPROACH,FLOW,/home/eunseop/nrs_imitation/checkpoints/flow/polishing/single_cam/20260809_1638,495.6065673828125,326.64288330078125,283.39776611328125,0.004307731054723263,-0.06444142758846283,2.7183570861816406,0.058387916535139084,2.8706655502319336,0.6518296003341675,495.708984375,325.6189880371094,283.0002136230469,0.004481542855501175,-0.06438981741666794,2.718292236328125,0.0,0.0,0.0,0,0
1786431204.8291883,6.962983006999821,APPROACH,FLOW,/home/eunseop/nrs_imitation/checkpoints/flow/polishing/single_cam/20260809_1638,495.5963439941406,326.66986083984375,283.4078674316406,0.004300493281334639,-0.06449255347251892,2.7183444499969482,-0.8286153674125671,2.555462121963501,1.3662149906158447,495.708984375,325.6189880371094,283.0002136230469,0.004481542855501175,-0.06438981741666794,2.718292236328125,0.0,0.0,0.0,0,0
1786431204.8372116,6.971006118999867,APPROACH,FLOW,/home/eunseop/nrs_imitation/checkpoints/flow/polishing/single_cam/20260809_1638,495.5934753417969,326.63848876953125,283.37255859375,0.004341170657426119,-0.06438368558883667,2.718357563018799,0.34436386823654175,2.6613852977752686,0.011060576885938644,495.708984375,325.6189880371094,283.0002136230469,0.004481542855501175,-0.06438981741666794,2.718292236328125,0.0,0.0,0.0,0,0
1786431204.8452103,6.97900506499991,APPROACH,FLOW,/home/eunseop/nrs_imitation/checkpoints/flow/polishing/single_cam/20260809_1638,495.5869140625,326.65631103515625,283.4032897949219,0.004338276106864214,-0.0644577220082283,2.7183568477630615,-0.39006131887435913,2.6720616817474365,0.6350105404853821,495.708984375,325.6189880371094,283.0002136230469,0.004481542855501175,-0.06438981741666794,2.718292236328125,0.0,0.0,0.0,0,0
1786431204.8531983,6.9869930300001215,APPROACH,FLOW,/home/eunseop/nrs_imitation/checkpoints/flow/polishing/single_cam/20260809_1638,495.5809326171875,326.65704345703125,283.3882141113281,0.004368792753666639,-0.06443735957145691,2.718369483947754,-0.3254762291908264,2.309644937515259,1.5564465522766113,495.708984375,325.6189880371094,283.0002136230469,0.004481542855501175,-0.06438981741666794,2.718292236328125,0.0,0.0,0.0,0,0
1786431204.8612053,6.994999831000314,APPROACH,FLOW,/home/eunseop/nrs_imitation/checkpoints/flow/polishing/single_cam/20260809_1638,495.5815124511719,326.6043701171875,283.35626220703125,0.004388965200632811,-0.0642966777086258,2.718358278274536,0.39490944147109985,2.625570774078369,0.6808409690856934,495.708984375,325.6189880371094,283.0002136230469,0.004481542855501175,-0.06438981741666794,2.718292236328125,0.0,0.0,0.0,0,0
1786431204.869198,7.002992716000335,APPROACH,FLOW,/home/eunseop/nrs_imitation/checkpoints/flow/polishing/single_cam/20260809_1638,495.5903625488281,326.6069030761719,283.3648376464844,0.004374954849481583,-0.06428863853216171,2.718334436416626,-0.23381228744983673,2.455160617828369,1.3225141763687134,495.708984375,325.6189880371094,283.0002136230469,0.004481542855501175,-0.06438981741666794,2.718292236328125,0.0,0.0,0.0,0,0
1786431204.877217,7.011011780000445,APPROACH,FLOW,/home/eunseop/nrs_imitation/checkpoints/flow/polishing/single_cam/20260809_1638,495.6107482910156,326.5958251953125,283.4102783203125,0.004346897825598717,-0.0643678605556488,2.7182977199554443,-0.3012998402118683,2.113278865814209,0.9031819701194763,495.708984375,325.6189880371094,283.0002136230469,0.004481542855501175,-0.06438981741666794,2.718292236328125,0.0,0.0,0.0,0,0
1786431204.8852146,7.019009153000297,APPROACH,FLOW,/home/eunseop/nrs_imitation/checkpoints/flow/polishing/single_cam/20260809_1638,495.5606384277344,326.60772705078125,283.35894775390625,0.004504137672483921,-0.06426375359296799,2.7182869911193848,0.1482216715812683,2.30438494682312,0.9286723732948303,495.708984375,325.6189880371094,283.0002136230469,0.004481542855501175,-0.06438981741666794,2.718292236328125,0.0,0.0,0.0,0,0
1786431204.8931985,7.0269932410001275,APPROACH,FLOW,/home/eunseop/nrs_imitation/checkpoints/flow/polishing/single_cam/20260809_1638,495.5646667480469,326.5957336425781,283.3840637207031,0.004414932336658239,-0.06425256282091141,2.7183468341827393,0.1963256299495697,2.3482632637023926,1.1485837697982788,495.708984375,325.6189880371094,283.0002136230469,0.004481542855501175,-0.06438981741666794,2.718292236328125,0.0,0.0,0.0,0,0
1786431204.9011877,7.034982156999831,APPROACH,FLOW,/home/eunseop/nrs_imitation/checkpoints/flow/polishing/single_cam/20260809_1638,495.5716247558594,326.5948181152344,283.3808288574219,0.004441381897777319,-0.06430565565824509,2.7182862758636475,-0.4353296458721161,2.1784379482269287,1.186767578125,495.708984375,325.6189880371094,283.0002136230469,0.004481542855501175,-0.06438981741666794,2.718292236328125,0.0,0.0,0.0,0,0
1786431204.9092107,7.043005120000089,APPROACH,FLOW,/home/eunseop/nrs_imitation/checkpoints/flow/polishing/single_cam/20260809_1638,495.5569152832031,326.5960693359375,283.3695983886719,0.004495921079069376,-0.06424257159233093,2.7183353900909424,-0.5337592363357544,2.4512317180633545,0.8420546650886536,495.708984375,325.6189880371094,283.0002136230469,0.004481542855501175,-0.06438981741666794,2.718292236328125,0.0,0.0,0.0,0,0
1786431204.917202,7.05099656099992,APPROACH,FLOW,/home/eunseop/nrs_imitation/checkpoints/flow/polishing/single_cam/20260809_1638,495.5848083496094,326.606689453125,283.3927001953125,0.004446911159902811,-0.0643286481499672,2.7182743549346924,-0.3939586877822876,2.7337825298309326,0.7040761709213257,495.708984375,325.6189880371094,283.0002136230469,0.004481542855501175,-0.06438981741666794,2.718292236328125,0.0,0.0,0.0,0,0
1786431204.9253647,7.059159492000617,APPROACH,FLOW,/home/eunseop/nrs_imitation/checkpoints/flow/polishing/single_cam/20260809_1638,495.5569152832031,326.5960693359375,283.3695983886719,0.0044970428571105,-0.06424188613891602,2.718299150466919,-0.06924879550933838,2.5045316219329834,1.1299043893814087,495.708984375,325.6189880371094,283.0002136230469,0.004481542855501175,-0.06438981741666794,2.718292236328125,0.0,0.0,0.0,0,0
1786431204.9332361,7.06703083299999,APPROACH,FLOW,/home/eunseop/nrs_imitation/checkpoints/flow/polishing/single_cam/20260809_1638,495.5795593261719,326.5888977050781,283.3941955566406,0.004411639180034399,-0.06428970396518707,2.718310594558716,-0.3057822585105896,2.358677387237549,0.6015464663505554,495.708984375,325.6189880371094,283.0002136230469,0.004481542855501175,-0.06438981741666794,2.718292236328125,0.0,0.0,0.0,0,0
1786431204.9412181,7.075012666000475,APPROACH,FLOW,/home/eunseop/nrs_imitation/checkpoints/flow/polishing/single_cam/20260809_1638,495.5742492675781,326.57257080078125,283.4030456542969,0.004436823073774576,-0.06424523144960403,2.7182745933532715,0.2081686109304428,2.7445261478424072,0.9184176325798035,495.708984375,325.6189880371094,283.0002136230469,0.004481542855501175,-0.06438981741666794,2.718292236328125,0.0,0.0,0.0,0,0
1786431204.9491842,7.08297894000043,APPROACH,FLOW,/home/eunseop/nrs_imitation/checkpoints/flow/polishing/single_cam/20260809_1638,495.5881042480469,326.5955810546875,283.44049072265625,0.004385622218251228,-0.06436969339847565,2.71826171875,0.184757262468338,2.2096145153045654,0.9880654215812683,495.708984375,325.6189880371094,283.0002136230469,0.004481542855501175,-0.06438981741666794,2.718292236328125,0.0,0.0,0.0,0,0
1786431204.9571977,7.090992123000433,APPROACH,FLOW,/home/eunseop/nrs_imitation/checkpoints/flow/polishing/single_cam/20260809_1638,495.59405517578125,326.5770568847656,283.3888244628906,0.004388860892504454,-0.06429506838321686,2.718262195587158,-0.17452622950077057,2.174022912979126,0.7842339873313904,495.708984375,325.6189880371094,283.0002136230469,0.004481542855501175,-0.06438981741666794,2.718292236328125,0.0,0.0,0.0,0,0
1786431204.9651842,7.098978936000094,APPROACH,FLOW,/home/eunseop/nrs_imitation/checkpoints/flow/polishing/single_cam/20260809_1638,495.5858459472656,326.6108093261719,283.3854675292969,0.004441012628376484,-0.064305879175663,2.7182981967926025,-0.14087988436222076,2.3559257984161377,0.8956170678138733,495.708984375,325.6189880371094,283.0002136230469,0.004481542855501175,-0.06438981741666794,2.718292236328125,0.0,0.0,0.0,0,0
1786431204.973187,7.106981549000011,APPROACH,FLOW,/home/eunseop/nrs_imitation/checkpoints/flow/polishing/single_cam/20260809_1638,495.5826721191406,326.5836486816406,283.4165344238281,0.004436365328729153,-0.0643429309129715,2.718322277069092,-0.194032222032547,2.323289155960083,0.9886334538459778,495.708984375,325.6189880371094,283.0002136230469,0.004481542855501175,-0.06438981741666794,2.718292236328125,0.0,0.0,0.0,0,0
1786431204.9813368,7.11513140399984,APPROACH,FLOW,/home/eunseop/nrs_imitation/checkpoints/flow/polishing/single_cam/20260809_1638,495.5826721191406,326.5836486816406,283.4165344238281,0.004436365328729153,-0.0643429309129715,2.718322277069092,-0.194032222032547,2.323289155960083,0.9886334538459778,495.708984375,325.6189880371094,283.0002136230469,0.004481542855501175,-0.06438981741666794,2.718292236328125,0.0,0.0,0.0,0,0
1786431204.9892035,7.1229979660001845,APPROACH,FLOW,/home/eunseop/nrs_imitation/checkpoints/flow/polishing/single_cam/20260809_1638,495.5670166015625,326.6058654785156,283.4145812988281,0.0044049969874322414,-0.06430407613515854,2.718346357345581,0.22573791444301605,2.40069842338562,0.8368762135505676,495.708984375,325.6189880371094,283.0002136230469,0.004481542855501175,-0.06438981741666794,2.718292236328125,0.0,0.0,0.0,0,0
1786431204.9972498,7.131044273000043,APPROACH,FLOW,/home/eunseop/nrs_imitation/checkpoints/flow/polishing/single_cam/20260809_1638,495.5806579589844,326.5888366699219,283.3829040527344,0.0044680931605398655,-0.0643225833773613,2.7182748317718506,-0.08244923502206802,2.4301960468292236,1.2496838569641113,495.708984375,325.6189880371094,283.0002136230469,0.004481542855501175,-0.06438981741666794,2.718292236328125,0.0,0.0,0.0,0,0
1786431205.0053005,7.139095069000177,APPROACH,FLOW,/home/eunseop/nrs_imitation/checkpoints/flow/polishing/single_cam/20260809_1638,495.5968017578125,326.59503173828125,283.4417419433594,0.004385549575090408,-0.06436894088983536,2.718249797821045,0.02597116492688656,2.25158429145813,0.8807939291000366,495.708984375,325.6189880371094,283.0002136230469,0.004481542855501175,-0.06438981741666794,2.718292236328125,0.0,0.0,0.0,0,0
1786431205.0132966,7.147091359000115,APPROACH,FLOW,/home/eunseop/nrs_imitation/checkpoints/flow/polishing/single_cam/20260809_1638,495.5703125,326.60821533203125,283.3828125,0.004478538874536753,-0.06430764496326447,2.7182865142822266,-0.08845425397157669,2.5432960987091064,1.0246657133102417,495.708984375,325.6189880371094,283.0002136230469,0.004481542855501175,-0.06438981741666794,2.718292236328125,0.0,0.0,0.0,0,0
1786431205.0212538,7.155048645000534,APPROACH,FLOW,/home/eunseop/nrs_imitation/checkpoints/flow/polishing/single_cam/20260809_1638,495.59161376953125,326.59820556640625,283.3792724609375,0.0044899145141243935,-0.06431637704372406,2.7182748317718506,-0.592097282409668,2.371677875518799,1.2082847356796265,495.708984375,325.6189880371094,283.0002136230469,0.004481542855501175,-0.06438981741666794,2.718292236328125,0.0,0.0,0.0,0,0
1786431205.0292163,7.163010901000234,APPROACH,FLOW,/home/eunseop/nrs_imitation/checkpoints/flow/polishing/single_cam/20260809_1638,495.5860900878906,326.5904235839844,283.39617919921875,0.004447998013347387,-0.06429135054349899,2.7182867527008057,0.1259409338235855,2.252314805984497,0.9173446297645569,495.708984375,325.6189880371094,283.0002136230469,0.004481542855501175,-0.06438981741666794,2.718292236328125,0.0,0.0,0.0,0,0
1786431205.0371969,7.170991351000339,APPROACH,FLOW,/home/eunseop/nrs_imitation/checkpoints/flow/polishing/single_cam/20260809_1638,495.5972595214844,326.56451416015625,283.3724365234375,0.004464537836611271,-0.06422512233257294,2.7182631492614746,0.019207527860999107,2.6664416790008545,0.9421671032905579,495.708984375,325.6189880371094,283.0002136230469,0.004481542855501175,-0.06438981741666794,2.718292236328125,0.0,0.0,0.0,0,0
1786431205.0451968,7.178991279000002,APPROACH,FLOW,/home/eunseop/nrs_imitation/checkpoints/flow/polishing/single_cam/20260809_1638,495.5859375,326.5517578125,283.3963623046875,0.0044488972052931786,-0.06425315886735916,2.7182509899139404,-0.28468868136405945,2.5370724201202393,0.907231867313385,495.708984375,325.6189880371094,283.0002136230469,0.004481542855501175,-0.06438981741666794,2.718292236328125,0.0,0.0,0.0,0,0
1786431205.0532134,7.187007948000428,APPROACH,FLOW,/home/eunseop/nrs_imitation/checkpoints/flow/polishing/single_cam/20260809_1638,495.5880126953125,326.5719299316406,283.3655700683594,0.004472087603062391,-0.0642475038766861,2.7182507514953613,-0.23877397179603577,2.2369651794433594,0.9434853196144104,495.708984375,325.6189880371094,283.0002136230469,0.004481542855501175,-0.06438981741666794,2.718292236328125,0.0,0.0,0.0,0,0
1786431205.0611928,7.194987277000109,APPROACH,FLOW,/home/eunseop/nrs_imitation/checkpoints/flow/polishing/single_cam/20260809_1638,495.5857238769531,326.55902099609375,283.4048767089844,0.004456418100744486,-0.06427513808012009,2.718214750289917,0.19096173346042633,2.3244194984436035,1.2231979370117188,495.708984375,325.6189880371094,283.0002136230469,0.004481542855501175,-0.06438981741666794,2.718292236328125,0.0,0.0,0.0,0,0
1786431205.069214,7.203008696000325,APPROACH,FLOW,/home/eunseop/nrs_imitation/checkpoints/flow/polishing/single_cam/20260809_1638,495.6087951660156,326.6114501953125,283.4329833984375,0.004361965227872133,-0.06437698006629944,2.718285322189331,0.00417036097496748,2.6071555614471436,1.0573588609695435,495.708984375,325.6189880371094,283.0002136230469,0.004481542855501175,-0.06438981741666794,2.718292236328125,0.0,0.0,0.0,0,0
1786431205.0772662,7.211060874000395,APPROACH,FLOW,/home/eunseop/nrs_imitation/checkpoints/flow/polishing/single_cam/20260809_1638,495.5692443847656,326.5818176269531,283.3844299316406,0.004457275383174419,-0.06427628546953201,2.7182865142822266,-0.17422230541706085,2.304182529449463,0.7661323547363281,495.708984375,325.6189880371094,283.0002136230469,0.004481542855501175,-0.06438981741666794,2.718292236328125,0.0,0.0,0.0,0,0
1786431205.0851994,7.218993862999923,APPROACH,FLOW,/home/eunseop/nrs_imitation/checkpoints/flow/polishing/single_cam/20260809_1638,495.5998229980469,326.5880432128906,283.3910827636719,0.004441996105015278,-0.06426839530467987,2.718238592147827,-0.061326637864112854,2.5664100646972656,0.6244819760322571,495.708984375,325.6189880371094,283.0002136230469,0.004481542855501175,-0.06438981741666794,2.718292236328125,0.0,0.0,0.0,0,0
1786431205.0931993,7.22699392100003,APPROACH,FLOW,/home/eunseop/nrs_imitation/checkpoints/flow/polishing/single_cam/20260809_1638,495.6136779785156,326.59625244140625,283.438232421875,0.004368949681520462,-0.06436244398355484,2.718273878097534,-0.18111348152160645,2.491499662399292,1.0728557109832764,495.708984375,325.6189880371094,283.0002136230469,0.004481542855501175,-0.06438981741666794,2.718292236328125,0.0,0.0,0.0,0,0
1786431205.1012144,7.235008988000118,APPROACH,FLOW,/home/eunseop/nrs_imitation/checkpoints/flow/polishing/single_cam/20260809_1638,495.59197998046875,326.57635498046875,283.38751220703125,0.004464615602046251,-0.06426111608743668,2.7182388305664062,-0.20139212906360626,2.3458924293518066,1.001930832862854,495.708984375,325.6189880371094,283.0002136230469,0.004481542855501175,-0.06438981741666794,2.718292236328125,0.0,0.0,0.0,0,0
1786431205.1093452,7.243140087000029,APPROACH,FLOW,/home/eunseop/nrs_imitation/checkpoints/flow/polishing/single_cam/20260809_1638,495.6089172363281,326.562744140625,283.39581298828125,0.004404369276016951,-0.06426548212766647,2.718214511871338,0.05238152667880058,2.2737581729888916,1.0782159566879272,495.708984375,325.6189880371094,283.0002136230469,0.004481542855501175,-0.06438981741666794,2.718292236328125,0.0,0.0,0.0,0,0
1786431205.1172166,7.2510111569999935,APPROACH,FLOW,/home/eunseop/nrs_imitation/checkpoints/flow/polishing/single_cam/20260809_1638,495.59600830078125,326.59124755859375,283.3857727050781,0.004432060290127993,-0.064319908618927,2.718238353729248,0.05855729058384895,2.662045955657959,0.9985904097557068,495.708984375,325.6189880371094,283.0002136230469,0.004481542855501175,-0.06438981741666794,2.718292236328125,0.0,0.0,0.0,0,0
1786431205.1253335,7.259128310000051,APPROACH,FLOW,/home/eunseop/nrs_imitation/checkpoints/flow/polishing/single_cam/20260809_1638,495.6081237792969,326.5870666503906,283.4147644042969,0.0044089555740356445,-0.06432626396417618,2.718214750289917,-0.23049302399158478,2.225811719894409,0.9988042116165161,495.708984375,325.6189880371094,283.0002136230469,0.004481542855501175,-0.06438981741666794,2.718292236328125,0.0,0.0,0.0,0,0
1786431205.1332471,7.267041812000571,APPROACH,FLOW,/home/eunseop/nrs_imitation/checkpoints/flow/polishing/single_cam/20260809_1638,495.6019287109375,326.5549011230469,283.4134521484375,0.004411087837070227,-0.0642523244023323,2.7182509899139404,-0.4266272485256195,2.1637020111083984,0.9170920848846436,495.708984375,325.6189880371094,283.0002136230469,0.004481542855501175,-0.06438981741666794,2.718292236328125,0.0,0.0,0.0,0,0
1786431205.1412368,7.275031340000169,APPROACH,FLOW,/home/eunseop/nrs_imitation/checkpoints/flow/polishing/single_cam/20260809_1638,495.6017761230469,326.6035461425781,283.42108154296875,0.004404196050018072,-0.06430326402187347,2.718262195587158,-0.06863842904567719,2.293133020401001,0.8120461702346802,495.708984375,325.6189880371094,283.0002136230469,0.004481542855501175,-0.06438981741666794,2.718292236328125,0.0,0.0,0.0,0,0
1786431205.149202,7.282996660999743,APPROACH,FLOW,/home/eunseop/nrs_imitation/checkpoints/flow/polishing/single_cam/20260809_1638,495.5932312011719,326.59844970703125,283.41326904296875,0.004432459361851215,-0.06432007998228073,2.718250274658203,-0.11171270161867142,2.409942626953125,1.2638906240463257,495.708984375,325.6189880371094,283.0002136230469,0.004481542855501175,-0.06438981741666794,2.718292236328125,0.0,0.0,0.0,0,0
1786431205.1572964,7.291091391000009,APPROACH,FLOW,/home/eunseop/nrs_imitation/checkpoints/flow/polishing/single_cam/20260809_1638,495.60382080078125,326.58966064453125,283.4064025878906,0.004445765167474747,-0.06429225206375122,2.7182986736297607,-0.2278846949338913,2.2974016666412354,1.0337929725646973,495.708984375,325.6189880371094,283.0002136230469,0.004481542855501175,-0.06438981741666794,2.718292236328125,0.0,0.0,0.0,0,0
1786431205.1652234,7.299018108000382,APPROACH,FLOW,/home/eunseop/nrs_imitation/checkpoints/flow/polishing/single_cam/20260809_1638,495.593017578125,326.6279602050781,283.4554443359375,0.004434317350387573,-0.06445283442735672,2.718226194381714,-0.03634202480316162,2.4102835655212402,0.9826990962028503,495.708984375,325.6189880371094,283.0002136230469,0.004481542855501175,-0.06438981741666794,2.718292236328125,0.0,0.0,0.0,0,0
1786431205.173223,7.307017574999918,APPROACH,FLOW,/home/eunseop/nrs_imitation/checkpoints/flow/polishing/single_cam/20260809_1638,495.59014892578125,326.5950012207031,283.4471130371094,0.0044082836247980595,-0.06436276435852051,2.718250036239624,-0.06724537163972855,2.3738913536071777,1.0592012405395508,495.708984375,325.6189880371094,283.0002136230469,0.004481542855501175,-0.06438981741666794,2.718292236328125,0.0,0.0,0.0,0,0
1786431205.182135,7.315929612999753,APPROACH,FLOW,/home/eunseop/nrs_imitation/checkpoints/flow/polishing/single_cam/20260809_1638,495.59014892578125,326.5950012207031,283.4471130371094,0.0044082836247980595,-0.06436276435852051,2.718250036239624,-0.06724537163972855,2.3738913536071777,1.0592012405395508,495.708984375,325.6189880371094,283.0002136230469,0.004481542855501175,-0.06438981741666794,2.718292236328125,0.0,0.0,0.0,0,0
1786431205.1892767,7.3230711930000325,APPROACH,FLOW,/home/eunseop/nrs_imitation/checkpoints/flow/polishing/single_cam/20260809_1638,495.60791015625,326.6016845703125,283.43853759765625,0.004419716075062752,-0.06437230110168457,2.7182860374450684,0.05011787265539169,2.4649224281311035,0.8287681341171265,495.708984375,325.6189880371094,283.0002136230469,0.004481542855501175,-0.06438981741666794,2.718292236328125,0.0,0.0,0.0,0,0
1786431205.197214,7.331008541000301,APPROACH,FLOW,/home/eunseop/nrs_imitation/checkpoints/flow/polishing/single_cam/20260809_1638,495.6203918457031,326.5756530761719,283.4057312011719,0.004410306457430124,-0.06425242125988007,2.7182865142822266,-0.15885961055755615,2.0832931995391846,0.7396215200424194,495.708984375,325.6189880371094,283.0002136230469,0.004481542855501175,-0.06438981741666794,2.718292236328125,0.0,0.0,0.0,0,0
1786431205.2052324,7.339026933999776,APPROACH,FLOW,/home/eunseop/nrs_imitation/checkpoints/flow/polishing/single_cam/20260809_1638,495.6209411621094,326.583740234375,283.4294738769531,0.004393308889120817,-0.06431767344474792,2.7182505130767822,-0.4468306601047516,2.0635149478912354,0.752597451210022,495.708984375,325.6189880371094,283.0002136230469,0.004481542855501175,-0.06438981741666794,2.718292236328125,0.0,0.0,0.0,0,0
1786431205.2131996,7.346994229000302,APPROACH,FLOW,/home/eunseop/nrs_imitation/checkpoints/flow/polishing/single_cam/20260809_1638,495.58831787109375,326.63140869140625,283.43853759765625,0.004423934500664473,-0.06437181681394577,2.7182745933532715,-0.3646186590194702,2.3953261375427246,1.176714539527893,495.708984375,325.6189880371094,283.0002136230469,0.004481542855501175,-0.06438981741666794,2.718292236328125,0.0,0.0,0.0,0,0
1786431205.2212045,7.354999025999859,APPROACH,FLOW,/home/eunseop/nrs_imitation/checkpoints/flow/polishing/single_cam/20260809_1638,495.6098937988281,326.59197998046875,283.42791748046875,0.004401904996484518,-0.06430383026599884,2.7182865142822266,-0.010045931674540043,2.2707889080047607,0.9008318185806274,495.708984375,325.6189880371094,283.0002136230469,0.004481542855501175,-0.06438981741666794,2.718292236328125,0.0,0.0,0.0,0,0
1786431205.2292092,7.3630036630002,APPROACH,FLOW,/home/eunseop/nrs_imitation/checkpoints/flow/polishing/single_cam/20260809_1638,495.61077880859375,326.6300964355469,283.4726257324219,0.00441723084077239,-0.06444646418094635,2.718261480331421,-0.2559738755226135,2.5602476596832275,0.7547279596328735,495.708984375,325.6189880371094,283.0002136230469,0.004481542855501175,-0.06438981741666794,2.718292236328125,0.0,0.0,0.0,0,0
1786431205.2372894,7.37108436500057,APPROACH,FLOW,/home/eunseop/nrs_imitation/checkpoints/flow/polishing/single_cam/20260809_1638,495.6138610839844,326.6129150390625,283.4710693359375,0.00441717216745019,-0.06444565951824188,2.7182135581970215,0.12834623456001282,2.2357735633850098,0.8418612480163574,495.708984375,325.6189880371094,283.0002136230469,0.004481542855501175,-0.06438981741666794,2.718292236328125,0.0,0.0,0.0,0,0
1786431205.245204,7.378998498999863,APPROACH,FLOW,/home/eunseop/nrs_imitation/checkpoints/flow/polishing/single_cam/20260809_1638,495.6112365722656,326.5802307128906,283.4351501464844,0.004399620927870274,-0.06434060633182526,2.71823787689209,-0.2582821547985077,2.4562745094299316,1.1323367357254028,495.708984375,325.6189880371094,283.0002136230469,0.004481542855501175,-0.06438981741666794,2.718292236328125,0.0,0.0,0.0,0,0
1786431205.2532065,7.387001101000351,APPROACH,FLOW,/home/eunseop/nrs_imitation/checkpoints/flow/polishing/single_cam/20260809_1638,495.6021423339844,326.61297607421875,283.4451599121094,0.004443916026502848,-0.06436526775360107,2.7182743549346924,-0.08627938479185104,2.673631429672241,0.7914741039276123,495.708984375,325.6189880371094,283.0002136230469,0.004481542855501175,-0.06438981741666794,2.718292236328125,0.0,0.0,0.0,0,0
1786431205.261185,7.394979688000603,APPROACH,FLOW,/home/eunseop/nrs_imitation/checkpoints/flow/polishing/single_cam/20260809_1638,495.6320495605469,326.5904235839844,283.4552001953125,0.004396667703986168,-0.06437757611274719,2.718226194381714,-0.3405991196632385,2.326021432876587,0.8609796762466431,495.708984375,325.6189880371094,283.0002136230469,0.004481542855501175,-0.06438981741666794,2.718292236328125,0.0,0.0,0.0,0,0
1786431205.2691877,7.4029822110005625,APPROACH,FLOW,/home/eunseop/nrs_imitation/checkpoints/flow/polishing/single_cam/20260809_1638,495.6145935058594,326.5678405761719,283.4130859375,0.004452611319720745,-0.06431242823600769,2.7181906700134277,-0.1441669464111328,2.392839193344116,0.8196379542350769,495.708984375,325.6189880371094,283.0002136230469,0.004481542855501175,-0.06438981741666794,2.718292236328125,0.0,0.0,0.0,0,0
1786431205.2771971,7.410991737000586,APPROACH,FLOW,/home/eunseop/nrs_imitation/checkpoints/flow/polishing/single_cam/20260809_1638,495.62451171875,326.59063720703125,283.44451904296875,0.004371358081698418,-0.064323790371418,2.718249797821045,-0.01659402996301651,2.3487000465393066,0.7426667213439941,495.708984375,325.6189880371094,283.0002136230469,0.004481542855501175,-0.06438981741666794,2.718292236328125,0.0,0.0,0.0,0,0
1786431205.285228,7.419022684000083,APPROACH,FLOW,/home/eunseop/nrs_imitation/checkpoints/flow/polishing/single_cam/20260809_1638,495.63671875,326.59698486328125,283.456298828125,0.004323981702327728,-0.06437423825263977,2.7182374000549316,-0.27437958121299744,2.5585086345672607,1.1091991662979126,495.708984375,325.6189880371094,283.0002136230469,0.004481542855501175,-0.06438981741666794,2.718292236328125,0.0,0.0,0.0,0,0
1786431205.2931888,7.4269834860006085,APPROACH,FLOW,/home/eunseop/nrs_imitation/checkpoints/flow/polishing/single_cam/20260809_1638,495.6221008300781,326.6251220703125,283.45172119140625,0.004426854196935892,-0.0643945187330246,2.718262195587158,-0.026947347447276115,2.4490904808044434,1.0421366691589355,495.708984375,325.6189880371094,283.0002136230469,0.004481542855501175,-0.06438981741666794,2.718292236328125,0.0,0.0,0.0,0,0
1786431205.301269,7.435063488000196,APPROACH,FLOW,/home/eunseop/nrs_imitation/checkpoints/flow/polishing/single_cam/20260809_1638,495.6154479980469,326.61761474609375,283.44305419921875,0.004418272525072098,-0.0644088089466095,2.7182857990264893,0.03453630208969116,2.3347153663635254,0.8310517072677612,495.708984375,325.6189880371094,283.0002136230469,0.004481542855501175,-0.06438981741666794,2.718292236328125,0.0,0.0,0.0,0,0
1786431205.3091915,7.442986087000463,APPROACH,FLOW,/home/eunseop/nrs_imitation/checkpoints/flow/polishing/single_cam/20260809_1638,495.63671875,326.60888671875,283.4737548828125,0.004349204245954752,-0.06442874670028687,2.718261480331421,-0.17495818436145782,2.38396954536438,0.7401148676872253,495.708984375,325.6189880371094,283.0002136230469,0.004481542855501175,-0.06438981741666794,2.718292236328125,0.0,0.0,0.0,0,0
1786431205.3171885,7.450983089000147,APPROACH,FLOW,/home/eunseop/nrs_imitation/checkpoints/flow/polishing/single_cam/20260809_1638,495.6182556152344,326.6087951660156,283.4482727050781,0.004376329481601715,-0.0643843412399292,2.7182376384735107,-0.35364142060279846,2.6257431507110596,1.2300972938537598,495.708984375,325.6189880371094,283.0002136230469,0.004481542855501175,-0.06438981741666794,2.718292236328125,0.0,0.0,0.0,0,0
1786431205.3252077,7.459002354000404,APPROACH,FLOW,/home/eunseop/nrs_imitation/checkpoints/flow/polishing/single_cam/20260809_1638,495.59661865234375,326.61260986328125,283.43682861328125,0.004415784031152725,-0.06434954702854156,2.7182857990264893,0.2922161817550659,2.405437707901001,0.7692632675170898,495.708984375,325.6189880371094,283.0002136230469,0.004481542855501175,-0.06438981741666794,2.718292236328125,0.0,0.0,0.0,0,0
1786431205.3332398,7.467034493000028,APPROACH,FLOW,/home/eunseop/nrs_imitation/checkpoints/flow/polishing/single_cam/20260809_1638,495.61785888671875,326.6158142089844,283.4554443359375,0.004405736457556486,-0.06436465680599213,2.7182860374450684,-0.29261064529418945,2.2603752613067627,0.5815838575363159,495.708984375,325.6189880371094,283.0002136230469,0.004481542855501175,-0.06438981741666794,2.718292236328125,0.0,0.0,0.0,0,0
1786431205.3411977,7.474992530999771,APPROACH,FLOW,/home/eunseop/nrs_imitation/checkpoints/flow/polishing/single_cam/20260809_1638,495.61810302734375,326.6131591796875,283.4208984375,0.004428580403327942,-0.06435707211494446,2.7182743549346924,-0.3352351486682892,2.4353280067443848,0.599865734577179,495.708984375,325.6189880371094,283.0002136230469,0.004481542855501175,-0.06438981741666794,2.718292236328125,0.0,0.0,0.0,0,0
1786431205.3491848,7.48297930300032,APPROACH,FLOW,/home/eunseop/nrs_imitation/checkpoints/flow/polishing/single_cam/20260809_1638,495.62274169921875,326.60064697265625,283.4259948730469,0.0044226814061403275,-0.06433385610580444,2.718238115310669,-0.17493487894535065,2.3300275802612305,0.9482744336128235,495.708984375,325.6189880371094,283.0002136230469,0.004481542855501175,-0.06438981741666794,2.718292236328125,0.0,0.0,0.0,0,0
1786431205.3571763,7.490970765000384,APPROACH,FLOW,/home/eunseop/nrs_imitation/checkpoints/flow/polishing/single_cam/20260809_1638,495.6140441894531,326.6011962890625,283.42474365234375,0.004422369413077831,-0.06433483958244324,2.7182624340057373,-0.09095638245344162,2.2323663234710693,0.8495919108390808,495.708984375,325.6189880371094,283.0002136230469,0.004481542855501175,-0.06438981741666794,2.718292236328125,0.0,0.0,0.0,0,0
1786431205.3652034,7.498998005000431,APPROACH,FLOW,/home/eunseop/nrs_imitation/checkpoints/flow/polishing/single_cam/20260809_1638,495.6357116699219,326.6048583984375,283.480712890625,0.004355958662927151,-0.06445077806711197,2.7182250022888184,-0.11581972986459732,2.3704817295074463,1.1616164445877075,495.708984375,325.6189880371094,283.0002136230469,0.004481542855501175,-0.06438981741666794,2.718292236328125,0.0,0.0,0.0,0,0
1786431205.373243,7.5070379999997385,APPROACH,FLOW,/home/eunseop/nrs_imitation/checkpoints/flow/polishing/single_cam/20260809_1638,495.6273193359375,326.5879821777344,283.4606018066406,0.004381804261356592,-0.06437031179666519,2.718250036239624,-0.08934798091650009,2.100821018218994,0.7882840633392334,495.708984375,325.6189880371094,283.0002136230469,0.004481542855501175,-0.06438981741666794,2.718292236328125,0.0,0.0,0.0,0,0
1786431205.3811967,7.5149914580006225,APPROACH,FLOW,/home/eunseop/nrs_imitation/checkpoints/flow/polishing/single_cam/20260809_1638,495.63800048828125,326.6103515625,283.4666442871094,0.004358069505542517,-0.06441351771354675,2.718249797821045,-0.16323745250701904,2.371427297592163,1.0317800045013428,495.708984375,325.6189880371094,283.0002136230469,0.004481542855501175,-0.06438981741666794,2.718292236328125,0.0,0.0,0.0,0,0
1786431205.3892016,7.522996145000434,APPROACH,FLOW,/home/eunseop/nrs_imitation/checkpoints/flow/polishing/single_cam/20260809_1638,495.6093444824219,326.59747314453125,283.45953369140625,0.004448703024536371,-0.06438825279474258,2.7182259559631348,-0.34400153160095215,2.477182626724243,1.0342960357666016,495.708984375,325.6189880371094,283.0002136230469,0.004481542855501175,-0.06438981741666794,2.718292236328125,0.0,0.0,0.0,0,0
1786431205.3971844,7.530978880000475,APPROACH,FLOW,/home/eunseop/nrs_imitation/checkpoints/flow/polishing/single_cam/20260809_1638,495.6296081542969,326.5860290527344,283.4379577636719,0.004379170015454292,-0.06430954486131668,2.7182259559631348,0.0033531300723552704,2.3776793479919434,0.8075051307678223,495.708984375,325.6189880371094,283.0002136230469,0.004481542855501175,-0.06438981741666794,2.718292236328125,0.0,0.0,0.0,0,0
1786431205.4052072,7.539001660999929,APPROACH,FLOW,/home/eunseop/nrs_imitation/checkpoints/flow/polishing/single_cam/20260809_1638,495.6337890625,326.5952453613281,283.4637451171875,0.004366223234683275,-0.06439869105815887,2.7182254791259766,0.028357410803437233,2.3205296993255615,1.081486463546753,495.708984375,325.6189880371094,283.0002136230469,0.004481542855501175,-0.06438981741666794,2.718292236328125,0.0,0.0,0.0,0,0
1786431205.4132223,7.547016987999996,APPROACH,FLOW,/home/eunseop/nrs_imitation/checkpoints/flow/polishing/single_cam/20260809_1638,495.6397399902344,326.5915832519531,283.4413757324219,0.004408084787428379,-0.06432516872882843,2.7181787490844727,0.05057898163795471,2.4423460960388184,0.880826473236084,495.708984375,325.6189880371094,283.0002136230469,0.004481542855501175,-0.06438981741666794,2.718292236328125,0.0,0.0,0.0,0,0
1786431205.4212866,7.555081258999962,APPROACH,FLOW,/home/eunseop/nrs_imitation/checkpoints/flow/polishing/single_cam/20260809_1638,495.62103271484375,326.6239013671875,283.4601745605469,0.004394241143018007,-0.06445254385471344,2.7182493209838867,-0.31062406301498413,2.0880253314971924,1.1597833633422852,495.708984375,325.6189880371094,283.0002136230469,0.004481542855501175,-0.06438981741666794,2.718292236328125,0.0,0.0,0.0,0,0
1786431205.42928,7.563074645000597,APPROACH,FLOW,/home/eunseop/nrs_imitation/checkpoints/flow/polishing/single_cam/20260809_1638,495.6254577636719,326.60369873046875,283.4499206542969,0.004380390048027039,-0.06440722197294235,2.718273639678955,-0.05715746060013771,2.44297194480896,0.8674433827400208,495.708984375,325.6189880371094,283.0002136230469,0.004481542855501175,-0.06438981741666794,2.718292236328125,0.0,0.0,0.0,0,0
1786431205.4373305,7.5711250490003295,APPROACH,FLOW,/home/eunseop/nrs_imitation/checkpoints/flow/polishing/single_cam/20260809_1638,495.6472473144531,326.5719909667969,283.4549255371094,0.004366511479020119,-0.06436104327440262,2.7182140350341797,-0.20767264068126678,2.5881917476654053,0.8659874200820923,495.708984375,325.6189880371094,283.0002136230469,0.004481542855501175,-0.06438981741666794,2.718292236328125,0.0,0.0,0.0,0,0
1786431205.4453263,7.579121069999928,APPROACH,FLOW,/home/eunseop/nrs_imitation/checkpoints/flow/polishing/single_cam/20260809_1638,495.6130676269531,326.59130859375,283.4232482910156,0.004480875097215176,-0.06432970613241196,2.7182388305664062,-0.10736273974180222,2.3089771270751953,0.6177542805671692,495.708984375,325.6189880371094,283.0002136230469,0.004481542855501175,-0.06438981741666794,2.718292236328125,0.0,0.0,0.0,0,0
1786431205.4533184,7.587113333000161,APPROACH,FLOW,/home/eunseop/nrs_imitation/checkpoints/flow/polishing/single_cam/20260809_1638,495.621337890625,326.6138916015625,283.48614501953125,0.004394582472741604,-0.0644519105553627,2.7182135581970215,0.008855463936924934,2.505755662918091,0.9034827351570129,495.708984375,325.6189880371094,283.0002136230469,0.004481542855501175,-0.06438981741666794,2.718292236328125,0.0,0.0,0.0,0,0
1786431205.4612353,7.595029680000152,APPROACH,FLOW,/home/eunseop/nrs_imitation/checkpoints/flow/polishing/single_cam/20260809_1638,495.6131591796875,326.6001892089844,283.4381103515625,0.004415282979607582,-0.06434822082519531,2.718238115310669,0.05110283941030502,2.2601370811462402,0.9281901717185974,495.708984375,325.6189880371094,283.0002136230469,0.004481542855501175,-0.06438981741666794,2.718292236328125,0.0,0.0,0.0,0,0
1786431205.469287,7.6030816669999695,APPROACH,FLOW,/home/eunseop/nrs_imitation/checkpoints/flow/polishing/single_cam/20260809_1638,495.6199035644531,326.61810302734375,283.46356201171875,0.004390482325106859,-0.06439246237277985,2.718261480331421,-0.09464030712842941,2.116328001022339,1.1141502857208252,495.708984375,325.6189880371094,283.0002136230469,0.004481542855501175,-0.06438981741666794,2.718292236328125,0.0,0.0,0.0,0,0
1786431205.4772668,7.611061456000243,APPROACH,FLOW,/home/eunseop/nrs_imitation/checkpoints/flow/polishing/single_cam/20260809_1638,495.61273193359375,326.61004638671875,283.44647216796875,0.004406389780342579,-0.0643635019659996,2.7182860374450684,-0.06786199659109116,2.5746593475341797,1.0092790126800537,495.708984375,325.6189880371094,283.0002136230469,0.004481542855501175,-0.06438981741666794,2.718292236328125,0.0,0.0,0.0,0,0
1786431205.485309,7.619103564999932,APPROACH,FLOW,/home/eunseop/nrs_imitation/checkpoints/flow/polishing/single_cam/20260809_1638,495.62200927734375,326.59527587890625,283.4381103515625,0.004394135437905788,-0.0643179640173912,2.718238115310669,-0.07651757448911667,2.319098949432373,0.9356539845466614,495.708984375,325.6189880371094,283.0002136230469,0.004481542855501175,-0.06438981741666794,2.718292236328125,0.0,0.0,0.0,0,0
1786431205.4932506,7.627045261000603,APPROACH,FLOW,/home/eunseop/nrs_imitation/checkpoints/flow/polishing/single_cam/20260809_1638,495.6155700683594,326.595458984375,283.4450988769531,0.004391097463667393,-0.06435566395521164,2.7182741165161133,-0.11192882806062698,2.3297035694122314,0.8634467124938965,495.708984375,325.6189880371094,283.0002136230469,0.004481542855501175,-0.06438981741666794,2.718292236328125,0.0,0.0,0.0,0,0
1786431205.5011966,7.634991065000577,APPROACH,FLOW,/home/eunseop/nrs_imitation/checkpoints/flow/polishing/single_cam/20260809_1638,495.62451171875,326.59808349609375,283.4241638183594,0.004410427995026112,-0.06428877264261246,2.718250274658203,-0.04325389862060547,2.230070114135742,0.6280750632286072,495.708984375,325.6189880371094,283.0002136230469,0.004481542855501175,-0.06438981741666794,2.718292236328125,0.0,0.0,0.0,0,0
1786431205.509253,7.643047700999887,APPROACH,FLOW,/home/eunseop/nrs_imitation/checkpoints/flow/polishing/single_cam/20260809_1638,495.630859375,326.602294921875,283.4495544433594,0.00437436206266284,-0.064384326338768,2.718261957168579,-0.03998716175556183,2.1941606998443604,1.3023298978805542,495.708984375,325.6189880371094,283.0002136230469,0.004481542855501175,-0.06438981741666794,2.718292236328125,0.0,0.0,0.0,0,0
1786431205.5172453,7.651039884000056,APPROACH,FLOW,/home/eunseop/nrs_imitation/checkpoints/flow/polishing/single_cam/20260809_1638,495.6332702636719,326.6095275878906,283.4739990234375,0.004376681055873632,-0.06444565951824188,2.718285322189331,-0.3580346405506134,2.4455008506774902,0.7708633542060852,495.708984375,325.6189880371094,283.0002136230469,0.004481542855501175,-0.06438981741666794,2.718292236328125,0.0,0.0,0.0,0,0
1786431205.5252597,7.659054360000482,APPROACH,FLOW,/home/eunseop/nrs_imitation/checkpoints/flow/polishing/single_cam/20260809_1638,495.6078186035156,326.619384765625,283.4330749511719,0.00445171445608139,-0.06435107439756393,2.7182865142822266,-0.07610691338777542,2.0671374797821045,0.9546040892601013,495.708984375,325.6189880371094,283.0002136230469,0.004481542855501175,-0.06438981741666794,2.718292236328125,0.0,0.0,0.0,0,0
1786431205.533264,7.66705854600059,APPROACH,FLOW,/home/eunseop/nrs_imitation/checkpoints/flow/polishing/single_cam/20260809_1638,495.647216796875,326.6191101074219,283.4609680175781,0.004323255270719528,-0.06437509506940842,2.71828556060791,0.13817772269248962,2.4235458374023438,0.8150715231895447,495.708984375,325.6189880371094,283.0002136230469,0.004481542855501175,-0.06438981741666794,2.718292236328125,0.0,0.0,0.0,0,0
1786431205.5412514,7.6750459790000605,APPROACH,FLOW,/home/eunseop/nrs_imitation/checkpoints/flow/polishing/single_cam/20260809_1638,495.59075927734375,326.61505126953125,283.4286193847656,0.004506330005824566,-0.0643235370516777,2.7182507514953613,0.1894642412662506,2.290858268737793,0.4926355481147766,495.708984375,325.6189880371094,283.0002136230469,0.004481542855501175,-0.06438981741666794,2.718292236328125,0.0,0.0,0.0,0,0
1786431205.5491953,7.682989799000097,APPROACH,FLOW,/home/eunseop/nrs_imitation/checkpoints/flow/polishing/single_cam/20260809_1638,495.6502380371094,326.59600830078125,283.48687744140625,0.004342434462159872,-0.06440488249063492,2.718249559402466,-0.13838860392570496,2.299257755279541,0.9131954312324524,495.708984375,325.6189880371094,283.0002136230469,0.004481542855501175,-0.06438981741666794,2.718292236328125,0.0,0.0,0.0,0,0
1786431205.5572593,7.691053930000635,APPROACH,FLOW,/home/eunseop/nrs_imitation/checkpoints/flow/polishing/single_cam/20260809_1638,495.6357421875,326.5945739746094,283.4346923828125,0.004420432262122631,-0.06433477252721786,2.718250274658203,-0.08680549263954163,2.1133878231048584,0.9605674743652344,495.708984375,325.6189880371094,283.0002136230469,0.004481542855501175,-0.06438981741666794,2.718292236328125,0.0,0.0,0.0,0,0
1786431205.5652494,7.6990442090000215,APPROACH,FLOW,/home/eunseop/nrs_imitation/checkpoints/flow/polishing/single_cam/20260809_1638,495.6177673339844,326.59503173828125,283.4520568847656,0.004414926748722792,-0.06434839963912964,2.718214273452759,-0.19154542684555054,2.6253068447113037,1.0285106897354126,495.708984375,325.6189880371094,283.0002136230469,0.004481542855501175,-0.06438981741666794,2.718292236328125,0.0,0.0,0.0,0,0
1786431205.5732474,7.7070424740004455,APPROACH,FLOW,/home/eunseop/nrs_imitation/checkpoints/flow/polishing/single_cam/20260809_1638,495.6215515136719,326.6021728515625,283.4397888183594,0.0043992651626467705,-0.064341239631176,2.7182741165161133,-0.06740118563175201,2.3075759410858154,0.9730151295661926,495.708984375,325.6189880371094,283.0002136230469,0.004481542855501175,-0.06438981741666794,2.718292236328125,0.0,0.0,0.0,0,0
1786431205.5811887,7.714983177999784,APPROACH,FLOW,/home/eunseop/nrs_imitation/checkpoints/flow/polishing/single_cam/20260809_1638,495.65301513671875,326.60198974609375,283.4458923339844,0.004353570751845837,-0.06435343623161316,2.7182257175445557,0.06594911217689514,2.278465747833252,0.8168749809265137,495.708984375,325.6189880371094,283.0002136230469,0.004481542855501175,-0.06438981741666794,2.718292236328125,0.0,0.0,0.0,0,0
1786431205.5892463,7.72304088600049,APPROACH,FLOW,/home/eunseop/nrs_imitation/checkpoints/flow/polishing/single_cam/20260809_1638,495.6378173828125,326.6175842285156,283.47515869140625,0.004364097025245428,-0.0644364133477211,2.718261480331421,-0.10070103406906128,2.36653995513916,0.8084571957588196,495.708984375,325.6189880371094,283.0002136230469,0.004481542855501175,-0.06438981741666794,2.718292236328125,0.0,0.0,0.0,0,0
1786431205.597203,7.730997550999746,APPROACH,FLOW,/home/eunseop/nrs_imitation/checkpoints/flow/polishing/single_cam/20260809_1638,495.6291198730469,326.5987548828125,283.4465637207031,0.004356296733021736,-0.06431718915700912,2.7182741165161133,-0.14658401906490326,2.5952837467193604,0.8572656512260437,495.708984375,325.6189880371094,283.0002136230469,0.004481542855501175,-0.06438981741666794,2.718292236328125,0.0,0.0,0.0,0,0
1786431205.6052525,7.739047345000472,APPROACH,FLOW,/home/eunseop/nrs_imitation/checkpoints/flow/polishing/single_cam/20260809_1638,495.6125183105469,326.6171875,283.4537048339844,0.004437945317476988,-0.06434271484613419,2.718250274658203,-0.08083076030015945,2.615565776824951,1.1052322387695312,495.708984375,325.6189880371094,283.0002136230469,0.004481542855501175,-0.06438981741666794,2.718292236328125,0.0,0.0,0.0,0,0
1786431205.6132438,7.7470386060003875,APPROACH,FLOW,/home/eunseop/nrs_imitation/checkpoints/flow/polishing/single_cam/20260809_1638,495.6077575683594,326.5866394042969,283.37713623046875,0.004465688951313496,-0.06422483175992966,2.7182509899139404,-0.06168690696358681,2.4608447551727295,0.8216499090194702,495.708984375,325.6189880371094,283.0002136230469,0.004481542855501175,-0.06438981741666794,2.718292236328125,0.0,0.0,0.0,0,0
1786431205.6212904,7.75508808900031,APPROACH,FLOW,/home/eunseop/nrs_imitation/checkpoints/flow/polishing/single_cam/20260809_1638,495.6216735839844,326.5890808105469,283.4520568847656,0.004413787741214037,-0.06434867531061172,2.7182259559631348,-0.09502989798784256,2.3464505672454834,1.049383521080017,495.708984375,325.6189880371094,283.0002136230469,0.004481542855501175,-0.06438981741666794,2.718292236328125,0.0,0.0,0.0,0,0
1786431205.62918,7.762974618000044,APPROACH,FLOW,/home/eunseop/nrs_imitation/checkpoints/flow/polishing/single_cam/20260809_1638,495.635986328125,326.58453369140625,283.42596435546875,0.004430021625012159,-0.0643186867237091,2.7181904315948486,-0.07247050106525421,2.341564893722534,0.9175915122032166,495.708984375,325.6189880371094,283.0002136230469,0.004481542855501175,-0.06438981741666794,2.718292236328125,0.0,0.0,0.0,0,0
1786431205.637245,7.771039500999905,APPROACH,FLOW,/home/eunseop/nrs_imitation/checkpoints/flow/polishing/single_cam/20260809_1638,495.6042175292969,326.5723571777344,283.4232482910156,0.004441482946276665,-0.0642671212553978,2.718226671218872,-0.3272145986557007,2.325998067855835,0.5759655833244324,495.708984375,325.6189880371094,283.0002136230469,0.004481542855501175,-0.06438981741666794,2.718292236328125,0.0,0.0,0.0,0,0
1786431205.64519,7.778984393000428,APPROACH,FLOW,/home/eunseop/nrs_imitation/checkpoints/flow/polishing/single_cam/20260809_1638,495.6390075683594,326.5953063964844,283.46527099609375,0.004394353833049536,-0.06441441178321838,2.7182140350341797,-0.023110272362828255,2.460561990737915,0.7069135308265686,495.708984375,325.6189880371094,283.0002136230469,0.004481542855501175,-0.06438981741666794,2.718292236328125,0.0,0.0,0.0,0,0
1786431205.653271,7.787065757000164,APPROACH,FLOW,/home/eunseop/nrs_imitation/checkpoints/flow/polishing/single_cam/20260809_1638,495.6158447265625,326.6180725097656,283.4499206542969,0.004418686497956514,-0.06440893560647964,2.718261957168579,-0.1736789345741272,2.4307937622070312,0.9461766481399536,495.708984375,325.6189880371094,283.0002136230469,0.004481542855501175,-0.06438981741666794,2.718292236328125,0.0,0.0,0.0,0,0
1786431205.6611996,7.794994177000262,APPROACH,FLOW,/home/eunseop/nrs_imitation/checkpoints/flow/polishing/single_cam/20260809_1638,495.6212463378906,326.6138000488281,283.450439453125,0.004427978303283453,-0.0643937885761261,2.7181906700134277,-0.46123644709587097,2.355569362640381,1.136061429977417,495.708984375,325.6189880371094,283.0002136230469,0.004481542855501175,-0.06438981741666794,2.718292236328125,0.0,0.0,0.0,0,0
1786431205.669196,7.8029902280004535,APPROACH,FLOW,/home/eunseop/nrs_imitation/checkpoints/flow/polishing/single_cam/20260809_1638,495.6518249511719,326.58746337890625,283.437255859375,0.004367607180029154,-0.06436041742563248,2.7182140350341797,0.1977243721485138,2.50545597076416,0.9378986358642578,495.708984375,325.6189880371094,283.0002136230469,0.004481542855501175,-0.06438981741666794,2.718292236328125,0.0,0.0,0.0,0,0
1786431205.6772306,7.8110253730001205,APPROACH,FLOW,/home/eunseop/nrs_imitation/checkpoints/flow/polishing/single_cam/20260809_1638,495.6449890136719,326.5929870605469,283.4479064941406,0.004386184737086296,-0.06429541110992432,2.718238592147827,-0.19111625850200653,2.3037774562835693,0.8122924566268921,495.708984375,325.6189880371094,283.0002136230469,0.004481542855501175,-0.06438981741666794,2.718292236328125,0.0,0.0,0.0,0,0
1786431205.6853166,7.81911131600009,APPROACH,FLOW,/home/eunseop/nrs_imitation/checkpoints/flow/polishing/single_cam/20260809_1638,495.6387939453125,326.606689453125,283.4137878417969,0.004402949009090662,-0.06426714360713959,2.7182745933532715,-0.47390881180763245,2.2753968238830566,1.234406590461731,495.708984375,325.6189880371094,283.0002136230469,0.004481542855501175,-0.06438981741666794,2.718292236328125,0.0,0.0,0.0,0,0
1786431205.693384,7.827178733000437,APPROACH,FLOW,/home/eunseop/nrs_imitation/checkpoints/flow/polishing/single_cam/20260809_1638,495.6241455078125,326.59185791015625,283.4383850097656,0.004430862609297037,-0.06431937962770462,2.7182023525238037,-0.018432121723890305,2.4714388847351074,0.9158786535263062,495.708984375,325.6189880371094,283.0002136230469,0.004481542855501175,-0.06438981741666794,2.718292236328125,0.0,0.0,0.0,0,0
1786431205.701212,7.835006459999931,APPROACH,FLOW,/home/eunseop/nrs_imitation/checkpoints/flow/polishing/single_cam/20260809_1638,495.6358947753906,326.6361083984375,283.4749755859375,0.004399020224809647,-0.0643778145313263,2.718249797821045,-0.07322771847248077,2.1542108058929443,0.7675684094429016,495.708984375,325.6189880371094,283.0002136230469,0.004481542855501175,-0.06438981741666794,2.718292236328125,0.0,0.0,0.0,0,0
1786431205.7092147,7.843009334000271,APPROACH,FLOW,/home/eunseop/nrs_imitation/checkpoints/flow/polishing/single_cam/20260809_1638,495.6222839355469,326.6104431152344,283.43310546875,0.004438705276697874,-0.06430599838495255,2.7182626724243164,-0.4220190942287445,1.8659602403640747,0.7921698093414307,495.708984375,325.6189880371094,283.0002136230469,0.004481542855501175,-0.06438981741666794,2.718292236328125,0.0,0.0,0.0,0,0
1786431205.7171957,7.850990365000143,APPROACH,FLOW,/home/eunseop/nrs_imitation/checkpoints/flow/polishing/single_cam/20260809_1638,495.6167297363281,326.6248779296875,283.44830322265625,0.004423921927809715,-0.06433472782373428,2.718262195587158,0.06557504087686539,2.4602324962615967,0.9787464141845703,495.708984375,325.6189880371094,283.0002136230469,0.004481542855501175,-0.06438981741666794,2.718292236328125,0.0,0.0,0.0,0,0
1786431205.7251952,7.858989862000271,APPROACH,FLOW,/home/eunseop/nrs_imitation/checkpoints/flow/polishing/single_cam/20260809_1638,495.6361083984375,326.59783935546875,283.44818115234375,0.004407389555126429,-0.06432601064443588,2.718226194381714,0.12205444276332855,2.3482816219329834,1.086430549621582,495.708984375,325.6189880371094,283.0002136230469,0.004481542855501175,-0.06438981741666794,2.718292236328125,0.0,0.0,0.0,0,0
1786431205.73325,7.867044464000173,APPROACH,FLOW,/home/eunseop/nrs_imitation/checkpoints/flow/polishing/single_cam/20260809_1638,495.63134765625,326.5999450683594,283.42626953125,0.004446828737854958,-0.06429076939821243,2.718214511871338,-0.2993311285972595,2.221318006515503,0.884703516960144,495.708984375,325.6189880371094,283.0002136230469,0.004481542855501175,-0.06438981741666794,2.718292236328125,0.0,0.0,0.0,0,0
1786431205.7412167,7.875011469000128,APPROACH,FLOW,/home/eunseop/nrs_imitation/checkpoints/flow/polishing/single_cam/20260809_1638,495.6464538574219,326.6065979003906,283.4309387207031,0.004429724533110857,-0.0643196627497673,2.718214273452759,-0.3492482602596283,2.24707293510437,0.9849898815155029,495.708984375,325.6189880371094,283.0002136230469,0.004481542855501175,-0.06438981741666794,2.718292236328125,0.0,0.0,0.0,0,0
1786431205.749204,7.882998492000297,APPROACH,FLOW,/home/eunseop/nrs_imitation/checkpoints/flow/polishing/single_cam/20260809_1638,495.6465759277344,326.5860900878906,283.43463134765625,0.00443670991808176,-0.0643051266670227,2.718202829360962,-0.08102551102638245,2.5245707035064697,0.9300085306167603,495.708984375,325.6189880371094,283.0002136230469,0.004481542855501175,-0.06438981741666794,2.718292236328125,0.0,0.0,0.0,0,0
1786431205.757209,7.89100376999977,APPROACH,FLOW,/home/eunseop/nrs_imitation/checkpoints/flow/polishing/single_cam/20260809_1638,495.6181640625,326.5909423828125,283.45697021484375,0.004394461866468191,-0.06431739032268524,2.718238115310669,-0.08643808960914612,2.4890990257263184,0.7924049496650696,495.708984375,325.6189880371094,283.0002136230469,0.004481542855501175,-0.06438981741666794,2.718292236328125,0.0,0.0,0.0,0,0
1786431205.7652097,7.899004179000258,APPROACH,FLOW,/home/eunseop/nrs_imitation/checkpoints/flow/polishing/single_cam/20260809_1638,495.6199645996094,326.63592529296875,283.42950439453125,0.004454310052096844,-0.06431427597999573,2.7182743549346924,0.005556376650929451,2.3497982025146484,0.80409175157547,495.708984375,325.6189880371094,283.0002136230469,0.004481542855501175,-0.06438981741666794,2.718292236328125,0.0,0.0,0.0,0,0
1786431205.7732272,7.907021800000621,APPROACH,FLOW,/home/eunseop/nrs_imitation/checkpoints/flow/polishing/single_cam/20260809_1638,495.6278381347656,326.6270446777344,283.4361877441406,0.004439104348421097,-0.06430616974830627,2.7182748317718506,0.14037081599235535,2.2529237270355225,0.30171796679496765,495.708984375,325.6189880371094,283.0002136230469,0.004481542855501175,-0.06438981741666794,2.718292236328125,0.0,0.0,0.0,0,0
1786431205.781249,7.915043680000053,APPROACH,FLOW,/home/eunseop/nrs_imitation/checkpoints/flow/polishing/single_cam/20260809_1638,495.6384582519531,326.6228332519531,283.46844482421875,0.0044182720594108105,-0.06440835446119308,2.7182257175445557,-0.19616597890853882,2.1561460494995117,0.8578054308891296,495.708984375,325.6189880371094,283.0002136230469,0.004481542855501175,-0.06438981741666794,2.718292236328125,0.0,0.0,0.0,0,0
1786431205.7892401,7.923034680000455,APPROACH,FLOW,/home/eunseop/nrs_imitation/checkpoints/flow/polishing/single_cam/20260809_1638,495.6245422363281,326.61456298828125,283.45025634765625,0.004455333575606346,-0.0643743947148323,2.7182862758636475,-0.2183210551738739,2.442847490310669,0.9349755644798279,495.708984375,325.6189880371094,283.0002136230469,0.004481542855501175,-0.06438981741666794,2.718292236328125,0.0,0.0,0.0,0,0
1786431205.7972267,7.931021322000561,APPROACH,FLOW,/home/eunseop/nrs_imitation/checkpoints/flow/polishing/single_cam/20260809_1638,495.63836669921875,326.60040283203125,283.46337890625,0.004391053691506386,-0.06435485184192657,2.7182259559631348,-0.05799851939082146,2.3208348751068115,0.8579754829406738,495.708984375,325.6189880371094,283.0002136230469,0.004481542855501175,-0.06438981741666794,2.718292236328125,0.0,0.0,0.0,0,0
1786431205.8051944,7.938989009000579,APPROACH,FLOW,/home/eunseop/nrs_imitation/checkpoints/flow/polishing/single_cam/20260809_1638,495.6278991699219,326.5989685058594,283.424560546875,0.0044382293708622456,-0.06426986306905746,2.718310594558716,-0.19712300598621368,2.435389280319214,1.0271579027175903,495.708984375,325.6189880371094,283.0002136230469,0.004481542855501175,-0.06438981741666794,2.718292236328125,0.0,0.0,0.0,0,0
1786431205.8132064,7.947000979000222,APPROACH,FLOW,/home/eunseop/nrs_imitation/checkpoints/flow/polishing/single_cam/20260809_1638,495.62005615234375,326.591796875,283.4301452636719,0.00448315916582942,-0.06429246813058853,2.7182271480560303,-0.17513328790664673,2.4156830310821533,1.2536541223526,495.708984375,325.6189880371094,283.0002136230469,0.004481542855501175,-0.06438981741666794,2.718292236328125,0.0,0.0,0.0,0,0
1786431205.8220978,7.955892388000393,APPROACH,FLOW,/home/eunseop/nrs_imitation/checkpoints/flow/polishing/single_cam/20260809_1638,495.62005615234375,326.591796875,283.4301452636719,0.00448315916582942,-0.06429246813058853,2.7182271480560303,-0.17513328790664673,2.4156830310821533,1.2536541223526,495.708984375,325.6189880371094,283.0002136230469,0.004481542855501175,-0.06438981741666794,2.718292236328125,0.0,0.0,0.0,0,0
1786431205.8292053,7.962999793000563,APPROACH,FLOW,/home/eunseop/nrs_imitation/checkpoints/flow/polishing/single_cam/20260809_1638,495.6120300292969,326.5959777832031,283.4440612792969,0.004445357248187065,-0.06432829797267914,2.718214511871338,-0.08257140964269638,2.2560465335845947,1.219387412071228,495.708984375,325.6189880371094,283.0002136230469,0.004481542855501175,-0.06438981741666794,2.718292236328125,0.0,0.0,0.0,0,0
1786431205.8372307,7.971025218999785,APPROACH,FLOW,/home/eunseop/nrs_imitation/checkpoints/flow/polishing/single_cam/20260809_1638,495.6202697753906,326.5771789550781,283.4128112792969,0.004470095969736576,-0.06424708664417267,2.7182512283325195,-0.1409810334444046,2.33896803855896,0.8807247877120972,495.708984375,325.6189880371094,283.0002136230469,0.004481542855501175,-0.06438981741666794,2.718292236328125,0.0,0.0,0.0,0,0
1786431205.8452592,7.979053912000381,APPROACH,FLOW,/home/eunseop/nrs_imitation/checkpoints/flow/polishing/single_cam/20260809_1638,495.6202697753906,326.5771789550781,283.4128112792969,0.004470095969736576,-0.06424708664417267,2.7182512283325195,-0.21627238392829895,2.11745023727417,0.9256339073181152,495.708984375,325.6189880371094,283.0002136230469,0.004481542855501175,-0.06438981741666794,2.718292236328125,0.0,0.0,0.0,0,0
1786431205.8534467,7.987241410000024,APPROACH,FLOW,/home/eunseop/nrs_imitation/checkpoints/flow/polishing/single_cam/20260809_1638,495.6300048828125,326.6116943359375,283.41900634765625,0.004448969382792711,-0.06425391137599945,2.7182631492614746,0.16348865628242493,2.2933993339538574,0.8359431624412537,495.708984375,325.6189880371094,283.0002136230469,0.004481542855501175,-0.06438981741666794,2.718292236328125,0.0,0.0,0.0,0,0
1786431205.8612072,7.995002008000483,APPROACH,FLOW,/home/eunseop/nrs_imitation/checkpoints/flow/polishing/single_cam/20260809_1638,495.6542663574219,326.6034240722656,283.4798583984375,0.004353142809122801,-0.06435331702232361,2.718250036239624,-0.31187692284584045,2.287733793258667,1.0292515754699707,495.708984375,325.6189880371094,283.0002136230469,0.004481542855501175,-0.06438981741666794,2.718292236328125,0.0,0.0,0.0,0,0
1786431205.8693259,8.003120643999864,APPROACH,FLOW,/home/eunseop/nrs_imitation/checkpoints/flow/polishing/single_cam/20260809_1638,495.63739013671875,326.6170959472656,283.4377746582031,0.004422724712640047,-0.0643342062830925,2.718226194381714,0.18446603417396545,2.0479164123535156,0.8414252996444702,495.708984375,325.6189880371094,283.0002136230469,0.004481542855501175,-0.06438981741666794,2.718292236328125,0.0,0.0,0.0,0,0
1786431205.8772602,8.011055015999773,APPROACH,FLOW,/home/eunseop/nrs_imitation/checkpoints/flow/polishing/single_cam/20260809_1638,495.63739013671875,326.6170959472656,283.4377746582031,0.004422724712640047,-0.0643342062830925,2.718226194381714,0.18446603417396545,2.0479164123535156,0.8414252996444702,495.708984375,325.6189880371094,283.0002136230469,0.004481542855501175,-0.06438981741666794,2.718292236328125,0.0,0.0,0.0,0,0
1786431205.8851843,8.018978857000548,APPROACH,FLOW,/home/eunseop/nrs_imitation/checkpoints/flow/polishing/single_cam/20260809_1638,495.6468505859375,326.61444091796875,283.45306396484375,0.0044359783641994,-0.06434224545955658,2.718214273452759,-0.2164893001317978,2.309993028640747,0.8332284092903137,495.708984375,325.6189880371094,283.0002136230469,0.004481542855501175,-0.06438981741666794,2.718292236328125,0.0,0.0,0.0,0,0
1786431205.8932734,8.027067996000369,APPROACH,FLOW,/home/eunseop/nrs_imitation/checkpoints/flow/polishing/single_cam/20260809_1638,495.6355285644531,326.6195068359375,283.47369384765625,0.004425684921443462,-0.06439439207315445,2.718250274658203,0.03474754840135574,2.2324347496032715,0.8423852324485779,495.708984375,325.6189880371094,283.0002136230469,0.004481542855501175,-0.06438981741666794,2.718292236328125,0.0,0.0,0.0,0,0
1786431205.9013448,8.035139370999786,APPROACH,FLOW,/home/eunseop/nrs_imitation/checkpoints/flow/polishing/single_cam/20260809_1638,495.62811279296875,326.5963439941406,283.4246826171875,0.004454243462532759,-0.0642768070101738,2.7182390689849854,-0.215158149600029,2.4010543823242188,0.8401698470115662,495.708984375,325.6189880371094,283.0002136230469,0.004481542855501175,-0.06438981741666794,2.718292236328125,0.0,0.0,0.0,0,0
1786431205.9092855,8.04308018499978,APPROACH,FLOW,/home/eunseop/nrs_imitation/checkpoints/flow/polishing/single_cam/20260809_1638,495.6366271972656,326.6087951660156,283.4429016113281,0.0044088829308748245,-0.06432551145553589,2.718202829360962,-0.08740735799074173,2.2948076725006104,0.8471063375473022,495.708984375,325.6189880371094,283.0002136230469,0.004481542855501175,-0.06438981741666794,2.718292236328125,0.0,0.0,0.0,0,0
1786431205.9173234,8.051117986000463,APPROACH,FLOW,/home/eunseop/nrs_imitation/checkpoints/flow/polishing/single_cam/20260809_1638,495.6277160644531,326.5987548828125,283.45343017578125,0.004408158361911774,-0.0643259584903717,2.718226194381714,0.005044196732342243,2.1652512550354004,0.8461358547210693,495.708984375,325.6189880371094,283.0002136230469,0.004481542855501175,-0.06438981741666794,2.718292236328125,0.0,0.0,0.0,0,0
1786431205.9253142,8.059109036000336,APPROACH,FLOW,/home/eunseop/nrs_imitation/checkpoints/flow/polishing/single_cam/20260809_1638,495.64764404296875,326.5959777832031,283.43585205078125,0.004378017038106918,-0.06430982798337936,2.718238353729248,0.06998541206121445,2.5533204078674316,0.9305810928344727,495.708984375,325.6189880371094,283.0002136230469,0.004481542855501175,-0.06438981741666794,2.718292236328125,0.0,0.0,0.0,0,0
1786431205.9333053,8.067100047000167,APPROACH,FLOW,/home/eunseop/nrs_imitation/checkpoints/flow/polishing/single_cam/20260809_1638,495.6564636230469,326.5985107421875,283.448974609375,0.004389903508126736,-0.06425692141056061,2.718191146850586,0.024170177057385445,2.195841073989868,0.7400467991828918,495.708984375,325.6189880371094,283.0002136230469,0.004481542855501175,-0.06438981741666794,2.718292236328125,0.0,0.0,0.0,0,0
1786431205.941239,8.075033597000584,APPROACH,FLOW,/home/eunseop/nrs_imitation/checkpoints/flow/polishing/single_cam/20260809_1638,495.6305236816406,326.62127685546875,283.4449462890625,0.004466105252504349,-0.06435838341712952,2.7182023525238037,-0.06380173563957214,2.0837244987487793,0.8913247585296631,495.708984375,325.6189880371094,283.0002136230469,0.004481542855501175,-0.06438981741666794,2.718292236328125,0.0,0.0,0.0,0,0
1786431205.9492278,8.083022314000118,APPROACH,FLOW,/home/eunseop/nrs_imitation/checkpoints/flow/polishing/single_cam/20260809_1638,495.6114196777344,326.6234130859375,283.4468994140625,0.0044691734947264194,-0.06432154774665833,2.7182505130767822,-0.17199435830116272,2.312912940979004,1.0171191692352295,495.708984375,325.6189880371094,283.0002136230469,0.004481542855501175,-0.06438981741666794,2.718292236328125,0.0,0.0,0.0,0,0
1786431205.9572518,8.09104633700008,APPROACH,FLOW,/home/eunseop/nrs_imitation/checkpoints/flow/polishing/single_cam/20260809_1638,495.6221008300781,326.6176452636719,283.44158935546875,0.00444422010332346,-0.06432903558015823,2.7182865142822266,-0.2879798412322998,2.156672954559326,0.8182998299598694,495.708984375,325.6189880371094,283.0002136230469,0.004481542855501175,-0.06438981741666794,2.718292236328125,0.0,0.0,0.0,0,0
1786431205.9652293,8.09902386199974,APPROACH,FLOW,/home/eunseop/nrs_imitation/checkpoints/flow/polishing/single_cam/20260809_1638,495.6353454589844,326.6118469238281,283.42266845703125,0.0044527132995426655,-0.06431357562541962,2.718226432800293,-0.20439548790454865,2.424712657928467,1.2902042865753174,495.708984375,325.6189880371094,283.0002136230469,0.004481542855501175,-0.06438981741666794,2.718292236328125,0.0,0.0,0.0,0,0
1786431205.9732225,8.107016986999952,APPROACH,FLOW,/home/eunseop/nrs_imitation/checkpoints/flow/polishing/single_cam/20260809_1638,495.6440124511719,326.6083984375,283.4532470703125,0.004433424212038517,-0.06437939405441284,2.718214511871338,-0.24316856265068054,2.215059757232666,1.1213122606277466,495.708984375,325.6189880371094,283.0002136230469,0.004481542855501175,-0.06438981741666794,2.718292236328125,0.0,0.0,0.0,0,0
1786431205.9830668,8.116861444999813,APPROACH,FLOW,/home/eunseop/nrs_imitation/checkpoints/flow/polishing/single_cam/20260809_1638,495.6409912109375,326.5959777832031,283.44122314453125,0.004401504993438721,-0.0643031969666481,2.718214273452759,-0.11062750965356827,2.602776527404785,0.4999527633190155,495.708984375,325.6189880371094,283.0002136230469,0.004481542855501175,-0.06438981741666794,2.718292236328125,0.0,0.0,0.0,0,0
1786431205.9892523,8.12304690000019,APPROACH,FLOW,/home/eunseop/nrs_imitation/checkpoints/flow/polishing/single_cam/20260809_1638,495.6046142578125,326.6083068847656,283.421630859375,0.004479110240936279,-0.0642700344324112,2.7182507514953613,0.04951715096831322,2.356653928756714,0.8092823028564453,495.708984375,325.6189880371094,283.0002136230469,0.004481542855501175,-0.06438981741666794,2.718292236328125,0.0,0.0,0.0,0,0
1786431205.9971879,8.13098242399974,APPROACH,FLOW,/home/eunseop/nrs_imitation/checkpoints/flow/polishing/single_cam/20260809_1638,495.6162414550781,326.5875244140625,283.4146728515625,0.004492803942412138,-0.06427714228630066,2.718179702758789,-0.04235405474901199,2.463366985321045,0.6567419171333313,495.708984375,325.6189880371094,283.0002136230469,0.004481542855501175,-0.06438981741666794,2.718292236328125,0.0,0.0,0.0,0,0
1786431206.0051858,8.138980307000566,APPROACH,FLOW,/home/eunseop/nrs_imitation/checkpoints/flow/polishing/single_cam/20260809_1638,495.65167236328125,326.619873046875,283.49029541015625,0.0044021811336278915,-0.06440062075853348,2.718250036239624,-0.006261375732719898,2.4367740154266357,0.9380125999450684,495.708984375,325.6189880371094,283.0002136230469,0.004481542855501175,-0.06438981741666794,2.718292236328125,0.0,0.0,0.0,0,0
1786431206.013217,8.147011615000338,APPROACH,FLOW,/home/eunseop/nrs_imitation/checkpoints/flow/polishing/single_cam/20260809_1638,495.61505126953125,326.5771179199219,283.40972900390625,0.0044675725512206554,-0.0641874223947525,2.7182271480560303,0.048663944005966187,2.3542869091033936,0.8544499278068542,495.708984375,325.6189880371094,283.0002136230469,0.004481542855501175,-0.06438981741666794,2.718292236328125,0.0,0.0,0.0,0,0
1786431206.0212717,8.155066538000028,APPROACH,FLOW,/home/eunseop/nrs_imitation/checkpoints/flow/polishing/single_cam/20260809_1638,495.6387634277344,326.6289978027344,283.45294189453125,0.004421999678015709,-0.06433506309986115,2.7182743549346924,-0.2034406065940857,2.308292865753174,1.1760308742523193,495.708984375,325.6189880371094,283.0002136230469,0.004481542855501175,-0.06438981741666794,2.718292236328125,0.0,0.0,0.0,0,0
1786431206.0292015,8.16299595000055,APPROACH,FLOW,/home/eunseop/nrs_imitation/checkpoints/flow/polishing/single_cam/20260809_1638,495.6360168457031,326.5697021484375,283.4057312011719,0.004467795602977276,-0.06418565660715103,2.718156099319458,0.09944458305835724,2.4363038539886475,0.9092012047767639,495.708984375,325.6189880371094,283.0002136230469,0.004481542855501175,-0.06438981741666794,2.718292236328125,0.0,0.0,0.0,0,0
1786431206.037287,8.17108171200016,APPROACH,FLOW,/home/eunseop/nrs_imitation/checkpoints/flow/polishing/single_cam/20260809_1638,495.6051025390625,326.6311950683594,283.4335632324219,0.004506003111600876,-0.06432411074638367,2.7182507514953613,-0.3034479022026062,2.538304328918457,0.8763022422790527,495.708984375,325.6189880371094,283.0002136230469,0.004481542855501175,-0.06438981741666794,2.718292236328125,0.0,0.0,0.0,0,0
1786431206.0451784,8.178972970999894,APPROACH,FLOW,/home/eunseop/nrs_imitation/checkpoints/flow/polishing/single_cam/20260809_1638,495.62908935546875,326.6209716796875,283.44970703125,0.004408956505358219,-0.06432630866765976,2.718250036239624,-0.12696048617362976,2.4215850830078125,1.1891463994979858,495.708984375,325.6189880371094,283.0002136230469,0.004481542855501175,-0.06438981741666794,2.718292236328125,0.0,0.0,0.0,0,0
1786431206.053211,8.187005591999878,APPROACH,FLOW,/home/eunseop/nrs_imitation/checkpoints/flow/polishing/single_cam/20260809_1638,495.6398620605469,326.6330871582031,283.44085693359375,0.004391539841890335,-0.06435618549585342,2.7182741165161133,-0.4300216734409332,2.4770615100860596,1.1188740730285645,495.708984375,325.6189880371094,283.0002136230469,0.004481542855501175,-0.06438981741666794,2.718292236328125,0.0,0.0,0.0,0,0
1786431206.0611918,8.194986391999919,APPROACH,FLOW,/home/eunseop/nrs_imitation/checkpoints/flow/polishing/single_cam/20260809_1638,495.5978088378906,326.62298583984375,283.41485595703125,0.00454712612554431,-0.06425108015537262,2.7182633876800537,-0.09440159797668457,2.1628572940826416,0.9139074087142944,495.708984375,325.6189880371094,283.0002136230469,0.004481542855501175,-0.06438981741666794,2.718292236328125,0.0,0.0,0.0,0,0
1786431206.069198,8.20299236200026,APPROACH,FLOW,/home/eunseop/nrs_imitation/checkpoints/flow/polishing/single_cam/20260809_1638,495.62164306640625,326.62457275390625,283.44329833984375,0.004452112130820751,-0.06435079127550125,2.718238353729248,-0.005374257918447256,2.231458902359009,0.5435222387313843,495.708984375,325.6189880371094,283.0002136230469,0.004481542855501175,-0.06438981741666794,2.718292236328125,0.0,0.0,0.0,0,0
1786431206.0772002,8.210994814000514,APPROACH,FLOW,/home/eunseop/nrs_imitation/checkpoints/flow/polishing/single_cam/20260809_1638,495.6283264160156,326.6321105957031,283.4172668457031,0.004468404687941074,-0.0643215999007225,2.7182505130767822,-0.12219454348087311,2.4616150856018066,0.8269744515419006,495.708984375,325.6189880371094,283.0002136230469,0.004481542855501175,-0.06438981741666794,2.718292236328125,0.0,0.0,0.0,0,0
1786431206.0851877,8.218982096999753,APPROACH,FLOW,/home/eunseop/nrs_imitation/checkpoints/flow/polishing/single_cam/20260809_1638,495.65399169921875,326.62249755859375,283.47015380859375,0.004419315606355667,-0.06437166780233383,2.7182140350341797,-0.06657954305410385,2.2819623947143555,1.134859323501587,495.708984375,325.6189880371094,283.0002136230469,0.004481542855501175,-0.06438981741666794,2.718292236328125,0.0,0.0,0.0,0,0
1786431206.0936422,8.227436877999935,APPROACH,FLOW,/home/eunseop/nrs_imitation/checkpoints/flow/polishing/single_cam/20260809_1638,495.65399169921875,326.62249755859375,283.47015380859375,0.004419315606355667,-0.06437166780233383,2.7182140350341797,-0.06657954305410385,2.2819623947143555,1.134859323501587,495.708984375,325.6189880371094,283.0002136230469,0.004481542855501175,-0.06438981741666794,2.718292236328125,0.0,0.0,0.0,0,0
1786431206.1011958,8.234990248000031,APPROACH,FLOW,/home/eunseop/nrs_imitation/checkpoints/flow/polishing/single_cam/20260809_1638,495.6183776855469,326.59857177734375,283.40771484375,0.004465305246412754,-0.06422507017850876,2.7182633876800537,-0.5529627799987793,2.3992183208465576,0.8229624629020691,495.708984375,325.6189880371094,283.0002136230469,0.004481542855501175,-0.06438981741666794,2.718292236328125,0.0,0.0,0.0,0,0
1786431206.1091788,8.242973422999967,APPROACH,FLOW,/home/eunseop/nrs_imitation/checkpoints/flow/polishing/single_cam/20260809_1638,495.6480712890625,326.5981140136719,283.4205627441406,0.004471187945455313,-0.06424600630998611,2.718191146850586,0.2850547730922699,2.395921468734741,0.6251146197319031,495.708984375,325.6189880371094,283.0002136230469,0.004481542855501175,-0.06438981741666794,2.718292236328125,0.0,0.0,0.0,0,0
1786431206.1172137,8.251008338000247,APPROACH,FLOW,/home/eunseop/nrs_imitation/checkpoints/flow/polishing/single_cam/20260809_1638,495.6241149902344,326.6228332519531,283.4618225097656,0.004440184682607651,-0.0643051341176033,2.7182505130767822,0.0017717996379360557,2.088013172149658,0.8524757623672485,495.708984375,325.6189880371094,283.0002136230469,0.004481542855501175,-0.06438981741666794,2.718292236328125,0.0,0.0,0.0,0,0
1786431206.1251957,8.258990420999908,APPROACH,FLOW,/home/eunseop/nrs_imitation/checkpoints/flow/polishing/single_cam/20260809_1638,495.62646484375,326.6048278808594,283.4399108886719,0.00443869037553668,-0.06430558860301971,2.718238353729248,0.05472753569483757,2.3850440979003906,0.9132633209228516,495.708984375,325.6189880371094,283.0002136230469,0.004481542855501175,-0.06438981741666794,2.718292236328125,0.0,0.0,0.0,0,0
1786431206.1332157,8.267010366999784,APPROACH,FLOW,/home/eunseop/nrs_imitation/checkpoints/flow/polishing/single_cam/20260809_1638,495.6414794921875,326.60101318359375,283.4634094238281,0.004422252997756004,-0.06433327496051788,2.7182023525238037,-0.1115412563085556,2.3872554302215576,0.7293838262557983,495.708984375,325.6189880371094,283.0002136230469,0.004481542855501175,-0.06438981741666794,2.718292236328125,0.0,0.0,0.0,0,0
1786431206.1412628,8.27505767599996,APPROACH,FLOW,/home/eunseop/nrs_imitation/checkpoints/flow/polishing/single_cam/20260809_1638,495.6422424316406,326.5870361328125,283.4532775878906,0.004408520180732012,-0.06428906321525574,2.718226671218872,-0.5484511256217957,2.266395092010498,1.1498578786849976,495.708984375,325.6189880371094,283.0002136230469,0.004481542855501175,-0.06438981741666794,2.718292236328125,0.0,0.0,0.0,0,0
1786431206.1491833,8.282977910000227,APPROACH,FLOW,/home/eunseop/nrs_imitation/checkpoints/flow/polishing/single_cam/20260809_1638,495.64117431640625,326.5858154296875,283.46685791015625,0.004400678910315037,-0.06430290639400482,2.718226671218872,-0.1269007921218872,2.2527432441711426,0.7743348479270935,495.708984375,325.6189880371094,283.0002136230469,0.004481542855501175,-0.06438981741666794,2.718292236328125,0.0,0.0,0.0,0,0
1786431206.1571898,8.290984520000166,APPROACH,FLOW,/home/eunseop/nrs_imitation/checkpoints/flow/polishing/single_cam/20260809_1638,495.6299133300781,326.5983581542969,283.43145751953125,0.004462042357772589,-0.06426261365413666,2.7182509899139404,-0.034519437700510025,2.2346057891845703,0.9468363523483276,495.708984375,325.6189880371094,283.0002136230469,0.004481542855501175,-0.06438981741666794,2.718292236328125,0.0,0.0,0.0,0,0
1786431206.1652126,8.299007282000275,APPROACH,FLOW,/home/eunseop/nrs_imitation/checkpoints/flow/polishing/single_cam/20260809_1638,495.6367492675781,326.6192626953125,283.4289245605469,0.004433386959135532,-0.06428229063749313,2.718238592147827,-0.11959528923034668,2.174746036529541,0.9327620267868042,495.708984375,325.6189880371094,283.0002136230469,0.004481542855501175,-0.06438981741666794,2.718292236328125,0.0,0.0,0.0,0,0
1786431206.173229,8.307023571000173,APPROACH,FLOW,/home/eunseop/nrs_imitation/checkpoints/flow/polishing/single_cam/20260809_1638,495.6486511230469,326.59710693359375,283.4630126953125,0.004377973731607199,-0.06430947780609131,2.718250274658203,-0.15881164371967316,2.2664082050323486,0.9669913649559021,495.708984375,325.6189880371094,283.0002136230469,0.004481542855501175,-0.06438981741666794,2.718292236328125,0.0,0.0,0.0,0,0
1786431206.1811962,8.314990886000487,APPROACH,FLOW,/home/eunseop/nrs_imitation/checkpoints/flow/polishing/single_cam/20260809_1638,495.627685546875,326.6239318847656,283.46356201171875,0.004445343744009733,-0.06432835012674332,2.718250274658203,0.01299175526946783,2.2463197708129883,1.122119665145874,495.708984375,325.6189880371094,283.0002136230469,0.004481542855501175,-0.06438981741666794,2.718292236328125,0.0,0.0,0.0,0,0
1786431206.1892893,8.323084032000224,APPROACH,FLOW,/home/eunseop/nrs_imitation/checkpoints/flow/polishing/single_cam/20260809_1638,495.62689208984375,326.6275329589844,283.4517517089844,0.004464641213417053,-0.06435969471931458,2.7182745933532715,-0.1348377913236618,2.3788957595825195,0.9169934988021851,495.708984375,325.6189880371094,283.0002136230469,0.004481542855501175,-0.06438981741666794,2.718292236328125,0.0,0.0,0.0,0,0
1786431206.1971793,8.330973848000212,APPROACH,FLOW,/home/eunseop/nrs_imitation/checkpoints/flow/polishing/single_cam/20260809_1638,495.62823486328125,326.5919494628906,283.42279052734375,0.0044349017553031445,-0.06424511224031448,2.718226671218872,-0.10597757995128632,2.414696455001831,0.6537917852401733,495.708984375,325.6189880371094,283.0002136230469,0.004481542855501175,-0.06438981741666794,2.718292236328125,0.0,0.0,0.0,0,0
1786431206.2051895,8.338983974999792,APPROACH,FLOW,/home/eunseop/nrs_imitation/checkpoints/flow/polishing/single_cam/20260809_1638,495.6041564941406,326.63592529296875,283.46051025390625,0.004468848928809166,-0.0643225833773613,2.718310594558716,-0.09090060740709305,2.380549907684326,1.122910499572754,495.708984375,325.6189880371094,283.0002136230469,0.004481542855501175,-0.06438981741666794,2.718292236328125,0.0,0.0,0.0,0,0
1786431206.2132158,8.347010303000388,APPROACH,FLOW,/home/eunseop/nrs_imitation/checkpoints/flow/polishing/single_cam/20260809_1638,495.6202697753906,326.6155700683594,283.43994140625,0.004461622331291437,-0.06429916620254517,2.7182629108428955,-0.010457618162035942,2.5123367309570312,1.2181997299194336,495.708984375,325.6189880371094,283.0002136230469,0.004481542855501175,-0.06438981741666794,2.718292236328125,0.0,0.0,0.0,0,0
1786431206.2211833,8.354977908000365,APPROACH,FLOW,/home/eunseop/nrs_imitation/checkpoints/flow/polishing/single_cam/20260809_1638,495.6079406738281,326.6240539550781,283.4471435546875,0.004497762769460678,-0.06433778256177902,2.718238592147827,-0.06509733200073242,2.543125629425049,0.7990498542785645,495.708984375,325.6189880371094,283.0002136230469,0.004481542855501175,-0.06438981741666794,2.718292236328125,0.0,0.0,0.0,0,0
1786431206.229217,8.363011690999883,APPROACH,FLOW,/home/eunseop/nrs_imitation/checkpoints/flow/polishing/single_cam/20260809_1638,495.60955810546875,326.6109924316406,283.4233093261719,0.004492524079978466,-0.06427857279777527,2.7182631492614746,0.05500662699341774,2.380882978439331,1.151685357093811,495.708984375,325.6189880371094,283.0002136230469,0.004481542855501175,-0.06438981741666794,2.718292236328125,0.0,0.0,0.0,0,0
1786431206.237209,8.371003582999947,APPROACH,FLOW,/home/eunseop/nrs_imitation/checkpoints/flow/polishing/single_cam/20260809_1638,495.6256103515625,326.6083984375,283.4332275390625,0.004483942408114672,-0.06429240852594376,2.718226671218872,-0.16159525513648987,2.1137073040008545,0.7846958041191101,495.708984375,325.6189880371094,283.0002136230469,0.004481542855501175,-0.06438981741666794,2.718292236328125,0.0,0.0,0.0,0,0
1786431206.2451842,8.378978802999882,APPROACH,FLOW,/home/eunseop/nrs_imitation/checkpoints/flow/polishing/single_cam/20260809_1638,495.6546325683594,326.5979919433594,283.4444274902344,0.004415853414684534,-0.06431057304143906,2.7181670665740967,-0.030421150848269463,2.677417755126953,0.758756697177887,495.708984375,325.6189880371094,283.0002136230469,0.004481542855501175,-0.06438981741666794,2.718292236328125,0.0,0.0,0.0,0,0
1786431206.2532022,8.386996615000498,APPROACH,FLOW,/home/eunseop/nrs_imitation/checkpoints/flow/polishing/single_cam/20260809_1638,495.6187438964844,326.5799865722656,283.420166015625,0.004507648292928934,-0.06424880027770996,2.718203067779541,-0.34975993633270264,2.114496946334839,0.9179650545120239,495.708984375,325.6189880371094,283.0002136230469,0.004481542855501175,-0.06438981741666794,2.718292236328125,0.0,0.0,0.0,0,0
1786431206.2612455,8.395040156000505,APPROACH,FLOW,/home/eunseop/nrs_imitation/checkpoints/flow/polishing/single_cam/20260809_1638,495.6233215332031,326.59381103515625,283.4297790527344,0.004440033342689276,-0.06426838040351868,2.7182629108428955,-0.3567892909049988,2.228874444961548,1.2563594579696655,495.708984375,325.6189880371094,283.0002136230469,0.004481542855501175,-0.06438981741666794,2.718292236328125,0.0,0.0,0.0,0,0
1786431206.2692199,8.403014414000609,APPROACH,FLOW,/home/eunseop/nrs_imitation/checkpoints/flow/polishing/single_cam/20260809_1638,495.6377258300781,326.5774230957031,283.4154968261719,0.004395116586238146,-0.06424430757761002,2.7182865142822266,-0.13390043377876282,2.3080341815948486,1.0729297399520874,495.708984375,325.6189880371094,283.0002136230469,0.004481542855501175,-0.06438981741666794,2.718292236328125,0.0,0.0,0.0,0,0
1786431206.277232,8.411026495000442,APPROACH,FLOW,/home/eunseop/nrs_imitation/checkpoints/flow/polishing/single_cam/20260809_1638,495.6023254394531,326.5999450683594,283.3979797363281,0.004547713790088892,-0.06421387940645218,2.718251943588257,0.06926640123128891,2.4028055667877197,0.8418972492218018,495.708984375,325.6189880371094,283.0002136230469,0.004481542855501175,-0.06438981741666794,2.718292236328125,0.0,0.0,0.0,0,0
1786431206.285225,8.4190194290004,APPROACH,FLOW,/home/eunseop/nrs_imitation/checkpoints/flow/polishing/single_cam/20260809_1638,495.62518310546875,326.61370849609375,283.4329833984375,0.004455368034541607,-0.06427657604217529,2.7182629108428955,-0.15635505318641663,2.4001083374023438,0.9878187775611877,495.708984375,325.6189880371094,283.0002136230469,0.004481542855501175,-0.06438981741666794,2.718292236328125,0.0,0.0,0.0,0,0
1786431206.2931893,8.426983959000609,APPROACH,FLOW,/home/eunseop/nrs_imitation/checkpoints/flow/polishing/single_cam/20260809_1638,495.6622314453125,326.6153259277344,283.4537048339844,0.004364705178886652,-0.0643010288476944,2.71823787689209,0.24405927956104279,2.257530927658081,0.9488184452056885,495.708984375,325.6189880371094,283.0002136230469,0.004481542855501175,-0.06438981741666794,2.718292236328125,0.0,0.0,0.0,0,0
1786431206.301184,8.43497868600025,APPROACH,FLOW,/home/eunseop/nrs_imitation/checkpoints/flow/polishing/single_cam/20260809_1638,495.6213073730469,326.62420654296875,283.4416198730469,0.0044761886820197105,-0.06430741399526596,2.7182629108428955,-0.16693171858787537,2.315134048461914,0.9925854206085205,495.708984375,325.6189880371094,283.0002136230469,0.004481542855501175,-0.06438981741666794,2.718292236328125,0.0,0.0,0.0,0,0
1786431206.3091733,8.442967912999848,APPROACH,FLOW,/home/eunseop/nrs_imitation/checkpoints/flow/polishing/single_cam/20260809_1638,495.6312255859375,326.6043395996094,283.4329833984375,0.004491327330470085,-0.06427805125713348,2.7182273864746094,-0.3147863745689392,2.372328042984009,1.1023879051208496,495.708984375,325.6189880371094,283.0002136230469,0.004481542855501175,-0.06438981741666794,2.718292236328125,0.0,0.0,0.0,0,0
1786431206.3171725,8.450967009000124,APPROACH,FLOW,/home/eunseop/nrs_imitation/checkpoints/flow/polishing/single_cam/20260809_1638,495.63092041015625,326.5771484375,283.4195251464844,0.004444440361112356,-0.06419342756271362,2.718214988708496,-0.24579204618930817,2.5366804599761963,0.6742908358573914,495.708984375,325.6189880371094,283.0002136230469,0.004481542855501175,-0.06438981741666794,2.718292236328125,0.0,0.0,0.0,0,0
1786431206.3251927,8.458987265999895,APPROACH,FLOW,/home/eunseop/nrs_imitation/checkpoints/flow/polishing/single_cam/20260809_1638,495.64068603515625,326.6253356933594,283.4823913574219,0.00442535849288106,-0.06439497321844101,2.718250274658203,0.0054662455804646015,2.2561397552490234,0.7599737644195557,495.708984375,325.6189880371094,283.0002136230469,0.004481542855501175,-0.06438981741666794,2.718292236328125,0.0,0.0,0.0,0,0
1786431206.3331814,8.466975882000042,APPROACH,FLOW,/home/eunseop/nrs_imitation/checkpoints/flow/polishing/single_cam/20260809_1638,495.62628173828125,326.6326904296875,283.4496154785156,0.004460543394088745,-0.06430024653673172,2.718322515487671,-0.020245768129825592,2.1955742835998535,0.9163417220115662,495.708984375,325.6189880371094,283.0002136230469,0.004481542855501175,-0.06438981741666794,2.718292236328125,0.0,0.0,0.0,0,0
1786431206.3411767,8.474971411000297,APPROACH,FLOW,/home/eunseop/nrs_imitation/checkpoints/flow/polishing/single_cam/20260809_1638,495.6474304199219,326.6416015625,283.4763488769531,0.004400360863655806,-0.06434061378240585,2.7182743549346924,0.0056732650846242905,2.47847318649292,1.0566518306732178,495.708984375,325.6189880371094,283.0002136230469,0.004481542855501175,-0.06438981741666794,2.718292236328125,0.0,0.0,0.0,0,0
1786431206.349211,8.483005363000302,APPROACH,FLOW,/home/eunseop/nrs_imitation/checkpoints/flow/polishing/single_cam/20260809_1638,495.6283874511719,326.59820556640625,283.4334411621094,0.004488686565309763,-0.06431546062231064,2.718214988708496,0.2165055125951767,2.2412257194519043,0.906428873538971,495.708984375,325.6189880371094,283.0002136230469,0.004481542855501175,-0.06438981741666794,2.718292236328125,0.0,0.0,0.0,0,0
1786431206.3571942,8.490988899000513,APPROACH,FLOW,/home/eunseop/nrs_imitation/checkpoints/flow/polishing/single_cam/20260809_1638,495.6527404785156,326.6475830078125,283.4866638183594,0.004376329481601715,-0.0643843412399292,2.7182376384735107,-0.057754021137952805,2.3353447914123535,0.6770141124725342,495.708984375,325.6189880371094,283.0002136230469,0.004481542855501175,-0.06438981741666794,2.718292236328125,0.0,0.0,0.0,0,0
1786431206.3651872,8.498981583000386,APPROACH,FLOW,/home/eunseop/nrs_imitation/checkpoints/flow/polishing/single_cam/20260809_1638,495.6331787109375,326.606201171875,283.4032897949219,0.004399587865918875,-0.06420723348855972,2.71829891204834,0.014840981923043728,2.3490960597991943,1.0721858739852905,495.708984375,325.6189880371094,283.0002136230469,0.004481542855501175,-0.06438981741666794,2.718292236328125,0.0,0.0,0.0,0,0
1786431206.373246,8.5070405940005,APPROACH,FLOW,/home/eunseop/nrs_imitation/checkpoints/flow/polishing/single_cam/20260809_1638,495.6270751953125,326.62774658203125,283.4228820800781,0.004498436581343412,-0.06430132687091827,2.7182388305664062,0.012400337494909763,2.644235372543335,1.073286771774292,495.708984375,325.6189880371094,283.0002136230469,0.004481542855501175,-0.06438981741666794,2.718292236328125,0.0,0.0,0.0,0,0
1786431206.3811982,8.51499272000001,APPROACH,FLOW,/home/eunseop/nrs_imitation/checkpoints/flow/polishing/single_cam/20260809_1638,495.6429138183594,326.58197021484375,283.4243469238281,0.004470462445169687,-0.06424640864133835,2.7181789875030518,-0.032759614288806915,2.4446053504943848,0.6388450860977173,495.708984375,325.6189880371094,283.0002136230469,0.004481542855501175,-0.06438981741666794,2.718292236328125,0.0,0.0,0.0,0,0
1786431206.390191,8.523985632999938,APPROACH,FLOW,/home/eunseop/nrs_imitation/checkpoints/flow/polishing/single_cam/20260809_1638,495.6462097167969,326.5856628417969,283.4618835449219,0.004428172018378973,-0.06431977450847626,2.718214750289917,-0.09462156891822815,2.4396398067474365,0.8155748844146729,495.708984375,325.6189880371094,283.0002136230469,0.004481542855501175,-0.06438981741666794,2.718292236328125,0.0,0.0,0.0,0,0
1786431206.3971834,8.530978167000285,APPROACH,FLOW,/home/eunseop/nrs_imitation/checkpoints/flow/polishing/single_cam/20260809_1638,495.6069641113281,326.61260986328125,283.4388732910156,0.004497036803513765,-0.06433818489313126,2.718226671218872,-0.1628042757511139,2.245270013809204,0.8872894644737244,495.708984375,325.6189880371094,283.0002136230469,0.004481542855501175,-0.06438981741666794,2.718292236328125,0.0,0.0,0.0,0,0
1786431206.4051774,8.538971812000455,APPROACH,FLOW,/home/eunseop/nrs_imitation/checkpoints/flow/polishing/single_cam/20260809_1638,495.6234130859375,326.62945556640625,283.4210510253906,0.004477661103010178,-0.06427130103111267,2.7182869911193848,-0.4476427137851715,2.3735032081604004,1.158481240272522,495.708984375,325.6189880371094,283.0002136230469,0.004481542855501175,-0.06438981741666794,2.718292236328125,0.0,0.0,0.0,0,0
1786431206.4131775,8.546972101000392,APPROACH,FLOW,/home/eunseop/nrs_imitation/checkpoints/flow/polishing/single_cam/20260809_1638,495.6506652832031,326.60552978515625,283.4463806152344,0.004450115375220776,-0.06434991955757141,2.7181782722473145,-0.12839342653751373,2.2352843284606934,0.7285109162330627,495.708984375,325.6189880371094,283.0002136230469,0.004481542855501175,-0.06438981741666794,2.718292236328125,0.0,0.0,0.0,0,0
1786431206.4212356,8.555029939000633,APPROACH,FLOW,/home/eunseop/nrs_imitation/checkpoints/flow/polishing/single_cam/20260809_1638,495.6325988769531,326.6220703125,283.45660400390625,0.004438705276697874,-0.06430599838495255,2.7182626724243164,0.020379792898893356,2.4850447177886963,0.7219383120536804,495.708984375,325.6189880371094,283.0002136230469,0.004481542855501175,-0.06438981741666794,2.718292236328125,0.0,0.0,0.0,0,0
1786431206.429183,8.562977646000036,APPROACH,FLOW,/home/eunseop/nrs_imitation/checkpoints/flow/polishing/single_cam/20260809_1638,495.65643310546875,326.61334228515625,283.4389953613281,0.0044089192524552345,-0.06428923457860947,2.718238592147827,0.21209251880645752,2.218409776687622,0.9001341462135315,495.708984375,325.6189880371094,283.0002136230469,0.004481542855501175,-0.06438981741666794,2.718292236328125,0.0,0.0,0.0,0,0
1786431206.437177,8.57097134200012,APPROACH,FLOW,/home/eunseop/nrs_imitation/checkpoints/flow/polishing/single_cam/20260809_1638,495.6606140136719,326.5795593261719,283.4338684082031,0.004410146735608578,-0.06425046920776367,2.718203067779541,-0.13651935756206512,2.181652545928955,1.101477026939392,495.708984375,325.6189880371094,283.0002136230469,0.004481542855501175,-0.06438981741666794,2.718292236328125,0.0,0.0,0.0,0,0
1786431206.4451714,8.578966029000185,APPROACH,FLOW,/home/eunseop/nrs_imitation/checkpoints/flow/polishing/single_cam/20260809_1638,495.6338195800781,326.6263122558594,283.4512634277344,0.0044093262404203415,-0.06432607769966125,2.718238115310669,-0.6495361924171448,2.4883389472961426,0.7764633297920227,495.708984375,325.6189880371094,283.0002136230469,0.004481542855501175,-0.06438981741666794,2.718292236328125,0.0,0.0,0.0,0,0
1786431206.4531713,8.586965815999974,APPROACH,FLOW,/home/eunseop/nrs_imitation/checkpoints/flow/polishing/single_cam/20260809_1638,495.6177673339844,326.5892333984375,283.4149475097656,0.004499879200011492,-0.06426338851451874,2.718214988708496,-0.019010379910469055,2.2891600131988525,0.8482627868652344,495.708984375,325.6189880371094,283.0002136230469,0.004481542855501175,-0.06438981741666794,2.718292236328125,0.0,0.0,0.0,0,0
1786431206.4612188,8.595013425000616,APPROACH,FLOW,/home/eunseop/nrs_imitation/checkpoints/flow/polishing/single_cam/20260809_1638,495.6416931152344,326.6293640136719,283.47540283203125,0.004419729579240084,-0.06437224894762039,2.718250274658203,-0.001542777055874467,2.3544039726257324,1.0796185731887817,495.708984375,325.6189880371094,283.0002136230469,0.004481542855501175,-0.06438981741666794,2.718292236328125,0.0,0.0,0.0,0,0
1786431206.4691925,8.602986922000127,APPROACH,FLOW,/home/eunseop/nrs_imitation/checkpoints/flow/polishing/single_cam/20260809_1638,495.6325988769531,326.6117248535156,283.44134521484375,0.004447184968739748,-0.0642905905842781,2.718238592147827,-0.053476423025131226,2.486556053161621,1.270922303199768,495.708984375,325.6189880371094,283.0002136230469,0.004481542855501175,-0.06438981741666794,2.718292236328125,0.0,0.0,0.0,0,0
1786431206.4772508,8.61104546200022,APPROACH,FLOW,/home/eunseop/nrs_imitation/checkpoints/flow/polishing/single_cam/20260809_1638,495.6416931152344,326.6189880371094,283.45989990234375,0.004427825100719929,-0.06435707956552505,2.718238353729248,-0.24888290464878082,2.1295533180236816,1.1851458549499512,495.708984375,325.6189880371094,283.0002136230469,0.004481542855501175,-0.06438981741666794,2.718292236328125,0.0,0.0,0.0,0,0
1786431206.485207,8.619001586000195,APPROACH,FLOW,/home/eunseop/nrs_imitation/checkpoints/flow/polishing/single_cam/20260809_1638,495.6573791503906,326.62469482421875,283.47625732421875,0.0043770307675004005,-0.06434685736894608,2.71823787689209,-0.13045190274715424,2.4029550552368164,1.1878437995910645,495.708984375,325.6189880371094,283.0002136230469,0.004481542855501175,-0.06438981741666794,2.718292236328125,0.0,0.0,0.0,0,0
1786431206.4931903,8.62698502100011,APPROACH,FLOW,/home/eunseop/nrs_imitation/checkpoints/flow/polishing/single_cam/20260809_1638,495.639404296875,326.62225341796875,283.4579772949219,0.004416297655552626,-0.06431159377098083,2.7182626724243164,-0.10284905135631561,2.078070640563965,0.7075969576835632,495.708984375,325.6189880371094,283.0002136230469,0.004481542855501175,-0.06438981741666794,2.718292236328125,0.0,0.0,0.0,0,0
1786431206.5011773,8.634971854000469,APPROACH,FLOW,/home/eunseop/nrs_imitation/checkpoints/flow/polishing/single_cam/20260809_1638,495.64263916015625,326.62298583984375,283.4516296386719,0.004447270650416613,-0.06429129093885422,2.718214750289917,-0.23779822885990143,2.2910664081573486,1.1175752878189087,495.708984375,325.6189880371094,283.0002136230469,0.004481542855501175,-0.06438981741666794,2.718292236328125,0.0,0.0,0.0,0,0
1786431206.5091734,8.64296796400049,APPROACH,FLOW,/home/eunseop/nrs_imitation/checkpoints/flow/polishing/single_cam/20260809_1638,495.635498046875,326.6091613769531,283.4279479980469,0.004491327330470085,-0.06427805125713348,2.7182273864746094,-0.12078426778316498,2.3714611530303955,0.8970732688903809,495.708984375,325.6189880371094,283.0002136230469,0.004481542855501175,-0.06438981741666794,2.718292236328125,0.0,0.0,0.0,0,0
1786431206.5172215,8.6510159139998,APPROACH,FLOW,/home/eunseop/nrs_imitation/checkpoints/flow/polishing/single_cam/20260809_1638,495.61370849609375,326.6333923339844,283.4417419433594,0.00449139392003417,-0.06431551277637482,2.7182626724243164,0.1793811321258545,2.2134475708007812,0.9289258718490601,495.708984375,325.6189880371094,283.0002136230469,0.004481542855501175,-0.06438981741666794,2.718292236328125,0.0,0.0,0.0,0,0
1786431206.525377,8.659171740000602,APPROACH,FLOW,/home/eunseop/nrs_imitation/checkpoints/flow/polishing/single_cam/20260809_1638,495.6285400390625,326.5938720703125,283.39593505859375,0.0045027825981378555,-0.06422598659992218,2.718168020248413,0.1793811321258545,2.2134475708007812,0.9289258718490601,495.708984375,325.6189880371094,283.0002136230469,0.004481542855501175,-0.06438981741666794,2.718292236328125,0.0,0.0,0.0,0,0
1786431206.5333676,8.667162319999989,APPROACH,FLOW,/home/eunseop/nrs_imitation/checkpoints/flow/polishing/single_cam/20260809_1638,495.6165466308594,326.6084899902344,283.4229736328125,0.004509540740400553,-0.06424851715564728,2.7182271480560303,-0.05539580434560776,2.1580286026000977,0.98680579662323,495.708984375,325.6189880371094,283.0002136230469,0.004481542855501175,-0.06438981741666794,2.718292236328125,0.0,0.0,0.0,0,0
1786431206.5412712,8.675065792000169,APPROACH,FLOW,/home/eunseop/nrs_imitation/checkpoints/flow/polishing/single_cam/20260809_1638,495.6551513671875,326.5986022949219,283.4220886230469,0.004447005223482847,-0.06425344198942184,2.7182271480560303,-0.04631120339035988,2.18658185005188,0.8055283427238464,495.708984375,325.6189880371094,283.0002136230469,0.004481542855501175,-0.06438981741666794,2.718292236328125,0.0,0.0,0.0,0,0
1786431206.5491836,8.682978132000244,APPROACH,FLOW,/home/eunseop/nrs_imitation/checkpoints/flow/polishing/single_cam/20260809_1638,495.61859130859375,326.6004943847656,283.4164733886719,0.004499156028032303,-0.06426425278186798,2.7182631492614746,0.011991133913397789,2.203507423400879,0.8772613406181335,495.708984375,325.6189880371094,283.0002136230469,0.004481542855501175,-0.06438981741666794,2.718292236328125,0.0,0.0,0.0,0,0
1786431206.5571916,8.690986145000352,APPROACH,FLOW,/home/eunseop/nrs_imitation/checkpoints/flow/polishing/single_cam/20260809_1638,495.65423583984375,326.6078796386719,283.4527893066406,0.004406990483403206,-0.06432583183050156,2.7182140350341797,-0.3283880054950714,2.304568290710449,1.060241937637329,495.708984375,325.6189880371094,283.0002136230469,0.004481542855501175,-0.06438981741666794,2.718292236328125,0.0,0.0,0.0,0,0
1786431206.5651774,8.698971804999928,APPROACH,FLOW,/home/eunseop/nrs_imitation/checkpoints/flow/polishing/single_cam/20260809_1638,495.6498107910156,326.6000671386719,283.4565734863281,0.004445988219231367,-0.06429006904363632,2.718202590942383,-0.09612995386123657,2.3429818153381348,0.9633393287658691,495.708984375,325.6189880371094,283.0002136230469,0.004481542855501175,-0.06438981741666794,2.718292236328125,0.0,0.0,0.0,0,0
1786431206.5733583,8.707153191000543,APPROACH,FLOW,/home/eunseop/nrs_imitation/checkpoints/flow/polishing/single_cam/20260809_1638,495.63824462890625,326.6254577636719,283.43780517578125,0.004461280535906553,-0.0642993301153183,2.718238592147827,0.07284600287675858,2.2382168769836426,1.0170104503631592,495.708984375,325.6189880371094,283.0002136230469,0.004481542855501175,-0.06438981741666794,2.718292236328125,0.0,0.0,0.0,0,0
1786431206.581189,8.714983542000482,APPROACH,FLOW,/home/eunseop/nrs_imitation/checkpoints/flow/polishing/single_cam/20260809_1638,495.6203308105469,326.6127624511719,283.43817138671875,0.00450100377202034,-0.06426316499710083,2.7182390689849854,0.0018872710643336177,2.2769393920898438,1.372580647468567,495.708984375,325.6189880371094,283.0002136230469,0.004481542855501175,-0.06438981741666794,2.718292236328125,0.0,0.0,0.0,0,0
1786431206.5893204,8.723115263000182,APPROACH,FLOW,/home/eunseop/nrs_imitation/checkpoints/flow/polishing/single_cam/20260809_1638,495.6349182128906,326.6262512207031,283.44482421875,0.00449056550860405,-0.06431476771831512,2.718214750289917,-0.10043222457170486,2.343895435333252,1.0824344158172607,495.708984375,325.6189880371094,283.0002136230469,0.004481542855501175,-0.06438981741666794,2.718292236328125,0.0,0.0,0.0,0,0
1786431206.5972042,8.730998757000634,APPROACH,FLOW,/home/eunseop/nrs_imitation/checkpoints/flow/polishing/single_cam/20260809_1638,495.64111328125,326.6539001464844,283.471923828125,0.004456175956875086,-0.06437509506940842,2.7182981967926025,-0.17819811403751373,2.4323372840881348,0.8723446726799011,495.708984375,325.6189880371094,283.0002136230469,0.004481542855501175,-0.06438981741666794,2.718292236328125,0.0,0.0,0.0,0,0
1786431206.6052015,8.738995898999747,APPROACH,FLOW,/home/eunseop/nrs_imitation/checkpoints/flow/polishing/single_cam/20260809_1638,495.62786865234375,326.6005859375,283.4313659667969,0.004499452654272318,-0.06426327675580978,2.7182393074035645,-0.24966304004192352,2.3223090171813965,0.8910180926322937,495.708984375,325.6189880371094,283.0002136230469,0.004481542855501175,-0.06438981741666794,2.718292236328125,0.0,0.0,0.0,0,0
1786431206.6132832,8.747077854000054,APPROACH,FLOW,/home/eunseop/nrs_imitation/checkpoints/flow/polishing/single_cam/20260809_1638,495.6477355957031,326.6316223144531,283.4320068359375,0.0044404324144124985,-0.064268559217453,2.7182748317718506,-0.04398209601640701,2.0041937828063965,1.2842460870742798,495.708984375,325.6189880371094,283.0002136230469,0.004481542855501175,-0.06438981741666794,2.718292236328125,0.0,0.0,0.0,0,0
1786431206.6212869,8.755081529000563,APPROACH,FLOW,/home/eunseop/nrs_imitation/checkpoints/flow/polishing/single_cam/20260809_1638,495.62872314453125,326.60894775390625,283.4265441894531,0.0045143431052565575,-0.06427190452814102,2.718203067779541,-0.160021111369133,2.1744816303253174,0.9235472679138184,495.708984375,325.6189880371094,283.0002136230469,0.004481542855501175,-0.06438981741666794,2.718292236328125,0.0,0.0,0.0,0,0
1786431206.6291804,8.762974872000086,APPROACH,FLOW,/home/eunseop/nrs_imitation/checkpoints/flow/polishing/single_cam/20260809_1638,495.63323974609375,326.6553649902344,283.42041015625,0.004499930888414383,-0.06430086493492126,2.7182507514953613,-0.16728758811950684,2.103402853012085,1.1670037508010864,495.708984375,325.6189880371094,283.0002136230469,0.004481542855501175,-0.06438981741666794,2.718292236328125,0.0,0.0,0.0,0,0
1786431206.637241,8.771035475000645,APPROACH,FLOW,/home/eunseop/nrs_imitation/checkpoints/flow/polishing/single_cam/20260809_1638,495.6492614746094,326.6156005859375,283.4014587402344,0.0044512371532619,-0.0642162635922432,2.718226909637451,-0.13182510435581207,2.3377931118011475,0.9122923612594604,495.708984375,325.6189880371094,283.0002136230469,0.004481542855501175,-0.06438981741666794,2.718292236328125,0.0,0.0,0.0,0,0
1786431206.6451726,8.778967121999813,APPROACH,FLOW,/home/eunseop/nrs_imitation/checkpoints/flow/polishing/single_cam/20260809_1638,495.6415710449219,326.6470031738281,283.435546875,0.004459483083337545,-0.06433647871017456,2.7182745933532715,-0.23713082075119019,2.200192451477051,1.2535029649734497,495.708984375,325.6189880371094,283.0002136230469,0.004481542855501175,-0.06438981741666794,2.718292236328125,0.0,0.0,0.0,0,0
1786431206.6531763,8.786970967000343,APPROACH,FLOW,/home/eunseop/nrs_imitation/checkpoints/flow/polishing/single_cam/20260809_1638,495.62042236328125,326.633544921875,283.4415588378906,0.004493307322263718,-0.0642785057425499,2.7182629108428955,0.1639605015516281,2.43254017829895,0.7742246389389038,495.708984375,325.6189880371094,283.0002136230469,0.004481542855501175,-0.06438981741666794,2.718292236328125,0.0,0.0,0.0,0,0
1786431206.6617577,8.795552330000646,APPROACH,FLOW,/home/eunseop/nrs_imitation/checkpoints/flow/polishing/single_cam/20260809_1638,495.62042236328125,326.633544921875,283.4415588378906,0.004493307322263718,-0.0642785057425499,2.7182629108428955,0.1639605015516281,2.43254017829895,0.7742246389389038,495.708984375,325.6189880371094,283.0002136230469,0.004481542855501175,-0.06438981741666794,2.718292236328125,0.0,0.0,0.0,0,0
1786431206.6692033,8.802997853999841,APPROACH,FLOW,/home/eunseop/nrs_imitation/checkpoints/flow/polishing/single_cam/20260809_1638,495.6631164550781,326.6298828125,283.4597473144531,0.004433852154761553,-0.06437951326370239,2.7181901931762695,-0.01631339080631733,2.442263603210449,0.9970365166664124,495.708984375,325.6189880371094,283.0002136230469,0.004481542855501175,-0.06438981741666794,2.718292236328125,0.0,0.0,0.0,0,0
1786431206.6772077,8.811002469999949,APPROACH,FLOW,/home/eunseop/nrs_imitation/checkpoints/flow/polishing/single_cam/20260809_1638,495.6255798339844,326.59637451171875,283.41448974609375,0.004481626208871603,-0.06419581919908524,2.7182393074035645,-0.036602932959795,2.421905755996704,0.7769652605056763,495.708984375,325.6189880371094,283.0002136230469,0.004481542855501175,-0.06438981741666794,2.718292236328125,0.0,0.0,0.0,0,0
1786431206.6853018,8.81909653799994,APPROACH,FLOW,/home/eunseop/nrs_imitation/checkpoints/flow/polishing/single_cam/20260809_1638,495.61663818359375,326.62347412109375,283.41790771484375,0.00455374363809824,-0.06423677504062653,2.718263864517212,-0.22485502064228058,2.2789745330810547,1.4411661624908447,495.708984375,325.6189880371094,283.0002136230469,0.004481542855501175,-0.06438981741666794,2.718292236328125,0.0,0.0,0.0,0,0
1786431206.6932588,8.82705333300055,APPROACH,FLOW,/home/eunseop/nrs_imitation/checkpoints/flow/polishing/single_cam/20260809_1638,495.6274719238281,326.61785888671875,283.4193420410156,0.004531731363385916,-0.06424208730459213,2.7182154655456543,-0.016321606934070587,2.2958579063415527,1.1681114435195923,495.708984375,325.6189880371094,283.0002136230469,0.004481542855501175,-0.06438981741666794,2.718292236328125,0.0,0.0,0.0,0,0
1786431206.7013278,8.835122483000305,APPROACH,FLOW,/home/eunseop/nrs_imitation/checkpoints/flow/polishing/single_cam/20260809_1638,495.6567687988281,326.60205078125,283.4307556152344,0.004490087274461985,-0.06427717953920364,2.71820330619812,-0.2334146797657013,2.2828774452209473,0.9999319314956665,495.708984375,325.6189880371094,283.0002136230469,0.004481542855501175,-0.06438981741666794,2.718292236328125,0.0,0.0,0.0,0,0
1786431206.709766,8.843560532000083,APPROACH,FLOW,/home/eunseop/nrs_imitation/checkpoints/flow/polishing/single_cam/20260809_1638,495.6567687988281,326.60205078125,283.4307556152344,0.004490087274461985,-0.06427717953920364,2.71820330619812,-0.2334146797657013,2.2828774452209473,0.9999319314956665,495.708984375,325.6189880371094,283.0002136230469,0.004481542855501175,-0.06438981741666794,2.718292236328125,0.0,0.0,0.0,0,0
1786431206.7171874,8.850981798999783,APPROACH,FLOW,/home/eunseop/nrs_imitation/checkpoints/flow/polishing/single_cam/20260809_1638,495.6347351074219,326.6156921386719,283.4209899902344,0.0045224688947200775,-0.06425713747739792,2.718215227127075,-0.13857203722000122,2.280205726623535,1.0482755899429321,495.708984375,325.6189880371094,283.0002136230469,0.004481542855501175,-0.06438981741666794,2.718292236328125,0.0,0.0,0.0,0,0
1786431206.7251832,8.858977889000016,APPROACH,FLOW,/home/eunseop/nrs_imitation/checkpoints/flow/polishing/single_cam/20260809_1638,495.6400451660156,326.6126403808594,283.4204406738281,0.004455958027392626,-0.06423941254615784,2.7182869911193848,-0.20863939821720123,2.238400936126709,1.0095055103302002,495.708984375,325.6189880371094,283.0002136230469,0.004481542855501175,-0.06438981741666794,2.718292236328125,0.0,0.0,0.0,0,0
1786431206.733182,8.866976764000356,APPROACH,FLOW,/home/eunseop/nrs_imitation/checkpoints/flow/polishing/single_cam/20260809_1638,495.6612243652344,326.6571044921875,283.4674072265625,0.0043996647000312805,-0.06434141099452972,2.7182862758636475,-0.09650333225727081,2.4344735145568848,1.1870741844177246,495.708984375,325.6189880371094,283.0002136230469,0.004481542855501175,-0.06438981741666794,2.718292236328125,0.0,0.0,0.0,0,0
1786431206.7413478,8.875142540000525,TRACK,FLOW,/home/eunseop/nrs_imitation/checkpoints/flow/polishing/single_cam/20260809_1638,495.6506042480469,326.6231994628906,283.44091796875,0.004481599200516939,-0.06432884186506271,2.7181906700134277,0.032930344343185425,2.3229079246520996,0.9614817500114441,495.708984375,325.6189880371094,283.0002136230469,0.004481542855501175,-0.06438981741666794,2.718292236328125,0.0,0.0,0.0,0,0
1786431206.7492073,8.883001977999811,TRACK,FLOW,/home/eunseop/nrs_imitation/checkpoints/flow/polishing/single_cam/20260809_1638,495.6570739746094,326.6317443847656,283.4130859375,0.004448201507329941,-0.06425396353006363,2.7182629108428955,-0.26535695791244507,2.2348670959472656,0.7945776581764221,495.708984375,325.6189880371094,283.0002136230469,0.004481542855501175,-0.06438981741666794,2.718292236328125,0.0,0.0,0.0,0,0
1786431206.757183,8.89097755900002,TRACK,FLOW,/home/eunseop/nrs_imitation/checkpoints/flow/polishing/single_cam/20260809_1638,495.64813232421875,326.6217346191406,283.4236145019531,0.004450047388672829,-0.0642528310418129,2.718203544616699,-0.24006161093711853,2.4966797828674316,0.9017170071601868,495.708984375,325.6189880371094,283.0002136230469,0.004481542855501175,-0.06438981741666794,2.718292236328125,0.0,0.0,0.0,0,0
1786431206.7652123,8.899007062999772,TRACK,FLOW,/home/eunseop/nrs_imitation/checkpoints/flow/polishing/single_cam/20260809_1638,495.6416320800781,326.62640380859375,283.4035339355469,0.004498787224292755,-0.06426447629928589,2.7182750701904297,-0.02264390140771866,2.323244571685791,0.8456052541732788,495.708984375,325.6189880371094,283.0002136230469,0.004481542855501175,-0.06438981741666794,2.718292236328125,0.0,0.0,0.0,0,0
1786431206.7732048,8.90699931600011,TRACK,FLOW,/home/eunseop/nrs_imitation/checkpoints/flow/polishing/single_cam/20260809_1638,495.6396179199219,326.61663818359375,283.420654296875,0.004502743482589722,-0.06422567367553711,2.718215227127075,-0.23554374277591705,2.330623149871826,1.1470952033996582,495.708984375,325.6189880371094,283.0002136230469,0.004481542855501175,-0.06438981741666794,2.718292236328125,0.0,0.0,0.0,0,0
1786431206.7811847,8.91497921500013,TRACK,FLOW,/home/eunseop/nrs_imitation/checkpoints/flow/polishing/single_cam/20260809_1638,495.6307067871094,326.64215087890625,283.41729736328125,0.004514745436608791,-0.06427253782749176,2.718275308609009,-0.2491312175989151,2.4946036338806152,1.2687405347824097,495.708984375,325.6189880371094,283.0002136230469,0.004481542855501175,-0.06438981741666794,2.718292236328125,0.0,0.0,0.0,0,0
1786431206.789189,8.922983571000259,TRACK,FLOW,/home/eunseop/nrs_imitation/checkpoints/flow/polishing/single_cam/20260809_1638,495.6798095703125,326.6366882324219,283.462158203125,0.004389899782836437,-0.06435513496398926,2.718238115310669,-0.009785890579223633,2.386728048324585,1.0752105712890625,495.708984375,325.6189880371094,283.0002136230469,0.004481542855501175,-0.06438981741666794,2.718292236328125,0.0,0.0,0.0,0,0
1786431206.7988205,8.932615270000497,TRACK,FLOW,/home/eunseop/nrs_imitation/checkpoints/flow/polishing/single_cam/20260809_1638,495.6512451171875,326.59716796875,283.44818115234375,0.0044334083795547485,-0.0642455667257309,2.718214750289917,0.009817001409828663,2.532902240753174,1.0521596670150757,495.708984375,325.6189880371094,283.0002136230469,0.004481542855501175,-0.06438981741666794,2.718292236328125,0.0,0.0,0.0,0,0
1786431206.8052168,8.939011428999947,TRACK,FLOW,/home/eunseop/nrs_imitation/checkpoints/flow/polishing/single_cam/20260809_1638,495.654296875,326.6109313964844,283.4289855957031,0.0044512078166007996,-0.06421586871147156,2.718203067779541,-0.4162940979003906,2.4046571254730225,1.0519070625305176,495.708984375,325.6189880371094,283.0002136230469,0.004481542855501175,-0.06438981741666794,2.718292236328125,0.0,0.0,0.0,0,0
1786431206.813208,8.947002570000222,TRACK,FLOW,/home/eunseop/nrs_imitation/checkpoints/flow/polishing/single_cam/20260809_1638,495.642578125,326.60382080078125,283.4209899902344,0.004520918242633343,-0.06425724923610687,2.7182154655456543,-0.1369909942150116,2.344378709793091,1.0391249656677246,495.708984375,325.6189880371094,283.0002136230469,0.004481542855501175,-0.06438981741666794,2.718292236328125,0.0,0.0,0.0,0,0
1786431206.8212178,8.955012467000415,TRACK,FLOW,/home/eunseop/nrs_imitation/checkpoints/flow/polishing/single_cam/20260809_1638,495.6372985839844,326.64508056640625,283.45294189453125,0.0044694505631923676,-0.06428536772727966,2.71829891204834,-0.2960915267467499,2.385586977005005,0.8247514367103577,495.708984375,325.6189880371094,283.0002136230469,0.004481542855501175,-0.06438981741666794,2.718292236328125,0.0,0.0,0.0,0,0
1786431206.8292077,8.96300209400033,TRACK,FLOW,/home/eunseop/nrs_imitation/checkpoints/flow/polishing/single_cam/20260809_1638,495.6196594238281,326.6297607421875,283.4193420410156,0.004531408194452524,-0.0642431229352951,2.718275547027588,0.012159031815826893,2.533348560333252,0.7920137643814087,495.708984375,325.6189880371094,283.0002136230469,0.004481542855501175,-0.06438981741666794,2.718292236328125,0.0,0.0,0.0,0,0
1786431206.8372183,8.971012793000227,TRACK,FLOW,/home/eunseop/nrs_imitation/checkpoints/flow/polishing/single_cam/20260809_1638,495.6646423339844,326.6270751953125,283.4508056640625,0.004420801997184753,-0.06433454155921936,2.718238592147827,-0.09074227511882782,2.549848794937134,1.203580617904663,495.708984375,325.6189880371094,283.0002136230469,0.004481542855501175,-0.06438981741666794,2.718292236328125,0.0,0.0,0.0,0,0
1786431206.845214,8.979008592000355,TRACK,FLOW,/home/eunseop/nrs_imitation/checkpoints/flow/polishing/single_cam/20260809_1638,495.6651916503906,326.60986328125,283.43878173828125,0.004446635954082012,-0.06425366550683975,2.7182390689849854,0.06212690845131874,2.2207279205322266,0.6202218532562256,495.708984375,325.6189880371094,283.0002136230469,0.004481542855501175,-0.06438981741666794,2.718292236328125,0.0,0.0,0.0,0,0
1786431206.853224,8.987018497999998,TRACK,FLOW,/home/eunseop/nrs_imitation/checkpoints/flow/polishing/single_cam/20260809_1638,495.6357727050781,326.62432861328125,283.42266845703125,0.004537772852927446,-0.0642649307847023,2.718191385269165,-0.3205345571041107,2.341773509979248,0.8650936484336853,495.708984375,325.6189880371094,283.0002136230469,0.004481542855501175,-0.06438981741666794,2.718292236328125,0.0,0.0,0.0,0,0
1786431206.8612125,8.995006924000336,TRACK,FLOW,/home/eunseop/nrs_imitation/checkpoints/flow/polishing/single_cam/20260809_1638,495.6380310058594,326.6326904296875,283.4463195800781,0.00446914229542017,-0.06432110071182251,2.718191385269165,-0.24928127229213715,2.331785202026367,1.0257841348648071,495.708984375,325.6189880371094,283.0002136230469,0.004481542855501175,-0.06438981741666794,2.718292236328125,0.0,0.0,0.0,0,0
1786431206.8692129,9.003007483000147,TRACK,FLOW,/home/eunseop/nrs_imitation/checkpoints/flow/polishing/single_cam/20260809_1638,495.66436767578125,326.63995361328125,283.4366455078125,0.004432988353073597,-0.0642821192741394,2.718226432800293,-0.20341020822525024,2.2953667640686035,0.934859037399292,495.708984375,325.6189880371094,283.0002136230469,0.004481542855501175,-0.06438981741666794,2.718292236328125,0.0,0.0,0.0,0,0
1786431207.04172,9.175514434000434,TRACK,FLOW,/home/eunseop/nrs_imitation/checkpoints/flow/polishing/single_cam/20260809_1638,495.66436767578125,326.63995361328125,283.4366455078125,0.004432988353073597,-0.0642821192741394,2.718226432800293,-0.20341020822525024,2.2953667640686035,0.934859037399292,495.703857421875,325.6138610839844,282.9950866699219,0.004491822794079781,-0.06437953561544418,2.7183024883270264,0.0,0.0,0.0,0,0
1786431207.045344,9.179138700999829,TRACK,FLOW,/home/eunseop/nrs_imitation/checkpoints/flow/polishing/single_cam/20260809_1638,495.6373291015625,326.6112365722656,283.4344482421875,0.004499821923673153,-0.06426305323839188,2.7182273864746094,-0.3913971185684204,2.4829747676849365,0.5785107016563416,495.69866943359375,325.6086730957031,282.9898986816406,0.0045022256672382355,-0.06436913460493088,2.718312978744507,0.0,0.0,0.0,0,0
1786431207.0532627,9.187057201999778,TRACK,FLOW,/home/eunseop/nrs_imitation/checkpoints/flow/polishing/single_cam/20260809_1638,495.6649169921875,326.62286376953125,283.4197692871094,0.004434133879840374,-0.06424516439437866,2.718226671218872,0.010245952755212784,2.061871290206909,1.0785539150238037,495.6933288574219,325.60333251953125,282.98455810546875,0.0045128935016691685,-0.06435846537351608,2.7183237075805664,0.0,0.0,0.0,0,0
1786431207.061276,9.195070464999844,TRACK,FLOW,/home/eunseop/nrs_imitation/checkpoints/flow/polishing/single_cam/20260809_1638,495.6416931152344,326.65167236328125,283.4142761230469,0.004536427091807127,-0.0642673447728157,2.7182633876800537,-0.09608115255832672,2.1931047439575195,1.2267217636108398,495.6878662109375,325.5978698730469,282.9790954589844,0.0045238276943564415,-0.0643475279211998,2.718334674835205,0.0,0.0,0.0,0,0
1786431207.0692623,9.203056997000203,TRACK,FLOW,/home/eunseop/nrs_imitation/checkpoints/flow/polishing/single_cam/20260809_1638,495.63720703125,326.6317443847656,283.4307556152344,0.004494297783821821,-0.06427668780088425,2.718191623687744,-0.07985692471265793,2.368217945098877,0.586531937122345,495.6822509765625,325.5922546386719,282.9734802246094,0.004535028710961342,-0.06433632969856262,2.718345880508423,0.0,0.0,0.0,0,0
1786431207.077378,9.21117270600007,TRACK,FLOW,/home/eunseop/nrs_imitation/checkpoints/flow/polishing/single_cam/20260809_1638,495.6136779785156,326.6304931640625,283.4042663574219,0.00456343125551939,-0.0642218366265297,2.7182395458221436,0.07891099900007248,2.148560047149658,0.43858101963996887,495.676513671875,325.5865173339844,282.9677429199219,0.0045464979484677315,-0.06432486325502396,2.7183573246002197,0.0,0.0,0.0,0,0
1786431207.099934,9.233728987000177,TRACK,FLOW,/home/eunseop/nrs_imitation/checkpoints/flow/polishing/single_cam/20260809_1638,495.6383056640625,326.6226501464844,283.4363098144531,0.004499894101172686,-0.06426379829645157,2.7182393074035645,0.07891099900007248,2.148560047149658,0.43858101963996887,495.6705017089844,325.58050537109375,282.96173095703125,0.00455855205655098,-0.06431280821561813,2.718369483947754,0.0,0.0,0.0,0,0
1786431207.1103582,9.244152936999853,TRACK,FLOW,/home/eunseop/nrs_imitation/checkpoints/flow/polishing/single_cam/20260809_1638,495.6383056640625,326.6226501464844,283.4363098144531,0.004499894101172686,-0.06426379829645157,2.7182393074035645,-0.15263459086418152,2.129166841506958,0.7120439410209656,495.6642150878906,325.57421875,282.9554443359375,0.004571123514324427,-0.06430023908615112,2.7183821201324463,0.0,0.0,0.0,0,0
1786431207.1466327,9.280427192000388,TRACK,FLOW,/home/eunseop/nrs_imitation/checkpoints/flow/polishing/single_cam/20260809_1638,495.643310546875,326.63861083984375,283.42578125,0.004501046147197485,-0.06426351517438889,2.7182271480560303,-0.10811157524585724,2.331434726715088,0.7386019825935364,495.6573181152344,325.5758056640625,282.94854736328125,0.00458490289747715,-0.06428646296262741,2.718395948410034,0.0,0.0,0.0,0,0
1786431207.1492047,9.282999279999785,TRACK,FLOW,/home/eunseop/nrs_imitation/checkpoints/flow/polishing/single_cam/20260809_1638,495.6051940917969,326.6506652832031,283.4011535644531,0.004603624809533358,-0.06428477168083191,2.718275785446167,0.02151055447757244,2.5532474517822266,0.8115676045417786,495.650390625,325.5781555175781,282.9416198730469,0.004598769824951887,-0.06427259743213654,2.718409776687622,0.0,0.0,0.0,0,0
1786431207.1571946,9.290988937000293,TRACK,FLOW,/home/eunseop/nrs_imitation/checkpoints/flow/polishing/single_cam/20260809_1638,495.6330261230469,326.6477355957031,283.439453125,0.00448587816208601,-0.06429247558116913,2.7182388305664062,-0.06344476342201233,2.2986228466033936,0.9085981249809265,495.643310546875,325.5828552246094,282.9345397949219,0.004612903576344252,-0.06425846368074417,2.718423843383789,0.0,0.0,0.0,0,0
1786431207.165223,9.299017420000382,TRACK,FLOW,/home/eunseop/nrs_imitation/checkpoints/flow/polishing/single_cam/20260809_1638,495.6001281738281,326.6626892089844,283.4284362792969,0.004627693444490433,-0.06427764892578125,2.718263626098633,-0.17531944811344147,2.3139452934265137,0.913349449634552,495.6361083984375,325.58990478515625,282.9273376464844,0.0046273041516542435,-0.06424406170845032,2.718438148498535,0.0,0.0,0.0,0,0
1786431207.1732147,9.307009281000319,TRACK,FLOW,/home/eunseop/nrs_imitation/checkpoints/flow/polishing/single_cam/20260809_1638,495.63128662109375,326.63702392578125,283.4242858886719,0.004544383846223354,-0.06428734213113785,2.718215227127075,0.16037409007549286,2.6382012367248535,0.5759098529815674,495.6287841796875,325.59722900390625,282.9200134277344,0.004641971550881863,-0.06422939151525497,2.7184529304504395,0.0,0.0,0.0,0,0
1786431207.1812367,9.315031381000153,TRACK,FLOW,/home/eunseop/nrs_imitation/checkpoints/flow/polishing/single_cam/20260809_1638,495.6288146972656,326.65203857421875,283.4328308105469,0.004559022840112448,-0.06429633498191833,2.7182271480560303,-0.22973579168319702,2.4286556243896484,0.873029351234436,495.6213073730469,325.6044921875,282.91253662109375,0.004656905774027109,-0.06421446055173874,2.718467950820923,0.0,0.0,0.0,0,0
1786431207.1892283,9.323022972000217,TRACK,FLOW,/home/eunseop/nrs_imitation/checkpoints/flow/polishing/single_cam/20260809_1638,495.63909912109375,326.6457824707031,283.420654296875,0.0045358892530202866,-0.06430234014987946,2.718214988708496,-0.02202822081744671,2.335670232772827,0.7082459330558777,495.61370849609375,325.6096496582031,282.9049377441406,0.004672106355428696,-0.06419926136732101,2.7184832096099854,0.0,0.0,0.0,0,0
1786431207.1972103,9.331004974999814,TRACK,FLOW,/home/eunseop/nrs_imitation/checkpoints/flow/polishing/single_cam/20260809_1638,495.60626220703125,326.6443786621094,283.3844299316406,0.004630266688764095,-0.06420419365167618,2.71826434135437,0.06665076315402985,2.319823741912842,1.072817087173462,495.6059875488281,325.6127624511719,282.897216796875,0.0046875737607479095,-0.0641837939620018,2.718498706817627,0.0,0.0,0.0,0,0
1786431207.2051964,9.338990846000343,TRACK,FLOW,/home/eunseop/nrs_imitation/checkpoints/flow/polishing/single_cam/20260809_1638,495.62353515625,326.6312561035156,283.39898681640625,0.00457044830545783,-0.06420770287513733,2.718252182006836,-0.16071805357933044,2.14898419380188,0.8527323603630066,495.5981140136719,325.61383056640625,282.88934326171875,0.0047033075243234634,-0.0641680583357811,2.7185144424438477,0.0,0.0,0.0,0,0
1786431207.2132294,9.347023815999819,TRACK,FLOW,/home/eunseop/nrs_imitation/checkpoints/flow/polishing/single_cam/20260809_1638,495.5935974121094,326.6479797363281,283.4048767089844,0.004612560849636793,-0.06427029520273209,2.718276023864746,-0.11410202831029892,2.138728380203247,0.694720447063446,495.5901184082031,325.61376953125,282.88134765625,0.004719308111816645,-0.0641520544886589,2.7185304164886475,0.0,0.0,0.0,0,0
1786431207.2211988,9.354993345000366,TRACK,FLOW,/home/eunseop/nrs_imitation/checkpoints/flow/polishing/single_cam/20260809_1638,495.6297912597656,326.6456604003906,283.4398498535156,0.004528490360826254,-0.06431670486927032,2.718214988708496,-0.021291930228471756,2.26922345161438,1.062816858291626,495.58197021484375,325.61279296875,282.8731994628906,0.004735575057566166,-0.06413578987121582,2.7185466289520264,0.0,0.0,0.0,0,0
1786431207.2295346,9.363329227000577,TRACK,FLOW,/home/eunseop/nrs_imitation/checkpoints/flow/polishing/single_cam/20260809_1638,495.6297912597656,326.6456604003906,283.4398498535156,0.004528490360826254,-0.06431670486927032,2.718214988708496,-0.021291930228471756,2.26922345161438,1.062816858291626,495.5736999511719,325.61083984375,282.86492919921875,0.004752119071781635,-0.06411924213171005,2.7185630798339844,0.0,0.0,0.0,0,0
1786431207.2372036,9.37099832000058,TRACK,FLOW,/home/eunseop/nrs_imitation/checkpoints/flow/polishing/single_cam/20260809_1638,495.6267395019531,326.6422424316406,283.40911865234375,0.004568207543343306,-0.06424529105424881,2.718251943588257,0.10631385445594788,2.140547275543213,0.7273303866386414,495.5653076171875,325.6080017089844,282.8565368652344,0.004768919665366411,-0.06410244107246399,2.7185797691345215,0.0,0.0,0.0,0,0
1786431207.2452292,9.379023985999993,TRACK,FLOW,/home/eunseop/nrs_imitation/checkpoints/flow/polishing/single_cam/20260809_1638,495.5914611816406,326.6572570800781,283.4135437011719,0.004655097611248493,-0.06429410725831985,2.718276023864746,-0.06973917782306671,2.1874966621398926,1.1808043718338013,495.5567626953125,325.6067810058594,282.8479919433594,0.0047859870828688145,-0.06408537179231644,2.718596935272217,0.0,0.0,0.0,0,0
1786431207.2532163,9.387010858000394,TRACK,FLOW,/home/eunseop/nrs_imitation/checkpoints/flow/polishing/single_cam/20260809_1638,495.6337585449219,326.65179443359375,283.3940124511719,0.004594684112817049,-0.06429878622293472,2.7182154655456543,-0.2632562816143036,2.3046185970306396,1.3356332778930664,495.548095703125,325.6083679199219,282.8393249511719,0.004803320858627558,-0.0640680342912674,2.718614339828491,0.0,0.0,0.0,0,0
1786431207.2612095,9.395004243000585,TRACK,FLOW,/home/eunseop/nrs_imitation/checkpoints/flow/polishing/single_cam/20260809_1638,495.6263122558594,326.6640625,283.4349670410156,0.004586562514305115,-0.06431401520967484,2.718263626098633,0.06216093525290489,2.4911398887634277,0.7755658030509949,495.539306640625,325.61273193359375,282.8305358886719,0.004820921458303928,-0.06405043601989746,2.7186319828033447,0.0,0.0,0.0,0,0
1786431207.2691958,9.402990374000183,TRACK,FLOW,/home/eunseop/nrs_imitation/checkpoints/flow/polishing/single_cam/20260809_1638,495.6010437011719,326.65338134765625,283.3928527832031,0.004642919637262821,-0.0642494484782219,2.71826434135437,-0.15925119817256927,2.5094797611236572,1.022578477859497,495.5303649902344,325.6198425292969,282.82159423828125,0.004838788416236639,-0.06403256952762604,2.7186498641967773,0.0,0.0,0.0,0,0
1786431207.2772932,9.411087999000301,TRACK,FLOW,/home/eunseop/nrs_imitation/checkpoints/flow/polishing/single_cam/20260809_1638,495.6199035644531,326.66119384765625,283.4352722167969,0.004596535116434097,-0.06435999274253845,2.718311071395874,-0.27403196692466736,2.289107322692871,0.5514391660690308,495.52130126953125,325.62890625,282.8125305175781,0.0048569245263934135,-0.06401443481445312,2.718667984008789,0.0,0.0,0.0,0,0
1786431207.2852166,9.419010997999976,TRACK,FLOW,/home/eunseop/nrs_imitation/checkpoints/flow/polishing/single_cam/20260809_1638,495.6315002441406,326.6624450683594,283.400390625,0.004588658921420574,-0.06427635252475739,2.718263864517212,0.2830362021923065,2.1662375926971436,0.5446595549583435,495.5121154785156,325.6380920410156,282.8033447265625,0.004875325132161379,-0.06399603188037872,2.71868634223938,0.0,0.0,0.0,0,0
1786431207.2932026,9.426997219000441,TRACK,FLOW,/home/eunseop/nrs_imitation/checkpoints/flow/polishing/single_cam/20260809_1638,495.6002197265625,326.6628112792969,283.3943786621094,0.0046358611434698105,-0.0642632246017456,2.718263864517212,-0.6041727066040039,2.491231679916382,1.2374460697174072,495.5027770996094,325.6474304199219,282.79400634765625,0.004893992096185684,-0.06397736817598343,2.71870493888855,0.0,0.0,0.0,0,0
1786431207.30121,9.435004501000549,TRACK,FLOW,/home/eunseop/nrs_imitation/checkpoints/flow/polishing/single_cam/20260809_1638,495.633056640625,326.67303466796875,283.441650390625,0.004579361528158188,-0.06442475318908691,2.7182509899139404,-0.1686892956495285,2.177694320678711,0.7533042430877686,495.4933166503906,325.6568908691406,282.7845458984375,0.004912925884127617,-0.06395843625068665,2.718723773956299,0.0,0.0,0.0,0,0
1786431207.3092067,9.443001422000634,TRACK,FLOW,/home/eunseop/nrs_imitation/checkpoints/flow/polishing/single_cam/20260809_1638,495.57940673828125,326.6866760253906,283.4239196777344,0.004679822828620672,-0.06435035914182663,2.718395709991455,0.02244681492447853,2.660515308380127,0.8770915865898132,495.48370361328125,325.66650390625,282.7749328613281,0.004932126495987177,-0.06393923610448837,2.718743085861206,0.0,0.0,0.0,0,0
1786431207.317237,9.451031497000258,TRACK,FLOW,/home/eunseop/nrs_imitation/checkpoints/flow/polishing/single_cam/20260809_1638,495.5892028808594,326.65924072265625,283.4069519042969,0.004691116977483034,-0.06429637968540192,2.7182881832122803,-0.1984909474849701,1.983457088470459,1.0352932214736938,495.4739685058594,325.6762390136719,282.76519775390625,0.0049515943974256516,-0.06391976773738861,2.7187626361846924,0.0,0.0,0.0,0,0
1786431207.3252177,9.45901228799994,TRACK,FLOW,/home/eunseop/nrs_imitation/checkpoints/flow/polishing/single_cam/20260809_1638,495.58038330078125,326.6684265136719,283.3778381347656,0.004656408913433552,-0.0642591044306755,2.71835994720459,0.031388044357299805,2.533177137374878,0.6108976006507874,495.464111328125,325.6833190917969,282.7553405761719,0.004971328191459179,-0.06390003114938736,2.718782424926758,0.0,0.0,0.0,0,0
1786431207.3332381,9.467032704999838,TRACK,FLOW,/home/eunseop/nrs_imitation/checkpoints/flow/polishing/single_cam/20260809_1638,495.5880432128906,326.6889343261719,283.3964538574219,0.004698683507740498,-0.06428396701812744,2.718371868133545,-0.2825019955635071,2.3391544818878174,1.3159786462783813,495.4541015625,325.68646240234375,282.7453308105469,0.004991329740732908,-0.06388002634048462,2.7188024520874023,0.0,0.0,0.0,0,0
1786431207.3412354,9.475030016999881,TRACK,FLOW,/home/eunseop/nrs_imitation/checkpoints/flow/polishing/single_cam/20260809_1638,495.5776672363281,326.6756896972656,283.3761291503906,0.004690175876021385,-0.06420078128576279,2.718360424041748,0.032246991991996765,2.3336880207061768,0.8711127042770386,495.4439697265625,325.6869201660156,282.7351989746094,0.005011597648262978,-0.06385976076126099,2.718822717666626,0.0,0.0,0.0,0,0
1786431207.3492277,9.483022420000452,TRACK,FLOW,/home/eunseop/nrs_imitation/checkpoints/flow/polishing/single_cam/20260809_1638,495.5776672363281,326.6756896972656,283.3761291503906,0.004690175876021385,-0.06420078128576279,2.718360424041748,0.032246991991996765,2.3336880207061768,0.8711127042770386,495.4337158203125,325.69036865234375,282.7249450683594,0.005032131914049387,-0.06383922696113586,2.7188432216644287,0.0,0.0,0.0,0,0
1786431207.357247,9.491041903999758,TRACK,FLOW,/home/eunseop/nrs_imitation/checkpoints/flow/polishing/single_cam/20260809_1638,495.57415771484375,326.7043762207031,283.3879699707031,0.004715796560049057,-0.06425552815198898,2.7184324264526367,-0.3478606939315796,2.3289854526519775,1.3217424154281616,495.4233093261719,325.69677734375,282.71453857421875,0.005052933469414711,-0.06381842494010925,2.7188639640808105,0.0,0.0,0.0,0,0
1786431207.3652368,9.49903137199999,TRACK,FLOW,/home/eunseop/nrs_imitation/checkpoints/flow/polishing/single_cam/20260809_1638,495.57000732421875,326.6806335449219,283.3700256347656,0.0047911773435771465,-0.0642213448882103,2.718360662460327,0.4573897421360016,2.115368604660034,0.7664945125579834,495.41278076171875,325.70611572265625,282.7040100097656,0.005074001383036375,-0.06379735469818115,2.7188849449157715,0.0,0.0,0.0,0,0
1786431207.3733351,9.507129637000617,TRACK,FLOW,/home/eunseop/nrs_imitation/checkpoints/flow/polishing/single_cam/20260809_1638,495.5498352050781,326.68896484375,283.38897705078125,0.004768607672303915,-0.06426467001438141,2.718372344970703,0.18545544147491455,1.7770863771438599,0.7720329761505127,495.402099609375,325.716796875,282.6933288574219,0.005095337051898241,-0.06377601623535156,2.7189061641693115,0.0,0.0,0.0,0,0
1786431207.3812382,9.515032928999972,TRACK,FLOW,/home/eunseop/nrs_imitation/checkpoints/flow/polishing/single_cam/20260809_1638,495.5586853027344,326.7610168457031,283.37420654296875,0.004746178165078163,-0.06430954486131668,2.7184441089630127,-0.5124447345733643,2.6072983741760254,1.533643126487732,495.39129638671875,325.72760009765625,282.6825256347656,0.0051169381476938725,-0.06375441700220108,2.7189278602600098,0.0,0.0,0.0,0,0
1786431207.389223,9.523017606999929,TRACK,FLOW,/home/eunseop/nrs_imitation/checkpoints/flow/polishing/single_cam/20260809_1638,495.5546875,326.76104736328125,283.395263671875,0.004766273777931929,-0.06434078514575958,2.7184319496154785,-0.09223777800798416,3.109276056289673,0.7763230800628662,495.38037109375,325.738525390625,282.6716003417969,0.005138805601745844,-0.06373254954814911,2.718949794769287,0.0,0.0,0.0,0,0
1786431207.397221,9.531015771000057,TRACK,FLOW,/home/eunseop/nrs_imitation/checkpoints/flow/polishing/single_cam/20260809_1638,495.54949951171875,326.76104736328125,283.3282775878906,0.004803344141691923,-0.06420864164829254,2.7184805870056152,0.6623037457466125,2.1427836418151855,0.4917026460170746,495.3692932128906,325.7496032714844,282.6605224609375,0.005160939414054155,-0.06371041387319565,2.7189719676971436,0.0,0.0,0.0,0,0
1786431207.4052327,9.539027231000546,TRACK,FLOW,/home/eunseop/nrs_imitation/checkpoints/flow/polishing/single_cam/20260809_1638,495.5321044921875,326.75762939453125,283.3216857910156,0.004808549769222736,-0.06413447856903076,2.7185170650482178,-1.015180230140686,2.4073753356933594,1.114439845085144,495.35809326171875,325.76080322265625,282.6493225097656,0.005183340050280094,-0.0636880099773407,2.718994379043579,0.0,0.0,0.0,0,0
1786431207.4132051,9.546999715000311,TRACK,FLOW,/home/eunseop/nrs_imitation/checkpoints/flow/polishing/single_cam/20260809_1638,495.51220703125,326.7322998046875,283.32794189453125,0.004838583059608936,-0.06411420553922653,2.718505382537842,-0.5658421516418457,3.0272343158721924,0.8944129347801208,495.3467712402344,325.7714538574219,282.63800048828125,0.005206007044762373,-0.06366534531116486,2.7190170288085938,0.0,0.0,0.0,0,0
1786431207.421245,9.555039830000169,TRACK,FLOW,/home/eunseop/nrs_imitation/checkpoints/flow/polishing/single_cam/20260809_1638,495.5159606933594,326.7468566894531,283.3242492675781,0.004831548780202866,-0.0641283467411995,2.7184932231903076,0.4927237927913666,2.206735134124756,0.34794655442237854,495.3352966308594,325.7811584472656,282.62652587890625,0.005217723548412323,-0.06364241242408752,2.7190399169921875,0.0,0.0,0.0,0,0
1786431207.4292524,9.563047041000573,TRACK,FLOW,/home/eunseop/nrs_imitation/checkpoints/flow/polishing/single_cam/20260809_1638,495.48992919921875,326.7473449707031,283.3252258300781,0.004931206814944744,-0.06408832967281342,2.718482255935669,-0.5610777139663696,2.5332343578338623,0.9945798516273499,495.3236999511719,325.7899169921875,282.61492919921875,0.0052177440375089645,-0.0636192113161087,2.7190630435943604,0.0,0.0,0.0,0,0
1786431207.437243,9.571037540000361,TRACK,FLOW,/home/eunseop/nrs_imitation/checkpoints/flow/polishing/single_cam/20260809_1638,495.5003662109375,326.7458190917969,283.32171630859375,0.0049278028309345245,-0.06412580609321594,2.7184698581695557,0.06142755225300789,2.571751117706299,1.4042317867279053,495.31195068359375,325.7977600097656,282.6031799316406,0.005206242669373751,-0.0635957419872284,2.7190864086151123,0.0,0.0,0.0,0,0
1786431207.4453545,9.579149222000524,TRACK,FLOW,/home/eunseop/nrs_imitation/checkpoints/flow/polishing/single_cam/20260809_1638,495.48211669921875,326.744384765625,283.2651672363281,0.004952345043420792,-0.06398514658212662,2.7185068130493164,0.9817249178886414,1.5595570802688599,0.35045772790908813,495.3000793457031,325.80596923828125,282.59130859375,0.005195521749556065,-0.0635720044374466,2.7191102504730225,0.0,0.0,0.0,0,0
1786431207.4532497,9.587044468000386,TRACK,FLOW,/home/eunseop/nrs_imitation/checkpoints/flow/polishing/single_cam/20260809_1638,495.4962463378906,326.7463684082031,283.30902099609375,0.0048233987763524055,-0.06401017308235168,2.7186014652252197,0.10107865929603577,1.5356154441833496,1.0152535438537598,495.2880859375,325.815185546875,282.5793151855469,0.005191344767808914,-0.0635480061173439,2.7191343307495117,0.0,0.0,0.0,0,0
1786431207.4612634,9.595057811000515,TRACK,FLOW,/home/eunseop/nrs_imitation/checkpoints/flow/polishing/single_cam/20260809_1638,495.4625549316406,326.7753601074219,283.2966003417969,0.0049536083824932575,-0.06408464908599854,2.718601942062378,0.0458526648581028,2.954181432723999,1.0278871059417725,495.27593994140625,325.82537841796875,282.5671691894531,0.005193666089326143,-0.06352373957633972,2.71915864944458,0.0,0.0,0.0,0,0
1786431207.469212,9.60300664999977,TRACK,FLOW,/home/eunseop/nrs_imitation/checkpoints/flow/polishing/single_cam/20260809_1638,495.4485168457031,326.8067932128906,283.2752685546875,0.0049432688392698765,-0.06403971463441849,2.7186977863311768,0.8593041300773621,2.2386817932128906,0.2965213656425476,495.263671875,325.8365783691406,282.5549011230469,0.005202417261898518,-0.06349920481443405,2.7191832065582275,0.0,0.0,0.0,0,0
1786431207.4772294,9.611023870999816,TRACK,FLOW,/home/eunseop/nrs_imitation/checkpoints/flow/polishing/single_cam/20260809_1638,495.45391845703125,326.8083801269531,283.2821350097656,0.004924361128360033,-0.06400848180055618,2.7186498641967773,-0.5934039950370789,2.016298770904541,1.2729518413543701,495.25128173828125,325.8482360839844,282.5425109863281,0.005209520924836397,-0.06347440183162689,2.719208002090454,0.0,0.0,0.0,0,0
1786431207.485218,9.619012756999837,TRACK,FLOW,/home/eunseop/nrs_imitation/checkpoints/flow/polishing/single_cam/20260809_1638,495.4369201660156,326.8115539550781,283.2585754394531,0.004990174900740385,-0.06399089843034744,2.7187342643737793,-0.7500646710395813,3.1636223793029785,0.5367287993431091,495.2387390136719,325.8598937988281,282.52996826171875,0.005207241512835026,-0.06344933807849884,2.7192330360412598,0.0,0.0,0.0,0,0
1786431207.493202,9.626996503000555,TRACK,FLOW,/home/eunseop/nrs_imitation/checkpoints/flow/polishing/single_cam/20260809_1638,495.4254150390625,326.8089599609375,283.22821044921875,0.005007640458643436,-0.06396175920963287,2.7187225818634033,0.3724994361400604,2.515986680984497,0.6044409275054932,495.22607421875,325.87152099609375,282.5173034667969,0.005195653066039085,-0.0634240061044693,2.7192583084106445,0.0,0.0,0.0,0,0
1786431207.5012245,9.63501902400003,TRACK,FLOW,/home/eunseop/nrs_imitation/checkpoints/flow/polishing/single_cam/20260809_1638,495.3937683105469,326.8631591796875,283.1991271972656,0.005073477979749441,-0.06388483941555023,2.7188546657562256,-0.2992036044597626,2.5249688625335693,1.6497398614883423,495.2132873535156,325.8831481933594,282.5045166015625,0.005174843594431877,-0.06339840590953827,2.7192838191986084,0.0,0.0,0.0,0,0
1786431207.5091953,9.642989785000282,TRACK,FLOW,/home/eunseop/nrs_imitation/checkpoints/flow/polishing/single_cam/20260809_1638,495.38897705078125,326.8503723144531,283.21826171875,0.0050349547527730465,-0.06392006576061249,2.7188303470611572,-0.13478682935237885,1.9981557130813599,0.5342232584953308,495.2003479003906,325.8948669433594,282.4915771484375,0.0051489765755832195,-0.06337253749370575,2.7193095684051514,0.0,0.0,0.0,0,0
1786431207.5171876,9.650982048000515,TRACK,FLOW,/home/eunseop/nrs_imitation/checkpoints/flow/polishing/single_cam/20260809_1638,495.3525390625,326.84619140625,283.1725769042969,0.00506577268242836,-0.06380237638950348,2.718890905380249,0.024501986801624298,2.061969518661499,0.946980893611908,495.1872863769531,325.9069519042969,282.478515625,0.005122842732816935,-0.06334640085697174,2.7193357944488525,0.0,0.0,0.0,0,0
1786431207.5252666,9.65906135700061,TRACK,FLOW,/home/eunseop/nrs_imitation/checkpoints/flow/polishing/single_cam/20260809_1638,495.3389587402344,326.88262939453125,283.16217041015625,0.005050738342106342,-0.06383287906646729,2.7189624309539795,-0.26997363567352295,2.127723217010498,1.1848543882369995,495.174072265625,325.9194030761719,282.4653015136719,0.005096441600471735,-0.06331999599933624,2.719362258911133,0.0,0.0,0.0,0,0
1786431207.5333173,9.667112011999961,TRACK,FLOW,/home/eunseop/nrs_imitation/checkpoints/flow/polishing/single_cam/20260809_1638,495.3162841796875,326.8778381347656,283.1487731933594,0.005077456124126911,-0.06378867477178574,2.7189512252807617,0.682104766368866,2.239102363586426,0.28305214643478394,495.1607360839844,325.9322204589844,282.45196533203125,0.005069771781563759,-0.06329332292079926,2.719388961791992,0.0,0.0,0.0,0,0
1786431207.541257,9.675051523000548,TRACK,FLOW,/home/eunseop/nrs_imitation/checkpoints/flow/polishing/single_cam/20260809_1638,495.3050537109375,326.93145751953125,283.1468811035156,0.005116598214954138,-0.06379149854183197,2.719010829925537,-0.5007369518280029,2.2047486305236816,0.9744605422019958,495.14727783203125,325.9454345703125,282.4385070800781,0.005042837001383305,-0.06326638907194138,2.7194159030914307,0.0,0.0,0.0,0,0
1786431207.5502381,9.684032914999989,TRACK,FLOW,/home/eunseop/nrs_imitation/checkpoints/flow/polishing/single_cam/20260809_1638,495.27978515625,326.9369201660156,283.1336364746094,0.005135879851877689,-0.06372609734535217,2.719083070755005,-0.8516647219657898,2.342099189758301,1.168847680091858,495.1336669921875,325.95904541015625,282.4248962402344,0.0050156028009951115,-0.06323915719985962,2.7194430828094482,0.0,0.0,0.0,0,0
1786431207.5572927,9.691087387000152,TRACK,FLOW,/home/eunseop/nrs_imitation/checkpoints/flow/polishing/single_cam/20260809_1638,495.27142333984375,326.96600341796875,283.11614990234375,0.005143843591213226,-0.0637490451335907,2.719106912612915,-0.2753291726112366,3.226745367050171,0.7143971920013428,495.11993408203125,325.9727783203125,282.4111633300781,0.0049881343729794025,-0.06321168690919876,2.719470500946045,0.0,0.0,0.0,0,0
1786431207.56528,9.699074529999962,TRACK,FLOW,/home/eunseop/nrs_imitation/checkpoints/flow/polishing/single_cam/20260809_1638,495.28564453125,326.9493408203125,283.1313171386719,0.005067614372819662,-0.06378205120563507,2.7190706729888916,-0.7823722958564758,2.6159420013427734,1.8937163352966309,495.1060791015625,325.98663330078125,282.3973083496094,0.004960399586707354,-0.06318394839763641,2.7194981575012207,0.0,0.0,0.0,0,0
1786431207.5733018,9.70709640899986,TRACK,FLOW,/home/eunseop/nrs_imitation/checkpoints/flow/polishing/single_cam/20260809_1638,495.2450256347656,326.96148681640625,283.13116455078125,0.005188154522329569,-0.06373803317546844,2.7191550731658936,-0.28731730580329895,1.8961092233657837,1.7948459386825562,495.0920715332031,326.0006408691406,282.38330078125,0.00493239751085639,-0.06315594911575317,2.7195260524749756,0.0,0.0,0.0,0,0
1786431207.5812304,9.715024969000297,TRACK,FLOW,/home/eunseop/nrs_imitation/checkpoints/flow/polishing/single_cam/20260809_1638,495.2217712402344,326.9734191894531,283.0978698730469,0.005114101804792881,-0.06367380917072296,2.719215154647827,1.1522496938705444,2.5950510501861572,0.3900296688079834,495.07794189453125,326.0147705078125,282.3691711425781,0.004904130008071661,-0.06312768161296844,2.7195544242858887,0.0,0.0,0.0,0,0
1786431207.5893106,9.723105310999927,TRACK,FLOW,/home/eunseop/nrs_imitation/checkpoints/flow/polishing/single_cam/20260809_1638,495.2044372558594,327.0010986328125,283.0688171386719,0.005113118328154087,-0.06361478567123413,2.7192389965057373,0.6839925646781921,2.1163041591644287,0.8618096113204956,495.06640625,326.029052734375,282.3548889160156,0.00487559475004673,-0.06309914588928223,2.719583034515381,0.0,0.0,0.0,0,0
1786431207.5973437,9.731138582000312,TRACK,FLOW,/home/eunseop/nrs_imitation/checkpoints/flow/polishing/single_cam/20260809_1638,495.16717529296875,326.9856262207031,283.0216369628906,0.005142039153724909,-0.06349781900644302,2.7193357944488525,-0.0764089822769165,1.618909239768982,1.374163269996643,495.0579833984375,326.04345703125,282.3404846191406,0.004846792668104172,-0.06307034194469452,2.719611883163452,0.0,0.0,0.0,0,0
1786431207.605363,9.739157525999872,TRACK,FLOW,/home/eunseop/nrs_imitation/checkpoints/flow/polishing/single_cam/20260809_1638,495.14483642578125,327.0523376464844,283.0232238769531,0.005162008106708527,-0.06360390037298203,2.719383478164673,-0.02690669521689415,2.557783365249634,0.35794004797935486,495.05267333984375,326.0579833984375,282.3259582519531,0.0048177228309214115,-0.06304126977920532,2.7196409702301025,0.0,0.0,0.0,0,0
1786431207.6133559,9.74715051000021,TRACK,FLOW,/home/eunseop/nrs_imitation/checkpoints/flow/polishing/single_cam/20260809_1638,495.1354064941406,327.0238342285156,282.992431640625,0.005081765353679657,-0.06348078697919846,2.719395399093628,0.2269992083311081,2.4844563007354736,0.9856441617012024,495.04339599609375,326.0726623535156,282.311279296875,0.004788387566804886,-0.06301193684339523,2.719670295715332,0.0,0.0,0.0,0,0
1786431207.6214013,9.755196005000471,TRACK,FLOW,/home/eunseop/nrs_imitation/checkpoints/flow/polishing/single_cam/20260809_1638,495.0756530761719,327.0641784667969,282.93328857421875,0.0052139791660010815,-0.06332334131002426,2.719480514526367,-0.31547945737838745,2.552304983139038,0.5227593779563904,495.0289001464844,326.08746337890625,282.2964782714844,0.004758784081786871,-0.06298233568668365,2.7196998596191406,0.0,0.0,0.0,0,0
1786431207.6292396,9.763034010999945,TRACK,FLOW,/home/eunseop/nrs_imitation/checkpoints/flow/polishing/single_cam/20260809_1638,495.0692443847656,327.0495300292969,282.9164733886719,0.005199582781642675,-0.06331553310155869,2.719468355178833,-1.7294944524765015,2.6414945125579834,0.8243158459663391,495.01397705078125,326.1023864746094,282.28155517578125,0.0047289165668189526,-0.06295246630907059,2.7197296619415283,0.0,0.0,0.0,0,0
1786431207.637381,9.771175810999921,TRACK,FLOW,/home/eunseop/nrs_imitation/checkpoints/flow/polishing/single_cam/20260809_1638,495.04595947265625,327.043701171875,282.8878479003906,0.005249266512691975,-0.06322857737541199,2.7195165157318115,-0.22597180306911469,2.5438320636749268,0.8158398866653442,494.9989013671875,326.1174621582031,282.2664794921875,0.00469877989962697,-0.06292232871055603,2.719759702682495,0.0,0.0,0.0,0,0
1786431207.6452146,9.779009058000156,TRACK,FLOW,/home/eunseop/nrs_imitation/checkpoints/flow/polishing/single_cam/20260809_1638,495.0129089355469,327.099609375,282.86224365234375,0.005245418753474951,-0.06324440240859985,2.7195885181427,0.6367790699005127,2.534466505050659,0.8036766052246094,494.98370361328125,326.1326599121094,282.25128173828125,0.0046683792024850845,-0.06289193034172058,2.71979022026062,0.0,0.0,0.0,0,0
1786431207.6534343,9.787229217999993,TRACK,FLOW,/home/eunseop/nrs_imitation/checkpoints/flow/polishing/single_cam/20260809_1638,495.01898193359375,327.1371154785156,282.9087829589844,0.005099139176309109,-0.06327454745769501,2.719635248184204,-0.353624552488327,2.1549289226531982,1.0190449953079224,494.9683837890625,326.1479797363281,282.2359619140625,0.004637709353119135,-0.06286126375198364,2.719820976257324,0.0,0.0,0.0,0,0
1786431207.6612833,9.795078045000082,TRACK,FLOW,/home/eunseop/nrs_imitation/checkpoints/flow/polishing/single_cam/20260809_1638,495.0194396972656,327.1389465332031,282.8862609863281,0.005058983340859413,-0.06321316212415695,2.7196593284606934,-0.17308954894542694,1.7278276681900024,1.7870287895202637,494.958984375,326.1634521484375,282.2204895019531,0.004606775473803282,-0.06283032894134521,2.7198519706726074,0.0,0.0,0.0,0,0
1786431207.6692312,9.803025721999802,TRACK,FLOW,/home/eunseop/nrs_imitation/checkpoints/flow/polishing/single_cam/20260809_1638,494.9808044433594,327.1484375,282.8501281738281,0.005019630771130323,-0.06315259635448456,2.7198033332824707,1.23593270778656,2.9375298023223877,0.42816755175590515,494.9559326171875,326.1790466308594,282.20489501953125,0.004575574770569801,-0.0627991259098053,2.7198832035064697,0.0,0.0,0.0,0,0
1786431207.677279,9.811073591999957,TRACK,FLOW,/home/eunseop/nrs_imitation/checkpoints/flow/polishing/single_cam/20260809_1638,494.9677734375,327.1664733886719,282.8232727050781,0.005081066861748695,-0.06314820051193237,2.7197675704956055,0.5442820191383362,2.0153703689575195,-0.039723992347717285,494.9551086425781,326.1947937011719,282.18914794921875,0.004544106777757406,-0.06276765465736389,2.719914674758911,0.0,0.0,0.0,0,0
1786431207.6852114,9.819005979000394,TRACK,FLOW,/home/eunseop/nrs_imitation/checkpoints/flow/polishing/single_cam/20260809_1638,494.9256896972656,327.19854736328125,282.7895202636719,0.005148202646523714,-0.06306954473257065,2.7198405265808105,-1.5689254999160767,1.9549823999404907,1.938231110572815,494.9525451660156,326.2106628417969,282.17327880859375,0.004512372892349958,-0.06273592263460159,2.7199463844299316,0.0,0.0,0.0,0,0
1786431207.6932318,9.82702636600061,TRACK,FLOW,/home/eunseop/nrs_imitation/checkpoints/flow/polishing/single_cam/20260809_1638,494.9183044433594,327.19891357421875,282.7792053222656,0.005123201757669449,-0.06301584839820862,2.7198402881622314,-0.2872960567474365,2.982508897781372,0.10702633112668991,494.9482727050781,326.2266540527344,282.15728759765625,0.004480372183024883,-0.0627039223909378,2.7199783325195312,0.0,0.0,0.0,0,0
1786431207.7012305,9.835025211000357,TRACK,FLOW,/home/eunseop/nrs_imitation/checkpoints/flow/polishing/single_cam/20260809_1638,494.88055419921875,327.21722412109375,282.776611328125,0.005174398422241211,-0.06306365132331848,2.719876289367676,-0.8181303143501282,3.1795480251312256,0.4904818534851074,494.94232177734375,326.2427978515625,282.1411437988281,0.004448104649782181,-0.06267165392637253,2.72001051902771,0.0,0.0,0.0,0,0
1786431207.709229,9.843023604999871,TRACK,FLOW,/home/eunseop/nrs_imitation/checkpoints/flow/polishing/single_cam/20260809_1638,494.8645324707031,327.2168884277344,282.76519775390625,0.005220423918217421,-0.06301514059305191,2.7199363708496094,-1.6675506830215454,2.920898199081421,1.3823108673095703,494.9363708496094,326.2590637207031,282.1248779296875,0.004415570758283138,-0.06263911724090576,2.7200429439544678,0.0,0.0,0.0,0,0
1786431207.717205,9.850999647000208,TRACK,FLOW,/home/eunseop/nrs_imitation/checkpoints/flow/polishing/single_cam/20260809_1638,494.8575744628906,327.260498046875,282.73150634765625,0.00514043727889657,-0.06292926520109177,2.7200207710266113,0.8786805272102356,2.0772082805633545,0.7823671698570251,494.9336853027344,326.27545166015625,282.1084899902344,0.004382770042866468,-0.0626063197851181,2.720075845718384,0.0,0.0,0.0,0,0
1786431207.7254539,9.85924881200026,TRACK,FLOW,/home/eunseop/nrs_imitation/checkpoints/flow/polishing/single_cam/20260809_1638,494.8488464355469,327.2516174316406,282.70751953125,0.00507725402712822,-0.06291062384843826,2.719984292984009,0.605731189250946,2.2691028118133545,0.8593690395355225,494.9342346191406,326.2919921875,282.0919494628906,0.004349700175225735,-0.06257324665784836,2.720108985900879,0.0,0.0,0.0,0,0
1786431207.7332556,9.867050169000322,TRACK,FLOW,/home/eunseop/nrs_imitation/checkpoints/flow/polishing/single_cam/20260809_1638,494.83203125,327.3048095703125,282.7326354980469,0.005055881105363369,-0.0629548653960228,2.720055341720581,-0.9447562098503113,2.08431339263916,2.06040096282959,494.9379577636719,326.30865478515625,282.0752868652344,0.00431636581197381,-0.06253991276025772,2.720142364501953,0.0,0.0,0.0,0,0
1786431207.7412264,9.875021060000108,TRACK,FLOW,/home/eunseop/nrs_imitation/checkpoints/flow/polishing/single_cam/20260809_1638,494.7957763671875,327.33636474609375,282.7091064453125,0.005068599246442318,-0.06294045597314835,2.720079183578491,1.310798168182373,2.147292375564575,0.3589536249637604,494.9436340332031,326.3254699707031,282.0584716796875,0.004282765090465546,-0.0625063106417656,2.7201759815216064,0.0,0.0,0.0,0,0
1786431207.7492077,9.883002332000615,TRACK,FLOW,/home/eunseop/nrs_imitation/checkpoints/flow/polishing/single_cam/20260809_1638,494.8053894042969,327.32330322265625,282.7068176269531,0.004981964360922575,-0.06289184838533401,2.7201149463653564,0.1760936677455902,2.5104761123657227,-0.06470146030187607,494.9454650878906,326.3424072265625,282.0415344238281,0.004248898010700941,-0.06247244402766228,2.720209836959839,0.0,0.0,0.0,0,0
1786431207.7572205,9.891015293999772,TRACK,FLOW,/home/eunseop/nrs_imitation/checkpoints/flow/polishing/single_cam/20260809_1638,494.7809143066406,327.3044128417969,282.6390075683594,0.005028595216572285,-0.06270875036716461,2.720200300216675,-1.9410449266433716,2.1728382110595703,1.6127228736877441,494.9434509277344,326.3594665527344,282.02447509765625,0.004214764107018709,-0.06243830919265747,2.7202439308166504,0.0,0.0,0.0,0,0
1786431207.7652013,9.898995964000278,TRACK,FLOW,/home/eunseop/nrs_imitation/checkpoints/flow/polishing/single_cam/20260809_1638,494.7706298828125,327.3105773925781,282.610107421875,0.005062270909547806,-0.06268659979104996,2.720128059387207,-0.04765972122550011,2.8504555225372314,0.032083045691251755,494.9376525878906,326.3766784667969,282.00726318359375,0.004180363845080137,-0.06240390986204147,2.720278263092041,0.0,0.0,0.0,0,0
1786431207.7732863,9.907080994999887,TRACK,FLOW,/home/eunseop/nrs_imitation/checkpoints/flow/polishing/single_cam/20260809_1638,494.73175048828125,327.34820556640625,282.61614990234375,0.005122304428368807,-0.06272055208683014,2.7201762199401855,-0.6853121519088745,2.62410306930542,0.92035311460495,494.9281921386719,326.3940124511719,281.98992919921875,0.004145695362240076,-0.06236924231052399,2.7203128337860107,0.0,0.0,0.0,0,0
1786431207.7812474,9.915042078000624,TRACK,FLOW,/home/eunseop/nrs_imitation/checkpoints/flow/polishing/single_cam/20260809_1638,494.7582092285156,327.349609375,282.5975036621094,0.005007355008274317,-0.06265515089035034,2.7202236652374268,-1.1731998920440674,1.3695896863937378,2.3305888175964355,494.9241943359375,326.411376953125,281.97247314453125,0.004110760986804962,-0.06233430653810501,2.7203478813171387,0.0,0.0,0.0,0,0
1786431207.789225,9.9230199120002,TRACK,FLOW,/home/eunseop/nrs_imitation/checkpoints/flow/polishing/single_cam/20260809_1638,494.7552185058594,327.4022216796875,282.5892333984375,0.004915584810078144,-0.06265783309936523,2.720270872116089,1.6495938301086426,1.744759440422058,0.4832817316055298,494.9256286621094,326.4280700683594,281.9548645019531,0.004075560253113508,-0.062299106270074844,2.7203831672668457,0.0,0.0,0.0,0,0
1786431207.7972045,9.930999070000325,TRACK,FLOW,/home/eunseop/nrs_imitation/checkpoints/flow/polishing/single_cam/20260809_1638,494.7665100097656,327.4056701660156,282.54229736328125,0.004864947404712439,-0.06261139363050461,2.7203311920166016,0.13405075669288635,2.8566622734069824,1.4646128416061401,494.93243408203125,326.4440612792969,281.9371337890625,0.004040093161165714,-0.06226363778114319,2.720418691635132,0.0,0.0,0.0,0,0
1786431207.8052104,9.939004847999968,TRACK,FLOW,/home/eunseop/nrs_imitation/checkpoints/flow/polishing/single_cam/20260809_1638,494.7774658203125,327.4705505371094,282.58868408203125,0.004744815174490213,-0.06269581615924835,2.7204127311706543,0.07156158983707428,1.8594235181808472,1.127321481704712,494.9445495605469,326.4593811035156,281.9192810058594,0.004004359245300293,-0.06222790479660034,2.720454454421997,0.0,0.0,0.0,0,0
1786431207.8132236,9.947018251999907,TRACK,FLOW,/home/eunseop/nrs_imitation/checkpoints/flow/polishing/single_cam/20260809_1638,494.77667236328125,327.4411315917969,282.5289611816406,0.004720598924905062,-0.062470920383930206,2.720425844192505,0.3866046965122223,1.8383674621582031,0.8786087036132812,494.9543151855469,326.4773864746094,281.9012756347656,0.003968358505517244,-0.062191903591156006,2.7204904556274414,0.0,0.0,0.0,0,0
1786431207.8212314,9.955025803000353,TRACK,FLOW,/home/eunseop/nrs_imitation/checkpoints/flow/polishing/single_cam/20260809_1638,494.7666931152344,327.4476318359375,282.5132751464844,0.00475345877930522,-0.06244853511452675,2.720402240753174,0.352922648191452,2.2650811672210693,0.7535449862480164,494.96026611328125,326.4955139160156,281.8831481933594,0.003932090941816568,-0.06215563789010048,2.720526695251465,0.0,0.0,0.0,0,0
1786431207.8292367,9.963031240999953,TRACK,FLOW,/home/eunseop/nrs_imitation/checkpoints/flow/polishing/single_cam/20260809_1638,494.7342529296875,327.4774169921875,282.46002197265625,0.004710388835519552,-0.06236529350280762,2.7204859256744385,-0.42419472336769104,2.418759822845459,1.1474404335021973,494.96246337890625,326.5137939453125,281.8648681640625,0.003895556554198265,-0.06211910396814346,2.7205631732940674,0.0,0.0,0.0,0,0
1786431207.8372157,9.971010428999762,TRACK,FLOW,/home/eunseop/nrs_imitation/checkpoints/flow/polishing/single_cam/20260809_1638,494.739990234375,327.5029296875,282.44390869140625,0.004650579299777746,-0.06237113103270531,2.7205817699432373,-0.27319100499153137,2.387415647506714,-0.0492909774184227,494.9609680175781,326.5321960449219,281.8464660644531,0.0038587560411542654,-0.06208230182528496,2.720599889755249,0.0,0.0,0.0,0,0
1786431207.8452091,9.979003663000185,TRACK,FLOW,/home/eunseop/nrs_imitation/checkpoints/flow/polishing/single_cam/20260809_1638,494.7268371582031,327.5191650390625,282.4439697265625,0.0046461401507258415,-0.062384869903326035,2.7205216884613037,-1.5835529565811157,2.9493415355682373,1.8363497257232666,494.9565734863281,326.55072021484375,281.82794189453125,0.0038216887041926384,-0.06204523518681526,2.7206368446350098,0.0,0.0,0.0,0,0
1786431207.8532348,9.987029199000062,TRACK,FLOW,/home/eunseop/nrs_imitation/checkpoints/flow/polishing/single_cam/20260809_1638,494.726806640625,327.51458740234375,282.43536376953125,0.004624218214303255,-0.062355101108551025,2.720581293106079,0.4053654968738556,2.774413824081421,-0.08500157296657562,494.94970703125,326.56939697265625,281.80926513671875,0.003784354543313384,-0.06200790032744408,2.7206742763519287,0.0,0.0,0.0,0,0
1786431207.8612108,9.995005370999934,TRACK,FLOW,/home/eunseop/nrs_imitation/checkpoints/flow/polishing/single_cam/20260809_1638,494.751220703125,327.5065612792969,282.431396484375,0.004594769328832626,-0.062338169664144516,2.7205452919006348,-0.38714802265167236,2.558917760848999,0.813605785369873,494.9403991699219,326.58819580078125,281.79046630859375,0.003746753791347146,-0.0619703009724617,2.7207119464874268,0.0,0.0,0.0,0,0
1786431207.8692064,10.003000970000357,TRACK,FLOW,/home/eunseop/nrs_imitation/checkpoints/flow/polishing/single_cam/20260809_1638,494.7687072753906,327.5023498535156,282.427001953125,0.004475492052733898,-0.06234735995531082,2.720580577850342,-0.9709687232971191,1.5503664016723633,1.393121361732483,494.9286804199219,326.60711669921875,281.77154541015625,0.0037088864482939243,-0.061932433396577835,2.720749855041504,0.0,0.0,0.0,0,0
1786431207.877272,10.011066623999795,TRACK,FLOW,/home/eunseop/nrs_imitation/checkpoints/flow/polishing/single_cam/20260809_1638,494.81280517578125,327.5311279296875,282.4299621582031,0.004358299076557159,-0.06231961399316788,2.720628261566162,1.3622286319732666,2.0140037536621094,0.09100581705570221,494.9176025390625,326.6261901855469,281.7524719238281,0.0036707515828311443,-0.06189429759979248,2.72078800201416,0.0,0.0,0.0,0,0
1786431207.8852253,10.019019841000045,TRACK,FLOW,/home/eunseop/nrs_imitation/checkpoints/flow/polishing/single_cam/20260809_1638,494.7891540527344,327.55169677734375,282.404541015625,0.004372712690383196,-0.06223180517554283,2.7206883430480957,0.5744777321815491,2.1034934520721436,1.5544075965881348,494.91009521484375,326.6453857421875,281.7332763671875,0.0036323508247733116,-0.061855897307395935,2.7208263874053955,0.0,0.0,0.0,0,0
1786431207.8932517,10.027046089000578,TRACK,FLOW,/home/eunseop/nrs_imitation/checkpoints/flow/polishing/single_cam/20260809_1638,494.8148498535156,327.58660888671875,282.4236755371094,0.004278196021914482,-0.062332335859537125,2.720735549926758,0.36511293053627014,2.259891986846924,1.0361888408660889,494.9060974121094,326.6640930175781,281.71392822265625,0.0035936827771365643,-0.0618172287940979,2.72086501121521,0.0,0.0,0.0,0,0
1786431207.9012856,10.03508026200052,TRACK,FLOW,/home/eunseop/nrs_imitation/checkpoints/flow/polishing/single_cam/20260809_1638,494.8341369628906,327.59503173828125,282.3491516113281,0.004234852734953165,-0.06221049651503563,2.720735549926758,0.6920578479766846,2.1460392475128174,0.38336381316185,494.90557861328125,326.6809387207031,281.6944580078125,0.003554748371243477,-0.061778295785188675,2.7209038734436035,0.0,0.0,0.0,0,0
1786431207.9092853,10.043079819000013,TRACK,FLOW,/home/eunseop/nrs_imitation/checkpoints/flow/polishing/single_cam/20260809_1638,494.82177734375,327.6027526855469,282.3507995605469,0.004210570361465216,-0.062121253460645676,2.7208197116851807,-1.1079660654067993,1.9052658081054688,1.3911460638046265,494.9076843261719,326.6960144042969,281.67486572265625,0.0035155469086021185,-0.06173909455537796,2.720942974090576,0.0,0.0,0.0,0,0
1786431207.9172726,10.051067262000288,TRACK,FLOW,/home/eunseop/nrs_imitation/checkpoints/flow/polishing/single_cam/20260809_1638,494.808349609375,327.6260681152344,282.29632568359375,0.004251704551279545,-0.06208591163158417,2.7208197116851807,-0.6338635087013245,3.1724305152893066,0.6191439628601074,494.9107971191406,326.7094421386719,281.6551208496094,0.0034760788548737764,-0.061699625104665756,2.720982551574707,0.0,0.0,0.0,0,0
1786431207.9252906,10.059085615000185,TRACK,FLOW,/home/eunseop/nrs_imitation/checkpoints/flow/polishing/single_cam/20260809_1638,494.7969665527344,327.58172607421875,282.2386169433594,0.0042587886564433575,-0.061839088797569275,2.720797300338745,-0.11116261780261993,3.2808682918548584,0.019523102790117264,494.9148864746094,326.72125244140625,281.63525390625,0.0034363442100584507,-0.06165989115834236,2.721022367477417,0.0,0.0,0.0,0,0
1786431207.9332964,10.067090902000018,TRACK,FLOW,/home/eunseop/nrs_imitation/checkpoints/flow/polishing/single_cam/20260809_1638,494.7715148925781,327.63177490234375,282.25787353515625,0.004301536362618208,-0.0619385726749897,2.720784902572632,-1.5641342401504517,1.9309229850769043,1.562310814857483,494.9199523925781,326.7314758300781,281.6152648925781,0.0033963422756642103,-0.06161988899111748,2.721062421798706,0.0,0.0,0.0,0,0
1786431207.9412541,10.07504882900048,TRACK,FLOW,/home/eunseop/nrs_imitation/checkpoints/flow/polishing/single_cam/20260809_1638,494.7657470703125,327.653076171875,282.24481201171875,0.004193355329334736,-0.06193317472934723,2.720856189727783,0.6697452068328857,1.3412835597991943,0.7571312785148621,494.9256286621094,326.74041748046875,281.5951232910156,0.003356074681505561,-0.0615796223282814,2.721102714538574,0.0,0.0,0.0,0,0
1786431207.9492044,10.082998980000411,TRACK,FLOW,/home/eunseop/nrs_imitation/checkpoints/flow/polishing/single_cam/20260809_1638,494.7908020019531,327.6661682128906,282.2143859863281,0.004056770354509354,-0.06187490001320839,2.7208917140960693,1.4499499797821045,2.554006576538086,-0.08587581664323807,494.9303283691406,326.7494812011719,281.5748596191406,0.003315540961921215,-0.06153908744454384,2.7211432456970215,0.0,0.0,0.0,0,0
1786431207.9572363,10.091030788999888,TRACK,FLOW,/home/eunseop/nrs_imitation/checkpoints/flow/polishing/single_cam/20260809_1638,494.7592468261719,327.69500732421875,282.1795959472656,0.003979188855737448,-0.06175242364406586,2.720999002456665,-0.808308482170105,1.9467812776565552,1.4394540786743164,494.93402099609375,326.7586364746094,281.5544738769531,0.0032747399527579546,-0.061498288065195084,2.721184015274048,0.0,0.0,0.0,0,0
1786431207.9652197,10.099014395000268,TRACK,FLOW,/home/eunseop/nrs_imitation/checkpoints/flow/polishing/single_cam/20260809_1638,494.7185363769531,327.733154296875,282.1133728027344,0.004083738196641207,-0.061675358563661575,2.7210235595703125,0.15746644139289856,1.092452883720398,0.9629818201065063,494.9367370605469,326.7679138183594,281.533935546875,0.003233672585338354,-0.06145722046494484,2.7212250232696533,0.0,0.0,0.0,0,0
1786431207.9732168,10.107011437000438,TRACK,FLOW,/home/eunseop/nrs_imitation/checkpoints/flow/polishing/single_cam/20260809_1638,494.76898193359375,327.7287292480469,282.148681640625,0.0038591078482568264,-0.061700981110334396,2.721045970916748,1.0773266553878784,2.6325414180755615,0.03287788853049278,494.9385070800781,326.7773132324219,281.5132751464844,0.00319233862683177,-0.061415884643793106,2.721266269683838,0.0,0.0,0.0,0,0
1786431207.9824154,10.116210035000222,TRACK,FLOW,/home/eunseop/nrs_imitation/checkpoints/flow/polishing/single_cam/20260809_1638,494.7028503417969,327.7563781738281,282.1109313964844,0.003978427033871412,-0.061632607132196426,2.7210946083068848,-1.2406444549560547,2.6726646423339844,1.4794045686721802,494.9423522949219,326.7902526855469,281.4924621582031,0.003150698496028781,-0.0613742433488369,2.7213079929351807,0.0,0.0,0.0,0,0
1786431207.9892323,10.123026930999913,TRACK,FLOW,/home/eunseop/nrs_imitation/checkpoints/flow/polishing/single_cam/20260809_1638,494.71014404296875,327.77789306640625,282.086669921875,0.0039794789627194405,-0.061597056686878204,2.7211549282073975,-1.2869127988815308,2.467630624771118,1.4565404653549194,494.94769287109375,326.8057861328125,281.4715270996094,0.0031088306568562984,-0.061332374811172485,2.7213499546051025,0.0,0.0,0.0,0,0
1786431207.9972055,10.130999957000313,TRACK,FLOW,/home/eunseop/nrs_imitation/checkpoints/flow/polishing/single_cam/20260809_1638,494.675048828125,327.7958984375,282.0717468261719,0.004002999514341354,-0.061494167894124985,2.7212157249450684,-0.35192352533340454,3.511690855026245,0.8526435494422913,494.9548034667969,326.8243408203125,281.4504699707031,0.0030666969250887632,-0.06129024177789688,2.7213921546936035,0.0,0.0,0.0,0,0
1786431208.0052557,10.139050341000257,TRACK,FLOW,/home/eunseop/nrs_imitation/checkpoints/flow/polishing/single_cam/20260809_1638,494.7208251953125,327.8016662597656,282.1333312988281,0.003875844180583954,-0.06165061518549919,2.721141815185547,-1.8607122898101807,2.881077527999878,2.0916173458099365,494.9636535644531,326.8455505371094,281.42926025390625,0.003024295438081026,-0.06124784052371979,2.7214345932006836,0.0,0.0,0.0,0,0
1786431208.013245,10.147039718000087,TRACK,FLOW,/home/eunseop/nrs_imitation/checkpoints/flow/polishing/single_cam/20260809_1638,494.7389221191406,327.7936096191406,282.06890869140625,0.0038011386059224606,-0.061513274908065796,2.7212018966674805,0.4233386516571045,1.695371389389038,1.183146357536316,494.9735412597656,326.8656921386719,281.4079284667969,0.0029816271271556616,-0.061205171048641205,2.7214772701263428,0.0,0.0,0.0,0,0
1786431208.0212383,10.155032751999897,TRACK,FLOW,/home/eunseop/nrs_imitation/checkpoints/flow/polishing/single_cam/20260809_1638,494.7518005371094,327.8020324707031,282.06463623046875,0.0037129377014935017,-0.06150195747613907,2.72124981880188,0.6024681925773621,2.7155919075012207,1.297640323638916,494.98431396484375,326.8836364746094,281.386474609375,0.0029386922251433134,-0.06116223707795143,2.721520185470581,0.0,0.0,0.0,0,0
1786431208.029239,10.16303358999994,TRACK,FLOW,/home/eunseop/nrs_imitation/checkpoints/flow/polishing/single_cam/20260809_1638,494.78424072265625,327.81475830078125,282.04449462890625,0.0036028847098350525,-0.061496488749980927,2.7212367057800293,0.12084722518920898,2.161893367767334,1.111714243888855,494.9959716796875,326.8993835449219,281.3648681640625,0.002895491197705269,-0.06111903488636017,2.7215633392333984,0.0,0.0,0.0,0,0
1786431208.037224,10.171018619000279,TRACK,FLOW,/home/eunseop/nrs_imitation/checkpoints/flow/polishing/single_cam/20260809_1638,494.8081970214844,327.81341552734375,282.0398864746094,0.0034697619266808033,-0.061461519449949265,2.721332311630249,0.9790717363357544,1.3170013427734375,0.6299241185188293,495.00848388671875,326.9129638671875,281.3431396484375,0.0028520238120108843,-0.061075568199157715,2.721606731414795,0.0,0.0,0.0,0,0
1786431208.0451999,10.178994289000002,TRACK,FLOW,/home/eunseop/nrs_imitation/checkpoints/flow/polishing/single_cam/20260809_1638,494.7762145996094,327.7933654785156,281.9214172363281,0.0035728176590055227,-0.061213672161102295,2.721358060836792,-0.1872045397758484,2.841296672821045,0.04944954812526703,495.0196533203125,326.9258117675781,281.3212585449219,0.0028082900680601597,-0.06103183329105377,2.7216503620147705,0.0,0.0,0.0,0,0
1786431208.053226,10.187020647000281,TRACK,FLOW,/home/eunseop/nrs_imitation/checkpoints/flow/polishing/single_cam/20260809_1638,494.75726318359375,327.8224792480469,281.9316101074219,0.0035994520876556635,-0.061304327100515366,2.721369981765747,-0.09140069782733917,2.5115973949432373,0.5648793578147888,495.0284729003906,326.9385986328125,281.29925537109375,0.002764289267361164,-0.06098783388733864,2.7216944694519043,0.0,0.0,0.0,0,0
1786431208.0612233,10.195017729000028,TRACK,FLOW,/home/eunseop/nrs_imitation/checkpoints/flow/polishing/single_cam/20260809_1638,494.7603759765625,327.81109619140625,281.9080505371094,0.00360369635745883,-0.061229731887578964,2.721345901489258,-0.7145745754241943,1.7850067615509033,0.23503287136554718,495.034912109375,326.95135498046875,281.2771301269531,0.0027200221084058285,-0.060943566262722015,2.721738815307617,0.0,0.0,0.0,0,0
1786431208.0692286,10.20302313600041,TRACK,FLOW,/home/eunseop/nrs_imitation/checkpoints/flow/polishing/single_cam/20260809_1638,494.7474365234375,327.8258972167969,281.8837585449219,0.0035930403973907232,-0.061148688197135925,2.7214667797088623,-2.2639658451080322,2.467545986175537,2.052417516708374,495.0390319824219,326.96405029296875,281.2548522949219,0.002675487892702222,-0.0608990304172039,2.721783399581909,0.0,0.0,0.0,0,0
1786431208.077245,10.211039365000033,TRACK,FLOW,/home/eunseop/nrs_imitation/checkpoints/flow/polishing/single_cam/20260809_1638,494.76953125,327.8648681640625,281.8650817871094,0.003498532110825181,-0.06115187332034111,2.7214889526367188,0.0647616982460022,2.0011699199676514,0.7952579259872437,495.0411682128906,326.9765319824219,281.2324523925781,0.0026306870859116316,-0.0608542300760746,2.7218282222747803,0.0,0.0,0.0,0,0
1786431208.0853236,10.219117953000023,TRACK,FLOW,/home/eunseop/nrs_imitation/checkpoints/flow/polishing/single_cam/20260809_1638,494.81573486328125,327.888671875,281.86822509765625,0.0033590809907764196,-0.06113065779209137,2.7215118408203125,-0.8710929155349731,2.717240810394287,1.3602237701416016,495.0416259765625,326.98858642578125,281.2099304199219,0.0025856185238808393,-0.06080916151404381,2.7218732833862305,0.0,0.0,0.0,0,0
1786431208.0954309,10.229225566000423,TRACK,FLOW,/home/eunseop/nrs_imitation/checkpoints/flow/polishing/single_cam/20260809_1638,494.8596496582031,327.95892333984375,281.865966796875,0.0032019594218581915,-0.061177097260951996,2.721606731414795,-0.0164461862295866,3.125568389892578,1.4093421697616577,495.03997802734375,327.0001525878906,281.1872253417969,0.002540211658924818,-0.060763753950595856,2.7219185829162598,0.0,0.0,0.0,0,0
1786431208.101307,10.235101496000425,TRACK,FLOW,/home/eunseop/nrs_imitation/checkpoints/flow/polishing/single_cam/20260809_1638,494.86639404296875,327.9963684082031,281.829345703125,0.003177051432430744,-0.06112479791045189,2.7216668128967285,0.6665925979614258,2.083333730697632,0.8060101866722107,495.0371398925781,327.01141357421875,281.1644287109375,0.0024946099147200584,-0.06071815267205238,2.721964120864868,0.0,0.0,0.0,0,0
1786431208.1092162,10.243010779000542,TRACK,FLOW,/home/eunseop/nrs_imitation/checkpoints/flow/polishing/single_cam/20260809_1638,494.9212341308594,327.9988098144531,281.8306579589844,0.0030463479924947023,-0.061087220907211304,2.7216060161590576,0.9967563152313232,2.633678674697876,0.08185537904500961,495.03466796875,327.0220642089844,281.1415100097656,0.0024487427435815334,-0.06067228689789772,2.7220098972320557,0.0,0.0,0.0,0,0
1786431208.117819,10.251613753000129,TRACK,FLOW,/home/eunseop/nrs_imitation/checkpoints/flow/polishing/single_cam/20260809_1638,494.9212341308594,327.9988098144531,281.8306579589844,0.0030463479924947023,-0.061087220907211304,2.7216060161590576,0.9967563152313232,2.633678674697876,0.08185537904500961,495.0367736816406,327.0316162109375,281.1184387207031,0.0024025896564126015,-0.060626134276390076,2.7220561504364014,0.0,0.0,0.0,0,0
1786431208.1252093,10.259003969999867,TRACK,FLOW,/home/eunseop/nrs_imitation/checkpoints/flow/polishing/single_cam/20260809_1638,494.9199523925781,327.99700927734375,281.7054443359375,0.003058947389945388,-0.06082854047417641,2.7217392921447754,-0.012090320698916912,2.672901153564453,0.3863650858402252,495.04278564453125,327.04022216796875,281.0952453613281,0.002356189303100109,-0.060579732060432434,2.722102642059326,0.0,0.0,0.0,0,0
1786431208.1331952,10.266989810000268,TRACK,FLOW,/home/eunseop/nrs_imitation/checkpoints/flow/polishing/single_cam/20260809_1638,494.9220275878906,328.00390625,281.7173156738281,0.0030388094019144773,-0.060931816697120667,2.721714735031128,0.1647706925868988,3.402822256088257,0.35443949699401855,495.052978515625,327.0478210449219,281.0718994140625,0.0023095221258699894,-0.0605330653488636,2.72214937210083,0.0,0.0,0.0,0,0
1786431208.1411965,10.274991049000164,TRACK,FLOW,/home/eunseop/nrs_imitation/checkpoints/flow/polishing/single_cam/20260809_1638,494.90380859375,327.997802734375,281.7225036621094,0.0030019362457096577,-0.06083272024989128,2.721738815307617,-1.4791611433029175,2.355475425720215,0.9057006239891052,495.0667724609375,327.0545349121094,281.0484313964844,0.002262588357552886,-0.06048613041639328,2.722196340560913,0.0,0.0,0.0,0,0
1786431208.1492722,10.2830669519999,TRACK,FLOW,/home/eunseop/nrs_imitation/checkpoints/flow/polishing/single_cam/20260809_1638,494.9029846191406,328.0496520996094,281.6871032714844,0.0029371590353548527,-0.060816217213869095,2.721870183944702,-0.6687813997268677,1.6555907726287842,1.076377034187317,495.0816650390625,327.0610656738281,281.02484130859375,0.0022153870668262243,-0.06043892726302147,2.722243547439575,0.0,0.0,0.0,0,0
1786431208.15729,10.291084612999839,TRACK,FLOW,/home/eunseop/nrs_imitation/checkpoints/flow/polishing/single_cam/20260809_1638,494.9112243652344,328.0498962402344,281.68109130859375,0.0028642083052545786,-0.06081196665763855,2.721881151199341,0.721075177192688,2.0753073692321777,1.3796017169952393,495.09765625,327.0673828125,281.0010986328125,0.0021679189521819353,-0.06039145961403847,2.7222909927368164,0.0,0.0,0.0,0,0
1786431208.1652126,10.299007202000212,TRACK,FLOW,/home/eunseop/nrs_imitation/checkpoints/flow/polishing/single_cam/20260809_1638,494.9590148925781,328.07843017578125,281.6513671875,0.002702671103179455,-0.06079662963747978,2.7219161987304688,0.8852694630622864,2.666314125061035,0.8227750658988953,495.1147155761719,327.0735168457031,280.97723388671875,0.0021201851777732372,-0.060343727469444275,2.7223386764526367,0.0,0.0,0.0,0,0
1786431208.1731992,10.306993563000105,TRACK,FLOW,/home/eunseop/nrs_imitation/checkpoints/flow/polishing/single_cam/20260809_1638,494.97088623046875,328.1347961425781,281.6705627441406,0.002572909463196993,-0.060896601527929306,2.722010612487793,0.017702164128422737,1.7709805965423584,1.0051946640014648,495.1328125,327.0794677734375,280.9532470703125,0.0020721848122775555,-0.06029572710394859,2.722386598587036,0.0,0.0,0.0,0,0
1786431208.181257,10.315051622000283,TRACK,FLOW,/home/eunseop/nrs_imitation/checkpoints/flow/polishing/single_cam/20260809_1638,494.94140625,328.09228515625,281.62725830078125,0.0025802534073591232,-0.06074843183159828,2.722059726715088,-0.3994602859020233,2.1573548316955566,1.137199878692627,495.15179443359375,327.0862121582031,280.9291076660156,0.0020239169243723154,-0.06024745851755142,2.7224347591400146,0.0,0.0,0.0,0,0
1786431208.1893432,10.323138005000146,TRACK,FLOW,/home/eunseop/nrs_imitation/checkpoints/flow/polishing/single_cam/20260809_1638,494.9332275390625,328.1349182128906,281.6044006347656,0.0025746969040483236,-0.060763344168663025,2.722095012664795,0.3309444487094879,2.6498425006866455,0.3728923797607422,495.171630859375,327.09375,280.90484619140625,0.0019753817468881607,-0.06019892171025276,2.7224833965301514,0.0,0.0,0.0,0,0
1786431208.197201,10.330995557999813,TRACK,FLOW,/home/eunseop/nrs_imitation/checkpoints/flow/polishing/single_cam/20260809_1638,494.93707275390625,328.1214294433594,281.589111328125,0.0025678619276732206,-0.06074049696326256,2.722083330154419,-0.499589204788208,2.9008939266204834,0.6290109753608704,495.19232177734375,327.1020812988281,280.88043212890625,0.0019265812588855624,-0.06015012040734291,2.722532272338867,0.0,0.0,0.0,0,0
1786431208.2052226,10.33901733699986,TRACK,FLOW,/home/eunseop/nrs_imitation/checkpoints/flow/polishing/single_cam/20260809_1638,494.9160461425781,328.1332702636719,281.56549072265625,0.0026224059984087944,-0.06071325019001961,2.7221076488494873,-1.0652880668640137,2.151451587677002,1.1646931171417236,495.2138671875,327.1112060546875,280.85589599609375,0.0018775139469653368,-0.06010105460882187,2.722581386566162,0.0,0.0,0.0,0,0
1786431208.2132373,10.347031822000645,TRACK,FLOW,/home/eunseop/nrs_imitation/checkpoints/flow/polishing/single_cam/20260809_1638,494.919921875,328.1548767089844,281.5445251464844,0.002569672418758273,-0.06060798093676567,2.722179412841797,-0.2234613448381424,2.4199283123016357,1.223978877067566,495.23333740234375,327.1225891113281,280.83123779296875,0.0018281798111274838,-0.06005172058939934,2.722630739212036,0.0,0.0,0.0,0,0
1786431208.2212043,10.35499888600043,TRACK,FLOW,/home/eunseop/nrs_imitation/checkpoints/flow/polishing/single_cam/20260809_1638,494.9631042480469,328.15167236328125,281.5088195800781,0.00246659223921597,-0.060551609843969345,2.7222275733947754,0.021293651312589645,2.4467697143554688,1.2666903734207153,495.25018310546875,327.136474609375,280.8064270019531,0.0017785793170332909,-0.06000211834907532,2.7226803302764893,0.0,0.0,0.0,0,0
1786431208.2291915,10.362985999000557,TRACK,FLOW,/home/eunseop/nrs_imitation/checkpoints/flow/polishing/single_cam/20260809_1638,494.96820068359375,328.17822265625,281.45697021484375,0.0025002125184983015,-0.060493551194667816,2.722252130508423,-0.9460723996162415,2.93410587310791,1.799459457397461,495.2644348144531,327.1528625488281,280.781494140625,0.001728712348267436,-0.059952251613140106,2.7227301597595215,0.0,0.0,0.0,0,0
1786431208.2371893,10.370984021999902,TRACK,FLOW,/home/eunseop/nrs_imitation/checkpoints/flow/polishing/single_cam/20260809_1638,495.0118408203125,328.1722106933594,281.42425537109375,0.0023297173902392387,-0.06035858392715454,2.7222752571105957,0.6937218904495239,2.00354266166687,0.7735868692398071,495.276123046875,327.1717224121094,280.7564392089844,0.0016785785555839539,-0.059902116656303406,2.722780227661133,0.0,0.0,0.0,0,0
1786431208.2451959,10.378990422000243,TRACK,FLOW,/home/eunseop/nrs_imitation/checkpoints/flow/polishing/single_cam/20260809_1638,495.04681396484375,328.1820373535156,281.3887634277344,0.002288196003064513,-0.06029638275504112,2.7222752571105957,1.1295201778411865,1.824389100074768,0.41368409991264343,495.2884521484375,327.1901550292969,280.7312316894531,0.0016281780553981662,-0.059851717203855515,2.7228305339813232,0.0,0.0,0.0,0,0
1786431208.2532604,10.387054742000146,TRACK,FLOW,/home/eunseop/nrs_imitation/checkpoints/flow/polishing/single_cam/20260809_1638,495.0500183105469,328.2243347167969,281.3885192871094,0.002302012871950865,-0.06030643358826637,2.7223594188690186,-0.15869024395942688,2.7304253578186035,1.0778082609176636,495.30291748046875,327.206787109375,280.7059020996094,0.0015775097999721766,-0.059801049530506134,2.722881317138672,0.0,0.0,0.0,0,0
1786431208.2612252,10.395019833000333,TRACK,FLOW,/home/eunseop/nrs_imitation/checkpoints/flow/polishing/single_cam/20260809_1638,495.0733642578125,328.177734375,281.3331604003906,0.002256053499877453,-0.06014704704284668,2.722371816635132,-0.5690882802009583,1.489740252494812,1.0884660482406616,495.31951904296875,327.22161865234375,280.680419921875,0.0015265758847817779,-0.05975011736154556,2.7229323387145996,0.0,0.0,0.0,0,0
1786431208.2692137,10.403008238000439,TRACK,FLOW,/home/eunseop/nrs_imitation/checkpoints/flow/polishing/single_cam/20260809_1638,495.1074523925781,328.18951416015625,281.3131408691406,0.0021665184758603573,-0.060136277228593826,2.722407579421997,1.2713754177093506,2.1895101070404053,0.5000816583633423,495.3382263183594,327.23468017578125,280.6548156738281,0.0014753752620890737,-0.0596989169716835,2.7229835987091064,0.0,0.0,0.0,0,0
1786431208.2772365,10.411030959000527,TRACK,FLOW,/home/eunseop/nrs_imitation/checkpoints/flow/polishing/single_cam/20260809_1638,495.086669921875,328.20166015625,281.2966003417969,0.0022221505641937256,-0.06010879948735237,2.722383737564087,-0.5406700372695923,3.54742169380188,1.3269352912902832,495.3590087890625,327.2474060058594,280.62908935546875,0.0014239078154787421,-0.05964744836091995,2.7230350971221924,0.0,0.0,0.0,0,0
1786431208.2852278,10.419022328999745,TRACK,FLOW,/home/eunseop/nrs_imitation/checkpoints/flow/polishing/single_cam/20260809_1638,495.1077575683594,328.2118835449219,281.2578125,0.00215099286288023,-0.060032591223716736,2.7224793434143066,-0.11890317499637604,2.6801350116729736,1.2418419122695923,495.3818359375,327.26116943359375,280.60321044921875,0.001372173777781427,-0.05959571525454521,2.7230868339538574,0.0,0.0,0.0,0,0
1786431208.2932088,10.427003450000484,TRACK,FLOW,/home/eunseop/nrs_imitation/checkpoints/flow/polishing/single_cam/20260809_1638,495.1067810058594,328.2244873046875,281.290771484375,0.002204845193773508,-0.06013869494199753,2.722407341003418,0.44084009528160095,2.135165214538574,0.08307881653308868,495.40667724609375,327.2759704589844,280.57720947265625,0.0013201732654124498,-0.05954371392726898,2.7231388092041016,0.0,0.0,0.0,0,0
1786431208.301219,10.435013596999852,TRACK,FLOW,/home/eunseop/nrs_imitation/checkpoints/flow/polishing/single_cam/20260809_1638,495.08349609375,328.2259216308594,281.2119140625,0.0021938264835625887,-0.05996021628379822,2.7225160598754883,-0.8674175143241882,2.137732744216919,1.3967373371124268,495.43280029296875,327.29180908203125,280.55108642578125,0.0012679060455411673,-0.05949144810438156,2.723191022872925,0.0,0.0,0.0,0,0
1786431208.3091967,10.44299122099983,TRACK,FLOW,/home/eunseop/nrs_imitation/checkpoints/flow/polishing/single_cam/20260809_1638,495.1329040527344,328.20269775390625,281.16925048828125,0.002077673329040408,-0.059759993106126785,2.722503900527954,0.06288257986307144,1.125836730003357,1.258914589881897,495.4590759277344,327.3080139160156,280.5248107910156,0.001215372234582901,-0.05943891406059265,2.723243474960327,0.0,0.0,0.0,0,0
1786431208.3172526,10.451047235999795,TRACK,FLOW,/home/eunseop/nrs_imitation/checkpoints/flow/polishing/single_cam/20260809_1638,495.1581726074219,328.23834228515625,281.2138977050781,0.0019267919706180692,-0.059827618300914764,2.722550392150879,0.001780946389771998,1.6124284267425537,2.005472421646118,495.4854736328125,327.3233337402344,280.4984130859375,0.0011625707847997546,-0.05938611179590225,2.7232961654663086,0.0,0.0,0.0,0,0
1786431208.3255506,10.459345265000593,TRACK,FLOW,/home/eunseop/nrs_imitation/checkpoints/flow/polishing/single_cam/20260809_1638,495.1581726074219,328.23834228515625,281.2138977050781,0.0019267919706180692,-0.059827618300914764,2.722550392150879,0.001780946389771998,1.6124284267425537,2.005472421646118,495.51202392578125,327.3377685546875,280.47186279296875,0.0011094924993813038,-0.05933303385972977,2.7233493328094482,0.0,0.0,0.0,0,0
1786431208.3332396,10.467034135000176,TRACK,FLOW,/home/eunseop/nrs_imitation/checkpoints/flow/polishing/single_cam/20260809_1638,495.24688720703125,328.2582092285156,281.13818359375,0.0017178987618535757,-0.05969024449586868,2.7226099967956543,-0.41308125853538513,2.0428659915924072,1.06362783908844,495.5386962890625,327.35137939453125,280.4451904296875,0.0010561577510088682,-0.05927969887852669,2.723402738571167,0.0,0.0,0.0,0,0
1786431208.341247,10.475041636999777,TRACK,FLOW,/home/eunseop/nrs_imitation/checkpoints/flow/polishing/single_cam/20260809_1638,495.2228698730469,328.317138671875,281.13470458984375,0.0016972168814390898,-0.059699706733226776,2.7227413654327393,-0.09897418320178986,2.381586790084839,0.974333643913269,495.56549072265625,327.3645324707031,280.41839599609375,0.0010025566443800926,-0.05922609940171242,2.723456382751465,0.0,0.0,0.0,0,0
1786431208.3496325,10.4834269640005,TRACK,FLOW,/home/eunseop/nrs_imitation/checkpoints/flow/polishing/single_cam/20260809_1638,495.2228698730469,328.317138671875,281.13470458984375,0.0016972168814390898,-0.059699706733226776,2.7227413654327393,-0.09897418320178986,2.381586790084839,0.974333643913269,495.5916748046875,327.3791198730469,280.3914489746094,0.0009486756753176451,-0.059172216802835464,2.723510265350342,0.0,0.0,0.0,0,0
1786431208.3572156,10.491010280999944,TRACK,FLOW,/home/eunseop/nrs_imitation/checkpoints/flow/polishing/single_cam/20260809_1638,495.2044982910156,328.3482666015625,281.0341491699219,0.0018051377264782786,-0.05951201915740967,2.7228031158447266,-0.10469310730695724,2.49438214302063,-0.07185031473636627,495.6163024902344,327.3949890136719,280.3643798828125,0.0008945417357608676,-0.059118084609508514,2.723564386367798,0.0,0.0,0.0,0,0
1786431208.3651938,10.498988305999774,TRACK,FLOW,/home/eunseop/nrs_imitation/checkpoints/flow/polishing/single_cam/20260809_1638,495.2048034667969,328.31573486328125,280.9848327636719,0.0018176903249695897,-0.059385865926742554,2.722815752029419,-1.581891655921936,2.6100857257843018,1.1589395999908447,495.6392822265625,327.4122009277344,280.3371887207031,0.0008401413797400892,-0.059063684195280075,2.723618745803833,0.0,0.0,0.0,0,0
1786431208.3732495,10.507044150000183,TRACK,FLOW,/home/eunseop/nrs_imitation/checkpoints/flow/polishing/single_cam/20260809_1638,495.2588195800781,328.3277587890625,280.9590759277344,0.0017074673669412732,-0.05930754169821739,2.7229111194610596,-0.5868036150932312,2.428584098815918,1.5661075115203857,495.66070556640625,327.43072509765625,280.3098449707031,0.0007854739669710398,-0.059009015560150146,2.7236733436584473,0.0,0.0,0.0,0,0
1786431208.3812315,10.51502622299995,TRACK,FLOW,/home/eunseop/nrs_imitation/checkpoints/flow/polishing/single_cam/20260809_1638,495.32952880859375,328.34210205078125,280.9512634277344,0.0014788919361308217,-0.05927480757236481,2.722921848297119,0.7065061926841736,1.6813722848892212,0.8432217836380005,495.6877746582031,327.4496154785156,280.2823791503906,0.0007305395556613803,-0.05895408242940903,2.7237281799316406,0.0,0.0,0.0,0,0
1786431208.3891964,10.522990811999989,TRACK,FLOW,/home/eunseop/nrs_imitation/checkpoints/flow/polishing/single_cam/20260809_1638,495.36383056640625,328.3735656738281,280.9055480957031,0.0014865940902382135,-0.05922437459230423,2.722994089126587,-0.42723938822746277,2.6606500148773193,2.15352463722229,495.7153625488281,327.4688415527344,280.2547912597656,0.0006753390771336854,-0.05889888107776642,2.723783493041992,0.0,0.0,0.0,0,0
1786431208.3972201,10.53101466499993,TRACK,FLOW,/home/eunseop/nrs_imitation/checkpoints/flow/polishing/single_cam/20260809_1638,495.43878173828125,328.4048767089844,280.8751525878906,0.0012917716521769762,-0.05923088267445564,2.723052501678467,1.1418777704238892,2.3021953105926514,0.9858632683753967,495.74310302734375,327.4884338378906,280.22705078125,0.0006198717746883631,-0.05884341523051262,2.723839044570923,0.0,0.0,0.0,0,0
1786431208.405239,10.539033629000187,TRACK,FLOW,/home/eunseop/nrs_imitation/checkpoints/flow/polishing/single_cam/20260809_1638,495.4443664550781,328.4095764160156,280.79656982421875,0.0013295012759044766,-0.05906243249773979,2.7231013774871826,0.8257285952568054,1.7658946514129639,0.1562710702419281,495.7709655761719,327.50836181640625,280.1991882324219,0.0005641375901177526,-0.05878768116235733,2.7238948345184326,0.0,0.0,0.0,0,0
1786431208.4132054,10.547000131999994,TRACK,FLOW,/home/eunseop/nrs_imitation/checkpoints/flow/polishing/single_cam/20260809_1638,495.48248291015625,328.4216613769531,280.7629699707031,0.0013528214767575264,-0.05901813134551048,2.7230777740478516,-1.5318039655685425,2.4262747764587402,0.9262114763259888,495.7989807128906,327.5292053222656,280.1711730957031,0.000508137047290802,-0.05873167887330055,2.7239508628845215,0.0,0.0,0.0,0,0
1786431208.4212203,10.555014987000504,TRACK,FLOW,/home/eunseop/nrs_imitation/checkpoints/flow/polishing/single_cam/20260809_1638,495.4551086425781,328.4097900390625,280.74652099609375,0.0013422205811366439,-0.058937083929777145,2.7231624126434326,-0.6897979974746704,2.657815456390381,0.06360059231519699,495.8271179199219,327.5510559082031,280.1430358886719,0.0004518697096500546,-0.058675412088632584,2.7240071296691895,0.0,0.0,0.0,0,0
1786431208.4292066,10.56300108800042,TRACK,FLOW,/home/eunseop/nrs_imitation/checkpoints/flow/polishing/single_cam/20260809_1638,495.4540710449219,328.4368591308594,280.736083984375,0.0013672850327566266,-0.05893014371395111,2.7231264114379883,-0.39404723048210144,2.779895067214966,0.11208297312259674,495.8553771972656,327.57391357421875,280.1147766113281,0.00039533586823381484,-0.058618877083063126,2.7240636348724365,0.0,0.0,0.0,0,0
1786431208.437198,10.570992419000504,TRACK,FLOW,/home/eunseop/nrs_imitation/checkpoints/flow/polishing/single_cam/20260809_1638,495.4645690917969,328.44427490234375,280.7525939941406,0.0013208938762545586,-0.05894366279244423,2.7231860160827637,-1.995629906654358,2.0893123149871826,2.0153651237487793,495.8837890625,327.5977783203125,280.08636474609375,0.00033853540662676096,-0.05856207758188248,2.7241203784942627,0.0,0.0,0.0,0,0
1786431208.4452074,10.57900179399985,TRACK,FLOW,/home/eunseop/nrs_imitation/checkpoints/flow/polishing/single_cam/20260809_1638,495.52337646484375,328.4854431152344,280.7272644042969,0.0011421148665249348,-0.05895840749144554,2.723268508911133,0.3111051321029663,1.3001689910888672,0.8752277493476868,495.9123229980469,327.6204833984375,280.0578308105469,0.0002814678882714361,-0.05850500985980034,2.724177360534668,0.0,0.0,0.0,0,0
1786431208.4532068,10.58700147000036,TRACK,FLOW,/home/eunseop/nrs_imitation/checkpoints/flow/polishing/single_cam/20260809_1638,495.60546875,328.5052490234375,280.71563720703125,0.0008886469295248389,-0.058932673186063766,2.7233622074127197,0.052563343197107315,2.4067089557647705,2.0571155548095703,495.94097900390625,327.6410217285156,280.0291748046875,0.00022413399710785598,-0.05844767764210701,2.7242345809936523,0.0,0.0,0.0,0,0
1786431208.4612288,10.59502349000013,TRACK,FLOW,/home/eunseop/nrs_imitation/checkpoints/flow/polishing/single_cam/20260809_1638,495.6632080078125,328.5589294433594,280.6945495605469,0.0007952477899380028,-0.058996282517910004,2.723409414291382,-0.6560189723968506,2.2714574337005615,1.9089492559432983,495.96978759765625,327.6593933105469,280.0003662109375,0.00016653328202664852,-0.05839007720351219,2.724292278289795,0.0,0.0,0.0,0,0
1786431208.469204,10.602998489000129,TRACK,FLOW,/home/eunseop/nrs_imitation/checkpoints/flow/polishing/single_cam/20260809_1638,495.7070007324219,328.58087158203125,280.6445617675781,0.000654221570584923,-0.05884141847491264,2.7235045433044434,1.0107728242874146,2.3138678073883057,0.8130300641059875,495.99871826171875,327.6756286621094,279.971435546875,0.00010866606316994876,-0.058332208544015884,2.7243502140045166,0.0,0.0,0.0,0,0
1786431208.4772499,10.611044434000178,TRACK,FLOW,/home/eunseop/nrs_imitation/checkpoints/flow/polishing/single_cam/20260809_1638,495.7587585449219,328.6036071777344,280.58599853515625,0.0005257818265818059,-0.05876757204532623,2.723492383956909,0.19253171980381012,2.0049197673797607,0.6588871479034424,496.02777099609375,327.692138671875,279.9423828125,5.0531787564978004e-05,-0.058274075388908386,2.7244083881378174,0.0,0.0,0.0,0,0
1786431208.4852216,10.61901620700064,TRACK,FLOW,/home/eunseop/nrs_imitation/checkpoints/flow/polishing/single_cam/20260809_1638,495.72283935546875,328.6239929199219,280.5596618652344,0.0006398718105629086,-0.05870069935917854,2.7236011028289795,-1.2206851243972778,2.175400495529175,0.7325198650360107,496.0569763183594,327.711181640625,279.9131774902344,-7.868795364629477e-06,-0.0582156740128994,2.7244668006896973,0.0,0.0,0.0,0,0
1786431208.493265,10.627059458000076,TRACK,FLOW,/home/eunseop/nrs_imitation/checkpoints/flow/polishing/single_cam/20260809_1638,495.71417236328125,328.5887756347656,280.5072021484375,0.0006917801219969988,-0.05853875353932381,2.7236146926879883,-0.21708184480667114,2.178471088409424,-0.186710923910141,496.0863037109375,327.73272705078125,279.88385009765625,-6.653706805082038e-05,-0.05815700441598892,2.7245254516601562,0.0,0.0,0.0,0,0
1786431208.5011957,10.634990422000556,TRACK,FLOW,/home/eunseop/nrs_imitation/checkpoints/flow/polishing/single_cam/20260809_1638,495.72589111328125,328.60797119140625,280.4687805175781,0.0006885022157803178,-0.058478597551584244,2.7236268520355225,-1.2205461263656616,2.439201593399048,0.8588310480117798,496.11578369140625,327.75677490234375,279.8543701171875,-0.00012547076039481908,-0.058098070323467255,2.7245843410491943,0.0,0.0,0.0,0,0
1786431208.5093932,10.643187968999882,TRACK,FLOW,/home/eunseop/nrs_imitation/checkpoints/flow/polishing/single_cam/20260809_1638,495.79229736328125,328.6458435058594,280.48492431640625,0.00045542052248492837,-0.0584852434694767,2.723780393600464,-0.45008596777915955,1.5641326904296875,1.1428520679473877,496.1449890136719,327.7828063964844,279.82476806640625,-0.0001846739905886352,-0.0580388680100441,2.7246434688568115,0.0,0.0,0.0,0,0
1786431208.5173936,10.65118845699999,TRACK,FLOW,/home/eunseop/nrs_imitation/checkpoints/flow/polishing/single_cam/20260809_1638,495.8455505371094,328.6898498535156,280.46380615234375,0.00039150548400357366,-0.058430206030607224,2.723803997039795,1.3091425895690918,2.327277421951294,1.2892932891845703,496.1726989746094,327.809814453125,279.7950439453125,-0.0002441439137328416,-0.05797939747571945,2.724702835083008,0.0,0.0,0.0,0,0
1786431208.5252242,10.659018869000647,TRACK,FLOW,/home/eunseop/nrs_imitation/checkpoints/flow/polishing/single_cam/20260809_1638,495.9092102050781,328.6919860839844,280.4342346191406,0.0002429944579489529,-0.058422088623046875,2.7237672805786133,0.35813456773757935,2.907805919647217,1.9172182083129883,496.19891357421875,327.8377990722656,279.7651672363281,-0.0003038779250346124,-0.057919662445783615,2.7247626781463623,0.0,0.0,0.0,0,0
1786431208.5332198,10.667014407000352,TRACK,FLOW,/home/eunseop/nrs_imitation/checkpoints/flow/polishing/single_cam/20260809_1638,495.9324645996094,328.750732421875,280.3880310058594,0.00021598846069537103,-0.05833404138684273,2.723970651626587,0.16797198355197906,2.566918134689331,1.3915274143218994,496.2236633300781,327.8667297363281,279.73516845703125,-0.00036387849831953645,-0.05785966292023659,2.724822759628296,0.0,0.0,0.0,0,0
1786431208.5412006,10.67499511799997,TRACK,FLOW,/home/eunseop/nrs_imitation/checkpoints/flow/polishing/single_cam/20260809_1638,495.9577331542969,328.743408203125,280.3376770019531,0.00014450479648075998,-0.05815894529223442,2.723958730697632,0.66856449842453,2.1040799617767334,0.5982399582862854,496.24652099609375,327.8959655761719,279.7050476074219,-0.00042414560448378325,-0.05779939517378807,2.7248830795288086,0.0,0.0,0.0,0,0
1786431208.5491984,10.68299277999995,TRACK,FLOW,/home/eunseop/nrs_imitation/checkpoints/flow/polishing/single_cam/20260809_1638,495.9541320800781,328.73931884765625,280.2644348144531,0.0002173823449993506,-0.05802855268120766,2.7239842414855957,-0.4758594036102295,2.4049792289733887,-0.3815317153930664,496.2654113769531,327.92236328125,279.6747741699219,-0.00048467935994267464,-0.05773886293172836,2.7249436378479004,0.0,0.0,0.0,0,0
1786431208.5573235,10.691118178000579,TRACK,FLOW,/home/eunseop/nrs_imitation/checkpoints/flow/polishing/single_cam/20260809_1638,495.92303466796875,328.7606506347656,280.2033996582031,0.00032040264341048896,-0.05791540816426277,2.724069356918335,-0.12475643306970596,2.254917860031128,-0.6571041941642761,496.2803649902344,327.9459533691406,279.6443786621094,-0.0005454811034724116,-0.057678062468767166,2.7250044345855713,0.0,0.0,0.0,0,0
1786431208.5651977,10.698992294000163,TRACK,FLOW,/home/eunseop/nrs_imitation/checkpoints/flow/polishing/single_cam/20260809_1638,495.9389343261719,328.7787170410156,280.2388000488281,0.0002708928659558296,-0.05800296366214752,2.7240805625915527,-1.3284742832183838,2.783747434616089,0.09411550313234329,496.29144287109375,327.9667663574219,279.61383056640625,-0.0006065481575205922,-0.05761699378490448,2.7250654697418213,0.0,0.0,0.0,0,0
1786431208.5733023,10.707096952000029,TRACK,FLOW,/home/eunseop/nrs_imitation/checkpoints/flow/polishing/single_cam/20260809_1638,495.9609680175781,328.7650146484375,280.1866455078125,0.00022011507826391608,-0.05782238394021988,2.7241411209106445,-0.8612803220748901,2.5969669818878174,0.5310677886009216,496.29876708984375,327.9848937988281,279.5831604003906,-0.000667883432470262,-0.057555656880140305,2.7251267433166504,0.0,0.0,0.0,0,0
1786431208.5811954,10.714989723000144,TRACK,FLOW,/home/eunseop/nrs_imitation/checkpoints/flow/polishing/single_cam/20260809_1638,495.98236083984375,328.7920837402344,280.1476135253906,0.00014691053365822881,-0.05768512189388275,2.7242133617401123,-0.16248266398906708,0.4684607982635498,1.2340006828308105,496.31024169921875,328.0057373046875,279.5523681640625,-0.0007294837851077318,-0.05749405547976494,2.7251882553100586,0.0,0.0,0.0,0,0
1786431208.5892053,10.722999860000527,TRACK,FLOW,/home/eunseop/nrs_imitation/checkpoints/flow/polishing/single_cam/20260809_1638,496.02777099609375,328.8271789550781,280.14910888671875,6.986407242948189e-06,-0.057762522250413895,2.7243077754974365,-0.6451004147529602,1.5242042541503906,1.8730556964874268,496.3258361816406,328.0293273925781,279.52142333984375,-0.0007913509616628289,-0.05743218958377838,2.725250005722046,0.0,0.0,0.0,0,0
1786431208.597211,10.731005388000085,TRACK,FLOW,/home/eunseop/nrs_imitation/checkpoints/flow/polishing/single_cam/20260809_1638,496.081298828125,328.8771667480469,280.1416320800781,-8.750646520638838e-05,-0.057692140340805054,2.7244153022766113,0.8076052665710449,2.85166072845459,1.5615226030349731,496.34552001953125,328.05560302734375,279.4903564453125,-0.0008534847875125706,-0.057370055466890335,2.7253122329711914,0.0,0.0,0.0,0,0
1786431208.6052318,10.739026485000068,TRACK,FLOW,/home/eunseop/nrs_imitation/checkpoints/flow/polishing/single_cam/20260809_1638,496.1165771484375,328.9276123046875,280.0777282714844,-0.00019562512170523405,-0.05765065923333168,2.7244985103607178,1.5106256008148193,2.256565570831299,0.7423771619796753,496.3692626953125,328.0845642089844,279.45916748046875,-0.0009158855536952615,-0.0573076531291008,2.725374698638916,0.0,0.0,0.0,0,0
1786431208.613301,10.747095826000077,TRACK,FLOW,/home/eunseop/nrs_imitation/checkpoints/flow/polishing/single_cam/20260809_1638,496.1256103515625,328.9447326660156,280.0496826171875,-0.0002433617046335712,-0.05753149837255478,2.724654197692871,-0.6813044548034668,2.505690097808838,1.4440630674362183,496.390625,328.11199951171875,279.4278259277344,-0.0009785539004951715,-0.05724498629570007,2.7254374027252197,0.0,0.0,0.0,0,0
1786431208.621331,10.755125720000251,TRACK,FLOW,/home/eunseop/nrs_imitation/checkpoints/flow/polishing/single_cam/20260809_1638,496.0863342285156,328.9417724609375,279.9601745605469,-0.0001192235795315355,-0.05731404572725296,2.7247042655944824,-0.9126289486885071,2.5566701889038086,-0.07428103685379028,496.4084167480469,328.13714599609375,279.3963623046875,-0.001041489071212709,-0.05718205124139786,2.7255003452301025,0.0,0.0,0.0,0,0
1786431208.6292975,10.763091953000185,TRACK,FLOW,/home/eunseop/nrs_imitation/checkpoints/flow/polishing/single_cam/20260809_1638,496.0477600097656,328.95721435546875,279.93365478515625,-7.780071609886363e-05,-0.057279400527477264,2.7247402667999268,-0.26253050565719604,2.291727066040039,-0.8056438565254211,496.42266845703125,328.1600341796875,279.3647766113281,-0.0011046906001865864,-0.05711884796619415,2.7255635261535645,0.0,0.0,0.0,0,0
1786431208.6372135,10.771007989000282,TRACK,FLOW,/home/eunseop/nrs_imitation/checkpoints/flow/polishing/single_cam/20260809_1638,496.0694580078125,328.91802978515625,279.89422607421875,-6.657084304606542e-05,-0.05715278163552284,2.724729299545288,-1.564252257347107,2.4208593368530273,0.6771777272224426,496.4334411621094,328.1806945800781,279.3330383300781,-0.0011681577889248729,-0.05705538019537926,2.7256269454956055,0.0,0.0,0.0,0,0
1786431208.6452172,10.77901188299984,TRACK,FLOW,/home/eunseop/nrs_imitation/checkpoints/flow/polishing/single_cam/20260809_1638,496.0998229980469,328.98480224609375,279.8626403808594,-0.00021594112331513315,-0.05705106258392334,2.7249083518981934,-0.4509114623069763,1.6754577159881592,0.2870962917804718,496.44342041015625,328.2010192871094,279.3011779785156,-0.0012318918015807867,-0.05699164792895317,2.7256906032562256,0.0,0.0,0.0,0,0
1786431208.653209,10.787003524000284,TRACK,FLOW,/home/eunseop/nrs_imitation/checkpoints/flow/polishing/single_cam/20260809_1638,496.15252685546875,329.0146484375,279.89630126953125,-0.000440047646407038,-0.05707886442542076,2.724966287612915,0.7333824038505554,1.8142294883728027,0.7526370286941528,496.4538879394531,328.2219543457031,279.2691650390625,-0.0012958922889083624,-0.056927647441625595,2.725754499435425,0.0,0.0,0.0,0,0
1786431208.6612828,10.795077443000082,TRACK,FLOW,/home/eunseop/nrs_imitation/checkpoints/flow/polishing/single_cam/20260809_1638,496.218017578125,329.0531311035156,279.86981201171875,-0.0005805116379633546,-0.0570218563079834,2.7250733375549316,0.5419853925704956,2.083634853363037,1.7381248474121094,496.46484375,328.24346923828125,279.2370300292969,-0.0013601604150608182,-0.05686337873339653,2.7258188724517822,0.0,0.0,0.0,0,0
1786431208.6692162,10.80301085300016,TRACK,FLOW,/home/eunseop/nrs_imitation/checkpoints/flow/polishing/single_cam/20260809_1638,496.2671813964844,329.1402893066406,279.9007873535156,-0.0007936135516501963,-0.05716900900006294,2.7251548767089844,0.2816525995731354,1.8030484914779663,1.5498628616333008,496.4762878417969,328.2655944824219,279.20477294921875,-0.001424694317393005,-0.056798845529556274,2.7258834838867188,0.0,0.0,0.0,0,0
1786431208.6772122,10.811006672000076,TRACK,FLOW,/home/eunseop/nrs_imitation/checkpoints/flow/polishing/single_cam/20260809_1638,496.241943359375,329.1618957519531,279.81512451171875,-0.0008454616763629019,-0.05692983418703079,2.725311279296875,0.4146158695220947,2.004512310028076,1.1565152406692505,496.4881286621094,328.2880859375,279.17236328125,-0.0014894948108121753,-0.05673404410481453,2.7259483337402344,0.0,0.0,0.0,0,0
1786431208.6853595,10.8191539620002,TRACK,FLOW,/home/eunseop/nrs_imitation/checkpoints/flow/polishing/single_cam/20260809_1638,496.241943359375,329.1618957519531,279.81512451171875,-0.0008454616763629019,-0.05692983418703079,2.725311279296875,0.4146158695220947,2.004512310028076,1.1565152406692505,496.500244140625,328.310791015625,279.13983154296875,-0.0015545665519312024,-0.056668970733881,2.726013422012329,0.0,0.0,0.0,0,0
1786431208.6932056,10.826999963000162,TRACK,FLOW,/home/eunseop/nrs_imitation/checkpoints/flow/polishing/single_cam/20260809_1638,496.2763977050781,329.2436828613281,279.7541809082031,-0.0010176639771088958,-0.056871794164180756,2.7254531383514404,-0.30358585715293884,2.552842617034912,0.6373189091682434,496.51263427734375,328.33367919921875,279.107177734375,-0.001619900343939662,-0.05660363659262657,2.726078748703003,0.0,0.0,0.0,0,0
1786431208.7011986,10.834993127999951,TRACK,FLOW,/home/eunseop/nrs_imitation/checkpoints/flow/polishing/single_cam/20260809_1638,496.3056640625,329.24688720703125,279.7583923339844,-0.00107593834400177,-0.05683866888284683,2.7254409790039062,-0.9670987129211426,3.2810986042022705,0.6536698937416077,496.5252990722656,328.35675048828125,279.0743713378906,-0.0016855007270351052,-0.056538037955760956,2.726144313812256,0.0,0.0,0.0,0,0
1786431208.7092,10.84299432700027,TRACK,FLOW,/home/eunseop/nrs_imitation/checkpoints/flow/polishing/single_cam/20260809_1638,496.2998352050781,329.2716064453125,279.7254333496094,-0.0010603880509734154,-0.05681072920560837,2.7255492210388184,-0.8864119648933411,3.443446397781372,0.8053208589553833,496.53863525390625,328.3800048828125,279.04144287109375,-0.0017513679340481758,-0.05647217109799385,2.726210117340088,0.0,0.0,0.0,0,0
1786431208.7172563,10.85105071199996,TRACK,FLOW,/home/eunseop/nrs_imitation/checkpoints/flow/polishing/single_cam/20260809_1638,496.30419921875,329.2661437988281,279.7030334472656,-0.0010268184123560786,-0.0567515604197979,2.7255022525787354,-0.2560431957244873,3.0045766830444336,-0.08062126487493515,496.5534362792969,328.4033508300781,279.00836181640625,-0.0018175026634708047,-0.056406036019325256,2.726276159286499,0.0,0.0,0.0,0,0
1786431208.7252417,10.859036272000594,TRACK,FLOW,/home/eunseop/nrs_imitation/checkpoints/flow/polishing/single_cam/20260809_1638,496.2904968261719,329.2906799316406,279.7096252441406,-0.0010773309040814638,-0.05674290657043457,2.725597381591797,-0.10891342163085938,1.33668851852417,0.7204535007476807,496.56964111328125,328.4267883300781,278.97515869140625,-0.0018839039839804173,-0.05633963644504547,2.7263426780700684,0.0,0.0,0.0,0,0
1786431208.7333992,10.86719365099998,TRACK,FLOW,/home/eunseop/nrs_imitation/checkpoints/flow/polishing/single_cam/20260809_1638,496.329345703125,329.2914123535156,279.6944885253906,-0.0012465283507481217,-0.05670567974448204,2.7256321907043457,0.28178924322128296,0.9200505018234253,0.720509946346283,496.5872802734375,328.4503173828125,278.94183349609375,-0.0019505739910528064,-0.0562729649245739,2.726409435272217,0.0,0.0,0.0,0,0
1786431208.7412286,10.875023041000532,TRACK,FLOW,/home/eunseop/nrs_imitation/checkpoints/flow/polishing/single_cam/20260809_1638,496.3994445800781,329.3082580566406,279.7145080566406,-0.0015000186394900084,-0.05668118968605995,2.7257258892059326,1.1606805324554443,2.203270435333252,1.0554181337356567,496.6063232421875,328.4739685058594,278.9083557128906,-0.0020175084937363863,-0.056206028908491135,2.7264764308929443,0.0,0.0,0.0,0,0
1786431208.7492268,10.8830213250003,TRACK,FLOW,/home/eunseop/nrs_imitation/checkpoints/flow/polishing/single_cam/20260809_1638,496.4638671875,329.406982421875,279.6954650878906,-0.0016695046797394753,-0.05681599676609039,2.7258198261260986,1.0929429531097412,2.180946111679077,1.920981526374817,496.6268310546875,328.49786376953125,278.874755859375,-0.0020847092382609844,-0.05613882839679718,2.726543664932251,0.0,0.0,0.0,0,0
1786431208.7572184,10.891012865999983,TRACK,FLOW,/home/eunseop/nrs_imitation/checkpoints/flow/polishing/single_cam/20260809_1638,496.4810791015625,329.457763671875,279.68170166015625,-0.0017694211564958096,-0.056760553270578384,2.7259390354156494,-0.08484053611755371,2.3769450187683105,1.8721855878829956,496.6487731933594,328.5220031738281,278.8410339355469,-0.0021521765738725662,-0.056071359664201736,2.7266111373901367,0.0,0.0,0.0,0,0
1786431208.765221,10.899015668000175,TRACK,FLOW,/home/eunseop/nrs_imitation/checkpoints/flow/polishing/single_cam/20260809_1638,496.4463806152344,329.48358154296875,279.62017822265625,-0.0017246362986043096,-0.05665156990289688,2.7260472774505615,-0.4871821701526642,2.201448440551758,1.2463182210922241,496.6721496582031,328.5463562011719,278.8071594238281,-0.0022199105005711317,-0.0560036264359951,2.7266788482666016,0.0,0.0,0.0,0,0
1786431208.7732391,10.907033649999903,TRACK,FLOW,/home/eunseop/nrs_imitation/checkpoints/flow/polishing/single_cam/20260809_1638,496.44097900390625,329.4877014160156,279.5599365234375,-0.0017760820919647813,-0.05650831013917923,2.7261433601379395,-1.493958830833435,2.445643186569214,1.0420829057693481,496.69696044921875,328.5709533691406,278.7731628417969,-0.002287911484017968,-0.05593562498688698,2.7267467975616455,0.0,0.0,0.0,0,0
1786431208.7812197,10.9150144310006,TRACK,FLOW,/home/eunseop/nrs_imitation/checkpoints/flow/polishing/single_cam/20260809_1638,496.4084167480469,329.5223083496094,279.522705078125,-0.0016670578625053167,-0.056454163044691086,2.7261805534362793,-0.9981659650802612,3.0717809200286865,0.5741696953773499,496.722412109375,328.5956115722656,278.7390441894531,-0.002356178592890501,-0.055867359042167664,2.7268149852752686,0.0,0.0,0.0,0,0
1786431208.7892358,10.923030167999968,TRACK,FLOW,/home/eunseop/nrs_imitation/checkpoints/flow/polishing/single_cam/20260809_1638,496.3967590332031,329.5283203125,279.5057067871094,-0.001693515689112246,-0.05640155076980591,2.726240396499634,-0.7713736891746521,3.579519748687744,0.3013538718223572,496.74853515625,328.6203308105469,278.70477294921875,-0.002424712525680661,-0.05579882487654686,2.7268834114074707,0.0,0.0,0.0,0,0
1786431208.797204,10.930998423999881,TRACK,FLOW,/home/eunseop/nrs_imitation/checkpoints/flow/polishing/single_cam/20260809_1638,496.4022521972656,329.5241394042969,279.47674560546875,-0.0016545380931347609,-0.056329645216464996,2.7262773513793945,-1.7177428007125854,2.53806734085083,1.4363478422164917,496.7752990722656,328.6451110839844,278.6703796386719,-0.002493513049557805,-0.05573002249002457,2.726952314376831,0.0,0.0,0.0,0,0
1786431208.8052113,10.939005866000116,TRACK,FLOW,/home/eunseop/nrs_imitation/checkpoints/flow/polishing/single_cam/20260809_1638,496.455078125,329.5677490234375,279.41253662109375,-0.0018203991930931807,-0.056219179183244705,2.7264204025268555,0.9768790602684021,1.2129392623901367,0.5159379839897156,496.8027038574219,328.669921875,278.6358337402344,-0.0025625803973525763,-0.05566095560789108,2.7270214557647705,0.0,0.0,0.0,0,0
1786431208.813194,10.946988460000284,TRACK,FLOW,/home/eunseop/nrs_imitation/checkpoints/flow/polishing/single_cam/20260809_1638,496.5417175292969,329.5662841796875,279.4557800292969,-0.0020763466600328684,-0.05626589059829712,2.726381778717041,1.4422410726547241,1.9107788801193237,1.455659031867981,496.8291320800781,328.695556640625,278.6011657714844,-0.0026319141034036875,-0.05559162050485611,2.727090835571289,0.0,0.0,0.0,0,0
1786431208.8212087,10.95500343599997,TRACK,FLOW,/home/eunseop/nrs_imitation/checkpoints/flow/polishing/single_cam/20260809_1638,496.6001892089844,329.60894775390625,279.40228271484375,-0.0021646965760737658,-0.05621844157576561,2.7264533042907715,0.8928489089012146,1.843166470527649,1.8068288564682007,496.8542785644531,328.72210693359375,278.5663757324219,-0.002701514633372426,-0.055522020906209946,2.7271604537963867,0.0,0.0,0.0,0,0
1786431208.8292139,10.963008532000458,TRACK,FLOW,/home/eunseop/nrs_imitation/checkpoints/flow/polishing/single_cam/20260809_1638,496.613525390625,329.6429748535156,279.35467529296875,-0.002258586697280407,-0.056050993502140045,2.7265727519989014,1.2659504413604736,1.7202718257904053,0.7438453435897827,496.8781433105469,328.74957275390625,278.53143310546875,-0.002771381987258792,-0.05545215308666229,2.7272303104400635,0.0,0.0,0.0,0,0
1786431208.8372173,10.97101193599974,TRACK,FLOW,/home/eunseop/nrs_imitation/checkpoints/flow/polishing/single_cam/20260809_1638,496.6119384765625,329.6661682128906,279.26361083984375,-0.002265587914735079,-0.0558960922062397,2.7266931533813477,-0.09746387600898743,2.5202126502990723,0.8571293354034424,496.9007568359375,328.7779541015625,278.4963684082031,-0.0028415159322321415,-0.05538202077150345,2.7273004055023193,0.0,0.0,0.0,0,0
1786431208.8451955,10.978990112000247,TRACK,FLOW,/home/eunseop/nrs_imitation/checkpoints/flow/polishing/single_cam/20260809_1638,496.5895690917969,329.6794738769531,279.2245178222656,-0.0021996016148477793,-0.055816687643527985,2.72668194770813,-0.41193854808807373,2.712202787399292,0.44873344898223877,496.9211730957031,328.8056640625,278.461181640625,-0.0029119164682924747,-0.055311620235443115,2.7273707389831543,0.0,0.0,0.0,0,0
1786431208.8532145,10.987008895000145,TRACK,FLOW,/home/eunseop/nrs_imitation/checkpoints/flow/polishing/single_cam/20260809_1638,496.5843200683594,329.6869201660156,279.17315673828125,-0.0021575104910880327,-0.05570764094591141,2.726755142211914,-1.5116113424301147,2.917374610900879,0.6041817665100098,496.9389343261719,328.8319091796875,278.42584228515625,-0.0029825835954397917,-0.05524095147848129,2.7274413108825684,0.0,0.0,0.0,0,0
1786431208.8612657,10.995060190000004,TRACK,FLOW,/home/eunseop/nrs_imitation/checkpoints/flow/polishing/single_cam/20260809_1638,496.5753479003906,329.73211669921875,279.1800231933594,-0.002079699421301484,-0.05577259883284569,2.7268154621124268,-1.1683905124664307,3.0869979858398438,0.7665378451347351,496.95404052734375,328.8567199707031,278.390380859375,-0.0030535184778273106,-0.05517001822590828,2.7275123596191406,0.0,0.0,0.0,0,0
1786431208.8692384,11.00303283500034,TRACK,FLOW,/home/eunseop/nrs_imitation/checkpoints/flow/polishing/single_cam/20260809_1638,496.6212158203125,329.73504638671875,279.1441650390625,-0.0021798554807901382,-0.05567857250571251,2.726839065551758,-1.4760059118270874,2.957984447479248,1.3116611242294312,496.966552734375,328.880126953125,278.3547668457031,-0.003124719951301813,-0.05509881675243378,2.727583646774292,0.0,0.0,0.0,0,0
1786431208.8772404,11.011034826000468,TRACK,FLOW,/home/eunseop/nrs_imitation/checkpoints/flow/polishing/single_cam/20260809_1638,496.64617919921875,329.79473876953125,279.1283264160156,-0.0023137868847697973,-0.055681683123111725,2.72700572013855,0.3321799039840698,1.3161906003952026,0.6312751770019531,496.9781799316406,328.9031677246094,278.31903076171875,-0.0031961873173713684,-0.055027350783348083,2.7276551723480225,0.0,0.0,0.0,0,0
1786431208.8852172,11.01901179900051,TRACK,FLOW,/home/eunseop/nrs_imitation/checkpoints/flow/polishing/single_cam/20260809_1638,496.7186584472656,329.79052734375,279.0956726074219,-0.0024962592869997025,-0.05556267499923706,2.727052688598633,0.40398043394088745,1.45700204372406,2.013840675354004,496.9905090332031,328.9268798828125,278.2831726074219,-0.0032679212745279074,-0.0549556165933609,2.727726936340332,0.0,0.0,0.0,0,0
1786431208.8939838,11.027778487999967,TRACK,FLOW,/home/eunseop/nrs_imitation/checkpoints/flow/polishing/single_cam/20260809_1638,496.7186584472656,329.79052734375,279.0956726074219,-0.0024962592869997025,-0.05556267499923706,2.727052688598633,0.40398043394088745,1.45700204372406,2.013840675354004,497.003662109375,328.9513244628906,278.2471618652344,-0.0033399472013115883,-0.05488359183073044,2.7277989387512207,0.0,0.0,0.0,0,0
1786431208.9012396,11.035034065999753,TRACK,FLOW,/home/eunseop/nrs_imitation/checkpoints/flow/polishing/single_cam/20260809_1638,496.8461608886719,329.8939514160156,279.0503845214844,-0.002781645627692342,-0.05559500679373741,2.727193832397461,1.9854260683059692,2.430128335952759,0.5324244499206543,497.0174255371094,328.976318359375,278.2110290527344,-0.003412214806303382,-0.054811324924230576,2.7278711795806885,0.0,0.0,0.0,0,0
1786431208.9092588,11.043053350000264,TRACK,FLOW,/home/eunseop/nrs_imitation/checkpoints/flow/polishing/single_cam/20260809_1638,496.8567199707031,329.9343566894531,278.99273681640625,-0.0028426270000636578,-0.05550398677587509,2.7272894382476807,-0.4295397996902466,1.267146110534668,0.578751266002655,497.0312805175781,329.002197265625,278.1747741699219,-0.00348474970087409,-0.054738789796829224,2.7279436588287354,0.0,0.0,0.0,0,0
1786431208.918035,11.051829507000548,TRACK,FLOW,/home/eunseop/nrs_imitation/checkpoints/flow/polishing/single_cam/20260809_1638,496.8567199707031,329.9343566894531,278.99273681640625,-0.0028426270000636578,-0.05550398677587509,2.7272894382476807,-0.4295397996902466,1.267146110534668,0.578751266002655,497.0439147949219,329.029541015625,278.13836669921875,-0.0035575772635638714,-0.05466596409678459,2.7280163764953613,0.0,0.0,0.0,0,0
1786431208.9252117,11.059006094000324,TRACK,FLOW,/home/eunseop/nrs_imitation/checkpoints/flow/polishing/single_cam/20260809_1638,496.8249816894531,329.9201354980469,278.8652648925781,-0.0027355016209185123,-0.05518083646893501,2.727351665496826,-1.107784628868103,3.382035970687866,0.1157885268330574,497.0555419921875,329.0580139160156,278.1018371582031,-0.0036306444089859724,-0.05459289625287056,2.7280893325805664,0.0,0.0,0.0,0,0
1786431208.9332595,11.067054193999866,TRACK,FLOW,/home/eunseop/nrs_imitation/checkpoints/flow/polishing/single_cam/20260809_1638,496.7938232421875,329.9773254394531,278.7979431152344,-0.002641470870003104,-0.055155277252197266,2.727400779724121,-2.549211263656616,2.979189157485962,0.5429322123527527,497.0660705566406,329.0877685546875,278.0651550292969,-0.0037039793096482754,-0.05451956018805504,2.7281627655029297,0.0,0.0,0.0,0,0
1786431208.941236,11.075030605999928,TRACK,FLOW,/home/eunseop/nrs_imitation/checkpoints/flow/polishing/single_cam/20260809_1638,496.828125,329.98944091796875,278.7829895019531,-0.0028396123088896275,-0.055103059858083725,2.727483034133911,-0.8062850832939148,1.272992491722107,1.4005309343338013,497.07513427734375,329.1184997558594,278.0283508300781,-0.003777580801397562,-0.054445959627628326,2.728236436843872,0.0,0.0,0.0,0,0
1786431208.9493704,11.083165001000452,TRACK,FLOW,/home/eunseop/nrs_imitation/checkpoints/flow/polishing/single_cam/20260809_1638,496.8402099609375,330.001220703125,278.7391662597656,-0.0029348069801926613,-0.05493559688329697,2.727602481842041,0.4751383364200592,2.3572404384613037,1.1056978702545166,497.08099365234375,329.14874267578125,277.9914245605469,-0.0038514507468789816,-0.054372090846300125,2.7283103466033936,0.0,0.0,0.0,0,0
1786431208.957247,11.091041620999931,TRACK,FLOW,/home/eunseop/nrs_imitation/checkpoints/flow/polishing/single_cam/20260809_1638,496.8751525878906,330.0901794433594,278.7314758300781,-0.0030869473703205585,-0.055005576461553574,2.7277560234069824,0.1974143534898758,2.4984073638916016,2.1596839427948,497.08367919921875,329.17852783203125,277.954345703125,-0.0039255861192941666,-0.054297953844070435,2.728384494781494,0.0,0.0,0.0,0,0
1786431208.965222,11.099016560000564,TRACK,FLOW,/home/eunseop/nrs_imitation/checkpoints/flow/polishing/single_cam/20260809_1638,496.9127502441406,330.1153259277344,278.7107238769531,-0.003191548166796565,-0.0549253486096859,2.7277438640594482,1.4558160305023193,2.0463032722473145,1.1414819955825806,497.0832214355469,329.20782470703125,277.9171447753906,-0.003999986685812473,-0.05422355234622955,2.728458881378174,0.0,0.0,0.0,0,0
1786431208.9733205,11.107115066000006,TRACK,FLOW,/home/eunseop/nrs_imitation/checkpoints/flow/polishing/single_cam/20260809_1638,496.9357604980469,330.142578125,278.7007141113281,-0.003349888836964965,-0.05483763664960861,2.7278504371643066,0.5174036622047424,1.2001750469207764,0.6910178661346436,497.0796813964844,329.2366638183594,277.87982177734375,-0.004074655473232269,-0.05414888262748718,2.7285335063934326,0.0,0.0,0.0,0,0
1786431208.9823084,11.116103020000082,TRACK,FLOW,/home/eunseop/nrs_imitation/checkpoints/flow/polishing/single_cam/20260809_1638,496.9276123046875,330.1242370605469,278.6169738769531,-0.003340743947774172,-0.05468781664967537,2.727839469909668,0.18827193975448608,1.9372203350067139,0.15228597819805145,497.07763671875,329.2646484375,277.84234619140625,-0.004149625543504953,-0.05407391116023064,2.7286083698272705,0.0,0.0,0.0,0,0
1786431208.9892154,11.12301005900008,TRACK,FLOW,/home/eunseop/nrs_imitation/checkpoints/flow/polishing/single_cam/20260809_1638,496.8743591308594,330.1981201171875,278.6104431152344,-0.003271868685260415,-0.054708242416381836,2.7279837131500244,-0.6026885509490967,3.165297031402588,0.13556891679763794,497.0767517089844,329.29193115234375,277.80474853515625,-0.004224826116114855,-0.053998708724975586,2.7286834716796875,0.0,0.0,0.0,0,0
1786431208.997236,11.131030556000042,TRACK,FLOW,/home/eunseop/nrs_imitation/checkpoints/flow/polishing/single_cam/20260809_1638,496.8353271484375,330.1460266113281,278.53668212890625,-0.00319655635394156,-0.05453974008560181,2.727997064590454,-1.7688071727752686,3.0277366638183594,0.12802480161190033,497.0771789550781,329.31842041015625,277.76702880859375,-0.004300293512642384,-0.053923241794109344,2.7287590503692627,0.0,0.0,0.0,0,0
1786431209.0052066,11.139000956000018,TRACK,FLOW,/home/eunseop/nrs_imitation/checkpoints/flow/polishing/single_cam/20260809_1638,496.82794189453125,330.1854248046875,278.53131103515625,-0.003200042759999633,-0.05448136851191521,2.728093147277832,-2.2641685009002686,1.7203470468521118,1.9716192483901978,497.07891845703125,329.3441467285156,277.7291564941406,-0.004376027267426252,-0.053847506642341614,2.728834867477417,0.0,0.0,0.0,0,0
1786431209.0132627,11.147057492000386,TRACK,FLOW,/home/eunseop/nrs_imitation/checkpoints/flow/polishing/single_cam/20260809_1638,496.85894775390625,330.2281799316406,278.5054016113281,-0.0034123186487704515,-0.05442161485552788,2.7282590866088867,-0.20383386313915253,2.517967462539673,0.9733542799949646,497.08197021484375,329.36895751953125,277.691162109375,-0.00445202924311161,-0.053771503269672394,2.7289109230041504,0.0,0.0,0.0,0,0
1786431209.0212739,11.15506834900043,TRACK,FLOW,/home/eunseop/nrs_imitation/checkpoints/flow/polishing/single_cam/20260809_1638,496.9324951171875,330.206787109375,278.4617919921875,-0.0037237543147057295,-0.05426492169499397,2.728280782699585,1.0626468658447266,2.393174648284912,0.9351961612701416,497.0863037109375,329.3928527832031,277.65301513671875,-0.004528298042714596,-0.05369523540139198,2.728987216949463,0.0,0.0,0.0,0,0
1786431209.0292442,11.163038800000322,TRACK,FLOW,/home/eunseop/nrs_imitation/checkpoints/flow/polishing/single_cam/20260809_1638,496.95263671875,330.2428283691406,278.4757080078125,-0.0038704045582562685,-0.054259043186903,2.728339195251465,0.5114052295684814,1.8091936111450195,2.0585527420043945,497.0919189453125,329.41583251953125,277.61474609375,-0.004604832734912634,-0.05361869931221008,2.7290637493133545,0.0,0.0,0.0,0,0
1786431209.037278,11.17107242200018,TRACK,FLOW,/home/eunseop/nrs_imitation/checkpoints/flow/polishing/single_cam/20260809_1638,496.9949035644531,330.3000183105469,278.4613342285156,-0.004038604907691479,-0.054222628474235535,2.728457450866699,1.0317304134368896,2.366175889968872,1.027740716934204,497.0987854003906,329.4378967285156,277.57635498046875,-0.004681633785367012,-0.05354189872741699,2.729140520095825,0.0,0.0,0.0,0,0
1786431209.0452442,11.179038633000346,TRACK,FLOW,/home/eunseop/nrs_imitation/checkpoints/flow/polishing/single_cam/20260809_1638,497.0041809082031,330.31048583984375,278.3626708984375,-0.004206181038171053,-0.05405190959572792,2.72855281829834,0.8186028003692627,2.5255930423736572,0.4856962561607361,497.1044006347656,329.4582214355469,277.5378112792969,-0.00475870119407773,-0.05346482992172241,2.729217529296875,0.0,0.0,0.0,0,0
1786431209.0532231,11.187017791000471,TRACK,FLOW,/home/eunseop/nrs_imitation/checkpoints/flow/polishing/single_cam/20260809_1638,496.9862365722656,330.34527587890625,278.342041015625,-0.004202020820230246,-0.054015591740608215,2.7286009788513184,-0.20801910758018494,2.3669774532318115,0.024603305384516716,497.1075744628906,329.4764099121094,277.4991455078125,-0.004836034961044788,-0.05338749662041664,2.729294776916504,0.0,0.0,0.0,0,0
1786431209.0613463,11.195140853999874,TRACK,FLOW,/home/eunseop/nrs_imitation/checkpoints/flow/polishing/single_cam/20260809_1638,496.93011474609375,330.37213134765625,278.3325500488281,-0.004145266022533178,-0.053952883929014206,2.7287449836730957,-1.4578914642333984,1.8771822452545166,0.5445337891578674,497.1082763671875,329.4924621582031,277.4603576660156,-0.004913636948913336,-0.05330989509820938,2.729372262954712,0.0,0.0,0.0,0,0
1786431209.0692782,11.203072870000142,TRACK,FLOW,/home/eunseop/nrs_imitation/checkpoints/flow/polishing/single_cam/20260809_1638,496.91461181640625,330.3617248535156,278.2214660644531,-0.004174018744379282,-0.05380227789282799,2.7288174629211426,-1.8348108530044556,2.280548095703125,1.6438400745391846,497.1065673828125,329.50640869140625,277.4214172363281,-0.004991505760699511,-0.05323202535510063,2.729450225830078,0.0,0.0,0.0,0,0
1786431209.077215,11.21100961600041,TRACK,FLOW,/home/eunseop/nrs_imitation/checkpoints/flow/polishing/single_cam/20260809_1638,496.9560852050781,330.4046630859375,278.19866943359375,-0.004326238762587309,-0.05377329885959625,2.7288284301757812,0.9868524670600891,2.621577501296997,-0.5367428660392761,497.103515625,329.5203552246094,277.3823547363281,-0.0050696395337581635,-0.05315389111638069,2.7295284271240234,0.0,0.0,0.0,0,0
1786431209.085301,11.219095557999935,TRACK,FLOW,/home/eunseop/nrs_imitation/checkpoints/flow/polishing/single_cam/20260809_1638,496.9615783691406,330.48101806640625,278.1728515625,-0.00441093510016799,-0.053726259618997574,2.7289950847625732,-1.309861660003662,1.4010132551193237,2.1529271602630615,497.10009765625,329.5362548828125,277.3431396484375,-0.005148041527718306,-0.05307548865675926,2.729606866836548,0.0,0.0,0.0,0,0
1786431209.0932844,11.227079013000548,TRACK,FLOW,/home/eunseop/nrs_imitation/checkpoints/flow/polishing/single_cam/20260809_1638,496.97314453125,330.53759765625,278.151123046875,-0.004532875493168831,-0.053812433034181595,2.729065179824829,-0.09811603277921677,2.0525553226470947,1.0295301675796509,497.0963134765625,329.5541076660156,277.3038024902344,-0.005226709879934788,-0.05299682170152664,2.7296855449676514,0.0,0.0,0.0,0,0
1786431209.1012974,11.235092105000149,TRACK,FLOW,/home/eunseop/nrs_imitation/checkpoints/flow/polishing/single_cam/20260809_1638,497.01129150390625,330.63189697265625,278.15179443359375,-0.004765284713357687,-0.05389385670423508,2.729217767715454,1.4574421644210815,2.65201473236084,0.3993450105190277,497.0921936035156,329.5738830566406,277.26434326171875,-0.00530564459040761,-0.05291788652539253,2.729764461517334,0.0,0.0,0.0,0,0
1786431209.1091888,11.24298334300056,TRACK,FLOW,/home/eunseop/nrs_imitation/checkpoints/flow/polishing/single_cam/20260809_1638,497.0205383300781,330.640869140625,278.08575439453125,-0.004843474831432104,-0.053697001188993454,2.729302167892456,0.2567766308784485,1.776275873184204,1.3064968585968018,497.0889587402344,329.5953063964844,277.2247314453125,-0.0053848447278141975,-0.05283868685364723,2.7298436164855957,0.0,0.0,0.0,0,0
1786431209.1173005,11.25109511499977,TRACK,FLOW,/home/eunseop/nrs_imitation/checkpoints/flow/polishing/single_cam/20260809_1638,497.0154113769531,330.6227722167969,277.9948425292969,-0.004938067868351936,-0.05352827534079552,2.7293739318847656,0.337539941072464,2.2773828506469727,0.840549647808075,497.0890197753906,329.6178283691406,277.18499755859375,-0.005464313086122274,-0.05275921896100044,2.7299230098724365,0.0,0.0,0.0,0,0
1786431209.1253924,11.259187008000481,TRACK,FLOW,/home/eunseop/nrs_imitation/checkpoints/flow/polishing/single_cam/20260809_1638,497.0142822265625,330.6784973144531,277.97137451171875,-0.00499118072912097,-0.05345998704433441,2.7294578552246094,0.5387170910835266,2.6282801628112793,-0.6255682706832886,497.0923767089844,329.6414794921875,277.1451416015625,-0.0055440496653318405,-0.052679482847452164,2.7300026416778564,0.0,0.0,0.0,0,0
1786431209.1332593,11.267053909999959,TRACK,FLOW,/home/eunseop/nrs_imitation/checkpoints/flow/polishing/single_cam/20260809_1638,496.99560546875,330.638916015625,277.87994384765625,-0.005008686799556017,-0.05322087183594704,2.7295069694519043,-1.1035469770431519,2.3001575469970703,1.4710392951965332,497.09893798828125,329.6662292480469,277.1051330566406,-0.005624050740152597,-0.052599482238292694,2.7300827503204346,0.0,0.0,0.0,0,0
1786431209.1412091,11.275003530000504,TRACK,FLOW,/home/eunseop/nrs_imitation/checkpoints/flow/polishing/single_cam/20260809_1638,496.96435546875,330.7081298828125,277.8914794921875,-0.005039493087679148,-0.05328138917684555,2.7296736240386963,-0.7099969983100891,3.3425400257110596,0.051449671387672424,497.1076965332031,329.6916809082031,277.06500244140625,-0.005704318173229694,-0.052519213408231735,2.730163097381592,0.0,0.0,0.0,0,0
1786431209.1492774,11.283071968000513,TRACK,FLOW,/home/eunseop/nrs_imitation/checkpoints/flow/polishing/single_cam/20260809_1638,496.9373779296875,330.7125244140625,277.8441467285156,-0.004959011450409889,-0.05320983752608299,2.7296385765075684,-1.1485035419464111,3.200798749923706,0.10697714239358902,497.1138916015625,329.7159423828125,277.0247497558594,-0.005784852895885706,-0.052438680082559586,2.730243682861328,0.0,0.0,0.0,0,0
1786431209.1573129,11.291107514000032,TRACK,FLOW,/home/eunseop/nrs_imitation/checkpoints/flow/polishing/single_cam/20260809_1638,496.9446105957031,330.6854553222656,277.8409423828125,-0.004980284720659256,-0.053178489208221436,2.7296032905578613,-1.274644136428833,2.4587864875793457,0.8346031308174133,497.1175537109375,329.7390441894531,276.9843444824219,-0.005865654442459345,-0.05235787853598595,2.7303245067596436,0.0,0.0,0.0,0,0
1786431209.165267,11.299061392000112,TRACK,FLOW,/home/eunseop/nrs_imitation/checkpoints/flow/polishing/single_cam/20260809_1638,496.990234375,330.66864013671875,277.86065673828125,-0.005078834015876055,-0.053181108087301254,2.7295663356781006,-0.33653995394706726,2.0708577632904053,2.0296471118927,497.11871337890625,329.7610168457031,276.9438171386719,-0.005946722812950611,-0.05227680876851082,2.730405569076538,0.0,0.0,0.0,0,0
1786431209.1732595,11.307054134999817,TRACK,FLOW,/home/eunseop/nrs_imitation/checkpoints/flow/polishing/single_cam/20260809_1638,497.0201416015625,330.68408203125,277.8247375488281,-0.00533642154186964,-0.05313370004296303,2.7296950817108154,2.493375778198242,1.7489237785339355,0.07791624218225479,497.117431640625,329.7818603515625,276.90313720703125,-0.00602805707603693,-0.0521954745054245,2.7304868698120117,0.0,0.0,0.0,0,0
1786431209.1812034,11.314997874000255,TRACK,FLOW,/home/eunseop/nrs_imitation/checkpoints/flow/polishing/single_cam/20260809_1638,497.0072937011719,330.6872863769531,277.8468933105469,-0.005413270089775324,-0.053070683032274246,2.729754686355591,0.5564272403717041,1.6254042387008667,1.4652453660964966,497.118408203125,329.80108642578125,276.8623352050781,-0.006109657697379589,-0.05211387574672699,2.7305684089660645,0.0,0.0,0.0,0,0
1786431209.189719,11.32351362100053,TRACK,FLOW,/home/eunseop/nrs_imitation/checkpoints/flow/polishing/single_cam/20260809_1638,497.0072937011719,330.6872863769531,277.8468933105469,-0.005413270089775324,-0.053070683032274246,2.729754686355591,0.5564272403717041,1.6254042387008667,1.4652453660964966,497.12176513671875,329.8186340332031,276.8213806152344,-0.006191541440784931,-0.0520319901406765,2.7306501865386963,0.0,0.0,0.0,0,0
1786431209.1973612,11.331155810999917,TRACK,FLOW,/home/eunseop/nrs_imitation/checkpoints/flow/polishing/single_cam/20260809_1638,497.0096130371094,330.6882019042969,277.73687744140625,-0.005468022543936968,-0.05283006280660629,2.729875087738037,-0.011071473360061646,2.810096502304077,0.551584780216217,497.127197265625,329.834716796875,276.7803039550781,-0.006273677106946707,-0.05194985494017601,2.7307324409484863,0.0,0.0,0.0,0,0
1786431209.2052367,11.3390314090002,TRACK,FLOW,/home/eunseop/nrs_imitation/checkpoints/flow/polishing/single_cam/20260809_1638,496.9890441894531,330.74261474609375,277.6982116699219,-0.005554447416216135,-0.052820734679698944,2.730029821395874,-1.3026275634765625,2.1944739818573,2.886669635772705,497.13482666015625,329.8492431640625,276.7391052246094,-0.006356078200042248,-0.05186745524406433,2.7308149337768555,0.0,0.0,0.0,0,0
1786431209.213269,11.347063648000585,TRACK,FLOW,/home/eunseop/nrs_imitation/checkpoints/flow/polishing/single_cam/20260809_1638,496.99481201171875,330.7279357910156,277.6552429199219,-0.005698408931493759,-0.05260557681322098,2.7301015853881836,0.3212141990661621,2.206995964050293,0.6029966473579407,497.14483642578125,329.8641662597656,276.6977844238281,-0.006438746582716703,-0.05178478732705116,2.7308976650238037,0.0,0.0,0.0,0,0
1786431209.2212167,11.35501145499984,TRACK,FLOW,/home/eunseop/nrs_imitation/checkpoints/flow/polishing/single_cam/20260809_1638,497.014404296875,330.781494140625,277.56427001953125,-0.0058749280869960785,-0.052450619637966156,2.7302799224853516,-0.725411593914032,1.640378475189209,1.6543773412704468,497.1571960449219,329.87982177734375,276.65631103515625,-0.0065216803923249245,-0.051701854914426804,2.730980634689331,0.0,0.0,0.0,0,0
1786431209.2292063,11.363000821999776,TRACK,FLOW,/home/eunseop/nrs_imitation/checkpoints/flow/polishing/single_cam/20260809_1638,496.9998474121094,330.8003845214844,277.4562072753906,-0.005871410481631756,-0.052279189229011536,2.7303404808044434,-0.8101063370704651,2.5081021785736084,1.8765314817428589,497.17193603515625,329.8962097167969,276.6147155761719,-0.006604881025850773,-0.051618654280900955,2.7310638427734375,0.0,0.0,0.0,0,0
1786431209.2371953,11.37098973800039,TRACK,FLOW,/home/eunseop/nrs_imitation/checkpoints/flow/polishing/single_cam/20260809_1638,497.0195007324219,330.867919921875,277.42535400390625,-0.005994531791657209,-0.052231352776288986,2.7304952144622803,0.1708248257637024,3.415937900543213,0.7208815217018127,497.1889953613281,329.913330078125,276.5729675292969,-0.006688348017632961,-0.05153518542647362,2.731147289276123,0.0,0.0,0.0,0,0
1786431209.245358,11.37915271700058,TRACK,FLOW,/home/eunseop/nrs_imitation/checkpoints/flow/polishing/single_cam/20260809_1638,497.0052795410156,330.888427734375,277.3566589355469,-0.006047599948942661,-0.05202757194638252,2.730531692504883,-0.29463863372802734,2.688016653060913,1.3045508861541748,497.20367431640625,329.9307861328125,276.5310974121094,-0.006772083695977926,-0.05145144835114479,2.7312309741973877,0.0,0.0,0.0,0,0
1786431209.253199,11.386993559000075,TRACK,FLOW,/home/eunseop/nrs_imitation/checkpoints/flow/polishing/single_cam/20260809_1638,497.0125427246094,330.935791015625,277.3143310546875,-0.006134057883173227,-0.05198070779442787,2.7306745052337646,-0.03597036749124527,2.064317464828491,0.6175869107246399,497.2137145996094,329.9483337402344,276.4891052246094,-0.006856084335595369,-0.05136744678020477,2.7313148975372314,0.0,0.0,0.0,0,0
1786431209.2612035,11.394997864000288,TRACK,FLOW,/home/eunseop/nrs_imitation/checkpoints/flow/polishing/single_cam/20260809_1638,497.02044677734375,330.8997802734375,277.2196960449219,-0.006232470739632845,-0.051714397966861725,2.7307827472686768,0.839418351650238,1.974036693572998,-0.28567615151405334,497.21917724609375,329.96600341796875,276.44696044921875,-0.0069403513334691525,-0.051283180713653564,2.7313990592956543,0.0,0.0,0.0,0,0
1786431209.2692041,11.402998723000564,TRACK,FLOW,/home/eunseop/nrs_imitation/checkpoints/flow/polishing/single_cam/20260809_1638,496.99395751953125,330.9398498535156,277.14794921875,-0.006276164203882217,-0.051595538854599,2.730902671813965,0.008863581344485283,1.79723060131073,0.2096678763628006,497.2200927734375,329.9837646484375,276.4046936035156,-0.007024885155260563,-0.05119864642620087,2.7314836978912354,0.0,0.0,0.0,0,0
1786431209.2772217,11.411016213000039,TRACK,FLOW,/home/eunseop/nrs_imitation/checkpoints/flow/polishing/single_cam/20260809_1638,496.98736572265625,330.9759521484375,277.1476135253906,-0.0062652407214045525,-0.0516793355345726,2.7309505939483643,-0.7316421866416931,2.5081310272216797,-0.21105627715587616,497.220458984375,330.0009460449219,276.3623046875,-0.007109685800969601,-0.05111384764313698,2.7315685749053955,0.0,0.0,0.0,0,0
1786431209.285231,11.419025688000147,TRACK,FLOW,/home/eunseop/nrs_imitation/checkpoints/flow/polishing/single_cam/20260809_1638,496.98419189453125,330.9677429199219,277.1083679199219,-0.006244400050491095,-0.05157531797885895,2.7309391498565674,-0.17193254828453064,2.950747013092041,0.019863422960042953,497.2240905761719,330.01690673828125,276.31976318359375,-0.007194753270596266,-0.0510287806391716,2.7316536903381348,0.0,0.0,0.0,0,0
1786431209.2932405,11.427035114000319,TRACK,FLOW,/home/eunseop/nrs_imitation/checkpoints/flow/polishing/single_cam/20260809_1638,497.0050964355469,331.0052795410156,277.1414794921875,-0.006332537159323692,-0.05169939622282982,2.730973482131958,-1.1626368761062622,2.8581387996673584,1.0397694110870361,497.2309875488281,330.0316467285156,276.277099609375,-0.007280087564140558,-0.05094344541430473,2.731739044189453,0.0,0.0,0.0,0,0
1786431209.301214,11.435008528999788,TRACK,FLOW,/home/eunseop/nrs_imitation/checkpoints/flow/polishing/single_cam/20260809_1638,497.03985595703125,331.02423095703125,277.18109130859375,-0.006398080848157406,-0.05181507393717766,2.7309482097625732,-1.0949046611785889,1.702265977859497,1.8336052894592285,497.2410888671875,330.045166015625,276.23431396484375,-0.007365688215941191,-0.050857845693826675,2.7318246364593506,0.0,0.0,0.0,0,0
1786431209.309223,11.443017564000002,TRACK,FLOW,/home/eunseop/nrs_imitation/checkpoints/flow/polishing/single_cam/20260809_1638,497.0595703125,331.0404357910156,277.12176513671875,-0.006572751794010401,-0.05171949788928032,2.731114387512207,1.516102910041809,1.1993902921676636,1.1928746700286865,497.2521057128906,330.05755615234375,276.1913757324219,-0.0074515556916594505,-0.05077197775244713,2.731910467147827,0.0,0.0,0.0,0,0
1786431209.3172164,11.451011038000615,TRACK,FLOW,/home/eunseop/nrs_imitation/checkpoints/flow/polishing/single_cam/20260809_1638,497.1165466308594,331.1013488769531,277.1565856933594,-0.006809542886912823,-0.05183785408735275,2.7312068939208984,-0.25846564769744873,1.8139183521270752,2.249492883682251,497.2596130371094,330.0689392089844,276.1483154296875,-0.00753768952563405,-0.05068584531545639,2.731996536254883,0.0,0.0,0.0,0,0
1786431209.3252506,11.459045211000557,TRACK,FLOW,/home/eunseop/nrs_imitation/checkpoints/flow/polishing/single_cam/20260809_1638,497.1085510253906,331.14593505859375,277.08404541015625,-0.006850020959973335,-0.05177806690335274,2.7313270568847656,0.20147037506103516,1.9437057971954346,2.274221181869507,497.26361083984375,330.0793151855469,276.1051025390625,-0.007624091114848852,-0.05059944465756416,2.7320828437805176,0.0,0.0,0.0,0,0
1786431209.3332574,11.467051981000623,TRACK,FLOW,/home/eunseop/nrs_imitation/checkpoints/flow/polishing/single_cam/20260809_1638,497.1287841796875,331.1705627441406,277.0245666503906,-0.0069828517735004425,-0.05164552852511406,2.7313973903656006,1.1530263423919678,2.4770665168762207,0.32081907987594604,497.2641296386719,330.08868408203125,276.061767578125,-0.007710759527981281,-0.05051277577877045,2.7321696281433105,0.0,0.0,0.0,0,0
1786431209.3412352,11.47502967499986,TRACK,FLOW,/home/eunseop/nrs_imitation/checkpoints/flow/polishing/single_cam/20260809_1638,497.1282653808594,331.2014465332031,276.9469299316406,-0.007010994479060173,-0.05145987123250961,2.7315425872802734,0.4672698974609375,2.6841442584991455,0.14829955995082855,497.26141357421875,330.0968322753906,276.018310546875,-0.00779769429937005,-0.05042584240436554,2.7322566509246826,0.0,0.0,0.0,0,0
1786431209.3492796,11.483074348000628,TRACK,FLOW,/home/eunseop/nrs_imitation/checkpoints/flow/polishing/single_cam/20260809_1638,497.0849914550781,331.1802062988281,276.8487548828125,-0.006888582371175289,-0.05127782002091408,2.7315452098846436,-0.8763828873634338,2.0498008728027344,1.0119637250900269,497.2563171386719,330.1027526855469,275.9747009277344,-0.007884896360337734,-0.05033864080905914,2.732343912124634,0.0,0.0,0.0,0,0
1786431209.3572614,11.491055749000225,TRACK,FLOW,/home/eunseop/nrs_imitation/checkpoints/flow/polishing/single_cam/20260809_1638,497.09600830078125,331.1792297363281,276.8278503417969,-0.006966930348426104,-0.051214754581451416,2.7315680980682373,0.06362584233283997,2.930116653442383,-0.9953811764717102,497.2489013671875,330.1064453125,275.93096923828125,-0.00797236431390047,-0.05025117099285126,2.732431411743164,0.0,0.0,0.0,0,0
1786431209.3652396,11.499034205000498,TRACK,FLOW,/home/eunseop/nrs_imitation/checkpoints/flow/polishing/single_cam/20260809_1638,497.0772399902344,331.2118225097656,276.76617431640625,-0.006883296649903059,-0.05116744711995125,2.731677293777466,-1.9388914108276367,2.380394220352173,1.6515549421310425,497.2391662597656,330.1079406738281,275.8871154785156,-0.008060099557042122,-0.05016343668103218,2.7325191497802734,0.0,0.0,0.0,0,0
1786431209.3732271,11.507021526999779,TRACK,FLOW,/home/eunseop/nrs_imitation/checkpoints/flow/polishing/single_cam/20260809_1638,497.1097717285156,331.17510986328125,276.698974609375,-0.007038943935185671,-0.05096708610653877,2.731748580932617,0.7552255988121033,2.0383920669555664,0.5842038989067078,497.2271423339844,330.1072998046875,275.8431091308594,-0.008148100227117538,-0.050075434148311615,2.732607126235962,0.0,0.0,0.0,0,0
1786431209.3812325,11.515026885000225,TRACK,FLOW,/home/eunseop/nrs_imitation/checkpoints/flow/polishing/single_cam/20260809_1638,497.17022705078125,331.19329833984375,276.66900634765625,-0.0073555693961679935,-0.05092313513159752,2.7318170070648193,0.3978996276855469,1.9724394083023071,1.7549042701721191,497.2165222167969,330.10748291015625,275.7989807128906,-0.00823636818677187,-0.04998716711997986,2.7326953411102295,0.0,0.0,0.0,0,0
1786431209.3892193,11.523013856000034,TRACK,FLOW,/home/eunseop/nrs_imitation/checkpoints/flow/polishing/single_cam/20260809_1638,497.1739807128906,331.224609375,276.6593322753906,-0.007524663582444191,-0.05092397332191467,2.7319109439849854,-0.13358564674854279,2.190396547317505,1.6179407835006714,497.2073059082031,330.1084899902344,275.75469970703125,-0.008324902504682541,-0.04989863187074661,2.732783794403076,0.0,0.0,0.0,0,0
1786431209.3972228,11.531017230000543,TRACK,FLOW,/home/eunseop/nrs_imitation/checkpoints/flow/polishing/single_cam/20260809_1638,497.1935729980469,331.2361755371094,276.5966796875,-0.007694573607295752,-0.05075376480817795,2.732041358947754,0.7782944440841675,1.6674400568008423,0.568157434463501,497.199462890625,330.1103210449219,275.7102966308594,-0.008413703180849552,-0.049809832125902176,2.732872486114502,0.0,0.0,0.0,0,0
1786431209.4052143,11.539008751000438,TRACK,FLOW,/home/eunseop/nrs_imitation/checkpoints/flow/polishing/single_cam/20260809_1638,497.2093200683594,331.2373046875,276.5394592285156,-0.007835233584046364,-0.05059923604130745,2.7321243286132812,0.08423814177513123,1.7138035297393799,1.5021716356277466,497.1929931640625,330.11297607421875,275.665771484375,-0.008502770215272903,-0.04972076416015625,2.732961654663086,0.0,0.0,0.0,0,0
1786431209.4132044,11.546999009000501,TRACK,FLOW,/home/eunseop/nrs_imitation/checkpoints/flow/polishing/single_cam/20260809_1638,497.1972351074219,331.2232666015625,276.5122985839844,-0.007929898798465729,-0.05052880942821503,2.7322676181793213,0.42930319905281067,2.6908860206604004,-0.16867242753505707,497.1885986328125,330.1175231933594,275.62109375,-0.008592103607952595,-0.04963143169879913,2.733051061630249,0.0,0.0,0.0,0,0
1786431209.4212332,11.555027862000316,TRACK,FLOW,/home/eunseop/nrs_imitation/checkpoints/flow/polishing/single_cam/20260809_1638,497.1717529296875,331.2254638671875,276.4584045410156,-0.00788782723248005,-0.050456613302230835,2.7322804927825928,-2.107808828353882,2.0456082820892334,0.9016774296760559,497.1863708496094,330.1241760253906,275.5762939453125,-0.0086817042902112,-0.04954183101654053,2.733140707015991,0.0,0.0,0.0,0,0
1786431209.4292622,11.563056633000087,TRACK,FLOW,/home/eunseop/nrs_imitation/checkpoints/flow/polishing/single_cam/20260809_1638,497.1273498535156,331.20428466796875,276.399658203125,-0.007830935530364513,-0.05025682970881462,2.732306480407715,-2.4180564880371094,2.636690139770508,1.1878716945648193,497.18634033203125,330.1329040527344,275.5313720703125,-0.008771572262048721,-0.04945196211338043,2.7332305908203125,0.0,0.0,0.0,0,0
1786431209.4372463,11.571040790000552,TRACK,FLOW,/home/eunseop/nrs_imitation/checkpoints/flow/polishing/single_cam/20260809_1638,497.126953125,331.19775390625,276.32611083984375,-0.007846822030842304,-0.05011528730392456,2.7323668003082275,-0.4630415737628937,3.458653211593628,1.596068024635315,497.1884460449219,330.1436767578125,275.4862976074219,-0.008861706592142582,-0.049361828714609146,2.733320713043213,0.0,0.0,0.0,0,0
1786431209.4452317,11.57902619900051,TRACK,FLOW,/home/eunseop/nrs_imitation/checkpoints/flow/polishing/single_cam/20260809_1638,497.1800537109375,331.1726989746094,276.3026428222656,-0.008136971853673458,-0.050050802528858185,2.7324719429016113,1.4047656059265137,2.3081066608428955,1.3642210960388184,497.1913757324219,330.1532287597656,275.44110107421875,-0.008952108211815357,-0.04927142709493637,2.7334110736846924,0.0,0.0,0.0,0,0
1786431209.4532387,11.587033280000469,TRACK,FLOW,/home/eunseop/nrs_imitation/checkpoints/flow/polishing/single_cam/20260809_1638,497.17486572265625,331.1634521484375,276.28192138671875,-0.008316811174154282,-0.04993179813027382,2.732614278793335,0.6012986898422241,1.7344601154327393,1.1035120487213135,497.1944885253906,330.1600036621094,275.395751953125,-0.009042776189744473,-0.049180757254362106,2.733501672744751,0.0,0.0,0.0,0,0
1786431209.4622788,11.596073514000636,TRACK,FLOW,/home/eunseop/nrs_imitation/checkpoints/flow/polishing/single_cam/20260809_1638,497.17486572265625,331.1634521484375,276.28192138671875,-0.008316811174154282,-0.04993179813027382,2.732614278793335,0.6012986898422241,1.7344601154327393,1.1035120487213135,497.19781494140625,330.1636962890625,275.35028076171875,-0.009133744984865189,-0.049089789390563965,2.7335927486419678,0.0,0.0,0.0,0,0
1786431209.4692488,11.6030434230006,TRACK,FLOW,/home/eunseop/nrs_imitation/checkpoints/flow/polishing/single_cam/20260809_1638,497.13470458984375,331.1453857421875,276.11614990234375,-0.008489029482007027,-0.049566905945539474,2.7328295707702637,0.9811849594116211,2.1141719818115234,0.484082967042923,497.2012939453125,330.1650085449219,275.3046875,-0.009224946610629559,-0.04899858683347702,2.7336840629577637,0.0,0.0,0.0,0,0
1786431209.4772463,11.611040745000537,TRACK,FLOW,/home/eunseop/nrs_imitation/checkpoints/flow/polishing/single_cam/20260809_1638,497.10076904296875,331.1493225097656,276.0350036621094,-0.00857467669993639,-0.0493493415415287,2.7330214977264404,0.4351766109466553,2.3005788326263428,0.7082797884941101,497.2037658691406,330.16534423828125,275.2589416503906,-0.009316414594650269,-0.048907119780778885,2.7337756156921387,0.0,0.0,0.0,0,0
1786431209.485222,11.619016636000197,TRACK,FLOW,/home/eunseop/nrs_imitation/checkpoints/flow/polishing/single_cam/20260809_1638,497.04864501953125,331.1372985839844,275.9712829589844,-0.008528250269591808,-0.049202293157577515,2.7330827713012695,-0.8428846597671509,2.282705307006836,0.48115023970603943,497.2041320800781,330.1663513183594,275.21307373046875,-0.009408148936927319,-0.04881538450717926,2.7338674068450928,0.0,0.0,0.0,0,0
1786431209.4932063,11.627000823000344,TRACK,FLOW,/home/eunseop/nrs_imitation/checkpoints/flow/polishing/single_cam/20260809_1638,497.00714111328125,331.12078857421875,275.8788757324219,-0.008521580137312412,-0.04895758628845215,2.7331318855285645,-1.4831318855285645,2.3935835361480713,0.5892614722251892,497.2023620605469,330.16802978515625,275.1670837402344,-0.009500149637460709,-0.048723384737968445,2.733959436416626,0.0,0.0,0.0,0,0
1786431209.5013783,11.63517291000062,TRACK,FLOW,/home/eunseop/nrs_imitation/checkpoints/flow/polishing/single_cam/20260809_1638,497.0314025878906,331.11865234375,275.8489074707031,-0.00859715137630701,-0.048954322934150696,2.7331669330596924,-1.761149525642395,2.687835693359375,1.3802696466445923,497.1985168457031,330.17041015625,275.1209411621094,-0.009591815993189812,-0.04863111302256584,2.7340517044067383,0.0,0.0,0.0,0,0
1786431209.5093522,11.64314697700047,TRACK,FLOW,/home/eunseop/nrs_imitation/checkpoints/flow/polishing/single_cam/20260809_1638,497.04254150390625,331.1657409667969,275.8149719238281,-0.008735564537346363,-0.04893440753221512,2.7332611083984375,0.04925684630870819,3.03288197517395,0.5815554261207581,497.1940002441406,330.1732482910156,275.0746765136719,-0.009679737500846386,-0.04853857681155205,2.7341442108154297,0.0,0.0,0.0,0,0
1786431209.5172474,11.65104217299995,TRACK,FLOW,/home/eunseop/nrs_imitation/checkpoints/flow/polishing/single_cam/20260809_1638,497.0120849609375,331.1499328613281,275.7661437988281,-0.008815205655992031,-0.04873786121606827,2.733429193496704,-0.7848238348960876,1.8187601566314697,2.0551438331604004,497.1914367675781,330.1761779785156,275.0282897949219,-0.009757760912179947,-0.04844577610492706,2.7342369556427,0.0,0.0,0.0,0,0
1786431209.525348,11.659142452000196,TRACK,FLOW,/home/eunseop/nrs_imitation/checkpoints/flow/polishing/single_cam/20260809_1638,497.0721740722656,331.1917724609375,275.763671875,-0.009080573916435242,-0.04880228266119957,2.7335457801818848,0.7023510932922363,2.096684694290161,2.0181610584259033,497.1908264160156,330.1792297363281,274.98175048828125,-0.009825927205383778,-0.04835270717740059,2.73432993888855,0.0,0.0,0.0,0,0
1786431209.5332232,11.667017689999739,TRACK,FLOW,/home/eunseop/nrs_imitation/checkpoints/flow/polishing/single_cam/20260809_1638,497.09039306640625,331.20977783203125,275.7488098144531,-0.00920053943991661,-0.04881259799003601,2.733628511428833,2.230520725250244,2.9008333683013916,0.3079647123813629,497.192138671875,330.182373046875,274.9350891113281,-0.009884427301585674,-0.048259373754262924,2.7344231605529785,0.0,0.0,0.0,0,0
1786431209.5413547,11.675149540000348,TRACK,FLOW,/home/eunseop/nrs_imitation/checkpoints/flow/polishing/single_cam/20260809_1638,497.0966796875,331.2168884277344,275.6865234375,-0.009284621104598045,-0.04872678965330124,2.7336761951446533,0.5575082302093506,2.3089792728424072,1.0876622200012207,497.19464111328125,330.1851806640625,274.8882751464844,-0.009934495203197002,-0.04816577211022377,2.7345168590545654,0.0,0.0,0.0,0,0
1786431209.5493662,11.683160819000477,TRACK,FLOW,/home/eunseop/nrs_imitation/checkpoints/flow/polishing/single_cam/20260809_1638,497.09716796875,331.19921875,275.6659851074219,-0.009368550032377243,-0.04860399290919304,2.7337594032287598,0.25299277901649475,1.8297861814498901,0.24491055309772491,497.1949157714844,330.185546875,274.8413391113281,-0.009982015937566757,-0.04807190224528313,2.7346107959747314,0.0,0.0,0.0,0,0
1786431209.557225,11.691019433999827,TRACK,FLOW,/home/eunseop/nrs_imitation/checkpoints/flow/polishing/single_cam/20260809_1638,497.0719299316406,331.19439697265625,275.6378173828125,-0.009341927245259285,-0.04852430149912834,2.7338199615478516,-0.3435235023498535,2.6342356204986572,0.015221486799418926,497.1929931640625,330.1835632324219,274.7942810058594,-0.010027030482888222,-0.04797776788473129,2.7347049713134766,0.0,0.0,0.0,0,0
1786431209.5652041,11.69899880200046,TRACK,FLOW,/home/eunseop/nrs_imitation/checkpoints/flow/polishing/single_cam/20260809_1638,497.03857421875,331.2008972167969,275.60595703125,-0.009230413474142551,-0.04852891340851784,2.7338333129882812,-1.5587152242660522,3.258946418762207,1.0839213132858276,497.18890380859375,330.17919921875,274.7470703125,-0.010069549083709717,-0.04788336902856827,2.734799385070801,0.0,0.0,0.0,0,0
1786431209.573232,11.707026361999851,TRACK,FLOW,/home/eunseop/nrs_imitation/checkpoints/flow/polishing/single_cam/20260809_1638,497.0603332519531,331.18701171875,275.5489807128906,-0.009305695071816444,-0.04839121922850609,2.7338695526123047,-1.3417452573776245,2.79524827003479,1.6703892946243286,497.1826477050781,330.1725158691406,274.6997375488281,-0.010109582915902138,-0.047788701951503754,2.734894037246704,0.0,0.0,0.0,0,0
1786431209.5811944,11.714989047000017,TRACK,FLOW,/home/eunseop/nrs_imitation/checkpoints/flow/polishing/single_cam/20260809_1638,497.0372009277344,331.2091369628906,275.4980773925781,-0.009383965283632278,-0.04833031818270683,2.7339999675750732,0.5421481728553772,1.5700173377990723,1.4928832054138184,497.1769104003906,330.1672058105469,274.65228271484375,-0.010145408101379871,-0.04769376665353775,2.7349889278411865,0.0,0.0,0.0,0,0
1786431209.5893798,11.72317449000002,TRACK,FLOW,/home/eunseop/nrs_imitation/checkpoints/flow/polishing/single_cam/20260809_1638,497.0632629394531,331.1878967285156,275.4921875,-0.009585567750036716,-0.04831431806087494,2.734081268310547,0.6618986129760742,2.362516403198242,1.4151713848114014,497.17169189453125,330.16326904296875,274.60467529296875,-0.010177042335271835,-0.04759856313467026,2.735084056854248,0.0,0.0,0.0,0,0
1786431209.5986965,11.73249109400058,TRACK,FLOW,/home/eunseop/nrs_imitation/checkpoints/flow/polishing/single_cam/20260809_1638,497.0632629394531,331.1878967285156,275.4921875,-0.009585567750036716,-0.04831431806087494,2.734081268310547,0.6618986129760742,2.362516403198242,1.4151713848114014,497.16705322265625,330.1609191894531,274.5569152832031,-0.010203867219388485,-0.047503046691417694,2.7351796627044678,0.0,0.0,0.0,0,0
1786431209.6052322,11.73902679999992,TRACK,FLOW,/home/eunseop/nrs_imitation/checkpoints/flow/polishing/single_cam/20260809_1638,497.0680847167969,331.2308349609375,275.4035949707031,-0.00979400984942913,-0.04814368858933449,2.734379768371582,0.6559454798698425,2.263185739517212,0.9424757957458496,497.162841796875,330.15966796875,274.509033203125,-0.010227312333881855,-0.04740731418132782,2.7352755069732666,0.0,0.0,0.0,0,0
1786431209.6133163,11.74711096900046,TRACK,FLOW,/home/eunseop/nrs_imitation/checkpoints/flow/polishing/single_cam/20260809_1638,497.08392333984375,331.2520446777344,275.32379150390625,-0.009887508116662502,-0.0480363704264164,2.7345595359802246,0.18085606396198273,1.759235143661499,1.2098928689956665,497.15655517578125,330.1605224609375,274.4610290527344,-0.010254857130348682,-0.047311313450336456,2.7353715896606445,0.0,0.0,0.0,0,0
1786431209.6213195,11.755114102000334,TRACK,FLOW,/home/eunseop/nrs_imitation/checkpoints/flow/polishing/single_cam/20260809_1638,497.0315856933594,331.2317199707031,275.2434997558594,-0.009823409840464592,-0.04782344400882721,2.7346086502075195,-0.4076237380504608,2.4179069995880127,0.8239660859107971,497.147705078125,330.1636047363281,274.41290283203125,-0.01028799545019865,-0.047215044498443604,2.7354679107666016,0.0,0.0,0.0,0,0
1786431209.6292253,11.763019758000155,TRACK,FLOW,/home/eunseop/nrs_imitation/checkpoints/flow/polishing/single_cam/20260809_1638,497.05084228515625,331.2311096191406,275.2193908691406,-0.009869014844298363,-0.04779955372214317,2.7346444129943848,-0.42039287090301514,2.8165762424468994,-0.011549984104931355,497.1363525390625,330.1688537597656,274.3646240234375,-0.01032665092498064,-0.04711851105093956,2.7355644702911377,0.0,0.0,0.0,0,0
1786431209.637325,11.771119757000633,TRACK,FLOW,/home/eunseop/nrs_imitation/checkpoints/flow/polishing/single_cam/20260809_1638,497.0062561035156,331.20819091796875,275.1268005371094,-0.009730827063322067,-0.04758884012699127,2.734646797180176,-1.5408657789230347,2.8257977962493896,0.5077711343765259,497.12249755859375,330.1763000488281,274.31622314453125,-0.010370803065598011,-0.04702170938253403,2.735661268234253,0.0,0.0,0.0,0,0
1786431209.6452131,11.779007679000642,TRACK,FLOW,/home/eunseop/nrs_imitation/checkpoints/flow/polishing/single_cam/20260809_1638,497.0046691894531,331.19122314453125,275.10162353515625,-0.009729161858558655,-0.04751485958695412,2.7347073554992676,-0.8518691062927246,3.081737756729126,1.4199234247207642,497.11029052734375,330.18182373046875,274.2677001953125,-0.010413735173642635,-0.0469246432185173,2.7357583045959473,0.0,0.0,0.0,0,0
1786431209.6533177,11.787112426000022,TRACK,FLOW,/home/eunseop/nrs_imitation/checkpoints/flow/polishing/single_cam/20260809_1638,497.0441589355469,331.19305419921875,275.0726013183594,-0.009893499314785004,-0.047463320195674896,2.734861373901367,1.255529761314392,2.5858356952667236,0.34439870715141296,497.1017150878906,330.1834716796875,274.2190246582031,-0.010452250018715858,-0.04682730883359909,2.7358555793762207,0.0,0.0,0.0,0,0
1786431209.6612833,11.795078048000505,TRACK,FLOW,/home/eunseop/nrs_imitation/checkpoints/flow/polishing/single_cam/20260809_1638,497.059326171875,331.2120666503906,275.03741455078125,-0.009978041984140873,-0.04747564345598221,2.734992742538452,-0.0017536146333441138,1.6583553552627563,1.6873364448547363,497.0967102050781,330.1813049316406,274.17022705078125,-0.010486403480172157,-0.04672970622777939,2.7359530925750732,0.0,0.0,0.0,0,0
1786431209.6693037,11.803098203000445,TRACK,FLOW,/home/eunseop/nrs_imitation/checkpoints/flow/polishing/single_cam/20260809_1638,497.05615234375,331.2082214355469,275.0340270996094,-0.010080644860863686,-0.047419991344213486,2.7351107597351074,0.478263795375824,1.6688581705093384,0.7748288512229919,497.0952453613281,330.1753845214844,274.1213073730469,-0.010516238398849964,-0.046631839126348495,2.736050844192505,0.0,0.0,0.0,0,0
1786431209.677245,11.811039426999741,TRACK,FLOW,/home/eunseop/nrs_imitation/checkpoints/flow/polishing/single_cam/20260809_1638,497.0506591796875,331.2138671875,275.00506591796875,-0.010131536982953548,-0.047374118119478226,2.7352190017700195,0.3729407787322998,1.7172030210494995,1.150357723236084,497.0967102050781,330.1676330566406,274.0722351074219,-0.010542673990130424,-0.04653370380401611,2.7361490726470947,0.0,0.0,0.0,0,0
1786431209.6852043,11.81899878600052,TRACK,FLOW,/home/eunseop/nrs_imitation/checkpoints/flow/polishing/single_cam/20260809_1638,497.0461120605469,331.20245361328125,274.90911865234375,-0.010139555670320988,-0.04721684008836746,2.7353034019470215,0.48719093203544617,1.7938193082809448,1.1560591459274292,497.1004638671875,330.1599426269531,274.0230407714844,-0.010566582903265953,-0.04643530398607254,2.7362475395202637,0.0,0.0,0.0,0,0
1786431209.6933234,11.827117912000176,TRACK,FLOW,/home/eunseop/nrs_imitation/checkpoints/flow/polishing/single_cam/20260809_1638,497.010009765625,331.1873779296875,274.8490905761719,-0.010104413144290447,-0.04708552360534668,2.735412359237671,-0.23023666441440582,3.0302019119262695,0.4415770471096039,497.10650634765625,330.15228271484375,273.97369384765625,-0.010587982833385468,-0.04633663594722748,2.7363462448120117,0.0,0.0,0.0,0,0
1786431209.701287,11.835081519000596,TRACK,FLOW,/home/eunseop/nrs_imitation/checkpoints/flow/polishing/single_cam/20260809_1638,496.9567565917969,331.20855712890625,274.76739501953125,-0.010055534541606903,-0.04690098017454147,2.7355456352233887,-1.2594399452209473,2.124058961868286,0.9128284454345703,497.11480712890625,330.1446838378906,273.9242248535156,-0.01060690451413393,-0.046237699687480927,2.736445188522339,0.0,0.0,0.0,0,0
1786431209.7091897,11.842984079000416,TRACK,FLOW,/home/eunseop/nrs_imitation/checkpoints/flow/polishing/single_cam/20260809_1638,496.9466552734375,331.231201171875,274.74176025390625,-0.010077831335365772,-0.04690888896584511,2.735604763031006,-1.0364934206008911,2.964569330215454,-0.3895464241504669,497.12286376953125,330.137451171875,273.8746337890625,-0.010621273890137672,-0.046138498932123184,2.736544370651245,0.0,0.0,0.0,0,0
1786431209.7172132,11.851007692000167,TRACK,FLOW,/home/eunseop/nrs_imitation/checkpoints/flow/polishing/single_cam/20260809_1638,496.9405822753906,331.2392883300781,274.7144775390625,-0.010032694786787033,-0.04689621925354004,2.7356173992156982,-1.2978790998458862,3.053830146789551,0.22584152221679688,497.1258850097656,330.1312255859375,273.82489013671875,-0.010627035051584244,-0.04603902995586395,2.7366437911987305,0.0,0.0,0.0,0,0
1786431209.725203,11.858997389000251,TRACK,FLOW,/home/eunseop/nrs_imitation/checkpoints/flow/polishing/single_cam/20260809_1638,496.9575500488281,331.2257080078125,274.6918640136719,-0.010036874562501907,-0.04679850861430168,2.735642194747925,-0.6071151494979858,2.247995376586914,1.4254542589187622,497.1239013671875,330.1260070800781,273.7750244140625,-0.010624276474118233,-0.04593929648399353,2.736743450164795,0.0,0.0,0.0,0,0
1786431209.733193,11.866987596999934,TRACK,FLOW,/home/eunseop/nrs_imitation/checkpoints/flow/polishing/single_cam/20260809_1638,496.9596862792969,331.25994873046875,274.6332702636719,-0.010130404494702816,-0.04672982916235924,2.73579740524292,1.896216869354248,2.2731471061706543,0.0719313696026802,497.116943359375,330.12176513671875,273.72503662109375,-0.010613081976771355,-0.04583929479122162,2.7368433475494385,0.0,0.0,0.0,0,0
1786431209.7411911,11.874985860000379,TRACK,FLOW,/home/eunseop/nrs_imitation/checkpoints/flow/polishing/single_cam/20260809_1638,497.003662109375,331.2533874511719,274.6351623535156,-0.010337880812585354,-0.046788256615400314,2.7359261512756348,1.0800820589065552,2.1137545108795166,0.5465948581695557,497.1061706542969,330.1182861328125,273.675048828125,-0.010593611747026443,-0.04573929309844971,2.736943244934082,0.0,0.0,0.0,0,0
1786431209.7492638,11.883058497000093,TRACK,FLOW,/home/eunseop/nrs_imitation/checkpoints/flow/polishing/single_cam/20260809_1638,496.9860534667969,331.2585144042969,274.6015625,-0.010371756739914417,-0.04667726159095764,2.7360947132110596,-0.28240591287612915,1.3121750354766846,2.0224156379699707,497.0967102050781,330.1146240234375,273.62506103515625,-0.010566309094429016,-0.045639291405677795,2.7370431423187256,0.0,0.0,0.0,0,0
1786431209.758543,11.892337690000204,TRACK,FLOW,/home/eunseop/nrs_imitation/checkpoints/flow/polishing/single_cam/20260809_1638,497.022216796875,331.224853515625,274.5562438964844,-0.010463150218129158,-0.04649300500750542,2.7362143993377686,0.08070223033428192,1.9570449590682983,0.9077383875846863,497.0887451171875,330.1107177734375,273.5750732421875,-0.010529957711696625,-0.045539289712905884,2.737143039703369,0.0,0.0,0.0005820234073325992,0,0
1786431209.765203,11.898997453999982,TRACK,FLOW,/home/eunseop/nrs_imitation/checkpoints/flow/polishing/single_cam/20260809_1638,497.0078125,331.2019958496094,274.4219055175781,-0.01044056098908186,-0.046278517693281174,2.7363595962524414,-0.5866646766662598,2.599745035171509,1.4082531929016113,497.0818786621094,330.1066589355469,273.52508544921875,-0.010487287305295467,-0.04543928802013397,2.7372429370880127,0.0,0.0,0.0027192458510398865,0,0
1786431209.773274,11.9070684670005,TRACK,FLOW,/home/eunseop/nrs_imitation/checkpoints/flow/polishing/single_cam/20260809_1638,496.99432373046875,331.2256164550781,274.3793029785156,-0.010379219427704811,-0.04620087146759033,2.7365050315856934,-0.29448816180229187,2.403754949569702,0.24478913843631744,497.0762939453125,330.1023864746094,273.47509765625,-0.01043707225471735,-0.04533928632736206,2.7373428344726562,0.0,0.0,0.006704702507704496,0,0
1786431209.7812288,11.915023366999776,TRACK,FLOW,/home/eunseop/nrs_imitation/checkpoints/flow/polishing/single_cam/20260809_1638,496.9761047363281,331.19232177734375,274.2552185058594,-0.0103013189509511,-0.045957088470458984,2.736567497253418,-0.7814006209373474,2.2627830505371094,0.6375331282615662,497.0736389160156,330.0955505371094,273.42510986328125,-0.010385366156697273,-0.04523928463459015,2.7374427318573,0.0,0.0,0.012026549316942692,0,0
1786431209.7892246,11.923019347000263,TRACK,FLOW,/home/eunseop/nrs_imitation/checkpoints/flow/polishing/single_cam/20260809_1638,496.9688415527344,331.2066345214844,274.24322509765625,-0.010258949361741543,-0.04598202928900719,2.7366273403167725,-1.5547173023223877,3.0662198066711426,0.4825778603553772,497.0738830566406,330.086181640625,273.3751220703125,-0.010332180187106133,-0.04513928294181824,2.7375426292419434,0.0,0.0,0.018674103543162346,0,0
1786431209.797233,11.9310276289998,TRACK,FLOW,/home/eunseop/nrs_imitation/checkpoints/flow/polishing/single_cam/20260809_1638,496.96246337890625,331.2232971191406,274.2207336425781,-0.010233506560325623,-0.0459015928208828,2.7367241382598877,-0.6661449074745178,3.3085854053497314,0.07954037934541702,497.0770263671875,330.0743103027344,273.32513427734375,-0.010277528315782547,-0.045039281249046326,2.737642526626587,0.0,0.0,0.026634152978658676,0,0
1786431209.8053932,11.939187814000434,TRACK,FLOW,/home/eunseop/nrs_imitation/checkpoints/flow/polishing/single_cam/20260809_1638,496.96246337890625,331.2232971191406,274.2207336425781,-0.010233506560325623,-0.0459015928208828,2.7367241382598877,-0.6661449074745178,3.3085854053497314,0.07954037934541702,497.0830383300781,330.0599060058594,273.275146484375,-0.010221410542726517,-0.044939279556274414,2.7377424240112305,0.0,0.0,0.03590374067425728,0,0
1786431209.8133526,11.947147243000472,TRACK,FLOW,/home/eunseop/nrs_imitation/checkpoints/flow/polishing/single_cam/20260809_1638,496.96246337890625,331.2232971191406,274.2207336425781,-0.010233506560325623,-0.0459015928208828,2.7367241382598877,-0.6661449074745178,3.3085854053497314,0.07954037934541702,497.0916442871094,330.04803466796875,273.22515869140625,-0.010167732834815979,-0.0448392778635025,2.737842321395874,0.0,0.0,0.04724122956395149,0,0
1786431209.82147,11.955264795999938,TRACK,FLOW,/home/eunseop/nrs_imitation/checkpoints/flow/polishing/single_cam/20260809_1638,496.96246337890625,331.2232971191406,274.2207336425781,-0.010233506560325623,-0.0459015928208828,2.7367241382598877,-0.6661449074745178,3.3085854053497314,0.07954037934541702,497.1028137207031,330.0395812988281,273.1751708984375,-0.010117171332240105,-0.04473927617073059,2.7379422187805176,0.0,0.0,0.060771644115448,0,0
1786431209.829224,11.963018770000417,TRACK,FLOW,/home/eunseop/nrs_imitation/checkpoints/flow/polishing/single_cam/20260809_1638,496.96246337890625,331.2232971191406,274.2207336425781,-0.010233506560325623,-0.0459015928208828,2.7367241382598877,-0.6661449074745178,3.3085854053497314,0.07954037934541702,497.1164855957031,330.03448486328125,273.12518310546875,-0.010069670155644417,-0.04463927447795868,2.738042116165161,0.0,0.0,0.07645094394683838,0,0
1786431209.837249,11.971043505000125,TRACK,FLOW,/home/eunseop/nrs_imitation/checkpoints/flow/polishing/single_cam/20260809_1638,496.96246337890625,331.2232971191406,274.2207336425781,-0.010233506560325623,-0.0459015928208828,2.7367241382598877,-0.6661449074745178,3.3085854053497314,0.07954037934541702,497.1326599121094,330.0327453613281,273.0751953125,-0.010025223717093468,-0.04453927278518677,2.7381420135498047,0.0,0.0,0.09428060799837112,0,0
1786431209.8452146,11.979009315999974,TRACK,FLOW,/home/eunseop/nrs_imitation/checkpoints/flow/polishing/single_cam/20260809_1638,496.96246337890625,331.2232971191406,274.2207336425781,-0.010233506560325623,-0.0459015928208828,2.7367241382598877,-0.6661449074745178,3.3085854053497314,0.07954037934541702,497.14892578125,330.0310974121094,273.02520751953125,-0.009983882308006287,-0.044439271092414856,2.7382419109344482,0.0,0.0,0.1143801361322403,0,0
1786431209.8533685,11.987163077999867,TRACK,FLOW,/home/eunseop/nrs_imitation/checkpoints/flow/polishing/single_cam/20260809_1638,496.96246337890625,331.2232971191406,274.2207336425781,-0.010233506560325623,-0.0459015928208828,2.7367241382598877,-0.6661449074745178,3.3085854053497314,0.07954037934541702,497.16412353515625,330.02801513671875,272.9752197265625,-0.009945702739059925,-0.044339269399642944,2.738341808319092,0.0,0.0,0.13684137165546417,0,0
1786431209.8612974,11.995091999000579,TRACK,FLOW,/home/eunseop/nrs_imitation/checkpoints/flow/polishing/single_cam/20260809_1638,496.96246337890625,331.2232971191406,274.2207336425781,-0.010233506560325623,-0.0459015928208828,2.7367241382598877,-0.6661449074745178,3.3085854053497314,0.07954037934541702,497.1783142089844,330.0235595703125,272.92523193359375,-0.009910574182868004,-0.04423926770687103,2.7384417057037354,0.0,0.0,0.16156618297100067,0,0
1786431209.8692105,12.003004869000506,TRACK,FLOW,/home/eunseop/nrs_imitation/checkpoints/flow/polishing/single_cam/20260809_1638,496.96246337890625,331.2232971191406,274.2207336425781,-0.010233506560325623,-0.0459015928208828,2.7367241382598877,-0.6661449074745178,3.3085854053497314,0.07954037934541702,497.1914978027344,330.0177001953125,272.875244140625,-0.009878492914140224,-0.04413926601409912,2.738541603088379,0.0,0.0,0.18855714797973633,0,0
1786431209.8772805,12.011075270999754,TRACK,FLOW,/home/eunseop/nrs_imitation/checkpoints/flow/polishing/single_cam/20260809_1638,496.96246337890625,331.2232971191406,274.2207336425781,-0.010233506560325623,-0.0459015928208828,2.7367241382598877,-0.6661449074745178,3.3085854053497314,0.07954037934541702,497.2028503417969,330.01055908203125,272.82525634765625,-0.009844902902841568,-0.04403926432132721,2.7386415004730225,0.0,0.0,0.2171049863100052,0,0
1786431209.8854105,12.01920551800049,TRACK,FLOW,/home/eunseop/nrs_imitation/checkpoints/flow/polishing/single_cam/20260809_1638,496.96246337890625,331.2232971191406,274.2207336425781,-0.010233506560325623,-0.0459015928208828,2.7367241382598877,-0.6661449074745178,3.3085854053497314,0.07954037934541702,497.2116394042969,330.00225830078125,272.7752685546875,-0.009805425070226192,-0.0439392626285553,2.738741397857666,0.0,0.0,0.24651911854743958,0,0
1786431209.893434,12.027228939999986,TRACK,FLOW,/home/eunseop/nrs_imitation/checkpoints/flow/polishing/single_cam/20260809_1638,496.96246337890625,331.2232971191406,274.2207336425781,-0.010233506560325623,-0.0459015928208828,2.7367241382598877,-0.6661449074745178,3.3085854053497314,0.07954037934541702,497.2178649902344,329.9927978515625,272.72528076171875,-0.009760108776390553,-0.043839260935783386,2.7388412952423096,0.0,0.0,0.2767925560474396,0,0
1786431209.9014618,12.035256470000604,TRACK,FLOW,/home/eunseop/nrs_imitation/checkpoints/flow/polishing/single_cam/20260809_1638,496.96246337890625,331.2232971191406,274.2207336425781,-0.010233506560325623,-0.0459015928208828,2.7367241382598877,-0.6661449074745178,3.3085854053497314,0.07954037934541702,497.2215881347656,329.9822082519531,272.67529296875,-0.009709035977721214,-0.043739259243011475,2.738941192626953,0.0,0.0,0.3079124093055725,0,0
1786431209.9094281,12.043222901999798,TRACK,FLOW,/home/eunseop/nrs_imitation/checkpoints/flow/polishing/single_cam/20260809_1638,496.96246337890625,331.2232971191406,274.2207336425781,-0.010233506560325623,-0.0459015928208828,2.7367241382598877,-0.6661449074745178,3.3085854053497314,0.07954037934541702,497.2237854003906,329.9719543457031,272.62530517578125,-0.009652704000473022,-0.04363925755023956,2.7390410900115967,0.0,0.0,0.3408074378967285,0,0
1786431209.9183767,12.052171479999743,TRACK,FLOW,/home/eunseop/nrs_imitation/checkpoints/flow/polishing/single_cam/20260809_1638,496.96246337890625,331.2232971191406,274.2207336425781,-0.010233506560325623,-0.0459015928208828,2.7367241382598877,-0.6661449074745178,3.3085854053497314,0.07954037934541702,497.2262878417969,329.96514892578125,272.5753173828125,-0.009591356851160526,-0.04353925585746765,2.7391409873962402,0.0,0.0,0.3776729106903076,0,0
1786431209.9252872,12.059081825999783,TRACK,FLOW,/home/eunseop/nrs_imitation/checkpoints/flow/polishing/single_cam/20260809_1638,496.9921569824219,331.19580078125,274.21527099609375,-0.01030233595520258,-0.04588327556848526,2.7367477416992188,-0.3947201669216156,1.456469178199768,1.8418254852294922,497.22900390625,329.9610290527344,272.52532958984375,-0.009526289068162441,-0.04343925416469574,2.739240884780884,0.0,0.0,0.4175097942352295,0,0
1786431209.9334245,12.067218986000626,TRACK,FLOW,/home/eunseop/nrs_imitation/checkpoints/flow/polishing/single_cam/20260809_1638,496.9921569824219,331.19580078125,274.21527099609375,-0.01030233595520258,-0.04588327556848526,2.7367477416992188,-0.3947201669216156,1.456469178199768,1.8418254852294922,497.23199462890625,329.9599304199219,272.475341796875,-0.009456878527998924,-0.04333925247192383,2.7393407821655273,0.0,0.0,0.46079641580581665,0,0
1786431209.9413898,12.07518436600003,TRACK,FLOW,/home/eunseop/nrs_imitation/checkpoints/flow/polishing/single_cam/20260809_1638,496.964111328125,331.2127685546875,273.86871337890625,-0.010109419003129005,-0.04531474411487579,2.737436532974243,-1.2415180206298828,2.43656063079834,0.9276200532913208,497.2343444824219,329.9615478515625,272.42535400390625,-0.009382696822285652,-0.043239250779151917,2.739440679550171,0.0,0.0,0.5068784356117249,0,0
1786431209.9493208,12.083115331000045,TRACK,FLOW,/home/eunseop/nrs_imitation/checkpoints/flow/polishing/single_cam/20260809_1638,496.95916748046875,331.2386779785156,273.8511047363281,-0.010116525925695896,-0.04532980918884277,2.7374603748321533,-0.2762834131717682,2.287890911102295,0.662132978439331,497.23187255859375,329.9643859863281,272.3753662109375,-0.009301510639488697,-0.043139249086380005,2.7395405769348145,0.0,0.0,0.5528982877731323,0,0
1786431209.9572012,12.09099581800001,TRACK,FLOW,/home/eunseop/nrs_imitation/checkpoints/flow/polishing/single_cam/20260809_1638,496.991943359375,331.225341796875,273.8623046875,-0.010199528187513351,-0.04534026235342026,2.7374234199523926,0.043291401118040085,2.146259307861328,0.9111340641975403,497.2246398925781,329.9684753417969,272.32537841796875,-0.00921337865293026,-0.04303924739360809,2.739640474319458,0.0,0.0,0.598857045173645,0,0
1786431209.965239,12.099033567000333,TRACK,FLOW,/home/eunseop/nrs_imitation/checkpoints/flow/polishing/single_cam/20260809_1638,496.9914855957031,331.2474365234375,273.8877868652344,-0.010180782526731491,-0.04540900141000748,2.7374353408813477,0.0833570659160614,2.1247267723083496,1.2224818468093872,497.2126770019531,329.9737854003906,272.275390625,-0.00911836139857769,-0.04293924570083618,2.7397403717041016,0.0,0.0,0.6447557806968689,0,0
1786431209.973201,12.106995782000013,TRACK,FLOW,/home/eunseop/nrs_imitation/checkpoints/flow/polishing/single_cam/20260809_1638,497.0195007324219,331.24969482421875,273.9005432128906,-0.010271117091178894,-0.045434314757585526,2.737409830093384,0.8300600647926331,1.9455788135528564,0.797717273235321,497.19610595703125,329.98028564453125,272.22540283203125,-0.009018361568450928,-0.04283924400806427,2.739840269088745,0.0,0.0,0.6906161308288574,0,0
1786431209.9812064,12.115001158999803,TRACK,FLOW,/home/eunseop/nrs_imitation/checkpoints/flow/polishing/single_cam/20260809_1638,497.0257263183594,331.1844482421875,273.8760070800781,-0.010285398922860622,-0.045314569026231766,2.73750638961792,0.03921298310160637,1.8250008821487427,2.790632724761963,497.1814270019531,329.98577880859375,272.1754150390625,-0.008920758962631226,-0.04273924231529236,2.7399401664733887,0.0,0.0,0.7394794821739197,0,0
1786431209.989648,12.12344275400028,TRACK,FLOW,/home/eunseop/nrs_imitation/checkpoints/flow/polishing/single_cam/20260809_1638,497.04931640625,331.2042541503906,273.7345886230469,-0.010209905914962292,-0.045133017003536224,2.7378320693969727,-0.7115867137908936,2.796320915222168,3.2804548740386963,497.16864013671875,329.99029541015625,272.1889343261719,-0.008827287703752518,-0.04263924062252045,2.7400400638580322,0.0,0.0,0.7894794940948486,1,0
1786431209.9974756,12.131270040000345,TRACK,FLOW,/home/eunseop/nrs_imitation/checkpoints/flow/polishing/single_cam/20260809_1638,497.03564453125,331.1944580078125,273.5882263183594,-0.009992100298404694,-0.04489848017692566,2.7381837368011475,-0.33332589268684387,1.1318895816802979,2.691265344619751,497.1577453613281,329.99383544921875,272.20233154296875,-0.008737917989492416,-0.042539238929748535,2.740139961242676,0.0,0.0,0.8394795060157776,1,0
1786431210.0054166,12.13921126400055,TRACK,FLOW,/home/eunseop/nrs_imitation/checkpoints/flow/polishing/single_cam/20260809_1638,497.07366943359375,331.18121337890625,273.3892517089844,-0.009794851765036583,-0.04446062073111534,2.7385244369506836,-1.3723318576812744,1.1587450504302979,4.130178451538086,497.148681640625,329.99639892578125,272.215576171875,-0.00865259487181902,-0.042439237236976624,2.7402398586273193,0.0,0.0,0.8894795179367065,1,0
1786431210.0132377,12.147032337000383,TRACK,FLOW,/home/eunseop/nrs_imitation/checkpoints/flow/polishing/single_cam/20260809_1638,497.07672119140625,331.1893310546875,273.1325988769531,-0.009514654986560345,-0.04401223361492157,2.7389495372772217,-0.9468398690223694,2.754652500152588,1.8869458436965942,497.1399230957031,329.9993591308594,272.22869873046875,-0.008559927344322205,-0.04233923554420471,2.740339756011963,0.0,0.0,0.9394795298576355,1,0
1786431210.0216982,12.155492928000058,TRACK,FLOW,/home/eunseop/nrs_imitation/checkpoints/flow/polishing/single_cam/20260809_1638,497.09588623046875,331.240234375,272.891845703125,-0.009270243346691132,-0.043600261211395264,2.739290714263916,1.0622328519821167,2.7362992763519287,0.20781639218330383,497.1311340332031,330.0029296875,272.1787109375,-0.008459927514195442,-0.0422392338514328,2.7404396533966064,0.0,0.0,0.9894795417785645,0,0
1786431210.0308833,12.164678019999883,TRACK,FLOW,/home/eunseop/nrs_imitation/checkpoints/flow/polishing/single_cam/20260809_1638,497.062744140625,331.1790771484375,272.6358642578125,-0.009009788744151592,-0.04302231967449188,2.73958420753479,0.24167382717132568,2.6303329467773438,-1.08794105052948,497.1223449707031,330.00726318359375,272.12872314453125,-0.00835992768406868,-0.04213923215866089,2.74053955078125,0.0,0.0,1.0394794940948486,0,0
1786431210.0372396,12.171034241000598,TRACK,FLOW,/home/eunseop/nrs_imitation/checkpoints/flow/polishing/single_cam/20260809_1638,497.05181884765625,331.157470703125,272.443115234375,-0.00875027198344469,-0.04265253618359566,2.7397804260253906,-0.9169018268585205,1.7977162599563599,-0.8653978109359741,497.1135559082031,330.0120849609375,272.0787353515625,-0.008259927853941917,-0.04203923046588898,2.7406394481658936,0.0,0.0,1.0894794464111328,0,0
1786431210.0452013,12.178995983999812,TRACK,FLOW,/home/eunseop/nrs_imitation/checkpoints/flow/polishing/single_cam/20260809_1638,497.03399658203125,331.11114501953125,272.2310485839844,-0.008553284220397472,-0.042228031903505325,2.7398927211761475,1.1498090028762817,2.2812371253967285,-3.1163418292999268,497.10430908203125,330.01788330078125,272.02874755859375,-0.008159928023815155,-0.041939228773117065,2.740739345550537,0.0,0.0,1.139479398727417,0,0
1786431210.0546598,12.188454500999796,TRACK,FLOW,/home/eunseop/nrs_imitation/checkpoints/flow/polishing/single_cam/20260809_1638,497.0329895019531,331.16571044921875,272.21453857421875,-0.008535956032574177,-0.04216332733631134,2.740049123764038,0.2369043081998825,2.851374387741089,-1.7680555582046509,497.0942077636719,330.0250549316406,271.978759765625,-0.008059928193688393,-0.041839227080345154,2.7408392429351807,0.0,0.0,1.1894793510437012,0,0
1786431210.061235,12.195029653000347,TRACK,FLOW,/home/eunseop/nrs_imitation/checkpoints/flow/polishing/single_cam/20260809_1638,497.0455322265625,331.166748046875,272.17529296875,-0.00849055778235197,-0.04211395978927612,2.7400739192962646,0.4686751365661621,2.898277997970581,-0.1415131837129593,497.08355712890625,330.03314208984375,271.92877197265625,-0.00795992836356163,-0.04173922538757324,2.740939140319824,0.0,0.0,1.2394793033599854,0,0
1786431210.069241,12.203035771000032,TRACK,FLOW,/home/eunseop/nrs_imitation/checkpoints/flow/polishing/single_cam/20260809_1638,497.05340576171875,331.20751953125,272.22369384765625,-0.008524456061422825,-0.04217323288321495,2.7401933670043945,1.3233197927474976,3.47765851020813,-1.4664950370788574,497.0722351074219,330.0423583984375,271.8787841796875,-0.007859928533434868,-0.04163922369480133,2.7410390377044678,0.0,0.0,1.2894792556762695,0,0
1786431210.07721,12.211004548000346,TRACK,FLOW,/home/eunseop/nrs_imitation/checkpoints/flow/polishing/single_cam/20260809_1638,497.04534912109375,331.2330017089844,272.2751159667969,-0.008447976782917976,-0.04223758354783058,2.7403013706207275,-1.2130746841430664,2.376188039779663,2.7404041290283203,497.0604553222656,330.0521545410156,271.82879638671875,-0.0077599287033081055,-0.04153922200202942,2.7411389350891113,0.0,0.0,1.3394792079925537,0,0
1786431210.0852346,12.219029152000076,TRACK,FLOW,/home/eunseop/nrs_imitation/checkpoints/flow/polishing/single_cam/20260809_1638,497.02972412109375,331.2148742675781,272.3293762207031,-0.008426080457866192,-0.04219521954655647,2.7403981685638428,-0.7925562858581543,1.9992973804473877,2.404679775238037,497.0484313964844,330.06195068359375,271.77880859375,-0.007659928873181343,-0.04143922030925751,2.741238832473755,0.0,0.0,1.389479160308838,0,0
1786431210.0931957,12.226990254000157,TRACK,FLOW,/home/eunseop/nrs_imitation/checkpoints/flow/polishing/single_cam/20260809_1638,497.0334777832031,331.18756103515625,272.32440185546875,-0.008395985700190067,-0.04213610664010048,2.7404706478118896,0.25369054079055786,2.2930145263671875,2.1131627559661865,497.0361633300781,330.0717468261719,271.72882080078125,-0.007559929043054581,-0.041339218616485596,2.7413387298583984,0.0,0.0,1.439479112625122,0,0
1786431210.1012418,12.23503644900029,TRACK,FLOW,/home/eunseop/nrs_imitation/checkpoints/flow/polishing/single_cam/20260809_1638,497.0342102050781,331.198974609375,272.3809814453125,-0.008415517397224903,-0.04216735064983368,2.7406020164489746,0.25369054079055786,2.2930145263671875,2.1131627559661865,497.0236511230469,330.0815734863281,271.6788330078125,-0.007459929212927818,-0.041239216923713684,2.741438627243042,0.0,0.0,1.4894790649414062,0,0
1786431210.1092029,12.242997541000477,TRACK,FLOW,/home/eunseop/nrs_imitation/checkpoints/flow/polishing/single_cam/20260809_1638,497.0363464355469,331.1652526855469,272.2890625,-0.0083414725959301,-0.041960857808589935,2.7407238483428955,-0.2727788984775543,2.264296770095825,1.6333926916122437,497.0111999511719,330.0923767089844,271.62884521484375,-0.007359929382801056,-0.04113921523094177,2.7415385246276855,0.0,0.0,1.5394790172576904,0,0
1786431210.117207,12.251001696000458,TRACK,FLOW,/home/eunseop/nrs_imitation/checkpoints/flow/polishing/single_cam/20260809_1638,497.0063781738281,331.169677734375,272.2539367675781,-0.008270474150776863,-0.04186772555112839,2.740833044052124,0.014071784913539886,1.7361429929733276,0.683796226978302,496.9993896484375,330.1061096191406,271.578857421875,-0.0072599295526742935,-0.04103921353816986,2.741638422012329,0.0,0.0,1.5894789695739746,0,0
1786431210.1252131,12.259007835000375,TRACK,FLOW,/home/eunseop/nrs_imitation/checkpoints/flow/polishing/single_cam/20260809_1638,496.9781494140625,331.12042236328125,272.1757507324219,-0.00812083762139082,-0.0416654609143734,2.7408714294433594,-1.3822922706604004,1.6356687545776367,0.6699650883674622,496.98822021484375,330.1227111816406,271.52886962890625,-0.007159929722547531,-0.04093921184539795,2.7417383193969727,0.0,0.0,1.6394789218902588,0,0
1786431210.1332607,12.267055393000192,TRACK,FLOW,/home/eunseop/nrs_imitation/checkpoints/flow/polishing/single_cam/20260809_1638,496.9694519042969,331.1419982910156,272.1208801269531,-0.008086959831416607,-0.04160768911242485,2.7408838272094727,-0.16046468913555145,2.1872148513793945,-0.5559306144714355,496.9776916503906,330.1421813964844,271.4788818359375,-0.007059929892420769,-0.04083921015262604,2.741838216781616,0.0,0.0,1.689478874206543,0,0
1786431210.1413143,12.27510893300041,TRACK,FLOW,/home/eunseop/nrs_imitation/checkpoints/flow/polishing/single_cam/20260809_1638,496.98248291015625,331.15411376953125,272.0517272949219,-0.007983441464602947,-0.04145510494709015,2.740933656692505,0.40551888942718506,2.7844316959381104,-0.007002091500908136,496.9676818847656,330.16387939453125,271.42889404296875,-0.006959930062294006,-0.040739208459854126,2.7419381141662598,0.0,0.0,1.7394788265228271,0,0
1786431210.1492128,12.283007525000357,TRACK,FLOW,/home/eunseop/nrs_imitation/checkpoints/flow/polishing/single_cam/20260809_1638,496.9930725097656,331.1769714355469,272.0135498046875,-0.007945959456264973,-0.04138368368148804,2.7411022186279297,-0.17949587106704712,2.222212314605713,0.9490220546722412,496.95770263671875,330.1849060058594,271.37890625,-0.006859930232167244,-0.040639206767082214,2.7420380115509033,0.0,0.0,1.7894787788391113,0,0
1786431210.1573224,12.2911170819998,TRACK,FLOW,/home/eunseop/nrs_imitation/checkpoints/flow/polishing/single_cam/20260809_1638,497.02362060546875,331.2398681640625,272.02850341796875,-0.007882989943027496,-0.04144002124667168,2.7411868572235107,0.11878985166549683,2.7945754528045654,1.0379109382629395,496.94775390625,330.2052917480469,271.32891845703125,-0.006759930402040482,-0.0405392050743103,2.742137908935547,0.0,0.0,1.8394787311553955,0,0
1786431210.1651912,12.298985806000019,TRACK,FLOW,/home/eunseop/nrs_imitation/checkpoints/flow/polishing/single_cam/20260809_1638,497.04449462890625,331.2535095214844,271.9490661621094,-0.007820828817784786,-0.04132397100329399,2.7413196563720703,0.8998532295227051,3.5256266593933105,1.0620667934417725,496.9378356933594,330.22503662109375,271.2789306640625,-0.006659930571913719,-0.04043920338153839,2.7422378063201904,0.0,0.0,1.8894786834716797,0,0
1786431210.173234,12.307028435000575,TRACK,FLOW,/home/eunseop/nrs_imitation/checkpoints/flow/polishing/single_cam/20260809_1638,497.0214538574219,331.28570556640625,271.88232421875,-0.007635688409209251,-0.041161660104990005,2.741490364074707,-0.6910339593887329,2.316159725189209,0.8360481262207031,496.9279479980469,330.244140625,271.22894287109375,-0.006559930741786957,-0.04033920168876648,2.742337703704834,0.0,0.0,1.9394786357879639,0,0
1786431210.1812122,12.315006620000531,TRACK,FLOW,/home/eunseop/nrs_imitation/checkpoints/flow/polishing/single_cam/20260809_1638,497.0137939453125,331.269287109375,271.7927551269531,-0.007562817074358463,-0.04099435359239578,2.7416000366210938,-0.6910339593887329,2.316159725189209,0.8360481262207031,496.91888427734375,330.2633972167969,271.178955078125,-0.006459930911660194,-0.04023919999599457,2.7424376010894775,0.0,0.0,1.989478588104248,0,0
1786431210.1895747,12.323369263000131,TRACK,FLOW,/home/eunseop/nrs_imitation/checkpoints/flow/polishing/single_cam/20260809_1638,497.0137939453125,331.269287109375,271.7927551269531,-0.007562817074358463,-0.04099435359239578,2.7416000366210938,-0.8004111647605896,1.9231648445129395,1.2894537448883057,496.9106750488281,330.2828063964844,271.12896728515625,-0.006359931081533432,-0.040139198303222656,2.742537498474121,0.0,0.0,2.0394785404205322,0,0
1786431210.1972115,12.331005892000576,TRACK,FLOW,/home/eunseop/nrs_imitation/checkpoints/flow/polishing/single_cam/20260809_1638,496.9974670410156,331.2503356933594,271.6498107910156,-0.0074103819206357,-0.04071760177612305,2.7417707443237305,-0.7918181419372559,2.174619436264038,0.8819587826728821,496.9032287597656,330.3023376464844,271.0789794921875,-0.00625993125140667,-0.040039196610450745,2.7426373958587646,0.0,0.0,2.0894784927368164,0,0
1786431210.2051964,12.3389908500003,TRACK,FLOW,/home/eunseop/nrs_imitation/checkpoints/flow/polishing/single_cam/20260809_1638,496.9968566894531,331.26019287109375,271.6292419433594,-0.007385651580989361,-0.04067416489124298,2.7417831420898438,-0.15574944019317627,2.4543545246124268,-0.08753236383199692,496.8965759277344,330.322021484375,271.02899169921875,-0.006159931421279907,-0.03993919491767883,2.742737293243408,0.0,0.0,2.1394784450531006,0,0
1786431210.2132902,12.347084928000186,TRACK,FLOW,/home/eunseop/nrs_imitation/checkpoints/flow/polishing/single_cam/20260809_1638,496.9957275390625,331.26641845703125,271.6223449707031,-0.007354499772191048,-0.04065317288041115,2.7417709827423096,-0.020980920642614365,1.7631704807281494,-0.11494594812393188,496.8902893066406,330.34136962890625,270.97900390625,-0.006059931591153145,-0.03983919322490692,2.7428371906280518,0.0,0.0,2.1894783973693848,0,0
1786431210.2212164,12.355011083000136,TRACK,FLOW,/home/eunseop/nrs_imitation/checkpoints/flow/polishing/single_cam/20260809_1638,497.0035400390625,331.2362976074219,271.5971984863281,-0.007330384571105242,-0.04057181626558304,2.7418196201324463,-0.5432322025299072,1.5368331670761108,0.8876302242279053,496.88427734375,330.3603210449219,270.92901611328125,-0.0059599317610263824,-0.03973919153213501,2.7429370880126953,0.0,0.0,2.239478349685669,0,0
1786431210.22922,12.363014366000243,TRACK,FLOW,/home/eunseop/nrs_imitation/checkpoints/flow/polishing/single_cam/20260809_1638,496.990234375,331.2843933105469,271.56878662109375,-0.007229105103760958,-0.04062943533062935,2.7419042587280273,-0.5524508357048035,2.058272361755371,1.9804528951644897,496.8785095214844,330.3788757324219,270.8790283203125,-0.00585993193089962,-0.0396391898393631,2.743036985397339,0.0,0.0,2.289478302001953,0,0
1786431210.2374299,12.37122444600027,TRACK,FLOW,/home/eunseop/nrs_imitation/checkpoints/flow/polishing/single_cam/20260809_1638,497.0308837890625,331.34954833984375,271.6007080078125,-0.007266707252711058,-0.04072701185941696,2.7420356273651123,-0.382698118686676,2.622387170791626,2.803462505340576,496.8730163574219,330.3970642089844,270.82904052734375,-0.005759932100772858,-0.039539188146591187,2.7431368827819824,0.0,0.0,2.3394782543182373,0,0
1786431210.2453177,12.379112186999919,TRACK,FLOW,/home/eunseop/nrs_imitation/checkpoints/flow/polishing/single_cam/20260809_1638,497.0096740722656,331.4245910644531,271.5423583984375,-0.007172523066401482,-0.04062969610095024,2.7422163486480713,1.1074066162109375,3.10860276222229,1.6520248651504517,496.8670349121094,330.41632080078125,270.779052734375,-0.005659932270646095,-0.039439186453819275,2.743236780166626,0.0,0.0,2.3894782066345215,0,0
1786431210.2533495,12.387144225000156,TRACK,FLOW,/home/eunseop/nrs_imitation/checkpoints/flow/polishing/single_cam/20260809_1638,497.00140380859375,331.43927001953125,271.44281005859375,-0.00697282375767827,-0.04047432541847229,2.7423269748687744,-0.674858570098877,3.2278690338134766,2.7573435306549072,496.8602294921875,330.4373474121094,270.72906494140625,-0.005559932440519333,-0.03933918476104736,2.7433366775512695,0.0,0.0,2.4394781589508057,0,0
1786431210.2612689,12.395063226000275,TRACK,FLOW,/home/eunseop/nrs_imitation/checkpoints/flow/polishing/single_cam/20260809_1638,496.979248046875,331.4030456542969,271.2939758300781,-0.006768228951841593,-0.040109168738126755,2.742342472076416,-0.23487016558647156,2.2964203357696533,0.3311460316181183,496.85260009765625,330.4601135253906,270.6790771484375,-0.0054599326103925705,-0.03923918306827545,2.743436574935913,0.0,0.0,2.48947811126709,0,0
1786431210.2692432,12.403037674000188,TRACK,FLOW,/home/eunseop/nrs_imitation/checkpoints/flow/polishing/single_cam/20260809_1638,496.9863586425781,331.4234313964844,271.19921875,-0.006645089481025934,-0.03998860716819763,2.742452383041382,-1.3279982805252075,1.971868872642517,0.40670183300971985,496.84417724609375,330.484619140625,270.62908935546875,-0.005359932780265808,-0.03913918137550354,2.7435364723205566,0.0,0.0,2.539478063583374,0,0
1786431210.2771976,12.41099220399974,TRACK,FLOW,/home/eunseop/nrs_imitation/checkpoints/flow/polishing/single_cam/20260809_1638,496.9106750488281,331.4247131347656,271.06854248046875,-0.006444072816520929,-0.039700452238321304,2.7426350116729736,-0.5907509922981262,2.815643787384033,-1.225141167640686,496.8358459472656,330.50848388671875,270.5791015625,-0.005259932950139046,-0.03903917968273163,2.7436363697052,0.0,0.0,2.589478015899658,0,0
1786431210.2852166,12.419010956999955,TRACK,FLOW,/home/eunseop/nrs_imitation/checkpoints/flow/polishing/single_cam/20260809_1638,496.9407043457031,331.3930358886719,270.96051025390625,-0.0064262510277330875,-0.03946102783083916,2.7426605224609375,-0.23540499806404114,1.8886644840240479,-0.6075114607810974,496.8284912109375,330.5293884277344,270.52911376953125,-0.005159933120012283,-0.03893917798995972,2.7437362670898438,0.0,0.0,2.6394779682159424,0,0
1786431210.2932992,12.427093893000347,TRACK,FLOW,/home/eunseop/nrs_imitation/checkpoints/flow/polishing/single_cam/20260809_1638,496.96612548828125,331.3983459472656,271.01580810546875,-0.006460645701736212,-0.03955567628145218,2.7425875663757324,0.3723370432853699,2.0339291095733643,-0.0029343897476792336,496.82208251953125,330.5473937988281,270.4791259765625,-0.005059933289885521,-0.038839176297187805,2.7438361644744873,0.0,0.0,2.6894779205322266,0,0
1786431210.3012066,12.435001101000125,TRACK,FLOW,/home/eunseop/nrs_imitation/checkpoints/flow/polishing/single_cam/20260809_1638,496.9435119628906,331.41455078125,271.0093688964844,-0.006360851228237152,-0.03961385786533356,2.7426846027374268,0.9379130601882935,2.7820885181427,-0.18127639591693878,496.8166198730469,330.5625305175781,270.42913818359375,-0.0049599334597587585,-0.038739174604415894,2.743936061859131,0.0,0.0,2.7394778728485107,0,0
1786431210.3092985,12.443093155000497,TRACK,FLOW,/home/eunseop/nrs_imitation/checkpoints/flow/polishing/single_cam/20260809_1638,496.96502685546875,331.4440612792969,270.98944091796875,-0.006317030638456345,-0.03960157930850983,2.7427444458007812,-1.1579151153564453,1.5037524700164795,2.4007062911987305,496.8121643066406,330.5762939453125,270.379150390625,-0.004859933629631996,-0.03863917291164398,2.7440359592437744,0.0,0.0,2.789477825164795,0,0
1786431210.3175297,12.451324104999912,TRACK,FLOW,/home/eunseop/nrs_imitation/checkpoints/flow/polishing/single_cam/20260809_1638,496.9693908691406,331.4853515625,270.98846435546875,-0.0062838452868163586,-0.039605386555194855,2.742985248565674,-0.6075818538665771,1.4215677976608276,3.2119510173797607,496.808837890625,330.5915832519531,270.3832092285156,-0.004759933799505234,-0.03853917121887207,2.744135856628418,0.0,0.0,2.839477777481079,1,0
1786431210.3256993,12.45949408800061,TRACK,FLOW,/home/eunseop/nrs_imitation/checkpoints/flow/polishing/single_cam/20260809_1638,496.9693908691406,331.4853515625,270.98846435546875,-0.0062838452868163586,-0.039605386555194855,2.742985248565674,-0.6075818538665771,1.4215677976608276,3.2119510173797607,496.8066101074219,330.6083679199219,270.3872375488281,-0.004659933969378471,-0.03843916952610016,2.7442357540130615,0.0,0.0,2.8894777297973633,1,0
1786431210.3336792,12.467473866000546,TRACK,FLOW,/home/eunseop/nrs_imitation/checkpoints/flow/polishing/single_cam/20260809_1638,496.9805908203125,331.5813903808594,270.8822326660156,-0.006123607512563467,-0.03945203498005867,2.7433109283447266,-0.3335026502609253,3.6886749267578125,2.1848533153533936,496.8054504394531,330.62664794921875,270.3912353515625,-0.004559934139251709,-0.03833916783332825,2.744335651397705,0.0,0.0,2.9394776821136475,1,0
1786431210.3412812,12.475075948999802,TRACK,FLOW,/home/eunseop/nrs_imitation/checkpoints/flow/polishing/single_cam/20260809_1638,496.9312438964844,331.594970703125,270.8087158203125,-0.005870057735592127,-0.03927091136574745,2.743445634841919,-1.2117291688919067,2.319749355316162,2.2545318603515625,496.80413818359375,330.6460266113281,270.39520263671875,-0.004459934309124947,-0.038239166140556335,2.7444355487823486,0.0,0.0,2.9894776344299316,1,0
1786431210.349433,12.483227306000117,TRACK,FLOW,/home/eunseop/nrs_imitation/checkpoints/flow/polishing/single_cam/20260809_1638,496.9267883300781,331.59124755859375,270.68389892578125,-0.005805379245430231,-0.039019133895635605,2.7435431480407715,-0.2520959675312042,1.9781200885772705,-0.6699984073638916,496.7969665527344,330.6648254394531,270.34521484375,-0.004359934478998184,-0.038139164447784424,2.744535446166992,0.0,0.0,3.039477586746216,0,0
1786431210.3572316,12.49102623700037,TRACK,FLOW,/home/eunseop/nrs_imitation/checkpoints/flow/polishing/single_cam/20260809_1638,496.8773193359375,331.5774230957031,270.54229736328125,-0.005580096505582333,-0.03872307762503624,2.7435574531555176,-0.5190439224243164,1.7122386693954468,-0.4466872811317444,496.7839660644531,330.6830139160156,270.29522705078125,-0.004259934648871422,-0.03803916275501251,2.7446353435516357,0.0,0.0,3.0894775390625,0,0
1786431210.3652396,12.499034239000139,TRACK,FLOW,/home/eunseop/nrs_imitation/checkpoints/flow/polishing/single_cam/20260809_1638,496.85687255859375,331.54803466796875,270.47698974609375,-0.005470627453178167,-0.038593802601099014,2.743607521057129,-0.9567732214927673,2.8457119464874268,-0.7510854005813599,496.76513671875,330.70062255859375,270.2452392578125,-0.004159934818744659,-0.0379391610622406,2.7447352409362793,0.0,0.0,3.139477491378784,0,0
1786431210.3732524,12.507046929999888,TRACK,FLOW,/home/eunseop/nrs_imitation/checkpoints/flow/polishing/single_cam/20260809_1638,496.85687255859375,331.54803466796875,270.47698974609375,-0.005470627453178167,-0.038593802601099014,2.743607521057129,-0.9567732214927673,2.8457119464874268,-0.7510854005813599,496.7406921386719,330.7176513671875,270.19525146484375,-0.004059934988617897,-0.03783915936946869,2.744835138320923,0.0,0.0,3.1894774436950684,0,0
1786431210.3812072,12.515001839999968,TRACK,FLOW,/home/eunseop/nrs_imitation/checkpoints/flow/polishing/single_cam/20260809_1638,496.850341796875,331.566162109375,270.3882141113281,-0.005288742017000914,-0.038334377110004425,2.743802309036255,0.12712633609771729,1.6860350370407104,-0.3464127480983734,496.7220764160156,330.73486328125,270.145263671875,-0.003959935158491135,-0.03773915767669678,2.7449350357055664,0.0,0.0,3.2394773960113525,0,0
1786431210.3892288,12.523023429000204,TRACK,FLOW,/home/eunseop/nrs_imitation/checkpoints/flow/polishing/single_cam/20260809_1638,496.877197265625,331.57928466796875,270.4300231933594,-0.005205814726650715,-0.0383840873837471,2.743898630142212,-0.3403500020503998,1.543145775794983,1.2818613052368164,496.709228515625,330.7522277832031,270.09527587890625,-0.0038599350955337286,-0.037639155983924866,2.74503493309021,0.0,0.0,3.2894773483276367,0,0
1786431210.3972225,12.531017082999824,TRACK,FLOW,/home/eunseop/nrs_imitation/checkpoints/flow/polishing/single_cam/20260809_1638,496.877197265625,331.57928466796875,270.4300231933594,-0.005205814726650715,-0.0383840873837471,2.743898630142212,-0.3403500020503998,1.543145775794983,1.2818613052368164,496.7021179199219,330.7697448730469,270.0452880859375,-0.0037599350325763226,-0.037539154291152954,2.7451348304748535,0.0,0.0,3.339477300643921,0,0
1786431210.405222,12.539016538999931,TRACK,FLOW,/home/eunseop/nrs_imitation/checkpoints/flow/polishing/single_cam/20260809_1638,496.84307861328125,331.65301513671875,270.39752197265625,-0.004919586703181267,-0.03814538195729256,2.744189739227295,0.3948259651660919,2.6479671001434326,2.100090980529785,496.7006530761719,330.78741455078125,269.99530029296875,-0.0036599349696189165,-0.03743915259838104,2.745234727859497,0.0,0.0,3.389477252960205,0,0
1786431210.4131532,12.546947824000199,TRACK,FLOW,/home/eunseop/nrs_imitation/checkpoints/flow/polishing/single_cam/20260809_1638,496.84307861328125,331.65301513671875,270.39752197265625,-0.004919586703181267,-0.03814538195729256,2.744189739227295,0.3948259651660919,2.6479671001434326,2.100090980529785,496.700439453125,330.8043212890625,269.9453125,-0.0035599349066615105,-0.03733915090560913,2.7453346252441406,0.0,0.0,3.4394772052764893,0,0
1786431210.421223,12.55501734400059,TRACK,FLOW,/home/eunseop/nrs_imitation/checkpoints/flow/polishing/single_cam/20260809_1638,496.8321533203125,331.6822814941406,270.29840087890625,-0.004814699292182922,-0.037957899272441864,2.744358539581299,-0.3621309697628021,2.6290032863616943,0.21106597781181335,496.70062255859375,330.82025146484375,269.89532470703125,-0.0034599348437041044,-0.03723914921283722,2.745434522628784,0.0,0.0,3.4894771575927734,0,0
1786431210.4292078,12.563002282000525,TRACK,FLOW,/home/eunseop/nrs_imitation/checkpoints/flow/polishing/single_cam/20260809_1638,496.7689208984375,331.61358642578125,270.1822509765625,-0.004621473606675863,-0.037682078778743744,2.7443854808807373,-0.3621309697628021,2.6290032863616943,0.21106597781181335,496.7012023925781,330.8352355957031,269.8453369140625,-0.0033599347807466984,-0.03713914752006531,2.7455344200134277,0.0,0.0,3.5394771099090576,0,0
1786431210.4372072,12.571001797999998,TRACK,FLOW,/home/eunseop/nrs_imitation/checkpoints/flow/polishing/single_cam/20260809_1638,496.7558898925781,331.64984130859375,270.14251708984375,-0.004522768780589104,-0.03764257952570915,2.7444822788238525,-0.9764924049377441,1.8141412734985352,0.18115854263305664,496.7021789550781,330.84930419921875,269.79534912109375,-0.0032599347177892923,-0.037039145827293396,2.7456343173980713,0.0,0.0,3.589477062225342,0,0
1786431210.445229,12.579023577000044,TRACK,FLOW,/home/eunseop/nrs_imitation/checkpoints/flow/polishing/single_cam/20260809_1638,496.75860595703125,331.64996337890625,270.08465576171875,-0.004428918473422527,-0.03750617429614067,2.74459171295166,-0.21645933389663696,1.2046222686767578,0.31062567234039307,496.7047119140625,330.8642578125,269.745361328125,-0.0031599346548318863,-0.036939144134521484,2.745734214782715,0.0,0.0,3.639477014541626,0,0
1786431210.4532104,12.587004947999958,TRACK,FLOW,/home/eunseop/nrs_imitation/checkpoints/flow/polishing/single_cam/20260809_1638,496.7651672363281,331.6892395019531,270.0612487792969,-0.0043970937840640545,-0.03744861111044884,2.7447240352630615,0.04304149001836777,1.4528552293777466,1.4084597826004028,496.7093505859375,330.8810119628906,269.69537353515625,-0.0030599345918744802,-0.03683914244174957,2.7458341121673584,0.0,0.0,3.68947696685791,0,0
1786431210.4612002,12.594994654000402,TRACK,FLOW,/home/eunseop/nrs_imitation/checkpoints/flow/polishing/single_cam/20260809_1638,496.7866516113281,331.7640686035156,270.0297546386719,-0.004291708115488291,-0.0375300832092762,2.7448678016662598,1.6227190494537354,3.254024028778076,0.7709596157073975,496.7160949707031,330.8995361328125,269.6453857421875,-0.002959934528917074,-0.03673914074897766,2.745934009552002,0.0,0.0,3.7394769191741943,0,0
1786431210.4692125,12.603007085000172,TRACK,FLOW,/home/eunseop/nrs_imitation/checkpoints/flow/polishing/single_cam/20260809_1638,496.80609130859375,331.81085205078125,269.9533386230469,-0.004234945867210627,-0.037392690777778625,2.745060682296753,0.9837766885757446,2.366650104522705,1.5587207078933716,496.72491455078125,330.9197998046875,269.59539794921875,-0.002859934465959668,-0.03663913905620575,2.7460339069366455,0.0,0.0,3.7894768714904785,0,0
1786431210.4772205,12.611015247000068,TRACK,FLOW,/home/eunseop/nrs_imitation/checkpoints/flow/polishing/single_cam/20260809_1638,496.7863464355469,331.85247802734375,269.8983154296875,-0.00413525803014636,-0.03731660917401314,2.745241403579712,-0.17323875427246094,2.1755940914154053,1.4687705039978027,496.7333679199219,330.94097900390625,269.54541015625,-0.002759934403002262,-0.03653913736343384,2.746133804321289,0.0,0.0,3.8394768238067627,0,0
1786431210.4852078,12.619002329000068,TRACK,FLOW,/home/eunseop/nrs_imitation/checkpoints/flow/polishing/single_cam/20260809_1638,496.72491455078125,331.8571472167969,269.7874755859375,-0.003834174945950508,-0.03712228685617447,2.74536395072937,-0.9454697370529175,2.8059747219085693,0.5271998047828674,496.7391357421875,330.9622802734375,269.49542236328125,-0.002659934340044856,-0.036439135670661926,2.7462337017059326,0.0,0.0,3.889476776123047,0,0
1786431210.4932308,12.627025329999924,TRACK,FLOW,/home/eunseop/nrs_imitation/checkpoints/flow/polishing/single_cam/20260809_1638,496.70306396484375,331.88323974609375,269.707763671875,-0.003670129692181945,-0.03696709871292114,2.7454617023468018,-0.7927788496017456,2.5946571826934814,0.6035301685333252,496.7422180175781,330.98370361328125,269.4454345703125,-0.00255993427708745,-0.036339133977890015,2.746333599090576,0.0,0.0,3.939476728439331,0,0
1786431210.501216,12.635010539000177,TRACK,FLOW,/home/eunseop/nrs_imitation/checkpoints/flow/polishing/single_cam/20260809_1638,496.69140625,331.9302062988281,269.6556091308594,-0.003489320632070303,-0.03691650554537773,2.7455832958221436,-0.16285887360572815,2.4097087383270264,0.9077929258346558,496.7426452636719,331.0052490234375,269.39544677734375,-0.002459934214130044,-0.0362391322851181,2.7464334964752197,0.0,0.0,3.9894766807556152,0,0
1786431210.5092244,12.64301892200001,TRACK,FLOW,/home/eunseop/nrs_imitation/checkpoints/flow/polishing/single_cam/20260809_1638,496.6779479980469,331.9524230957031,269.61480712890625,-0.0033766808919608593,-0.036886125802993774,2.7456443309783936,0.019087499007582664,3.406416893005371,0.37066060304641724,496.7412109375,331.0266418457031,269.345458984375,-0.002359934151172638,-0.03613913059234619,2.7465333938598633,0.0,0.0,4.0394768714904785,0,0
1786431210.5172164,12.651011064000159,TRACK,FLOW,/home/eunseop/nrs_imitation/checkpoints/flow/polishing/single_cam/20260809_1638,496.6842346191406,331.9748840332031,269.5900573730469,-0.003314787521958351,-0.03684406355023384,2.745668649673462,0.8302950263023376,2.285303831100464,-0.13254526257514954,496.7393798828125,331.04742431640625,269.29547119140625,-0.002259934088215232,-0.03603912889957428,2.746633291244507,0.0,0.0,4.089477062225342,0,0
1786431210.52523,12.659024366000267,TRACK,FLOW,/home/eunseop/nrs_imitation/checkpoints/flow/polishing/single_cam/20260809_1638,496.66766357421875,331.9328918457031,269.56591796875,-0.0033260202035307884,-0.03676075488328934,2.745692729949951,-0.39652740955352783,1.8804398775100708,0.0815090760588646,496.73712158203125,331.06756591796875,269.2454833984375,-0.002159934025257826,-0.03593912720680237,2.7467331886291504,0.0,0.0,4.139477252960205,0,0
1786431210.5332186,12.667013080999823,TRACK,FLOW,/home/eunseop/nrs_imitation/checkpoints/flow/polishing/single_cam/20260809_1638,496.703125,331.9515075683594,269.53515625,-0.0032691799569875,-0.03679341822862625,2.745669364929199,0.46364426612854004,1.5533190965652466,-0.08491082489490509,496.7344665527344,331.08709716796875,269.19549560546875,-0.00205993396230042,-0.03583912551403046,2.746833086013794,0.0,0.0,4.189477443695068,0,0
1786431210.5412261,12.6750208630001,TRACK,FLOW,/home/eunseop/nrs_imitation/checkpoints/flow/polishing/single_cam/20260809_1638,496.70263671875,331.9644775390625,269.543701171875,-0.0032945091370493174,-0.03680158779025078,2.7458248138427734,0.46364426612854004,1.5533190965652466,-0.08491082489490509,496.7314147949219,331.10638427734375,269.1455078125,-0.0019599338993430138,-0.035739123821258545,2.7469329833984375,0.0,0.0,4.239477634429932,0,0
1786431210.549193,12.682987435000541,TRACK,FLOW,/home/eunseop/nrs_imitation/checkpoints/flow/polishing/single_cam/20260809_1638,496.72760009765625,332.0161437988281,269.5333557128906,-0.0032287663780152798,-0.036783911287784576,2.745969295501709,0.21454253792762756,1.9280807971954346,2.387890338897705,496.7280578613281,331.12701416015625,269.09552001953125,-0.0018599339528009295,-0.03563912212848663,2.747032880783081,0.0,0.0,4.289477825164795,0,0
1786431210.5572255,12.69102012500025,TRACK,FLOW,/home/eunseop/nrs_imitation/checkpoints/flow/polishing/single_cam/20260809_1638,496.78057861328125,332.07757568359375,269.490478515625,-0.003255465766415,-0.03682839870452881,2.746077060699463,0.8670371770858765,3.2243423461914062,2.0699853897094727,496.7243957519531,331.14898681640625,269.0455322265625,-0.0017599340062588453,-0.03553912043571472,2.7471327781677246,0.0,0.0,4.339478015899658,0,0
1786431210.5652306,12.699025281000104,TRACK,FLOW,/home/eunseop/nrs_imitation/checkpoints/flow/polishing/single_cam/20260809_1638,496.75372314453125,332.0645446777344,269.4318542480469,-0.003149335505440831,-0.03667546436190605,2.746066093444824,0.0886962041258812,3.1191935539245605,1.6016055345535278,496.7204284667969,331.17230224609375,268.99554443359375,-0.0016599340597167611,-0.03543911874294281,2.747232675552368,0.0,0.0,4.388380527496338,0,0
1786431210.5732195,12.707014077000167,TRACK,FLOW,/home/eunseop/nrs_imitation/checkpoints/flow/polishing/single_cam/20260809_1638,496.71795654296875,332.0744934082031,269.3257751464844,-0.0029539410024881363,-0.03646283224225044,2.7462477684020996,-1.273780107498169,1.7301616668701172,1.341485619544983,496.7161865234375,331.1969299316406,268.945556640625,-0.001559934113174677,-0.0353391170501709,2.7473325729370117,0.0,0.0,4.435477256774902,0,0
1786431210.5812387,12.715033430000403,TRACK,FLOW,/home/eunseop/nrs_imitation/checkpoints/flow/polishing/single_cam/20260809_1638,496.6712951660156,332.10797119140625,269.17095947265625,-0.0026858458295464516,-0.036191657185554504,2.7464184761047363,-1.9503757953643799,1.8182517290115356,1.2495160102844238,496.7130432128906,331.22314453125,268.89556884765625,-0.0014599341666325927,-0.03523911535739899,2.7474324703216553,0.0,0.0,4.483341217041016,0,0
1786431210.5892236,12.723018339000191,TRACK,FLOW,/home/eunseop/nrs_imitation/checkpoints/flow/polishing/single_cam/20260809_1638,496.6710205078125,332.10028076171875,269.0636901855469,-0.0024780987296253443,-0.03602301701903343,2.746492624282837,-0.12730810046195984,2.067159652709961,-0.06914294511079788,496.7109680175781,331.2508850097656,268.8455810546875,-0.0013599342200905085,-0.035139113664627075,2.747532367706299,0.0,0.0,4.5319647789001465,0,0
1786431210.5972323,12.731027032000384,TRACK,FLOW,/home/eunseop/nrs_imitation/checkpoints/flow/polishing/single_cam/20260809_1638,496.7174377441406,332.1374206542969,268.99481201171875,-0.002462406875565648,-0.03582246974110603,2.7466371059417725,-0.27493909001350403,2.3451786041259766,0.8485274314880371,496.7099609375,331.2801513671875,268.79559326171875,-0.0012599342735484242,-0.035039111971855164,2.7476322650909424,0.0,0.0,4.581340789794922,0,0
1786431210.605331,12.739125638000587,TRACK,FLOW,/home/eunseop/nrs_imitation/checkpoints/flow/polishing/single_cam/20260809_1638,496.7182922363281,332.1700134277344,268.9017333984375,-0.0022809188812971115,-0.03573489561676979,2.74674654006958,0.8925792574882507,2.5209028720855713,0.3445391356945038,496.71002197265625,331.3109436035156,268.74560546875,-0.00115993432700634,-0.03493911027908325,2.747732162475586,0.0,0.0,4.631340980529785,0,0
1786431210.6132574,12.747052063999945,TRACK,FLOW,/home/eunseop/nrs_imitation/checkpoints/flow/polishing/single_cam/20260809_1638,496.7464904785156,332.19964599609375,268.8097229003906,-0.00216149864718318,-0.03555430471897125,2.7468440532684326,1.6216031312942505,2.55505633354187,-0.22744713723659515,496.7091979980469,331.34100341796875,268.69561767578125,-0.0010599343804642558,-0.03483910858631134,2.7478320598602295,0.0,0.0,4.680126667022705,0,0
1786431210.6212606,12.755055086000539,TRACK,FLOW,/home/eunseop/nrs_imitation/checkpoints/flow/polishing/single_cam/20260809_1638,496.7225341796875,332.2006530761719,268.71673583984375,-0.002008747076615691,-0.03531573340296745,2.7470133304595947,-0.387699156999588,1.5165503025054932,0.11314914375543594,496.7071533203125,331.36993408203125,268.6456298828125,-0.0009599343757145107,-0.03473910689353943,2.747931957244873,0.0,0.0,4.727198123931885,0,0
1786431210.629328,12.76312277299985,TRACK,FLOW,/home/eunseop/nrs_imitation/checkpoints/flow/polishing/single_cam/20260809_1638,496.7225646972656,332.24151611328125,268.6510009765625,-0.001879223738797009,-0.03521943837404251,2.747194766998291,-0.2988346815109253,1.7937126159667969,-0.035159166902303696,496.70391845703125,331.3977355957031,268.59564208984375,-0.0008599343709647655,-0.03463910520076752,2.7480318546295166,0.0,0.0,4.772571563720703,0,0
1786431210.6372848,12.771079436000036,TRACK,FLOW,/home/eunseop/nrs_imitation/checkpoints/flow/polishing/single_cam/20260809_1638,496.67803955078125,332.2896728515625,268.6222229003906,-0.0017070345347747207,-0.035221099853515625,2.7473275661468506,-0.7888255715370178,2.802793264389038,0.8749115467071533,496.6994934082031,331.4244079589844,268.545654296875,-0.0007599343662150204,-0.034539103507995605,2.74813175201416,0.0,0.0,4.816265106201172,0,0
1786431210.6452737,12.779068331999952,TRACK,FLOW,/home/eunseop/nrs_imitation/checkpoints/flow/polishing/single_cam/20260809_1638,496.7087707519531,332.32373046875,268.5674133300781,-0.0017107485327869654,-0.03512444719672203,2.7474238872528076,0.07826051115989685,3.727418899536133,0.4149375855922699,496.69610595703125,331.45025634765625,268.49566650390625,-0.0006599343614652753,-0.034439101815223694,2.7482316493988037,0.0,0.0,4.859107494354248,0,0
1786431210.65335,12.787144795000131,TRACK,FLOW,/home/eunseop/nrs_imitation/checkpoints/flow/polishing/single_cam/20260809_1638,496.7241516113281,332.3173828125,268.5346984863281,-0.0016726041212677956,-0.03508888557553291,2.7474122047424316,0.17137761414051056,3.020815849304199,0.19399577379226685,496.6948547363281,331.47540283203125,268.4456787109375,-0.0005599343567155302,-0.03433910012245178,2.7483315467834473,0.0,0.0,4.901496410369873,0,0
1786431210.6613512,12.795145793999836,TRACK,FLOW,/home/eunseop/nrs_imitation/checkpoints/flow/polishing/single_cam/20260809_1638,496.6673889160156,332.3619079589844,268.51861572265625,-0.0015231332508847117,-0.035134345293045044,2.747424840927124,-0.7155636548995972,2.791128396987915,0.5502997040748596,496.6956787109375,331.4998779296875,268.39569091796875,-0.000459934351965785,-0.03423909842967987,2.748431444168091,0.0,0.0,4.943436622619629,0,0
1786431210.6693273,12.80312211599994,TRACK,FLOW,/home/eunseop/nrs_imitation/checkpoints/flow/polishing/single_cam/20260809_1638,496.6760559082031,332.3357238769531,268.50872802734375,-0.001537618227303028,-0.035089120268821716,2.7474725246429443,-0.6485408544540405,1.4956269264221191,0.5486823916435242,496.69854736328125,331.523681640625,268.345703125,-0.0003599343472160399,-0.03413909673690796,2.7485313415527344,0.0,0.0,4.984932899475098,0,0
1786431210.677223,12.811017562000416,TRACK,FLOW,/home/eunseop/nrs_imitation/checkpoints/flow/polishing/single_cam/20260809_1638,496.6943664550781,332.33428955078125,268.4518127441406,-0.0015005915192887187,-0.03491923585534096,2.7475690841674805,-1.0579969882965088,0.7241023182868958,1.699975848197937,496.70062255859375,331.5481872558594,268.29571533203125,-0.00025993434246629477,-0.03403909504413605,2.748631238937378,0.0,0.0,5.026299953460693,0,0
1786431210.685169,12.818963413999882,TRACK,FLOW,/home/eunseop/nrs_imitation/checkpoints/flow/polishing/single_cam/20260809_1638,496.72027587890625,332.370361328125,268.4810485839844,-0.001548317726701498,-0.03493363410234451,2.747713088989258,-1.0579969882965088,0.7241023182868958,1.699975848197937,496.6990966796875,331.5747375488281,268.2457275390625,-0.00015993433771654963,-0.033939093351364136,2.7487311363220215,0.0,0.0,5.067844867706299,0,0
1786431210.693215,12.827009560000079,TRACK,FLOW,/home/eunseop/nrs_imitation/checkpoints/flow/polishing/single_cam/20260809_1638,496.7273254394531,332.41937255859375,268.4280090332031,-0.001483045401982963,-0.03495258465409279,2.747833013534546,0.4554665982723236,2.930419921875,1.8402087688446045,496.6940002441406,331.60333251953125,268.19573974609375,-5.993434024276212e-05,-0.033839091658592224,2.748831033706665,0.0,0.0,5.109570503234863,0,0
1786431210.7011986,12.834993115000543,TRACK,FLOW,/home/eunseop/nrs_imitation/checkpoints/flow/polishing/single_cam/20260809_1638,496.7450866699219,332.4883117675781,268.3578186035156,-0.0013695101952180266,-0.03492205590009689,2.7478694915771484,1.0269278287887573,2.5245938301086426,1.5411670207977295,496.68536376953125,331.6339416503906,268.145751953125,4.00656572310254e-05,-0.03373908996582031,2.7489309310913086,0.0,0.0,5.151471138000488,0,0
1786431210.7092762,12.84307088100013,TRACK,FLOW,/home/eunseop/nrs_imitation/checkpoints/flow/polishing/single_cam/20260809_1638,496.71954345703125,332.4798583984375,268.2783508300781,-0.0012623266084119678,-0.03473206236958504,2.747955322265625,-0.6339516639709473,0.5615469813346863,1.3397833108901978,496.6754150390625,331.6653137207031,268.09576416015625,0.0001400656474288553,-0.0336390882730484,2.749030828475952,0.0,0.0,5.193218231201172,0,0
1786431210.7173216,12.851116415000433,TRACK,FLOW,/home/eunseop/nrs_imitation/checkpoints/flow/polishing/single_cam/20260809_1638,496.69244384765625,332.4740905761719,268.1551208496094,-0.0010546562261879444,-0.034429699182510376,2.7481372356414795,-2.3703665733337402,1.115613579750061,1.265122413635254,496.6683349609375,331.695068359375,268.0457763671875,0.00024006565217860043,-0.03353908658027649,2.7491307258605957,0.0,0.0,5.2341790199279785,0,0
1786431210.7252948,12.85908956000003,TRACK,FLOW,/home/eunseop/nrs_imitation/checkpoints/flow/polishing/single_cam/20260809_1638,496.6819763183594,332.5287780761719,268.0614929199219,-0.0008760204655118287,-0.03431887924671173,2.74824595451355,-0.2420859932899475,2.2017455101013184,0.1679956614971161,496.66412353515625,331.72320556640625,267.99578857421875,0.00034006565692834556,-0.03343908488750458,2.7492306232452393,0.0,0.0,5.274362087249756,0,0
1786431210.73319,12.866984616000082,TRACK,FLOW,/home/eunseop/nrs_imitation/checkpoints/flow/polishing/single_cam/20260809_1638,496.6779479980469,332.5967102050781,267.976806640625,-0.0007212039199657738,-0.03417947515845299,2.7484753131866455,-0.6717664003372192,3.469620943069458,1.3616756200790405,496.6627197265625,331.749755859375,267.94580078125,0.0004400656616780907,-0.033339083194732666,2.749330520629883,0.0,0.0,5.313775539398193,0,0
1786431210.7412727,12.875067181000304,TRACK,FLOW,/home/eunseop/nrs_imitation/checkpoints/flow/polishing/single_cam/20260809_1638,496.6962585449219,332.63604736328125,267.85589599609375,-0.0005755764432251453,-0.03395511955022812,2.748548984527588,-0.22281968593597412,2.383774518966675,0.8437709212303162,496.6634216308594,331.7749938964844,267.89581298828125,0.0005400656373240054,-0.033239081501960754,2.7494304180145264,0.0,0.0,5.352439880371094,0,0
1786431210.749274,12.883068801000263,TRACK,FLOW,/home/eunseop/nrs_imitation/checkpoints/flow/polishing/single_cam/20260809_1638,496.7079772949219,332.6572570800781,267.7608642578125,-0.0004723319143522531,-0.03380405530333519,2.7486815452575684,1.0313081741333008,2.3904573917388916,-0.32027000188827515,496.66302490234375,331.80029296875,267.8458251953125,0.0006400656420737505,-0.03313907980918884,2.74953031539917,0.0,0.0,5.390429973602295,0,0
1786431210.757354,12.891148741000507,TRACK,FLOW,/home/eunseop/nrs_imitation/checkpoints/flow/polishing/single_cam/20260809_1638,496.6904296875,332.67010498046875,267.6792907714844,-0.00031396435224451125,-0.033624935895204544,2.7487785816192627,-1.011992335319519,2.0500526428222656,0.43823325634002686,496.6615295410156,331.82562255859375,267.79583740234375,0.0007400656468234956,-0.03303907811641693,2.7496302127838135,0.0,0.0,5.427751064300537,0,0
1786431210.765335,12.899129671000082,TRACK,FLOW,/home/eunseop/nrs_imitation/checkpoints/flow/polishing/single_cam/20260809_1638,496.6689758300781,332.7164001464844,267.5829772949219,-9.976618457585573e-05,-0.03351689875125885,2.748936414718628,0.15644311904907227,0.7125363349914551,-0.243600994348526,496.6589660644531,331.85101318359375,267.745849609375,0.0008400656515732408,-0.03293907642364502,2.749730110168457,0.0,0.0,5.464413166046143,0,0
1786431210.7732227,12.907017182000345,TRACK,FLOW,/home/eunseop/nrs_imitation/checkpoints/flow/polishing/single_cam/20260809_1638,496.6636962890625,332.6951599121094,267.5326843261719,-3.072196341236122e-05,-0.03332572430372238,2.7489850521087646,0.5734703540802002,2.3028011322021484,-0.3235567510128021,496.6553649902344,331.8764343261719,267.69586181640625,0.0009400656563229859,-0.03283907473087311,2.7498300075531006,0.0,0.0,5.500428199768066,0,0
1786431210.7812786,12.915073397000015,TRACK,FLOW,/home/eunseop/nrs_imitation/checkpoints/flow/polishing/single_cam/20260809_1638,496.6894836425781,332.7462158203125,267.4809265136719,-6.042877430445515e-06,-0.033282529562711716,2.7490334510803223,-0.09082050621509552,3.1543939113616943,0.7100039720535278,496.6510009765625,331.9005126953125,267.6458740234375,0.001040065661072731,-0.032739073038101196,2.749929904937744,0.0,0.0,5.536722660064697,0,0
1786431210.789332,12.923126646000128,TRACK,FLOW,/home/eunseop/nrs_imitation/checkpoints/flow/polishing/single_cam/20260809_1638,496.6902160644531,332.77392578125,267.5043640136719,-4.230086778989062e-05,-0.033280737698078156,2.749056577682495,0.06870759278535843,3.4523353576660156,0.38273051381111145,496.6459045410156,331.92327880859375,267.59588623046875,0.0011400656076148152,-0.032639071345329285,2.7500298023223877,0.0,0.0,5.573292255401611,0,0
1786431210.7973173,12.931112135000149,TRACK,FLOW,/home/eunseop/nrs_imitation/checkpoints/flow/polishing/single_cam/20260809_1638,496.6756286621094,332.814453125,267.4726867675781,-4.124851784581551e-06,-0.03328278660774231,2.749129056930542,0.038964904844760895,1.9198698997497559,0.3266042172908783,496.64007568359375,331.9447326660156,267.5458984375,0.0012400655541568995,-0.03253906965255737,2.7501296997070312,0.0,0.0,5.610134124755859,0,0
1786431210.8052838,12.93907858700004,TRACK,FLOW,/home/eunseop/nrs_imitation/checkpoints/flow/polishing/single_cam/20260809_1638,496.66900634765625,332.77960205078125,267.4536437988281,4.8865462304092944e-05,-0.03325575590133667,2.7490689754486084,-1.2320308685302734,1.9889767169952393,1.0141432285308838,496.633544921875,331.96490478515625,267.49591064453125,0.0013400655006989837,-0.03243906795978546,2.750229597091675,0.0,0.0,5.64724588394165,0,0
1786431210.813274,12.947068444999786,TRACK,FLOW,/home/eunseop/nrs_imitation/checkpoints/flow/polishing/single_cam/20260809_1638,496.6462707519531,332.8272705078125,267.4158630371094,0.00017398525960743427,-0.03327135369181633,2.74922513961792,-0.8694072365760803,1.7334076166152954,1.982879400253296,496.62701416015625,331.9869079589844,267.4459228515625,0.0014400654472410679,-0.03233906626701355,2.7503294944763184,0.0,0.0,5.683815002441406,0,0
1786431210.8212466,12.955041289000292,TRACK,FLOW,/home/eunseop/nrs_imitation/checkpoints/flow/polishing/single_cam/20260809_1638,496.6636962890625,332.841552734375,267.37042236328125,0.0002597020356915891,-0.03318604454398155,2.7492737770080566,-0.8694072365760803,1.7334076166152954,1.982879400253296,496.6206359863281,332.0113220214844,267.39593505859375,0.001540065393783152,-0.03223906457424164,2.750429391860962,0.0,0.0,5.719695091247559,0,0
1786431210.8292434,12.96303799999987,TRACK,FLOW,/home/eunseop/nrs_imitation/checkpoints/flow/polishing/single_cam/20260809_1638,496.6658630371094,332.9317932128906,267.3066711425781,0.00038676057010889053,-0.03316477686166763,2.7494781017303467,0.5411723852157593,2.3592684268951416,2.199867010116577,496.6144104003906,332.0381774902344,267.345947265625,0.0016400653403252363,-0.03213906288146973,2.7505292892456055,0.0,0.0,5.754889488220215,0,0
1786431210.8372493,12.97104391799985,TRACK,FLOW,/home/eunseop/nrs_imitation/checkpoints/flow/polishing/single_cam/20260809_1638,496.6755676269531,332.95513916015625,267.1847229003906,0.0005357673508115113,-0.033001285046339035,2.749563217163086,0.5411723852157593,2.3592684268951416,2.199867010116577,496.60833740234375,332.0673828125,267.29595947265625,0.0017400652868673205,-0.032039061188697815,2.750629186630249,0.0,0.0,5.789409637451172,0,0
1786431210.845229,12.979023294999934,TRACK,FLOW,/home/eunseop/nrs_imitation/checkpoints/flow/polishing/single_cam/20260809_1638,496.6522521972656,333.002197265625,267.1433410644531,0.0007113250903785229,-0.03292849659919739,2.7497081756591797,0.5810181498527527,1.831004023551941,-0.0822087749838829,496.6037902832031,332.0972595214844,267.2459716796875,0.0018400652334094048,-0.0319390594959259,2.7507290840148926,0.0,0.0,5.823546886444092,0,0
1786431210.853216,12.987010668000039,TRACK,FLOW,/home/eunseop/nrs_imitation/checkpoints/flow/polishing/single_cam/20260809_1638,496.64788818359375,332.94573974609375,266.98272705078125,0.0008334919111803174,-0.03257458284497261,2.7497339248657227,-0.8486853837966919,1.9604601860046387,0.5247653126716614,496.6014099121094,332.1269836425781,267.19598388671875,0.001940065179951489,-0.03183905780315399,2.750828981399536,0.0,0.0,5.8574442863464355,0,0
1786431210.8612425,12.99503732500034,TRACK,FLOW,/home/eunseop/nrs_imitation/checkpoints/flow/polishing/single_cam/20260809_1638,496.59808349609375,332.9469299316406,266.86627197265625,0.0010483750374987721,-0.0323670394718647,2.749735116958618,-0.07989068329334259,2.4943113327026367,-0.30107763409614563,496.6011962890625,332.15655517578125,267.14599609375,0.002040065126493573,-0.03173905611038208,2.7509288787841797,0.0,0.0,5.891104698181152,0,0
1786431210.8692055,13.003000190999956,TRACK,FLOW,/home/eunseop/nrs_imitation/checkpoints/flow/polishing/single_cam/20260809_1638,496.5560302734375,332.9858703613281,266.78692626953125,0.0012187955435365438,-0.03227188065648079,2.7498083114624023,-0.23514392971992493,2.8060829639434814,-0.5760580897331238,496.60308837890625,332.18597412109375,267.09600830078125,0.0021400651894509792,-0.03163905441761017,2.7510287761688232,0.0,0.0,5.924529552459717,0,0
1786431210.877246,13.011040555000363,TRACK,FLOW,/home/eunseop/nrs_imitation/checkpoints/flow/polishing/single_cam/20260809_1638,496.5701904296875,333.0023193359375,266.7239685058594,0.0013157175853848457,-0.032096922397613525,2.7500126361846924,-2.058696985244751,1.6456786394119263,1.175947904586792,496.60546875,332.21484375,267.0460205078125,0.0022400652524083853,-0.03153905272483826,2.751128673553467,0.0,0.0,5.957171440124512,0,0
1786431210.8852432,13.019037767000555,TRACK,FLOW,/home/eunseop/nrs_imitation/checkpoints/flow/polishing/single_cam/20260809_1638,496.5835876464844,333.07830810546875,266.7236328125,0.0013047447428107262,-0.03215107321739197,2.7501444816589355,-0.1544259786605835,1.868467092514038,0.986589789390564,496.6067810058594,332.2428283691406,266.99603271484375,0.0023400653153657913,-0.031439051032066345,2.7512285709381104,0.0,0.0,5.9885077476501465,0,0
1786431210.893207,13.027001614000255,TRACK,FLOW,/home/eunseop/nrs_imitation/checkpoints/flow/polishing/single_cam/20260809_1638,496.6011657714844,333.12579345703125,266.6485290527344,0.0014494973002001643,-0.03206238895654678,2.750253200531006,0.742598295211792,3.2590386867523193,1.47008216381073,496.6070251464844,332.2699279785156,266.946044921875,0.0024400653783231974,-0.031339049339294434,2.751328468322754,0.0,0.0,6.018554210662842,0,0
1786431210.9012144,13.035008915000617,TRACK,FLOW,/home/eunseop/nrs_imitation/checkpoints/flow/polishing/single_cam/20260809_1638,496.6172180175781,333.141357421875,266.6322326660156,0.0014780652709305286,-0.03204277902841568,2.7503855228424072,0.742598295211792,3.2590386867523193,1.47008216381073,496.6062316894531,332.296142578125,266.89605712890625,0.0025400654412806034,-0.03123904950916767,2.7514283657073975,0.0,0.0,6.04732084274292,0,0
1786431210.909198,13.042992520000553,TRACK,FLOW,/home/eunseop/nrs_imitation/checkpoints/flow/polishing/single_cam/20260809_1638,496.58013916015625,333.19207763671875,266.5677490234375,0.001618045847862959,-0.031932245939970016,2.750589370727539,-0.44369640946388245,1.3944363594055176,1.1340529918670654,496.6037902832031,332.322021484375,266.8460693359375,0.0026400655042380095,-0.03113904967904091,2.751528263092041,0.0,0.0,6.0757155418396,0,0
1786431210.9172995,13.051094102000206,TRACK,FLOW,/home/eunseop/nrs_imitation/checkpoints/flow/polishing/single_cam/20260809_1638,496.58013916015625,333.19207763671875,266.5677490234375,0.001618045847862959,-0.031932245939970016,2.750589370727539,-0.44369640946388245,1.3944363594055176,1.1340529918670654,496.5986022949219,332.34869384765625,266.79608154296875,0.0027400655671954155,-0.031039049848914146,2.7516281604766846,0.0,0.0,6.105488300323486,0,0
1786431210.92522,13.059014706000198,TRACK,FLOW,/home/eunseop/nrs_imitation/checkpoints/flow/polishing/single_cam/20260809_1638,496.54144287109375,333.18505859375,266.3861999511719,0.0019218840170651674,-0.0315646193921566,2.750699520111084,-1.8069674968719482,2.449779510498047,-0.011187165044248104,496.5906982421875,332.3760986328125,266.74609375,0.0028400656301528215,-0.030939050018787384,2.751728057861328,0.0,0.0,6.136614799499512,0,0
1786431210.9331973,13.066991779000091,TRACK,FLOW,/home/eunseop/nrs_imitation/checkpoints/flow/polishing/single_cam/20260809_1638,496.53326416015625,333.19976806640625,266.3365783691406,0.001948938937857747,-0.031484052538871765,2.7507481575012207,-0.2467365562915802,1.5247451066970825,-0.37644144892692566,496.5801086425781,332.4042663574219,266.69610595703125,0.0029400656931102276,-0.03083905018866062,2.7518279552459717,0.0,0.0,6.169085502624512,0,0
1786431210.941192,13.074986395999986,TRACK,FLOW,/home/eunseop/nrs_imitation/checkpoints/flow/polishing/single_cam/20260809_1638,496.5411376953125,333.2028503417969,266.3106384277344,0.0020015535410493612,-0.03145701438188553,2.7508082389831543,-0.0994766429066658,2.601634979248047,-0.2855074405670166,496.5679626464844,332.4335021972656,266.6461181640625,0.0030400657560676336,-0.03073905035853386,2.7519278526306152,0.0,0.0,6.202666282653809,0,0
1786431210.9492364,13.083030918000077,TRACK,FLOW,/home/eunseop/nrs_imitation/checkpoints/flow/polishing/single_cam/20260809_1638,496.51605224609375,333.2508850097656,266.2200012207031,0.0021956637501716614,-0.03131835162639618,2.750952959060669,-0.525111198425293,2.0944485664367676,1.1002779006958008,496.5596008300781,332.4652404785156,266.59613037109375,0.0031400658190250397,-0.030639050528407097,2.752027750015259,0.0,0.0,6.2362895011901855,0,0
1786431210.957328,13.091122800999983,TRACK,FLOW,/home/eunseop/nrs_imitation/checkpoints/flow/polishing/single_cam/20260809_1638,496.5401916503906,333.2637939453125,266.1947326660156,0.002214596373960376,-0.031214959919452667,2.751061201095581,-0.2550840973854065,1.7557320594787598,1.7558926343917847,496.55499267578125,332.4994812011719,266.546142578125,0.0032400658819824457,-0.030539050698280334,2.7521276473999023,0.0,0.0,6.269957065582275,0,0
1786431210.9652898,13.099084403999768,TRACK,FLOW,/home/eunseop/nrs_imitation/checkpoints/flow/polishing/single_cam/20260809_1638,496.5401916503906,333.2637939453125,266.1947326660156,0.002214596373960376,-0.031214959919452667,2.751061201095581,-0.2550840973854065,1.7557320594787598,1.7558926343917847,496.5540771484375,332.5361633300781,266.49615478515625,0.0033400659449398518,-0.030439050868153572,2.752227544784546,0.0,0.0,6.303664207458496,0,0
1786431210.9732492,13.107043773000441,TRACK,FLOW,/home/eunseop/nrs_imitation/checkpoints/flow/polishing/single_cam/20260809_1638,496.64453125,333.3895263671875,266.0713806152344,0.002263891277834773,-0.031190989539027214,2.7513253688812256,0.710865318775177,3.43680477142334,1.4436149597167969,496.5567626953125,332.5752868652344,266.4461669921875,0.003440066007897258,-0.03033905103802681,2.7523274421691895,0.0,0.0,6.337408065795898,0,0
1786431210.9812548,13.115049611000359,TRACK,FLOW,/home/eunseop/nrs_imitation/checkpoints/flow/polishing/single_cam/20260809_1638,496.5997619628906,333.42041015625,265.9938049316406,0.002447123872116208,-0.031005598604679108,2.7514216899871826,-0.11772410571575165,2.341543436050415,1.1462793350219727,496.5546875,332.6147155761719,266.39617919921875,0.003540066070854664,-0.030239051207900047,2.752427339553833,0.0,0.0,6.3706889152526855,0,0
1786431210.9894094,13.123204194000209,TRACK,FLOW,/home/eunseop/nrs_imitation/checkpoints/flow/polishing/single_cam/20260809_1638,496.5997619628906,333.42041015625,265.9938049316406,0.002447123872116208,-0.031005598604679108,2.7514216899871826,-0.11772410571575165,2.341543436050415,1.1462793350219727,496.54779052734375,332.6545104980469,266.34619140625,0.00364006613381207,-0.030139051377773285,2.7525272369384766,0.0,0.0,6.403508186340332,0,0
1786431210.9972095,13.131004097000186,TRACK,FLOW,/home/eunseop/nrs_imitation/checkpoints/flow/polishing/single_cam/20260809_1638,496.5482482910156,333.3924255371094,265.7931823730469,0.002677994780242443,-0.030597930774092674,2.7515671253204346,-0.9462316632270813,2.696000814437866,-0.43446242809295654,496.53631591796875,332.694580078125,266.29620361328125,0.003740066196769476,-0.030039051547646523,2.75262713432312,0.0,0.0,6.435876846313477,0,0
1786431211.0051973,13.138991720000377,TRACK,FLOW,/home/eunseop/nrs_imitation/checkpoints/flow/polishing/single_cam/20260809_1638,496.5169677734375,333.40899658203125,265.73919677734375,0.0027357805520296097,-0.0304967500269413,2.751711845397949,0.03142153471708298,1.889183759689331,-0.794538140296936,496.5202331542969,332.7349853515625,266.2462158203125,0.003840066259726882,-0.02993905171751976,2.7527270317077637,0.0,0.0,6.4677958488464355,0,0
1786431211.013233,13.147027484999853,TRACK,FLOW,/home/eunseop/nrs_imitation/checkpoints/flow/polishing/single_cam/20260809_1638,496.51068115234375,333.4533996582031,265.6925048828125,0.0028766649775207043,-0.030385445803403854,2.7517964839935303,-1.9550085067749023,1.677223801612854,1.76837956905365,496.50604248046875,332.776611328125,266.19622802734375,0.003940066322684288,-0.029839051887392998,2.7528269290924072,0.0,0.0,6.500524997711182,0,0
1786431211.0213532,13.15514800300025,TRACK,FLOW,/home/eunseop/nrs_imitation/checkpoints/flow/polishing/single_cam/20260809_1638,496.5160827636719,333.53961181640625,265.6694641113281,0.002973754657432437,-0.030384283512830734,2.7519760131835938,0.33465319871902466,1.8707005977630615,1.2883437871932983,496.49493408203125,332.81964111328125,266.146240234375,0.00404006615281105,-0.029739052057266235,2.752926826477051,0.0,0.0,6.53429651260376,0,0
1786431211.0293775,13.163172377000592,TRACK,FLOW,/home/eunseop/nrs_imitation/checkpoints/flow/polishing/single_cam/20260809_1638,496.55877685546875,333.6073303222656,265.616455078125,0.003003779100254178,-0.030364323407411575,2.7520718574523926,0.33465319871902466,1.8707005977630615,1.2883437871932983,496.48687744140625,332.8640441894531,266.09625244140625,0.004140065982937813,-0.029639052227139473,2.7530267238616943,0.0,0.0,6.569096565246582,0,0
1786431211.0372202,13.171014991000447,TRACK,FLOW,/home/eunseop/nrs_imitation/checkpoints/flow/polishing/single_cam/20260809_1638,496.5608825683594,333.65826416015625,265.5707702636719,0.003074895590543747,-0.030407739803195,2.752216100692749,0.7325056195259094,2.3363988399505615,1.351753830909729,496.4818420410156,332.9097900390625,266.0462646484375,0.004240065813064575,-0.02953905239701271,2.753126621246338,0.0,0.0,6.604900360107422,0,0
1786431211.045196,13.17899054100053,TRACK,FLOW,/home/eunseop/nrs_imitation/checkpoints/flow/polishing/single_cam/20260809_1638,496.5625915527344,333.6920166015625,265.5015869140625,0.0031736046075820923,-0.03023367002606392,2.7523365020751953,-0.8901030421257019,2.5030438899993896,1.8404748439788818,496.4775695800781,332.9539794921875,265.99627685546875,0.004340065643191338,-0.029439052566885948,2.7532265186309814,0.0,0.0,6.639907360076904,0,0
1786431211.0532286,13.187023039999985,TRACK,FLOW,/home/eunseop/nrs_imitation/checkpoints/flow/polishing/single_cam/20260809_1638,496.50933837890625,333.7255554199219,265.3830871582031,0.0034090965054929256,-0.030058417469263077,2.7524092197418213,-0.22148548066616058,2.3107659816741943,0.5709085464477539,496.4729919433594,332.9952392578125,265.9462890625,0.0044400654733181,-0.029339052736759186,2.753326416015625,0.0,0.0,6.673239231109619,0,0
1786431211.0612693,13.195063774000118,TRACK,FLOW,/home/eunseop/nrs_imitation/checkpoints/flow/polishing/single_cam/20260809_1638,496.4928283691406,333.7714538574219,265.3363342285156,0.0035031393636018038,-0.029995931312441826,2.752481460571289,-0.8710454702377319,2.6088452339172363,0.07523749768733978,496.46807861328125,333.03363037109375,265.89630126953125,0.004540065303444862,-0.029239052906632423,2.7534263134002686,0.0,0.0,6.704916954040527,0,0
1786431211.0692692,13.203063891000056,TRACK,FLOW,/home/eunseop/nrs_imitation/checkpoints/flow/polishing/single_cam/20260809_1638,496.4737854003906,333.7811279296875,265.25457763671875,0.0035954623017460108,-0.029834764078259468,2.7524940967559814,-0.45997342467308044,2.7661561965942383,0.12639875710010529,496.4628601074219,333.06915283203125,265.8463134765625,0.004640065133571625,-0.02913905307650566,2.753526210784912,0.0,0.0,6.734955310821533,0,0
1786431211.1397345,13.273529183999926,TRACK,FLOW,/home/eunseop/nrs_imitation/checkpoints/flow/polishing/single_cam/20260809_1638,496.4737854003906,333.7811279296875,265.25457763671875,0.0035954623017460108,-0.029834764078259468,2.7524940967559814,-0.45997342467308044,2.7661561965942383,0.12639875710010529,496.4130859375,333.02099609375,265.79632568359375,0.004740064963698387,-0.0290390532463789,2.7534263134002686,0.0,0.0,6.68495512008667,0,0
1786431211.142026,13.27582047299984,TRACK,FLOW,/home/eunseop/nrs_imitation/checkpoints/flow/polishing/single_cam/20260809_1638,496.4571838378906,333.78912353515625,265.1819152832031,0.0037588588893413544,-0.029716428369283676,2.7525064945220947,-1.0148279666900635,2.7275643348693848,-0.21864311397075653,496.36383056640625,332.97332763671875,265.746337890625,0.0048400647938251495,-0.028939053416252136,2.753326416015625,0.0,0.0,6.634954929351807,0,0
1786431211.1492624,13.283056793000469,TRACK,FLOW,/home/eunseop/nrs_imitation/checkpoints/flow/polishing/single_cam/20260809_1638,496.3678894042969,334.12994384765625,264.68603515625,0.004510791506618261,-0.02887469343841076,2.7533118724823,-0.7567077279090881,2.349839448928833,-0.21391092240810394,496.31512451171875,332.92620849609375,265.69635009765625,0.004940064623951912,-0.028839053586125374,2.7532265186309814,0.0,0.0,6.584954738616943,0,0
1786431211.1572027,13.290997256000082,TRACK,FLOW,/home/eunseop/nrs_imitation/checkpoints/flow/polishing/single_cam/20260809_1638,496.3851623535156,334.1273193359375,264.6151428222656,0.004550026264041662,-0.02870333567261696,2.7533247470855713,0.42521217465400696,2.565784215927124,-0.08686584234237671,496.2669677734375,332.879638671875,265.6463623046875,0.005040064454078674,-0.02873905375599861,2.753126621246338,0.0,0.0,6.53495454788208,0,0
1786431211.185084,13.3188788260004,TRACK,FLOW,/home/eunseop/nrs_imitation/checkpoints/flow/polishing/single_cam/20260809_1638,496.41607666015625,334.14813232421875,264.63922119140625,0.004462196957319975,-0.028789864853024483,2.7533364295959473,0.42521217465400696,2.565784215927124,-0.08686584234237671,496.2192687988281,332.83319091796875,265.59637451171875,0.005140064284205437,-0.02863905392587185,2.7530267238616943,0.0,0.0,6.484954357147217,0,0
1786431211.2225316,13.35632619900025,TRACK,FLOW,/home/eunseop/nrs_imitation/checkpoints/flow/polishing/single_cam/20260809_1638,496.41607666015625,334.14813232421875,264.63922119140625,0.004462196957319975,-0.028789864853024483,2.7533364295959473,0.030274802818894386,2.6999051570892334,1.1268976926803589,496.17999267578125,332.78851318359375,265.54638671875,0.005240064114332199,-0.028539054095745087,2.752926826477051,0.0,0.0,6.4349541664123535,0,0
1786431211.2292197,13.363014067000222,TRACK,FLOW,/home/eunseop/nrs_imitation/checkpoints/flow/polishing/single_cam/20260809_1638,496.2267150878906,334.0429992675781,264.46630859375,0.004860525950789452,-0.028702931478619576,2.7530970573425293,-1.8786464929580688,0.843303918838501,1.1454951763153076,496.1444396972656,332.7460632324219,265.49639892578125,0.0053400639444589615,-0.028439054265618324,2.7528269290924072,0.0,0.0,6.38495397567749,0,0
1786431211.2371964,13.370991038999819,TRACK,FLOW,/home/eunseop/nrs_imitation/checkpoints/flow/polishing/single_cam/20260809_1638,496.1970520019531,334.023681640625,264.4111022949219,0.0049158018082380295,-0.028674228116869926,2.753049612045288,-0.030632084235548973,2.3197944164276123,0.6100636720657349,496.1131591796875,332.7061767578125,265.4464111328125,0.005440063774585724,-0.028339054435491562,2.7527270317077637,0.0,0.0,6.334953784942627,0,0
1786431211.2453072,13.379101778000404,TRACK,FLOW,/home/eunseop/nrs_imitation/checkpoints/flow/polishing/single_cam/20260809_1638,496.1661071777344,333.9770812988281,264.2785949707031,0.005047823768109083,-0.028440602123737335,2.7530739307403564,1.9906666278839111,2.6344199180603027,-0.8687636852264404,496.079345703125,332.6678771972656,265.39642333984375,0.005540063604712486,-0.0282390546053648,2.75262713432312,0.0,0.0,6.284953594207764,0,0
1786431211.2532024,13.386997053999949,TRACK,FLOW,/home/eunseop/nrs_imitation/checkpoints/flow/polishing/single_cam/20260809_1638,496.13958740234375,333.9522705078125,264.26153564453125,0.00506131025031209,-0.028350215405225754,2.753038167953491,-0.3476128876209259,1.8653310537338257,0.09720414131879807,496.042724609375,332.631103515625,265.346435546875,0.005640063434839249,-0.028139054775238037,2.7525272369384766,0.0,0.0,6.2349534034729,0,0
1786431211.2612493,13.395043800000167,TRACK,FLOW,/home/eunseop/nrs_imitation/checkpoints/flow/polishing/single_cam/20260809_1638,496.13958740234375,333.9522705078125,264.26153564453125,0.00506131025031209,-0.028350215405225754,2.753038167953491,-0.3476128876209259,1.8653310537338257,0.09720414131879807,496.0032958984375,332.5958557128906,265.29644775390625,0.005740063264966011,-0.028039054945111275,2.752427339553833,0.0,0.0,6.184953212738037,0,0
1786431211.269254,13.403048416000274,TRACK,FLOW,/home/eunseop/nrs_imitation/checkpoints/flow/polishing/single_cam/20260809_1638,496.1290588378906,333.8961486816406,264.1591491699219,0.005115719977766275,-0.028150713071227074,2.7530746459960938,0.38787490129470825,2.2959940433502197,-1.4673656225204468,495.9610900878906,332.5621032714844,265.2464599609375,0.0058400630950927734,-0.027939055114984512,2.7523274421691895,0.0,0.0,6.134953022003174,0,0
1786431211.2772093,13.41100399700008,TRACK,FLOW,/home/eunseop/nrs_imitation/checkpoints/flow/polishing/single_cam/20260809_1638,496.1058044433594,333.923583984375,264.18170166015625,0.005126579198986292,-0.028234614059329033,2.753122329711914,-1.7477717399597168,2.0614707469940186,1.1181254386901855,495.91961669921875,332.52752685546875,265.19647216796875,0.005940062925219536,-0.02783905528485775,2.752227544784546,0.0,0.0,6.0849528312683105,0,0
1786431211.2860038,13.419798267999795,TRACK,FLOW,/home/eunseop/nrs_imitation/checkpoints/flow/polishing/single_cam/20260809_1638,496.1058044433594,333.923583984375,264.18170166015625,0.005126579198986292,-0.028234614059329033,2.753122329711914,-1.7477717399597168,2.0614707469940186,1.1181254386901855,495.8798522949219,332.4913635253906,265.146484375,0.006040062755346298,-0.027739055454730988,2.7521276473999023,0.0,0.0,6.034952640533447,0,0
1786431211.2933137,13.42710863100001,TRACK,FLOW,/home/eunseop/nrs_imitation/checkpoints/flow/polishing/single_cam/20260809_1638,496.1007080078125,333.9765930175781,264.2025146484375,0.005218185018748045,-0.02847995236515999,2.7530980110168457,0.07327171415090561,3.201584577560425,1.32431161403656,495.8415832519531,332.4539489746094,265.09649658203125,0.006140062585473061,-0.027639055624604225,2.752027750015259,0.0,0.0,5.984952449798584,0,0
1786431211.301256,13.435050666999814,TRACK,FLOW,/home/eunseop/nrs_imitation/checkpoints/flow/polishing/single_cam/20260809_1638,496.11175537109375,334.01361083984375,264.23333740234375,0.005121675785630941,-0.0286174938082695,2.7530977725982666,-1.1720126867294312,3.4387760162353516,2.646322250366211,495.8049011230469,332.4151611328125,265.0465087890625,0.006240062415599823,-0.027539055794477463,2.7519278526306152,0.0,0.0,5.934952259063721,0,0
1786431211.3091922,13.442986820000442,TRACK,FLOW,/home/eunseop/nrs_imitation/checkpoints/flow/polishing/single_cam/20260809_1638,496.0491638183594,333.980224609375,264.18359375,0.005314269103109837,-0.028550751507282257,2.7529897689819336,0.8022536039352417,2.6959614753723145,1.149762749671936,495.76953125,332.375,264.99652099609375,0.006340062245726585,-0.0274390559643507,2.7518279552459717,0.0,0.0,5.884952068328857,0,0
1786431211.3173547,13.45114950900006,TRACK,FLOW,/home/eunseop/nrs_imitation/checkpoints/flow/polishing/single_cam/20260809_1638,496.05499267578125,333.89617919921875,264.123779296875,0.00528341718018055,-0.02843450754880905,2.75281023979187,-0.7344918251037598,2.0345892906188965,1.8246681690216064,495.73529052734375,332.3335266113281,264.946533203125,0.006440062075853348,-0.027339056134223938,2.7517378330230713,0.0,0.0,5.834951877593994,0,0
1786431211.3252308,13.459025457999815,TRACK,FLOW,/home/eunseop/nrs_imitation/checkpoints/flow/polishing/single_cam/20260809_1638,495.93328857421875,333.8258361816406,263.94415283203125,0.005618017632514238,-0.028118977323174477,2.7526915073394775,-0.03485974669456482,1.0724852085113525,0.8778678774833679,495.7021789550781,332.290771484375,264.89654541015625,0.00654006190598011,-0.027239056304097176,2.751659393310547,0.0,0.0,5.784951686859131,0,0
1786431211.3333306,13.467125296000631,TRACK,FLOW,/home/eunseop/nrs_imitation/checkpoints/flow/polishing/single_cam/20260809_1638,495.8617248535156,333.7970886230469,263.8433837890625,0.005763345398008823,-0.027967117726802826,2.752619743347168,-0.48297804594039917,2.245748281478882,0.7181611061096191,495.670166015625,332.2467346191406,264.8465576171875,0.0066400617361068726,-0.027139056473970413,2.7515926361083984,0.0,0.0,5.734951496124268,0,0
1786431211.3412411,13.47503555000003,TRACK,FLOW,/home/eunseop/nrs_imitation/checkpoints/flow/polishing/single_cam/20260809_1638,495.805419921875,333.72882080078125,263.6954650878906,0.005952860228717327,-0.027668362483382225,2.7525486946105957,-0.4458765387535095,1.9133987426757812,0.189948171377182,495.6388244628906,332.2033386230469,264.79656982421875,0.006740061566233635,-0.02703905664384365,2.7515335083007812,0.0,0.0,5.684951305389404,0,0
1786431211.349235,13.4830296250002,TRACK,FLOW,/home/eunseop/nrs_imitation/checkpoints/flow/polishing/single_cam/20260809_1638,495.7420654296875,333.69000244140625,263.58074951171875,0.006165993865579367,-0.02749699167907238,2.7524890899658203,-0.4494284689426422,2.0093681812286377,-0.6568801403045654,495.6076354980469,332.162841796875,264.74658203125,0.006840061396360397,-0.02693905681371689,2.751477003097534,0.0,0.0,5.634951114654541,0,0
1786431211.3572483,13.491042757000287,TRACK,FLOW,/home/eunseop/nrs_imitation/checkpoints/flow/polishing/single_cam/20260809_1638,495.6891174316406,333.6707458496094,263.4895935058594,0.006274966523051262,-0.027306869626045227,2.7524776458740234,-1.067078709602356,2.345463275909424,-0.42217352986335754,495.57659912109375,332.1252136230469,264.69659423828125,0.00694006122648716,-0.026839056983590126,2.7514231204986572,0.0,0.0,5.584950923919678,0,0
1786431211.365214,13.499008829000559,TRACK,FLOW,/home/eunseop/nrs_imitation/checkpoints/flow/polishing/single_cam/20260809_1638,495.64697265625,333.6414489746094,263.41656494140625,0.0063919308595359325,-0.027236711233854294,2.752441644668579,-0.5873725414276123,2.153240442276001,-0.6781006455421448,495.54571533203125,332.0904235839844,264.6466064453125,0.007040061056613922,-0.026739057153463364,2.7513718605041504,0.0,0.0,5.5349507331848145,0,0
1786431211.3732653,13.507059673000185,TRACK,FLOW,/home/eunseop/nrs_imitation/checkpoints/flow/polishing/single_cam/20260809_1638,495.63232421875,333.6032409667969,263.3963623046875,0.00639914907515049,-0.02722323127090931,2.75241756439209,-0.46185046434402466,2.6258606910705566,0.7522399425506592,495.5145263671875,332.0578308105469,264.59661865234375,0.0071400608867406845,-0.0266390573233366,2.7513208389282227,0.0,0.0,5.484950542449951,0,0
1786431211.3813636,13.515158318999966,TRACK,FLOW,/home/eunseop/nrs_imitation/checkpoints/flow/polishing/single_cam/20260809_1638,495.6177673339844,333.6318359375,263.3785400390625,0.0064888205379247665,-0.027270860970020294,2.752321720123291,0.9247943162918091,3.208674669265747,1.6860315799713135,495.4819641113281,332.0260009765625,264.546630859375,0.007240060716867447,-0.02653905749320984,2.7512643337249756,0.0,0.0,5.434950351715088,0,0
1786431211.3893735,13.523168114000327,TRACK,FLOW,/home/eunseop/nrs_imitation/checkpoints/flow/polishing/single_cam/20260809_1638,495.605712890625,333.5909423828125,263.34576416015625,0.006518478970974684,-0.027286231517791748,2.7521777153015137,0.499012291431427,3.187495231628418,1.6742302179336548,495.4480285644531,331.9949035644531,264.49664306640625,0.007340060546994209,-0.026439057663083076,2.7512025833129883,0.0,0.0,5.384950160980225,0,0
1786431211.3972125,13.531007041000521,TRACK,FLOW,/home/eunseop/nrs_imitation/checkpoints/flow/polishing/single_cam/20260809_1638,495.5444030761719,333.56622314453125,263.3181457519531,0.006582990754395723,-0.027242910116910934,2.75209379196167,-0.403084397315979,1.197862148284912,2.2569782733917236,495.4127502441406,331.96453857421875,264.4466552734375,0.007437871769070625,-0.026339057832956314,2.7511353492736816,0.0,0.0,5.334949970245361,0,0
1786431211.4052017,13.538996227000098,TRACK,FLOW,/home/eunseop/nrs_imitation/checkpoints/flow/polishing/single_cam/20260809_1638,495.5115661621094,333.499267578125,263.2305908203125,0.00668454309925437,-0.027029158547520638,2.7520220279693604,-0.005531802773475647,1.7999463081359863,1.1809399127960205,495.37652587890625,331.9345397949219,264.39666748046875,0.007531669456511736,-0.02623905800282955,2.7510664463043213,0.0,0.0,5.284949779510498,0,0
1786431211.4131937,13.546988169000542,TRACK,FLOW,/home/eunseop/nrs_imitation/checkpoints/flow/polishing/single_cam/20260809_1638,495.50482177734375,333.4403991699219,263.18109130859375,0.006768594030290842,-0.02698054350912571,2.751950979232788,-0.15809109807014465,1.6273185014724731,1.3709725141525269,495.34210205078125,331.90234375,264.3466796875,0.007616829592734575,-0.02613905817270279,2.7510201930999756,0.0,0.0,5.234949588775635,0,0
1786431211.4212136,13.555008274000102,TRACK,FLOW,/home/eunseop/nrs_imitation/checkpoints/flow/polishing/single_cam/20260809_1638,495.4817199707031,333.4119567871094,263.1092834472656,0.0067831953056156635,-0.026853203773498535,2.751962661743164,0.015078308992087841,2.0213656425476074,0.18822729587554932,495.3094482421875,331.86798095703125,264.29669189453125,0.007693435065448284,-0.026039058342576027,2.7509963512420654,0.0,0.0,5.1849493980407715,0,0
1786431211.4292555,13.563049940000383,TRACK,FLOW,/home/eunseop/nrs_imitation/checkpoints/flow/polishing/single_cam/20260809_1638,495.44451904296875,333.3974609375,263.0082702636719,0.006898554973304272,-0.026684928685426712,2.751951217651367,-0.04721097648143768,2.2163350582122803,-0.045094478875398636,495.278564453125,331.83148193359375,264.2467041015625,0.007761555723845959,-0.025939058512449265,2.750994920730591,0.0,0.0,5.134949207305908,0,0
1786431211.4372003,13.570995001000483,TRACK,FLOW,/home/eunseop/nrs_imitation/checkpoints/flow/polishing/single_cam/20260809_1638,495.4147644042969,333.3492431640625,262.9391174316406,0.007003997452557087,-0.026532232761383057,2.751903772354126,-0.27932634949684143,2.227919340133667,1.3773980140686035,495.2494201660156,331.7928771972656,264.19671630859375,0.007821309380233288,-0.025839058682322502,2.7510154247283936,0.0,0.0,5.084949016571045,0,0
1786431211.4451916,13.578986301000441,TRACK,FLOW,/home/eunseop/nrs_imitation/checkpoints/flow/polishing/single_cam/20260809_1638,495.34716796875,333.3448486328125,262.8787841796875,0.007173303514719009,-0.026473119854927063,2.751903772354126,-0.3326455056667328,3.2352828979492188,0.5755058526992798,495.2188720703125,331.7563171386719,264.146728515625,0.007877778261899948,-0.02573905885219574,2.7510323524475098,0.0,0.0,5.034948825836182,0,0
1786431211.4532065,13.587001186000634,TRACK,FLOW,/home/eunseop/nrs_imitation/checkpoints/flow/polishing/single_cam/20260809_1638,495.30096435546875,333.2821350097656,262.75726318359375,0.0073335967026650906,-0.026291968300938606,2.7518198490142822,-1.2440189123153687,2.3487067222595215,1.740120768547058,495.1867980957031,331.72198486328125,264.09674072265625,0.00793122686445713,-0.025639059022068977,2.751044511795044,0.0,0.0,4.984948635101318,0,0
1786431211.4611926,13.594987135999872,TRACK,FLOW,/home/eunseop/nrs_imitation/checkpoints/flow/polishing/single_cam/20260809_1638,495.265380859375,333.2301940917969,262.6731262207031,0.007425198331475258,-0.026130562648177147,2.7517356872558594,-0.19645485281944275,1.5802478790283203,0.688014805316925,495.1531982421875,331.68988037109375,264.0467529296875,0.007981684990227222,-0.025539059191942215,2.751051902770996,0.0,0.0,4.935347557067871,0,0
1786431211.469225,13.60301947500011,TRACK,FLOW,/home/eunseop/nrs_imitation/checkpoints/flow/polishing/single_cam/20260809_1638,495.2592468261719,333.2079162597656,262.6759338378906,0.0073958938010036945,-0.0261143296957016,2.751711845397949,0.13300873339176178,2.2308757305145264,0.6782499551773071,495.1180725097656,331.65997314453125,263.99676513671875,0.008029182441532612,-0.025439059361815453,2.7510547637939453,0.0,0.0,4.886240005493164,0,0
1786431211.477223,13.611017457000344,TRACK,FLOW,/home/eunseop/nrs_imitation/checkpoints/flow/polishing/single_cam/20260809_1638,495.2079772949219,333.1850280761719,262.587646484375,0.007627585437148809,-0.026011303067207336,2.7516286373138428,0.41295045614242554,2.470930337905884,0.7600578665733337,495.08367919921875,331.6301574707031,263.94677734375,0.008071281015872955,-0.02533905953168869,2.7510554790496826,0.0,0.0,4.837621212005615,0,0
1786431211.4869285,13.620723017999808,TRACK,FLOW,/home/eunseop/nrs_imitation/checkpoints/flow/polishing/single_cam/20260809_1638,495.1914367675781,333.1820373535156,262.5644836425781,0.007590311113744974,-0.026009980589151382,2.751664161682129,-0.05052119866013527,2.225430488586426,0.34504640102386475,495.0508117675781,331.5997009277344,263.89678955078125,0.008106185123324394,-0.025239059701561928,2.751054286956787,0.0,0.0,4.789485931396484,0,0
1786431211.4932096,13.627004155000577,TRACK,FLOW,/home/eunseop/nrs_imitation/checkpoints/flow/polishing/single_cam/20260809_1638,495.1480712890625,333.131591796875,262.4717712402344,0.0076903668232262135,-0.025833740830421448,2.7516162395477295,0.05966481193900108,2.066798686981201,0.38899219036102295,495.01904296875,331.5689392089844,263.8468017578125,0.008136344142258167,-0.025139059871435165,2.751051902770996,0.0,0.0,4.741829872131348,0,0
1786431211.5011957,13.634990454999752,TRACK,FLOW,/home/eunseop/nrs_imitation/checkpoints/flow/polishing/single_cam/20260809_1638,495.1553649902344,333.0875549316406,262.4245300292969,0.007739570923149586,-0.025745119899511337,2.751556873321533,0.019180916249752045,1.7547831535339355,-0.76007080078125,494.98858642578125,331.5377502441406,263.79681396484375,0.008160621859133244,-0.025039060041308403,2.7510478496551514,0.0,0.0,4.694647789001465,0,0
1786431211.5092483,13.643042952000542,TRACK,FLOW,/home/eunseop/nrs_imitation/checkpoints/flow/polishing/single_cam/20260809_1638,495.1258850097656,333.1088562011719,262.4219970703125,0.007725368719547987,-0.025738060474395752,2.751664638519287,-1.572031021118164,1.874313473701477,2.225581407546997,494.9587097167969,331.5061950683594,263.746826171875,0.00817783921957016,-0.02493906021118164,2.7510335445404053,0.0,0.0,4.647935390472412,0,0
1786431211.517199,13.650993543999903,TRACK,FLOW,/home/eunseop/nrs_imitation/checkpoints/flow/polishing/single_cam/20260809_1638,495.1015625,333.0745849609375,262.3945617675781,0.007754715159535408,-0.02575383521616459,2.7516281604766846,0.4843704402446747,3.40073561668396,0.8143365383148193,494.9289855957031,331.474365234375,263.69683837890625,0.008187300525605679,-0.024839060381054878,2.7510032653808594,0.0,0.0,4.601687431335449,0,0
1786431211.5251918,13.65898617699986,TRACK,FLOW,/home/eunseop/nrs_imitation/checkpoints/flow/polishing/single_cam/20260809_1638,495.07196044921875,333.0374450683594,262.3643493652344,0.007793935015797615,-0.025718271732330322,2.7516047954559326,0.7065626978874207,3.033452033996582,1.2875431776046753,494.8994140625,331.4422607421875,263.6468505859375,0.008189087733626366,-0.024739060550928116,2.750957489013672,0.0,0.0,4.5559000968933105,0,0
1786431211.5332472,13.667041900000186,TRACK,FLOW,/home/eunseop/nrs_imitation/checkpoints/flow/polishing/single_cam/20260809_1638,495.0317687988281,332.9934387207031,262.2303466796875,0.007911989465355873,-0.025475960224866867,2.751652717590332,-1.3990224599838257,1.4000011682510376,1.9976072311401367,494.8700256347656,331.409912109375,263.59686279296875,0.008183268830180168,-0.024639060720801353,2.7508962154388428,0.0,0.0,4.510568141937256,0,0
1786431211.5412252,13.67501980399993,TRACK,FLOW,/home/eunseop/nrs_imitation/checkpoints/flow/polishing/single_cam/20260809_1638,494.9859924316406,332.9375,262.19110107421875,0.00801758375018835,-0.025323310866951942,2.751616954803467,-0.5446837544441223,1.8819189071655273,0.942980945110321,494.84075927734375,331.3775634765625,263.546875,0.008175913244485855,-0.02453906089067459,2.75083065032959,0.0,0.0,4.465687274932861,0,0
1786431211.5491955,13.682989943000393,TRACK,FLOW,/home/eunseop/nrs_imitation/checkpoints/flow/polishing/single_cam/20260809_1638,494.9620056152344,332.915283203125,262.1156005859375,0.008013484068214893,-0.025262853130698204,2.751664876937866,0.5283454656600952,2.785559892654419,0.2690024673938751,494.8116149902344,331.3455505371094,263.49688720703125,0.0081741688773036,-0.02443906106054783,2.7507736682891846,0.0,0.0,4.421252727508545,0,0
1786431211.5572815,13.691076136000447,TRACK,FLOW,/home/eunseop/nrs_imitation/checkpoints/flow/polishing/single_cam/20260809_1638,494.9624938964844,332.87689208984375,262.07550048828125,0.008031954057514668,-0.025195490568876266,2.7516050338745117,-0.06293410062789917,2.5666184425354004,-0.7910459637641907,494.7826232910156,331.3138427734375,263.4468994140625,0.008177992887794971,-0.024339061230421066,2.750725269317627,0.0,0.0,4.377260684967041,0,0
1786431211.5652626,13.699057066000023,TRACK,FLOW,/home/eunseop/nrs_imitation/checkpoints/flow/polishing/single_cam/20260809_1638,494.8962097167969,332.82818603515625,261.9770812988281,0.008188065141439438,-0.024954821914434433,2.7515811920166016,-1.3012027740478516,1.1394237279891968,1.7724696397781372,494.7537536621094,331.282470703125,263.39691162109375,0.008187315426766872,-0.024239061400294304,2.750685214996338,0.0,0.0,4.333706378936768,0,0
1786431211.5732503,13.707044829000552,TRACK,FLOW,/home/eunseop/nrs_imitation/checkpoints/flow/polishing/single_cam/20260809_1638,494.893798828125,332.81024169921875,261.91973876953125,0.008175921626389027,-0.024908527731895447,2.751521110534668,-0.33980950713157654,2.6980702877044678,-0.10308845341205597,494.7252197265625,331.2514343261719,263.346923828125,0.00819822121411562,-0.02413906157016754,2.750653028488159,0.0,0.0,4.290585517883301,0,0
1786431211.581219,13.715013525000359,TRACK,FLOW,/home/eunseop/nrs_imitation/checkpoints/flow/polishing/single_cam/20260809_1638,494.86932373046875,332.77099609375,261.8815612792969,0.008076097816228867,-0.024848222732543945,2.7514495849609375,1.0362768173217773,2.8903565406799316,0.7813830375671387,494.6976318359375,331.2207946777344,263.29693603515625,0.00820136722177267,-0.02403906174004078,2.750627279281616,0.0,0.0,4.247893333435059,0,0
1786431211.5892968,13.723091442000623,TRACK,FLOW,/home/eunseop/nrs_imitation/checkpoints/flow/polishing/single_cam/20260809_1638,494.81109619140625,332.7349853515625,261.7893981933594,0.008160054683685303,-0.02470148727297783,2.751413106918335,-0.9834088683128357,2.1566286087036133,1.3925862312316895,494.67095947265625,331.1905212402344,263.2469482421875,0.0081968167796731,-0.023939061909914017,2.75060772895813,0.0,0.0,4.205626010894775,0,0
1786431211.597225,13.731019440000637,TRACK,FLOW,/home/eunseop/nrs_imitation/checkpoints/flow/polishing/single_cam/20260809_1638,494.8000183105469,332.6692810058594,261.760498046875,0.008152778260409832,-0.02471398375928402,2.751173973083496,-0.9834088683128357,2.1566286087036133,1.3925862312316895,494.64520263671875,331.16064453125,263.19696044921875,0.00818465556949377,-0.023839062079787254,2.7505943775177,0.0,0.0,4.163779258728027,0,0
1786431211.6052358,13.739030307000576,TRACK,FLOW,/home/eunseop/nrs_imitation/checkpoints/flow/polishing/single_cam/20260809_1638,494.7464294433594,332.631103515625,261.6611022949219,0.008231316693127155,-0.02454325556755066,2.7510786056518555,0.2721049189567566,2.205674171447754,0.05770149081945419,494.6202392578125,331.13116455078125,263.14697265625,0.008165013045072556,-0.023739062249660492,2.75058650970459,0.0,0.0,4.122348785400391,0,0
1786431211.6132424,13.747036937000303,TRACK,FLOW,/home/eunseop/nrs_imitation/checkpoints/flow/polishing/single_cam/20260809_1638,494.7408752441406,332.6170349121094,261.6335754394531,0.008177132345736027,-0.02460569143295288,2.750946044921875,-0.09003352373838425,2.9623796939849854,0.024936186149716377,494.5953063964844,331.1022033691406,263.09698486328125,0.008138315752148628,-0.02363906241953373,2.750577926635742,0.0,0.0,4.0813307762146,0,0
1786431211.6214237,13.75521825099986,TRACK,FLOW,/home/eunseop/nrs_imitation/checkpoints/flow/polishing/single_cam/20260809_1638,494.7408752441406,332.6170349121094,261.6335754394531,0.008177132345736027,-0.02460569143295288,2.750946044921875,-0.09003352373838425,2.9623796939849854,0.024936186149716377,494.57037353515625,331.07373046875,263.0469970703125,0.008104457519948483,-0.023539062589406967,2.7505688667297363,0.0,0.0,4.0407209396362305,0,0
1786431211.6291995,13.762994157999856,TRACK,FLOW,/home/eunseop/nrs_imitation/checkpoints/flow/polishing/single_cam/20260809_1638,494.6893005371094,332.5178527832031,261.5104064941406,0.008320296183228493,-0.02431834116578102,2.750826358795166,0.35356956720352173,1.764747142791748,-0.17372483015060425,494.54547119140625,331.0457458496094,262.99700927734375,0.008063885383307934,-0.023439062759280205,2.7505593299865723,0.0,0.0,4.000514984130859,0,0
1786431211.6371918,13.770986159000131,TRACK,FLOW,/home/eunseop/nrs_imitation/checkpoints/flow/polishing/single_cam/20260809_1638,494.6582946777344,332.48638916015625,261.4458923339844,0.008398721925914288,-0.02424737811088562,2.7508504390716553,0.2099660038948059,2.211230516433716,0.21393749117851257,494.5205993652344,331.01824951171875,262.947021484375,0.008016473613679409,-0.023339062929153442,2.75054931640625,0.0,0.0,3.9607090950012207,0,0
1786431211.645258,13.779052523000246,TRACK,FLOW,/home/eunseop/nrs_imitation/checkpoints/flow/polishing/single_cam/20260809_1638,494.6521301269531,332.4835510253906,261.4068603515625,0.008368664421141148,-0.02413175068795681,2.750802755355835,-0.5463565587997437,2.017202615737915,2.1283531188964844,494.4960021972656,330.9911193847656,262.89703369140625,0.007964156568050385,-0.02323906309902668,2.750540018081665,0.0,0.0,3.921299457550049,0,0
1786431211.653312,13.787106613000105,TRACK,FLOW,/home/eunseop/nrs_imitation/checkpoints/flow/polishing/single_cam/20260809_1638,494.62615966796875,332.4468688964844,261.32818603515625,0.008322219364345074,-0.024045156314969063,2.7507307529449463,1.5841014385223389,2.482999801635742,0.30611976981163025,494.4716491699219,330.96435546875,262.8470458984375,0.007907080464065075,-0.023142416030168533,2.7505316734313965,0.0,0.0,3.88228178024292,0,0
1786431211.661358,13.795152718000281,TRACK,FLOW,/home/eunseop/nrs_imitation/checkpoints/flow/polishing/single_cam/20260809_1638,494.6063537597656,332.4373474121094,261.29840087890625,0.008283563889563084,-0.024080362170934677,2.7506823539733887,0.8515363335609436,2.7169907093048096,0.8957330584526062,494.44757080078125,330.93792724609375,262.79705810546875,0.007845268584787846,-0.02305326983332634,2.7505242824554443,0.0,0.0,3.8436524868011475,0,0
1786431211.6692486,13.803043154000079,TRACK,FLOW,/home/eunseop/nrs_imitation/checkpoints/flow/polishing/single_cam/20260809_1638,494.5416564941406,332.3423767089844,261.1873779296875,0.008359051309525967,-0.023811541497707367,2.750574827194214,0.8515363335609436,2.7169907093048096,0.8957330584526062,494.4237365722656,330.911865234375,262.7470703125,0.007778854575008154,-0.022971443831920624,2.7505178451538086,0.0,0.0,3.8054075241088867,0,0
1786431211.677417,13.811211785000523,TRACK,FLOW,/home/eunseop/nrs_imitation/checkpoints/flow/polishing/single_cam/20260809_1638,494.4942932128906,332.2675476074219,261.1244201660156,0.00838526152074337,-0.023629887029528618,2.750454902648926,0.17490650713443756,1.7297718524932861,0.6837297677993774,494.4026794433594,330.8875427246094,262.69708251953125,0.007714476902037859,-0.02288273721933365,2.7505173683166504,0.0,0.0,3.767543077468872,0,0
1786431211.6852236,13.819018179000523,TRACK,FLOW,/home/eunseop/nrs_imitation/checkpoints/flow/polishing/single_cam/20260809_1638,494.4611511230469,332.25146484375,261.0474853515625,0.008352862671017647,-0.023552678525447845,2.750455379486084,-0.5859888195991516,2.6244890689849854,0.6117393970489502,494.3849792480469,330.86529541015625,262.6470947265625,0.007653858512639999,-0.022783609107136726,2.750523805618286,0.0,0.0,3.730055332183838,0,0
1786431211.693549,13.827343310000288,TRACK,FLOW,/home/eunseop/nrs_imitation/checkpoints/flow/polishing/single_cam/20260809_1638,494.4611511230469,332.25146484375,261.0474853515625,0.008352862671017647,-0.023552678525447845,2.750455379486084,-0.5859888195991516,2.6244890689849854,0.6117393970489502,494.3707580566406,330.8451843261719,262.59710693359375,0.0075971162877976894,-0.022683609277009964,2.750537633895874,0.0,0.0,3.6929407119750977,0,0
1786431211.7013602,13.835154895000414,TRACK,FLOW,/home/eunseop/nrs_imitation/checkpoints/flow/polishing/single_cam/20260809_1638,494.3904113769531,332.16705322265625,260.8609619140625,0.00834049191325903,-0.02323458343744278,2.75046706199646,-0.0587296262383461,1.9265185594558716,0.8752704858779907,494.3597717285156,330.8270568847656,262.547119140625,0.007543979212641716,-0.0225836094468832,2.7505581378936768,0.0,0.0,3.6561954021453857,0,0
1786431211.7093563,13.84315097400031,TRACK,FLOW,/home/eunseop/nrs_imitation/checkpoints/flow/polishing/single_cam/20260809_1638,494.37255859375,332.1205749511719,260.7895202636719,0.008352987468242645,-0.023144420236349106,2.750371217727661,-0.6667410135269165,1.6889338493347168,0.6990857124328613,494.3470458984375,330.8103332519531,262.49713134765625,0.007490226533263922,-0.02248360961675644,2.7505853176116943,0.0,0.0,3.6198155879974365,0,0
1786431211.717337,13.851131442999758,TRACK,FLOW,/home/eunseop/nrs_imitation/checkpoints/flow/polishing/single_cam/20260809_1638,494.3566589355469,332.0763854980469,260.73089599609375,0.008373904041945934,-0.023038826882839203,2.750359296798706,-1.0118290185928345,2.5124173164367676,0.49846792221069336,494.32965087890625,330.79461669921875,262.4471435546875,0.007433346938341856,-0.022383609786629677,2.7506189346313477,0.0,0.0,3.5837979316711426,0,0
1786431211.725255,13.859049783000046,TRACK,FLOW,/home/eunseop/nrs_imitation/checkpoints/flow/polishing/single_cam/20260809_1638,494.3549499511719,332.0697937011719,260.67987060546875,0.00838626828044653,-0.022948993369936943,2.7503714561462402,0.1711088865995407,1.5156930685043335,0.007131253369152546,494.3076171875,330.7798767089844,262.39715576171875,0.007373377215117216,-0.022283609956502914,2.750659227371216,0.0,0.0,3.5481386184692383,0,0
1786431211.7332754,13.867070068999965,TRACK,FLOW,/home/eunseop/nrs_imitation/checkpoints/flow/polishing/single_cam/20260809_1638,494.34429931640625,332.05145263671875,260.6480407714844,0.008306044153869152,-0.022922458127141,2.7503955364227295,-0.13726794719696045,1.7984563112258911,2.3042006492614746,494.2810363769531,330.76611328125,262.34716796875,0.007310349959880114,-0.022183610126376152,2.7507059574127197,0.0,0.0,3.512834072113037,0,0
1786431211.741232,13.875026351000088,TRACK,FLOW,/home/eunseop/nrs_imitation/checkpoints/flow/polishing/single_cam/20260809_1638,494.36785888671875,332.0603942871094,260.6429443359375,0.00809080246835947,-0.02303151600062847,2.7503836154937744,2.0926592350006104,3.3456366062164307,0.3515256345272064,494.2544860839844,330.7520751953125,262.29718017578125,0.007240344770252705,-0.02208361029624939,2.7507550716400146,0.0,0.0,3.4778807163238525,0,0
1786431211.7493513,13.883145937000336,TRACK,FLOW,/home/eunseop/nrs_imitation/checkpoints/flow/polishing/single_cam/20260809_1638,494.3896789550781,332.0384826660156,260.60089111328125,0.007817862555384636,-0.02297094650566578,2.750396490097046,1.4889854192733765,2.9519944190979004,0.6944068670272827,494.2334899902344,330.7362365722656,262.2471923828125,0.007158749736845493,-0.021983610466122627,2.7508022785186768,0.0,0.0,3.443275213241577,0,0
1786431211.7573016,13.89109618800012,TRACK,FLOW,/home/eunseop/nrs_imitation/checkpoints/flow/polishing/single_cam/20260809_1638,494.33135986328125,331.9729919433594,260.4461364746094,0.007834802381694317,-0.022670194506645203,2.7503843307495117,-2.3411593437194824,1.5290356874465942,2.543710231781006,494.2179260253906,330.7186279296875,262.19720458984375,0.00706581212580204,-0.021883610635995865,2.750847339630127,0.0,0.0,3.4090139865875244,0,0
1786431211.7652478,13.899042422000093,TRACK,FLOW,/home/eunseop/nrs_imitation/checkpoints/flow/polishing/single_cam/20260809_1638,494.3193359375,331.97943115234375,260.4220275878906,0.007599061820656061,-0.02261286787688732,2.750516414642334,-0.9201011657714844,1.909136176109314,0.7585654854774475,494.207763671875,330.69927978515625,262.147216796875,0.006965812295675278,-0.021784521639347076,2.7508904933929443,0.0,0.0,3.375093698501587,0,0
1786431211.773359,13.907153782000023,TRACK,FLOW,/home/eunseop/nrs_imitation/checkpoints/flow/polishing/single_cam/20260809_1638,494.306884765625,331.9360046386719,260.33111572265625,0.007499193772673607,-0.022517532110214233,2.7505288124084473,0.09625393152236938,2.1667685508728027,0.2140423059463501,494.2011413574219,330.678955078125,262.09722900390625,0.006865812465548515,-0.021686749532818794,2.7509329319000244,0.0,0.0,3.3415110111236572,0,0
1786431211.7813773,13.915172084000005,TRACK,FLOW,/home/eunseop/nrs_imitation/checkpoints/flow/polishing/single_cam/20260809_1638,494.28302001953125,331.9276428222656,260.2335510253906,0.007538060657680035,-0.02234705351293087,2.750612735748291,-0.8354241251945496,2.4578254222869873,0.6347910165786743,494.193603515625,330.6595764160156,262.0472412109375,0.006765812635421753,-0.021586749702692032,2.7509775161743164,0.0,0.0,3.308262348175049,0,0
1786431211.7893355,13.923130371000298,TRACK,FLOW,/home/eunseop/nrs_imitation/checkpoints/flow/polishing/single_cam/20260809_1638,494.2372741699219,331.87738037109375,260.15985107421875,0.007631708402186632,-0.022147690877318382,2.750601053237915,-0.36651965975761414,2.3335371017456055,-0.021530184894800186,494.1851501464844,330.64111328125,261.99725341796875,0.0066658128052949905,-0.02148674987256527,2.751024007797241,0.0,0.0,3.2753446102142334,0,0
1786431211.7972267,13.931021266999778,TRACK,FLOW,/home/eunseop/nrs_imitation/checkpoints/flow/polishing/single_cam/20260809_1638,494.216796875,331.8476257324219,260.0778503417969,0.007702172733843327,-0.02209092676639557,2.7505288124084473,-0.9014623165130615,2.680375814437866,0.2531384229660034,494.1758117675781,330.6235656738281,261.947265625,0.006565812975168228,-0.021386750042438507,2.751072645187378,0.0,0.0,3.2427544593811035,0,0
1786431211.8051982,13.938992608999797,TRACK,FLOW,/home/eunseop/nrs_imitation/checkpoints/flow/polishing/single_cam/20260809_1638,494.2233581542969,331.8289794921875,260.0415954589844,0.007545563858002424,-0.022060532122850418,2.7506251335144043,0.007852412760257721,2.338937759399414,1.4906092882156372,494.16595458984375,330.60699462890625,261.89727783203125,0.006465813145041466,-0.021286750212311745,2.7511236667633057,0.0,0.0,3.2104885578155518,0,0
1786431211.813232,13.947026501000437,TRACK,FLOW,/home/eunseop/nrs_imitation/checkpoints/flow/polishing/single_cam/20260809_1638,494.2162780761719,331.8349609375,259.94915771484375,0.00738846231251955,-0.021931873634457588,2.750732898712158,1.2349231243133545,1.5769660472869873,1.1894021034240723,494.1584777832031,330.59185791015625,261.8472900390625,0.006365813314914703,-0.021186750382184982,2.7511794567108154,0.0,0.0,3.1785435676574707,0,0
1786431211.821346,13.955140836999817,TRACK,FLOW,/home/eunseop/nrs_imitation/checkpoints/flow/polishing/single_cam/20260809_1638,494.19329833984375,331.79095458984375,259.90155029296875,0.007239383179694414,-0.021788761019706726,2.750804901123047,-0.01942560449242592,1.9426239728927612,1.6592069864273071,494.1533508300781,330.578125,261.79730224609375,0.006265813484787941,-0.02108675055205822,2.751239776611328,0.0,0.0,3.146916627883911,0,0
1786431211.8303049,13.964099454000461,TRACK,FLOW,/home/eunseop/nrs_imitation/checkpoints/flow/polishing/single_cam/20260809_1638,494.19329833984375,331.79095458984375,259.90155029296875,0.007239383179694414,-0.021788761019706726,2.750804901123047,-0.01942560449242592,1.9426239728927612,1.6592069864273071,494.1507873535156,330.5659484863281,261.747314453125,0.006165813654661179,-0.020989395678043365,2.751305341720581,0.0,0.0,3.1156044006347656,0,0
1786431211.8372014,13.970996072000162,TRACK,FLOW,/home/eunseop/nrs_imitation/checkpoints/flow/polishing/single_cam/20260809_1638,494.1751403808594,331.7959289550781,259.80755615234375,0.0068560088984668255,-0.02168734185397625,2.751044988632202,0.529387354850769,2.1947131156921387,0.7332576513290405,494.15020751953125,330.55499267578125,261.69732666015625,0.006065813824534416,-0.020899677649140358,2.7513747215270996,0.0,0.0,3.0846035480499268,0,0
1786431211.845194,13.978988433999803,TRACK,FLOW,/home/eunseop/nrs_imitation/checkpoints/flow/polishing/single_cam/20260809_1638,494.15289306640625,331.8468933105469,259.73529052734375,0.006851640995591879,-0.02166401781141758,2.751056432723999,-0.998485267162323,2.627730369567871,0.560829222202301,494.146484375,330.5414733886719,261.6473388671875,0.005965813994407654,-0.02081298641860485,2.7514467239379883,0.0,0.0,3.0539112091064453,0,0
1786431211.8540752,13.987869732000036,TRACK,FLOW,/home/eunseop/nrs_imitation/checkpoints/flow/polishing/single_cam/20260809_1638,494.15289306640625,331.8468933105469,259.73529052734375,0.006851640995591879,-0.02166401781141758,2.751056432723999,-0.998485267162323,2.627730369567871,0.560829222202301,494.1390075683594,330.5249328613281,261.59735107421875,0.005865814164280891,-0.020729228854179382,2.751521587371826,0.0,0.0,3.023524284362793,0,0
1786431211.861208,13.995002573999955,TRACK,FLOW,/home/eunseop/nrs_imitation/checkpoints/flow/polishing/single_cam/20260809_1638,494.0877380371094,331.7972717285156,259.5804748535156,0.006861868314445019,-0.021340688690543175,2.751164197921753,-0.7878687977790833,2.3774938583374023,0.4380604922771454,494.1285400390625,330.5059814453125,261.54736328125,0.005765814334154129,-0.020647985860705376,2.751598834991455,0.0,0.0,2.9934396743774414,0,0
1786431211.8693235,14.0031181129998,TRACK,FLOW,/home/eunseop/nrs_imitation/checkpoints/flow/polishing/single_cam/20260809_1638,494.10284423828125,331.7769470214844,259.5046081542969,0.006797298323363066,-0.021283864974975586,2.751188278198242,-1.6517266035079956,2.8755991458892822,2.066511869430542,494.1147155761719,330.4843444824219,261.49737548828125,0.005665814504027367,-0.020569439977407455,2.751678466796875,0.0,0.0,2.9636545181274414,0,0
1786431211.8772073,14.011001726000359,TRACK,FLOW,/home/eunseop/nrs_imitation/checkpoints/flow/polishing/single_cam/20260809_1638,494.1037292480469,331.77142333984375,259.47564697265625,0.006589920725673437,-0.021243896335363388,2.7512247562408447,1.0442670583724976,2.0325217247009277,0.09967032819986343,494.10382080078125,330.46209716796875,261.4473876953125,0.005565814673900604,-0.020491821691393852,2.75176739692688,0.0,0.0,2.9341657161712646,0,0
1786431211.8852153,14.019009837999874,TRACK,FLOW,/home/eunseop/nrs_imitation/checkpoints/flow/polishing/single_cam/20260809_1638,494.1007080078125,331.7243957519531,259.4113464355469,0.006386125460267067,-0.021126912906765938,2.751284599304199,0.1704401671886444,1.4739991426467896,1.2279595136642456,494.097412109375,330.43975830078125,261.39739990234375,0.005465814843773842,-0.020414678379893303,2.7518670558929443,0.0,0.0,2.904970169067383,0,0
1786431211.8932316,14.027026235999983,TRACK,FLOW,/home/eunseop/nrs_imitation/checkpoints/flow/polishing/single_cam/20260809_1638,494.0845031738281,331.6976013183594,259.3409729003906,0.006302230060100555,-0.021002938970923424,2.7514286041259766,-0.7366877794265747,1.6895884275436401,1.5064575672149658,494.0954895019531,330.4173278808594,261.347412109375,0.0053658150136470795,-0.02033800445497036,2.751966953277588,0.0,0.0,2.876065254211426,0,0
1786431211.9013493,14.03514395900038,TRACK,FLOW,/home/eunseop/nrs_imitation/checkpoints/flow/polishing/single_cam/20260809_1638,494.1096496582031,331.6796875,259.2426452636719,0.00609557842835784,-0.020825764164328575,2.7514290809631348,0.5777374505996704,1.6437910795211792,0.43304240703582764,494.0979919433594,330.3948059082031,261.29742431640625,0.005265815183520317,-0.020261794328689575,2.7520668506622314,0.0,0.0,2.8474478721618652,0,0
1786431211.909249,14.043043702999967,TRACK,FLOW,/home/eunseop/nrs_imitation/checkpoints/flow/polishing/single_cam/20260809_1638,494.1060791015625,331.71142578125,259.18017578125,0.00597267085686326,-0.020873917266726494,2.751596689224243,1.4313613176345825,2.080507516860962,0.029023021459579468,494.10052490234375,330.373779296875,261.2474365234375,0.005165815353393555,-0.020191306248307228,2.752166748046875,0.0,0.0,2.819115400314331,0,0
1786431211.9173398,14.051134553999873,TRACK,FLOW,/home/eunseop/nrs_imitation/checkpoints/flow/polishing/single_cam/20260809_1638,494.068359375,331.76507568359375,259.1527099609375,0.005959930829703808,-0.020865416154265404,2.7516562938690186,-0.7730852365493774,3.1231884956359863,0.05605804920196533,494.1004333496094,330.355224609375,261.19744873046875,0.005065815523266792,-0.020129714161157608,2.7522666454315186,0.0,0.0,2.791064739227295,0,0
1786431211.9252255,14.0590200000006,TRACK,FLOW,/home/eunseop/nrs_imitation/checkpoints/flow/polishing/single_cam/20260809_1638,494.02606201171875,331.7520446777344,259.05938720703125,0.006080469116568565,-0.020720625296235085,2.751680374145508,-1.5025235414505005,2.2123427391052246,0.6893112063407898,494.0977783203125,330.33905029296875,261.1474609375,0.00496581569314003,-0.020076854154467583,2.7523605823516846,0.0,0.0,2.7632932662963867,0,0
1786431211.9332542,14.0670488020005,TRACK,FLOW,/home/eunseop/nrs_imitation/checkpoints/flow/polishing/single_cam/20260809_1638,493.9908447265625,331.7320251464844,259.0220031738281,0.006121707148849964,-0.020647969096899033,2.751716136932373,-0.7423548102378845,2.789231061935425,-0.7381977438926697,494.0925598144531,330.3252868652344,261.09747314453125,0.0048658158630132675,-0.02003268152475357,2.7524425983428955,0.0,0.0,2.7357981204986572,0,0
1786431211.9412603,14.075054890000501,TRACK,FLOW,/home/eunseop/nrs_imitation/checkpoints/flow/polishing/single_cam/20260809_1638,494.0057678222656,331.76763916015625,259.0336608886719,0.0060541206039488316,-0.020802505314350128,2.751728057861328,-1.8071283102035522,2.6844682693481445,2.347144842147827,494.0845031738281,330.31256103515625,261.0474853515625,0.004765816032886505,-0.019989466294646263,2.7525181770324707,0.0,0.0,2.7085764408111572,0,0
1786431211.9492216,14.083016323000265,TRACK,FLOW,/home/eunseop/nrs_imitation/checkpoints/flow/polishing/single_cam/20260809_1638,494.0082092285156,331.74273681640625,258.96038818359375,0.005879248026758432,-0.02070348896086216,2.7518482208251953,1.0768179893493652,2.451418399810791,-0.2953917980194092,494.0732727050781,330.2992858886719,260.99749755859375,0.004665816202759743,-0.019938113167881966,2.752593994140625,0.0,0.0,2.6816256046295166,0,0
1786431211.9572139,14.091008473999864,TRACK,FLOW,/home/eunseop/nrs_imitation/checkpoints/flow/polishing/single_cam/20260809_1638,494.041259765625,331.7099914550781,258.9216613769531,0.005721139721572399,-0.020709596574306488,2.7518362998962402,0.45067426562309265,2.398298978805542,1.0913136005401611,494.05889892578125,330.28546142578125,260.947509765625,0.00456581637263298,-0.01987868919968605,2.7526700496673584,0.0,0.0,2.6549429893493652,0,0
1786431211.9652247,14.09901930199976,TRACK,FLOW,/home/eunseop/nrs_imitation/checkpoints/flow/polishing/single_cam/20260809_1638,494.0315856933594,331.69537353515625,258.92559814453125,0.005592613946646452,-0.020733511075377464,2.7518718242645264,-0.2904348373413086,1.231406569480896,1.5829871892929077,494.0413818359375,330.2711181640625,260.89752197265625,0.004465816542506218,-0.019811278209090233,2.752746343612671,0.0,0.0,2.628525972366333,0,0
1786431211.9732413,14.107036049999806,TRACK,FLOW,/home/eunseop/nrs_imitation/checkpoints/flow/polishing/single_cam/20260809_1638,494.0289001464844,331.6437683105469,258.84686279296875,0.005584947764873505,-0.020575569942593575,2.751908779144287,0.19853940606117249,1.4634100198745728,0.20691969990730286,494.0228576660156,330.2557373046875,260.8475341796875,0.004365816712379456,-0.019736986607313156,2.752816677093506,0.0,0.0,2.6023716926574707,0,0
1786431211.9812264,14.115021067999805,TRACK,FLOW,/home/eunseop/nrs_imitation/checkpoints/flow/polishing/single_cam/20260809_1638,494.0425720214844,331.60791015625,258.7957763671875,0.005407657474279404,-0.020514175295829773,2.7519686222076416,-0.40431562066078186,2.060612201690674,2.502580404281616,494.0083312988281,330.2381286621094,260.79754638671875,0.004265816882252693,-0.019658461213111877,2.752866506576538,0.0,0.0,2.5764777660369873,0,0
1786431211.9892201,14.123014763000356,TRACK,FLOW,/home/eunseop/nrs_imitation/checkpoints/flow/polishing/single_cam/20260809_1638,494.01513671875,331.5946350097656,258.7044372558594,0.005287140142172575,-0.020386861637234688,2.7520885467529297,1.524687647819519,2.5151355266571045,0.5969814658164978,493.9977722167969,330.21832275390625,260.74755859375,0.004165817052125931,-0.019575731828808784,2.7528958320617676,0.0,0.0,2.5508413314819336,0,0
1786431211.997222,14.131016502999955,TRACK,FLOW,/home/eunseop/nrs_imitation/checkpoints/flow/polishing/single_cam/20260809_1638,494.00457763671875,331.5796813964844,258.6045227050781,0.00514086103066802,-0.020305637270212173,2.7522318363189697,0.347537100315094,2.3812193870544434,0.8311448693275452,493.9911804199219,330.1963195800781,260.69757080078125,0.004065817221999168,-0.01948884129524231,2.7529048919677734,0.0,0.0,2.5254600048065186,0,0
1786431212.0052147,14.139009194999744,TRACK,FLOW,/home/eunseop/nrs_imitation/checkpoints/flow/polishing/single_cam/20260809_1638,493.9648742675781,331.5160827636719,258.4948425292969,0.005048832856118679,-0.020059818401932716,2.752363920211792,-1.7064883708953857,2.0576272010803223,1.7851696014404297,493.988037109375,330.17230224609375,260.6475830078125,0.003965817391872406,-0.019398437812924385,2.7528975009918213,0.0,0.0,2.500331163406372,0,0
1786431212.0132236,14.14701833900017,TRACK,FLOW,/home/eunseop/nrs_imitation/checkpoints/flow/polishing/single_cam/20260809_1638,493.94927978515625,331.50042724609375,258.3796081542969,0.004956910852342844,-0.019950320944190025,2.752448320388794,-0.584323525428772,2.1131927967071533,0.2370958775281906,493.9851379394531,330.1473083496094,260.59759521484375,0.003865817328915,-0.019308919087052345,2.7529006004333496,0.0,0.0,2.475452423095703,0,0
1786431212.0212355,14.155029968000235,TRACK,FLOW,/home/eunseop/nrs_imitation/checkpoints/flow/polishing/single_cam/20260809_1638,493.9342346191406,331.4915771484375,258.29974365234375,0.004804456140846014,-0.01988203078508377,2.7525079250335693,-0.40575072169303894,2.702556848526001,0.49416571855545044,493.98248291015625,330.1213684082031,260.547607421875,0.003765817265957594,-0.019220277667045593,2.7529139518737793,0.0,0.0,2.4508211612701416,0,0
1786431212.029234,14.163028451000173,TRACK,FLOW,/home/eunseop/nrs_imitation/checkpoints/flow/polishing/single_cam/20260809_1638,493.9352722167969,331.4379577636719,258.2168273925781,0.004658438730984926,-0.019799191504716873,2.7525558471679688,-0.6571090817451477,2.4119136333465576,0.47024786472320557,493.9801025390625,330.094482421875,260.49761962890625,0.003665817203000188,-0.019132504239678383,2.7529375553131104,0.0,0.0,2.4264349937438965,0,0
1786431212.03722,14.171014792000278,TRACK,FLOW,/home/eunseop/nrs_imitation/checkpoints/flow/polishing/single_cam/20260809_1638,493.9176940917969,331.4622802734375,258.1250305175781,0.004583769012242556,-0.019660919904708862,2.7526280879974365,0.6054562330245972,1.8904507160186768,0.018659140914678574,493.97796630859375,330.066650390625,260.4476318359375,0.003565817140042782,-0.019045589491724968,2.7529711723327637,0.0,0.0,2.4022915363311768,0,0
1786431212.0451992,14.17899370699979,TRACK,FLOW,/home/eunseop/nrs_imitation/checkpoints/flow/polishing/single_cam/20260809_1638,493.9021301269531,331.441650390625,258.064208984375,0.004422238562256098,-0.01960696652531624,2.752687931060791,0.05232426896691322,2.3035478591918945,0.32480183243751526,493.9756774902344,330.038818359375,260.39764404296875,0.003465817077085376,-0.018961723893880844,2.7530016899108887,0.0,0.0,2.3783884048461914,0,0
1786431212.053168,14.186962624000444,TRACK,FLOW,/home/eunseop/nrs_imitation/checkpoints/flow/polishing/single_cam/20260809_1638,493.90545654296875,331.37298583984375,258.0420227050781,0.004370508715510368,-0.019559362903237343,2.75268816947937,-0.21069380640983582,2.1592209339141846,-0.07704895734786987,493.9732360839844,330.01104736328125,260.34765625,0.0033658170141279697,-0.018880967050790787,2.753028392791748,0.0,0.0,2.3547229766845703,0,0
1786431212.061198,14.194992568000089,TRACK,FLOW,/home/eunseop/nrs_imitation/checkpoints/flow/polishing/single_cam/20260809_1638,493.86993408203125,331.3793029785156,257.9869689941406,0.004383377730846405,-0.019469646736979485,2.7527596950531006,-0.7695877552032471,2.112405776977539,0.882034182548523,493.97064208984375,329.98333740234375,260.29766845703125,0.0032658169511705637,-0.0188033115118742,2.753051280975342,0.0,0.0,2.3312931060791016,0,0
1786431212.0692053,14.202999717999774,TRACK,FLOW,/home/eunseop/nrs_imitation/checkpoints/flow/polishing/single_cam/20260809_1638,493.8740539550781,331.36505126953125,257.98150634765625,0.004402560647577047,-0.019537420943379402,2.7527120113372803,-1.0999442338943481,2.3413798809051514,1.1263076066970825,493.9678955078125,329.9556884765625,260.2476806640625,0.0031658168882131577,-0.018728718161582947,2.753070592880249,0.0,0.0,2.308096408843994,0,0
1786431212.0771923,14.21098670900028,TRACK,FLOW,/home/eunseop/nrs_imitation/checkpoints/flow/polishing/single_cam/20260809_1638,493.8675537109375,331.3807678222656,257.9526062011719,0.004294916987419128,-0.019457029178738594,2.7527236938476562,-1.4539169073104858,1.8308085203170776,2.7052676677703857,493.9661560058594,329.9301452636719,260.19769287109375,0.0030658168252557516,-0.01864449866116047,2.7530930042266846,0.0,0.0,2.285130500793457,0,0
1786431212.085224,14.219018626999969,TRACK,FLOW,/home/eunseop/nrs_imitation/checkpoints/flow/polishing/single_cam/20260809_1638,493.86968994140625,331.3524475097656,257.8930969238281,0.004127263091504574,-0.019379818812012672,2.752699375152588,1.8472459316253662,2.320950508117676,0.26072239875793457,493.9657287597656,329.90728759765625,260.147705078125,0.0029658167622983456,-0.01854720152914524,2.7531204223632812,0.0,0.0,2.262392997741699,0,0
1786431212.0933104,14.227105240000128,TRACK,FLOW,/home/eunseop/nrs_imitation/checkpoints/flow/polishing/single_cam/20260809_1638,493.9084777832031,331.3277587890625,257.8491516113281,0.00390224508009851,-0.01936860755085945,2.7527594566345215,1.8472459316253662,2.320950508117676,0.26072239875793457,493.96661376953125,329.8870849609375,260.09771728515625,0.0028658166993409395,-0.01844720169901848,2.75315260887146,0.0,0.0,2.239881753921509,0,0
1786431212.1012545,14.235048938000546,TRACK,FLOW,/home/eunseop/nrs_imitation/checkpoints/flow/polishing/single_cam/20260809_1638,493.8873596191406,331.2510986328125,257.762939453125,0.0037996789906173944,-0.019174713641405106,2.75278377532959,-0.6840760111808777,1.7574923038482666,1.7498319149017334,493.9687805175781,329.8695068359375,260.0477294921875,0.0027658166363835335,-0.018347201868891716,2.7531898021698,0.0,0.0,2.217594623565674,0,0
1786431212.1092873,14.24308169699998,TRACK,FLOW,/home/eunseop/nrs_imitation/checkpoints/flow/polishing/single_cam/20260809_1638,493.856689453125,331.2084045410156,257.65972900390625,0.003674627048894763,-0.018988870084285736,2.7528793811798096,0.5022683143615723,1.7948931455612183,0.7791286706924438,493.9720458984375,329.85186767578125,259.99774169921875,0.0026658165734261274,-0.018247202038764954,2.753230094909668,0.0,0.0,2.1955292224884033,0,0
1786431212.1172206,14.251015216000269,TRACK,FLOW,/home/eunseop/nrs_imitation/checkpoints/flow/polishing/single_cam/20260809_1638,493.8465576171875,331.1492919921875,257.5181579589844,0.0036011780612170696,-0.018811773508787155,2.7528553009033203,-0.7045494914054871,2.4316585063934326,0.9967450499534607,493.97625732421875,329.8326110839844,259.94775390625,0.0025658165104687214,-0.01814720220863819,2.753272294998169,0.0,0.0,2.1736834049224854,0,0
1786431212.1263533,14.260147756000151,TRACK,FLOW,/home/eunseop/nrs_imitation/checkpoints/flow/polishing/single_cam/20260809_1638,493.8446350097656,331.1492614746094,257.4627990722656,0.003460387932136655,-0.018788907676935196,2.7529749870300293,0.2348734587430954,2.2431447505950928,-0.0034217548090964556,493.9815673828125,329.8114929199219,259.89776611328125,0.0024658164475113153,-0.01804720237851143,2.753316879272461,0.0,0.0,2.152054786682129,0,0
1786431212.1332483,14.267042831999788,TRACK,FLOW,/home/eunseop/nrs_imitation/checkpoints/flow/polishing/single_cam/20260809_1638,493.8049011230469,331.0875549316406,257.2801513671875,0.0035711482632905245,-0.018523598089814186,2.7529873847961426,-0.04015478491783142,2.1820263862609863,0.1517113894224167,493.9877014160156,329.7890625,259.8477783203125,0.0023658163845539093,-0.017953483387827873,2.7533631324768066,0.0,0.0,2.130641460418701,0,0
1786431212.1411932,14.274987752000015,TRACK,FLOW,/home/eunseop/nrs_imitation/checkpoints/flow/polishing/single_cam/20260809_1638,493.8108215332031,331.0834655761719,257.233642578125,0.0034366243053227663,-0.01852395571768284,2.7529871463775635,-0.44175752997398376,2.5442683696746826,0.31624144315719604,493.9934387207031,329.7658996582031,259.79779052734375,0.0022658163215965033,-0.017859026789665222,2.7534139156341553,0.0,0.0,2.1094412803649902,0,0
1786431212.1492076,14.283002166000188,TRACK,FLOW,/home/eunseop/nrs_imitation/checkpoints/flow/polishing/single_cam/20260809_1638,493.7823486328125,331.0467834472656,257.17218017578125,0.003407750278711319,-0.018370795994997025,2.753023147583008,-0.466539591550827,2.2990007400512695,0.02403872087597847,493.99725341796875,329.74298095703125,259.747802734375,0.002165816258639097,-0.01775902695953846,2.753472089767456,0.0,0.0,2.088452100753784,0,0
1786431212.1572137,14.291008234000401,TRACK,FLOW,/home/eunseop/nrs_imitation/checkpoints/flow/polishing/single_cam/20260809_1638,493.7644958496094,331.03643798828125,257.1272277832031,0.0034234554041177034,-0.01834266446530819,2.7530953884124756,-0.6003336310386658,2.4055988788604736,0.35563308000564575,493.9991149902344,329.7203369140625,259.69781494140625,0.002065816195681691,-0.017659027129411697,2.753537654876709,0.0,0.0,2.067671537399292,0,0
1786431212.1652954,14.299090168000475,TRACK,FLOW,/home/eunseop/nrs_imitation/checkpoints/flow/polishing/single_cam/20260809_1638,493.7701721191406,331.0354309082031,257.0928039550781,0.003434076439589262,-0.018289757892489433,2.753047227859497,-0.39519405364990234,1.9237371683120728,0.2714309096336365,493.99908447265625,329.69793701171875,259.6478271484375,0.001965816132724285,-0.017559027299284935,2.753610372543335,0.0,0.0,2.04709792137146,0,0
1786431212.1732452,14.307039778000217,TRACK,FLOW,/home/eunseop/nrs_imitation/checkpoints/flow/polishing/single_cam/20260809_1638,493.79461669921875,330.9895324707031,257.0777282714844,0.0033057061955332756,-0.01827629655599594,2.7530593872070312,-0.97278892993927,1.658347249031067,2.541942834854126,493.99725341796875,329.6756591796875,259.59783935546875,0.001865816186182201,-0.017459027469158173,2.753689765930176,0.0,0.0,2.026728868484497,0,0
1786431212.1812027,14.31499732300017,TRACK,FLOW,/home/eunseop/nrs_imitation/checkpoints/flow/polishing/single_cam/20260809_1638,493.8415832519531,331.0224914550781,257.07476806640625,0.0030437037348747253,-0.018263686448335648,2.75315523147583,1.450484037399292,2.788374185562134,0.018213601782917976,493.9939270019531,329.6531982421875,259.5478515625,0.0017658162396401167,-0.01735902763903141,2.7537741661071777,0.0,0.0,2.0065624713897705,0,0
1786431212.1893127,14.323107440000058,TRACK,FLOW,/home/eunseop/nrs_imitation/checkpoints/flow/polishing/single_cam/20260809_1638,493.86956787109375,330.9939880371094,257.0351257324219,0.0027666573878377676,-0.018242845311760902,2.7532267570495605,0.3076312243938446,2.2234039306640625,2.190084218978882,493.9891052246094,329.63055419921875,259.49786376953125,0.0016658162930980325,-0.017259027808904648,2.75386381149292,0.0,0.0,1.9865968227386475,0,0
1786431212.1972284,14.331023014000493,TRACK,FLOW,/home/eunseop/nrs_imitation/checkpoints/flow/polishing/single_cam/20260809_1638,493.8522033691406,330.9385986328125,256.9446716308594,0.0027706485707312822,-0.018030617386102676,2.7532153129577637,-0.7255135774612427,1.1455107927322388,1.523477554321289,493.9828186035156,329.60772705078125,259.4478759765625,0.0015658163465559483,-0.017159027978777885,2.7539584636688232,0.0,0.0,1.9668298959732056,0,0
1786431212.2052174,14.339011928999753,TRACK,FLOW,/home/eunseop/nrs_imitation/checkpoints/flow/polishing/single_cam/20260809_1638,493.8589782714844,330.9142150878906,256.863525390625,0.0025993455201387405,-0.017857642844319344,2.753335475921631,-0.23994947969913483,1.973067283630371,-0.058375123888254166,493.9757080078125,329.5846252441406,259.39788818359375,0.001465816400013864,-0.017059028148651123,2.7540555000305176,0.0,0.0,1.9472596645355225,0,0
1786431212.213325,14.347119623000253,TRACK,FLOW,/home/eunseop/nrs_imitation/checkpoints/flow/polishing/single_cam/20260809_1638,493.8495178222656,330.9027099609375,256.7690124511719,0.002546632895246148,-0.01771256886422634,2.753383159637451,-0.7960790991783142,2.5743515491485596,0.8514049649238586,493.9725341796875,329.560546875,259.347900390625,0.0013658164534717798,-0.01695902831852436,2.754138231277466,0.0,0.0,1.9278841018676758,0,0
1786431212.2212152,14.355009718000474,TRACK,FLOW,/home/eunseop/nrs_imitation/checkpoints/flow/polishing/single_cam/20260809_1638,493.83880615234375,330.8140869140625,256.700439453125,0.0025162731762975454,-0.017424102872610092,2.753347158432007,-0.616216242313385,2.1346547603607178,-0.2667601406574249,493.9732360839844,329.5354919433594,259.29791259765625,0.0012658165069296956,-0.0168590284883976,2.754206657409668,0.0,0.0,1.9087013006210327,0,0
1786431212.2292037,14.362998323000284,TRACK,FLOW,/home/eunseop/nrs_imitation/checkpoints/flow/polishing/single_cam/20260809_1638,493.80755615234375,330.8214111328125,256.6620178222656,0.0025851139798760414,-0.01740470714867115,2.7533955574035645,-0.6872268915176392,2.407928705215454,0.33616697788238525,493.977783203125,329.50946044921875,259.2479248046875,0.0011658165603876114,-0.016759028658270836,2.754261016845703,0.0,0.0,1.8897093534469604,0,0
1786431212.2372196,14.371014059000117,TRACK,FLOW,/home/eunseop/nrs_imitation/checkpoints/flow/polishing/single_cam/20260809_1638,493.8138122558594,330.7755432128906,256.5729675292969,0.0025316320825368166,-0.017260096967220306,2.7533838748931885,-1.1659611463546753,2.5250132083892822,1.4288854598999023,493.98614501953125,329.48248291015625,259.19793701171875,0.0010658166138455272,-0.016659028828144073,2.7543013095855713,0.0,0.0,1.8709064722061157,0,0
1786431212.245217,14.379011691000414,TRACK,FLOW,/home/eunseop/nrs_imitation/checkpoints/flow/polishing/single_cam/20260809_1638,493.8315734863281,330.7631530761719,256.5108642578125,0.0023098913952708244,-0.017173752188682556,2.753563165664673,1.5357611179351807,2.405606269836426,-0.2975151538848877,493.99566650390625,329.455810546875,259.14794921875,0.000965816609095782,-0.01655902899801731,2.7543280124664307,0.0,0.0,1.8522906303405762,0,0
1786431212.2533104,14.387105075999898,TRACK,FLOW,/home/eunseop/nrs_imitation/checkpoints/flow/polishing/single_cam/20260809_1638,493.8846435546875,330.75433349609375,256.4847412109375,0.0019415701972320676,-0.017178356647491455,2.7536585330963135,0.15028758347034454,1.3083006143569946,1.1221808195114136,494.0062255859375,329.42950439453125,259.09796142578125,0.0008658166043460369,-0.01645902916789055,2.7543413639068604,0.0,0.0,1.8338600397109985,0,0
1786431212.2612984,14.395093140000427,TRACK,FLOW,/home/eunseop/nrs_imitation/checkpoints/flow/polishing/single_cam/20260809_1638,493.8722229003906,330.71356201171875,256.40106201171875,0.0018261976074427366,-0.017075330018997192,2.753742218017578,-0.9541900157928467,1.5641154050827026,1.4225417375564575,494.0177917480469,329.4035339355469,259.0479736328125,0.0007658165995962918,-0.016359029337763786,2.7543413639068604,0.0,0.0,1.81561279296875,0,0
1786431212.269239,14.403033602000505,TRACK,FLOW,/home/eunseop/nrs_imitation/checkpoints/flow/polishing/single_cam/20260809_1638,493.9067687988281,330.67620849609375,256.3322448730469,0.001627718796953559,-0.016982385888695717,2.7538018226623535,0.4877568483352661,1.8529435396194458,0.6393161416053772,494.0303649902344,329.3779296875,258.99798583984375,0.0006658165948465466,-0.016259029507637024,2.7543280124664307,0.0,0.0,1.7975471019744873,0,0
1786431212.2772243,14.411018790000526,TRACK,FLOW,/home/eunseop/nrs_imitation/checkpoints/flow/polishing/single_cam/20260809_1638,493.90972900390625,330.7124938964844,256.2748718261719,0.0014434923650696874,-0.01693667098879814,2.7539095878601074,-0.15317954123020172,2.548565626144409,0.8084741234779358,494.0439147949219,329.35302734375,258.947998046875,0.0005658165900968015,-0.01615902967751026,2.7543258666992188,0.0,0.0,1.7796611785888672,0,0
1786431212.2852242,14.41901864600004,TRACK,FLOW,/home/eunseop/nrs_imitation/checkpoints/flow/polishing/single_cam/20260809_1638,493.9173278808594,330.689208984375,256.23052978515625,0.0013500235509127378,-0.016863208264112473,2.7539215087890625,-0.9488284587860107,2.507105588912964,0.6330516934394836,494.05841064453125,329.32891845703125,258.89801025390625,0.0004658165853470564,-0.0160590298473835,2.754340887069702,0.0,0.0,1.7619532346725464,0,0
1786431212.2933266,14.42712130900054,TRACK,FLOW,/home/eunseop/nrs_imitation/checkpoints/flow/polishing/single_cam/20260809_1638,493.87664794921875,330.6668701171875,256.1629333496094,0.0013347778003662825,-0.016719767823815346,2.7540295124053955,-0.9302404522895813,2.278834819793701,0.3793681859970093,494.0738525390625,329.30560302734375,258.8480224609375,0.00036581658059731126,-0.015959030017256737,2.75437331199646,0.0,0.0,1.7444214820861816,0,0
1786431212.3012066,14.43500102500002,TRACK,FLOW,/home/eunseop/nrs_imitation/checkpoints/flow/polishing/single_cam/20260809_1638,493.8406066894531,330.6609191894531,256.1133728027344,0.0014220370212569833,-0.01663370430469513,2.754053831100464,-1.3008692264556885,2.525109052658081,0.4121396243572235,494.0902099609375,329.2830505371094,258.79803466796875,0.00026581657584756613,-0.015859030187129974,2.754422664642334,0.0,0.0,1.7270642518997192,0,0
1786431212.3092754,14.443070094000177,TRACK,FLOW,/home/eunseop/nrs_imitation/checkpoints/flow/polishing/single_cam/20260809_1638,493.8578186035156,330.632568359375,256.05694580078125,0.001365377800539136,-0.016562804579734802,2.754054069519043,-1.7090222835540771,2.35514760017395,2.1894426345825195,494.1056823730469,329.262451171875,258.748046875,0.000165816571097821,-0.015759030357003212,2.7544777393341064,0.0,0.0,1.7098796367645264,0,0
1786431212.3173525,14.451147038000272,TRACK,FLOW,/home/eunseop/nrs_imitation/checkpoints/flow/polishing/single_cam/20260809_1638,493.8755798339844,330.6142578125,255.98854064941406,0.0011732170823961496,-0.01649322547018528,2.7540533542633057,1.451185703277588,2.284839391708374,0.18867315351963043,494.119140625,329.2445068359375,258.69805908203125,6.581657362403348e-05,-0.01565903052687645,2.7545320987701416,0.0,0.0,1.6928660869598389,0,0
1786431212.3252306,14.459025261000534,TRACK,FLOW,/home/eunseop/nrs_imitation/checkpoints/flow/polishing/single_cam/20260809_1638,493.9284973144531,330.583251953125,255.94313049316406,0.0009452546946704388,-0.016384275630116463,2.754089117050171,0.8863605856895447,1.9414302110671997,1.2963629961013794,494.1306457519531,329.2291564941406,258.6480712890625,-3.4183423849754035e-05,-0.015559030696749687,2.7545855045318604,0.0,0.0,1.6760218143463135,0,0
1786431212.3332162,14.467010709000533,TRACK,FLOW,/home/eunseop/nrs_imitation/checkpoints/flow/polishing/single_cam/20260809_1638,493.9604797363281,330.5141906738281,255.84681701660156,0.0007897419272921979,-0.01618075929582119,2.754077196121216,-0.3801893889904022,1.4155020713806152,1.3041630983352661,494.14019775390625,329.21636962890625,258.59808349609375,-0.00013418341404758394,-0.015459030866622925,2.754638195037842,0.0,0.0,1.6593451499938965,0,0
1786431212.3411977,14.474992430000384,TRACK,FLOW,/home/eunseop/nrs_imitation/checkpoints/flow/polishing/single_cam/20260809_1638,493.96417236328125,330.5045471191406,255.7921142578125,0.0006854339735582471,-0.016160771250724792,2.7541487216949463,0.5318329334259033,1.9375896453857422,0.056923992931842804,494.149658203125,329.2044372558594,258.548095703125,-0.00023418341879732907,-0.015359031036496162,2.7546920776367188,0.0,0.0,1.6428344249725342,0,0
1786431212.3491912,14.482985734000067,TRACK,FLOW,/home/eunseop/nrs_imitation/checkpoints/flow/polishing/single_cam/20260809_1638,493.98968505859375,330.4612731933594,255.71202087402344,0.0005658877780660987,-0.015996461734175682,2.7541251182556152,0.26098135113716125,1.9954020977020264,0.5034509301185608,494.1612243652344,329.1913146972656,258.49810791015625,-0.0003341834235470742,-0.0152590312063694,2.7547497749328613,0.0,0.0,1.6264879703521729,0,0
1786431212.3571906,14.490985270000238,TRACK,FLOW,/home/eunseop/nrs_imitation/checkpoints/flow/polishing/single_cam/20260809_1638,493.9440612792969,330.42889404296875,255.61602783203125,0.0006483308388851583,-0.015850218012928963,2.7541613578796387,-0.35065746307373047,2.571479320526123,-0.4621119201183319,494.17486572265625,329.1770324707031,258.4481201171875,-0.00043418342829681933,-0.015159031376242638,2.7548110485076904,0.0,0.0,1.6103041172027588,0,0
1786431212.3652306,14.499025191999863,TRACK,FLOW,/home/eunseop/nrs_imitation/checkpoints/flow/polishing/single_cam/20260809_1638,493.94866943359375,330.4342956542969,255.61769104003906,0.00064800278050825,-0.01585080288350582,2.7541613578796387,-1.4049259424209595,2.220334529876709,0.35565125942230225,494.1905822753906,329.16156005859375,258.39813232421875,-0.000534183403942734,-0.015059031546115875,2.754876136779785,0.0,0.0,1.5942813158035278,0,0
1786431212.3733747,14.507169305000389,TRACK,FLOW,/home/eunseop/nrs_imitation/checkpoints/flow/polishing/single_cam/20260809_1638,493.9503479003906,330.36328125,255.529052734375,0.0005538659752346575,-0.015641992911696434,2.7541732788085938,-1.8501672744750977,2.1279330253601074,1.600087285041809,494.2083435058594,329.14556884765625,258.34814453125,-0.0006341834086924791,-0.014959031715989113,2.754936695098877,0.0,0.0,1.5784178972244263,0,0
1786431212.3826947,14.516489274999913,TRACK,FLOW,/home/eunseop/nrs_imitation/checkpoints/flow/polishing/single_cam/20260809_1638,493.9766845703125,330.3268737792969,255.46595764160156,0.00035509964800439775,-0.015549680218100548,2.754244804382324,1.0789623260498047,2.2467286586761475,-0.026712721213698387,494.2285461425781,329.1307678222656,258.29815673828125,-0.0007341834134422243,-0.01485903188586235,2.7549686431884766,0.0,0.0,1.5627124309539795,0,0
1786431212.3894162,14.523210748000565,TRACK,FLOW,/home/eunseop/nrs_imitation/checkpoints/flow/polishing/single_cam/20260809_1638,494.0153503417969,330.3246154785156,255.42515563964844,0.00018136690778192133,-0.01554890163242817,2.7542929649353027,-0.03589361906051636,2.3079099655151367,2.0507168769836426,494.2503967285156,329.1168518066406,258.2481689453125,-0.0008341834181919694,-0.014759032055735588,2.7549805641174316,0.0,0.0,1.5471631288528442,0,0
1786431212.3972173,14.531011842000225,TRACK,FLOW,/home/eunseop/nrs_imitation/checkpoints/flow/polishing/single_cam/20260809_1638,494.05633544921875,330.3827209472656,255.44219970703125,-1.9607299691415392e-05,-0.01566750556230545,2.7543399333953857,-0.8935693502426147,1.5678805112838745,1.4714934825897217,494.27423095703125,329.10394287109375,258.19818115234375,-0.0009341834229417145,-0.014659032225608826,2.7549691200256348,0.0,0.0,1.531768560409546,0,0
1786431212.405234,14.539028801000313,TRACK,FLOW,/home/eunseop/nrs_imitation/checkpoints/flow/polishing/single_cam/20260809_1638,494.0909423828125,330.3663635253906,255.39700317382812,-0.00023475143825635314,-0.015604590065777302,2.7544467449188232,1.0620139837265015,1.8948723077774048,0.6356238126754761,494.2998046875,329.09185791015625,258.148193359375,-0.0010341834276914597,-0.014559032395482063,2.754940986633301,0.0,0.0,1.5165271759033203,0,0
1786431212.413225,14.54701963000025,TRACK,FLOW,/home/eunseop/nrs_imitation/checkpoints/flow/polishing/single_cam/20260809_1638,494.10943603515625,330.3359680175781,255.3115234375,-0.0003704045375343412,-0.015469079837203026,2.7544705867767334,0.4923956096172333,2.460881233215332,0.5563638210296631,494.3254089355469,329.07928466796875,258.09820556640625,-0.0011341833742335439,-0.014459032565355301,2.754944086074829,0.0,0.0,1.5014374256134033,0,0
1786431212.4212136,14.555008254000313,TRACK,FLOW,/home/eunseop/nrs_imitation/checkpoints/flow/polishing/single_cam/20260809_1638,494.1121520996094,330.3349304199219,255.2447967529297,-0.0002646735811140388,-0.015451669692993164,2.754411458969116,-0.1516837179660797,2.2880470752716064,-0.27458640933036804,494.3510437011719,329.0662536621094,258.0482177734375,-0.001234183320775628,-0.014359032735228539,2.7549784183502197,0.0,0.0,1.4864978790283203,0,0
1786431212.429296,14.56309077900005,TRACK,FLOW,/home/eunseop/nrs_imitation/checkpoints/flow/polishing/single_cam/20260809_1638,494.0973205566406,330.333251953125,255.21859741210938,-0.00037918647285550833,-0.015348682180047035,2.7544829845428467,-0.8660840392112732,1.5483083724975586,1.9890505075454712,494.376708984375,329.0527648925781,257.99822998046875,-0.0013341832673177123,-0.014259032905101776,2.7550435066223145,0.0,0.0,1.4717069864273071,0,0
1786431212.4372096,14.571004049000294,TRACK,FLOW,/home/eunseop/nrs_imitation/checkpoints/flow/polishing/single_cam/20260809_1638,494.1015625,330.2861022949219,255.1059112548828,-0.00045832977048121393,-0.015111949294805527,2.7545783519744873,-0.37354257702827454,2.833409070968628,0.48671379685401917,494.4023742675781,329.038818359375,257.9482421875,-0.0014341832138597965,-0.014159033074975014,2.755139112472534,0.0,0.0,1.4570631980895996,0,0
1786431212.4454076,14.579202396000255,TRACK,FLOW,/home/eunseop/nrs_imitation/checkpoints/flow/polishing/single_cam/20260809_1638,494.1015625,330.2861022949219,255.1059112548828,-0.00045832977048121393,-0.015111949294805527,2.7545783519744873,-0.37354257702827454,2.833409070968628,0.48671379685401917,494.4268493652344,329.0263366699219,257.89825439453125,-0.0015341831604018807,-0.014059033244848251,2.7552266120910645,0.0,0.0,1.4425652027130127,0,0
1786431212.453215,14.587009552000382,TRACK,FLOW,/home/eunseop/nrs_imitation/checkpoints/flow/polishing/single_cam/20260809_1638,494.12353515625,330.2851257324219,255.0058135986328,-0.0007164591224864125,-0.01502363570034504,2.754685640335083,-0.818452775478363,1.5677980184555054,1.2766053676605225,494.45013427734375,329.015380859375,257.8482666015625,-0.001634183106943965,-0.013959033414721489,2.7553045749664307,0.0,0.0,1.4282114505767822,0,0
1786431212.461244,14.595038874999773,TRACK,FLOW,/home/eunseop/nrs_imitation/checkpoints/flow/polishing/single_cam/20260809_1638,494.14410400390625,330.28326416015625,254.95921325683594,-0.0008394101168960333,-0.01493542268872261,2.7547457218170166,-0.435454398393631,1.941239356994629,0.7188665270805359,494.4721984863281,329.0059509277344,257.79827880859375,-0.0017341830534860492,-0.013859033584594727,2.755373001098633,0.0,0.0,1.4140005111694336,0,0
1786431212.4692256,14.603020266000385,TRACK,FLOW,/home/eunseop/nrs_imitation/checkpoints/flow/polishing/single_cam/20260809_1638,494.1663818359375,330.25115966796875,254.853759765625,-0.0009221290820278227,-0.014772886410355568,2.7547454833984375,-0.10793527215719223,2.414870023727417,0.9506749510765076,494.4930725097656,328.998046875,257.748291015625,-0.0018341830000281334,-0.013759033754467964,2.75543212890625,0.0,0.0,1.3999309539794922,0,0
1786431212.4772463,14.611040931999923,TRACK,FLOW,/home/eunseop/nrs_imitation/checkpoints/flow/polishing/single_cam/20260809_1638,494.2164001464844,330.2501220703125,254.84857177734375,-0.0011551828356459737,-0.014776554889976978,2.7547216415405273,0.5467243194580078,1.648871898651123,-0.003897914197295904,494.5176696777344,328.9910888671875,257.69830322265625,-0.0019341829465702176,-0.013659033924341202,2.7554867267608643,0.0,0.0,1.3860013484954834,0,0
1786431212.485201,14.6189953410003,TRACK,FLOW,/home/eunseop/nrs_imitation/checkpoints/flow/polishing/single_cam/20260809_1638,494.22686767578125,330.1862487792969,254.73388671875,-0.0012027454795315862,-0.01451753918081522,2.7547690868377686,0.11790105700492859,1.5708942413330078,1.118198037147522,494.54730224609375,328.98492431640625,257.6483154296875,-0.002034182893112302,-0.01355903409421444,2.75553822517395,0.0,0.0,1.3722103834152222,0,0
1786431212.4932542,14.627048830000604,TRACK,FLOW,/home/eunseop/nrs_imitation/checkpoints/flow/polishing/single_cam/20260809_1638,494.22216796875,330.1362609863281,254.65414428710938,-0.001283064717426896,-0.014317993074655533,2.754793405532837,-0.3773356080055237,2.818854570388794,0.014455625787377357,494.5819091796875,328.9795227050781,257.59832763671875,-0.002134182956069708,-0.013459034264087677,2.755586624145508,0.0,0.0,1.3585566282272339,0,0
1786431212.5012503,14.635044999000456,TRACK,FLOW,/home/eunseop/nrs_imitation/checkpoints/flow/polishing/single_cam/20260809_1638,494.2411804199219,330.131103515625,254.58697509765625,-0.001331780687905848,-0.014232615940272808,2.7548534870147705,-0.06546976417303085,1.550842523574829,0.6270081400871277,494.6214294433594,328.97491455078125,257.54833984375,-0.002234183019027114,-0.013359034433960915,2.755631923675537,0.0,0.0,1.3450387716293335,0,0
1786431212.509212,14.643006361000516,TRACK,FLOW,/home/eunseop/nrs_imitation/checkpoints/flow/polishing/single_cam/20260809_1638,494.2712097167969,330.087158203125,254.5635986328125,-0.0014479022938758135,-0.014129364863038063,2.7549009323120117,0.7772780060768127,2.4950051307678223,-0.13797833025455475,494.6612854003906,328.97125244140625,257.49835205078125,-0.00233418308198452,-0.013259034603834152,2.7556729316711426,0.0,0.0,1.3316553831100464,0,0
1786431212.5172322,14.651026696000372,TRACK,FLOW,/home/eunseop/nrs_imitation/checkpoints/flow/polishing/single_cam/20260809_1638,494.2491149902344,330.1052551269531,254.5281982421875,-0.0013788283104076982,-0.014110371470451355,2.754889488220215,-0.9256842136383057,2.5056257247924805,0.9636722207069397,494.69866943359375,328.9686584472656,257.4483642578125,-0.002434183144941926,-0.01315903477370739,2.755709171295166,0.0,0.0,1.3184051513671875,0,0
1786431212.525209,14.65900345800037,TRACK,FLOW,/home/eunseop/nrs_imitation/checkpoints/flow/polishing/single_cam/20260809_1638,494.2753601074219,330.1119384765625,254.54248046875,-0.0013982068048790097,-0.014178028330206871,2.7548890113830566,-0.10228721052408218,1.8307214975357056,0.19901195168495178,494.733642578125,328.96710205078125,257.39837646484375,-0.002534183207899332,-0.013059034943580627,2.7557406425476074,0.0,0.0,1.3052867650985718,0,0
1786431212.5342047,14.667999195999982,TRACK,FLOW,/home/eunseop/nrs_imitation/checkpoints/flow/polishing/single_cam/20260809_1638,494.2753601074219,330.1119384765625,254.54248046875,-0.0013982068048790097,-0.014178028330206871,2.7548890113830566,-0.10228721052408218,1.8307214975357056,0.19901195168495178,494.7659606933594,328.9667053222656,257.348388671875,-0.002634183270856738,-0.012959035113453865,2.7557666301727295,0.0,0.0,1.2922989130020142,0,0
1786431212.5412567,14.675051172000167,TRACK,FLOW,/home/eunseop/nrs_imitation/checkpoints/flow/polishing/single_cam/20260809_1638,494.3631896972656,330.095703125,254.45753479003906,-0.0017988516483455896,-0.014067667536437511,2.7550201416015625,-0.06120554357767105,2.2739930152893066,1.6551982164382935,494.797119140625,328.9660949707031,257.29840087890625,-0.002734183333814144,-0.012859035283327103,2.7557854652404785,0.0,0.0,1.2794402837753296,0,0
1786431212.549226,14.683020659999784,TRACK,FLOW,/home/eunseop/nrs_imitation/checkpoints/flow/polishing/single_cam/20260809_1638,494.4094543457031,330.11138916015625,254.44700622558594,-0.0020323325879871845,-0.014071687124669552,2.7550911903381348,0.11530514061450958,1.8592848777770996,0.8674287796020508,494.8280334472656,328.9640197753906,257.2484130859375,-0.00283418339677155,-0.01275903545320034,2.7557930946350098,0.0,0.0,1.2667096853256226,0,0
1786431212.5572252,14.691019894999954,TRACK,FLOW,/home/eunseop/nrs_imitation/checkpoints/flow/polishing/single_cam/20260809_1638,494.44500732421875,330.1015319824219,254.3487548828125,-0.0020594068337231874,-0.013980649411678314,2.755211353302002,-1.3103723526000977,1.8592158555984497,2.1642534732818604,494.85870361328125,328.9605407714844,257.19842529296875,-0.0029341834597289562,-0.012659035623073578,2.7557895183563232,0.0,0.0,1.2541056871414185,0,0
1786431212.5652814,14.699075878999793,TRACK,FLOW,/home/eunseop/nrs_imitation/checkpoints/flow/polishing/single_cam/20260809_1638,494.458984375,330.1479797363281,254.3022918701172,-0.0021104393526911736,-0.01397012360394001,2.755223512649536,0.3078244626522064,2.77274227142334,-0.09936591237783432,494.8891296386719,328.9556579589844,257.150634765625,-0.0030341835226863623,-0.012559035792946815,2.755774736404419,0.0,0.0,1.2416270971298218,0,0
1786431212.5732398,14.70703429600053,TRACK,FLOW,/home/eunseop/nrs_imitation/checkpoints/flow/polishing/single_cam/20260809_1638,494.50469970703125,330.1495361328125,254.24964904785156,-0.002313652541488409,-0.01395384594798088,2.7553188800811768,-0.7302852869033813,2.1657817363739014,1.8808461427688599,494.9192810058594,328.9504699707031,257.10614013671875,-0.0031341835856437683,-0.012459035962820053,2.7557544708251953,0.0,0.0,1.229272723197937,0,0
1786431212.5817099,14.71550450399991,TRACK,FLOW,/home/eunseop/nrs_imitation/checkpoints/flow/polishing/single_cam/20260809_1638,494.50469970703125,330.1495361328125,254.24964904785156,-0.002313652541488409,-0.01395384594798088,2.7553188800811768,-0.7302852869033813,2.1657817363739014,1.8808461427688599,494.9490966796875,328.9479064941406,257.0609130859375,-0.0032341836486011744,-0.01235903613269329,2.755742311477661,0.0,0.0,1.217041254043579,0,0
1786431212.5892274,14.723022064999896,TRACK,FLOW,/home/eunseop/nrs_imitation/checkpoints/flow/polishing/single_cam/20260809_1638,494.58953857421875,330.118896484375,254.0538787841797,-0.002558405278250575,-0.013566055335104465,2.7553904056549072,0.12063395231962204,1.6259517669677734,1.1333770751953125,494.9785461425781,328.9476318359375,257.0151062011719,-0.0033341837115585804,-0.012259036302566528,2.7557373046875,0.0,0.0,1.2049314975738525,0,0
1786431212.5972078,14.731002383000487,TRACK,FLOW,/home/eunseop/nrs_imitation/checkpoints/flow/polishing/single_cam/20260809_1638,494.65264892578125,330.08636474609375,253.9320831298828,-0.0026813047006726265,-0.013304210267961025,2.7553904056549072,0.07993068546056747,2.1597018241882324,0.4872548282146454,495.0076599121094,328.94976806640625,256.9686279296875,-0.0034341837745159864,-0.012159036472439766,2.755739688873291,0.0,0.0,1.1929422616958618,0,0
1786431212.6052127,14.73900722899998,TRACK,FLOW,/home/eunseop/nrs_imitation/checkpoints/flow/polishing/single_cam/20260809_1638,494.6864318847656,330.1196594238281,253.84471130371094,-0.0027213331777602434,-0.013204201124608517,2.7554264068603516,-0.44080379605293274,2.826326608657837,0.8433319330215454,495.03631591796875,328.9541931152344,256.92083740234375,-0.0035341838374733925,-0.012059036642313004,2.755748987197876,0.0,0.0,1.1810722351074219,0,0
1786431212.6132014,14.746996034000404,TRACK,FLOW,/home/eunseop/nrs_imitation/checkpoints/flow/polishing/single_cam/20260809_1638,494.7132263183594,330.08074951171875,253.72921752929688,-0.0028067417442798615,-0.012943798676133156,2.755498170852661,0.3430653214454651,1.8519353866577148,0.5609118938446045,495.0634765625,328.9601745605469,256.870849609375,-0.0036341839004307985,-0.011959036812186241,2.7557594776153564,0.0,0.0,1.1693203449249268,0,0
1786431212.621211,14.755005619000258,TRACK,FLOW,/home/eunseop/nrs_imitation/checkpoints/flow/polishing/single_cam/20260809_1638,494.7423400878906,330.0599060058594,253.64051818847656,-0.0029199779964983463,-0.012803026475012302,2.755462408065796,0.1478920876979828,2.156278133392334,-0.37123191356658936,495.0891418457031,328.9676818847656,256.82086181640625,-0.0037341839633882046,-0.011859036982059479,2.7557713985443115,0.0,0.0,1.157685399055481,0,0
1786431212.6292357,14.76303026200003,TRACK,FLOW,/home/eunseop/nrs_imitation/checkpoints/flow/polishing/single_cam/20260809_1638,494.7623291015625,330.0964660644531,253.6117401123047,-0.003028524573892355,-0.012722398154437542,2.755581855773926,-1.4602129459381104,2.2839913368225098,1.3609826564788818,495.11334228515625,328.9767150878906,256.7708740234375,-0.0038341840263456106,-0.011759037151932716,2.755784511566162,0.0,0.0,1.146166205406189,0,0
1786431212.6372185,14.771013256000515,TRACK,FLOW,/home/eunseop/nrs_imitation/checkpoints/flow/polishing/single_cam/20260809_1638,494.7814025878906,330.0490417480469,253.51889038085938,-0.003052728483453393,-0.012593400664627552,2.7555220127105713,0.8416446447372437,2.288790225982666,-0.884457528591156,495.1360778808594,328.9872741699219,256.72088623046875,-0.003934184089303017,-0.011659037321805954,2.7557990550994873,0.0,0.0,1.1347616910934448,0,0
1786431212.6451993,14.778994015000535,TRACK,FLOW,/home/eunseop/nrs_imitation/checkpoints/flow/polishing/single_cam/20260809_1638,494.8282470703125,330.0747985839844,253.53536987304688,-0.0031945928931236267,-0.012571451254189014,2.7555813789367676,-0.44994109869003296,2.292555093765259,0.5290428400039673,495.1551818847656,328.9955139160156,256.6708984375,-0.004034183919429779,-0.011559037491679192,2.7558295726776123,0.0,0.0,1.123470664024353,0,0
1786431212.6532788,14.787073334000524,TRACK,FLOW,/home/eunseop/nrs_imitation/checkpoints/flow/polishing/single_cam/20260809_1638,494.7818298339844,330.10833740234375,253.50732421875,-0.003115303348749876,-0.012636912986636162,2.755641460418701,-0.44994109869003296,2.292555093765259,0.5290428400039673,495.1705322265625,329.0012512207031,256.62091064453125,-0.0041341837495565414,-0.01145903766155243,2.7558767795562744,0.0,0.0,1.112291932106018,0,0
1786431212.6613033,14.795097887999873,TRACK,FLOW,/home/eunseop/nrs_imitation/checkpoints/flow/polishing/single_cam/20260809_1638,494.7677001953125,330.08416748046875,253.4573211669922,-0.003054679837077856,-0.012495554983615875,2.755581855773926,0.8143694996833801,2.4924933910369873,-0.3553154766559601,495.1822204589844,329.0045471191406,256.5709228515625,-0.004234183579683304,-0.011359037831425667,2.7559401988983154,0.0,0.0,1.101224422454834,0,0
1786431212.6692207,14.80301527499978,TRACK,FLOW,/home/eunseop/nrs_imitation/checkpoints/flow/polishing/single_cam/20260809_1638,494.80999755859375,330.0774841308594,253.4588623046875,-0.003208788111805916,-0.012563263066112995,2.7555692195892334,0.8143694996833801,2.4924933910369873,-0.3553154766559601,495.19024658203125,329.0054016113281,256.5232849121094,-0.004334183409810066,-0.011259038001298904,2.7560198307037354,0.0,0.0,1.0902670621871948,0,0
1786431212.6772485,14.811043436000546,TRACK,FLOW,/home/eunseop/nrs_imitation/checkpoints/flow/polishing/single_cam/20260809_1638,494.81365966796875,330.1233825683594,253.38796997070312,-0.003285662503913045,-0.01246226392686367,2.7556049823760986,0.3684922456741333,1.707265019416809,1.9746999740600586,495.20001220703125,329.0077209472656,256.4732971191406,-0.004434183239936829,-0.011159038171172142,2.756094455718994,0.0,0.0,1.0794187784194946,0,0
1786431212.6852143,14.819008645000395,TRACK,FLOW,/home/eunseop/nrs_imitation/checkpoints/flow/polishing/single_cam/20260809_1638,494.9443359375,330.12152099609375,253.3845977783203,-0.0036877805832773447,-0.012525051832199097,2.755603551864624,0.7647080421447754,1.9825730323791504,1.2723368406295776,495.212890625,329.01251220703125,256.4233093261719,-0.004534183070063591,-0.01105903834104538,2.7561583518981934,0.0,0.0,1.068678379058838,0,0
1786431212.693651,14.827445550000448,TRACK,FLOW,/home/eunseop/nrs_imitation/checkpoints/flow/polishing/single_cam/20260809_1638,494.9745178222656,330.1594543457031,253.33685302734375,-0.003779646009206772,-0.012415535748004913,2.7555909156799316,-1.2007811069488525,2.0945491790771484,3.134314775466919,495.2288513183594,329.0197448730469,256.3905944824219,-0.004634182900190353,-0.010959038510918617,2.756211757659912,0.0,0.0,1.0580449104309082,1,0
1786431212.7014904,14.835285058999943,TRACK,FLOW,/home/eunseop/nrs_imitation/checkpoints/flow/polishing/single_cam/20260809_1638,494.9796447753906,330.1723327636719,253.1864776611328,-0.0037933005951344967,-0.01223453227430582,2.7556631565093994,0.10400466620922089,2.4464921951293945,0.6227620840072632,495.2478942871094,329.0294189453125,256.3406066894531,-0.004734182730317116,-0.010859038680791855,2.7562546730041504,0.0,0.0,1.04751718044281,0,0
1786431212.709238,14.84303250999983,TRACK,FLOW,/home/eunseop/nrs_imitation/checkpoints/flow/polishing/single_cam/20260809_1638,495.01513671875,330.22991943359375,253.15841674804688,-0.0039587425999343395,-0.012220128439366817,2.755758285522461,0.5112677812576294,2.33614444732666,0.4543415606021881,495.2665710449219,329.0390319824219,256.2906188964844,-0.004834182560443878,-0.010759038850665092,2.7562856674194336,0.0,0.0,1.037094235420227,0,0
1786431212.717209,14.85100365100061,TRACK,FLOW,/home/eunseop/nrs_imitation/checkpoints/flow/polishing/single_cam/20260809_1638,494.9575500488281,330.2041015625,252.9727325439453,-0.0038709493819624186,-0.01182511541992426,2.7558672428131104,-1.1727328300476074,2.4004342555999756,0.551823079586029,495.2828369140625,329.0471496582031,256.2406311035156,-0.0049341823905706406,-0.01065903902053833,2.756303548812866,0.0,0.0,1.0267750024795532,0,0
1786431212.7253633,14.85915781299991,TRACK,FLOW,/home/eunseop/nrs_imitation/checkpoints/flow/polishing/single_cam/20260809_1638,494.92474365234375,330.1895751953125,252.85205078125,-0.0037701083347201347,-0.011611558496952057,2.755903720855713,-0.35208243131637573,2.836951732635498,-1.3381943702697754,495.29669189453125,329.05377197265625,256.1906433105469,-0.005034182220697403,-0.010559039190411568,2.7563085556030273,0.0,0.0,1.0165584087371826,0,0
1786431212.7332244,14.867019123000318,TRACK,FLOW,/home/eunseop/nrs_imitation/checkpoints/flow/polishing/single_cam/20260809_1638,494.935546875,330.1947326660156,252.8465576171875,-0.003768143244087696,-0.011574148200452328,2.7558796405792236,-0.6872459053993225,2.761367082595825,-0.1400499790906906,495.3081970214844,329.05889892578125,256.1406555175781,-0.005134182050824165,-0.010459039360284805,2.756300926208496,0.0,0.0,1.0064435005187988,0,0
1786431212.7414188,14.87521333299992,TRACK,FLOW,/home/eunseop/nrs_imitation/checkpoints/flow/polishing/single_cam/20260809_1638,494.9219055175781,330.1646728515625,252.76954650878906,-0.003806603839620948,-0.011436154134571552,2.7559638023376465,-1.980839490890503,2.627678155899048,1.4195996522903442,495.318603515625,329.0637512207031,256.0906677246094,-0.005234181880950928,-0.010359039530158043,2.756293773651123,0.0,0.0,0.9964292049407959,0,0
1786431212.74939,14.883184944999812,TRACK,FLOW,/home/eunseop/nrs_imitation/checkpoints/flow/polishing/single_cam/20260809_1638,494.9871826171875,330.1467590332031,252.74241638183594,-0.004111317452043295,-0.011361929588019848,2.7560226917266846,1.2962708473205566,1.3460488319396973,-0.02481575682759285,495.32940673828125,329.0697937011719,256.0406799316406,-0.00533418171107769,-0.01025903970003128,2.7563018798828125,0.0,0.0,0.9865145683288574,0,0
1786431212.75742,14.891214778000176,TRACK,FLOW,/home/eunseop/nrs_imitation/checkpoints/flow/polishing/single_cam/20260809_1638,495.0658874511719,330.1850280761719,252.7118682861328,-0.00449318066239357,-0.011322032660245895,2.756129264831543,0.8245208859443665,1.4503400325775146,1.4254319667816162,495.340576171875,329.0769958496094,255.9906768798828,-0.0054341815412044525,-0.010159039869904518,2.7563254833221436,0.0,0.0,0.9766985774040222,0,0
1786431212.7652261,14.899020822000239,TRACK,FLOW,/home/eunseop/nrs_imitation/checkpoints/flow/polishing/single_cam/20260809_1638,495.1605529785156,330.2032165527344,252.71139526367188,-0.004812152590602636,-0.01137487031519413,2.7561519145965576,-0.1223720908164978,1.9922540187835693,2.1127121448516846,495.3521423339844,329.0853271484375,255.940673828125,-0.005534181371331215,-0.010059040039777756,2.756364107131958,0.0,0.0,0.9669802784919739,0,0
1786431212.773311,14.907105692000187,TRACK,FLOW,/home/eunseop/nrs_imitation/checkpoints/flow/polishing/single_cam/20260809_1638,495.1627502441406,330.2692565917969,252.6571044921875,-0.004990079905837774,-0.011314679868519306,2.7563302516937256,0.6998168230056763,1.789049506187439,0.4472256004810333,495.3641662597656,329.09454345703125,255.8906707763672,-0.005634181201457977,-0.009959040209650993,2.756413698196411,0.0,0.0,0.9573586583137512,0,0
1786431212.781323,14.915117751000253,TRACK,FLOW,/home/eunseop/nrs_imitation/checkpoints/flow/polishing/single_cam/20260809_1638,495.1793518066406,330.2989196777344,252.6371307373047,-0.005133823025971651,-0.011330951936542988,2.756401538848877,-0.007054593879729509,2.2168045043945312,0.7725023627281189,495.3768615722656,329.1039733886719,255.84066772460938,-0.00573418103158474,-0.009859040379524231,2.7564640045166016,0.0,0.0,0.9478327631950378,0,0
1786431212.7892146,14.923009328999797,TRACK,FLOW,/home/eunseop/nrs_imitation/checkpoints/flow/polishing/single_cam/20260809_1638,495.1609802246094,330.27728271484375,252.54078674316406,-0.005066792946308851,-0.011211836710572243,2.756378173828125,-1.0375970602035522,2.450347661972046,0.8478507399559021,495.39019775390625,329.1136474609375,255.79066467285156,-0.005834180861711502,-0.009759040549397469,2.75651478767395,0.0,0.0,0.9384016990661621,0,0
1786431212.7972155,14.9310100470002,TRACK,FLOW,/home/eunseop/nrs_imitation/checkpoints/flow/polishing/single_cam/20260809_1638,495.1424255371094,330.28558349609375,252.4732666015625,-0.005036074668169022,-0.01105496659874916,2.7564384937286377,-1.4343822002410889,2.63020920753479,0.17357702553272247,495.4042053222656,329.12353515625,255.74066162109375,-0.0059341806918382645,-0.009659040719270706,2.756566286087036,0.0,0.0,0.9290644526481628,0,0
1786431212.805899,14.939693495000029,TRACK,FLOW,/home/eunseop/nrs_imitation/checkpoints/flow/polishing/single_cam/20260809_1638,495.1711730957031,330.2719421386719,252.4117431640625,-0.005126697476953268,-0.010907941497862339,2.7564022541046143,-2.9350218772888184,1.9364233016967773,4.206614971160889,495.4189147949219,329.1336669921875,255.70555114746094,-0.006034180521965027,-0.009559040889143944,2.756619453430176,0.0,0.0,0.9198201298713684,1,0
1786431212.8136702,14.947464642000341,TRACK,FLOW,/home/eunseop/nrs_imitation/checkpoints/flow/polishing/single_cam/20260809_1638,495.1743469238281,330.2886962890625,252.33946228027344,-0.005259665660560131,-0.010871969163417816,2.7564852237701416,1.8222647905349731,2.5282785892486572,-0.8806661367416382,495.4346923828125,329.14422607421875,255.65554809570312,-0.006134180352091789,-0.009459041059017181,2.7566821575164795,0.0,0.0,0.9106677770614624,0,0
1786431212.8212335,14.955027920000248,TRACK,FLOW,/home/eunseop/nrs_imitation/checkpoints/flow/polishing/single_cam/20260809_1638,495.2045593261719,330.30511474609375,252.2823028564453,-0.005479042883962393,-0.010749021545052528,2.7565441131591797,0.21243305504322052,2.0155200958251953,1.4678386449813843,495.4515380859375,329.15521240234375,255.6055450439453,-0.006234180182218552,-0.009359041228890419,2.756754159927368,0.0,0.0,0.9016065001487732,0,0
1786431212.8302033,14.96399799900064,TRACK,FLOW,/home/eunseop/nrs_imitation/checkpoints/flow/polishing/single_cam/20260809_1638,495.2045593261719,330.30511474609375,252.2823028564453,-0.005479042883962393,-0.010749021545052528,2.7565441131591797,0.21243305504322052,2.0155200958251953,1.4678386449813843,495.4696044921875,329.1666564941406,255.5555419921875,-0.006334180012345314,-0.009259041398763657,2.7568366527557373,0.0,0.0,0.8926353454589844,0,0
1786431212.8372815,14.971076216000256,TRACK,FLOW,/home/eunseop/nrs_imitation/checkpoints/flow/polishing/single_cam/20260809_1638,495.23040771484375,330.2642517089844,252.03041076660156,-0.005662153009325266,-0.010183583945035934,2.7566285133361816,1.5734844207763672,1.5684343576431274,-0.009808006696403027,495.4885559082031,329.178466796875,255.5055389404297,-0.006434179842472076,-0.009159041568636894,2.756927013397217,0.0,0.0,0.8837534785270691,0,0
1786431212.8452265,14.97902104700006,TRACK,FLOW,/home/eunseop/nrs_imitation/checkpoints/flow/polishing/single_cam/20260809_1638,495.27899169921875,330.3034973144531,252.02972412109375,-0.00589690450578928,-0.010188899002969265,2.756722927093506,1.01502525806427,2.197543144226074,-0.19422179460525513,495.50836181640625,329.19073486328125,255.45553588867188,-0.006534179672598839,-0.009059041738510132,2.7570159435272217,0.0,0.0,0.8749600052833557,0,0
1786431212.8544252,14.98821971400048,TRACK,FLOW,/home/eunseop/nrs_imitation/checkpoints/flow/polishing/single_cam/20260809_1638,495.2284240722656,330.2269592285156,251.85354614257812,-0.005779574159532785,-0.009809216484427452,2.756664514541626,1.01502525806427,2.197543144226074,-0.19422179460525513,495.5291442871094,329.20355224609375,255.40553283691406,-0.006634179502725601,-0.00895904190838337,2.7571027278900146,0.0,0.0,0.8662540316581726,0,0
1786431212.861226,14.995020608000232,TRACK,FLOW,/home/eunseop/nrs_imitation/checkpoints/flow/polishing/single_cam/20260809_1638,495.22210693359375,330.22674560546875,251.77923583984375,-0.005785326473414898,-0.00961296632885933,2.756796360015869,-1.2713100910186768,2.2423880100250244,0.4281558394432068,495.5505676269531,329.2167663574219,255.35552978515625,-0.006734179332852364,-0.008859042078256607,2.757187604904175,0.0,0.0,0.8576346635818481,0,0
1786431212.8692615,15.003056362999814,TRACK,FLOW,/home/eunseop/nrs_imitation/checkpoints/flow/polishing/single_cam/20260809_1638,495.1747131347656,330.26593017578125,251.72195434570312,-0.005776632111519575,-0.009598957374691963,2.7568795680999756,-1.9126688241958618,2.47969913482666,1.111179232597351,495.57281494140625,329.2304382324219,255.30552673339844,-0.006834179162979126,-0.008759042248129845,2.757270574569702,0.0,0.0,0.8491010665893555,0,0
1786431212.8771996,15.010994209999808,TRACK,FLOW,/home/eunseop/nrs_imitation/checkpoints/flow/polishing/single_cam/20260809_1638,495.20599365234375,330.2535095214844,251.6679229736328,-0.005921001546084881,-0.009443116374313831,2.7569873332977295,-0.012472542934119701,2.2366366386413574,1.0537422895431519,495.5955505371094,329.24444580078125,255.25552368164062,-0.006934178993105888,-0.008659042418003082,2.757352352142334,0.0,0.0,0.840652346611023,0,0
1786431212.8852067,15.01900121000017,TRACK,FLOW,/home/eunseop/nrs_imitation/checkpoints/flow/polishing/single_cam/20260809_1638,495.26220703125,330.23724365234375,251.5832977294922,-0.00611538253724575,-0.009275715798139572,2.756962537765503,-0.33134233951568604,1.5033048391342163,1.6394833326339722,495.6186828613281,329.2587585449219,255.2055206298828,-0.007034178823232651,-0.00855904258787632,2.7574331760406494,0.0,0.0,0.8322877287864685,0,0
1786431212.8932068,15.027001277000636,TRACK,FLOW,/home/eunseop/nrs_imitation/checkpoints/flow/polishing/single_cam/20260809_1638,495.3070983886719,330.27154541015625,251.5822296142578,-0.006290564779192209,-0.009312303736805916,2.757105588912964,0.06574983149766922,1.5913312435150146,1.267899990081787,495.6422119140625,329.27337646484375,255.155517578125,-0.007134178653359413,-0.008459042757749557,2.7575128078460693,0.0,0.0,0.8240063190460205,0,0
1786431212.9012153,15.035009920000448,TRACK,FLOW,/home/eunseop/nrs_imitation/checkpoints/flow/polishing/single_cam/20260809_1638,495.37945556640625,330.3241882324219,251.56082153320312,-0.006577359512448311,-0.009343636222183704,2.7571403980255127,1.289298176765442,1.8379889726638794,0.5389654040336609,495.6661376953125,329.2882995605469,255.1055145263672,-0.0072341784834861755,-0.008359042927622795,2.757591485977173,0.0,0.0,0.8158073425292969,0,0
1786431212.9092164,15.043011028000365,TRACK,FLOW,/home/eunseop/nrs_imitation/checkpoints/flow/polishing/single_cam/20260809_1638,495.4169616699219,330.3450012207031,251.4790496826172,-0.006707646884024143,-0.009232415817677975,2.757187843322754,0.12718765437602997,2.2131218910217285,0.9220557808876038,495.68988037109375,329.30377197265625,255.05551147460938,-0.007334178313612938,-0.008259043097496033,2.7576792240142822,0.0,0.0,0.807689905166626,0,0
1786431212.917209,15.0510033999999,TRACK,FLOW,/home/eunseop/nrs_imitation/checkpoints/flow/polishing/single_cam/20260809_1638,495.4417419433594,330.35430908203125,251.42178344726562,-0.0067419856786727905,-0.009155726060271263,2.757235527038574,0.009414552710950375,2.164215326309204,0.9774968028068542,495.713134765625,329.3199157714844,255.00550842285156,-0.0074341781437397,-0.00815904326736927,2.757779121398926,0.0,0.0,0.7996532320976257,0,0
1786431212.9252186,15.059013245000642,TRACK,FLOW,/home/eunseop/nrs_imitation/checkpoints/flow/polishing/single_cam/20260809_1638,495.450439453125,330.3157958984375,251.34112548828125,-0.006757913623005152,-0.009011706337332726,2.7572596073150635,0.7917858958244324,2.6764180660247803,-0.3469887971878052,495.7359313964844,329.33673095703125,254.95550537109375,-0.007534177973866463,-0.008059043437242508,2.7578790187835693,0.0,0.0,0.7916965484619141,0,0
1786431212.933224,15.067018501999883,TRACK,FLOW,/home/eunseop/nrs_imitation/checkpoints/flow/polishing/single_cam/20260809_1638,495.4244689941406,330.3628845214844,251.31149291992188,-0.006686381530016661,-0.009091092273592949,2.757283926010132,-1.148241400718689,2.9816901683807373,0.45514342188835144,495.75823974609375,329.35418701171875,254.90550231933594,-0.007634177803993225,-0.007959043607115746,2.757978916168213,0.0,0.0,0.7838190197944641,0,0
1786431212.9413254,15.075120073000107,TRACK,FLOW,/home/eunseop/nrs_imitation/checkpoints/flow/polishing/single_cam/20260809_1638,495.4066467285156,330.3411560058594,251.19732666015625,-0.006673861760646105,-0.0088273324072361,2.7573442459106445,-1.7585231065750122,1.6224297285079956,1.7104326486587524,495.7791748046875,329.3716735839844,254.85549926757812,-0.0077341776341199875,-0.007859043776988983,2.7580788135528564,0.0,0.0,0.7760198712348938,0,0
1786431212.9492114,15.083006040000328,TRACK,FLOW,/home/eunseop/nrs_imitation/checkpoints/flow/polishing/single_cam/20260809_1638,495.4395751953125,330.366943359375,251.14454650878906,-0.006845715921372175,-0.00878979079425335,2.7574751377105713,1.0337711572647095,1.9187965393066406,-0.5742385983467102,495.7976989746094,329.3884582519531,254.8054962158203,-0.00783417746424675,-0.007759043946862221,2.7581787109375,0.0,0.0,0.768298327922821,0,0
1786431212.9572098,15.091004534000604,TRACK,FLOW,/home/eunseop/nrs_imitation/checkpoints/flow/polishing/single_cam/20260809_1638,495.505615234375,330.4014892578125,251.1111602783203,-0.00708432961255312,-0.008733917027711868,2.7575578689575195,-0.38712960481643677,1.4263615608215332,2.324655532836914,495.8138122558594,329.404541015625,254.7554931640625,-0.007934177294373512,-0.007659044116735458,2.7582786083221436,0.0,0.0,0.7606536149978638,0,0
1786431212.9664857,15.100280409000334,TRACK,FLOW,/home/eunseop/nrs_imitation/checkpoints/flow/polishing/single_cam/20260809_1638,495.5749206542969,330.4327697753906,251.03753662109375,-0.007209994830191135,-0.008682748302817345,2.7575817108154297,0.09652873128652573,1.8901854753494263,1.327406406402588,495.82720947265625,329.41986083984375,254.7054901123047,-0.008034177124500275,-0.007559044286608696,2.758378505706787,0.0,0.0,0.7530849575996399,0,0
1786431212.9732387,15.107033322000461,TRACK,FLOW,/home/eunseop/nrs_imitation/checkpoints/flow/polishing/single_cam/20260809_1638,495.61029052734375,330.45068359375,250.96563720703125,-0.007418258581310511,-0.008470679633319378,2.757748603820801,0.7239320874214172,1.7337208986282349,0.7010430097579956,495.83941650390625,329.4349365234375,254.65548706054688,-0.008134176954627037,-0.007459044456481934,2.7584784030914307,0.0,0.0,0.7455916404724121,0,0
1786431212.9812453,15.115039901000273,TRACK,FLOW,/home/eunseop/nrs_imitation/checkpoints/flow/polishing/single_cam/20260809_1638,495.6008605957031,330.4938659667969,250.86451721191406,-0.007419052068144083,-0.008335519582033157,2.7578322887420654,0.3117685616016388,2.2509336471557617,1.393781065940857,495.8520812988281,329.4505615234375,254.60548400878906,-0.0082341767847538,-0.007359044626355171,2.758578300476074,0.0,0.0,0.7381728887557983,0,0
1786431212.9891918,15.122986745000162,TRACK,FLOW,/home/eunseop/nrs_imitation/checkpoints/flow/polishing/single_cam/20260809_1638,495.6302795410156,330.5023193359375,250.77841186523438,-0.007501848507672548,-0.00817344430834055,2.757904529571533,-0.4045190215110779,2.4681384563446045,-0.03946821019053459,495.8652038574219,329.46673583984375,254.55548095703125,-0.008334176614880562,-0.007259044796228409,2.758673667907715,0.0,0.0,0.7308279275894165,0,0
1786431212.9972076,15.131002101000377,TRACK,FLOW,/home/eunseop/nrs_imitation/checkpoints/flow/polishing/single_cam/20260809_1638,495.5796813964844,330.4770202636719,250.67953491210938,-0.0073845041915774345,-0.00793069414794445,2.7579169273376465,-0.6789258718490601,2.1226389408111572,0.45216435194015503,495.8788146972656,329.48345947265625,254.50547790527344,-0.008434176445007324,-0.007159044966101646,2.7587592601776123,0.0,0.0,0.7235560417175293,0,0
1786431213.0052054,15.138999953000166,TRACK,FLOW,/home/eunseop/nrs_imitation/checkpoints/flow/polishing/single_cam/20260809_1638,495.5743103027344,330.45709228515625,250.59996032714844,-0.007312313187867403,-0.007835900411009789,2.7578933238983154,-1.0110565423965454,3.0783543586730957,-0.4345235824584961,495.8926086425781,329.5007629394531,254.45547485351562,-0.008534176275134087,-0.007059045135974884,2.758835554122925,0.0,0.0,0.7163565158843994,0,0
1786431213.0145264,15.148321065000346,TRACK,FLOW,/home/eunseop/nrs_imitation/checkpoints/flow/polishing/single_cam/20260809_1638,495.57598876953125,330.4680480957031,250.55209350585938,-0.0073232827708125114,-0.00775240920484066,2.7579538822174072,-2.402658224105835,2.2731313705444336,1.9322038888931274,495.90460205078125,329.5191955566406,254.4054718017578,-0.008634176105260849,-0.006959045305848122,2.7589049339294434,0.0,0.0,0.7092286348342896,0,0
1786431213.0212386,15.155033148999792,TRACK,FLOW,/home/eunseop/nrs_imitation/checkpoints/flow/polishing/single_cam/20260809_1638,495.61602783203125,330.50653076171875,250.49398803710938,-0.007569315377622843,-0.007673591375350952,2.7581560611724854,1.127303123474121,1.0253808498382568,0.02583147957921028,495.9152526855469,329.53839111328125,254.35546875,-0.008734175935387611,-0.006859045475721359,2.758969306945801,0.0,0.0,0.7021716833114624,0,0
1786431213.029244,15.163038495000364,TRACK,FLOW,/home/eunseop/nrs_imitation/checkpoints/flow/polishing/single_cam/20260809_1638,495.6746520996094,330.51416015625,250.4618377685547,-0.007806150242686272,-0.007580316625535488,2.7582030296325684,0.06764216721057892,1.674294352531433,1.3836344480514526,495.9243469238281,329.5585021972656,254.3054656982422,-0.008834175765514374,-0.006759045645594597,2.7590279579162598,0.0,0.0,0.6951849460601807,0,0
1786431213.0372305,15.17102526600047,TRACK,FLOW,/home/eunseop/nrs_imitation/checkpoints/flow/polishing/single_cam/20260809_1638,495.72216796875,330.5741882324219,250.42137145996094,-0.008006653748452663,-0.0075260912999510765,2.758297920227051,0.055836811661720276,1.9019852876663208,2.0209121704101562,495.931884765625,329.5795593261719,254.25546264648438,-0.008934175595641136,-0.0066590458154678345,2.759080648422241,0.0,0.0,0.6882677674293518,0,0
1786431213.045229,15.179023509000217,TRACK,FLOW,/home/eunseop/nrs_imitation/checkpoints/flow/polishing/single_cam/20260809_1638,495.787109375,330.615234375,250.39761352539062,-0.008272540755569935,-0.007551956456154585,2.758488655090332,1.1179462671279907,2.074050188064575,0.4650408625602722,495.9370422363281,329.6005859375,254.20545959472656,-0.009034175425767899,-0.006559045985341072,2.759147882461548,0.0,0.0,0.6814193725585938,0,0
1786431213.0531704,15.186964902,TRACK,FLOW,/home/eunseop/nrs_imitation/checkpoints/flow/polishing/single_cam/20260809_1638,495.78546142578125,330.63970947265625,250.32240295410156,-0.008370811119675636,-0.007419881410896778,2.758571147918701,-0.7372056245803833,1.5423834323883057,1.94100821018219,495.9398193359375,329.62158203125,254.15545654296875,-0.009134175255894661,-0.00645904615521431,2.759230136871338,0.0,0.0,0.6746391654014587,0,0
1786431213.0612452,15.195039762000306,TRACK,FLOW,/home/eunseop/nrs_imitation/checkpoints/flow/polishing/single_cam/20260809_1638,495.7740173339844,330.645263671875,250.19369506835938,-0.008434825576841831,-0.007190321106463671,2.758678913116455,-0.11189916729927063,1.8338996171951294,0.625567615032196,495.9402160644531,329.64251708984375,254.10545349121094,-0.009234175086021423,-0.006359046325087547,2.7593274116516113,0.0,0.0,0.6679263710975647,0,0
1786431213.069357,15.203151532999982,TRACK,FLOW,/home/eunseop/nrs_imitation/checkpoints/flow/polishing/single_cam/20260809_1638,495.74298095703125,330.61407470703125,250.11007690429688,-0.008460515178740025,-0.006926087662577629,2.7588114738464355,-0.4910138249397278,2.1174707412719727,-0.053833261132240295,495.938232421875,329.6634216308594,254.05545043945312,-0.009334174916148186,-0.006259046494960785,2.759427309036255,0.0,0.0,0.6612803936004639,0,0
1786431213.077273,15.211067537999952,TRACK,FLOW,/home/eunseop/nrs_imitation/checkpoints/flow/polishing/single_cam/20260809_1638,495.7283935546875,330.67254638671875,250.0255126953125,-0.008502615615725517,-0.0068647428415715694,2.7589073181152344,-1.706140160560608,2.621471405029297,0.8704767227172852,495.93646240234375,329.683837890625,254.0054473876953,-0.009434174746274948,-0.0061590466648340225,2.7595250606536865,0.0,0.0,0.654700517654419,0,0
1786431213.0852294,15.219023890000244,TRACK,FLOW,/home/eunseop/nrs_imitation/checkpoints/flow/polishing/single_cam/20260809_1638,495.7347412109375,330.6494445800781,249.97348022460938,-0.008511797524988651,-0.0067436303943395615,2.758882999420166,0.12450394034385681,3.652642011642456,-0.7613669037818909,495.935546875,329.70367431640625,253.9554443359375,-0.00953417457640171,-0.00605904683470726,2.759600877761841,0.0,0.0,0.6481861472129822,0,0
1786431213.0932717,15.227066348000335,TRACK,FLOW,/home/eunseop/nrs_imitation/checkpoints/flow/polishing/single_cam/20260809_1638,495.74322509765625,330.6612243652344,249.97079467773438,-0.008476010523736477,-0.00678275665268302,2.7588837146759033,-0.9613949060440063,2.370683193206787,-0.04323351010680199,495.93548583984375,329.72296142578125,253.9054412841797,-0.009634174406528473,-0.005959047004580498,2.759654998779297,0.0,0.0,0.6417365670204163,0,0
1786431213.1012273,15.235021889000564,TRACK,FLOW,/home/eunseop/nrs_imitation/checkpoints/flow/polishing/single_cam/20260809_1638,495.75848388671875,330.6864929199219,249.93553161621094,-0.008580638095736504,-0.006762909237295389,2.758978843688965,-0.7043112516403198,1.9073346853256226,2.4288947582244873,495.9362487792969,329.7416687011719,253.85543823242188,-0.009734174236655235,-0.005859047174453735,2.759687662124634,0.0,0.0,0.6353511810302734,0,0
1786431213.1092756,15.24307017800038,TRACK,FLOW,/home/eunseop/nrs_imitation/checkpoints/flow/polishing/single_cam/20260809_1638,495.8078918457031,330.6800231933594,249.87486267089844,-0.008820058777928352,-0.006707415916025639,2.7590014934539795,2.8150415420532227,1.9394251108169556,-0.22187013924121857,495.9381408691406,329.7596435546875,253.80543518066406,-0.009834174066781998,-0.005759047344326973,2.7597246170043945,0.0,0.0,0.6290293335914612,0,0
1786431213.1172237,15.25101822400029,TRACK,FLOW,/home/eunseop/nrs_imitation/checkpoints/flow/polishing/single_cam/20260809_1638,495.8692321777344,330.6996154785156,249.84397888183594,-0.009108918718993664,-0.006603804416954517,2.7590713500976562,0.7853406667709351,0.9712172746658325,1.7658308744430542,495.9412841796875,329.7768249511719,253.75543212890625,-0.00993417389690876,-0.005659047514200211,2.7597813606262207,0.0,0.0,0.622770369052887,0,0
1786431213.1252053,15.25899989499976,TRACK,FLOW,/home/eunseop/nrs_imitation/checkpoints/flow/polishing/single_cam/20260809_1638,495.8951110839844,330.7600402832031,249.82974243164062,-0.009321289137005806,-0.006639949977397919,2.7591540813446045,-0.29178979992866516,0.8458694815635681,1.9248945713043213,495.9456787109375,329.7931823730469,253.70542907714844,-0.010034173727035522,-0.005559047684073448,2.7598578929901123,0.0,0.0,0.616573691368103,0,0
1786431213.133239,15.26703362599983,TRACK,FLOW,/home/eunseop/nrs_imitation/checkpoints/flow/polishing/single_cam/20260809_1638,495.9029846191406,330.7971496582031,249.75233459472656,-0.009520613588392735,-0.0065484498627483845,2.7593324184417725,0.8165992498397827,2.55674147605896,0.5784057378768921,495.9512939453125,329.8087463378906,253.65542602539062,-0.010134173557162285,-0.005459047853946686,2.759953737258911,0.0,0.0,0.6104387044906616,0,0
1786431213.14125,15.27504436199979,TRACK,FLOW,/home/eunseop/nrs_imitation/checkpoints/flow/polishing/single_cam/20260809_1638,495.8801574707031,330.8623352050781,249.63893127441406,-0.009574835188686848,-0.006440727040171623,2.7594876289367676,-0.5151015520095825,2.2629289627075195,1.3133364915847778,495.9566345214844,329.82318115234375,253.6054229736328,-0.010234173387289047,-0.005359048023819923,2.7600536346435547,0.0,0.0,0.6043647527694702,0,0
1786431213.1492429,15.283037576000424,TRACK,FLOW,/home/eunseop/nrs_imitation/checkpoints/flow/polishing/single_cam/20260809_1638,495.85986328125,330.8775329589844,249.5938262939453,-0.009630002081394196,-0.006333653349429369,2.759547710418701,-1.233603596687317,2.7825393676757812,0.17236588895320892,495.9599304199219,329.8360900878906,253.555419921875,-0.01033417321741581,-0.005259048193693161,2.760152578353882,0.0,0.0,0.598351240158081,0,0
1786431213.1572387,15.291033364000214,TRACK,FLOW,/home/eunseop/nrs_imitation/checkpoints/flow/polishing/single_cam/20260809_1638,495.8119812011719,330.8846130371094,249.5225372314453,-0.009556083008646965,-0.006201912183314562,2.759632110595703,-2.0386288166046143,2.3701059818267822,1.271185278892517,495.961181640625,329.84747314453125,253.5054168701172,-0.010434173047542572,-0.005159048363566399,2.760246515274048,0.0,0.0,0.5923975706100464,0,0
1786431213.1652095,15.29900419400019,TRACK,FLOW,/home/eunseop/nrs_imitation/checkpoints/flow/polishing/single_cam/20260809_1638,495.7693176269531,330.9072265625,249.4707489013672,-0.009464562870562077,-0.00617661839351058,2.75968074798584,-0.8075392246246338,2.950897455215454,-0.19519683718681335,495.9604187011719,329.85736083984375,253.45541381835938,-0.010534172877669334,-0.005059048533439636,2.7603354454040527,0.0,0.0,0.5865030884742737,0,0
1786431213.173196,15.306990574000338,TRACK,FLOW,/home/eunseop/nrs_imitation/checkpoints/flow/polishing/single_cam/20260809_1638,495.7679138183594,330.9128723144531,249.4009552001953,-0.009519453160464764,-0.006068720482289791,2.759704828262329,-1.771269679069519,3.091541290283203,2.178764581680298,495.95819091796875,329.86663818359375,253.40541076660156,-0.010634172707796097,-0.004959048703312874,2.7604212760925293,0.0,0.0,0.58066725730896,0,0
1786431213.1811922,15.314986833000148,TRACK,FLOW,/home/eunseop/nrs_imitation/checkpoints/flow/polishing/single_cam/20260809_1638,495.8202209472656,330.909912109375,249.3453826904297,-0.009717497043311596,-0.005939040798693895,2.759739875793457,1.332277774810791,1.5740852355957031,0.5896262526512146,495.95587158203125,329.8774108886719,253.35540771484375,-0.01073417253792286,-0.0048590488731861115,2.760507583618164,0.0,0.0,0.5748895406723022,0,0
1786431213.1893086,15.323103292999804,TRACK,FLOW,/home/eunseop/nrs_imitation/checkpoints/flow/polishing/single_cam/20260809_1638,495.8644104003906,330.9369201660156,249.3228759765625,-0.009974046610295773,-0.005950418766587973,2.7597973346710205,1.1560107469558716,1.038366436958313,1.2053920030593872,495.9534912109375,329.88970947265625,253.30540466308594,-0.010834172368049622,-0.004759049043059349,2.760594606399536,0.0,0.0,0.569169282913208,0,0
1786431213.197243,15.331037511999966,TRACK,FLOW,/home/eunseop/nrs_imitation/checkpoints/flow/polishing/single_cam/20260809_1638,495.8644104003906,330.9369201660156,249.3228759765625,-0.009974046610295773,-0.005950418766587973,2.7597973346710205,1.1560107469558716,1.038366436958313,1.2053920030593872,495.9510192871094,329.90350341796875,253.25540161132812,-0.010934172198176384,-0.004659049212932587,2.7606823444366455,0.0,0.0,0.5635059475898743,0,0
1786431213.2053092,15.339103805999912,TRACK,FLOW,/home/eunseop/nrs_imitation/checkpoints/flow/polishing/single_cam/20260809_1638,495.85382080078125,330.9670715332031,249.1477813720703,-0.010147424414753914,-0.005640545394271612,2.760000228881836,1.914321780204773,1.9120919704437256,-0.721525251865387,495.9488220214844,329.918701171875,253.2053985595703,-0.011034172028303146,-0.004559049382805824,2.760770559310913,0.0,0.0,0.557898998260498,0,0
1786431213.2132773,15.347072001000015,TRACK,FLOW,/home/eunseop/nrs_imitation/checkpoints/flow/polishing/single_cam/20260809_1638,495.84185791015625,331.016357421875,249.11717224121094,-0.010259264148771763,-0.005599603056907654,2.760143518447876,-0.5439165234565735,1.7488328218460083,0.9465554356575012,495.94927978515625,329.9347839355469,253.1553955078125,-0.011134171858429909,-0.004459049552679062,2.7608587741851807,0.0,0.0,0.5523478388786316,0,0
1786431213.2213151,15.355109840000296,TRACK,FLOW,/home/eunseop/nrs_imitation/checkpoints/flow/polishing/single_cam/20260809_1638,495.8027648925781,331.0049133300781,249.01051330566406,-0.010175581090152264,-0.00541556254029274,2.76021671295166,-0.8603294491767883,2.711276054382324,-0.6739723086357117,495.9523620605469,329.9517517089844,253.1053924560547,-0.011234171688556671,-0.0043590497225522995,2.7609469890594482,0.0,0.0,0.5468518733978271,0,0
1786431213.2293274,15.363122089000171,TRACK,FLOW,/home/eunseop/nrs_imitation/checkpoints/flow/polishing/single_cam/20260809_1638,495.7395324707031,330.9741516113281,248.937255859375,-0.010016249492764473,-0.005234528798609972,2.7602057456970215,-2.563833475112915,2.3548197746276855,1.6156221628189087,495.95806884765625,329.9696044921875,253.05538940429688,-0.011334171518683434,-0.004259049892425537,2.761035203933716,0.0,0.0,0.5414106249809265,0,0
1786431213.2371895,15.370984191000389,TRACK,FLOW,/home/eunseop/nrs_imitation/checkpoints/flow/polishing/single_cam/20260809_1638,495.71417236328125,331.0135803222656,248.9042510986328,-0.010061867535114288,-0.00524724368005991,2.7603371143341064,-2.107630729675293,2.528712272644043,2.1282453536987305,495.9663391113281,329.9883117675781,253.00538635253906,-0.011434171348810196,-0.004159050062298775,2.7611231803894043,0.0,0.0,0.5360234975814819,0,0
1786431213.2452998,15.379094489000636,TRACK,FLOW,/home/eunseop/nrs_imitation/checkpoints/flow/polishing/single_cam/20260809_1638,495.7471618652344,331.01824951171875,248.82553100585938,-0.010303867049515247,-0.005093459505587816,2.76047945022583,0.9265232682228088,2.7679920196533203,0.5332797765731812,495.9725341796875,330.0061950683594,252.95538330078125,-0.011534171178936958,-0.004059050232172012,2.7612054347991943,0.0,0.0,0.5306899547576904,0,0
1786431213.2532754,15.387069987999894,TRACK,FLOW,/home/eunseop/nrs_imitation/checkpoints/flow/polishing/single_cam/20260809_1638,495.773193359375,331.0119323730469,248.73744201660156,-0.010513890534639359,-0.004919177386909723,2.760526657104492,-0.04127247631549835,1.4541265964508057,1.6305030584335327,495.9764709472656,330.023193359375,252.90538024902344,-0.01163417100906372,-0.00395905040204525,2.7612814903259277,0.0,0.0,0.5254095196723938,0,0
1786431213.2613153,15.395110090999879,TRACK,FLOW,/home/eunseop/nrs_imitation/checkpoints/flow/polishing/single_cam/20260809_1638,495.7879638671875,331.013427734375,248.74041748046875,-0.010695652104914188,-0.004933218006044626,2.760561227798462,0.17078819870948792,1.402545690536499,1.3973883390426636,495.9781799316406,330.039306640625,252.85537719726562,-0.011734170839190483,-0.003859050339087844,2.7613515853881836,0.0,0.0,0.5201815962791443,0,0
1786431213.2692702,15.403064821000044,TRACK,FLOW,/home/eunseop/nrs_imitation/checkpoints/flow/polishing/single_cam/20260809_1638,495.8256530761719,330.994384765625,248.6165771484375,-0.010894885286688805,-0.004668109584599733,2.7606682777404785,1.2154799699783325,1.5859929323196411,0.47916558384895325,495.9776916503906,330.0545654296875,252.8053741455078,-0.011834170669317245,-0.003759050276130438,2.761415719985962,0.0,0.0,0.5150057077407837,0,0
1786431213.2772093,15.411003950000122,TRACK,FLOW,/home/eunseop/nrs_imitation/checkpoints/flow/polishing/single_cam/20260809_1638,495.82861328125,331.0411071777344,248.55426025390625,-0.011081336997449398,-0.004622493404895067,2.7608463764190674,1.055867314338684,1.7737945318222046,-0.41267213225364685,495.97833251953125,330.0685119628906,252.75537109375,-0.011934170499444008,-0.003659050213173032,2.7614874839782715,0.0,0.0,0.509881317615509,0,0
1786431213.2852168,15.41901137000059,TRACK,FLOW,/home/eunseop/nrs_imitation/checkpoints/flow/polishing/single_cam/20260809_1638,495.8306884765625,331.012451171875,248.46426391601562,-0.01116113644093275,-0.004385608714073896,2.760906219482422,-0.23721756041049957,2.217278242111206,-0.06037801876664162,495.98095703125,330.0810241699219,252.7053680419922,-0.01203417032957077,-0.0035590501502156258,2.761570453643799,0.0,0.0,0.5048078894615173,0,0
1786431213.2932167,15.427011276000485,TRACK,FLOW,/home/eunseop/nrs_imitation/checkpoints/flow/polishing/single_cam/20260809_1638,495.7850646972656,331.0494689941406,248.35623168945312,-0.011116581037640572,-0.0042378767393529415,2.760990858078003,-0.8244161009788513,2.223525047302246,-0.2708199918270111,495.9855651855469,330.0921325683594,252.65536499023438,-0.012134170159697533,-0.0034590500872582197,2.761664628982544,0.0,0.0,0.4997849762439728,0,0
1786431213.3012834,15.435077840000304,TRACK,FLOW,/home/eunseop/nrs_imitation/checkpoints/flow/polishing/single_cam/20260809_1638,495.7433776855469,331.05657958984375,248.30264282226562,-0.010987414978444576,-0.004213280510157347,2.7610514163970947,-1.928648829460144,2.969404458999634,0.002444729208946228,495.9921569824219,330.1018371582031,252.60536193847656,-0.012234169989824295,-0.0033590500243008137,2.7617645263671875,0.0,0.0,0.4948120415210724,0,0
1786431213.3092165,15.44301114800055,TRACK,FLOW,/home/eunseop/nrs_imitation/checkpoints/flow/polishing/single_cam/20260809_1638,495.7838439941406,331.0812683105469,248.31809997558594,-0.011167352087795734,-0.00419082073494792,2.7610743045806885,-3.209596633911133,2.3171560764312744,2.526202440261841,496.0007019042969,330.1114807128906,252.55535888671875,-0.012334169819951057,-0.0032590499613434076,2.761864423751831,0.0,0.0,0.48988857865333557,0,0
1786431213.3173158,15.45111030499993,TRACK,FLOW,/home/eunseop/nrs_imitation/checkpoints/flow/polishing/single_cam/20260809_1638,495.8021545410156,331.10357666015625,248.21353149414062,-0.011313115246593952,-0.004071654286235571,2.761204957962036,0.4765900671482086,2.6063199043273926,0.5842453241348267,496.0111999511719,330.12188720703125,252.50535583496094,-0.01243416965007782,-0.0031590498983860016,2.7619643211364746,0.0,0.0,0.4850141108036041,0,0
1786431213.3252883,15.45908297799997,TRACK,FLOW,/home/eunseop/nrs_imitation/checkpoints/flow/polishing/single_cam/20260809_1638,495.868408203125,331.146728515625,248.24742126464844,-0.011643054895102978,-0.004215111956000328,2.7612385749816895,0.6411501169204712,1.7694321870803833,1.7845336198806763,496.0236511230469,330.1330261230469,252.45535278320312,-0.012534169480204582,-0.0030590498354285955,2.76206374168396,0.0,0.0,0.48018813133239746,0,0
1786431213.3332536,15.46704822799984,TRACK,FLOW,/home/eunseop/nrs_imitation/checkpoints/flow/polishing/single_cam/20260809_1638,495.9049072265625,331.1676940917969,248.19203186035156,-0.011841983534395695,-0.004086268600076437,2.761369228363037,-0.16400907933712006,1.583138108253479,1.9994299411773682,496.0380554199219,330.1448974609375,252.4053497314453,-0.012634169310331345,-0.0029590497724711895,2.7621593475341797,0.0,0.0,0.47541019320487976,0,0
1786431213.341243,15.475037603000601,TRACK,FLOW,/home/eunseop/nrs_imitation/checkpoints/flow/polishing/single_cam/20260809_1638,495.91064453125,331.21942138671875,248.1169891357422,-0.011967051774263382,-0.004035115707665682,2.7614402770996094,1.6414653062820435,1.6776539087295532,-0.029870085418224335,496.05157470703125,330.1573486328125,252.3553466796875,-0.012734169140458107,-0.0028590497095137835,2.7622509002685547,0.0,0.0,0.47067978978157043,0,0
1786431213.349274,15.483068569000352,TRACK,FLOW,/home/eunseop/nrs_imitation/checkpoints/flow/polishing/single_cam/20260809_1638,495.9037170410156,331.1988220214844,248.0364532470703,-0.011953813023865223,-0.003907433710992336,2.7614643573760986,0.6989642977714539,1.904126763343811,0.9487323760986328,496.0609436035156,330.1701354980469,252.3053436279297,-0.01283416897058487,-0.0027590496465563774,2.7623379230499268,0.0,0.0,0.4659964442253113,0,0
1786431213.357276,15.49107068000012,TRACK,FLOW,/home/eunseop/nrs_imitation/checkpoints/flow/polishing/single_cam/20260809_1638,495.8782958984375,331.2077941894531,247.9475555419922,-0.011968519538640976,-0.0037263527046889067,2.761596441268921,0.490289568901062,2.622389793395996,-0.8967941999435425,496.06622314453125,330.1832580566406,252.25534057617188,-0.012934168800711632,-0.0026590495835989714,2.762420654296875,0.0,0.0,0.4613597095012665,0,0
1786431213.3652549,15.499049584999739,TRACK,FLOW,/home/eunseop/nrs_imitation/checkpoints/flow/polishing/single_cam/20260809_1638,495.8452453613281,331.2398681640625,247.91751098632812,-0.011921094730496407,-0.0036766142584383488,2.7616562843322754,-2.3382420539855957,2.2354156970977783,0.8805546164512634,496.06744384765625,330.19671630859375,252.20533752441406,-0.013034168630838394,-0.0025590495206415653,2.7624988555908203,0.0,0.0,0.45676910877227783,0,0
1786431213.3732865,15.507081032000315,TRACK,FLOW,/home/eunseop/nrs_imitation/checkpoints/flow/polishing/single_cam/20260809_1638,495.8160705566406,331.2491149902344,247.82850646972656,-0.011905879713594913,-0.0035114481579512358,2.7617406845092773,-2.867278575897217,2.0561702251434326,1.684862732887268,496.06658935546875,330.21002197265625,252.15533447265625,-0.013134168460965157,-0.0024590494576841593,2.762573480606079,0.0,0.0,0.4522241950035095,0,0
1786431213.3812242,15.515018738000435,TRACK,FLOW,/home/eunseop/nrs_imitation/checkpoints/flow/polishing/single_cam/20260809_1638,495.83099365234375,331.2310485839844,247.73741149902344,-0.012064743787050247,-0.003346505807712674,2.7618355751037598,1.1673845052719116,2.4736452102661133,0.37153613567352295,496.0684509277344,330.22198486328125,252.10533142089844,-0.013234168291091919,-0.0023590493947267532,2.762646198272705,0.0,0.0,0.44772449135780334,0,0
1786431213.3892288,15.523023292999824,TRACK,FLOW,/home/eunseop/nrs_imitation/checkpoints/flow/polishing/single_cam/20260809_1638,495.878662109375,331.2579650878906,247.68081665039062,-0.012334829196333885,-0.0033116356935352087,2.7619659900665283,-0.9001318216323853,1.97834050655365,1.2756117582321167,496.072998046875,330.2325744628906,252.05532836914062,-0.013334168121218681,-0.002259049331769347,2.7627172470092773,0.0,0.0,0.4432695508003235,0,0
1786431213.3990195,15.532814015999975,TRACK,FLOW,/home/eunseop/nrs_imitation/checkpoints/flow/polishing/single_cam/20260809_1638,495.9250793457031,331.2973937988281,247.6665496826172,-0.012508455663919449,-0.0033120487350970507,2.762000322341919,-0.9001318216323853,1.97834050655365,1.2756117582321167,496.080810546875,330.2415771484375,252.0053253173828,-0.013434167951345444,-0.002159049268811941,2.7627861499786377,0.0,0.0,0.4388589560985565,0,0
1786431213.4052207,15.539015350000227,TRACK,FLOW,/home/eunseop/nrs_imitation/checkpoints/flow/polishing/single_cam/20260809_1638,495.978515625,331.32318115234375,247.57603454589844,-0.012768648564815521,-0.003225182881578803,2.7621185779571533,1.1811467409133911,2.2405624389648438,0.48231756687164307,496.0899963378906,330.2496032714844,251.955322265625,-0.013534167781472206,-0.002059049205854535,2.7628540992736816,0.0,0.0,0.43449223041534424,0,0
1786431213.413201,15.546995628999866,TRACK,FLOW,/home/eunseop/nrs_imitation/checkpoints/flow/polishing/single_cam/20260809_1638,496.01275634765625,331.316162109375,247.49058532714844,-0.012869197875261307,-0.00309306220151484,2.7622134685516357,0.39471712708473206,2.0314109325408936,0.6748775243759155,496.0962219238281,330.25689697265625,251.9053192138672,-0.013634167611598969,-0.001959049142897129,2.762925386428833,0.0,0.0,0.4301689565181732,0,0
1786431213.4220517,15.555846178000138,TRACK,FLOW,/home/eunseop/nrs_imitation/checkpoints/flow/polishing/single_cam/20260809_1638,496.01275634765625,331.316162109375,247.49058532714844,-0.012869197875261307,-0.00309306220151484,2.7622134685516357,0.39471712708473206,2.0314109325408936,0.6748775243759155,496.0992126464844,330.2633972167969,251.85531616210938,-0.013734167441725731,-0.0018590491963550448,2.763000249862671,0.0,0.0,0.42588871717453003,0,0
1786431213.4292173,15.563011932000336,TRACK,FLOW,/home/eunseop/nrs_imitation/checkpoints/flow/polishing/single_cam/20260809_1638,495.98236083984375,331.3252868652344,247.38645935058594,-0.012904427014291286,-0.0028801613952964544,2.762321710586548,-0.3122349977493286,2.040208339691162,0.13717585802078247,496.0995788574219,330.2692565917969,251.80531311035156,-0.013834167271852493,-0.0017590492498129606,2.763077974319458,0.0,0.0,0.42165106534957886,0,0
1786431213.4372313,15.571025944999747,TRACK,FLOW,/home/eunseop/nrs_imitation/checkpoints/flow/polishing/single_cam/20260809_1638,495.9571228027344,331.2961120605469,247.33438110351562,-0.012897783890366554,-0.002729853382334113,2.762345790863037,-1.3790407180786133,2.6215217113494873,0.5279919505119324,496.0970764160156,330.2744140625,251.75531005859375,-0.013931076973676682,-0.0016590493032708764,2.7631590366363525,0.0,0.0,0.4174555540084839,0,0
1786431213.445298,15.579092689999925,TRACK,FLOW,/home/eunseop/nrs_imitation/checkpoints/flow/polishing/single_cam/20260809_1638,495.97314453125,331.33184814453125,247.26820373535156,-0.012935955077409744,-0.0027287150733172894,2.7624175548553467,-2.1662609577178955,2.834674119949341,2.522783041000366,496.0921325683594,330.27777099609375,251.70530700683594,-0.014028162695467472,-0.0015590493567287922,2.7632346153259277,0.0,0.0,0.4133017957210541,0,0
1786431213.4532263,15.58702074699977,TRACK,FLOW,/home/eunseop/nrs_imitation/checkpoints/flow/polishing/single_cam/20260809_1638,495.97698974609375,331.3129577636719,247.189208984375,-0.013050067238509655,-0.0025881228502839804,2.7624406814575195,1.0377883911132812,2.0795016288757324,-0.1704631894826889,496.08477783203125,330.279296875,251.65530395507812,-0.014125618152320385,-0.001459049410186708,2.7633044719696045,0.0,0.0,0.409189373254776,0,0
1786431213.4612021,15.59499675799998,TRACK,FLOW,/home/eunseop/nrs_imitation/checkpoints/flow/polishing/single_cam/20260809_1638,496.02252197265625,331.3493347167969,247.15203857421875,-0.013371452689170837,-0.002506702672690153,2.7626304626464844,0.3919958472251892,1.2677899599075317,1.9432528018951416,496.0750427246094,330.27899169921875,251.6053009033203,-0.01422344334423542,-0.0013590494636446238,2.763368844985962,0.0,0.0,0.40511786937713623,0,0
1786431213.469224,15.603018405000512,TRACK,FLOW,/home/eunseop/nrs_imitation/checkpoints/flow/polishing/single_cam/20260809_1638,495.993896484375,331.31280517578125,247.0139617919922,-0.013395454734563828,-0.0022047078236937523,2.7626662254333496,-0.02471405267715454,2.1973979473114014,1.2352516651153564,496.0629577636719,330.2768859863281,251.5552978515625,-0.014321635477244854,-0.0012590495171025395,2.763427495956421,0.0,0.0,0.40108686685562134,0,0
1786431213.4772058,15.611000296999919,TRACK,FLOW,/home/eunseop/nrs_imitation/checkpoints/flow/polishing/single_cam/20260809_1638,495.9915771484375,331.365966796875,246.9641571044922,-0.01350583415478468,-0.002125881379470229,2.7627973556518555,0.857547402381897,1.8533282279968262,0.3042934238910675,496.05169677734375,330.274658203125,251.5052947998047,-0.014420087449252605,-0.0011590495705604553,2.763491153717041,0.0,0.0,0.3970959782600403,0,0
1786431213.4852204,15.619015011000556,TRACK,FLOW,/home/eunseop/nrs_imitation/checkpoints/flow/polishing/single_cam/20260809_1638,495.99664306640625,331.32891845703125,246.88360595703125,-0.013567344285547733,-0.001994171878322959,2.7628092765808105,0.6666980981826782,2.0969529151916504,0.30258631706237793,496.0421142578125,330.27276611328125,251.45529174804688,-0.014518768526613712,-0.001059049624018371,2.7635626792907715,0.0,0.0,0.393144816160202,0,0
1786431213.4933593,15.627154014000553,TRACK,FLOW,/home/eunseop/nrs_imitation/checkpoints/flow/polishing/single_cam/20260809_1638,495.99664306640625,331.32891845703125,246.88360595703125,-0.013567344285547733,-0.001994171878322959,2.7628092765808105,0.6666980981826782,2.0969529151916504,0.30258631706237793,496.0342102050781,330.27117919921875,251.40528869628906,-0.014617699198424816,-0.000959049619268626,2.7636423110961914,0.0,0.0,0.38923296332359314,0,0
1786431213.501236,15.635030573000222,TRACK,FLOW,/home/eunseop/nrs_imitation/checkpoints/flow/polishing/single_cam/20260809_1638,495.9339904785156,331.32232666015625,246.72906494140625,-0.013477838598191738,-0.0016596398781985044,2.762930393218994,-1.5017125606536865,2.476844072341919,0.30992159247398376,496.02789306640625,330.2698974609375,251.35528564453125,-0.014716832898557186,-0.0008590496145188808,2.7637293338775635,0.0,0.0,0.3853600323200226,0,0
1786431213.5092041,15.6429988280006,TRACK,FLOW,/home/eunseop/nrs_imitation/checkpoints/flow/polishing/single_cam/20260809_1638,495.9248352050781,331.3203430175781,246.71412658691406,-0.013538549654185772,-0.0016644602874293923,2.7629778385162354,-2.011176586151123,2.159621477127075,2.1670572757720947,496.0230407714844,330.2698974609375,251.30528259277344,-0.014812823385000229,-0.0007590496097691357,2.763817310333252,0.0,0.0,0.3815256357192993,0,0
1786431213.5172606,15.651055072999952,TRACK,FLOW,/home/eunseop/nrs_imitation/checkpoints/flow/polishing/single_cam/20260809_1638,495.9309387207031,331.3027038574219,246.58607482910156,-0.013655941933393478,-0.0014261237811297178,2.7630856037139893,1.3686093091964722,2.478926420211792,0.18057693541049957,496.0195617675781,330.2717590332031,251.25527954101562,-0.014903655275702477,-0.0006590496050193906,2.763901948928833,0.0,0.0,0.3777293860912323,0,0
1786431213.5252113,15.659006055000646,TRACK,FLOW,/home/eunseop/nrs_imitation/checkpoints/flow/polishing/single_cam/20260809_1638,495.96405029296875,331.3497314453125,246.57223510742188,-0.014012739062309265,-0.0014783244114369154,2.763213634490967,0.35354265570640564,1.3332287073135376,0.49017560482025146,496.0174255371094,330.27545166015625,251.2052764892578,-0.014989382587373257,-0.0005590496002696455,2.7639832496643066,0.0,0.0,0.3739709258079529,0,0
1786431213.5332024,15.666997054000603,TRACK,FLOW,/home/eunseop/nrs_imitation/checkpoints/flow/polishing/single_cam/20260809_1638,495.96685791015625,331.33123779296875,246.4811553955078,-0.01409127376973629,-0.0013774968683719635,2.7632014751434326,-0.7574496269226074,1.3959823846817017,2.3002355098724365,496.0166015625,330.28094482421875,251.1552734375,-0.015070055611431599,-0.0004590495955199003,2.764061212539673,0.0,0.0,0.37024986743927,0,0
1786431213.5412016,15.674996128000203,TRACK,FLOW,/home/eunseop/nrs_imitation/checkpoints/flow/polishing/single_cam/20260809_1638,495.94390869140625,331.3704833984375,246.4146728515625,-0.014233975671231747,-0.0013558210339397192,2.763416290283203,1.0041744709014893,1.8823267221450806,0.44221392273902893,496.01629638671875,330.2866516113281,251.1052703857422,-0.015148022212088108,-0.0003590495907701552,2.764138698577881,0.0,0.0,0.3665658235549927,0,0
1786431213.549198,15.682992507000563,TRACK,FLOW,/home/eunseop/nrs_imitation/checkpoints/flow/polishing/single_cam/20260809_1638,495.913818359375,331.37982177734375,246.34677124023438,-0.014311214908957481,-0.001218172605149448,2.7634756565093994,0.017401443794369698,2.1546523571014404,1.4507907629013062,496.01556396484375,330.2906799316406,251.05526733398438,-0.015226059593260288,-0.00025904958602041006,2.764218807220459,0.0,0.0,0.3629184365272522,0,0
1786431213.557208,15.691002712999762,TRACK,FLOW,/home/eunseop/nrs_imitation/checkpoints/flow/polishing/single_cam/20260809_1638,495.8948669433594,331.3490905761719,246.21292114257812,-0.014330779202282429,-0.0009757730294950306,2.7635717391967773,0.03253401443362236,2.374988079071045,0.10050517320632935,496.014404296875,330.29302978515625,251.00526428222656,-0.01530416589230299,-0.00015904958127066493,2.764301300048828,0.0,0.0,0.35930734872817993,0,0
1786431213.5652583,15.699052814999959,TRACK,FLOW,/home/eunseop/nrs_imitation/checkpoints/flow/polishing/single_cam/20260809_1638,495.8651428222656,331.3414611816406,246.12831115722656,-0.01448083110153675,-0.0007954134489409626,2.763678550720215,-0.9852984547615051,2.0544066429138184,1.0367721319198608,496.0128173828125,330.2937316894531,250.95526123046875,-0.015382342040538788,-5.9049583796877414e-05,2.7643864154815674,0.0,0.0,0.35573217272758484,0,0
1786431213.5732274,15.707022162000612,TRACK,FLOW,/home/eunseop/nrs_imitation/checkpoints/flow/polishing/single_cam/20260809_1638,495.84320068359375,331.3373718261719,246.04656982421875,-0.014475107192993164,-0.0006455866969190538,2.7637383937835693,-0.8508081436157227,2.711394786834717,0.06174382567405701,496.01055908203125,330.2933044433594,250.90525817871094,-0.015460462309420109,4.09504136769101e-05,2.7644710540771484,0.0,0.0,0.35219258069992065,0,0
1786431213.5818417,15.715636418000031,TRACK,FLOW,/home/eunseop/nrs_imitation/checkpoints/flow/polishing/single_cam/20260809_1638,495.84320068359375,331.3373718261719,246.04656982421875,-0.014475107192993164,-0.0006455866969190538,2.7637383937835693,-0.8508081436157227,2.711394786834717,0.06174382567405701,496.0069274902344,330.2930908203125,250.85525512695312,-0.01553825382143259,0.00014095040387474,2.764547109603882,0.0,0.0,0.3486882150173187,0,0
1786431213.5892344,15.723029038000277,TRACK,FLOW,/home/eunseop/nrs_imitation/checkpoints/flow/polishing/single_cam/20260809_1638,495.8073425292969,331.2893371582031,245.94827270507812,-0.014517622999846935,-0.00040983103099279106,2.763822317123413,-1.5679354667663574,2.5137295722961426,0.4741450846195221,496.0021667480469,330.29302978515625,250.8052520751953,-0.015615656971931458,0.00024095040862448514,2.764615774154663,0.0,0.0,0.3452187180519104,0,0
1786431213.5973,15.73109463000037,TRACK,FLOW,/home/eunseop/nrs_imitation/checkpoints/flow/polishing/single_cam/20260809_1638,495.81744384765625,331.3351745605469,245.9443359375,-0.014506521634757519,-0.0004935066099278629,2.7638700008392334,-0.3233872056007385,2.4673523902893066,-0.28554069995880127,495.99615478515625,330.29315185546875,250.7552490234375,-0.015692709013819695,0.00034095041337423027,2.764676332473755,0.0,0.0,0.341783732175827,0,0
1786431213.6052082,15.739002719999917,TRACK,FLOW,/home/eunseop/nrs_imitation/checkpoints/flow/polishing/single_cam/20260809_1638,495.8485412597656,331.31103515625,245.9187469482422,-0.014632005244493484,-0.00044288687058724463,2.763857364654541,-0.562075138092041,1.357345700263977,2.3904216289520264,495.9892272949219,330.2933349609375,250.7052459716797,-0.01576831564307213,0.0004409504181239754,2.7647311687469482,0.0,0.0,0.33838292956352234,0,0
1786431213.6131954,15.746990061999895,TRACK,FLOW,/home/eunseop/nrs_imitation/checkpoints/flow/polishing/single_cam/20260809_1638,495.9038391113281,331.33050537109375,245.88427734375,-0.014889070764183998,-0.00045383654651232064,2.7639272212982178,2.7710578441619873,1.5338655710220337,-0.13335461914539337,495.98358154296875,330.2928161621094,250.65524291992188,-0.015834616497159004,0.0005409503937698901,2.764793634414673,0.0,0.0,0.3350159525871277,0,0
1786431213.6212704,15.755065192000075,TRACK,FLOW,/home/eunseop/nrs_imitation/checkpoints/flow/polishing/single_cam/20260809_1638,495.9267578125,331.3092041015625,245.83486938476562,-0.015109183266758919,-0.0002944673760794103,2.7640092372894287,0.9269871115684509,1.4092252254486084,1.918021321296692,495.9792175292969,330.2916259765625,250.60523986816406,-0.015891682356595993,0.0006409503985196352,2.7648637294769287,0.0,0.0,0.3316824734210968,0,0
1786431213.6292043,15.762998811000216,TRACK,FLOW,/home/eunseop/nrs_imitation/checkpoints/flow/polishing/single_cam/20260809_1638,495.9472351074219,331.3349304199219,245.82290649414062,-0.015217438340187073,-0.0003494222473818809,2.7641043663024902,-0.5278469920158386,1.4652016162872314,1.520580530166626,495.97607421875,330.28973388671875,250.55523681640625,-0.01593964733183384,0.0007409504032693803,2.764941453933716,0.0,0.0,0.3283821642398834,0,0
1786431213.637205,15.770999557999858,TRACK,FLOW,/home/eunseop/nrs_imitation/checkpoints/flow/polishing/single_cam/20260809_1638,495.92413330078125,331.3235168457031,245.71888732910156,-0.015292407013475895,-0.0001718792918836698,2.7642123699188232,0.4817575514316559,2.084907054901123,0.7006497383117676,495.97418212890625,330.28717041015625,250.50523376464844,-0.015978584066033363,0.0008409504080191255,2.765026569366455,0.0,0.0,0.3251146972179413,0,0
1786431213.6452043,15.778998882999986,TRACK,FLOW,/home/eunseop/nrs_imitation/checkpoints/flow/polishing/single_cam/20260809_1638,495.898681640625,331.3521728515625,245.61341857910156,-0.015369122847914696,2.374040832364699e-06,2.7643797397613525,-0.8275696039199829,2.562171220779419,0.8019447922706604,495.9701232910156,330.2833251953125,250.45523071289062,-0.01601487584412098,0.0009409504127688706,2.7651023864746094,0.0,0.0,0.3218797445297241,0,0
1786431213.6537087,15.787503397999899,TRACK,FLOW,/home/eunseop/nrs_imitation/checkpoints/flow/polishing/single_cam/20260809_1638,495.898681640625,331.3521728515625,245.61341857910156,-0.015369122847914696,2.374040832364699e-06,2.7643797397613525,-0.8275696039199829,2.562171220779419,0.8019447922706604,495.9636535644531,330.2781066894531,250.4052276611328,-0.016048729419708252,0.0010409504175186157,2.765167474746704,0.0,0.0,0.31867697834968567,0,0
1786431213.6612287,15.795023172000583,TRACK,FLOW,/home/eunseop/nrs_imitation/checkpoints/flow/polishing/single_cam/20260809_1638,495.876953125,331.3611755371094,245.46463012695312,-0.015269637107849121,0.00021612631098832935,2.7644407749176025,-1.638559341430664,2.3761909008026123,0.560967743396759,495.9550476074219,330.27166748046875,250.355224609375,-0.016080403700470924,0.0011409503640607,2.765223264694214,0.0,0.0,0.31550610065460205,0,0
1786431213.6692028,15.802997229000539,TRACK,FLOW,/home/eunseop/nrs_imitation/checkpoints/flow/polishing/single_cam/20260809_1638,495.88726806640625,331.4022216796875,245.46641540527344,-0.015423632226884365,0.00014741832274012268,2.7645232677459717,-1.8397294282913208,2.4786224365234375,2.4746410846710205,495.9441833496094,330.2639465332031,250.3052215576172,-0.016109803691506386,0.0012409503106027842,2.7652692794799805,0.0,0.0,0.3123667538166046,0,0
1786431213.6772068,15.81100144300035,TRACK,FLOW,/home/eunseop/nrs_imitation/checkpoints/flow/polishing/single_cam/20260809_1638,495.88897705078125,331.3664245605469,245.3452606201172,-0.01551566831767559,0.0002949080662801862,2.7645344734191895,1.5229352712631226,2.57258677482605,-0.3329235315322876,495.9336853027344,330.2568359375,250.25521850585938,-0.016137585043907166,0.0013409502571448684,2.7653145790100098,0.0,0.0,0.3092586398124695,0,0
1786431213.6852183,15.819012841000585,TRACK,FLOW,/home/eunseop/nrs_imitation/checkpoints/flow/polishing/single_cam/20260809_1638,495.9259338378906,331.3957214355469,245.34078979492188,-0.015749016776680946,0.00032738313893787563,2.76468825340271,-0.006241103168576956,1.1610556840896606,1.9373620748519897,495.9242248535156,330.2508544921875,250.20521545410156,-0.016163934022188187,0.0014409502036869526,2.7653615474700928,0.0,0.0,0.3061814606189728,0,0
1786431213.6931953,15.826989863000563,TRACK,FLOW,/home/eunseop/nrs_imitation/checkpoints/flow/polishing/single_cam/20260809_1638,495.92425537109375,331.3885192871094,245.2889862060547,-0.015848670154809952,0.0004603610432241112,2.7647476196289062,0.41447100043296814,1.0511263608932495,1.4530364274978638,495.9158020019531,330.2459716796875,250.15521240234375,-0.016188865527510643,0.0015409501502290368,2.7654101848602295,0.0,0.0,0.3031349182128906,0,0
1786431213.701213,15.835007423000206,TRACK,FLOW,/home/eunseop/nrs_imitation/checkpoints/flow/polishing/single_cam/20260809_1638,495.9364929199219,331.3507995605469,245.2088165283203,-0.015969371423125267,0.0006238391506485641,2.7647712230682373,1.719573974609375,1.8147904872894287,0.20053866505622864,495.90838623046875,330.2421875,250.10520935058594,-0.01621239259839058,0.001640950096771121,2.76546049118042,0.0,0.0,0.30011868476867676,0,0
1786431213.709312,15.84310664900022,TRACK,FLOW,/home/eunseop/nrs_imitation/checkpoints/flow/polishing/single_cam/20260809_1638,495.9434814453125,331.33734130859375,245.11935424804688,-0.016047941520810127,0.0007257596589624882,2.7648425102233887,0.20117707550525665,2.1229662895202637,0.5336670279502869,495.8998107910156,330.2394104003906,250.05520629882812,-0.016236450523138046,0.0017409500433132052,2.7655181884765625,0.0,0.0,0.2971324622631073,0,0
1786431213.7173011,15.851095885000177,TRACK,FLOW,/home/eunseop/nrs_imitation/checkpoints/flow/polishing/single_cam/20260809_1638,495.9207763671875,331.36962890625,245.09060668945312,-0.016053330153226852,0.0007854800205677748,2.7649264335632324,-0.8977352976799011,2.0556728839874268,0.21529287099838257,495.8887634277344,330.23760986328125,250.0052032470703,-0.016262192279100418,0.0018409499898552895,2.7655866146087646,0.0,0.0,0.2941759526729584,0,0
1786431213.7253199,15.85911459700037,TRACK,FLOW,/home/eunseop/nrs_imitation/checkpoints/flow/polishing/single_cam/20260809_1638,495.8730773925781,331.3475646972656,245.02886962890625,-0.01598619855940342,0.0009412267245352268,2.764986991882324,-1.3843666315078735,2.133748769760132,0.908753514289856,495.875244140625,330.23675537109375,249.9552001953125,-0.0162896029651165,0.0019409499363973737,2.7656655311584473,0.0,0.0,0.2912488579750061,0,0
1786431213.733322,15.867116737000288,TRACK,FLOW,/home/eunseop/nrs_imitation/checkpoints/flow/polishing/single_cam/20260809_1638,495.84368896484375,331.3200988769531,244.92323303222656,-0.015889136120676994,0.001080675981938839,2.7649762630462646,-2.0153520107269287,3.2644848823547363,0.14225414395332336,495.8592834472656,330.2368469238281,249.9051971435547,-0.0163186676800251,0.002040949882939458,2.7657549381256104,0.0,0.0,0.2883508801460266,0,0
1786431213.7412672,15.875061918000029,TRACK,FLOW,/home/eunseop/nrs_imitation/checkpoints/flow/polishing/single_cam/20260809_1638,495.8135986328125,331.3101806640625,244.901123046875,-0.015802592039108276,0.0011667218059301376,2.764977216720581,-2.529366970062256,2.3727314472198486,2.2378604412078857,495.8435974121094,330.2360534667969,249.85519409179688,-0.016346022486686707,0.002140949945896864,2.7658421993255615,0.0,0.0,0.2854817509651184,0,0
1786431213.7492104,15.883004934999917,TRACK,FLOW,/home/eunseop/nrs_imitation/checkpoints/flow/polishing/single_cam/20260809_1638,495.8534240722656,331.3206481933594,244.8610076904297,-0.015943778678774834,0.0012259931536391377,2.76505970954895,0.2355237454175949,0.6526520848274231,1.5824246406555176,495.8313293457031,330.2322692871094,249.80519104003906,-0.016367770731449127,0.00224095000885427,2.7659125328063965,0.0,0.0,0.2826411724090576,0,0
1786431213.7573488,15.891143577000548,TRACK,FLOW,/home/eunseop/nrs_imitation/checkpoints/flow/polishing/single_cam/20260809_1638,495.8774108886719,331.2996826171875,244.81253051757812,-0.016104521229863167,0.0013533128658309579,2.765106678009033,1.6194119453430176,2.2955944538116455,0.6450039744377136,495.8224792480469,330.2254943847656,249.75518798828125,-0.016383860260248184,0.002340950071811676,2.7659661769866943,0.0,0.0,0.27982884645462036,0,0
1786431213.7652295,15.899024024000028,TRACK,FLOW,/home/eunseop/nrs_imitation/checkpoints/flow/polishing/single_cam/20260809_1638,495.8645935058594,331.3113708496094,244.79244995117188,-0.01615077815949917,0.0013392280088737607,2.765130043029785,-0.323652058839798,1.3221231698989868,2.296478509902954,495.81695556640625,330.2158203125,249.70518493652344,-0.01639445126056671,0.002440950134769082,2.766003370285034,0.0,0.0,0.27704450488090515,0,0
1786431213.7732215,15.9070159339999,TRACK,FLOW,/home/eunseop/nrs_imitation/checkpoints/flow/polishing/single_cam/20260809_1638,495.8565979003906,331.2893371582031,244.68435668945312,-0.016129113733768463,0.0014833328314125538,2.765202522277832,0.9522672891616821,1.7897775173187256,-0.6901108026504517,495.81414794921875,330.2039794921875,249.65518188476562,-0.016400404274463654,0.002540950197726488,2.7660326957702637,0.0,0.0,0.2742878794670105,0,0
1786431213.7812293,15.915023966000263,TRACK,FLOW,/home/eunseop/nrs_imitation/checkpoints/flow/polishing/single_cam/20260809_1638,495.8206481933594,331.2950744628906,244.61465454101562,-0.016085432842373848,0.001632233732379973,2.7653346061706543,-0.3224768042564392,1.9777979850769043,1.2125214338302612,495.8125305175781,330.1918029785156,249.6051788330078,-0.016403833404183388,0.002640950260683894,2.7660748958587646,0.0,0.0,0.2715586721897125,0,0
1786431213.7892222,15.923017058999903,TRACK,FLOW,/home/eunseop/nrs_imitation/checkpoints/flow/polishing/single_cam/20260809_1638,495.7966613769531,331.2783203125,244.51812744140625,-0.01607942022383213,0.0017820688663050532,2.765395402908325,-0.4455546736717224,2.5707709789276123,-0.6224388480186462,495.81207275390625,330.1792907714844,249.55517578125,-0.016404764726758003,0.0027409503236413,2.766129970550537,0.0,0.0,0.26885661482810974,0,0
1786431213.7972078,15.931002397000157,TRACK,FLOW,/home/eunseop/nrs_imitation/checkpoints/flow/polishing/single_cam/20260809_1638,495.7469787597656,331.2804870605469,244.43406677246094,-0.015879400074481964,0.0018645018571987748,2.765420913696289,-1.4976696968078613,2.520653486251831,0.6349754333496094,495.8127746582031,330.1664733886719,249.5051727294922,-0.01640322618186474,0.0028409503865987062,2.766197681427002,0.0,0.0,0.26618143916130066,0,0
1786431213.8052833,15.939078008000251,TRACK,FLOW,/home/eunseop/nrs_imitation/checkpoints/flow/polishing/single_cam/20260809_1638,495.7244567871094,331.30224609375,244.41224670410156,-0.015909362584352493,0.0018806628650054336,2.765528440475464,-1.4728891849517822,2.375467538833618,1.4690327644348145,495.8140563964844,330.1534423828125,249.45516967773438,-0.01639859564602375,0.0029409504495561123,2.766275644302368,0.0,0.0,0.2635328769683838,0,0
1786431213.8132255,15.9470201740005,TRACK,FLOW,/home/eunseop/nrs_imitation/checkpoints/flow/polishing/single_cam/20260809_1638,495.7602844238281,331.29046630859375,244.35279846191406,-0.01609998755156994,0.0020253160037100315,2.765599012374878,0.47010868787765503,2.3891193866729736,1.542199730873108,495.811767578125,330.14105224609375,249.40516662597656,-0.016386443749070168,0.0030409505125135183,2.7663474082946777,0.0,0.0,0.26091068983078003,0,0
1786431213.8212903,15.955084874000022,TRACK,FLOW,/home/eunseop/nrs_imitation/checkpoints/flow/polishing/single_cam/20260809_1638,495.7196960449219,331.3030700683594,244.2793731689453,-0.01604471728205681,0.002089953050017357,2.7656595706939697,0.07017384469509125,2.094602346420288,1.4810144901275635,495.8059387207031,330.1292724609375,249.35516357421875,-0.016366811469197273,0.0031409505754709244,2.7664129734039307,0.0,0.0,0.2583145797252655,0,0
1786431213.8291996,15.962994086000435,TRACK,FLOW,/home/eunseop/nrs_imitation/checkpoints/flow/polishing/single_cam/20260809_1638,495.7196960449219,331.3030700683594,244.2793731689453,-0.01604471728205681,0.002089953050017357,2.7656595706939697,0.07017384469509125,2.094602346420288,1.4810144901275635,495.796630859375,330.11810302734375,249.30516052246094,-0.016339803114533424,0.0032409506384283304,2.766472339630127,0.0,0.0,0.2557443082332611,0,0
