t_wall,t_elapsed_sec,stage,policy_class,ckpt_dir,meas_x_mm,meas_y_mm,meas_z_mm,meas_rx,meas_ry,meas_rz,meas_fx_N,meas_fy_N,meas_fz_N,cmd_x_mm,cmd_y_mm,cmd_z_mm,cmd_rx,cmd_ry,cmd_rz,cmd_fx_N,cmd_fy_N,cmd_fz_N,contact,cmd_safety_blocked
1788101070.9769437,0.011681070027407259,APPROACH,FLOW,/home/eunseop/nrs_imitation/checkpoints/flow/polishing/single_cam/20260827_2128_only90deg/20260828_0341,445.01251220703125,394.43646240234375,219.9111785888672,-0.00012170576519565657,0.00022624508710578084,2.356234550476074,0.3228280246257782,1.075656533241272,0.17746616899967194,445.01251220703125,394.43646240234375,219.9111785888672,-0.00012170576519565657,0.00022624508710578084,2.356234550476074,0.0,0.0,0.0,0,0
1788101076.1269166,5.161654426017776,TRACK,FLOW,/home/eunseop/nrs_imitation/checkpoints/flow/polishing/single_cam/20260827_2128_only90deg/20260828_0341,475.5455322265625,372.5638427734375,214.1758575439453,-0.16087186336517334,0.014035732485353947,2.3554062843322754,-2.236041307449341,0.3934509754180908,1.069029450416565,442.4748229980469,405.1360778808594,166.0507049560547,-0.059659894555807114,0.046884141862392426,2.4781391620635986,0.0,0.0,0.0,0,0
1788101076.1270726,5.161809962999541,TRACK,FLOW,/home/eunseop/nrs_imitation/checkpoints/flow/polishing/single_cam/20260827_2128_only90deg/20260828_0341,475.5455322265625,372.5638427734375,214.1758575439453,-0.16087186336517334,0.014035732485353947,2.3554062843322754,-2.236041307449341,0.3934509754180908,1.069029450416565,475.5455322265625,372.5638427734375,214.1758575439453,-0.16087186336517334,0.014035732485353947,2.3554062843322754,0.0,0.0,0.0,0,0
1788101076.433334,5.468071571027394,TRACK,FLOW,/home/eunseop/nrs_imitation/checkpoints/flow/polishing/single_cam/20260827_2128_only90deg/20260828_0341,475.6434020996094,372.5570983886719,214.23753356933594,-0.1612398475408554,0.013794543221592903,2.3552069664001465,-1.668252944946289,-1.283026933670044,1.5870064496994019,457.48980712890625,388.4521179199219,162.5425567626953,-0.019604414701461792,0.0604684092104435,2.4729115962982178,0.0,0.0,0.0,0,0
1788101077.833285,6.868022723996546,TRACK,FLOW,/home/eunseop/nrs_imitation/checkpoints/flow/polishing/single_cam/20260827_2128_only90deg/20260828_0341,471.7829895019531,365.6413269042969,204.1206512451172,-0.13914920389652252,0.025482917204499245,2.3823652267456055,-0.742048442363739,-1.5727916955947876,1.1871215105056763,457.8276062011719,388.15814208984375,162.54151916503906,-0.019536705687642097,0.06050358712673187,2.4730923175811768,0.0,0.0,0.0,0,0
1788101077.8973808,6.9321184500004165,TRACK,FLOW,/home/eunseop/nrs_imitation/checkpoints/flow/polishing/single_cam/20260827_2128_only90deg/20260828_0341,471.5724182128906,365.447021484375,203.75909423828125,-0.1389213353395462,0.02586590312421322,2.3837506771087646,-0.9384660720825195,0.2556021511554718,0.4228017330169678,457.8276062011719,388.15814208984375,162.54151916503906,-0.019536705687642097,0.06050358712673187,2.4730923175811768,0.0,0.0,0.0,0,0
1788101077.9613705,6.996107932005543,TRACK,FLOW,/home/eunseop/nrs_imitation/checkpoints/flow/polishing/single_cam/20260827_2128_only90deg/20260828_0341,471.0709228515625,365.4944152832031,203.73001098632812,-0.13975819945335388,0.025916140526533127,2.385246753692627,0.6597868204116821,0.5828356742858887,1.1882531642913818,457.8276062011719,388.15814208984375,162.54151916503906,-0.019536705687642097,0.06050358712673187,2.4730923175811768,0.0,0.0,0.0,0,0
1788101078.0332692,7.068007479014341,TRACK,FLOW,/home/eunseop/nrs_imitation/checkpoints/flow/polishing/single_cam/20260827_2128_only90deg/20260828_0341,470.4393615722656,365.688720703125,203.74131774902344,-0.14124079048633575,0.025888986885547638,2.3873908519744873,-0.3516789972782135,0.7038163542747498,0.4134886860847473,457.8276062011719,388.15814208984375,162.54151916503906,-0.019536705687642097,0.06050358712673187,2.4730923175811768,0.0,0.0,0.0,0,0
1788101078.2332563,7.2679954409832135,TRACK,FLOW,/home/eunseop/nrs_imitation/checkpoints/flow/polishing/single_cam/20260827_2128_only90deg/20260828_0341,468.6459045410156,366.375244140625,203.71495056152344,-0.14613670110702515,0.026003044098615646,2.3935320377349854,1.1262991428375244,0.4868999421596527,0.8039166927337646,457.8276062011719,388.15814208984375,162.54151916503906,-0.019536705687642097,0.06050358712673187,2.4730923175811768,0.0,0.0,0.0,0,0
1788101078.2891028,7.323840441007633,TRACK,FLOW,/home/eunseop/nrs_imitation/checkpoints/flow/polishing/single_cam/20260827_2128_only90deg/20260828_0341,468.066162109375,366.6377868652344,203.6636505126953,-0.14714768528938293,0.02603587694466114,2.39534068107605,0.25940564274787903,0.389553427696228,1.381945252418518,457.8276062011719,388.15814208984375,162.54151916503906,-0.019536705687642097,0.06050358712673187,2.4730923175811768,0.0,0.0,0.0,0,0
1788101078.5372226,7.57196054502856,TRACK,FLOW,/home/eunseop/nrs_imitation/checkpoints/flow/polishing/single_cam/20260827_2128_only90deg/20260828_0341,466.052490234375,367.7389831542969,203.4821014404297,-0.15230417251586914,0.025951212272047997,2.4030797481536865,-1.3567668199539185,-0.1836201399564743,0.9751700162887573,457.8276062011719,388.15814208984375,162.54151916503906,-0.019536705687642097,0.06050358712673187,2.4730923175811768,0.0,0.0,0.0,0,0
1788101078.5932744,7.628012000001036,TRACK,FLOW,/home/eunseop/nrs_imitation/checkpoints/flow/polishing/single_cam/20260827_2128_only90deg/20260828_0341,465.5876770019531,367.935546875,203.328125,-0.15337158739566803,0.026209115982055664,2.4047837257385254,-1.291442632675171,-0.9684620499610901,1.1812787055969238,457.8276062011719,388.15814208984375,162.54151916503906,-0.019536705687642097,0.06050358712673187,2.4730923175811768,0.0,0.0,0.0,0,0
1788101078.6490803,7.683817813987844,TRACK,FLOW,/home/eunseop/nrs_imitation/checkpoints/flow/polishing/single_cam/20260827_2128_only90deg/20260828_0341,465.0832214355469,368.19793701171875,203.24179077148438,-0.1541968733072281,0.026244208216667175,2.4065277576446533,-0.9489374756813049,-1.9703770875930786,0.5678125619888306,457.8276062011719,388.15814208984375,162.54151916503906,-0.019536705687642097,0.06050358712673187,2.4730923175811768,0.0,0.0,0.0,0,0
1788101078.937131,7.971868458029348,TRACK,FLOW,/home/eunseop/nrs_imitation/checkpoints/flow/polishing/single_cam/20260827_2128_only90deg/20260828_0341,462.8841552734375,369.8407897949219,202.47242736816406,-0.157867893576622,0.026821112260222435,2.414721727371216,1.1516003608703613,-1.2772197723388672,1.5293962955474854,457.8276062011719,388.15814208984375,162.54151916503906,-0.019536705687642097,0.06050358712673187,2.4730923175811768,0.0,0.0,0.0,0,0
1788101078.9851127,8.019850192999002,TRACK,FLOW,/home/eunseop/nrs_imitation/checkpoints/flow/polishing/single_cam/20260827_2128_only90deg/20260828_0341,462.5310974121094,370.16351318359375,202.3552703857422,-0.1581890881061554,0.026884613558650017,2.4160614013671875,-1.2327854633331299,0.3727750778198242,0.4452531039714813,457.8276062011719,388.15814208984375,162.54151916503906,-0.019536705687642097,0.06050358712673187,2.4730923175811768,0.0,0.0,0.0,0,0
1788101079.2412636,8.276001884019934,TRACK,FLOW,/home/eunseop/nrs_imitation/checkpoints/flow/polishing/single_cam/20260827_2128_only90deg/20260828_0341,460.8891296386719,371.75042724609375,201.33551025390625,-0.15942087769508362,0.027464132755994797,2.4234554767608643,-0.13238319754600525,0.7950456738471985,0.6609178781509399,457.8276062011719,388.15814208984375,162.54151916503906,-0.019536705687642097,0.06050358712673187,2.4730923175811768,0.0,0.0,0.0,0,0
1788101079.2973979,8.332135475007817,TRACK,FLOW,/home/eunseop/nrs_imitation/checkpoints/flow/polishing/single_cam/20260827_2128_only90deg/20260828_0341,460.52130126953125,372.0556640625,201.105224609375,-0.1595846712589264,0.027714185416698456,2.425156354904175,-1.4895089864730835,1.3044298887252808,0.12147654592990875,457.8276062011719,388.15814208984375,162.54151916503906,-0.019536705687642097,0.06050358712673187,2.4730923175811768,0.0,0.0,0.0,0,0
1788101079.5451396,8.579877015028615,TRACK,FLOW,/home/eunseop/nrs_imitation/checkpoints/flow/polishing/single_cam/20260827_2128_only90deg/20260828_0341,459.244873046875,373.6064758300781,200.1959991455078,-0.15975382924079895,0.02759198658168316,2.4304139614105225,-1.9207065105438232,-1.1933387517929077,1.4243992567062378,457.8276062011719,388.15814208984375,162.54151916503906,-0.019536705687642097,0.06050358712673187,2.4730923175811768,0.0,0.0,0.0,0,0
1788101079.601168,8.635905725997873,TRACK,FLOW,/home/eunseop/nrs_imitation/checkpoints/flow/polishing/single_cam/20260827_2128_only90deg/20260828_0341,459.0177917480469,374.0691223144531,199.97589111328125,-0.1598079353570938,0.02736583538353443,2.431718587875366,-0.2962794601917267,-1.5329817533493042,1.9310495853424072,457.8276062011719,388.15814208984375,162.54151916503906,-0.019536705687642097,0.06050358712673187,2.4730923175811768,0.0,0.0,0.0,0,0
1788101079.6652308,8.699968468979932,TRACK,FLOW,/home/eunseop/nrs_imitation/checkpoints/flow/polishing/single_cam/20260827_2128_only90deg/20260828_0341,458.7130432128906,374.45526123046875,199.70791625976562,-0.15964126586914062,0.027485234662890434,2.432847261428833,-0.9074900150299072,-0.3011521100997925,1.8296328783035278,457.8276062011719,388.15814208984375,162.54151916503906,-0.019536705687642097,0.06050358712673187,2.4730923175811768,0.0,0.0,0.0,0,0
1788101079.7051592,8.739896623999812,TRACK,FLOW,/home/eunseop/nrs_imitation/checkpoints/flow/polishing/single_cam/20260827_2128_only90deg/20260828_0341,458.4797058105469,374.6890563964844,199.48666381835938,-0.1594618260860443,0.02771192602813244,2.433681011199951,-0.6310103535652161,-0.009331678971648216,0.5635671019554138,457.8276062011719,388.15814208984375,162.54151916503906,-0.019536705687642097,0.06050358712673187,2.4730923175811768,0.0,0.0,0.0,0,0
1788101079.7612326,8.795970081002451,TRACK,FLOW,/home/eunseop/nrs_imitation/checkpoints/flow/polishing/single_cam/20260827_2128_only90deg/20260828_0341,458.172119140625,375.00823974609375,199.15895080566406,-0.1591155230998993,0.027944916859269142,2.4347381591796875,-2.058814287185669,-0.3619975447654724,0.8597083687782288,457.8276062011719,388.15814208984375,162.54151916503906,-0.019536705687642097,0.06050358712673187,2.4730923175811768,0.0,0.0,0.0,0,0
1788101079.817107,8.851844477001578,TRACK,FLOW,/home/eunseop/nrs_imitation/checkpoints/flow/polishing/single_cam/20260827_2128_only90deg/20260828_0341,457.9104309082031,375.4430847167969,198.8690185546875,-0.15878786146640778,0.02786005102097988,2.4357357025146484,-0.7010374665260315,-1.513462781906128,0.804354190826416,457.8276062011719,388.15814208984375,162.54151916503906,-0.019536705687642097,0.06050358712673187,2.4730923175811768,0.0,0.0,0.0,0,0
1788101080.057164,9.091901652980596,TRACK,FLOW,/home/eunseop/nrs_imitation/checkpoints/flow/polishing/single_cam/20260827_2128_only90deg/20260828_0341,456.77154541015625,377.08251953125,197.51148986816406,-0.15699319541454315,0.028150225058197975,2.4401659965515137,0.17509697377681732,0.6463987231254578,0.9248067736625671,457.8276062011719,388.15814208984375,162.54151916503906,-0.019536705687642097,0.06050358712673187,2.4730923175811768,0.0,0.0,0.0,0,0
1788101080.1130831,9.147820613987278,TRACK,FLOW,/home/eunseop/nrs_imitation/checkpoints/flow/polishing/single_cam/20260827_2128_only90deg/20260828_0341,456.51495361328125,377.5237121582031,197.24159240722656,-0.1564653217792511,0.028014296665787697,2.4411115646362305,-1.2391165494918823,-0.041345879435539246,0.9151714444160461,457.8276062011719,388.15814208984375,162.54151916503906,-0.019536705687642097,0.06050358712673187,2.4730923175811768,0.0,0.0,0.0,0,0
1788101080.3612647,9.396002206020057,TRACK,FLOW,/home/eunseop/nrs_imitation/checkpoints/flow/polishing/single_cam/20260827_2128_only90deg/20260828_0341,455.4193420410156,379.0734558105469,195.73439025878906,-0.15385864675045013,0.028597727417945862,2.444671392440796,-0.5797682404518127,-1.3703949451446533,0.7592683434486389,464.3564758300781,381.3630676269531,163.23072814941406,-0.013813653960824013,0.06411494314670563,2.4780325889587402,0.0,0.0,0.0,0,0
1788101080.4171503,9.45188763202168,TRACK,FLOW,/home/eunseop/nrs_imitation/checkpoints/flow/polishing/single_cam/20260827_2128_only90deg/20260828_0341,455.2354736328125,379.4656066894531,195.40916442871094,-0.1531735360622406,0.028535934165120125,2.4455902576446533,-0.23713243007659912,-1.9715871810913086,0.9052497744560242,464.6750183105469,381.0845947265625,163.23348999023438,-0.013761496171355247,0.06427442282438278,2.478149890899658,0.0,0.0,0.0,0,0
1788101080.6732686,9.708005958993454,TRACK,FLOW,/home/eunseop/nrs_imitation/checkpoints/flow/polishing/single_cam/20260827_2128_only90deg/20260828_0341,454.3436279296875,381.3009338378906,193.85650634765625,-0.14961476624011993,0.02883768640458584,2.4493725299835205,-0.9966076016426086,-0.8949720859527588,0.8335151076316833,464.6750183105469,381.0845947265625,163.23348999023438,-0.013761496171355247,0.06427442282438278,2.478149890899658,0.0,0.0,0.0,0,0
1788101080.7210827,9.755820202990435,TRACK,FLOW,/home/eunseop/nrs_imitation/checkpoints/flow/polishing/single_cam/20260827_2128_only90deg/20260828_0341,454.2165222167969,381.6195983886719,193.56443786621094,-0.14894670248031616,0.028999237343668938,2.4500691890716553,-0.2092961072921753,0.7292267084121704,0.45089370012283325,464.6750183105469,381.0845947265625,163.23348999023438,-0.013761496171355247,0.06427442282438278,2.478149890899658,0.0,0.0,0.0,0,0
1788101080.793215,9.827952464984264,TRACK,FLOW,/home/eunseop/nrs_imitation/checkpoints/flow/polishing/single_cam/20260827_2128_only90deg/20260828_0341,453.95330810546875,382.0951232910156,193.03875732421875,-0.14772310853004456,0.029459260404109955,2.4512710571289062,-0.9198358654975891,-0.06162182614207268,0.3213717043399811,464.6750183105469,381.0845947265625,163.23348999023438,-0.013761496171355247,0.06427442282438278,2.478149890899658,0.0,0.0,0.0,0,0
1788101081.0654764,10.100214149977546,TRACK,FLOW,/home/eunseop/nrs_imitation/checkpoints/flow/polishing/single_cam/20260827_2128_only90deg/20260828_0341,453.0202331542969,383.8998107910156,191.34072875976562,-0.14357222616672516,0.029960336163640022,2.4538018703460693,-2.1299753189086914,0.4039476215839386,1.019439458847046,464.6750183105469,381.0845947265625,163.23348999023438,-0.013761496171355247,0.06427442282438278,2.478149890899658,0.0,0.0,0.0,0,0
1788101081.1211097,10.15584741398925,TRACK,FLOW,/home/eunseop/nrs_imitation/checkpoints/flow/polishing/single_cam/20260827_2128_only90deg/20260828_0341,452.7856750488281,384.2796325683594,190.99893188476562,-0.1426425278186798,0.030041027814149857,2.454375743865967,-1.912102460861206,-0.9646648168563843,1.3841211795806885,464.6750183105469,381.0845947265625,163.23348999023438,-0.013761496171355247,0.06427442282438278,2.478149890899658,0.0,0.0,0.0,0,0
1788101081.3691792,10.40391658002045,TRACK,FLOW,/home/eunseop/nrs_imitation/checkpoints/flow/polishing/single_cam/20260827_2128_only90deg/20260828_0341,451.806884765625,385.8567199707031,189.49124145507812,-0.1388585865497589,0.03122926875948906,2.456700086593628,0.7834692001342773,-2.742809772491455,0.7870122790336609,464.6750183105469,381.0845947265625,163.23348999023438,-0.013761496171355247,0.06427442282438278,2.478149890899658,0.0,0.0,0.0,0,0
1788101081.4252555,10.45999295200454,TRACK,FLOW,/home/eunseop/nrs_imitation/checkpoints/flow/polishing/single_cam/20260827_2128_only90deg/20260828_0341,451.5507507324219,386.2983703613281,189.13340759277344,-0.13759168982505798,0.03121642954647541,2.457224130630493,1.387728214263916,-1.6472052335739136,1.292791485786438,464.6750183105469,381.0845947265625,163.23348999023438,-0.013761496171355247,0.06427442282438278,2.478149890899658,0.0,0.0,0.0,0,0
1788101081.4810863,10.515823664027266,TRACK,FLOW,/home/eunseop/nrs_imitation/checkpoints/flow/polishing/single_cam/20260827_2128_only90deg/20260828_0341,451.4004211425781,386.7218933105469,188.82850646972656,-0.13668446242809296,0.031136000528931618,2.4577414989471436,0.7712300419807434,0.5196563601493835,1.095198392868042,464.6750183105469,381.0845947265625,163.23348999023438,-0.013761496171355247,0.06427442282438278,2.478149890899658,0.0,0.0,0.0,0,0
1788101081.785275,10.820012415002566,TRACK,FLOW,/home/eunseop/nrs_imitation/checkpoints/flow/polishing/single_cam/20260827_2128_only90deg/20260828_0341,450.1303405761719,388.69097900390625,187.05540466308594,-0.13121874630451202,0.03167452663183212,2.4605367183685303,-1.0579745769500732,0.19525602459907532,0.7475287318229675,464.6750183105469,381.0845947265625,163.23348999023438,-0.013761496171355247,0.06427442282438278,2.478149890899658,0.0,0.0,0.0,0,0
1788101081.8411243,10.875861993001308,TRACK,FLOW,/home/eunseop/nrs_imitation/checkpoints/flow/polishing/single_cam/20260827_2128_only90deg/20260828_0341,449.8849792480469,389.0039367675781,186.67654418945312,-0.13039885461330414,0.031945839524269104,2.4611785411834717,-0.7504080533981323,-0.6370232105255127,0.25878193974494934,464.6750183105469,381.0845947265625,163.23348999023438,-0.013761496171355247,0.06427442282438278,2.478149890899658,0.0,0.0,0.0,0,0
1788101081.897361,10.9320989419939,TRACK,FLOW,/home/eunseop/nrs_imitation/checkpoints/flow/polishing/single_cam/20260827_2128_only90deg/20260828_0341,449.7076721191406,389.3722839355469,186.35585021972656,-0.12942811846733093,0.03202346712350845,2.461580753326416,-1.14146089553833,-1.1498591899871826,1.2946233749389648,464.6750183105469,381.0845947265625,163.23348999023438,-0.013761496171355247,0.06427442282438278,2.478149890899658,0.0,0.0,0.0,0,0
1788101082.1853106,11.220048281014897,TRACK,FLOW,/home/eunseop/nrs_imitation/checkpoints/flow/polishing/single_cam/20260827_2128_only90deg/20260828_0341,448.76104736328125,391.3389587402344,184.4193878173828,-0.12372990697622299,0.032744843512773514,2.4640119075775146,0.40228891372680664,-0.8592460751533508,1.1441353559494019,464.6750183105469,381.0845947265625,163.23348999023438,-0.013761496171355247,0.06427442282438278,2.478149890899658,0.0,0.0,0.0,0,0
1788101082.2411404,11.275878011016175,TRACK,FLOW,/home/eunseop/nrs_imitation/checkpoints/flow/polishing/single_cam/20260827_2128_only90deg/20260828_0341,448.6519470214844,391.677490234375,184.0721435546875,-0.12284442782402039,0.032946404069662094,2.464303731918335,0.9114980101585388,-0.9163306355476379,0.7558422684669495,464.6750183105469,381.0845947265625,163.23348999023438,-0.013761496171355247,0.06427442282438278,2.478149890899658,0.0,0.0,0.0,0,0
1788101082.4892266,11.523963888990693,TRACK,FLOW,/home/eunseop/nrs_imitation/checkpoints/flow/polishing/single_cam/20260827_2128_only90deg/20260828_0341,447.88385009765625,393.49896240234375,182.47918701171875,-0.11777261644601822,0.033379603177309036,2.466017961502075,-0.08147303760051727,1.310036301612854,1.0281215906143188,464.6750183105469,381.0845947265625,163.23348999023438,-0.013761496171355247,0.06427442282438278,2.478149890899658,0.0,0.0,0.0,0,0
1788101082.5451071,11.579844647028949,TRACK,FLOW,/home/eunseop/nrs_imitation/checkpoints/flow/polishing/single_cam/20260827_2128_only90deg/20260828_0341,447.7018737792969,393.8646545410156,182.1215362548828,-0.11661704629659653,0.03359401226043701,2.4664852619171143,-0.9237378835678101,0.49415919184684753,0.5549185872077942,464.6750183105469,381.0845947265625,163.23348999023438,-0.013761496171355247,0.06427442282438278,2.478149890899658,0.0,0.0,0.0,0,0
1788101082.8011935,11.835931483015884,TRACK,FLOW,/home/eunseop/nrs_imitation/checkpoints/flow/polishing/single_cam/20260827_2128_only90deg/20260828_0341,446.88580322265625,395.61737060546875,180.45431518554688,-0.11124956607818604,0.034078292548656464,2.468663215637207,-0.03800799697637558,0.8293113112449646,1.1735236644744873,464.6750183105469,381.0845947265625,163.23348999023438,-0.013761496171355247,0.06427442282438278,2.478149890899658,0.0,0.0,0.0,0,0
1788101082.8490798,11.883817434019875,TRACK,FLOW,/home/eunseop/nrs_imitation/checkpoints/flow/polishing/single_cam/20260827_2128_only90deg/20260828_0341,446.6703186035156,395.9330749511719,180.13768005371094,-0.11014086753129959,0.03429597243666649,2.469149351119995,-0.13095207512378693,-1.851955771446228,0.41909968852996826,464.6750183105469,381.0845947265625,163.23348999023438,-0.013761496171355247,0.06427442282438278,2.478149890899658,0.0,0.0,0.0,0,0
1788101082.9051259,11.939863357983995,TRACK,FLOW,/home/eunseop/nrs_imitation/checkpoints/flow/polishing/single_cam/20260827_2128_only90deg/20260828_0341,446.4494934082031,396.2441101074219,179.7375946044922,-0.10884616523981094,0.0346405953168869,2.4695003032684326,0.05067281424999237,-2.072235345840454,0.704527735710144,464.6750183105469,381.0845947265625,163.23348999023438,-0.013761496171355247,0.06427442282438278,2.478149890899658,0.0,0.0,0.0,0,0
1788101083.1932318,12.227969577012118,TRACK,FLOW,/home/eunseop/nrs_imitation/checkpoints/flow/polishing/single_cam/20260827_2128_only90deg/20260828_0341,445.5585021972656,398.051025390625,177.8273162841797,-0.10266370326280594,0.03548918664455414,2.4714419841766357,0.672092854976654,0.20193010568618774,1.1908488273620605,464.6750183105469,381.0845947265625,163.23348999023438,-0.013761496171355247,0.06427442282438278,2.478149890899658,0.0,0.0,0.0,0,0
1788101083.2491062,12.283843862009235,TRACK,FLOW,/home/eunseop/nrs_imitation/checkpoints/flow/polishing/single_cam/20260827_2128_only90deg/20260828_0341,445.3918151855469,398.41387939453125,177.45358276367188,-0.10138125717639923,0.03564057499170303,2.471652030944824,0.6086151599884033,1.2250016927719116,0.3039776682853699,464.6750183105469,381.0845947265625,163.23348999023438,-0.013761496171355247,0.06427442282438278,2.478149890899658,0.0,0.0,0.0,0,0
1788101083.3052309,12.33996853599092,TRACK,FLOW,/home/eunseop/nrs_imitation/checkpoints/flow/polishing/single_cam/20260827_2128_only90deg/20260828_0341,445.17645263671875,398.7872314453125,177.0642852783203,-0.09994727373123169,0.035657428205013275,2.471923351287842,-0.04394231736660004,0.6414249539375305,0.7538612484931946,464.6750183105469,381.0845947265625,163.23348999023438,-0.013761496171355247,0.06427442282438278,2.478149890899658,0.0,0.0,0.0,0,0
1788101083.4889867,12.52372410899261,TRACK,FLOW,/home/eunseop/nrs_imitation/checkpoints/flow/polishing/single_cam/20260827_2128_only90deg/20260828_0341,444.64154052734375,399.95391845703125,175.7913818359375,-0.09580536931753159,0.03618547320365906,2.473118782043457,0.28254711627960205,-2.026439905166626,4.028314590454102,444.64154052734375,399.95391845703125,175.7913818359375,-0.09580536931753159,0.03618547320365906,2.473118782043457,0.0,0.0,-3.483452558517456,1,0
1788101083.6031358,12.637873894011136,TRACK,FLOW,/home/eunseop/nrs_imitation/checkpoints/flow/polishing/single_cam/20260827_2128_only90deg/20260828_0341,444.25677490234375,400.6184387207031,175.12496948242188,-0.09341014921665192,0.03662417456507683,2.473803758621216,-2.02272629737854,0.3341973125934601,8.340533256530762,464.6750183105469,381.0845947265625,163.23348999023438,-0.013761496171355247,0.06427442282438278,2.478149890899658,0.0,0.0,0.0,1,0
1788101083.6033583,12.638095768983476,TRACK,FLOW,/home/eunseop/nrs_imitation/checkpoints/flow/polishing/single_cam/20260827_2128_only90deg/20260828_0341,444.25677490234375,400.6184387207031,175.12496948242188,-0.09341014921665192,0.03662417456507683,2.473803758621216,-2.02272629737854,0.3341973125934601,8.340533256530762,444.25677490234375,400.6184387207031,175.12496948242188,-0.09341014921665192,0.03662417456507683,2.473803758621216,0.0,0.0,-4.395622730255127,1,0
1788101083.6411562,12.6758937779814,TRACK,FLOW,/home/eunseop/nrs_imitation/checkpoints/flow/polishing/single_cam/20260827_2128_only90deg/20260828_0341,444.13427734375,400.9210510253906,174.971923828125,-0.09251978248357773,0.0365324504673481,2.47401762008667,-2.7425308227539062,-0.043232325464487076,9.72847843170166,464.6750183105469,381.0845947265625,163.23348999023438,-0.013761496171355247,0.06427442282438278,2.478149890899658,0.0,0.0,0.0,1,0
1788101083.6971505,12.73188829398714,TRACK,FLOW,/home/eunseop/nrs_imitation/checkpoints/flow/polishing/single_cam/20260827_2128_only90deg/20260828_0341,443.9425048828125,401.22955322265625,174.6753692626953,-0.09129349887371063,0.036822982132434845,2.474426507949829,-3.166486978530884,-2.0651895999908447,14.07079029083252,464.6750183105469,381.0845947265625,163.23348999023438,-0.013761496171355247,0.06427442282438278,2.478149890899658,0.0,0.0,0.0,1,0
1788101083.7694592,12.804196753015276,TRACK,FLOW,/home/eunseop/nrs_imitation/checkpoints/flow/polishing/single_cam/20260827_2128_only90deg/20260828_0341,443.7371826171875,401.6879577636719,174.34996032714844,-0.0895356610417366,0.0369453951716423,2.474928855895996,-5.1277689933776855,1.6793512105941772,22.540830612182617,464.6750183105469,381.0845947265625,163.23348999023438,-0.013761496171355247,0.06427442282438278,2.478149890899658,0.0,0.0,0.0,1,0
1788101083.9370782,12.971815892029554,TRACK,FLOW,/home/eunseop/nrs_imitation/checkpoints/flow/polishing/single_cam/20260827_2128_only90deg/20260828_0341,443.2139892578125,402.69927978515625,173.68980407714844,-0.08556506782770157,0.03720151260495186,2.475379228591919,-12.691271781921387,0.0787501335144043,41.33699035644531,443.2139892578125,402.69927978515625,173.68980407714844,-0.08556506782770157,0.03720151260495186,2.475379228591919,0.0,0.0,-3.939927339553833,1,0
1788101084.0091455,13.043883298989385,TRACK,FLOW,/home/eunseop/nrs_imitation/checkpoints/flow/polishing/single_cam/20260827_2128_only90deg/20260828_0341,443.0101318359375,403.0917053222656,173.44908142089844,-0.08356371521949768,0.03738834336400032,2.4755849838256836,-15.881942749023438,0.5426712036132812,53.739803314208984,464.6750183105469,381.0845947265625,163.23348999023438,-0.013761496171355247,0.06427442282438278,2.478149890899658,0.0,0.0,0.0,1,0
1788101084.073281,13.10801863198867,TRACK,FLOW,/home/eunseop/nrs_imitation/checkpoints/flow/polishing/single_cam/20260827_2128_only90deg/20260828_0341,442.9090270996094,403.43841552734375,173.2294464111328,-0.08172780275344849,0.03780842572450638,2.4759323596954346,-15.031452178955078,-2.3129520416259766,64.46826171875,464.6750183105469,381.0845947265625,163.23348999023438,-0.013761496171355247,0.06427442282438278,2.478149890899658,0.0,0.0,0.0,1,0
1788101084.1130815,13.147819094010629,TRACK,FLOW,/home/eunseop/nrs_imitation/checkpoints/flow/polishing/single_cam/20260827_2128_only90deg/20260828_0341,442.9303894042969,403.66485595703125,173.08242797851562,-0.08069372177124023,0.03784690052270889,2.476219415664673,-4.840639591217041,3.688180685043335,69.05937957763672,464.6750183105469,381.0845947265625,163.23348999023438,-0.013761496171355247,0.06427442282438278,2.478149890899658,0.0,0.0,0.0,1,0
1788101084.1691823,13.20391976297833,TRACK,FLOW,/home/eunseop/nrs_imitation/checkpoints/flow/polishing/single_cam/20260827_2128_only90deg/20260828_0341,442.9052429199219,403.9476318359375,172.92262268066406,-0.07900536805391312,0.03830893337726593,2.476501226425171,-14.998815536499023,0.7972555756568909,82.85942077636719,464.6750183105469,381.0845947265625,163.23348999023438,-0.013761496171355247,0.06427442282438278,2.478149890899658,0.0,0.0,0.0,1,0
1788101084.2172508,13.251988504023757,TRACK,FLOW,/home/eunseop/nrs_imitation/checkpoints/flow/polishing/single_cam/20260827_2128_only90deg/20260828_0341,442.8216247558594,404.1534729003906,172.76431274414062,-0.07750745862722397,0.03869283199310303,2.4766809940338135,-14.603842735290527,11.17910385131836,83.13532257080078,464.6750183105469,381.0845947265625,163.23348999023438,-0.013761496171355247,0.06427442282438278,2.478149890899658,0.0,0.0,0.0,1,0
1788101084.4363177,13.47105517797172,TRACK,FLOW,/home/eunseop/nrs_imitation/checkpoints/flow/polishing/single_cam/20260827_2128_only90deg/20260828_0341,441.7565002441406,404.61651611328125,172.6017608642578,-0.07276015728712082,0.0398605577647686,2.477196216583252,-8.486145973205566,4.572421073913574,84.5509262084961,441.7565002441406,404.61651611328125,172.6017608642578,-0.07276015728712082,0.0398605577647686,2.477196216583252,0.0,0.0,15.294330596923828,1,0
1788101084.5212715,13.556009032006841,TRACK,FLOW,/home/eunseop/nrs_imitation/checkpoints/flow/polishing/single_cam/20260827_2128_only90deg/20260828_0341,441.4000549316406,405.0440979003906,172.2139129638672,-0.06667118519544601,0.041973214596509933,2.477729320526123,-35.25295639038086,5.694224834442139,115.05663299560547,490.34063720703125,350.38470458984375,172.94354248046875,-0.021270714700222015,0.06251206248998642,2.431563138961792,0.0,0.0,0.0,1,0
1788101084.7852948,13.82003247202374,TRACK,FLOW,/home/eunseop/nrs_imitation/checkpoints/flow/polishing/single_cam/20260827_2128_only90deg/20260828_0341,441.224365234375,404.1676330566406,172.33677673339844,-0.05411630496382713,0.04647064208984375,2.4781861305236816,-32.561710357666016,-0.9706037044525146,106.43072509765625,487.062744140625,350.82440185546875,180.75714111328125,-0.03815805912017822,0.05827236548066139,2.425784111022949,0.0,0.0,0.0,1,0
1788101085.2250922,14.259829593996983,TRACK,FLOW,/home/eunseop/nrs_imitation/checkpoints/flow/polishing/single_cam/20260827_2128_only90deg/20260828_0341,442.48553466796875,400.30126953125,172.23977661132812,-0.03847634419798851,0.05617788806557655,2.4770336151123047,-22.775365829467773,-14.209683418273926,103.71953582763672,487.062744140625,350.82440185546875,180.75714111328125,-0.03815805912017822,0.05827236548066139,2.425784111022949,0.0,0.0,0.0,1,0
1788101085.2964616,14.331199095991906,TRACK,FLOW,/home/eunseop/nrs_imitation/checkpoints/flow/polishing/single_cam/20260827_2128_only90deg/20260828_0341,442.7692565917969,399.87274169921875,172.387451171875,-0.037498485296964645,0.056748613715171814,2.477119207382202,-28.715742111206055,-8.817765235900879,99.35942077636719,487.062744140625,350.82440185546875,180.75714111328125,-0.03815805912017822,0.05827236548066139,2.425784111022949,0.0,0.0,0.0,1,0
1788101085.3613865,14.39612400799524,TRACK,FLOW,/home/eunseop/nrs_imitation/checkpoints/flow/polishing/single_cam/20260827_2128_only90deg/20260828_0341,443.1078796386719,399.1489562988281,172.5768585205078,-0.035924337804317474,0.05784562975168228,2.476665496826172,-23.869640350341797,-7.015330791473389,87.74748992919922,487.062744140625,350.82440185546875,180.75714111328125,-0.03815805912017822,0.05827236548066139,2.425784111022949,0.0,0.0,0.0,1,0
1788101085.4251113,14.459848993981723,TRACK,FLOW,/home/eunseop/nrs_imitation/checkpoints/flow/polishing/single_cam/20260827_2128_only90deg/20260828_0341,443.4273986816406,398.689208984375,172.78890991210938,-0.034978237003088,0.05824714154005051,2.47634220123291,-12.082016944885254,-1.122375249862671,78.17557525634766,487.062744140625,350.82440185546875,180.75714111328125,-0.03815805912017822,0.05827236548066139,2.425784111022949,0.0,0.0,0.0,1,0
1788101085.489086,14.523823528026696,TRACK,FLOW,/home/eunseop/nrs_imitation/checkpoints/flow/polishing/single_cam/20260827_2128_only90deg/20260828_0341,443.7266845703125,398.1893005371094,172.92384338378906,-0.033881932497024536,0.05865125358104706,2.475994825363159,-11.026191711425781,-2.451073408126831,64.42558288574219,487.062744140625,350.82440185546875,180.75714111328125,-0.03815805912017822,0.05827236548066139,2.425784111022949,0.0,0.0,0.0,1,0
1788101085.5612276,14.595965208020061,TRACK,FLOW,/home/eunseop/nrs_imitation/checkpoints/flow/polishing/single_cam/20260827_2128_only90deg/20260828_0341,444.13079833984375,397.6978759765625,173.1264190673828,-0.03288007527589798,0.05894060432910919,2.4758265018463135,-12.483763694763184,1.1255310773849487,53.82019805908203,487.062744140625,350.82440185546875,180.75714111328125,-0.03815805912017822,0.05827236548066139,2.425784111022949,0.0,0.0,0.0,1,0
1788101085.6252294,14.659967062994838,TRACK,FLOW,/home/eunseop/nrs_imitation/checkpoints/flow/polishing/single_cam/20260827_2128_only90deg/20260828_0341,444.43646240234375,397.23370361328125,173.28695678710938,-0.03181861713528633,0.05908983573317528,2.4754788875579834,-12.690128326416016,-1.0232162475585938,46.81733703613281,487.062744140625,350.82440185546875,180.75714111328125,-0.03815805912017822,0.05827236548066139,2.425784111022949,0.0,0.0,0.0,1,0
1788101085.8250923,14.859829893975984,TRACK,FLOW,/home/eunseop/nrs_imitation/checkpoints/flow/polishing/single_cam/20260827_2128_only90deg/20260828_0341,445.5019226074219,395.87518310546875,173.7635498046875,-0.028566014021635056,0.05915768817067146,2.474672555923462,-8.296960830688477,-1.0514678955078125,27.013051986694336,487.062744140625,350.82440185546875,180.75714111328125,-0.03815805912017822,0.05827236548066139,2.425784111022949,0.0,0.0,0.0,1,0
1788101085.8974555,14.932193248008844,TRACK,FLOW,/home/eunseop/nrs_imitation/checkpoints/flow/polishing/single_cam/20260827_2128_only90deg/20260828_0341,445.9914855957031,395.44232177734375,173.88063049316406,-0.02778245322406292,0.05905556306242943,2.4748167991638184,-4.709604740142822,1.8471968173980713,24.346506118774414,487.062744140625,350.82440185546875,180.75714111328125,-0.03815805912017822,0.05827236548066139,2.425784111022949,0.0,0.0,0.0,1,0
1788101085.9530892,14.98782687302446,TRACK,FLOW,/home/eunseop/nrs_imitation/checkpoints/flow/polishing/single_cam/20260827_2128_only90deg/20260828_0341,446.4277648925781,395.0229797363281,173.95448303222656,-0.027304058894515038,0.059178754687309265,2.4748282432556152,-8.523706436157227,-0.9837105870246887,22.403051376342773,487.062744140625,350.82440185546875,180.75714111328125,-0.03815805912017822,0.05827236548066139,2.425784111022949,0.0,0.0,0.0,1,0
1788101086.0253062,15.060043857025448,TRACK,FLOW,/home/eunseop/nrs_imitation/checkpoints/flow/polishing/single_cam/20260827_2128_only90deg/20260828_0341,447.00775146484375,394.63494873046875,174.03199768066406,-0.026748480275273323,0.059161681681871414,2.4747328758239746,-5.329831600189209,-0.5283184051513672,21.657033920288086,487.062744140625,350.82440185546875,180.75714111328125,-0.03815805912017822,0.05827236548066139,2.425784111022949,0.0,0.0,0.0,1,0
1788101086.0810835,15.115821275976487,TRACK,FLOW,/home/eunseop/nrs_imitation/checkpoints/flow/polishing/single_cam/20260827_2128_only90deg/20260828_0341,447.4688720703125,394.3205261230469,174.08377075195312,-0.026232866570353508,0.0591731034219265,2.4746246337890625,-6.118865966796875,-0.8448404669761658,19.176456451416016,487.062744140625,350.82440185546875,180.75714111328125,-0.03815805912017822,0.05827236548066139,2.425784111022949,0.0,0.0,0.0,1,0
1788101086.2331436,15.267881234991364,TRACK,FLOW,/home/eunseop/nrs_imitation/checkpoints/flow/polishing/single_cam/20260827_2128_only90deg/20260828_0341,448.6509704589844,393.36798095703125,174.2537841796875,-0.025154568254947662,0.05946322903037071,2.47440767288208,-4.547515869140625,0.19181519746780396,18.373010635375977,448.6509704589844,393.36798095703125,174.2537841796875,-0.025154568254947662,0.05946322903037071,2.47440767288208,0.0,0.0,14.653600692749023,1,0
1788101086.337346,15.372083657013718,TRACK,FLOW,/home/eunseop/nrs_imitation/checkpoints/flow/polishing/single_cam/20260827_2128_only90deg/20260828_0341,449.3775939941406,392.63653564453125,174.28619384765625,-0.024473050609230995,0.059735849499702454,2.474191188812256,-4.559990406036377,0.7448233366012573,16.124210357666016,487.062744140625,350.82440185546875,180.75714111328125,-0.03815805912017822,0.05827236548066139,2.425784111022949,0.0,0.0,0.0,1,0
1788101086.3931358,15.42787385097472,TRACK,FLOW,/home/eunseop/nrs_imitation/checkpoints/flow/polishing/single_cam/20260827_2128_only90deg/20260828_0341,449.76910400390625,392.2468566894531,174.31796264648438,-0.024079546332359314,0.0597289577126503,2.473986864089966,-6.002793312072754,-0.8773055076599121,16.405736923217773,487.062744140625,350.82440185546875,180.75714111328125,-0.03815805912017822,0.05827236548066139,2.425784111022949,0.0,0.0,0.0,1,0
1788101086.6251192,15.659856717975345,TRACK,FLOW,/home/eunseop/nrs_imitation/checkpoints/flow/polishing/single_cam/20260827_2128_only90deg/20260828_0341,451.3766174316406,390.720703125,174.27685546875,-0.022377541288733482,0.0597606860101223,2.4738056659698486,-4.00084114074707,0.29513978958129883,15.652366638183594,487.062744140625,350.82440185546875,180.75714111328125,-0.03815805912017822,0.05827236548066139,2.425784111022949,0.0,0.0,0.0,1,0
1788101086.6813068,15.716044622997288,TRACK,FLOW,/home/eunseop/nrs_imitation/checkpoints/flow/polishing/single_cam/20260827_2128_only90deg/20260828_0341,451.8025817871094,390.3681945800781,174.26873779296875,-0.022180592641234398,0.0598270446062088,2.473626136779785,-4.61257266998291,-1.9481531381607056,17.657621383666992,487.062744140625,350.82440185546875,180.75714111328125,-0.03815805912017822,0.05827236548066139,2.425784111022949,0.0,0.0,0.0,1,0
1788101086.9293785,15.964116021990776,TRACK,FLOW,/home/eunseop/nrs_imitation/checkpoints/flow/polishing/single_cam/20260827_2128_only90deg/20260828_0341,453.5348205566406,388.7849426269531,174.30479431152344,-0.02086482383310795,0.060178183019161224,2.4736006259918213,-2.9491465091705322,-1.8038055896759033,18.064041137695312,487.062744140625,350.82440185546875,180.75714111328125,-0.03815805912017822,0.05827236548066139,2.425784111022949,0.0,0.0,0.0,1,0
1788101086.985083,16.01982051198138,TRACK,FLOW,/home/eunseop/nrs_imitation/checkpoints/flow/polishing/single_cam/20260827_2128_only90deg/20260828_0341,453.8885498046875,388.4008483886719,174.31198120117188,-0.02063734270632267,0.06023705005645752,2.4735283851623535,-3.103675365447998,-0.49797704815864563,15.620022773742676,487.062744140625,350.82440185546875,180.75714111328125,-0.03815805912017822,0.05827236548066139,2.425784111022949,0.0,0.0,0.0,1,0
1788101087.2411044,16.27584196202224,TRACK,FLOW,/home/eunseop/nrs_imitation/checkpoints/flow/polishing/single_cam/20260827_2128_only90deg/20260828_0341,454.94915771484375,387.3517150878906,174.40170288085938,-0.019741004332900047,0.060381241142749786,2.472975969314575,-3.234079599380493,-2.1097493171691895,16.30817413330078,487.062744140625,350.82440185546875,180.75714111328125,-0.03815805912017822,0.05827236548066139,2.425784111022949,0.0,0.0,0.0,1,0
1788101087.2890916,16.323828985972796,TRACK,FLOW,/home/eunseop/nrs_imitation/checkpoints/flow/polishing/single_cam/20260827_2128_only90deg/20260828_0341,454.9778137207031,387.29437255859375,174.38165283203125,-0.019809864461421967,0.06054726615548134,2.47308349609375,-4.835595607757568,-0.3802938759326935,14.991105079650879,487.062744140625,350.82440185546875,180.75714111328125,-0.03815805912017822,0.05827236548066139,2.425784111022949,0.0,0.0,0.0,1,0
1788101087.3451393,16.37987671297742,TRACK,FLOW,/home/eunseop/nrs_imitation/checkpoints/flow/polishing/single_cam/20260827_2128_only90deg/20260828_0341,454.9739990234375,387.2854919433594,174.41111755371094,-0.01967003382742405,0.06057961657643318,2.473034381866455,-3.1596059799194336,-2.273689031600952,15.610079765319824,487.062744140625,350.82440185546875,180.75714111328125,-0.03815805912017822,0.05827236548066139,2.425784111022949,0.0,0.0,0.0,1,0
1788101087.6331832,16.667921363026835,TRACK,FLOW,/home/eunseop/nrs_imitation/checkpoints/flow/polishing/single_cam/20260827_2128_only90deg/20260828_0341,455.1004943847656,387.323486328125,174.44064331054688,-0.019624026492238045,0.06059187278151512,2.4731056690216064,-2.1239006519317627,-1.8932368755340576,15.225736618041992,487.062744140625,350.82440185546875,180.75714111328125,-0.03815805912017822,0.05827236548066139,2.425784111022949,0.0,0.0,0.0,1,0
1788101087.6890783,16.72381584602408,TRACK,FLOW,/home/eunseop/nrs_imitation/checkpoints/flow/polishing/single_cam/20260827_2128_only90deg/20260828_0341,455.1166076660156,387.28558349609375,174.3912353515625,-0.019598862156271935,0.06068381294608116,2.4730935096740723,-2.671055555343628,0.06176387891173363,15.187142372131348,487.062744140625,350.82440185546875,180.75714111328125,-0.03815805912017822,0.05827236548066139,2.425784111022949,0.0,0.0,0.0,1,0
1788101087.7452483,16.779985757020768,TRACK,FLOW,/home/eunseop/nrs_imitation/checkpoints/flow/polishing/single_cam/20260827_2128_only90deg/20260828_0341,455.138916015625,387.3499450683594,174.43614196777344,-0.019535034894943237,0.060540005564689636,2.4731056690216064,-3.8401918411254883,-0.9790779948234558,14.193805694580078,487.062744140625,350.82440185546875,180.75714111328125,-0.03815805912017822,0.05827236548066139,2.425784111022949,0.0,0.0,0.0,1,0
1788101088.0331564,17.067893955972977,TRACK,FLOW,/home/eunseop/nrs_imitation/checkpoints/flow/polishing/single_cam/20260827_2128_only90deg/20260828_0341,455.2455749511719,387.3749694824219,174.43362426757812,-0.019552934914827347,0.060644201934337616,2.4730820655822754,-4.36480188369751,-2.7714571952819824,15.390990257263184,487.062744140625,350.82440185546875,180.75714111328125,-0.03815805912017822,0.05827236548066139,2.425784111022949,0.0,0.0,0.0,1,0
1788101088.089252,17.12399001501035,TRACK,FLOW,/home/eunseop/nrs_imitation/checkpoints/flow/polishing/single_cam/20260827_2128_only90deg/20260828_0341,455.21539306640625,387.3553466796875,174.4148712158203,-0.01949601247906685,0.060678403824567795,2.4730935096740723,-2.378946542739868,-2.1805944442749023,14.917930603027344,487.062744140625,350.82440185546875,180.75714111328125,-0.03815805912017822,0.05827236548066139,2.425784111022949,0.0,0.0,0.0,1,0
1788101088.153189,17.187926495971624,TRACK,FLOW,/home/eunseop/nrs_imitation/checkpoints/flow/polishing/single_cam/20260827_2128_only90deg/20260828_0341,455.2821350097656,387.403076171875,174.46258544921875,-0.01955806463956833,0.06054900586605072,2.4730587005615234,-3.1084015369415283,-2.11446475982666,15.37222957611084,487.062744140625,350.82440185546875,180.75714111328125,-0.03815805912017822,0.05827236548066139,2.425784111022949,0.0,0.0,0.0,1,0
1788101088.1930811,17.22781871201005,TRACK,FLOW,/home/eunseop/nrs_imitation/checkpoints/flow/polishing/single_cam/20260827_2128_only90deg/20260828_0341,455.2913818359375,387.4119873046875,174.4307861328125,-0.0195796936750412,0.06058904156088829,2.473142623901367,-2.451580762863159,-1.8604388236999512,15.39846420288086,487.062744140625,350.82440185546875,180.75714111328125,-0.03815805912017822,0.05827236548066139,2.425784111022949,0.0,0.0,0.0,1,0
1788101088.2490966,17.283834127010778,TRACK,FLOW,/home/eunseop/nrs_imitation/checkpoints/flow/polishing/single_cam/20260827_2128_only90deg/20260828_0341,455.3293151855469,387.38995361328125,174.4539031982422,-0.019504932686686516,0.06054035574197769,2.4730944633483887,-0.7568302154541016,-1.3526331186294556,12.655069351196289,487.062744140625,350.82440185546875,180.75714111328125,-0.03815805912017822,0.05827236548066139,2.425784111022949,0.0,0.0,0.0,1,0
1788101088.305184,17.33992166002281,TRACK,FLOW,/home/eunseop/nrs_imitation/checkpoints/flow/polishing/single_cam/20260827_2128_only90deg/20260828_0341,455.5455017089844,387.31158447265625,174.5587615966797,-0.019169604405760765,0.06058625876903534,2.4740753173828125,-4.082714080810547,-0.12905468046665192,11.181710243225098,487.062744140625,350.82440185546875,180.75714111328125,-0.03815805912017822,0.05827236548066139,2.425784111022949,0.0,0.0,0.0,1,0
1788101088.4409997,17.47573744802503,TRACK,FLOW,/home/eunseop/nrs_imitation/checkpoints/flow/polishing/single_cam/20260827_2128_only90deg/20260828_0341,456.4063415527344,386.5513916015625,174.865478515625,-0.01779944635927677,0.06177777796983719,2.4781739711761475,-3.094683885574341,-0.32512539625167847,8.305816650390625,456.4063415527344,386.5513916015625,174.865478515625,-0.01779944635927677,0.06177777796983719,2.4781739711761475,0.0,0.0,16.110044479370117,1,0
1788101088.5533197,17.588057330984157,TRACK,FLOW,/home/eunseop/nrs_imitation/checkpoints/flow/polishing/single_cam/20260827_2128_only90deg/20260828_0341,457.185302734375,385.9100341796875,174.76348876953125,-0.017232339829206467,0.062186699360609055,2.480424165725708,-1.9536038637161255,-0.7464959621429443,9.00930404663086,487.062744140625,350.82440185546875,180.75714111328125,-0.03815805912017822,0.05827236548066139,2.425784111022949,0.0,0.0,0.0,1,0
1788101088.6260555,17.660792896989733,TRACK,FLOW,/home/eunseop/nrs_imitation/checkpoints/flow/polishing/single_cam/20260827_2128_only90deg/20260828_0341,457.307373046875,385.83441162109375,174.7482452392578,-0.017133524641394615,0.06205809488892555,2.480400562286377,-2.3812458515167236,0.2621016502380371,8.963057518005371,457.307373046875,385.83441162109375,174.7482452392578,-0.017133524641394615,0.06205809488892555,2.480400562286377,0.0,0.0,1.7498211860656738,1,0
1788101088.6332781,17.668015737028327,TRACK,FLOW,/home/eunseop/nrs_imitation/checkpoints/flow/polishing/single_cam/20260827_2128_only90deg/20260828_0341,457.7602233886719,385.52935791015625,174.6295166015625,-0.016922254115343094,0.06181376427412033,2.48042631149292,-2.3802874088287354,0.6995738744735718,10.246131896972656,490.8229675292969,352.19488525390625,166.50306701660156,0.011280947364866734,0.07488126307725906,2.445138692855835,0.0,0.0,0.0,1,0
1788101089.0412679,18.076005548995454,TRACK,FLOW,/home/eunseop/nrs_imitation/checkpoints/flow/polishing/single_cam/20260827_2128_only90deg/20260828_0341,460.4939880371094,382.6964111328125,174.25222778320312,-0.015086797066032887,0.06292062252759933,2.479315757751465,-1.9143013954162598,-2.870725631713867,22.387617111206055,490.8229675292969,352.19488525390625,166.50306701660156,0.011280947364866734,0.07488126307725906,2.445138692855835,0.0,0.0,0.0,1,0
1788101089.0413916,18.076129155990202,TRACK,FLOW,/home/eunseop/nrs_imitation/checkpoints/flow/polishing/single_cam/20260827_2128_only90deg/20260828_0341,460.4939880371094,382.6964111328125,174.25222778320312,-0.015086797066032887,0.06292062252759933,2.479315757751465,-1.9143013954162598,-2.870725631713867,22.387617111206055,460.4939880371094,382.6964111328125,174.25222778320312,-0.015086797066032887,0.06292062252759933,2.479315757751465,0.0,0.0,23.81902503967285,1,0
1788101089.1051824,18.139920077985153,TRACK,FLOW,/home/eunseop/nrs_imitation/checkpoints/flow/polishing/single_cam/20260827_2128_only90deg/20260828_0341,460.927001953125,382.2270812988281,174.24420166015625,-0.01489544939249754,0.06310984492301941,2.4790751934051514,-2.091259717941284,-2.319641351699829,21.546533584594727,490.8229675292969,352.19488525390625,166.50306701660156,0.011280947364866734,0.07488126307725906,2.445138692855835,0.0,0.0,0.0,1,0
1788101089.1613917,18.196129473973997,TRACK,FLOW,/home/eunseop/nrs_imitation/checkpoints/flow/polishing/single_cam/20260827_2128_only90deg/20260828_0341,461.2799377441406,381.85345458984375,174.27330017089844,-0.014672462828457355,0.06333447992801666,2.478882074356079,-5.659786701202393,0.7946800589561462,18.70515251159668,490.8229675292969,352.19488525390625,166.50306701660156,0.011280947364866734,0.07488126307725906,2.445138692855835,0.0,0.0,0.0,1,0
1788101089.217255,18.251992768025957,TRACK,FLOW,/home/eunseop/nrs_imitation/checkpoints/flow/polishing/single_cam/20260827_2128_only90deg/20260828_0341,461.6220703125,381.4595947265625,174.3331756591797,-0.014449305832386017,0.06350651383399963,2.4785449504852295,-5.668490409851074,-0.978324294090271,18.813705444335938,490.8229675292969,352.19488525390625,166.50306701660156,0.011280947364866734,0.07488126307725906,2.445138692855835,0.0,0.0,0.0,1,0
1788101089.273393,18.3081305869855,TRACK,FLOW,/home/eunseop/nrs_imitation/checkpoints/flow/polishing/single_cam/20260827_2128_only90deg/20260828_0341,461.96575927734375,381.067626953125,174.3100128173828,-0.014155600219964981,0.06367923319339752,2.4783031940460205,-2.827810287475586,-1.872480869293213,20.05621337890625,490.8229675292969,352.19488525390625,166.50306701660156,0.011280947364866734,0.07488126307725906,2.445138692855835,0.0,0.0,0.0,1,0
1788101089.545216,18.57995376898907,TRACK,FLOW,/home/eunseop/nrs_imitation/checkpoints/flow/polishing/single_cam/20260827_2128_only90deg/20260828_0341,462.4053955078125,380.5687255859375,174.18899536132812,-0.013876037672162056,0.06412196159362793,2.4780967235565186,-2.888310670852661,1.567332148551941,20.92951774597168,490.8229675292969,352.19488525390625,166.50306701660156,0.011280947364866734,0.07488126307725906,2.445138692855835,0.0,0.0,0.0,1,0
1788101089.6172407,18.651978173991665,TRACK,FLOW,/home/eunseop/nrs_imitation/checkpoints/flow/polishing/single_cam/20260827_2128_only90deg/20260828_0341,462.43408203125,380.56915283203125,174.1873016357422,-0.013916272670030594,0.06408485770225525,2.478121042251587,-4.443445205688477,-2.152523994445801,23.143762588500977,490.8229675292969,352.19488525390625,166.50306701660156,0.011280947364866734,0.07488126307725906,2.445138692855835,0.0,0.0,0.0,1,0
1788101089.8335342,18.868271971994545,TRACK,FLOW,/home/eunseop/nrs_imitation/checkpoints/flow/polishing/single_cam/20260827_2128_only90deg/20260828_0341,462.4234313964844,380.56402587890625,174.12757873535156,-0.013846061192452908,0.06408780068159103,2.4782521724700928,-5.5313944816589355,-2.7944793701171875,26.962446212768555,490.8229675292969,352.19488525390625,166.50306701660156,0.011280947364866734,0.07488126307725906,2.445138692855835,0.0,0.0,0.0,1,0
1788101089.897261,18.93199835100677,TRACK,FLOW,/home/eunseop/nrs_imitation/checkpoints/flow/polishing/single_cam/20260827_2128_only90deg/20260828_0341,462.4134216308594,380.5142822265625,174.08670043945312,-0.013770180754363537,0.06418230384588242,2.478191375732422,-5.134093761444092,-3.0218582153320312,27.411434173583984,490.8229675292969,352.19488525390625,166.50306701660156,0.011280947364866734,0.07488126307725906,2.445138692855835,0.0,0.0,0.0,1,0
1788101089.9371488,18.971887311025057,TRACK,FLOW,/home/eunseop/nrs_imitation/checkpoints/flow/polishing/single_cam/20260827_2128_only90deg/20260828_0341,462.4210510253906,380.548095703125,174.12518310546875,-0.01384081318974495,0.06410393863916397,2.478264093399048,-3.599884510040283,-2.2215263843536377,26.312471389770508,490.8229675292969,352.19488525390625,166.50306701660156,0.011280947364866734,0.07488126307725906,2.445138692855835,0.0,0.0,0.0,1,0
1788101090.009225,19.043962343013845,TRACK,FLOW,/home/eunseop/nrs_imitation/checkpoints/flow/polishing/single_cam/20260827_2128_only90deg/20260828_0341,462.4413757324219,380.5170593261719,174.10873413085938,-0.013814002275466919,0.06419525295495987,2.4782276153564453,-8.573890686035156,0.18600568175315857,25.399675369262695,490.8229675292969,352.19488525390625,166.50306701660156,0.011280947364866734,0.07488126307725906,2.445138692855835,0.0,0.0,0.0,1,0
1788101090.0653677,19.10010543197859,TRACK,FLOW,/home/eunseop/nrs_imitation/checkpoints/flow/polishing/single_cam/20260827_2128_only90deg/20260828_0341,462.3918151855469,380.5112609863281,174.100341796875,-0.013829173520207405,0.06427814811468124,2.478250741958618,-3.439786672592163,-1.8470475673675537,26.966650009155273,490.8229675292969,352.19488525390625,166.50306701660156,0.011280947364866734,0.07488126307725906,2.445138692855835,0.0,0.0,0.0,1,0
1788101090.3371587,19.371896412980277,TRACK,FLOW,/home/eunseop/nrs_imitation/checkpoints/flow/polishing/single_cam/20260827_2128_only90deg/20260828_0341,462.31549072265625,380.37420654296875,174.11767578125,-0.013670425862073898,0.06469134241342545,2.4781744480133057,-5.171077728271484,2.14697265625,22.94938850402832,490.8229675292969,352.19488525390625,166.50306701660156,0.011280947364866734,0.07488126307725906,2.445138692855835,0.0,0.0,0.0,1,0
1788101090.4011962,19.4359339060029,TRACK,FLOW,/home/eunseop/nrs_imitation/checkpoints/flow/polishing/single_cam/20260827_2128_only90deg/20260828_0341,462.30950927734375,380.3686828613281,174.16836547851562,-0.013690246269106865,0.06467973440885544,2.47818660736084,-5.083499431610107,-0.021426957100629807,23.11335563659668,490.8229675292969,352.19488525390625,166.50306701660156,0.011280947364866734,0.07488126307725906,2.445138692855835,0.0,0.0,0.0,1,0
1788101090.4411159,19.47585354500916,TRACK,FLOW,/home/eunseop/nrs_imitation/checkpoints/flow/polishing/single_cam/20260827_2128_only90deg/20260828_0341,462.30615234375,380.3903503417969,174.1767578125,-0.013646872714161873,0.06466557085514069,2.478114366531372,-5.729176998138428,0.3533775806427002,21.1485652923584,490.8229675292969,352.19488525390625,166.50306701660156,0.011280947364866734,0.07488126307725906,2.445138692855835,0.0,0.0,0.0,1,0
1788101090.4972463,19.531984000001103,TRACK,FLOW,/home/eunseop/nrs_imitation/checkpoints/flow/polishing/single_cam/20260827_2128_only90deg/20260828_0341,462.31805419921875,380.3656921386719,174.1757049560547,-0.013677951879799366,0.06466102600097656,2.4781627655029297,-4.500290870666504,-2.3585479259490967,24.072895050048828,490.8229675292969,352.19488525390625,166.50306701660156,0.011280947364866734,0.07488126307725906,2.445138692855835,0.0,0.0,0.0,1,0
1788101090.5531452,19.587882601015735,TRACK,FLOW,/home/eunseop/nrs_imitation/checkpoints/flow/polishing/single_cam/20260827_2128_only90deg/20260828_0341,462.34930419921875,380.3436279296875,174.16978454589844,-0.013746877200901508,0.06470878422260284,2.4780914783477783,-2.8332231044769287,-0.6744884252548218,21.9088191986084,490.8229675292969,352.19488525390625,166.50306701660156,0.011280947364866734,0.07488126307725906,2.445138692855835,0.0,0.0,0.0,1,0
1788101090.841109,19.875846496026497,TRACK,FLOW,/home/eunseop/nrs_imitation/checkpoints/flow/polishing/single_cam/20260827_2128_only90deg/20260828_0341,462.3732604980469,380.48193359375,174.16085815429688,-0.013772526755928993,0.06424573808908463,2.4781665802001953,-6.370184421539307,-0.5610526204109192,22.2835750579834,490.8229675292969,352.19488525390625,166.50306701660156,0.011280947364866734,0.07488126307725906,2.445138692855835,0.0,0.0,0.0,1,0
1788101090.9134293,19.94816691701999,TRACK,FLOW,/home/eunseop/nrs_imitation/checkpoints/flow/polishing/single_cam/20260827_2128_only90deg/20260828_0341,462.3948669433594,380.4876403808594,174.12686157226562,-0.01383563969284296,0.06419595330953598,2.478107452392578,-2.562845230102539,-1.0366253852844238,22.55082893371582,490.8229675292969,352.19488525390625,166.50306701660156,0.011280947364866734,0.07488126307725906,2.445138692855835,0.0,0.0,0.0,1,0
1788101091.1612906,20.19602838298306,TRACK,FLOW,/home/eunseop/nrs_imitation/checkpoints/flow/polishing/single_cam/20260827_2128_only90deg/20260828_0341,462.5025329589844,379.4720458984375,174.5525360107422,-0.008178545162081718,0.06367935985326767,2.47351336479187,-4.549909591674805,0.513312041759491,12.417763710021973,490.8229675292969,352.19488525390625,166.50306701660156,0.011280947364866734,0.07488126307725906,2.445138692855835,0.0,0.0,0.0,1,0
1788101091.2170906,20.25182813499123,TRACK,FLOW,/home/eunseop/nrs_imitation/checkpoints/flow/polishing/single_cam/20260827_2128_only90deg/20260828_0341,462.6590576171875,379.15985107421875,174.70106506347656,-0.005619597155600786,0.06316878646612167,2.4713666439056396,-3.4179022312164307,-1.1138968467712402,8.97640323638916,490.8229675292969,352.19488525390625,166.50306701660156,0.011280947364866734,0.07488126307725906,2.445138692855835,0.0,0.0,0.0,1,0
1788101091.2570362,20.29177405399969,TRACK,FLOW,/home/eunseop/nrs_imitation/checkpoints/flow/polishing/single_cam/20260827_2128_only90deg/20260828_0341,462.8240661621094,378.9387512207031,174.70684814453125,-0.003968745935708284,0.06267201155424118,2.469888925552368,-1.8180938959121704,-1.170356035232544,9.73359489440918,462.8240661621094,378.9387512207031,174.70684814453125,-0.003968745935708284,0.06267201155424118,2.469888925552368,0.0,0.0,24.813274383544922,1,0
1788101091.2731388,20.307876352977473,TRACK,FLOW,/home/eunseop/nrs_imitation/checkpoints/flow/polishing/single_cam/20260827_2128_only90deg/20260828_0341,462.89459228515625,378.8318786621094,174.6218719482422,-0.0034284540452063084,0.06262432783842087,2.4694035053253174,-1.881280541419983,-1.8000301122665405,11.281757354736328,490.8229675292969,352.19488525390625,166.50306701660156,0.011280947364866734,0.07488126307725906,2.445138692855835,0.0,0.0,0.0,1,0
1788101091.3771248,20.41186251101317,TRACK,FLOW,/home/eunseop/nrs_imitation/checkpoints/flow/polishing/single_cam/20260827_2128_only90deg/20260828_0341,463.8531494140625,378.8114929199219,173.58773803710938,-0.002601099433377385,0.0600019246339798,2.4676458835601807,-5.591463565826416,-1.7469444274902344,48.03233337402344,490.8229675292969,352.19488525390625,166.50306701660156,0.011280947364866734,0.07488126307725906,2.445138692855835,0.0,0.0,0.0,1,0
1788101091.4332194,20.46795718697831,TRACK,FLOW,/home/eunseop/nrs_imitation/checkpoints/flow/polishing/single_cam/20260827_2128_only90deg/20260828_0341,464.0347900390625,378.2350769042969,173.7316131591797,-0.0023061742540448904,0.060720402747392654,2.467073440551758,-9.527440071105957,-5.264799118041992,39.640342712402344,490.8229675292969,352.19488525390625,166.50306701660156,0.011280947364866734,0.07488126307725906,2.445138692855835,0.0,0.0,0.0,1,0
1788101091.6656537,20.700391926977318,TRACK,FLOW,/home/eunseop/nrs_imitation/checkpoints/flow/polishing/single_cam/20260827_2128_only90deg/20260828_0341,465.2605285644531,376.2124938964844,173.88742065429688,-0.002095765434205532,0.06239926069974899,2.465636968612671,-5.597831726074219,3.314666986465454,30.73506736755371,490.8229675292969,352.19488525390625,166.50306701660156,0.011280947364866734,0.07488126307725906,2.445138692855835,0.0,0.0,0.0,1,0
1788101091.7211146,20.75585257000057,TRACK,FLOW,/home/eunseop/nrs_imitation/checkpoints/flow/polishing/single_cam/20260827_2128_only90deg/20260828_0341,465.59912109375,375.81097412109375,173.8782196044922,-0.002095615491271019,0.06271623075008392,2.465383768081665,-8.806143760681152,-2.636871576309204,32.783878326416016,490.8229675292969,352.19488525390625,166.50306701660156,0.011280947364866734,0.07488126307725906,2.445138692855835,0.0,0.0,0.0,1,0
1788101091.777246,20.811983465973753,TRACK,FLOW,/home/eunseop/nrs_imitation/checkpoints/flow/polishing/single_cam/20260827_2128_only90deg/20260828_0341,465.9788818359375,375.44384765625,173.95175170898438,-0.0022472443524748087,0.06269270181655884,2.464716911315918,-4.443042755126953,-1.3160361051559448,30.09152603149414,490.8229675292969,352.19488525390625,166.50306701660156,0.011280947364866734,0.07488126307725906,2.445138692855835,0.0,0.0,0.0,1,0
1788101092.049079,21.08381667698268,TRACK,FLOW,/home/eunseop/nrs_imitation/checkpoints/flow/polishing/single_cam/20260827_2128_only90deg/20260828_0341,467.62884521484375,373.5489501953125,174.13119506835938,-0.0025361422449350357,0.06366409361362457,2.4616286754608154,-5.90995454788208,-2.084284543991089,24.417219161987305,490.8229675292969,352.19488525390625,166.50306701660156,0.011280947364866734,0.07488126307725906,2.445138692855835,0.0,0.0,0.0,1,0
1788101092.0971763,21.1319137919927,TRACK,FLOW,/home/eunseop/nrs_imitation/checkpoints/flow/polishing/single_cam/20260827_2128_only90deg/20260828_0341,467.94232177734375,373.202392578125,174.08673095703125,-0.002570586046203971,0.06375988572835922,2.4612467288970947,-5.858914375305176,2.16152024269104,24.304073333740234,490.8229675292969,352.19488525390625,166.50306701660156,0.011280947364866734,0.07488126307725906,2.445138692855835,0.0,0.0,0.0,1,0
1788101092.3532557,21.38799331098562,TRACK,FLOW,/home/eunseop/nrs_imitation/checkpoints/flow/polishing/single_cam/20260827_2128_only90deg/20260828_0341,469.8034362792969,371.50921630859375,174.1437225341797,-0.003196953097358346,0.06407927721738815,2.4593920707702637,-5.35325813293457,0.5247288346290588,21.714815139770508,490.8229675292969,352.19488525390625,166.50306701660156,0.011280947364866734,0.07488126307725906,2.445138692855835,0.0,0.0,0.0,1,0
1788101092.3851259,21.41986355901463,TRACK,FLOW,/home/eunseop/nrs_imitation/checkpoints/flow/polishing/single_cam/20260827_2128_only90deg/20260828_0341,470.032958984375,371.2680358886719,174.1319122314453,-0.003411012003198266,0.06417371332645416,2.4590954780578613,-4.975930213928223,-1.7162872552871704,25.599897384643555,470.032958984375,371.2680358886719,174.1319122314453,-0.003411012003198266,0.06417371332645416,2.4590954780578613,0.0,0.0,25.80968475341797,1,0
1788101092.4093127,21.4440504059894,TRACK,FLOW,/home/eunseop/nrs_imitation/checkpoints/flow/polishing/single_cam/20260827_2128_only90deg/20260828_0341,470.1852111816406,371.13055419921875,174.12416076660156,-0.003480160841718316,0.06416255980730057,2.4589290618896484,-5.424828052520752,-3.6957573890686035,25.356613159179688,490.8229675292969,352.19488525390625,166.50306701660156,0.011280947364866734,0.07488126307725906,2.445138692855835,0.0,0.0,0.0,1,0
1788101092.5294206,21.564158119028434,TRACK,FLOW,/home/eunseop/nrs_imitation/checkpoints/flow/polishing/single_cam/20260827_2128_only90deg/20260828_0341,471.0798645019531,370.35943603515625,174.12557983398438,-0.003946009092032909,0.06446656584739685,2.4579544067382812,-2.5421793460845947,-1.7836462259292603,22.171022415161133,490.8229675292969,352.19488525390625,166.50306701660156,0.011280947364866734,0.07488126307725906,2.445138692855835,0.0,0.0,0.0,1,0
1788101092.5295768,21.5643142570043,TRACK,FLOW,/home/eunseop/nrs_imitation/checkpoints/flow/polishing/single_cam/20260827_2128_only90deg/20260828_0341,471.0798645019531,370.35943603515625,174.12557983398438,-0.003946009092032909,0.06446656584739685,2.4579544067382812,-2.5421793460845947,-1.7836462259292603,22.171022415161133,471.0798645019531,370.35943603515625,174.12557983398438,-0.003946009092032909,0.06446656584739685,2.4579544067382812,0.0,0.0,24.484647750854492,1,0
1788101092.5852396,21.619977427995764,TRACK,FLOW,/home/eunseop/nrs_imitation/checkpoints/flow/polishing/single_cam/20260827_2128_only90deg/20260828_0341,471.5125427246094,370.05889892578125,174.1675262451172,-0.004006181377917528,0.06440487504005432,2.457334518432617,-7.896900177001953,-0.3345763087272644,23.71062469482422,490.8229675292969,352.19488525390625,166.50306701660156,0.011280947364866734,0.07488126307725906,2.445138692855835,0.0,0.0,0.0,1,0
1788101092.6411867,21.675924371986184,TRACK,FLOW,/home/eunseop/nrs_imitation/checkpoints/flow/polishing/single_cam/20260827_2128_only90deg/20260828_0341,471.92462158203125,369.7071228027344,174.13751220703125,-0.004170863889157772,0.06458987295627594,2.4570255279541016,-5.338567733764648,-2.844975471496582,28.02640724182129,490.8229675292969,352.19488525390625,166.50306701660156,0.011280947364866734,0.07488126307725906,2.445138692855835,0.0,0.0,0.0,1,0
1788101092.8346734,21.86941081099212,TRACK,FLOW,/home/eunseop/nrs_imitation/checkpoints/flow/polishing/single_cam/20260827_2128_only90deg/20260828_0341,472.7945251464844,368.8841247558594,174.1696319580078,-0.004464076831936836,0.06473508477210999,2.4565773010253906,-4.419585704803467,-1.4228808879852295,24.10287857055664,472.7945251464844,368.8841247558594,174.1696319580078,-0.004464076831936836,0.06473508477210999,2.4565773010253906,0.0,0.0,21.677156448364258,1,0
1788101092.8948078,21.929547191015445,TRACK,FLOW,/home/eunseop/nrs_imitation/checkpoints/flow/polishing/single_cam/20260827_2128_only90deg/20260828_0341,473.40631103515625,368.2104187011719,174.1632080078125,-0.004816452506929636,0.06504187732934952,2.455923557281494,-6.755480766296387,-1.943899393081665,24.248750686645508,465.3539733886719,364.8714904785156,197.83184814453125,-0.05749952420592308,0.05140647664666176,2.393988609313965,0.0,0.0,0.0,1,0
1788101093.2171001,22.25183758197818,TRACK,FLOW,/home/eunseop/nrs_imitation/checkpoints/flow/polishing/single_cam/20260827_2128_only90deg/20260828_0341,475.9085998535156,365.61981201171875,174.25038146972656,-0.0060583134181797504,0.06602206826210022,2.453319787979126,-5.080314636230469,-3.0495998859405518,23.525232315063477,455.05328369140625,371.93408203125,197.15647888183594,-0.051328882575035095,0.046643540263175964,2.399718999862671,0.0,0.0,0.0,1,0
1788101093.5051315,22.539869125001132,TRACK,FLOW,/home/eunseop/nrs_imitation/checkpoints/flow/polishing/single_cam/20260827_2128_only90deg/20260828_0341,477.5915222167969,363.5932922363281,174.24913024902344,-0.006826587952673435,0.06655216962099075,2.4508538246154785,-5.11776876449585,0.805102527141571,22.629472732543945,454.6231689453125,372.2696838378906,197.11920166015625,-0.05115928873419762,0.04641810432076454,2.4001476764678955,0.0,0.0,0.0,1,0
1788101093.5691583,22.603896047978196,TRACK,FLOW,/home/eunseop/nrs_imitation/checkpoints/flow/polishing/single_cam/20260827_2128_only90deg/20260828_0341,477.9808349609375,363.130126953125,174.21702575683594,-0.007130634970963001,0.06688961386680603,2.4502696990966797,-5.044310569763184,2.7269933223724365,21.54435157775879,454.6231689453125,372.2696838378906,197.11920166015625,-0.05115928873419762,0.04641810432076454,2.4001476764678955,0.0,0.0,0.0,1,0
1788101093.633397,22.668134816980455,TRACK,FLOW,/home/eunseop/nrs_imitation/checkpoints/flow/polishing/single_cam/20260827_2128_only90deg/20260828_0341,478.3525085449219,362.7763671875,174.222900390625,-0.007223295513540506,0.06705290824174881,2.449779748916626,-3.9075138568878174,1.679282307624817,21.856054306030273,454.6231689453125,372.2696838378906,197.11920166015625,-0.05115928873419762,0.04641810432076454,2.4001476764678955,0.0,0.0,0.0,1,0
1788101093.6971428,22.731880420993548,TRACK,FLOW,/home/eunseop/nrs_imitation/checkpoints/flow/polishing/single_cam/20260827_2128_only90deg/20260828_0341,478.8414611816406,362.3357238769531,174.21905517578125,-0.007562863640487194,0.06729387491941452,2.449293375015259,-4.5133891105651855,1.773957371711731,22.128137588500977,478.8414611816406,362.3357238769531,174.21905517578125,-0.007562863640487194,0.06729387491941452,2.449293375015259,0.0,0.0,22.91463279724121,1,0
1788101093.7051198,22.739857404027134,TRACK,FLOW,/home/eunseop/nrs_imitation/checkpoints/flow/polishing/single_cam/20260827_2128_only90deg/20260828_0341,478.9275817871094,362.2883605957031,174.2513427734375,-0.007726626005023718,0.06727729737758636,2.4492361545562744,-4.717800617218018,-1.5592119693756104,24.522043228149414,454.6231689453125,372.2696838378906,197.11920166015625,-0.05115928873419762,0.04641810432076454,2.4001476764678955,0.0,0.0,0.0,1,0
1788101093.7841988,22.818936116003897,TRACK,FLOW,/home/eunseop/nrs_imitation/checkpoints/flow/polishing/single_cam/20260827_2128_only90deg/20260828_0341,479.3375549316406,361.88250732421875,174.27359008789062,-0.007622741628438234,0.06730238348245621,2.4485292434692383,-3.658569097518921,-0.8637768626213074,23.5081729888916,454.6231689453125,372.2696838378906,197.11920166015625,-0.05115928873419762,0.04641810432076454,2.4001476764678955,0.0,0.0,0.0,1,0
1788101093.833295,22.86803312401753,TRACK,FLOW,/home/eunseop/nrs_imitation/checkpoints/flow/polishing/single_cam/20260827_2128_only90deg/20260828_0341,479.758056640625,361.3861389160156,174.26405334472656,-0.007565615698695183,0.06753934919834137,2.4478697776794434,-4.881341934204102,-1.1002509593963623,23.222198486328125,454.6231689453125,372.2696838378906,197.11920166015625,-0.05115928873419762,0.04641810432076454,2.4001476764678955,0.0,0.0,0.0,1,0
1788101093.8651025,22.899840380006935,TRACK,FLOW,/home/eunseop/nrs_imitation/checkpoints/flow/polishing/single_cam/20260827_2128_only90deg/20260828_0341,480.0201416015625,361.1914978027344,174.29806518554688,-0.007595316972583532,0.06745634227991104,2.4475488662719727,-4.920044898986816,2.0553295612335205,19.060182571411133,480.0201416015625,361.1914978027344,174.29806518554688,-0.007595316972583532,0.06745634227991104,2.4475488662719727,0.0,0.0,21.955568313598633,1,0
1788101093.9051979,22.939935644972138,TRACK,FLOW,/home/eunseop/nrs_imitation/checkpoints/flow/polishing/single_cam/20260827_2128_only90deg/20260828_0341,480.3060302734375,360.908447265625,174.28561401367188,-0.007737830281257629,0.0677001103758812,2.4472622871398926,-6.454590797424316,1.4297072887420654,19.760826110839844,454.6231689453125,372.2696838378906,197.11920166015625,-0.05115928873419762,0.04641810432076454,2.4001476764678955,0.0,0.0,0.0,1,0
1788101093.9691765,23.003914335975423,TRACK,FLOW,/home/eunseop/nrs_imitation/checkpoints/flow/polishing/single_cam/20260827_2128_only90deg/20260828_0341,480.8426208496094,360.5574645996094,174.28558349609375,-0.00794759951531887,0.06780817359685898,2.4468231201171875,-5.685031414031982,1.167248249053955,19.523862838745117,454.6231689453125,372.2696838378906,197.11920166015625,-0.05115928873419762,0.04641810432076454,2.4001476764678955,0.0,0.0,0.0,1,0
1788101094.2092013,23.24393916700501,TRACK,FLOW,/home/eunseop/nrs_imitation/checkpoints/flow/polishing/single_cam/20260827_2128_only90deg/20260828_0341,482.4457702636719,358.97894287109375,174.3068389892578,-0.008415441028773785,0.06853906065225601,2.444350481033325,-4.05178165435791,0.319445937871933,21.293590545654297,454.6231689453125,372.2696838378906,197.11920166015625,-0.05115928873419762,0.04641810432076454,2.4001476764678955,0.0,0.0,0.0,1,0
1788101094.25715,23.291887768020388,TRACK,FLOW,/home/eunseop/nrs_imitation/checkpoints/flow/polishing/single_cam/20260827_2128_only90deg/20260828_0341,482.7314147949219,358.58026123046875,174.2934112548828,-0.008685839362442493,0.06874968111515045,2.443718433380127,-4.619043827056885,-2.600963592529297,22.970779418945312,454.6231689453125,372.2696838378906,197.11920166015625,-0.05115928873419762,0.04641810432076454,2.4001476764678955,0.0,0.0,0.0,1,0
1788101094.513125,23.547862234991044,TRACK,FLOW,/home/eunseop/nrs_imitation/checkpoints/flow/polishing/single_cam/20260827_2128_only90deg/20260828_0341,484.2279357910156,356.7614440917969,174.3377685546875,-0.009607593528926373,0.0689929947257042,2.4413633346557617,-4.582605361938477,-1.444106101989746,21.22467613220215,454.6231689453125,372.2696838378906,197.11920166015625,-0.05115928873419762,0.04641810432076454,2.4001476764678955,0.0,0.0,0.0,1,0
1788101094.569248,23.603985827008728,TRACK,FLOW,/home/eunseop/nrs_imitation/checkpoints/flow/polishing/single_cam/20260827_2128_only90deg/20260828_0341,484.5967712402344,356.394775390625,174.34417724609375,-0.00965492706745863,0.06874167919158936,2.440852165222168,-3.7314586639404297,1.6907877922058105,19.293285369873047,454.6231689453125,372.2696838378906,197.11920166015625,-0.05115928873419762,0.04641810432076454,2.4001476764678955,0.0,0.0,0.0,1,0
1788101094.640985,23.675722651008982,TRACK,FLOW,/home/eunseop/nrs_imitation/checkpoints/flow/polishing/single_cam/20260827_2128_only90deg/20260828_0341,485.05389404296875,355.8614807128906,174.32199096679688,-0.009815186262130737,0.06887581944465637,2.44047212600708,-4.222812652587891,-1.4214228391647339,22.483760833740234,485.05389404296875,355.8614807128906,174.32199096679688,-0.009815186262130737,0.06887581944465637,2.44047212600708,0.0,0.0,23.574661254882812,1,0
1788101094.7451277,23.779865348013118,TRACK,FLOW,/home/eunseop/nrs_imitation/checkpoints/flow/polishing/single_cam/20260827_2128_only90deg/20260828_0341,485.81988525390625,355.1242980957031,174.3216552734375,-0.01002192310988903,0.06904252618551254,2.439542531967163,-3.7319607734680176,-2.0280375480651855,21.840797424316406,454.6231689453125,372.2696838378906,197.11920166015625,-0.05115928873419762,0.04641810432076454,2.4001476764678955,0.0,0.0,0.0,1,0
1788101094.8011498,23.835887635999825,TRACK,FLOW,/home/eunseop/nrs_imitation/checkpoints/flow/polishing/single_cam/20260827_2128_only90deg/20260828_0341,486.21722412109375,354.77581787109375,174.3005828857422,-0.010090870782732964,0.06916750967502594,2.4389090538024902,-4.862726211547852,0.5817674994468689,20.648231506347656,454.6231689453125,372.2696838378906,197.11920166015625,-0.05115928873419762,0.04641810432076454,2.4001476764678955,0.0,0.0,0.0,1,0
1788101095.0171294,24.051867061003577,TRACK,FLOW,/home/eunseop/nrs_imitation/checkpoints/flow/polishing/single_cam/20260827_2128_only90deg/20260828_0341,487.42974853515625,353.1081848144531,174.33343505859375,-0.010361062362790108,0.06940650939941406,2.4370601177215576,-3.8143908977508545,-0.3689354956150055,20.458099365234375,454.6231689453125,372.2696838378906,197.11920166015625,-0.05115928873419762,0.04641810432076454,2.4001476764678955,0.0,0.0,0.0,1,0
1788101095.0732467,24.107984260015655,TRACK,FLOW,/home/eunseop/nrs_imitation/checkpoints/flow/polishing/single_cam/20260827_2128_only90deg/20260828_0341,487.66119384765625,352.66448974609375,174.3144073486328,-0.010090060532093048,0.06946118175983429,2.436399221420288,-6.271337032318115,-0.44681423902511597,19.683536529541016,454.6231689453125,372.2696838378906,197.11920166015625,-0.05115928873419762,0.04641810432076454,2.4001476764678955,0.0,0.0,0.0,1,0
1788101095.2809975,24.315735382027924,TRACK,FLOW,/home/eunseop/nrs_imitation/checkpoints/flow/polishing/single_cam/20260827_2128_only90deg/20260828_0341,488.8573913574219,350.9312438964844,174.35311889648438,-0.009860380552709103,0.0694832131266594,2.4347991943359375,-5.754591941833496,-0.12426061928272247,20.114850997924805,488.8573913574219,350.9312438964844,174.35311889648438,-0.009860380552709103,0.0694832131266594,2.4347991943359375,0.0,0.0,0.6462292671203613,1,0
1788101095.3211303,24.355867817008402,TRACK,FLOW,/home/eunseop/nrs_imitation/checkpoints/flow/polishing/single_cam/20260827_2128_only90deg/20260828_0341,489.0381164550781,350.6812438964844,174.385986328125,-0.00973767414689064,0.06925756484270096,2.4344401359558105,-4.7194366455078125,-1.7889037132263184,19.954694747924805,454.6231689453125,372.2696838378906,197.11920166015625,-0.05115928873419762,0.04641810432076454,2.4001476764678955,0.0,0.0,0.0,1,0
1788101095.3770783,24.411815722996835,TRACK,FLOW,/home/eunseop/nrs_imitation/checkpoints/flow/polishing/single_cam/20260827_2128_only90deg/20260828_0341,489.1632995605469,350.35150146484375,174.5562286376953,-0.009928111918270588,0.06884749978780746,2.433966875076294,-1.8433475494384766,-0.31128424406051636,13.92471694946289,454.6231689453125,372.2696838378906,197.11920166015625,-0.05115928873419762,0.04641810432076454,2.4001476764678955,0.0,0.0,0.0,1,0
1788101095.4332616,24.467999420012347,TRACK,FLOW,/home/eunseop/nrs_imitation/checkpoints/flow/polishing/single_cam/20260827_2128_only90deg/20260828_0341,489.2982482910156,350.08563232421875,174.75390625,-0.010442794300615788,0.06826012581586838,2.433690071105957,-2.414008140563965,0.13329869508743286,9.318605422973633,454.6231689453125,372.2696838378906,197.11920166015625,-0.05115928873419762,0.04641810432076454,2.4001476764678955,0.0,0.0,0.0,1,0
1788101095.7291598,24.763897612981964,TRACK,FLOW,/home/eunseop/nrs_imitation/checkpoints/flow/polishing/single_cam/20260827_2128_only90deg/20260828_0341,488.9179382324219,349.7628479003906,175.0279998779297,-0.01527356542646885,0.06452159583568573,2.4328808784484863,-2.5381548404693604,-1.9340251684188843,7.925109386444092,454.6231689453125,372.2696838378906,197.11920166015625,-0.05115928873419762,0.04641810432076454,2.4001476764678955,0.0,0.0,0.0,1,0
1788101095.7691438,24.803881554980762,TRACK,FLOW,/home/eunseop/nrs_imitation/checkpoints/flow/polishing/single_cam/20260827_2128_only90deg/20260828_0341,488.71221923828125,349.7299499511719,175.2808074951172,-0.01574745588004589,0.06435415148735046,2.432668685913086,-2.3784778118133545,-1.9486711025238037,5.699535846710205,454.6231689453125,372.2696838378906,197.11920166015625,-0.05115928873419762,0.04641810432076454,2.4001476764678955,0.0,0.0,0.0,1,0
1788101095.816964,24.851701558975037,TRACK,FLOW,/home/eunseop/nrs_imitation/checkpoints/flow/polishing/single_cam/20260827_2128_only90deg/20260828_0341,488.58465576171875,349.73980712890625,175.531494140625,-0.016595525667071342,0.06389213353395462,2.432413339614868,-1.4116939306259155,0.1345028430223465,2.5691676139831543,488.58465576171875,349.73980712890625,175.531494140625,-0.016595525667071342,0.06389213353395462,2.432413339614868,0.0,0.0,-1.7062439918518066,1,0
1788101095.841281,24.87601868499769,TRACK,FLOW,/home/eunseop/nrs_imitation/checkpoints/flow/polishing/single_cam/20260827_2128_only90deg/20260828_0341,488.53436279296875,349.6903381347656,175.62327575683594,-0.01711580529808998,0.06384489685297012,2.432344436645508,0.43331193923950195,-0.7598999738693237,2.4690682888031006,454.6231689453125,372.2696838378906,197.11920166015625,-0.05115928873419762,0.04641810432076454,2.4001476764678955,0.0,0.0,0.0,1,0
1788101095.889236,24.92397362802876,TRACK,FLOW,/home/eunseop/nrs_imitation/checkpoints/flow/polishing/single_cam/20260827_2128_only90deg/20260828_0341,488.4358215332031,349.702392578125,175.88388061523438,-0.017953334376215935,0.06356034427881241,2.4321835041046143,-1.3729982376098633,-0.42993950843811035,2.1527771949768066,454.6231689453125,372.2696838378906,197.11920166015625,-0.05115928873419762,0.04641810432076454,2.4001476764678955,0.0,0.0,0.0,1,0
1788101095.8971345,24.931872841028962,TRACK,FLOW,/home/eunseop/nrs_imitation/checkpoints/flow/polishing/single_cam/20260827_2128_only90deg/20260828_0341,488.41644287109375,349.7417907714844,175.98184204101562,-0.018001554533839226,0.06336173415184021,2.4321963787078857,0.09226366132497787,1.1558181047439575,0.6575666069984436,488.41644287109375,349.7417907714844,175.98184204101562,-0.018001554533839226,0.06336173415184021,2.4321963787078857,0.0,0.0,0.0,0,0
1788101095.9532309,24.987968760018703,TRACK,FLOW,/home/eunseop/nrs_imitation/checkpoints/flow/polishing/single_cam/20260827_2128_only90deg/20260828_0341,488.3729553222656,349.76837158203125,176.41163635253906,-0.019010143354535103,0.06289596855640411,2.4319162368774414,-0.7221425175666809,0.1385870724916458,0.6716610193252563,454.6231689453125,372.2696838378906,197.11920166015625,-0.05115928873419762,0.04641810432076454,2.4001476764678955,0.0,0.0,0.0,0,0
1788101096.009113,25.043850779009517,TRACK,FLOW,/home/eunseop/nrs_imitation/checkpoints/flow/polishing/single_cam/20260827_2128_only90deg/20260828_0341,488.1746520996094,349.7398376464844,176.7118682861328,-0.019756803289055824,0.06291831284761429,2.4317760467529297,-1.4026504755020142,0.9443579316139221,0.5448246598243713,454.6231689453125,372.2696838378906,197.11920166015625,-0.05115928873419762,0.04641810432076454,2.4001476764678955,0.0,0.0,0.0,0,0
1788101096.065189,25.0999264389975,TRACK,FLOW,/home/eunseop/nrs_imitation/checkpoints/flow/polishing/single_cam/20260827_2128_only90deg/20260828_0341,487.9452819824219,349.755859375,177.08157348632812,-0.020478079095482826,0.06276758015155792,2.431612014770508,-0.3118712306022644,-0.20601756870746613,0.013621613383293152,454.6231689453125,372.2696838378906,197.11920166015625,-0.05115928873419762,0.04641810432076454,2.4001476764678955,0.0,0.0,0.0,0,0
1788101096.1210737,25.155811314005405,TRACK,FLOW,/home/eunseop/nrs_imitation/checkpoints/flow/polishing/single_cam/20260827_2128_only90deg/20260828_0341,487.9104309082031,349.76220703125,177.52325439453125,-0.021718688309192657,0.06234866753220558,2.4313316345214844,-1.0791549682617188,-1.7053323984146118,0.7992081046104431,454.6231689453125,372.2696838378906,197.11920166015625,-0.05115928873419762,0.04641810432076454,2.4001476764678955,0.0,0.0,0.0,0,0
1788101096.3371227,25.371860201004893,TRACK,FLOW,/home/eunseop/nrs_imitation/checkpoints/flow/polishing/single_cam/20260827_2128_only90deg/20260828_0341,487.41534423828125,350.0234680175781,179.2397918701172,-0.025865696370601654,0.06058373674750328,2.430292844772339,-0.569365382194519,0.09536277502775192,0.08033028990030289,454.6231689453125,372.2696838378906,197.11920166015625,-0.05115928873419762,0.04641810432076454,2.4001476764678955,0.0,0.0,0.0,0,0
1788101096.3931334,25.42787088698242,TRACK,FLOW,/home/eunseop/nrs_imitation/checkpoints/flow/polishing/single_cam/20260827_2128_only90deg/20260828_0341,487.1929016113281,350.0777587890625,179.6337890625,-0.026862312108278275,0.060236476361751556,2.4299240112304688,-1.2041425704956055,-0.9309591054916382,0.7230095267295837,454.6231689453125,372.2696838378906,197.11920166015625,-0.05115928873419762,0.04641810432076454,2.4001476764678955,0.0,0.0,0.0,0,0
1788101096.441089,25.47582648997195,TRACK,FLOW,/home/eunseop/nrs_imitation/checkpoints/flow/polishing/single_cam/20260827_2128_only90deg/20260828_0341,487.06854248046875,350.0833435058594,179.93028259277344,-0.027854494750499725,0.06013847514986992,2.4296610355377197,0.03605939447879791,0.8565874695777893,-0.1921396702528,454.6231689453125,372.2696838378906,197.11920166015625,-0.05115928873419762,0.04641810432076454,2.4001476764678955,0.0,0.0,0.0,0,0
1788101096.7292209,25.76395838399185,TRACK,FLOW,/home/eunseop/nrs_imitation/checkpoints/flow/polishing/single_cam/20260827_2128_only90deg/20260828_0341,486.0248718261719,350.28240966796875,182.12136840820312,-0.03326469659805298,0.05919187143445015,2.4282450675964355,-0.46729445457458496,0.9208734035491943,0.5246114134788513,454.6231689453125,372.2696838378906,197.11920166015625,-0.05115928873419762,0.04641810432076454,2.4001476764678955,0.0,0.0,0.0,0,0
1788101096.7853096,25.820047139015514,TRACK,FLOW,/home/eunseop/nrs_imitation/checkpoints/flow/polishing/single_cam/20260827_2128_only90deg/20260828_0341,485.82098388671875,350.35723876953125,182.60104370117188,-0.034360840916633606,0.05888226255774498,2.4276437759399414,-2.0545437335968018,0.13641753792762756,0.5742236971855164,454.6231689453125,372.2696838378906,197.11920166015625,-0.05115928873419762,0.04641810432076454,2.4001476764678955,0.0,0.0,0.0,0,0
1788101097.0413089,26.076046583999414,TRACK,FLOW,/home/eunseop/nrs_imitation/checkpoints/flow/polishing/single_cam/20260827_2128_only90deg/20260828_0341,485.3841552734375,350.4931640625,183.92538452148438,-0.03773518279194832,0.05797306448221207,2.4257283210754395,-0.5188486576080322,1.0447026491165161,0.46142059564590454,421.8680114746094,388.1285400390625,187.4697723388672,-0.022903623059391975,0.004326327703893185,2.377635955810547,0.0,0.0,0.0,0,0
1788101097.6333566,26.668094462016597,TRACK,FLOW,/home/eunseop/nrs_imitation/checkpoints/flow/polishing/single_cam/20260827_2128_only90deg/20260828_0341,485.533935546875,350.48065185546875,183.517822265625,-0.03813588619232178,0.05826796591281891,2.425811529159546,0.5377509593963623,-1.5736082792282104,0.5928961038589478,421.6656494140625,388.1292724609375,187.3708038330078,-0.022422773763537407,0.0043661450035870075,2.377898931503296,0.0,0.0,0.0,0,0
1788101097.8332894,26.86802719399566,TRACK,FLOW,/home/eunseop/nrs_imitation/checkpoints/flow/polishing/single_cam/20260827_2128_only90deg/20260828_0341,485.57757568359375,350.4903564453125,183.32667541503906,-0.038078177720308304,0.058400772511959076,2.4258358478546143,-0.2288747876882553,-0.5252385139465332,-0.8446754217147827,421.6656494140625,388.1292724609375,187.3708038330078,-0.022422773763537407,0.0043661450035870075,2.377898931503296,0.0,0.0,0.0,0,0
1788101097.8973107,26.932048755988944,TRACK,FLOW,/home/eunseop/nrs_imitation/checkpoints/flow/polishing/single_cam/20260827_2128_only90deg/20260828_0341,485.6405944824219,350.469970703125,183.25564575195312,-0.038122598081827164,0.058401696383953094,2.425823926925659,0.053764261305332184,0.9797897934913635,0.6833174824714661,421.6656494140625,388.1292724609375,187.3708038330078,-0.022422773763537407,0.0043661450035870075,2.377898931503296,0.0,0.0,0.0,0,0
1788101098.137126,27.171863514988218,TRACK,FLOW,/home/eunseop/nrs_imitation/checkpoints/flow/polishing/single_cam/20260827_2128_only90deg/20260828_0341,485.7713317871094,350.4984130859375,183.09693908691406,-0.03820180892944336,0.058332547545433044,2.425800085067749,0.5392382144927979,-1.1365208625793457,0.1566004753112793,421.6656494140625,388.1292724609375,187.3708038330078,-0.022422773763537407,0.0043661450035870075,2.377898931503296,0.0,0.0,0.0,0,0
1788101098.1930826,27.22782020701561,TRACK,FLOW,/home/eunseop/nrs_imitation/checkpoints/flow/polishing/single_cam/20260827_2128_only90deg/20260828_0341,485.7984924316406,350.4849548339844,183.02598571777344,-0.03810042142868042,0.05838841199874878,2.4257888793945312,0.6843546628952026,-0.205553337931633,0.4944523870944977,421.6656494140625,388.1292724609375,187.3708038330078,-0.022422773763537407,0.0043661450035870075,2.377898931503296,0.0,0.0,0.0,0,0
1788101098.4411643,27.475902263016906,TRACK,FLOW,/home/eunseop/nrs_imitation/checkpoints/flow/polishing/single_cam/20260827_2128_only90deg/20260828_0341,485.916015625,350.5148620605469,182.87960815429688,-0.03817415609955788,0.05828507989645004,2.425752639770508,-0.42575982213020325,1.0963901281356812,0.7809744477272034,421.6656494140625,388.1292724609375,187.3708038330078,-0.022422773763537407,0.0043661450035870075,2.377898931503296,0.0,0.0,0.0,0,0
1788101098.4973052,27.53204356797505,TRACK,FLOW,/home/eunseop/nrs_imitation/checkpoints/flow/polishing/single_cam/20260827_2128_only90deg/20260828_0341,485.9156494140625,350.51123046875,182.82708740234375,-0.038149576634168625,0.05831104516983032,2.425776720046997,0.03824013099074364,0.4522906243801117,0.5231847763061523,421.6656494140625,388.1292724609375,187.3708038330078,-0.022422773763537407,0.0043661450035870075,2.377898931503296,0.0,0.0,0.0,0,0
1788101098.553142,27.58787959901383,TRACK,FLOW,/home/eunseop/nrs_imitation/checkpoints/flow/polishing/single_cam/20260827_2128_only90deg/20260828_0341,485.9691162109375,350.5028381347656,182.8197479248047,-0.03814518451690674,0.058313462883234024,2.4257524013519287,-1.2123733758926392,-0.4404035210609436,0.14462408423423767,421.6656494140625,388.1292724609375,187.3708038330078,-0.022422773763537407,0.0043661450035870075,2.377898931503296,0.0,0.0,0.0,0,0
1788101098.841183,27.875920548976865,TRACK,FLOW,/home/eunseop/nrs_imitation/checkpoints/flow/polishing/single_cam/20260827_2128_only90deg/20260828_0341,486.41650390625,350.36871337890625,180.96250915527344,-0.03382239118218422,0.06063814088702202,2.427633762359619,-0.24155619740486145,-1.6351279020309448,0.746104896068573,421.6656494140625,388.1292724609375,187.3708038330078,-0.022422773763537407,0.0043661450035870075,2.377898931503296,0.0,0.0,0.0,0,0
1788101098.897311,27.93204865901498,TRACK,FLOW,/home/eunseop/nrs_imitation/checkpoints/flow/polishing/single_cam/20260827_2128_only90deg/20260828_0341,486.5713195800781,350.43109130859375,180.4603729248047,-0.03197886422276497,0.06125253438949585,2.428257703781128,0.33244988322257996,-1.3615174293518066,0.8040593266487122,421.6656494140625,388.1292724609375,187.3708038330078,-0.022422773763537407,0.0043661450035870075,2.377898931503296,0.0,0.0,0.0,0,0
1788101098.9533072,27.98804474598728,TRACK,FLOW,/home/eunseop/nrs_imitation/checkpoints/flow/polishing/single_cam/20260827_2128_only90deg/20260828_0341,486.69647216796875,350.5174865722656,179.9832763671875,-0.030061224475502968,0.061828698962926865,2.4290359020233154,0.7879918813705444,-0.8700510859489441,0.5186727046966553,421.6656494140625,388.1292724609375,187.3708038330078,-0.022422773763537407,0.0043661450035870075,2.377898931503296,0.0,0.0,0.0,0,0
1788101099.2411096,28.27584698901046,TRACK,FLOW,/home/eunseop/nrs_imitation/checkpoints/flow/polishing/single_cam/20260827_2128_only90deg/20260828_0341,487.5281677246094,350.982666015625,177.19735717773438,-0.020249102264642715,0.06446591764688492,2.4325952529907227,0.6897809505462646,-0.08027565479278564,1.087445855140686,421.6656494140625,388.1292724609375,187.3708038330078,-0.022422773763537407,0.0043661450035870075,2.377898931503296,0.0,0.0,0.0,0,0
1788101099.2891057,28.32384327001637,TRACK,FLOW,/home/eunseop/nrs_imitation/checkpoints/flow/polishing/single_cam/20260827_2128_only90deg/20260828_0341,487.64105224609375,351.0246276855469,176.7353057861328,-0.018550092354416847,0.06502550095319748,2.433229684829712,0.37355825304985046,-1.4053617715835571,0.43018171191215515,421.6656494140625,388.1292724609375,187.3708038330078,-0.022422773763537407,0.0043661450035870075,2.377898931503296,0.0,0.0,0.0,0,0
1788101099.3929474,28.42768514098134,TRACK,FLOW,/home/eunseop/nrs_imitation/checkpoints/flow/polishing/single_cam/20260827_2128_only90deg/20260828_0341,487.96441650390625,351.0892028808594,175.71603393554688,-0.0151869747787714,0.06618549674749374,2.434603452682495,-1.411150574684143,0.4426104426383972,3.0919625759124756,487.96441650390625,351.0892028808594,175.71603393554688,-0.0151869747787714,0.06618549674749374,2.434603452682495,0.0,0.0,-2.4874839782714844,1,0
1788101099.489151,28.523888427007478,TRACK,FLOW,/home/eunseop/nrs_imitation/checkpoints/flow/polishing/single_cam/20260827_2128_only90deg/20260828_0341,488.28887939453125,351.23651123046875,174.88197326660156,-0.012116462923586369,0.06702680140733719,2.4360222816467285,-3.900722026824951,-1.191214680671692,11.701812744140625,421.6656494140625,388.1292724609375,187.3708038330078,-0.022422773763537407,0.0043661450035870075,2.377898931503296,0.0,0.0,0.0,1,0
1788101099.5371192,28.57185683498392,TRACK,FLOW,/home/eunseop/nrs_imitation/checkpoints/flow/polishing/single_cam/20260827_2128_only90deg/20260828_0341,488.4049072265625,351.3865051269531,174.60165405273438,-0.01049234252423048,0.06721510738134384,2.436664342880249,-3.5181262493133545,0.9961461424827576,17.47614097595215,421.6656494140625,388.1292724609375,187.3708038330078,-0.022422773763537407,0.0043661450035870075,2.377898931503296,0.0,0.0,0.0,1,0
1788101099.7371395,28.771876943996176,TRACK,FLOW,/home/eunseop/nrs_imitation/checkpoints/flow/polishing/single_cam/20260827_2128_only90deg/20260828_0341,489.04913330078125,351.84295654296875,173.96310424804688,-0.004306991584599018,0.06854591518640518,2.439232349395752,-4.8652663230896,-1.0734937191009521,37.19826889038086,421.6656494140625,388.1292724609375,187.3708038330078,-0.022422773763537407,0.0043661450035870075,2.377898931503296,0.0,0.0,0.0,1,0
1788101099.7529964,28.787733893026598,TRACK,FLOW,/home/eunseop/nrs_imitation/checkpoints/flow/polishing/single_cam/20260827_2128_only90deg/20260828_0341,489.06488037109375,351.9244384765625,173.96710205078125,-0.003672939958050847,0.06856785714626312,2.439438819885254,-10.048689842224121,0.1254749596118927,37.22245788574219,489.06488037109375,351.9244384765625,173.96710205078125,-0.003672939958050847,0.06856785714626312,2.439438819885254,0.0,0.0,-3.3602590560913086,1,0
1788101099.7931497,28.827887628984172,TRACK,FLOW,/home/eunseop/nrs_imitation/checkpoints/flow/polishing/single_cam/20260827_2128_only90deg/20260828_0341,489.1391906738281,351.9175109863281,173.81411743164062,-0.0023470562882721424,0.06909390538930893,2.440039873123169,-11.882115364074707,-2.433973789215088,45.18060302734375,421.6656494140625,388.1292724609375,187.3708038330078,-0.022422773763537407,0.0043661450035870075,2.377898931503296,0.0,0.0,0.0,1,0
1788101100.0412176,29.075955006002914,TRACK,FLOW,/home/eunseop/nrs_imitation/checkpoints/flow/polishing/single_cam/20260827_2128_only90deg/20260828_0341,489.4226379394531,352.2181396484375,173.0240020751953,0.006009402684867382,0.07120897620916367,2.4432878494262695,-17.63918685913086,1.9812897443771362,78.13500213623047,421.6656494140625,388.1292724609375,187.3708038330078,-0.022422773763537407,0.0043661450035870075,2.377898931503296,0.0,0.0,0.0,1,0
1788101100.097458,29.132196223014034,TRACK,FLOW,/home/eunseop/nrs_imitation/checkpoints/flow/polishing/single_cam/20260827_2128_only90deg/20260828_0341,489.52801513671875,352.2244873046875,172.83282470703125,0.007566703483462334,0.07181244343519211,2.4439713954925537,-8.486167907714844,1.1690387725830078,84.40880584716797,421.6656494140625,388.1292724609375,187.3708038330078,-0.022422773763537407,0.0043661450035870075,2.377898931503296,0.0,0.0,0.0,1,0
1788101100.3532536,29.38799136597663,TRACK,FLOW,/home/eunseop/nrs_imitation/checkpoints/flow/polishing/single_cam/20260827_2128_only90deg/20260828_0341,488.5885314941406,351.46380615234375,172.8451385498047,0.011125308461487293,0.07508032023906708,2.4449493885040283,-21.7155704498291,-5.829874038696289,87.12014770507812,421.6656494140625,388.1292724609375,187.3708038330078,-0.022422773763537407,0.0043661450035870075,2.377898931503296,0.0,0.0,0.0,1,0
1788101100.4091115,29.443849187984597,TRACK,FLOW,/home/eunseop/nrs_imitation/checkpoints/flow/polishing/single_cam/20260827_2128_only90deg/20260828_0341,488.3662109375,351.2746276855469,172.99261474609375,0.011149133555591106,0.07578095048666,2.445143938064575,-12.542016983032227,-3.163856029510498,75.2506332397461,421.6656494140625,388.1292724609375,187.3708038330078,-0.022422773763537407,0.0043661450035870075,2.377898931503296,0.0,0.0,0.0,1,0
1788101100.4376059,29.472344167996198,TRACK,FLOW,/home/eunseop/nrs_imitation/checkpoints/flow/polishing/single_cam/20260827_2128_only90deg/20260828_0341,488.3233642578125,351.19744873046875,173.02890014648438,0.011316786520183086,0.07593665271997452,2.4450061321258545,-25.747150421142578,-3.9132907390594482,81.50347137451172,488.3233642578125,351.19744873046875,173.02890014648438,0.011316786520183086,0.07593665271997452,2.4450061321258545,0.0,0.0,-2.4874839782714844,1,0
1788101100.4571505,29.49188815098023,TRACK,FLOW,/home/eunseop/nrs_imitation/checkpoints/flow/polishing/single_cam/20260827_2128_only90deg/20260828_0341,488.2196044921875,351.14349365234375,173.1000518798828,0.011362441815435886,0.0760871097445488,2.445087194442749,-15.163032531738281,-2.5716209411621094,70.35335540771484,421.6656494140625,388.1292724609375,187.3708038330078,-0.022422773763537407,0.0043661450035870075,2.377898931503296,0.0,0.0,0.0,1,0
1788101100.513118,29.54785550397355,TRACK,FLOW,/home/eunseop/nrs_imitation/checkpoints/flow/polishing/single_cam/20260827_2128_only90deg/20260828_0341,488.04547119140625,351.0358581542969,173.2889404296875,0.011398005299270153,0.07663257420063019,2.445173978805542,-10.556739807128906,-1.614246129989624,63.38208770751953,421.6656494140625,388.1292724609375,187.3708038330078,-0.022422773763537407,0.0043661450035870075,2.377898931503296,0.0,0.0,0.0,1,0
1788101100.5852544,29.619992312975228,TRACK,FLOW,/home/eunseop/nrs_imitation/checkpoints/flow/polishing/single_cam/20260827_2128_only90deg/20260828_0341,487.9452819824219,350.99755859375,173.51663208007812,0.011440037749707699,0.07678191363811493,2.445194959640503,-8.73935604095459,-1.5717610120773315,50.855003356933594,421.6656494140625,388.1292724609375,187.3708038330078,-0.022422773763537407,0.0043661450035870075,2.377898931503296,0.0,0.0,0.0,1,0
1788101100.8412173,29.87595491699176,TRACK,FLOW,/home/eunseop/nrs_imitation/checkpoints/flow/polishing/single_cam/20260827_2128_only90deg/20260828_0341,487.82470703125,351.14007568359375,174.30691528320312,0.011685391888022423,0.0764179602265358,2.4451096057891846,-2.8060967922210693,-0.9531551003456116,19.09896469116211,421.6656494140625,388.1292724609375,187.3708038330078,-0.022422773763537407,0.0043661450035870075,2.377898931503296,0.0,0.0,0.0,1,0
1788101100.897342,29.932080611994024,TRACK,FLOW,/home/eunseop/nrs_imitation/checkpoints/flow/polishing/single_cam/20260827_2128_only90deg/20260828_0341,487.8830261230469,351.23089599609375,174.53814697265625,0.011592179536819458,0.07603781670331955,2.445056438446045,-5.5321526527404785,0.21755623817443848,15.670835494995117,421.6656494140625,388.1292724609375,187.3708038330078,-0.022422773763537407,0.0043661450035870075,2.377898931503296,0.0,0.0,0.0,1,0
1788101101.1451087,30.17984635202447,TRACK,FLOW,/home/eunseop/nrs_imitation/checkpoints/flow/polishing/single_cam/20260827_2128_only90deg/20260828_0341,488.03143310546875,351.4928283691406,175.073486328125,0.011387108825147152,0.07531795650720596,2.4451301097869873,-2.6330528259277344,-0.09675055742263794,7.386742115020752,421.6656494140625,388.1292724609375,187.3708038330078,-0.022422773763537407,0.0043661450035870075,2.377898931503296,0.0,0.0,0.0,1,0
1788101101.2258964,30.260634344012942,TRACK,FLOW,/home/eunseop/nrs_imitation/checkpoints/flow/polishing/single_cam/20260827_2128_only90deg/20260828_0341,488.07049560546875,351.5072021484375,175.12596130371094,0.011318115517497063,0.07525750994682312,2.4451205730438232,-2.0243723392486572,1.3940249681472778,6.040869235992432,488.07049560546875,351.5072021484375,175.12596130371094,0.011318115517497063,0.07525750994682312,2.4451205730438232,0.0,0.0,-3.2751617431640625,1,0
1788101101.2411416,30.275879402004648,TRACK,FLOW,/home/eunseop/nrs_imitation/checkpoints/flow/polishing/single_cam/20260827_2128_only90deg/20260828_0341,488.050048828125,351.5147705078125,175.1223907470703,0.011335641145706177,0.0753171443939209,2.445143222808838,-2.887582540512085,-0.9419106245040894,7.387108325958252,431.78094482421875,381.2506103515625,192.3919677734375,-0.014717631042003632,0.019753631204366684,2.372976303100586,0.0,0.0,0.0,1,0
1788101101.322865,30.357602612988558,TRACK,FLOW,/home/eunseop/nrs_imitation/checkpoints/flow/polishing/single_cam/20260827_2128_only90deg/20260828_0341,488.1299133300781,351.6026916503906,175.2943572998047,0.011266443878412247,0.07504507899284363,2.4451723098754883,-2.1467273235321045,-0.3495456576347351,5.869377136230469,431.78094482421875,381.2506103515625,192.3919677734375,-0.014717631042003632,0.019753631204366684,2.372976303100586,0.0,0.0,0.0,1,0
1788101101.3691552,30.403893060982227,TRACK,FLOW,/home/eunseop/nrs_imitation/checkpoints/flow/polishing/single_cam/20260827_2128_only90deg/20260828_0341,488.1622009277344,351.6375732421875,175.37542724609375,0.011256247758865356,0.074915811419487,2.4451022148132324,-0.795347273349762,0.7244210243225098,3.2979447841644287,431.78094482421875,381.2506103515625,192.3919677734375,-0.014717631042003632,0.019753631204366684,2.372976303100586,0.0,0.0,0.0,1,0
1788101101.4252436,30.459981584979687,TRACK,FLOW,/home/eunseop/nrs_imitation/checkpoints/flow/polishing/single_cam/20260827_2128_only90deg/20260828_0341,488.1923828125,351.6794128417969,175.42918395996094,0.011213436722755432,0.07483229041099548,2.4451520442962646,-1.6137088537216187,0.7304931879043579,3.4398350715637207,431.78094482421875,381.2506103515625,192.3919677734375,-0.014717631042003632,0.019753631204366684,2.372976303100586,0.0,0.0,0.0,1,0
1788101101.4731085,30.50784602400381,TRACK,FLOW,/home/eunseop/nrs_imitation/checkpoints/flow/polishing/single_cam/20260827_2128_only90deg/20260828_0341,488.21868896484375,351.6614685058594,175.47341918945312,0.011152979917824268,0.07490093261003494,2.4451167583465576,-0.6101837754249573,-1.4143691062927246,3.061068296432495,431.78094482421875,381.2506103515625,192.3919677734375,-0.014717631042003632,0.019753631204366684,2.372976303100586,0.0,0.0,0.0,1,0
1788101101.7451298,30.779867311997805,TRACK,FLOW,/home/eunseop/nrs_imitation/checkpoints/flow/polishing/single_cam/20260827_2128_only90deg/20260828_0341,488.3913269042969,351.7875671386719,175.687255859375,0.011179188266396523,0.07468222081661224,2.4452269077301025,-0.544736921787262,0.33454281091690063,3.236431121826172,431.78094482421875,381.2506103515625,192.3919677734375,-0.014717631042003632,0.019753631204366684,2.372976303100586,0.0,0.0,0.0,1,0
1788101101.801272,30.836009519000072,TRACK,FLOW,/home/eunseop/nrs_imitation/checkpoints/flow/polishing/single_cam/20260827_2128_only90deg/20260828_0341,488.4299011230469,351.77264404296875,175.67262268066406,0.011205148883163929,0.07480422407388687,2.445164918899536,0.7629783153533936,-0.29732421040534973,2.3000991344451904,431.78094482421875,381.2506103515625,192.3919677734375,-0.014717631042003632,0.019753631204366684,2.372976303100586,0.0,0.0,0.0,1,0
1788101101.8571491,30.8918868189794,TRACK,FLOW,/home/eunseop/nrs_imitation/checkpoints/flow/polishing/single_cam/20260827_2128_only90deg/20260828_0341,488.4815979003906,351.7967224121094,175.7001953125,0.011179293505847454,0.07476445287466049,2.445202112197876,-1.2264145612716675,0.7867142558097839,2.7808005809783936,431.78094482421875,381.2506103515625,192.3919677734375,-0.014717631042003632,0.019753631204366684,2.372976303100586,0.0,0.0,0.0,1,0
1788101102.1451387,31.17987625900423,TRACK,FLOW,/home/eunseop/nrs_imitation/checkpoints/flow/polishing/single_cam/20260827_2128_only90deg/20260828_0341,489.0892333984375,351.7643737792969,175.61105346679688,0.008450683206319809,0.07321081310510635,2.4392964839935303,-0.6075702905654907,-1.3365705013275146,3.574934720993042,431.78094482421875,381.2506103515625,192.3919677734375,-0.014717631042003632,0.019753631204366684,2.372976303100586,0.0,0.0,0.0,1,0
1788101102.209382,31.244119905983098,TRACK,FLOW,/home/eunseop/nrs_imitation/checkpoints/flow/polishing/single_cam/20260827_2128_only90deg/20260828_0341,489.4105529785156,351.5001525878906,175.1732177734375,0.005872751586139202,0.0720805898308754,2.4335696697235107,-2.329495906829834,-1.918715000152588,8.43234920501709,431.78094482421875,381.2506103515625,192.3919677734375,-0.014717631042003632,0.019753631204366684,2.372976303100586,0.0,0.0,0.0,1,0
1788101102.2570865,31.291824118001387,TRACK,FLOW,/home/eunseop/nrs_imitation/checkpoints/flow/polishing/single_cam/20260827_2128_only90deg/20260828_0341,489.6295166015625,351.25933837890625,174.94384765625,0.0042579821310937405,0.07113796472549438,2.4294381141662598,-0.783446192741394,0.4710882604122162,10.084420204162598,431.78094482421875,381.2506103515625,192.3919677734375,-0.014717631042003632,0.019753631204366684,2.372976303100586,0.0,0.0,0.0,1,0
1788101102.3051126,31.339850136020686,TRACK,FLOW,/home/eunseop/nrs_imitation/checkpoints/flow/polishing/single_cam/20260827_2128_only90deg/20260828_0341,489.91357421875,351.0014953613281,174.82025146484375,0.0034515669103711843,0.07115045189857483,2.4280149936676025,-2.7885663509368896,-0.33836469054222107,12.909857749938965,431.78094482421875,381.2506103515625,192.3919677734375,-0.014717631042003632,0.019753631204366684,2.372976303100586,0.0,0.0,0.0,1,0
1788101102.3612711,31.396008473995607,TRACK,FLOW,/home/eunseop/nrs_imitation/checkpoints/flow/polishing/single_cam/20260827_2128_only90deg/20260828_0341,490.2404479980469,350.6236572265625,174.8101043701172,0.0029866406694054604,0.07127369195222855,2.4272568225860596,-3.1630656719207764,0.14362691342830658,12.91106128692627,431.78094482421875,381.2506103515625,192.3919677734375,-0.014717631042003632,0.019753631204366684,2.372976303100586,0.0,0.0,0.0,1,0
1788101102.649085,31.683822567982133,TRACK,FLOW,/home/eunseop/nrs_imitation/checkpoints/flow/polishing/single_cam/20260827_2128_only90deg/20260828_0341,492.02227783203125,348.470458984375,175.01731872558594,0.0010783213656395674,0.07200075685977936,2.4241769313812256,-2.4859814643859863,0.30669549107551575,9.219554901123047,431.78094482421875,381.2506103515625,192.3919677734375,-0.014717631042003632,0.019753631204366684,2.372976303100586,0.0,0.0,0.0,1,0
1788101102.7212007,31.75593831698643,TRACK,FLOW,/home/eunseop/nrs_imitation/checkpoints/flow/polishing/single_cam/20260827_2128_only90deg/20260828_0341,492.470947265625,348.0275573730469,175.23167419433594,0.00019429385429248214,0.07227829098701477,2.423544406890869,-2.6208527088165283,0.7152793407440186,6.151440620422363,431.78094482421875,381.2506103515625,192.3919677734375,-0.014717631042003632,0.019753631204366684,2.372976303100586,0.0,0.0,0.0,1,0
1788101102.7610059,31.795743706985377,TRACK,FLOW,/home/eunseop/nrs_imitation/checkpoints/flow/polishing/single_cam/20260827_2128_only90deg/20260828_0341,492.70147705078125,347.8120422363281,175.30982971191406,-3.6828918382525444e-05,0.07231792062520981,2.4231412410736084,-1.806769847869873,0.37328284978866577,4.515758514404297,492.70147705078125,347.8120422363281,175.30982971191406,-3.6828918382525444e-05,0.07231792062520981,2.4231412410736084,0.0,0.0,-1.2723112106323242,1,0
1788101102.7772665,31.812004508974496,TRACK,FLOW,/home/eunseop/nrs_imitation/checkpoints/flow/polishing/single_cam/20260827_2128_only90deg/20260828_0341,492.8251647949219,347.73565673828125,175.44992065429688,-0.0002366969856666401,0.07223375886678696,2.422977924346924,-2.4717328548431396,-1.4827988147735596,6.1454620361328125,431.78094482421875,381.2506103515625,192.3919677734375,-0.014717631042003632,0.019753631204366684,2.372976303100586,0.0,0.0,0.0,1,0
1788101102.8891118,31.923849461018108,TRACK,FLOW,/home/eunseop/nrs_imitation/checkpoints/flow/polishing/single_cam/20260827_2128_only90deg/20260828_0341,493.4787292480469,346.9853515625,176.10313415527344,-0.002506610471755266,0.0719602108001709,2.4222772121429443,0.06957992166280746,-0.1774885505437851,1.4577152729034424,431.78094482421875,381.2506103515625,192.3919677734375,-0.014717631042003632,0.019753631204366684,2.372976303100586,0.0,0.0,0.0,0,0
1788101102.8892202,31.923957858991344,TRACK,FLOW,/home/eunseop/nrs_imitation/checkpoints/flow/polishing/single_cam/20260827_2128_only90deg/20260828_0341,493.4787292480469,346.9853515625,176.10313415527344,-0.002506610471755266,0.0719602108001709,2.4222772121429443,0.06957992166280746,-0.1774885505437851,1.4577152729034424,493.4787292480469,346.9853515625,176.10313415527344,-0.002506610471755266,0.0719602108001709,2.4222772121429443,0.0,0.0,0.0,0,0
1788101102.9371173,31.971854889998212,TRACK,FLOW,/home/eunseop/nrs_imitation/checkpoints/flow/polishing/single_cam/20260827_2128_only90deg/20260828_0341,493.7515869140625,346.7979431152344,176.38168334960938,-0.0033942849840968847,0.07173381000757217,2.421933650970459,-1.51169753074646,0.40597301721572876,1.4322841167449951,431.78094482421875,381.2506103515625,192.3919677734375,-0.014717631042003632,0.019753631204366684,2.372976303100586,0.0,0.0,0.0,0,0
1788101103.153082,32.187819414015394,TRACK,FLOW,/home/eunseop/nrs_imitation/checkpoints/flow/polishing/single_cam/20260827_2128_only90deg/20260828_0341,495.0005798339844,346.1074523925781,178.15158081054688,-0.008042947389185429,0.07078561186790466,2.419851541519165,-0.9563977718353271,0.8586834073066711,1.5014550685882568,431.78094482421875,381.2506103515625,192.3919677734375,-0.014717631042003632,0.019753631204366684,2.372976303100586,0.0,0.0,0.0,0,0
1788101103.209094,32.243831632018555,TRACK,FLOW,/home/eunseop/nrs_imitation/checkpoints/flow/polishing/single_cam/20260827_2128_only90deg/20260828_0341,495.1836242675781,345.91119384765625,178.7266845703125,-0.00940863136202097,0.07060369104146957,2.4195823669433594,-1.7969518899917603,0.3587912619113922,-0.6972706913948059,431.78094482421875,381.2506103515625,192.3919677734375,-0.014717631042003632,0.019753631204366684,2.372976303100586,0.0,0.0,0.0,0,0
1788101103.441163,32.47590060997754,TRACK,FLOW,/home/eunseop/nrs_imitation/checkpoints/flow/polishing/single_cam/20260827_2128_only90deg/20260828_0341,495.47528076171875,345.5978698730469,180.88473510742188,-0.016193220391869545,0.07003684341907501,2.418696165084839,-1.2884845733642578,0.7134414911270142,-0.29895511269569397,431.78094482421875,381.2506103515625,192.3919677734375,-0.014717631042003632,0.019753631204366684,2.372976303100586,0.0,0.0,0.0,0,0
1788101103.4971588,32.53189636598108,TRACK,FLOW,/home/eunseop/nrs_imitation/checkpoints/flow/polishing/single_cam/20260827_2128_only90deg/20260828_0341,495.4439392089844,345.6415710449219,181.34896850585938,-0.01777298003435135,0.06980910152196884,2.418398141860962,-0.18949565291404724,-0.8631992340087891,0.28459322452545166,431.78094482421875,381.2506103515625,192.3919677734375,-0.014717631042003632,0.019753631204366684,2.372976303100586,0.0,0.0,0.0,0,0
1788101103.753101,32.787838660005946,TRACK,FLOW,/home/eunseop/nrs_imitation/checkpoints/flow/polishing/single_cam/20260827_2128_only90deg/20260828_0341,495.3348083496094,345.8993225097656,183.38096618652344,-0.025941982865333557,0.06886135041713715,2.41762113571167,-1.1228079795837402,0.31997132301330566,-0.19754204154014587,431.78094482421875,381.2506103515625,192.3919677734375,-0.014717631042003632,0.019753631204366684,2.372976303100586,0.0,0.0,0.0,0,0
1788101103.809178,32.84391564200632,TRACK,FLOW,/home/eunseop/nrs_imitation/checkpoints/flow/polishing/single_cam/20260827_2128_only90deg/20260828_0341,495.2755126953125,345.99322509765625,183.8055877685547,-0.027639690786600113,0.06855515390634537,2.417471408843994,-0.6032663583755493,-0.6684660911560059,0.6832603812217712,431.78094482421875,381.2506103515625,192.3919677734375,-0.014717631042003632,0.019753631204366684,2.372976303100586,0.0,0.0,0.0,0,0
1788101103.8652058,32.8999432590208,TRACK,FLOW,/home/eunseop/nrs_imitation/checkpoints/flow/polishing/single_cam/20260827_2128_only90deg/20260828_0341,495.2054443359375,346.06024169921875,184.1502685546875,-0.029225865378975868,0.06839899718761444,2.417104721069336,0.2768866717815399,-1.47659432888031,1.247642993927002,431.78094482421875,381.2506103515625,192.3919677734375,-0.014717631042003632,0.019753631204366684,2.372976303100586,0.0,0.0,0.0,0,0
1788101104.169452,33.20418972300831,TRACK,FLOW,/home/eunseop/nrs_imitation/checkpoints/flow/polishing/single_cam/20260827_2128_only90deg/20260828_0341,494.72833251953125,346.3011779785156,185.88148498535156,-0.03652454912662506,0.0682053491473198,2.4154796600341797,0.48932820558547974,0.7999491691589355,0.26665621995925903,431.78094482421875,381.2506103515625,192.3919677734375,-0.014717631042003632,0.019753631204366684,2.372976303100586,0.0,0.0,0.0,0,0
1788101104.2250729,33.25981035199948,TRACK,FLOW,/home/eunseop/nrs_imitation/checkpoints/flow/polishing/single_cam/20260827_2128_only90deg/20260828_0341,494.7091064453125,346.2630310058594,186.20933532714844,-0.038018662482500076,0.06829174607992172,2.4151906967163086,-0.835088849067688,0.372337281703949,0.4233037531375885,431.78094482421875,381.2506103515625,192.3919677734375,-0.014717631042003632,0.019753631204366684,2.372976303100586,0.0,0.0,0.0,0,0
1788101104.28119,33.31592742999783,TRACK,FLOW,/home/eunseop/nrs_imitation/checkpoints/flow/polishing/single_cam/20260827_2128_only90deg/20260828_0341,494.6717529296875,346.2967224121094,186.53948974609375,-0.03931259363889694,0.06818035989999771,2.4147214889526367,-0.720333456993103,1.0098888874053955,0.28715458512306213,431.78094482421875,381.2506103515625,192.3919677734375,-0.014717631042003632,0.019753631204366684,2.372976303100586,0.0,0.0,0.0,0,0
1788101104.5450761,33.579813843010925,TRACK,FLOW,/home/eunseop/nrs_imitation/checkpoints/flow/polishing/single_cam/20260827_2128_only90deg/20260828_0341,493.88446044921875,346.9170227050781,188.41561889648438,-0.04514600336551666,0.06699774414300919,2.4131898880004883,0.11937284469604492,-1.0578467845916748,0.5187746286392212,431.78094482421875,381.2506103515625,192.3919677734375,-0.014717631042003632,0.019753631204366684,2.372976303100586,0.0,0.0,0.0,0,0
1788101104.6011581,33.63589585502632,TRACK,FLOW,/home/eunseop/nrs_imitation/checkpoints/flow/polishing/single_cam/20260827_2128_only90deg/20260828_0341,493.6287536621094,347.0849609375,188.80322265625,-0.046208705753088,0.06677085161209106,2.4127283096313477,0.25661465525627136,-1.0650920867919922,0.3936360478401184,431.78094482421875,381.2506103515625,192.3919677734375,-0.014717631042003632,0.019753631204366684,2.372976303100586,0.0,0.0,0.0,0,0
1788101104.8571994,33.89193676697323,TRACK,FLOW,/home/eunseop/nrs_imitation/checkpoints/flow/polishing/single_cam/20260827_2128_only90deg/20260828_0341,492.6116638183594,347.45703125,190.3074493408203,-0.05074763670563698,0.06623277813196182,2.411189079284668,-0.39524275064468384,-1.1518092155456543,1.111349105834961,431.78094482421875,381.2506103515625,192.3919677734375,-0.014717631042003632,0.019753631204366684,2.372976303100586,0.0,0.0,0.0,0,0
1788101104.9051661,33.93990371201653,TRACK,FLOW,/home/eunseop/nrs_imitation/checkpoints/flow/polishing/single_cam/20260827_2128_only90deg/20260828_0341,492.4823913574219,347.5566711425781,190.6463623046875,-0.05176069587469101,0.06598962843418121,2.410881519317627,-1.2769588232040405,0.4772891700267792,0.476946622133255,431.78094482421875,381.2506103515625,192.3919677734375,-0.014717631042003632,0.019753631204366684,2.372976303100586,0.0,0.0,0.0,0,0
1788101104.9613185,33.99605665897252,TRACK,FLOW,/home/eunseop/nrs_imitation/checkpoints/flow/polishing/single_cam/20260827_2128_only90deg/20260828_0341,492.1131591796875,347.7385559082031,190.901611328125,-0.052458956837654114,0.06593876332044601,2.4105284214019775,-0.4462384581565857,1.5040996074676514,0.3704761564731598,431.78094482421875,381.2506103515625,192.3919677734375,-0.014717631042003632,0.019753631204366684,2.372976303100586,0.0,0.0,0.0,0,0
1788101105.2490852,34.28382273000898,TRACK,FLOW,/home/eunseop/nrs_imitation/checkpoints/flow/polishing/single_cam/20260827_2128_only90deg/20260828_0341,490.7518615722656,348.1328430175781,192.5166473388672,-0.05686945095658302,0.06619655340909958,2.407653570175171,-0.0525238960981369,-1.621240258216858,0.3902604579925537,431.78094482421875,381.2506103515625,192.3919677734375,-0.014717631042003632,0.019753631204366684,2.372976303100586,0.0,0.0,0.0,0,0
1788101105.3052995,34.34003709501121,TRACK,FLOW,/home/eunseop/nrs_imitation/checkpoints/flow/polishing/single_cam/20260827_2128_only90deg/20260828_0341,490.4144592285156,348.30255126953125,192.8324737548828,-0.05742568522691727,0.06610286235809326,2.407252788543701,0.19626477360725403,-1.535475254058838,0.7724973559379578,431.78094482421875,381.2506103515625,192.3919677734375,-0.014717631042003632,0.019753631204366684,2.372976303100586,0.0,0.0,0.0,0,0
1788101105.553133,34.58787063398631,TRACK,FLOW,/home/eunseop/nrs_imitation/checkpoints/flow/polishing/single_cam/20260827_2128_only90deg/20260828_0341,489.09124755859375,349.12677001953125,194.3873748779297,-0.060680460184812546,0.06498418748378754,2.4047696590423584,0.9566206932067871,-0.939565122127533,0.04042338207364082,409.5301818847656,386.36163330078125,194.9935760498047,-0.04346272349357605,-0.004993087146431208,2.350653886795044,0.0,0.0,0.0,0,0
1788101105.6090913,34.643828738015145,TRACK,FLOW,/home/eunseop/nrs_imitation/checkpoints/flow/polishing/single_cam/20260827_2128_only90deg/20260828_0341,488.73699951171875,349.2691650390625,194.72711181640625,-0.06104136258363724,0.06469690799713135,2.4040215015411377,0.6175253987312317,0.25014951825141907,0.5586641430854797,409.1793518066406,386.37408447265625,194.86251831054688,-0.042895566672086716,-0.004935889970511198,2.351006031036377,0.0,0.0,0.0,0,0
1788101105.665422,34.70015974598937,TRACK,FLOW,/home/eunseop/nrs_imitation/checkpoints/flow/polishing/single_cam/20260827_2128_only90deg/20260828_0341,488.36083984375,349.4101257324219,195.03399658203125,-0.06150073558092117,0.06459026038646698,2.40335750579834,-0.1599181890487671,0.8935892581939697,0.2725442051887512,409.1793518066406,386.37408447265625,194.86251831054688,-0.042895566672086716,-0.004935889970511198,2.351006031036377,0.0,0.0,0.0,0,0
1788101105.9693403,35.004078412021045,TRACK,FLOW,/home/eunseop/nrs_imitation/checkpoints/flow/polishing/single_cam/20260827_2128_only90deg/20260828_0341,486.26708984375,350.29949951171875,196.23483276367188,-0.06335829943418503,0.06397203356027603,2.400613307952881,-0.8131409883499146,-1.72177255153656,1.3157720565795898,409.1793518066406,386.37408447265625,194.86251831054688,-0.042895566672086716,-0.004935889970511198,2.351006031036377,0.0,0.0,0.0,0,0
1788101106.025217,35.05995466001332,TRACK,FLOW,/home/eunseop/nrs_imitation/checkpoints/flow/polishing/single_cam/20260827_2128_only90deg/20260828_0341,485.9194030761719,350.5541687011719,196.46762084960938,-0.06366750597953796,0.06368347257375717,2.400296449661255,-0.5151198506355286,-0.28479453921318054,-0.28229624032974243,409.1793518066406,386.37408447265625,194.86251831054688,-0.042895566672086716,-0.004935889970511198,2.351006031036377,0.0,0.0,0.0,0,0
1788101106.2810814,35.315818962990306,TRACK,FLOW,/home/eunseop/nrs_imitation/checkpoints/flow/polishing/single_cam/20260827_2128_only90deg/20260828_0341,484.201416015625,351.5931396484375,197.3660430908203,-0.06477374583482742,0.06266465038061142,2.3985636234283447,-0.8332502841949463,0.20805497467517853,0.2288384884595871,409.1793518066406,386.37408447265625,194.86251831054688,-0.042895566672086716,-0.004935889970511198,2.351006031036377,0.0,0.0,0.0,0,0
1788101106.3292809,35.36401848401874,TRACK,FLOW,/home/eunseop/nrs_imitation/checkpoints/flow/polishing/single_cam/20260827_2128_only90deg/20260828_0341,483.8548583984375,351.76397705078125,197.4661865234375,-0.0648828074336052,0.06262082606554031,2.39823842048645,0.28926360607147217,0.18361921608448029,0.026630518957972527,409.1793518066406,386.37408447265625,194.86251831054688,-0.042895566672086716,-0.004935889970511198,2.351006031036377,0.0,0.0,0.0,0,0
1788101106.4012742,35.436011486977804,TRACK,FLOW,/home/eunseop/nrs_imitation/checkpoints/flow/polishing/single_cam/20260827_2128_only90deg/20260828_0341,483.3292541503906,352.13177490234375,197.72598266601562,-0.06500871479511261,0.062209151685237885,2.3978145122528076,-0.56128990650177,1.0336647033691406,0.7283897995948792,409.1793518066406,386.37408447265625,194.86251831054688,-0.042895566672086716,-0.004935889970511198,2.351006031036377,0.0,0.0,0.0,0,0
1788101106.6731346,35.70787232700968,TRACK,FLOW,/home/eunseop/nrs_imitation/checkpoints/flow/polishing/single_cam/20260827_2128_only90deg/20260828_0341,481.40423583984375,353.2862243652344,198.4637451171875,-0.065336212515831,0.06112624704837799,2.3962454795837402,-1.6092897653579712,-0.06033416837453842,0.8894174098968506,409.1793518066406,386.37408447265625,194.86251831054688,-0.042895566672086716,-0.004935889970511198,2.351006031036377,0.0,0.0,0.0,0,0
1788101106.7293265,35.76406436902471,TRACK,FLOW,/home/eunseop/nrs_imitation/checkpoints/flow/polishing/single_cam/20260827_2128_only90deg/20260828_0341,480.9644470214844,353.58892822265625,198.59429931640625,-0.06524964421987534,0.06085765361785889,2.396124839782715,-1.5697304010391235,-1.750917911529541,0.7307905554771423,409.1793518066406,386.37408447265625,194.86251831054688,-0.042895566672086716,-0.004935889970511198,2.351006031036377,0.0,0.0,0.0,0,0
1788101106.9771085,36.01184610801283,TRACK,FLOW,/home/eunseop/nrs_imitation/checkpoints/flow/polishing/single_cam/20260827_2128_only90deg/20260828_0341,479.0556335449219,354.8659362792969,199.11257934570312,-0.06473314017057419,0.05980445072054863,2.3952248096466064,0.03293526545166969,-2.4080052375793457,0.9054818153381348,409.1793518066406,386.37408447265625,194.86251831054688,-0.042895566672086716,-0.004935889970511198,2.351006031036377,0.0,0.0,0.0,0,0
1788101107.0332737,36.068011518975254,TRACK,FLOW,/home/eunseop/nrs_imitation/checkpoints/flow/polishing/single_cam/20260827_2128_only90deg/20260828_0341,478.6247863769531,355.115234375,199.2286376953125,-0.06464482843875885,0.059662602841854095,2.3949851989746094,0.2440991997718811,-1.4573884010314941,-0.09002290666103363,409.1793518066406,386.37408447265625,194.86251831054688,-0.042895566672086716,-0.004935889970511198,2.351006031036377,0.0,0.0,0.0,0,0
1788101107.0892253,36.123962669982575,TRACK,FLOW,/home/eunseop/nrs_imitation/checkpoints/flow/polishing/single_cam/20260827_2128_only90deg/20260828_0341,478.1675720214844,355.43878173828125,199.29296875,-0.06438292562961578,0.05938277766108513,2.3947346210479736,0.49740198254585266,0.7367815971374512,-0.28134769201278687,409.1793518066406,386.37408447265625,194.86251831054688,-0.042895566672086716,-0.004935889970511198,2.351006031036377,0.0,0.0,0.0,0,0
1788101107.3771043,36.4118421979947,TRACK,FLOW,/home/eunseop/nrs_imitation/checkpoints/flow/polishing/single_cam/20260827_2128_only90deg/20260828_0341,475.92742919921875,357.0210266113281,199.6595001220703,-0.06312692910432816,0.057656873017549515,2.3939340114593506,0.650105357170105,0.4596954584121704,-0.030777473002672195,409.1793518066406,386.37408447265625,194.86251831054688,-0.042895566672086716,-0.004935889970511198,2.351006031036377,0.0,0.0,0.0,0,0
1788101107.4250872,36.45982469298178,TRACK,FLOW,/home/eunseop/nrs_imitation/checkpoints/flow/polishing/single_cam/20260827_2128_only90deg/20260828_0341,475.5362243652344,357.26763916015625,199.6922607421875,-0.06294353306293488,0.05741659924387932,2.3938257694244385,-1.7772865295410156,-0.33760368824005127,-0.3515096604824066,409.1793518066406,386.37408447265625,194.86251831054688,-0.042895566672086716,-0.004935889970511198,2.351006031036377,0.0,0.0,0.0,0,0
1788101107.6811068,36.715844364021905,TRACK,FLOW,/home/eunseop/nrs_imitation/checkpoints/flow/polishing/single_cam/20260827_2128_only90deg/20260828_0341,473.5234069824219,358.6112976074219,199.799560546875,-0.0622377023100853,0.05643784999847412,2.39349102973938,-1.77851140499115,0.7225838899612427,0.06739889085292816,409.1793518066406,386.37408447265625,194.86251831054688,-0.042895566672086716,-0.004935889970511198,2.351006031036377,0.0,0.0,0.0,0,0
1788101107.7371783,36.77191594499163,TRACK,FLOW,/home/eunseop/nrs_imitation/checkpoints/flow/polishing/single_cam/20260827_2128_only90deg/20260828_0341,473.0830383300781,358.95135498046875,199.87786865234375,-0.06202779337763786,0.05605662241578102,2.3933827877044678,-1.5319100618362427,-1.0892277956008911,0.24044954776763916,409.1793518066406,386.37408447265625,194.86251831054688,-0.042895566672086716,-0.004935889970511198,2.351006031036377,0.0,0.0,0.0,0,0
1788101107.985246,37.01998367102351,TRACK,FLOW,/home/eunseop/nrs_imitation/checkpoints/flow/polishing/single_cam/20260827_2128_only90deg/20260828_0341,471.04681396484375,360.27484130859375,199.9273681640625,-0.06082553416490555,0.05503026023507118,2.393160581588745,-0.1728074997663498,-2.830331325531006,1.2223155498504639,409.1793518066406,386.37408447265625,194.86251831054688,-0.042895566672086716,-0.004935889970511198,2.351006031036377,0.0,0.0,0.0,0,0
1788101108.041179,37.075916387024336,TRACK,FLOW,/home/eunseop/nrs_imitation/checkpoints/flow/polishing/single_cam/20260827_2128_only90deg/20260828_0341,470.58380126953125,360.6060485839844,199.95547485351562,-0.06049468368291855,0.054677728563547134,2.393125295639038,0.14790451526641846,-0.644953191280365,0.8129348158836365,409.1793518066406,386.37408447265625,194.86251831054688,-0.042895566672086716,-0.004935889970511198,2.351006031036377,0.0,0.0,0.0,0,0
1788101108.3053162,37.340053497988265,TRACK,FLOW,/home/eunseop/nrs_imitation/checkpoints/flow/polishing/single_cam/20260827_2128_only90deg/20260828_0341,468.57745361328125,362.11895751953125,199.97604370117188,-0.059572260826826096,0.053324293345212936,2.3934834003448486,-1.3784456253051758,0.8465182185173035,1.464308500289917,409.1793518066406,386.37408447265625,194.86251831054688,-0.042895566672086716,-0.004935889970511198,2.351006031036377,0.0,0.0,0.0,0,0
1788101108.3614268,37.39616505597951,TRACK,FLOW,/home/eunseop/nrs_imitation/checkpoints/flow/polishing/single_cam/20260827_2128_only90deg/20260828_0341,468.10009765625,362.4525146484375,199.9353790283203,-0.05921918898820877,0.053066302090883255,2.393521308898926,-1.232891321182251,0.9115027785301208,-0.2967853248119354,409.1793518066406,386.37408447265625,194.86251831054688,-0.042895566672086716,-0.004935889970511198,2.351006031036377,0.0,0.0,0.0,0,0
1788101108.4171903,37.45192790601868,TRACK,FLOW,/home/eunseop/nrs_imitation/checkpoints/flow/polishing/single_cam/20260827_2128_only90deg/20260828_0341,467.66900634765625,362.78363037109375,199.91409301757812,-0.05898653715848923,0.052833329886198044,2.393521785736084,-0.6078888177871704,-1.1133766174316406,-0.11316486448049545,409.1793518066406,386.37408447265625,194.86251831054688,-0.042895566672086716,-0.004935889970511198,2.351006031036377,0.0,0.0,0.0,0,0
1788101108.6970797,37.731816996005364,TRACK,FLOW,/home/eunseop/nrs_imitation/checkpoints/flow/polishing/single_cam/20260827_2128_only90deg/20260828_0341,465.5023193359375,364.3657531738281,199.87478637695312,-0.057942382991313934,0.05175372213125229,2.3939902782440186,-0.10659633576869965,1.3002327680587769,0.48593342304229736,409.1793518066406,386.37408447265625,194.86251831054688,-0.042895566672086716,-0.004935889970511198,2.351006031036377,0.0,0.0,0.0,0,0
1788101108.7452345,37.77997208101442,TRACK,FLOW,/home/eunseop/nrs_imitation/checkpoints/flow/polishing/single_cam/20260827_2128_only90deg/20260828_0341,465.1356506347656,364.6047668457031,199.83753967285156,-0.05787929520010948,0.05166318267583847,2.3940858840942383,-0.14693133533000946,-0.7851726412773132,0.2817211151123047,409.1793518066406,386.37408447265625,194.86251831054688,-0.042895566672086716,-0.004935889970511198,2.351006031036377,0.0,0.0,0.0,0,0
1788101108.8171737,37.851911170990206,TRACK,FLOW,/home/eunseop/nrs_imitation/checkpoints/flow/polishing/single_cam/20260827_2128_only90deg/20260828_0341,464.55877685546875,365.02020263671875,199.81710815429688,-0.057534072548151016,0.051176343113183975,2.3941218852996826,1.5239886045455933,0.08084037899971008,-0.6845585703849792,409.1793518066406,386.37408447265625,194.86251831054688,-0.042895566672086716,-0.004935889970511198,2.351006031036377,0.0,0.0,0.0,0,0
1788101108.8651571,37.8998946279753,TRACK,FLOW,/home/eunseop/nrs_imitation/checkpoints/flow/polishing/single_cam/20260827_2128_only90deg/20260828_0341,464.1429443359375,365.29412841796875,199.7772216796875,-0.05724335461854935,0.05103907361626625,2.3942315578460693,-1.014242172241211,-0.12134584784507751,0.0815906971693039,409.1793518066406,386.37408447265625,194.86251831054688,-0.042895566672086716,-0.004935889970511198,2.351006031036377,0.0,0.0,0.0,0,0
1788101109.1051283,38.13986562198261,TRACK,FLOW,/home/eunseop/nrs_imitation/checkpoints/flow/polishing/single_cam/20260827_2128_only90deg/20260828_0341,462.2444763183594,366.65960693359375,199.64230346679688,-0.05626916140317917,0.04984474182128906,2.3952136039733887,-0.21683208644390106,1.2851203680038452,0.2981206774711609,409.1793518066406,386.37408447265625,194.86251831054688,-0.042895566672086716,-0.004935889970511198,2.351006031036377,0.0,0.0,0.0,0,0
1788101109.153078,38.18781561497599,TRACK,FLOW,/home/eunseop/nrs_imitation/checkpoints/flow/polishing/single_cam/20260827_2128_only90deg/20260828_0341,461.84661865234375,366.87554931640625,199.58956909179688,-0.05607901141047478,0.04981837049126625,2.3954780101776123,0.4512282609939575,-1.3015979528427124,1.4131975173950195,409.1793518066406,386.37408447265625,194.86251831054688,-0.042895566672086716,-0.004935889970511198,2.351006031036377,0.0,0.0,0.0,0,0
