t_wall,t_elapsed_sec,stage,policy_class,ckpt_dir,meas_x_mm,meas_y_mm,meas_z_mm,meas_rx,meas_ry,meas_rz,meas_fx_N,meas_fy_N,meas_fz_N,cmd_x_mm,cmd_y_mm,cmd_z_mm,cmd_rx,cmd_ry,cmd_rz,cmd_fx_N,cmd_fy_N,cmd_fz_N,contact,cmd_safety_blocked
1786431227.5896835,0.011082629000156885,APPROACH,FLOW,/home/eunseop/nrs_imitation/checkpoints/flow/polishing/single_cam/20260809_1638,495.98626708984375,330.9745788574219,217.2109832763672,-0.016278672963380814,0.0033485782332718372,2.7664756774902344,-0.6371469497680664,2.1123321056365967,0.7026742696762085,495.98626708984375,330.9745788574219,217.2109832763672,-0.016278672963380814,0.0033485782332718372,2.7664756774902344,0.0,0.0,0.0,0,0
1786431227.598396,0.019795279999925697,APPROACH,FLOW,/home/eunseop/nrs_imitation/checkpoints/flow/polishing/single_cam/20260809_1638,495.9935607910156,330.9909973144531,217.18960571289062,-0.01628871075809002,0.003295406699180603,2.766427755355835,-0.0190860815346241,2.519977331161499,0.6429785490036011,495.9935607910156,330.9909973144531,217.18960571289062,-0.01628871075809002,0.003295406699180603,2.766427755355835,0.0,0.0,0.0,0,0
1786431227.6056995,0.02709854600016115,APPROACH,FLOW,/home/eunseop/nrs_imitation/checkpoints/flow/polishing/single_cam/20260809_1638,495.9914855957031,330.977783203125,217.18841552734375,-0.016296839341521263,0.003280939068645239,2.766427516937256,-0.704021692276001,2.0472636222839355,0.7053310871124268,495.9935607910156,330.990966796875,217.1901092529297,-0.016288552433252335,0.003294888650998473,2.7664272785186768,0.0,0.0,0.0,0,0
1786431227.6137266,0.035125802000038675,APPROACH,FLOW,/home/eunseop/nrs_imitation/checkpoints/flow/polishing/single_cam/20260809_1638,495.9818420410156,330.9876403808594,217.18692016601562,-0.016280552372336388,0.003309766761958599,2.766416072845459,-0.40260475873947144,1.8551980257034302,1.045444130897522,495.9935302734375,330.9908447265625,217.19161987304688,-0.016288073733448982,0.00329333427362144,2.7664263248443604,0.0,0.0,0.0,0,0
1786431227.6217372,0.043136365999998816,APPROACH,FLOW,/home/eunseop/nrs_imitation/checkpoints/flow/polishing/single_cam/20260809_1638,495.9831237792969,330.9969177246094,217.1420135498047,-0.01625734567642212,0.0033170890528708696,2.766451835632324,0.22489193081855774,2.321599245071411,0.3975159823894501,495.9935302734375,330.9906311035156,217.19412231445312,-0.01628727838397026,0.0032907449640333652,2.7664244174957275,0.0,0.0,0.0,0,0
1786431227.62972,0.05111912600023061,APPROACH,FLOW,/home/eunseop/nrs_imitation/checkpoints/flow/polishing/single_cam/20260809_1638,495.9891662597656,330.9887390136719,217.12869262695312,-0.016286687925457954,0.003333071246743202,2.7664036750793457,-0.8373327851295471,1.778972864151001,1.1595515012741089,495.9935302734375,330.9903259277344,217.19766235351562,-0.01628616638481617,0.003287119325250387,2.7664217948913574,0.0,0.0,0.0,0,0
1786431227.6377068,0.05910597399997641,APPROACH,FLOW,/home/eunseop/nrs_imitation/checkpoints/flow/polishing/single_cam/20260809_1638,496.0010681152344,331.0290832519531,217.0852508544922,-0.016297893598675728,0.0032425036188215017,2.766331911087036,-1.223986268043518,0.3046836853027344,3.3836920261383057,495.9934997558594,330.9899597167969,217.20216369628906,-0.016284745186567307,0.0032824864611029625,2.76641845703125,0.0,0.0,0.0,0,0
1786431227.6457262,0.06712551500004338,APPROACH,FLOW,/home/eunseop/nrs_imitation/checkpoints/flow/polishing/single_cam/20260809_1638,496.1202697753906,331.2266540527344,216.9790496826172,-0.01665274053812027,0.0027430623304098845,2.7663400173187256,-0.5411560535430908,0.07324214279651642,5.789309978485107,495.9934997558594,330.9895324707031,217.20767211914062,-0.016283007338643074,0.003276819596067071,2.7664146423339844,0.0,0.0,0.0,0,0
1786431227.6545439,0.07594302699999389,APPROACH,FLOW,/home/eunseop/nrs_imitation/checkpoints/flow/polishing/single_cam/20260809_1638,496.1202697753906,331.2266540527344,216.9790496826172,-0.01665274053812027,0.0027430623304098845,2.7663400173187256,-0.5411560535430908,0.07324214279651642,5.789309978485107,495.9934387207031,330.9889221191406,217.21490478515625,-0.016280723735690117,0.0032693787943571806,2.766409158706665,0.0,0.0,0.0,0,0
1786431227.6616678,0.0830667979998907,APPROACH,FLOW,/home/eunseop/nrs_imitation/checkpoints/flow/polishing/single_cam/20260809_1638,496.63397216796875,332.0481872558594,216.24716186523438,-0.01774359680712223,0.0008152432856149971,2.7663490772247314,-1.51462721824646,-1.4153496026992798,12.463034629821777,495.9934387207031,330.9883728027344,217.22166442871094,-0.016278592869639397,0.0032624341547489166,2.766404151916504,0.0,0.0,0.0,0,0
1786431227.6696665,0.091065589000209,APPROACH,FLOW,/home/eunseop/nrs_imitation/checkpoints/flow/polishing/single_cam/20260809_1638,497.1283264160156,332.6697998046875,215.5087432861328,-0.018655475229024887,-0.0008589260978624225,2.766324520111084,-3.51082444190979,-0.7608255743980408,18.0141544342041,495.993408203125,330.9877014160156,217.2301483154297,-0.0162759181112051,0.0032537186052650213,2.7663981914520264,0.0,0.0,0.0,0,0
1786431227.677752,0.09915135699975508,APPROACH,FLOW,/home/eunseop/nrs_imitation/checkpoints/flow/polishing/single_cam/20260809_1638,497.80218505859375,333.6260986328125,214.45635986328125,-0.019810892641544342,-0.00307588092982769,2.7663776874542236,-3.9564409255981445,0.7836928963661194,18.36457633972168,495.9933776855469,330.9869384765625,217.2396240234375,-0.016272924840450287,0.0032439667265862226,2.7663912773132324,0.0,0.0,0.0,0,0
1786431227.6857445,0.1071437460004745,APPROACH,FLOW,/home/eunseop/nrs_imitation/checkpoints/flow/polishing/single_cam/20260809_1638,498.6147155761719,334.595458984375,212.9619598388672,-0.02111133188009262,-0.005345861427485943,2.766296148300171,-2.613880157470703,0.45041418075561523,17.750423431396484,495.9932861328125,330.9860534667969,217.2500457763672,-0.016269631683826447,0.003233234863728285,2.766383647918701,0.0,0.0,0.0,0,0
1786431227.6952138,0.11661287900005846,APPROACH,FLOW,/home/eunseop/nrs_imitation/checkpoints/flow/polishing/single_cam/20260809_1638,499.5471496582031,335.7424621582031,211.01995849609375,-0.022474953904747963,-0.00783073902130127,2.7663421630859375,-2.613880157470703,0.45041418075561523,17.750423431396484,495.99322509765625,330.9849548339844,217.26376342773438,-0.01626530848443508,0.003219145815819502,2.766373634338379,0.0,0.0,0.0,0,0
1786431227.701672,0.12307120300010865,APPROACH,FLOW,/home/eunseop/nrs_imitation/checkpoints/flow/polishing/single_cam/20260809_1638,500.6470642089844,337.0439147949219,208.70132446289062,-0.024111077189445496,-0.010838347487151623,2.7663557529449463,-4.684633731842041,-0.6765045523643494,16.076251983642578,495.9931945800781,330.984130859375,217.27381896972656,-0.016262132674455643,0.00320879346691072,2.7663662433624268,0.0,0.0,0.0,0,0
1786431227.70973,0.1311289579998629,APPROACH,FLOW,/home/eunseop/nrs_imitation/checkpoints/flow/polishing/single_cam/20260809_1638,501.9032897949219,338.5157775878906,205.92391967773438,-0.02610669657588005,-0.014323377050459385,2.76623797416687,1.5533877611160278,1.8341434001922607,14.682759284973145,495.9931335449219,330.9830322265625,217.28720092773438,-0.016257908195257187,0.003195027820765972,2.7663562297821045,0.0,0.0,0.0,0,0
1786431227.71765,0.13904887700027757,APPROACH,FLOW,/home/eunseop/nrs_imitation/checkpoints/flow/polishing/single_cam/20260809_1638,503.0120849609375,339.935302734375,202.83468627929688,-0.027893368154764175,-0.01750018447637558,2.766360282897949,3.6764934062957764,6.308102130889893,8.028850555419922,495.9930725097656,330.9818420410156,217.30148315429688,-0.016253402456641197,0.0031803445890545845,2.766345977783203,0.0,0.0,0.0,0,0
1786431227.7256372,0.14703618600015034,APPROACH,FLOW,/home/eunseop/nrs_imitation/checkpoints/flow/polishing/single_cam/20260809_1638,503.8879089355469,340.9821472167969,199.3629150390625,-0.029050013050436974,-0.01961507275700569,2.7662923336029053,5.925740718841553,7.534789085388184,2.172858953475952,495.9930114746094,330.9806213378906,217.31675720214844,-0.016248580068349838,0.0031646317802369595,2.7663350105285645,0.0,0.0,0.0,0,0
1786431227.7336383,0.1550375320002786,APPROACH,FLOW,/home/eunseop/nrs_imitation/checkpoints/flow/polishing/single_cam/20260809_1638,504.5870361328125,341.8202819824219,195.79066467285156,-0.030082274228334427,-0.021469810977578163,2.7662861347198486,6.236752510070801,8.092984199523926,-3.361511707305908,495.9929504394531,330.97930908203125,217.3330078125,-0.016243457794189453,0.0031479336321353912,2.7663228511810303,0.0,0.0,0.0,0,0
1786431227.741667,0.1630660299997544,APPROACH,FLOW,/home/eunseop/nrs_imitation/checkpoints/flow/polishing/single_cam/20260809_1638,504.9826354980469,342.296630859375,192.09268188476562,-0.03073003888130188,-0.022496681660413742,2.766291379928589,7.380834579467773,8.144624710083008,-7.903412342071533,495.99285888671875,330.9778747558594,217.35018920898438,-0.016238028183579445,0.003130244556814432,2.766310214996338,0.0,0.0,0.0,0,0
1786431227.7496798,0.17107893800039164,APPROACH,FLOW,/home/eunseop/nrs_imitation/checkpoints/flow/polishing/single_cam/20260809_1638,504.9381103515625,342.300537109375,188.3419952392578,-0.03061402030289173,-0.02249694988131523,2.766305685043335,7.31869649887085,10.053997039794922,-7.609659671783447,495.9927978515625,330.9764099121094,217.36834716796875,-0.01623229682445526,0.0031115678139030933,2.7662971019744873,0.0,0.0,0.0,0,0
1786431227.758427,0.17982592499993189,APPROACH,FLOW,/home/eunseop/nrs_imitation/checkpoints/flow/polishing/single_cam/20260809_1638,504.9381103515625,342.300537109375,188.3419952392578,-0.03061402030289173,-0.02249694988131523,2.766305685043335,7.31869649887085,10.053997039794922,-7.609659671783447,495.9927062988281,330.9747009277344,217.38929748535156,-0.01622568629682064,0.003090025158599019,2.766281843185425,0.0,0.0,0.0,0,0
1786431227.7656791,0.18707827300022473,APPROACH,FLOW,/home/eunseop/nrs_imitation/checkpoints/flow/polishing/single_cam/20260809_1638,503.709228515625,340.8708190917969,180.966064453125,-0.028794126585125923,-0.019227610900998116,2.766371011734009,5.049935817718506,6.878418922424316,-10.393548965454102,495.99261474609375,330.97320556640625,217.40750122070312,-0.016219940036535263,0.0030712997540831566,2.766268253326416,0.0,0.0,0.0,0,0
1786431227.7736447,0.19504390000020067,APPROACH,FLOW,/home/eunseop/nrs_imitation/checkpoints/flow/polishing/single_cam/20260809_1638,502.69940185546875,339.6226806640625,177.63241577148438,-0.027261126786470413,-0.016401872038841248,2.7663767337799072,1.3067189455032349,6.0843610763549805,-11.717700004577637,495.9925231933594,330.97149658203125,217.42845153808594,-0.016213329508900642,0.0030497554689645767,2.7662529945373535,0.0,0.0,0.0,0,0
1786431227.781668,0.2030670080002892,APPROACH,FLOW,/home/eunseop/nrs_imitation/checkpoints/flow/polishing/single_cam/20260809_1638,501.439208984375,338.1021423339844,174.63987731933594,-0.025310533121228218,-0.01299777440726757,2.7664008140563965,2.157118558883667,4.274014472961426,-16.451444625854492,495.992431640625,330.9696960449219,217.45040893554688,-0.016206398606300354,0.003027171827852726,2.7662367820739746,0.0,0.0,0.0,0,0
1786431227.7896366,0.2110356410003078,APPROACH,FLOW,/home/eunseop/nrs_imitation/checkpoints/flow/polishing/single_cam/20260809_1638,500.0075988769531,336.3855285644531,172.04542541503906,-0.02298090234398842,-0.009051283821463585,2.7664148807525635,1.1030857563018799,3.3620669841766357,-14.22706127166748,495.9923095703125,330.9678649902344,217.47323608398438,-0.016199195757508278,0.0030036999378353357,2.7662203311920166,0.0,0.0,0.0,0,0
1786431227.7976456,0.21904460200039466,APPROACH,FLOW,/home/eunseop/nrs_imitation/checkpoints/flow/polishing/single_cam/20260809_1638,498.42657470703125,334.5008850097656,169.8465118408203,-0.020525023341178894,-0.0046377950347959995,2.7664248943328857,17.965469360351562,-35.81600570678711,9.785752296447754,495.9922180175781,330.9659118652344,217.4970245361328,-0.01619168557226658,0.00297922664321959,2.766202688217163,0.0,0.0,0.0,0,0
1786431227.8064194,0.2278184599999804,APPROACH,FLOW,/home/eunseop/nrs_imitation/checkpoints/flow/polishing/single_cam/20260809_1638,498.42657470703125,334.5008850097656,169.8465118408203,-0.020525023341178894,-0.0046377950347959995,2.7664248943328857,17.965469360351562,-35.81600570678711,9.785752296447754,495.99212646484375,330.9637145996094,217.524169921875,-0.016183124855160713,0.0029513277113437653,2.7661831378936768,0.0,0.0,0.0,0,0
1786431227.8136747,0.23507390400027361,APPROACH,FLOW,/home/eunseop/nrs_imitation/checkpoints/flow/polishing/single_cam/20260809_1638,496.5639343261719,332.2155456542969,168.93759155273438,-0.019412295892834663,-0.002498585730791092,2.7664196491241455,37.929039001464844,29.287343978881836,27.216917037963867,495.99200439453125,330.9617614746094,217.5474090576172,-0.016175784170627594,0.0029274069238454103,2.7661659717559814,0.0,0.0,0.0,0,0
1786431227.8216627,0.2430617150002945,APPROACH,FLOW,/home/eunseop/nrs_imitation/checkpoints/flow/polishing/single_cam/20260809_1638,495.47674560546875,330.9383544921875,169.31625366210938,-0.01851828582584858,-0.0009611232671886683,2.766433000564575,72.82774353027344,43.25782012939453,18.311386108398438,495.99188232421875,330.9596252441406,217.573974609375,-0.016167398542165756,0.002900083549320698,2.766146659851074,0.0,0.0,0.0,0,0
1786431227.8296802,0.25107921099970554,APPROACH,FLOW,/home/eunseop/nrs_imitation/checkpoints/flow/polishing/single_cam/20260809_1638,493.73846435546875,328.7953796386719,169.3753204345703,-0.015933865681290627,0.0036148731596767902,2.7663700580596924,81.24951934814453,27.981224060058594,23.614662170410156,495.9917907714844,330.9573669433594,217.6014862060547,-0.01615871861577034,0.002871793694794178,2.7661266326904297,0.0,0.0,0.0,0,0
1786431227.8376715,0.2590705580005306,APPROACH,FLOW,/home/eunseop/nrs_imitation/checkpoints/flow/polishing/single_cam/20260809_1638,491.5367126464844,326.0757141113281,169.0633544921875,-0.011781983077526093,0.01086907647550106,2.7663331031799316,-2.970369338989258,-8.467336654663086,21.535661697387695,495.9916687011719,330.955078125,217.62989807128906,-0.01614975370466709,0.002842577639967203,2.7661056518554688,0.0,0.0,0.0,0,0
1786431227.8456528,0.2670518559998527,APPROACH,FLOW,/home/eunseop/nrs_imitation/checkpoints/flow/polishing/single_cam/20260809_1638,489.4994201660156,323.73822021484375,168.84536743164062,-0.00790515448898077,0.017559099942445755,2.7663450241088867,8.707799911499023,4.955538272857666,51.902870178222656,495.99151611328125,330.9526672363281,217.65919494628906,-0.01614050194621086,0.0028124277014285326,2.7660841941833496,0.0,0.0,0.0,0,0
1786431227.8536513,0.27505013500012865,APPROACH,FLOW,/home/eunseop/nrs_imitation/checkpoints/flow/polishing/single_cam/20260809_1638,487.765869140625,321.6566162109375,168.70773315429688,-0.004425519146025181,0.024161364883184433,2.7664339542388916,93.77589416503906,24.764989852905273,80.25272369384766,495.99139404296875,330.9501953125,217.68943786621094,-0.016130955889821053,0.002781322691589594,2.7660622596740723,0.0,0.0,0.0,0,0
1786431227.8616502,0.283049267000024,APPROACH,FLOW,/home/eunseop/nrs_imitation/checkpoints/flow/polishing/single_cam/20260809_1638,486.4009704589844,320.02008056640625,168.70635986328125,-0.00129431183449924,0.029507247731089592,2.766427755355835,66.8510971069336,43.43663787841797,49.913421630859375,495.99127197265625,330.9476623535156,217.7205810546875,-0.01612113043665886,0.0027493019588291645,2.7660391330718994,0.0,0.0,0.0,0,0
1786431227.8696513,0.2910503419998349,APPROACH,FLOW,/home/eunseop/nrs_imitation/checkpoints/flow/polishing/single_cam/20260809_1638,485.3157043457031,318.569580078125,168.69126892089844,0.0014592328807339072,0.034656982868909836,2.7663280963897705,79.31268310546875,45.945369720458984,37.68855285644531,495.9911193847656,330.9450378417969,217.75265502929688,-0.016111012548208237,0.0027163312770426273,2.7660160064697266,0.0,0.0,0.0,0,0
1786431227.87767,0.299069222000071,APPROACH,FLOW,/home/eunseop/nrs_imitation/checkpoints/flow/polishing/single_cam/20260809_1638,484.5755920410156,317.5273132324219,168.7583465576172,0.003662282368168235,0.038606129586696625,2.7661309242248535,76.21916198730469,44.23329544067383,34.26216125488281,495.9909973144531,330.9423522949219,217.78558349609375,-0.01610061526298523,0.0026824476663023233,2.7659919261932373,0.0,0.0,0.0,0,0
1786431227.8856575,0.307056661000388,APPROACH,FLOW,/home/eunseop/nrs_imitation/checkpoints/flow/polishing/single_cam/20260809_1638,484.06207275390625,316.87066650390625,168.81971740722656,0.005700389388948679,0.04212215170264244,2.7660629749298096,0.7699989080429077,1.6057868003845215,37.659767150878906,495.9908447265625,330.9395751953125,217.81942749023438,-0.01608993485569954,0.002647644141688943,2.7659668922424316,0.0,0.0,0.0,0,0
1786431227.8936486,0.31504758699975355,APPROACH,FLOW,/home/eunseop/nrs_imitation/checkpoints/flow/polishing/single_cam/20260809_1638,483.81036376953125,316.59014892578125,168.91293334960938,0.007255282253026962,0.045055609196424484,2.7661051750183105,2.8501553535461426,3.342233657836914,43.153377532958984,495.9906921386719,330.936767578125,217.8541717529297,-0.016078969463706017,0.0026119069661945105,2.765941619873047,0.0,0.0,0.0,0,0
1786431227.9016707,0.3230696420005188,APPROACH,FLOW,/home/eunseop/nrs_imitation/checkpoints/flow/polishing/single_cam/20260809_1638,484.0002746582031,316.8045654296875,169.17845153808594,0.007820641621947289,0.04603288322687149,2.766129732131958,4.089204788208008,3.949702262878418,40.524906158447266,495.9905090332031,330.933837890625,217.88980102539062,-0.01606772281229496,0.002575259655714035,2.7659153938293457,0.0,0.0,0.0,0,0
1786431227.9096556,0.3310545069998625,APPROACH,FLOW,/home/eunseop/nrs_imitation/checkpoints/flow/polishing/single_cam/20260809_1638,484.3818054199219,317.2532958984375,169.65760803222656,0.008014458231627941,0.046132396906614304,2.766103982925415,-3.462510108947754,-0.9318304061889648,6.023247241973877,495.9903869628906,330.93084716796875,217.9263153076172,-0.01605619676411152,0.002537699416279793,2.7658889293670654,0.0,0.0,0.0,0,0
1786431227.9176493,0.3390483180000956,APPROACH,FLOW,/home/eunseop/nrs_imitation/checkpoints/flow/polishing/single_cam/20260809_1638,485.10052490234375,318.1139221191406,170.3291473388672,0.0069700623862445354,0.04425695538520813,2.766136646270752,-4.3993306159973145,-1.2960922718048096,0.5287825465202332,495.990234375,330.9278259277344,217.96371459960938,-0.01604439690709114,0.002499246271327138,2.765861749649048,0.0,0.0,0.0,0,0
1786431227.9256458,0.34704488500028674,APPROACH,FLOW,/home/eunseop/nrs_imitation/checkpoints/flow/polishing/single_cam/20260809_1638,486.05987548828125,319.220947265625,171.15634155273438,0.005107879173010588,0.0407714881002903,2.7660751342773438,1.0691508054733276,5.140103340148926,-5.981496334075928,495.99005126953125,330.9246826171875,218.00201416015625,-0.01603231020271778,0.00245985621586442,2.765833616256714,0.0,0.0,0.0,0,0
1786431227.933656,0.3550550279996969,APPROACH,FLOW,/home/eunseop/nrs_imitation/checkpoints/flow/polishing/single_cam/20260809_1638,487.2054138183594,320.55059814453125,172.25082397460938,0.002571514807641506,0.03621556609869003,2.7660889625549316,0.5723879337310791,2.63303279876709,-13.335631370544434,495.9898681640625,330.9214782714844,218.04116821289062,-0.016019951552152634,0.002419586293399334,2.7658047676086426,0.0,0.0,0.0,0,0
1786431227.9416707,0.3630698189999748,APPROACH,FLOW,/home/eunseop/nrs_imitation/checkpoints/flow/polishing/single_cam/20260809_1638,488.6441955566406,322.1451416015625,173.80691528320312,-0.0005676411092281342,0.030679786577820778,2.7660157680511475,-6.960508823394775,-5.741681098937988,-10.660487174987793,495.98968505859375,330.918212890625,218.0812225341797,-0.016007309779524803,0.002378391334787011,2.765775442123413,0.0,0.0,0.0,0,0
1786431227.9496853,0.3710843400003796,APPROACH,FLOW,/home/eunseop/nrs_imitation/checkpoints/flow/polishing/single_cam/20260809_1638,490.36517333984375,324.1416015625,175.96714782714844,-0.004280419088900089,0.024014100432395935,2.765944480895996,-5.871090888977051,-6.390660762786865,-10.200246810913086,495.989501953125,330.9148864746094,218.12216186523438,-0.01599438674747944,0.0023362727370113134,2.7657456398010254,0.0,0.0,0.0,0,0
1786431227.9576502,0.37904926700048236,APPROACH,FLOW,/home/eunseop/nrs_imitation/checkpoints/flow/polishing/single_cam/20260809_1638,492.3524169921875,326.472412109375,178.64126586914062,-0.008549662306904793,0.01642019674181938,2.765902519226074,1.316451072692871,2.7311835289001465,-12.479686737060547,495.9893493652344,330.9114685058594,218.1638946533203,-0.015981217846274376,0.002293362282216549,2.7657151222229004,0.0,0.0,0.0,0,0
1786431227.965694,0.38709289300004457,APPROACH,FLOW,/home/eunseop/nrs_imitation/checkpoints/flow/polishing/single_cam/20260809_1638,494.4586486816406,329.02630615234375,181.82603454589844,-0.012999759055674076,0.008329308591783047,2.765894651412964,5.2809038162231445,-0.11379064619541168,-18.111103057861328,495.9891662597656,330.907958984375,218.20664978027344,-0.015967722982168198,0.0022493870928883553,2.765683889389038,0.0,0.0,0.0,0,0
1786431227.9736729,0.39507192700057203,APPROACH,FLOW,/home/eunseop/nrs_imitation/checkpoints/flow/polishing/single_cam/20260809_1638,496.5719299316406,331.510498046875,185.3618927001953,-0.01738313026726246,0.000565222988370806,2.7658259868621826,-0.23951347172260284,2.0481045246124268,-9.653286933898926,495.9889831542969,330.9044189453125,218.25006103515625,-0.015954025089740753,0.002204752527177334,2.7656521797180176,0.0,0.0,0.0,0,0
1786431227.9816506,0.4030498170004648,APPROACH,FLOW,/home/eunseop/nrs_imitation/checkpoints/flow/polishing/single_cam/20260809_1638,498.5311584472656,333.9070739746094,189.0651397705078,-0.021334726363420486,-0.006665884982794523,2.765810966491699,1.2764278650283813,4.135401248931885,-2.6520981788635254,495.98876953125,330.9007873535156,218.29441833496094,-0.015940021723508835,0.0021591167896986008,2.7656195163726807,0.0,0.0,0.0,0,0
1786431227.9896488,0.41104783700029657,APPROACH,FLOW,/home/eunseop/nrs_imitation/checkpoints/flow/polishing/single_cam/20260809_1638,500.2830505371094,336.041748046875,192.75531005859375,-0.024802835658192635,-0.013066597282886505,2.7656657695770264,3.352311372756958,5.532999515533447,9.087435722351074,495.9885559082031,330.8971252441406,218.33963012695312,-0.015925757586956024,0.0021126284264028072,2.7655866146087646,0.0,0.0,0.0,0,0
1786431227.9976485,0.4190475900004458,APPROACH,FLOW,/home/eunseop/nrs_imitation/checkpoints/flow/polishing/single_cam/20260809_1638,501.7209167480469,337.7559509277344,196.12991333007812,-0.02750238962471485,-0.017980700358748436,2.765598773956299,2.138293743133545,6.734503269195557,15.698026657104492,495.9884033203125,330.89337158203125,218.3856964111328,-0.015911215916275978,0.0020652436651289463,2.7655529975891113,0.0,0.0,0.0,0,0
1786431228.005653,0.427051960999961,APPROACH,FLOW,/home/eunseop/nrs_imitation/checkpoints/flow/polishing/single_cam/20260809_1638,502.8702087402344,339.1991271972656,199.0626983642578,-0.029520096257328987,-0.02180957794189453,2.765613079071045,1.848315715789795,5.847186088562012,18.853126525878906,495.9881896972656,330.8895263671875,218.43263244628906,-0.015896402299404144,0.0020169722847640514,2.7655186653137207,0.0,0.0,0.0,0,0
1786431228.0136638,0.43506290599998465,APPROACH,FLOW,/home/eunseop/nrs_imitation/checkpoints/flow/polishing/single_cam/20260809_1638,503.82135009765625,340.3635559082031,201.5409393310547,-0.03115038201212883,-0.024809669703245163,2.7654905319213867,0.4150850176811218,4.41458797454834,19.509538650512695,495.9879455566406,330.8856201171875,218.4803924560547,-0.015881327912211418,0.0019678473472595215,2.7654836177825928,0.0,0.0,0.0,0,0
1786431228.0216556,0.4430544619999637,APPROACH,FLOW,/home/eunseop/nrs_imitation/checkpoints/flow/polishing/single_cam/20260809_1638,504.5968017578125,341.2597961425781,203.41505432128906,-0.03229140117764473,-0.026960045099258423,2.765393018722534,1.6497764587402344,5.153661251068115,15.318790435791016,495.98779296875,330.8816833496094,218.52899169921875,-0.0158659890294075,0.001917863148264587,2.7654480934143066,0.0,0.0,0.0,0,0
1786431228.031231,0.4526301390005756,APPROACH,FLOW,/home/eunseop/nrs_imitation/checkpoints/flow/polishing/single_cam/20260809_1638,505.1941833496094,341.9875793457031,204.80209350585938,-0.03317208215594292,-0.028404083102941513,2.7654120922088623,3.4477591514587402,6.41896915435791,12.29980182647705,495.9875183105469,330.8768310546875,218.58827209472656,-0.015847284346818924,0.00185690401121974,2.7654049396514893,0.0,0.0,0.0,0,0
1786431228.0376716,0.45907060999979876,APPROACH,FLOW,/home/eunseop/nrs_imitation/checkpoints/flow/polishing/single_cam/20260809_1638,505.6248474121094,342.4326477050781,205.640625,-0.03349887207150459,-0.02892123907804489,2.765305757522583,4.892918586730957,4.768313884735107,8.435553550720215,495.98736572265625,330.87353515625,218.62876892089844,-0.0158345028758049,0.0018152528209611773,2.7653751373291016,0.0,0.0,0.0,0,0
1786431228.0456517,0.46705064399975527,APPROACH,FLOW,/home/eunseop/nrs_imitation/checkpoints/flow/polishing/single_cam/20260809_1638,505.8399658203125,342.65301513671875,206.1100311279297,-0.03347284346818924,-0.028803186491131783,2.7653074264526367,2.6603176593780518,3.9000539779663086,3.1521852016448975,495.98712158203125,330.8693542480469,218.6798858642578,-0.01581837236881256,0.0017626872286200523,2.7653377056121826,0.0,0.0,0.0,0,0
1786431228.0536883,0.4750873379998666,APPROACH,FLOW,/home/eunseop/nrs_imitation/checkpoints/flow/polishing/single_cam/20260809_1638,505.943115234375,342.7742919921875,206.32167053222656,-0.0332178957760334,-0.028483491390943527,2.7652673721313477,3.215075969696045,2.5764708518981934,1.138504981994629,495.98687744140625,330.8650817871094,218.73182678222656,-0.01580197550356388,0.0017092559719458222,2.7652997970581055,0.0,0.0,0.0,0,0
1786431228.0616477,0.48304659299992636,APPROACH,FLOW,/home/eunseop/nrs_imitation/checkpoints/flow/polishing/single_cam/20260809_1638,505.9332580566406,342.8368835449219,206.4172821044922,-0.03292130306363106,-0.028091244399547577,2.7653238773345947,2.0365028381347656,3.157111883163452,0.04103260114789009,495.9866638183594,330.8608093261719,218.78457641601562,-0.015785325318574905,0.0016549986321479082,2.765261173248291,0.0,0.0,0.0,0,0
1786431228.0696719,0.4910711230004381,APPROACH,FLOW,/home/eunseop/nrs_imitation/checkpoints/flow/polishing/single_cam/20260809_1638,505.89532470703125,342.84100341796875,206.44427490234375,-0.03268352523446083,-0.0278376042842865,2.765354633331299,-0.23027688264846802,4.609930038452148,2.6573708057403564,495.9864196777344,330.8564453125,218.83819580078125,-0.015768403187394142,0.0015998533926904202,2.7652218341827393,0.0,0.0,0.0,0,0
1786431228.0776768,0.4990757550003764,APPROACH,FLOW,/home/eunseop/nrs_imitation/checkpoints/flow/polishing/single_cam/20260809_1638,505.8434753417969,342.8209533691406,206.38525390625,-0.032491959631443024,-0.02763490378856659,2.765348196029663,0.8616971373558044,4.1225504875183105,3.329118013381958,495.9862060546875,330.85198974609375,218.8926544189453,-0.015751218423247337,0.001543850521557033,2.7651822566986084,0.0,0.0,0.0,0,0
1786431228.08565,0.5070489159998033,APPROACH,FLOW,/home/eunseop/nrs_imitation/checkpoints/flow/polishing/single_cam/20260809_1638,505.7460021972656,342.6498107910156,206.2528839111328,-0.032286688685417175,-0.02726622112095356,2.765259265899658,-0.5167220234870911,4.562177658081055,7.675137996673584,495.9859619140625,330.84747314453125,218.9478302001953,-0.015733802691102028,0.001487093628384173,2.765141725540161,0.0,0.0,0.0,0,0
1786431228.093677,0.5150761519998923,APPROACH,FLOW,/home/eunseop/nrs_imitation/checkpoints/flow/polishing/single_cam/20260809_1638,505.5847473144531,342.4646301269531,206.00640869140625,-0.032073456794023514,-0.026919392868876457,2.765242338180542,0.7109506130218506,5.7011613845825195,10.027420043945312,495.9857482910156,330.8429260253906,219.00390625,-0.015716107562184334,0.0014294313732534647,2.7651007175445557,0.0,0.0,0.0,0,0
1786431228.1016738,0.5230727979997027,APPROACH,FLOW,/home/eunseop/nrs_imitation/checkpoints/flow/polishing/single_cam/20260809_1638,505.3150329589844,342.0718078613281,205.42356872558594,-0.03157920390367508,-0.025956951081752777,2.7652828693389893,3.543447732925415,5.572059631347656,9.595215797424316,495.9854736328125,330.8382568359375,219.06076049804688,-0.015698162838816643,0.001370954210869968,2.765058994293213,0.0,0.0,0.0,0,0
1786431228.1096802,0.5310790840003392,APPROACH,FLOW,/home/eunseop/nrs_imitation/checkpoints/flow/polishing/single_cam/20260809_1638,504.84283447265625,341.5164489746094,204.54127502441406,-0.03077610395848751,-0.024412941187620163,2.7653093338012695,2.560584783554077,5.393054962158203,11.213541984558105,495.9851989746094,330.8335266113281,219.11842346191406,-0.015679962933063507,0.001311647822149098,2.765016794204712,0.0,0.0,0.0,0,0
1786431228.117668,0.5390670639999371,APPROACH,FLOW,/home/eunseop/nrs_imitation/checkpoints/flow/polishing/single_cam/20260809_1638,504.1227111816406,340.6610107421875,203.1595458984375,-0.02927219122648239,-0.02188676781952381,2.765317678451538,3.4251184463500977,4.393103122711182,11.140475273132324,495.9849548339844,330.8287658691406,219.17689514160156,-0.015661507844924927,0.0012515081325545907,2.7649741172790527,0.0,0.0,0.0,0,0
1786431228.1256533,0.5470523290005076,APPROACH,FLOW,/home/eunseop/nrs_imitation/checkpoints/flow/polishing/single_cam/20260809_1638,503.2485656738281,339.6029357910156,201.5088653564453,-0.027503494173288345,-0.01885179802775383,2.765259027481079,3.363774061203003,5.024202823638916,9.044215202331543,495.9847106933594,330.82391357421875,219.23614501953125,-0.015642808750271797,0.0011905732098966837,2.7649307250976562,0.0,0.0,0.0,0,0
1786431228.1336598,0.555058963999727,APPROACH,FLOW,/home/eunseop/nrs_imitation/checkpoints/flow/polishing/single_cam/20260809_1638,502.14031982421875,338.30511474609375,199.4345703125,-0.025211580097675323,-0.01490978803485632,2.7653400897979736,3.998210906982422,4.549698352813721,6.694963455200195,495.9844665527344,330.8190612792969,219.2962188720703,-0.015623850747942924,0.001128791831433773,2.7648870944976807,0.0,0.0,0.0,0,0
1786431228.1416461,0.5630452109999169,APPROACH,FLOW,/home/eunseop/nrs_imitation/checkpoints/flow/polishing/single_cam/20260809_1638,500.8634338378906,336.77166748046875,197.06431579589844,-0.022593365982174873,-0.010280465707182884,2.76533842086792,1.115623116493225,4.070207118988037,6.6371331214904785,495.9841613769531,330.8140563964844,219.35708618164062,-0.015604638494551182,0.0010661848355084658,2.7648425102233887,0.0,0.0,0.0,0,0
1786431228.1496778,0.5710768039998584,APPROACH,FLOW,/home/eunseop/nrs_imitation/checkpoints/flow/polishing/single_cam/20260809_1638,499.44696044921875,335.113037109375,194.45928955078125,-0.019669128581881523,-0.005240241531282663,2.7653560638427734,-0.3637232184410095,4.739682197570801,2.981778860092163,495.9839172363281,330.80902099609375,219.41876220703125,-0.01558517012745142,0.0010027412790805101,2.7647972106933594,0.0,0.0,0.0,0,0
1786431228.1576688,0.5790679000001546,APPROACH,FLOW,/home/eunseop/nrs_imitation/checkpoints/flow/polishing/single_cam/20260809_1638,497.9875183105469,333.3199768066406,191.7567596435547,-0.016723308712244034,0.00011649978114292026,2.7653756141662598,-0.16572719812393188,2.6710004806518555,1.7488489151000977,495.9836120605469,330.803955078125,219.48117065429688,-0.015565473586320877,0.000938554760068655,2.764751672744751,0.0,0.0,0.0,0,0
1786431228.1656778,0.5870769809998819,APPROACH,FLOW,/home/eunseop/nrs_imitation/checkpoints/flow/polishing/single_cam/20260809_1638,497.9875183105469,333.3199768066406,191.7567596435547,-0.016723308712244034,0.00011649978114292026,2.7653756141662598,-0.16572719812393188,2.6710004806518555,1.7488489151000977,495.98333740234375,330.79876708984375,219.54452514648438,-0.015545479021966457,0.0008733964059501886,2.764705181121826,0.0,0.0,0.0,0,0
1786431228.1736598,0.5950590100001136,APPROACH,FLOW,/home/eunseop/nrs_imitation/checkpoints/flow/polishing/single_cam/20260809_1638,495.0568542480469,329.7870178222656,186.4118194580078,-0.0107905687764287,0.010554858483374119,2.7653324604034424,-1.1292897462844849,1.6625508069992065,-6.119516372680664,495.98309326171875,330.7935485839844,219.60841369628906,-0.01552532147616148,0.0008077074307948351,2.7646584510803223,0.0,0.0,0.0,0,0
1786431228.1816514,0.6030504259997542,APPROACH,FLOW,/home/eunseop/nrs_imitation/checkpoints/flow/polishing/single_cam/20260809_1638,493.7035827636719,328.16705322265625,184.02667236328125,-0.008180427365005016,0.015343211591243744,2.7653286457061768,-0.9768626689910889,-0.3862186670303345,-9.37541675567627,495.98284912109375,330.78826904296875,219.6731719970703,-0.01550487894564867,0.0007410875987261534,2.76461124420166,0.0,0.0,0.0,0,0
1786431228.189638,0.6110370340002191,APPROACH,FLOW,/home/eunseop/nrs_imitation/checkpoints/flow/polishing/single_cam/20260809_1638,492.4980163574219,326.7015686035156,181.99032592773438,-0.005847427062690258,0.01949409767985344,2.765316963195801,-2.750551700592041,-1.0132055282592773,-10.312860488891602,495.9825439453125,330.7829284667969,219.73873901367188,-0.015484191477298737,0.00067367241717875,2.7645633220672607,0.0,0.0,0.0,0,0
1786431228.1977262,0.6191253659999347,APPROACH,FLOW,/home/eunseop/nrs_imitation/checkpoints/flow/polishing/single_cam/20260809_1638,491.5362243652344,325.4777526855469,180.3680877685547,-0.004029093775898218,0.022754929959774017,2.7652037143707275,-4.668356895446777,-1.9183260202407837,-10.185036659240723,495.9822692871094,330.7774658203125,219.80523681640625,-0.015463200397789478,0.000605270266532898,2.764514684677124,0.0,0.0,0.0,0,0
1786431228.205645,0.6270441340002435,APPROACH,FLOW,/home/eunseop/nrs_imitation/checkpoints/flow/polishing/single_cam/20260809_1638,490.744140625,324.51678466796875,179.1729736328125,-0.002598946448415518,0.02514728531241417,2.7650294303894043,-2.2482805252075195,-0.6868836283683777,-12.757960319519043,495.98193359375,330.77203369140625,219.87216186523438,-0.015442079864442348,0.0005364413373172283,2.764465570449829,0.0,0.0,0.0,0,0
1786431228.2136583,0.6350575120004578,APPROACH,FLOW,/home/eunseop/nrs_imitation/checkpoints/flow/polishing/single_cam/20260809_1638,490.1727294921875,323.8961181640625,178.4456329345703,-0.001702528796158731,0.026618314906954765,2.7650599479675293,-2.7450830936431885,-1.2048887014389038,-7.3846964836120605,495.98162841796875,330.7664794921875,219.94003295898438,-0.015420656651258469,0.0004666282329708338,2.764415979385376,0.0,0.0,0.0,0,0
1786431228.221648,0.6430468449998443,APPROACH,FLOW,/home/eunseop/nrs_imitation/checkpoints/flow/polishing/single_cam/20260809_1638,489.85369873046875,323.521728515625,178.18734741210938,-0.0013479806948453188,0.027080554515123367,2.765009880065918,-3.340924024581909,0.11642921715974808,-8.714376449584961,495.98138427734375,330.7608947753906,220.0086669921875,-0.01539899967610836,0.0003960521426051855,2.7643659114837646,0.0,0.0,0.0,0,0
1786431228.229637,0.6510358670002461,APPROACH,FLOW,/home/eunseop/nrs_imitation/checkpoints/flow/polishing/single_cam/20260809_1638,489.7178649902344,323.3768615722656,178.26742553710938,-0.0013720840215682983,0.026863761246204376,2.764950752258301,-1.490765929222107,-0.8368714451789856,-5.450027942657471,495.9810791015625,330.7552185058594,220.07803344726562,-0.015377107076346874,0.00032470934092998505,2.764315128326416,0.0,0.0,0.0,0,0
1786431228.2376606,0.6590597360000174,APPROACH,FLOW,/home/eunseop/nrs_imitation/checkpoints/flow/polishing/single_cam/20260809_1638,489.72711181640625,323.3795471191406,178.56834411621094,-0.0016470656264573336,0.02626427263021469,2.764976739883423,-5.267153739929199,-0.3651161193847656,1.0210223197937012,495.9807434082031,330.74951171875,220.148193359375,-0.015354963019490242,0.0002525476738810539,2.76426362991333,0.0,0.0,0.0,0,0
1786431228.2456512,0.6670502510005463,APPROACH,FLOW,/home/eunseop/nrs_imitation/checkpoints/flow/polishing/single_cam/20260809_1638,489.9205322265625,323.5462951660156,179.09066772460938,-0.002324637258425355,0.025290684774518013,2.7649803161621094,-2.1902976036071777,0.7659541964530945,-3.2236573696136475,495.98046875,330.74371337890625,220.2190704345703,-0.015332590788602829,0.00017964164726436138,2.764211893081665,0.0,0.0,0.0,0,0
1786431228.2536423,0.6750412560004406,APPROACH,FLOW,/home/eunseop/nrs_imitation/checkpoints/flow/polishing/single_cam/20260809_1638,490.2013854980469,323.87347412109375,179.82870483398438,-0.003061210038140416,0.023864740505814552,2.764925003051758,0.8752443790435791,-1.1863511800765991,-3.553130626678467,495.9801330566406,330.7378845214844,220.2906951904297,-0.015309986658394337,0.00010597985237836838,2.7641594409942627,0.0,0.0,0.0,0,0
1786431228.2616398,0.68303906500023,APPROACH,FLOW,/home/eunseop/nrs_imitation/checkpoints/flow/polishing/single_cam/20260809_1638,490.56036376953125,324.3849182128906,180.79083251953125,-0.003864543978124857,0.02214857190847397,2.76486873626709,-4.242176532745361,-0.7520561814308167,-3.0616655349731445,495.9798278808594,330.7319641113281,220.3630828857422,-0.015287140384316444,3.1531089916825294e-05,2.764106512069702,0.0,0.0,0.0,0,0
1786431228.2696939,0.6910930120002376,APPROACH,FLOW,/home/eunseop/nrs_imitation/checkpoints/flow/polishing/single_cam/20260809_1638,491.0572814941406,324.9283447265625,181.89859008789062,-0.004838516935706139,0.020295020192861557,2.764812707901001,-2.46881103515625,-1.2449246644973755,-6.042349815368652,495.97955322265625,330.7259826660156,220.43629455566406,-0.015264036133885384,-4.3760985136032104e-05,2.7640531063079834,0.0,0.0,0.0,0,0
1786431228.277676,0.6990749599999617,APPROACH,FLOW,/home/eunseop/nrs_imitation/checkpoints/flow/polishing/single_cam/20260809_1638,491.6880798339844,325.67828369140625,183.23501586914062,-0.0060137175023555756,0.0180122721940279,2.7647552490234375,-2.4909780025482178,-0.27035951614379883,-5.545772552490234,495.97918701171875,330.7199401855469,220.51016235351562,-0.01524071954190731,-0.00011974130757153034,2.7639989852905273,0.0,0.0,0.0,0,0
1786431228.2856925,0.707091555000261,APPROACH,FLOW,/home/eunseop/nrs_imitation/checkpoints/flow/polishing/single_cam/20260809_1638,492.47711181640625,326.6180725097656,184.88441467285156,-0.0075610848143696785,0.015201539732515812,2.764718770980835,-2.2903919219970703,-0.5857072472572327,-7.636214256286621,495.9788818359375,330.7138366699219,220.58489990234375,-0.01521713100373745,-0.00019661127589643002,2.763944149017334,0.0,0.0,0.0,0,0
1786431228.2936757,0.7150747360001333,APPROACH,FLOW,/home/eunseop/nrs_imitation/checkpoints/flow/polishing/single_cam/20260809_1638,493.3733825683594,327.7446594238281,186.7927703857422,-0.009205292910337448,0.011904533952474594,2.764631748199463,-2.7027926445007324,-1.9420491456985474,-5.748636722564697,495.97857666015625,330.7077331542969,220.66015625,-0.015193386934697628,-0.0002739888150244951,2.7638893127441406,0.0,0.0,0.0,0,0
1786431228.3016853,0.7230842179997126,APPROACH,FLOW,/home/eunseop/nrs_imitation/checkpoints/flow/polishing/single_cam/20260809_1638,494.4847717285156,329.0374755859375,188.98204040527344,-0.01134405191987753,0.008032332174479961,2.7645974159240723,-3.494166135787964,-0.1972787231206894,-3.203139066696167,495.9782409667969,330.7015075683594,220.73631286621094,-0.015169345773756504,-0.0003523314371705055,2.763833522796631,0.0,0.0,0.0,0,0
1786431228.3096938,0.7310929370005397,APPROACH,FLOW,/home/eunseop/nrs_imitation/checkpoints/flow/polishing/single_cam/20260809_1638,495.64483642578125,330.4770812988281,191.32717895507812,-0.013550559058785439,0.0038308894727379084,2.7645680904388428,-0.32160913944244385,1.9486397504806519,-2.06900954246521,495.9778747558594,330.69525146484375,220.81292724609375,-0.015145167708396912,-0.0004311252851039171,2.763777732849121,0.0,0.0,0.0,0,0
1786431228.3176982,0.7390972789999068,APPROACH,FLOW,/home/eunseop/nrs_imitation/checkpoints/flow/polishing/single_cam/20260809_1638,496.9094543457031,331.9869079589844,193.81605529785156,-0.016047967597842216,-0.000789409561548382,2.76450514793396,2.2816951274871826,2.607679843902588,2.720358371734619,495.9775695800781,330.6888732910156,220.89064025878906,-0.015120640397071838,-0.0005110506899654865,2.763720750808716,0.0,0.0,0.0,0,0
1786431228.325686,0.7470849880000969,APPROACH,FLOW,/home/eunseop/nrs_imitation/checkpoints/flow/polishing/single_cam/20260809_1638,498.1211242675781,333.44769287109375,196.19805908203125,-0.01856059394776821,-0.005261979531496763,2.764481544494629,2.5085465908050537,3.6282882690429688,6.678697109222412,495.9772033691406,330.6824951171875,220.96888732910156,-0.015095945447683334,-0.0005915279034525156,2.7636635303497314,0.0,0.0,0.0,0,0
1786431228.3336642,0.7550634199997148,APPROACH,FLOW,/home/eunseop/nrs_imitation/checkpoints/flow/polishing/single_cam/20260809_1638,499.2139587402344,334.7580261230469,198.3865509033203,-0.02081480622291565,-0.00937802717089653,2.764394521713257,2.790165424346924,4.7736430168151855,10.033357620239258,495.97686767578125,330.67608642578125,221.04757690429688,-0.01507110521197319,-0.000672472408041358,2.763606071472168,0.0,0.0,0.0,0,0
1786431228.3416586,0.7630577720001384,APPROACH,FLOW,/home/eunseop/nrs_imitation/checkpoints/flow/polishing/single_cam/20260809_1638,500.1568603515625,335.8873596191406,200.30557250976562,-0.022818773984909058,-0.012938464991748333,2.7643895149230957,3.8180909156799316,5.781587600708008,11.042473793029785,495.9765625,330.6695861816406,221.12728881835938,-0.0150459548458457,-0.0007544320542365313,2.763547897338867,0.0,0.0,0.0,0,0
1786431228.3496606,0.771059759000309,APPROACH,FLOW,/home/eunseop/nrs_imitation/checkpoints/flow/polishing/single_cam/20260809_1638,500.8924255371094,336.7873840332031,201.86830139160156,-0.024301817640662193,-0.0158414114266634,2.7643191814422607,3.4803245067596436,5.332321643829346,12.777990341186523,495.9761962890625,330.66302490234375,221.20765686035156,-0.015020590275526047,-0.000837091589346528,2.76348876953125,0.0,0.0,0.0,0,0
1786431228.3576517,0.779050764999738,APPROACH,FLOW,/home/eunseop/nrs_imitation/checkpoints/flow/polishing/single_cam/20260809_1638,501.3836364746094,337.3660888671875,202.92010498046875,-0.02514895796775818,-0.017570458352565765,2.7641661167144775,0.33501678705215454,5.930333614349365,13.802339553833008,495.975830078125,330.6564025878906,221.2887420654297,-0.014995000325143337,-0.000920482212677598,2.763429641723633,0.0,0.0,0.0,0,0
1786431228.3656712,0.7870702050004184,APPROACH,FLOW,/home/eunseop/nrs_imitation/checkpoints/flow/polishing/single_cam/20260809_1638,501.6307678222656,337.73046875,203.55201721191406,-0.025510359555482864,-0.018531160429120064,2.764143705368042,3.4395315647125244,5.222125053405762,11.434335708618164,495.9754638671875,330.64971923828125,221.37063598632812,-0.01496914867311716,-0.0010047245305031538,2.763369560241699,0.0,0.0,0.0,0,0
1786431228.3739104,0.795309608000025,APPROACH,FLOW,/home/eunseop/nrs_imitation/checkpoints/flow/polishing/single_cam/20260809_1638,501.6307678222656,337.73046875,203.55201721191406,-0.025510359555482864,-0.018531160429120064,2.764143705368042,3.4395315647125244,5.222125053405762,11.434335708618164,495.97509765625,330.6427917480469,221.4554443359375,-0.014942384324967861,-0.0010919435881078243,2.763307571411133,0.0,0.0,0.0,0,0
1786431228.381673,0.8030724560003364,APPROACH,FLOW,/home/eunseop/nrs_imitation/checkpoints/flow/polishing/single_cam/20260809_1638,501.4410095214844,337.4958190917969,203.3866729736328,-0.024652469903230667,-0.01744428090751171,2.763911485671997,1.568650484085083,4.6082892417907715,8.96925163269043,495.9747619628906,330.6361999511719,221.53619384765625,-0.01491689495742321,-0.0011750066187232733,2.7632484436035156,0.0,0.0,0.0,0,0
1786431228.389647,0.8110460480002075,APPROACH,FLOW,/home/eunseop/nrs_imitation/checkpoints/flow/polishing/single_cam/20260809_1638,501.1187744140625,337.0184326171875,202.74720764160156,-0.023813700303435326,-0.01576722227036953,2.7638003826141357,1.5023521184921265,3.1096818447113037,6.578063488006592,495.9743957519531,330.62933349609375,221.62005615234375,-0.014890428632497787,-0.0012612538412213326,2.7631871700286865,0.0,0.0,0.0,0,0
1786431228.3983846,0.8197837269999582,APPROACH,FLOW,/home/eunseop/nrs_imitation/checkpoints/flow/polishing/single_cam/20260809_1638,501.1187744140625,337.0184326171875,202.74720764160156,-0.023813700303435326,-0.01576722227036953,2.7638003826141357,1.5023521184921265,3.1096818447113037,6.578063488006592,495.9739990234375,330.621826171875,221.71229553222656,-0.01486132014542818,-0.0013561116065829992,2.763119697570801,0.0,0.0,0.0,0,0
1786431228.40566,0.8270589690000634,APPROACH,FLOW,/home/eunseop/nrs_imitation/checkpoints/flow/polishing/single_cam/20260809_1638,500.07330322265625,335.7425537109375,200.7565460205078,-0.021303366869688034,-0.011331796646118164,2.763793706893921,2.848959445953369,3.3764524459838867,4.454421520233154,495.9736328125,330.615478515625,221.78988647460938,-0.014836831018328667,-0.0014359168708324432,2.7630629539489746,0.0,0.0,0.0,0,0
1786431228.413673,0.8350722180002776,APPROACH,FLOW,/home/eunseop/nrs_imitation/checkpoints/flow/polishing/single_cam/20260809_1638,499.3968811035156,334.9320373535156,199.41891479492188,-0.01980164833366871,-0.008672632277011871,2.7637860774993896,3.4572389125823975,5.29660701751709,4.445502281188965,495.9732971191406,330.60845947265625,221.87582397460938,-0.014809712767601013,-0.001524290768429637,2.763000249862671,0.0,0.0,0.0,0,0
1786431228.4216459,0.8430449190000218,APPROACH,FLOW,/home/eunseop/nrs_imitation/checkpoints/flow/polishing/single_cam/20260809_1638,498.5789794921875,333.9849548339844,197.98162841796875,-0.01804814487695694,-0.005804187618196011,2.76373028755188,1.2432843446731567,6.1562418937683105,2.4018733501434326,495.9729309082031,330.6014099121094,221.96240234375,-0.014782384969294071,-0.001613345928490162,2.762937068939209,0.0,0.0,0.0,0,0
1786431228.4297001,0.8510991049997756,APPROACH,FLOW,/home/eunseop/nrs_imitation/checkpoints/flow/polishing/single_cam/20260809_1638,497.6918029785156,332.9446105957031,196.45172119140625,-0.016122842207551003,-0.0026265571359544992,2.763709306716919,0.5684138536453247,2.959517240524292,-0.06801865249872208,495.9725341796875,330.59423828125,222.0499725341797,-0.014754745177924633,-0.0017034150660037994,2.7628726959228516,0.0,0.0,0.0,0,0
1786431228.4376795,0.859078769000007,APPROACH,FLOW,/home/eunseop/nrs_imitation/checkpoints/flow/polishing/single_cam/20260809_1638,496.7663879394531,331.83282470703125,194.9160614013672,-0.01418539509177208,0.0006420134450308979,2.7636964321136475,-1.872147560119629,1.3358910083770752,-2.3235790729522705,495.97216796875,330.58709716796875,222.137939453125,-0.01472698338329792,-0.0017938842065632343,2.7628085613250732,0.0,0.0,0.0,0,0
1786431228.4456978,0.8670968269998411,APPROACH,FLOW,/home/eunseop/nrs_imitation/checkpoints/flow/polishing/single_cam/20260809_1638,495.92950439453125,330.86370849609375,193.5964813232422,-0.01246498990803957,0.0034500062465667725,2.7635927200317383,-3.22288179397583,-0.09645185619592667,-4.443879127502441,495.9717712402344,330.579833984375,222.22659301757812,-0.014698999002575874,-0.0018850774504244328,2.7627434730529785,0.0,0.0,0.0,0,0
1786431228.453676,0.8750749979999455,APPROACH,FLOW,/home/eunseop/nrs_imitation/checkpoints/flow/polishing/single_cam/20260809_1638,495.21136474609375,330.0254211425781,192.44468688964844,-0.0109255937859416,0.005935605615377426,2.763579845428467,-4.2311224937438965,0.10650606453418732,-6.123095512390137,495.9714050292969,330.5725402832031,222.31565856933594,-0.014670894481241703,-0.0019766665063798428,2.762678623199463,0.0,0.0,0.0,0,0
1786431228.4616516,0.8830504240004302,APPROACH,FLOW,/home/eunseop/nrs_imitation/checkpoints/flow/polishing/single_cam/20260809_1638,494.7123718261719,329.38751220703125,191.6395263671875,-0.00996366236358881,0.0076606664806604385,2.7635254859924316,-1.551375150680542,-0.12057365477085114,-9.265205383300781,495.97100830078125,330.5652160644531,222.4055938720703,-0.014642510563135147,-0.0020691612735390663,2.7626125812530518,0.0,0.0,0.0,0,0
1786431228.4696853,0.8910844430001816,APPROACH,FLOW,/home/eunseop/nrs_imitation/checkpoints/flow/polishing/single_cam/20260809_1638,494.3809509277344,328.926513671875,191.10174560546875,-0.009334202855825424,0.008892940357327461,2.7633848190307617,-1.4350818395614624,-1.3359730243682861,-8.72905445098877,495.9706115722656,330.55780029296875,222.4962615966797,-0.014613892883062363,-0.002162419492378831,2.7625463008880615,0.0,0.0,0.0,0,0
1786431228.477681,0.8990800569999919,APPROACH,FLOW,/home/eunseop/nrs_imitation/checkpoints/flow/polishing/single_cam/20260809_1638,494.2326354980469,328.7000732421875,191.0045623779297,-0.009134577587246895,0.009284975938498974,2.763338565826416,-2.5639212131500244,-2.429879903793335,-9.332237243652344,495.97021484375,330.55035400390625,222.58763122558594,-0.014585057273507118,-0.0022563841193914413,2.762479543685913,0.0,0.0,0.0,0,0
1786431228.4856524,0.907051625999884,APPROACH,FLOW,/home/eunseop/nrs_imitation/checkpoints/flow/polishing/single_cam/20260809_1638,494.249267578125,328.6976013183594,191.2282257080078,-0.009214548394083977,0.009002269245684147,2.7632181644439697,-3.1681346893310547,-1.6217724084854126,-6.597207546234131,495.9698181152344,330.5428466796875,222.67947387695312,-0.014556070789694786,-0.002350848400965333,2.7624123096466064,0.0,0.0,0.0,0,0
1786431228.4936733,0.9150721790001626,APPROACH,FLOW,/home/eunseop/nrs_imitation/checkpoints/flow/polishing/single_cam/20260809_1638,494.4276428222656,328.93994140625,191.83935546875,-0.009688017889857292,0.00787594635039568,2.763216257095337,-2.3312904834747314,1.9107428789138794,-6.106513500213623,495.96942138671875,330.5353088378906,222.772216796875,-0.01452680118381977,-0.002446230035275221,2.7623445987701416,0.0,0.0,0.0,0,0
1786431228.5016499,0.9230488969997168,APPROACH,FLOW,/home/eunseop/nrs_imitation/checkpoints/flow/polishing/single_cam/20260809_1638,494.7722473144531,329.3866271972656,192.76052856445312,-0.010502714663743973,0.006205257028341293,2.7630913257598877,-2.5780632495880127,0.9185280799865723,-7.660012722015381,495.9690246582031,330.5276794433594,222.86532592773438,-0.014497416093945503,-0.0025419872254133224,2.7622764110565186,0.0,0.0,0.0,0,0
1786431228.5096636,0.9310626870001215,APPROACH,FLOW,/home/eunseop/nrs_imitation/checkpoints/flow/polishing/single_cam/20260809_1638,495.22906494140625,329.9763488769531,193.988525390625,-0.01150547806173563,0.004059885162860155,2.7630481719970703,-5.193652629852295,-0.45426225662231445,-2.412050247192383,495.9686279296875,330.5200500488281,222.959228515625,-0.01446777768433094,-0.0026385716628283262,2.7622077465057373,0.0,0.0,0.0,0,0
1786431228.517671,0.9390701339998486,APPROACH,FLOW,/home/eunseop/nrs_imitation/checkpoints/flow/polishing/single_cam/20260809_1638,495.76251220703125,330.6773376464844,195.32330322265625,-0.012605180032551289,0.0016021549236029387,2.76294207572937,-2.5466487407684326,2.6220922470092773,0.7522581219673157,495.96820068359375,330.5122985839844,223.0537872314453,-0.01443793810904026,-0.002735815243795514,2.762138605117798,0.0,0.0,0.0,0,0
1786431228.52565,0.9470489260002068,APPROACH,FLOW,/home/eunseop/nrs_imitation/checkpoints/flow/polishing/single_cam/20260809_1638,496.4299621582031,331.4778747558594,196.77369689941406,-0.014095719903707504,-0.0011405395343899727,2.7629268169403076,1.8536256551742554,4.002275466918945,3.0216243267059326,495.9678039550781,330.5045471191406,223.14894104003906,-0.014407902956008911,-0.0028336886316537857,2.7620689868927,0.0,0.0,0.0,0,0
1786431228.5336697,0.9550687070004642,APPROACH,FLOW,/home/eunseop/nrs_imitation/checkpoints/flow/polishing/single_cam/20260809_1638,497.0463562011719,332.1653137207031,198.0613250732422,-0.015496918000280857,-0.003584105521440506,2.7628984451293945,1.8202675580978394,3.942478895187378,8.040441513061523,495.9673767089844,330.4967041015625,223.24481201171875,-0.014377650804817677,-0.0029322758782655,2.7619988918304443,0.0,0.0,0.0,0,0
1786431228.5416517,0.9630507860001671,APPROACH,FLOW,/home/eunseop/nrs_imitation/checkpoints/flow/polishing/single_cam/20260809_1638,497.5436096191406,332.7520751953125,199.1348876953125,-0.016625331714749336,-0.0056778076104819775,2.7628226280212402,2.769047260284424,3.975156307220459,10.369091987609863,495.9669494628906,330.48883056640625,223.3412322998047,-0.014347215183079243,-0.003031456610187888,2.761928081512451,0.0,0.0,0.0,0,0
1786431228.5496736,0.9710725310005728,APPROACH,FLOW,/home/eunseop/nrs_imitation/checkpoints/flow/polishing/single_cam/20260809_1638,497.91259765625,333.1551208496094,199.9522247314453,-0.017541805282235146,-0.007252998184412718,2.762749195098877,3.6910693645477295,4.479808330535889,10.847018241882324,495.9665222167969,330.48089599609375,223.43833923339844,-0.014316570945084095,-0.003131317673251033,2.761857271194458,0.0,0.0,0.0,0,0
1786431228.5576665,0.9790655799997694,APPROACH,FLOW,/home/eunseop/nrs_imitation/checkpoints/flow/polishing/single_cam/20260809_1638,498.05926513671875,333.2933044433594,200.33848571777344,-0.017836924642324448,-0.007956082001328468,2.7625999450683594,2.480121374130249,5.4301323890686035,12.370655059814453,495.96612548828125,330.4729309082031,223.53604125976562,-0.014285736717283726,-0.0032317976001650095,2.7617857456207275,0.0,0.0,0.0,0,0
1786431228.5657134,0.9871126540001569,APPROACH,FLOW,/home/eunseop/nrs_imitation/checkpoints/flow/polishing/single_cam/20260809_1638,497.9330139160156,333.18121337890625,200.30343627929688,-0.017590569332242012,-0.007688114419579506,2.7625551223754883,0.8749803304672241,5.671187400817871,10.93155574798584,495.9656982421875,330.4649353027344,223.63433837890625,-0.014254714362323284,-0.0033328968565911055,2.761713981628418,0.0,0.0,0.0,0,0
1786431228.5737312,0.9951302609997583,APPROACH,FLOW,/home/eunseop/nrs_imitation/checkpoints/flow/polishing/single_cam/20260809_1638,497.659912109375,332.8394470214844,199.97584533691406,-0.016883093863725662,-0.006730163469910622,2.762457847595215,1.664381504058838,3.5783591270446777,6.31547212600708,495.96527099609375,330.4568176269531,223.73358154296875,-0.014223391190171242,-0.0034349693451076746,2.761641502380371,0.0,0.0,0.0,0,0
1786431228.5816848,1.0030839549999655,APPROACH,FLOW,/home/eunseop/nrs_imitation/checkpoints/flow/polishing/single_cam/20260809_1638,497.2309875488281,332.3193359375,199.3609161376953,-0.01581140048801899,-0.0049135684967041016,2.762341022491455,-2.447448968887329,1.120587706565857,2.635645627975464,495.9648132324219,330.44873046875,223.83282470703125,-0.01419206615537405,-0.0035370499826967716,2.761568784713745,0.0,0.0,0.0,0,0
1786431228.589659,1.0110579980000693,APPROACH,FLOW,/home/eunseop/nrs_imitation/checkpoints/flow/polishing/single_cam/20260809_1638,496.8565979003906,331.83209228515625,198.7552947998047,-0.014782200567424297,-0.0031710744369775057,2.762270450592041,-3.892524242401123,-1.0871142148971558,-5.857728481292725,495.96441650390625,330.4405517578125,223.93295288085938,-0.014160465449094772,-0.0036400279495865107,2.761495590209961,0.0,0.0,0.0,0,0
1786431228.5977006,1.0190996510000332,APPROACH,FLOW,/home/eunseop/nrs_imitation/checkpoints/flow/polishing/single_cam/20260809_1638,496.5649108886719,331.49853515625,198.3054656982422,-0.013856429606676102,-0.0017183661693707108,2.762232780456543,-5.229678630828857,-1.836032748222351,-7.365734577178955,495.9639587402344,330.4322814941406,224.03407287597656,-0.014128552749752998,-0.003744023386389017,2.7614214420318604,0.0,0.0,0.0,0,0
1786431228.6056662,1.027065068000411,APPROACH,FLOW,/home/eunseop/nrs_imitation/checkpoints/flow/polishing/single_cam/20260809_1638,496.4467468261719,331.3655090332031,198.1352996826172,-0.013405929319560528,-0.0009465001057833433,2.762141466140747,-0.3970916271209717,0.15662723779678345,-8.408900260925293,495.9635314941406,330.4240417480469,224.1351318359375,-0.014096654951572418,-0.0038479731883853674,2.761347532272339,0.0,0.0,0.0,0,0
1786431228.6136632,1.03506233600001,APPROACH,FLOW,/home/eunseop/nrs_imitation/checkpoints/flow/polishing/single_cam/20260809_1638,496.472412109375,331.3529357910156,198.13665771484375,-0.013418788090348244,-0.0007265568128786981,2.7622017860412598,2.511233329772949,2.280224323272705,-7.598599433898926,495.96307373046875,330.41571044921875,224.2371063232422,-0.014064469374716282,-0.0039528533816337585,2.761273145675659,0.0,0.0,0.0,0,0
1786431228.6216543,1.043053461999989,APPROACH,FLOW,/home/eunseop/nrs_imitation/checkpoints/flow/polishing/single_cam/20260809_1638,496.53778076171875,331.37579345703125,198.30992126464844,-0.013561874628067017,-0.0008800175273790956,2.7621288299560547,3.4492673873901367,2.9388811588287354,-4.577300548553467,495.962646484375,330.4073486328125,224.33970642089844,-0.01403209287673235,-0.004058366175740957,2.761198043823242,0.0,0.0,0.0,0,0
1786431228.6296535,1.0510526429998208,APPROACH,FLOW,/home/eunseop/nrs_imitation/checkpoints/flow/polishing/single_cam/20260809_1638,496.5805358886719,331.45184326171875,198.66456604003906,-0.013682441785931587,-0.0015460342401638627,2.762042760848999,-0.6421618461608887,1.3396350145339966,-0.7451871037483215,495.9621887207031,330.39892578125,224.44288635253906,-0.013999528251588345,-0.004164484329521656,2.761122465133667,0.0,0.0,0.0,0,0
1786431228.6376448,1.059043870000096,APPROACH,FLOW,/home/eunseop/nrs_imitation/checkpoints/flow/polishing/single_cam/20260809_1638,496.6734313964844,331.5691223144531,199.139892578125,-0.014034811407327652,-0.0023523156996816397,2.761894702911377,-2.2413547039031982,1.7094359397888184,2.2967350482940674,495.9617614746094,330.3904724121094,224.5466766357422,-0.013966778293251991,-0.004271211102604866,2.7610466480255127,0.0,0.0,0.0,0,0
1786431228.645675,1.0670741210005872,APPROACH,FLOW,/home/eunseop/nrs_imitation/checkpoints/flow/polishing/single_cam/20260809_1638,496.6734313964844,331.5691223144531,199.139892578125,-0.014034811407327652,-0.0023523156996816397,2.761894702911377,-2.2413547039031982,1.7094359397888184,2.2967350482940674,495.9613037109375,330.3819885253906,224.65077209472656,-0.013933921232819557,-0.004378282465040684,2.7609705924987793,0.0,0.0,0.0,0,0
1786431228.6536772,1.0750762779998695,APPROACH,FLOW,/home/eunseop/nrs_imitation/checkpoints/flow/polishing/single_cam/20260809_1638,496.9049377441406,331.86688232421875,200.04425048828125,-0.014723215252161026,-0.004072020296007395,2.7617416381835938,-0.4727851152420044,3.941943883895874,5.535910606384277,495.9608154296875,330.37335205078125,224.75604248046875,-0.013900693506002426,-0.004486562684178352,2.7608933448791504,0.0,0.0,0.0,0,0
1786431228.6616647,1.0830638469997211,APPROACH,FLOW,/home/eunseop/nrs_imitation/checkpoints/flow/polishing/single_cam/20260809_1638,497.01446533203125,331.98992919921875,200.40817260742188,-0.014979170635342598,-0.004738703835755587,2.7616536617279053,0.8476603031158447,4.110457420349121,5.594882488250732,495.96038818359375,330.36474609375,224.861572265625,-0.013867390342056751,-0.004595088306814432,2.7608163356781006,0.0,0.0,0.0,0,0
1786431228.669671,1.0910703830004422,APPROACH,FLOW,/home/eunseop/nrs_imitation/checkpoints/flow/polishing/single_cam/20260809_1638,497.04913330078125,331.97943115234375,200.58140563964844,-0.015153249725699425,-0.004912392236292362,2.7616281509399414,0.42812618613243103,2.823108673095703,5.08843469619751,495.9599304199219,330.3560791015625,224.9676971435547,-0.013833893463015556,-0.004704248160123825,2.7607388496398926,0.0,0.0,0.0,0,0
1786431228.6776938,1.0990930699999808,APPROACH,FLOW,/home/eunseop/nrs_imitation/checkpoints/flow/polishing/single_cam/20260809_1638,496.9977111816406,331.86773681640625,200.6044921875,-0.01503668911755085,-0.0046683186665177345,2.7615818977355957,0.9670152068138123,1.4443799257278442,3.0081613063812256,495.95947265625,330.34735107421875,225.07467651367188,-0.013800133019685745,-0.004814263433218002,2.760660409927368,0.0,0.0,0.0,0,0
1786431228.6856816,1.1070806590005304,APPROACH,FLOW,/home/eunseop/nrs_imitation/checkpoints/flow/polishing/single_cam/20260809_1638,496.8560485839844,331.6763916015625,200.5366973876953,-0.014672636054456234,-0.004154734779149294,2.7614548206329346,0.5254743099212646,1.230573296546936,0.341714084148407,495.958984375,330.338623046875,225.1819305419922,-0.013766279444098473,-0.004924585111439228,2.7605819702148438,0.0,0.0,0.0,0,0
1786431228.6936648,1.1150637700002335,APPROACH,FLOW,/home/eunseop/nrs_imitation/checkpoints/flow/polishing/single_cam/20260809_1638,496.7138366699219,331.4878234863281,200.46908569335938,-0.0141891585662961,-0.0036334528122097254,2.761352062225342,-1.6256794929504395,-0.1603337526321411,-0.8401542901992798,495.9585266113281,330.3298034667969,225.28953552246094,-0.013732321560382843,-0.005035245791077614,2.7605032920837402,0.0,0.0,0.0,0,0
1786431228.7017167,1.1231158930004312,APPROACH,FLOW,/home/eunseop/nrs_imitation/checkpoints/flow/polishing/single_cam/20260809_1638,496.5745544433594,331.35308837890625,200.4364471435547,-0.01373973023146391,-0.0032081594690680504,2.761260747909546,-1.369433045387268,0.8279683589935303,-2.390406370162964,495.95806884765625,330.3209533691406,225.39822387695312,-0.01369802001863718,-0.0051470291800796986,2.7604236602783203,0.0,0.0,0.0,0,0
1786431228.7096748,1.1310737250005332,APPROACH,FLOW,/home/eunseop/nrs_imitation/checkpoints/flow/polishing/single_cam/20260809_1638,496.5143127441406,331.3385314941406,200.4878692626953,-0.013466374017298222,-0.0031684821005910635,2.761154890060425,-0.13144594430923462,2.1578726768493652,-2.9400172233581543,495.9576110839844,330.31207275390625,225.50694274902344,-0.013663707301020622,-0.005258843302726746,2.7603442668914795,0.0,0.0,0.0,0,0
1786431228.7176628,1.139061665000554,APPROACH,FLOW,/home/eunseop/nrs_imitation/checkpoints/flow/polishing/single_cam/20260809_1638,496.518798828125,331.3609313964844,200.6016082763672,-0.013392438180744648,-0.00320871127769351,2.761143445968628,-0.25058868527412415,3.111560583114624,-1.7859207391738892,495.9571228027344,330.30316162109375,225.61642456054688,-0.013629152439534664,-0.005371451377868652,2.7602643966674805,0.0,0.0,0.0,0,0
1786431228.7257385,1.1471375640003316,APPROACH,FLOW,/home/eunseop/nrs_imitation/checkpoints/flow/polishing/single_cam/20260809_1638,496.5150146484375,331.4031677246094,200.79971313476562,-0.01325863879173994,-0.0034188050776720047,2.7610485553741455,0.011088195256888866,3.1898882389068604,-0.20303314924240112,495.9566650390625,330.29412841796875,225.72682189941406,-0.013594312593340874,-0.0054849861189723015,2.760183572769165,0.0,0.0,0.0,0,0
1786431228.7336576,1.1550567009999213,APPROACH,FLOW,/home/eunseop/nrs_imitation/checkpoints/flow/polishing/single_cam/20260809_1638,496.54486083984375,331.4450378417969,201.0584259033203,-0.013324589468538761,-0.0037103143986314535,2.7609872817993164,0.2055012434720993,3.301429271697998,0.9723818302154541,495.9561767578125,330.2851257324219,225.837158203125,-0.013559483923017979,-0.005598482210189104,2.7601027488708496,0.0,0.0,0.0,0,0
1786431228.7417028,1.1631019010001182,APPROACH,FLOW,/home/eunseop/nrs_imitation/checkpoints/flow/polishing/single_cam/20260809_1638,496.6264953613281,331.51947021484375,201.37255859375,-0.013494818471372128,-0.004154645372182131,2.7608530521392822,0.7536394000053406,2.9802229404449463,1.7298675775527954,495.9556884765625,330.2760009765625,225.94866943359375,-0.01352429948747158,-0.005713141988962889,2.760021209716797,0.0,0.0,0.0,0,0
1786431228.7496498,1.17104885200024,APPROACH,FLOW,/home/eunseop/nrs_imitation/checkpoints/flow/polishing/single_cam/20260809_1638,496.6612243652344,331.55377197265625,201.6824951171875,-0.013628741726279259,-0.004601291846483946,2.7608273029327393,0.39777928590774536,2.552478790283203,2.6307690143585205,495.9552001953125,330.26690673828125,226.06011962890625,-0.013489114120602608,-0.005827798508107662,2.759939670562744,0.0,0.0,0.0,0,0
1786431228.7577145,1.1791135499997836,APPROACH,FLOW,/home/eunseop/nrs_imitation/checkpoints/flow/polishing/single_cam/20260809_1638,496.6773376464844,331.5348815917969,201.87548828125,-0.013672581873834133,-0.00474906899034977,2.760742664337158,0.21197384595870972,2.148998498916626,3.850050449371338,495.9547424316406,330.25775146484375,226.17269897460938,-0.013453591614961624,-0.005943560041487217,2.759857416152954,0.0,0.0,0.0,0,0
1786431228.7658043,1.1872035960004723,APPROACH,FLOW,/home/eunseop/nrs_imitation/checkpoints/flow/polishing/single_cam/20260809_1638,496.7015686035156,331.4978942871094,202.0408172607422,-0.013782213442027569,-0.004841818008571863,2.7606699466705322,0.4040111303329468,1.1854300498962402,3.0483341217041016,495.9542236328125,330.24847412109375,226.28587341308594,-0.013417870737612247,-0.006059963256120682,2.7597744464874268,0.0,0.0,0.0,0,0
1786431228.7737312,1.1951304690001052,APPROACH,FLOW,/home/eunseop/nrs_imitation/checkpoints/flow/polishing/single_cam/20260809_1638,496.6839904785156,331.506103515625,202.1297607421875,-0.013767316937446594,-0.00485039409250021,2.7606701850891113,-0.20939873158931732,0.986190915107727,3.1355957984924316,495.9537353515625,330.2392578125,226.39895629882812,-0.013382183387875557,-0.00617626029998064,2.7596919536590576,0.0,0.0,0.0,0,0
1786431228.781673,1.2030721099999937,APPROACH,FLOW,/home/eunseop/nrs_imitation/checkpoints/flow/polishing/single_cam/20260809_1638,496.65362548828125,331.4776611328125,202.2443389892578,-0.013736028224229813,-0.004828703124076128,2.7606704235076904,0.1045479029417038,1.9255415201187134,-0.6824453473091125,495.9532470703125,330.2299499511719,226.51284790039062,-0.013346236199140549,-0.006293405778706074,2.759608745574951,0.0,0.0,0.0,0,0
1786431228.789788,1.2111873940002624,APPROACH,FLOW,/home/eunseop/nrs_imitation/checkpoints/flow/polishing/single_cam/20260809_1638,496.5928039550781,331.4410400390625,202.33401489257812,-0.013487165793776512,-0.004832717590034008,2.760540246963501,-2.6348981857299805,2.2736496925354004,0.1617949903011322,495.9527282714844,330.2205505371094,226.62782287597656,-0.013309948146343231,-0.006411658134311438,2.759524345397949,0.0,0.0,0.0,0,0
1786431228.797668,1.2190671859998474,APPROACH,FLOW,/home/eunseop/nrs_imitation/checkpoints/flow/polishing/single_cam/20260809_1638,496.5298767089844,331.407958984375,202.43365478515625,-0.01323480810970068,-0.004760487470775843,2.7604944705963135,-1.280428171157837,2.3705554008483887,-1.1742616891860962,495.9522399902344,330.21124267578125,226.74195861816406,-0.013273920863866806,-0.006529062055051327,2.7594408988952637,0.0,0.0,0.0,0,0
1786431228.805634,1.22703303399976,APPROACH,FLOW,/home/eunseop/nrs_imitation/checkpoints/flow/polishing/single_cam/20260809_1638,496.5298767089844,331.407958984375,202.43365478515625,-0.01323480810970068,-0.004760487470775843,2.7604944705963135,-1.280428171157837,2.3705554008483887,-1.1742616891860962,495.95172119140625,330.20184326171875,226.85699462890625,-0.013237619772553444,-0.00664735771715641,2.759356737136841,0.0,0.0,0.0,0,0
1786431228.8136501,1.2350492080004187,APPROACH,FLOW,/home/eunseop/nrs_imitation/checkpoints/flow/polishing/single_cam/20260809_1638,496.5437316894531,331.381103515625,202.83448791503906,-0.013130909763276577,-0.0049547478556632996,2.760291337966919,-0.42949458956718445,2.4981801509857178,0.40433815121650696,495.9512634277344,330.1923522949219,226.97349548339844,-0.013200856745243073,-0.00676716398447752,2.7592716217041016,0.0,0.0,0.0,0,0
1786431228.8216546,1.2430536700003358,APPROACH,FLOW,/home/eunseop/nrs_imitation/checkpoints/flow/polishing/single_cam/20260809_1638,496.6004333496094,331.3478088378906,202.9978485107422,-0.013208921998739243,-0.005025623366236687,2.7601470947265625,-0.03263292461633682,2.072247266769409,2.1499221324920654,495.9507751464844,330.182861328125,227.0900115966797,-0.013164077885448933,-0.006887015886604786,2.759186267852783,0.0,0.0,0.0,0,0
1786431228.8296385,1.2510373209997852,APPROACH,FLOW,/home/eunseop/nrs_imitation/checkpoints/flow/polishing/single_cam/20260809_1638,496.6894836425781,331.3985595703125,203.25584411621094,-0.01344969216734171,-0.005353851243853569,2.7600603103637695,1.8254975080490112,1.9250608682632446,1.7928454875946045,495.95025634765625,330.17327880859375,227.20706176757812,-0.013127138838171959,-0.007007390260696411,2.759100914001465,0.0,0.0,0.0,0,0
1786431228.837705,1.2591041329997097,APPROACH,FLOW,/home/eunseop/nrs_imitation/checkpoints/flow/polishing/single_cam/20260809_1638,496.7142028808594,331.48297119140625,203.481201171875,-0.013578108511865139,-0.0056876977905631065,2.7601187229156494,1.1137373447418213,2.0095620155334473,2.7795298099517822,495.9497375488281,330.1636657714844,227.3249969482422,-0.013089918531477451,-0.00712868245318532,2.75901460647583,0.0,0.0,0.0,0,0
1786431228.845685,1.2670839970005545,APPROACH,FLOW,/home/eunseop/nrs_imitation/checkpoints/flow/polishing/single_cam/20260809_1638,496.7486572265625,331.5012512207031,203.66909790039062,-0.013592981733381748,-0.005853191018104553,2.759998321533203,1.5626503229141235,2.6627023220062256,0.36349233984947205,495.94921875,330.154052734375,227.4430389404297,-0.013052660971879959,-0.007250095717608929,2.7589282989501953,0.0,0.0,0.0,0,0
1786431228.8536777,1.2750770069997088,APPROACH,FLOW,/home/eunseop/nrs_imitation/checkpoints/flow/polishing/single_cam/20260809_1638,496.75054931640625,331.53277587890625,203.90911865234375,-0.013590355403721333,-0.006125309970229864,2.759925365447998,-1.1115649938583374,3.1373791694641113,0.7707589864730835,495.94873046875,330.1443176269531,227.5616912841797,-0.013015213422477245,-0.007372125051915646,2.7588412761688232,0.0,0.0,0.0,0,0
1786431228.861683,1.2830820290000702,APPROACH,FLOW,/home/eunseop/nrs_imitation/checkpoints/flow/polishing/single_cam/20260809_1638,496.7118835449219,331.4695129394531,204.0644989013672,-0.013349441811442375,-0.006142791360616684,2.7597477436065674,-1.1886461973190308,2.6650032997131348,0.02831650711596012,495.94818115234375,330.1346435546875,227.6807403564453,-0.012977642007172108,-0.0074945660308003426,2.758754253387451,0.0,0.0,0.0,0,0
1786431228.8696854,1.291084667999712,APPROACH,FLOW,/home/eunseop/nrs_imitation/checkpoints/flow/polishing/single_cam/20260809_1638,496.65411376953125,331.4362487792969,204.21929931640625,-0.013219849206507206,-0.0061191897839307785,2.759652853012085,-0.8187960386276245,1.790594458580017,-0.32350262999534607,495.94769287109375,330.1248779296875,227.80035400390625,-0.012939888052642345,-0.00761759839951992,2.758666753768921,0.0,0.0,0.0,0,0
1786431228.87772,1.2991191470000558,APPROACH,FLOW,/home/eunseop/nrs_imitation/checkpoints/flow/polishing/single_cam/20260809_1638,496.66748046875,331.4012145996094,204.47216796875,-0.01316282618790865,-0.006361585110425949,2.759521245956421,-1.9919109344482422,1.871299386024475,1.1624200344085693,495.9471435546875,330.1150207519531,227.92059326171875,-0.012901944108307362,-0.00774124450981617,2.7585787773132324,0.0,0.0,0.0,0,0
1786431228.8856635,1.3070624110005156,APPROACH,FLOW,/home/eunseop/nrs_imitation/checkpoints/flow/polishing/single_cam/20260809_1638,496.6765441894531,331.387939453125,204.721435546875,-0.013159405440092087,-0.006632919888943434,2.759316921234131,-1.4702861309051514,1.9032872915267944,2.3267672061920166,495.9466552734375,330.1052551269531,228.04067993164062,-0.01286404486745596,-0.007864749990403652,2.758491039276123,0.0,0.0,0.0,0,0
1786431228.8936515,1.315050551999775,APPROACH,FLOW,/home/eunseop/nrs_imitation/checkpoints/flow/polishing/single_cam/20260809_1638,496.7260437011719,331.4480285644531,204.95933532714844,-0.013382794335484505,-0.006894492544233799,2.7593986988067627,0.7080110311508179,1.825398564338684,1.8934710025787354,495.9461364746094,330.0953674316406,228.1616973876953,-0.01282584760338068,-0.007989225909113884,2.7584025859832764,0.0,0.0,0.0,0,0
1786431228.9016986,1.323097735000374,APPROACH,FLOW,/home/eunseop/nrs_imitation/checkpoints/flow/polishing/single_cam/20260809_1638,496.7747497558594,331.449462890625,205.1542205810547,-0.013449938967823982,-0.0070498427376151085,2.759253978729248,0.849191427230835,1.701913595199585,2.9583230018615723,495.9455871582031,330.0854187011719,228.28326416015625,-0.012787474319338799,-0.008114272728562355,2.7583134174346924,0.0,0.0,0.0,0,0
1786431228.9096496,1.331048674000158,APPROACH,FLOW,/home/eunseop/nrs_imitation/checkpoints/flow/polishing/single_cam/20260809_1638,496.8411560058594,331.49627685546875,205.306396484375,-0.013556606136262417,-0.007241739425808191,2.7591564655303955,1.278484582901001,1.894509196281433,3.2131669521331787,495.9450378417969,330.0754699707031,228.40528869628906,-0.012748968787491322,-0.008239752613008022,2.7582242488861084,0.0,0.0,0.0,0,0
1786431228.9176433,1.3390422849997776,APPROACH,FLOW,/home/eunseop/nrs_imitation/checkpoints/flow/polishing/single_cam/20260809_1638,496.82000732421875,331.4788818359375,205.40296936035156,-0.013508768752217293,-0.007190946489572525,2.7591450214385986,1.9619183540344238,3.2131500244140625,-0.11098363995552063,495.94451904296875,330.06549072265625,228.52780151367188,-0.012710299342870712,-0.00836576521396637,2.7581348419189453,0.0,0.0,0.0,0,0
1786431228.925637,1.34703616600018,APPROACH,FLOW,/home/eunseop/nrs_imitation/checkpoints/flow/polishing/single_cam/20260809_1638,496.7881774902344,331.4599304199219,205.5537109375,-0.013398461043834686,-0.007271323353052139,2.759037733078003,-0.4640522301197052,3.0961976051330566,-0.33420202136039734,495.94403076171875,330.0554504394531,228.65078735351562,-0.012671487405896187,-0.008492245338857174,2.758044958114624,0.0,0.0,0.0,0,0
1786431228.9336388,1.355037963000541,APPROACH,FLOW,/home/eunseop/nrs_imitation/checkpoints/flow/polishing/single_cam/20260809_1638,496.6678466796875,331.41229248046875,205.6478729248047,-0.012986413203179836,-0.007154075428843498,2.7589690685272217,-1.5401173830032349,2.924898624420166,-0.8978655934333801,495.9434814453125,330.0453796386719,228.7742462158203,-0.01263252180069685,-0.008619224652647972,2.7579543590545654,0.0,0.0,0.0,0,0
1786431228.9423046,1.3637036230002195,APPROACH,FLOW,/home/eunseop/nrs_imitation/checkpoints/flow/polishing/single_cam/20260809_1638,496.6678466796875,331.41229248046875,205.6478729248047,-0.012986413203179836,-0.007154075428843498,2.7589690685272217,-1.5401173830032349,2.924898624420166,-0.8978655934333801,495.94287109375,330.034423828125,228.90817260742188,-0.012590249069035053,-0.00875698123127222,2.7578563690185547,0.0,0.0,0.0,0,0
1786431228.9496555,1.3710545009998896,APPROACH,FLOW,/home/eunseop/nrs_imitation/checkpoints/flow/polishing/single_cam/20260809_1638,496.5718078613281,331.2673645019531,205.91734313964844,-0.012656735256314278,-0.007046813610941172,2.758744955062866,-1.5585660934448242,2.5484228134155273,0.519006073474884,495.9423828125,330.02508544921875,229.0226287841797,-0.01255413331091404,-0.008874677121639252,2.757772922515869,0.0,0.0,0.0,0,0
1786431228.9576542,1.3790533920000598,APPROACH,FLOW,/home/eunseop/nrs_imitation/checkpoints/flow/polishing/single_cam/20260809_1638,496.5879211425781,331.25445556640625,206.13331604003906,-0.012763171456754208,-0.007238032761961222,2.758659601211548,-0.47828802466392517,1.1896300315856934,1.5836665630340576,495.94183349609375,330.014892578125,229.14752197265625,-0.012514716945588589,-0.009003124199807644,2.757681369781494,0.0,0.0,0.0,0,0
1786431228.965674,1.3870731130000422,APPROACH,FLOW,/home/eunseop/nrs_imitation/checkpoints/flow/polishing/single_cam/20260809_1638,496.5998229980469,331.24896240234375,206.3263702392578,-0.012767808511853218,-0.007350941188633442,2.7585391998291016,-0.25977545976638794,1.6986602544784546,2.5122244358062744,495.9412841796875,330.0046691894531,229.27285766601562,-0.012475154362618923,-0.00913204625248909,2.75758957862854,0.0,0.0,0.0,0,0
1786431228.9736648,1.3950637380003172,APPROACH,FLOW,/home/eunseop/nrs_imitation/checkpoints/flow/polishing/single_cam/20260809_1638,496.6694030761719,331.25518798828125,206.5294647216797,-0.012968398630619049,-0.007605196908116341,2.7585253715515137,0.7433239817619324,1.20269775390625,2.737614393234253,495.9407653808594,329.994384765625,229.3986358642578,-0.012435460463166237,-0.009261402301490307,2.757497787475586,0.0,0.0,0.0,0,0
1786431228.9816418,1.4030408870003157,APPROACH,FLOW,/home/eunseop/nrs_imitation/checkpoints/flow/polishing/single_cam/20260809_1638,496.7142333984375,331.2994079589844,206.7108154296875,-0.013030865229666233,-0.007820137776434422,2.758512258529663,1.5934104919433594,1.253745198249817,1.7023942470550537,495.94024658203125,329.9841003417969,229.5248565673828,-0.012395625934004784,-0.009391212835907936,2.7574052810668945,0.0,0.0,0.0,0,0
1786431228.989641,1.4110400179997669,APPROACH,FLOW,/home/eunseop/nrs_imitation/checkpoints/flow/polishing/single_cam/20260809_1638,496.72613525390625,331.280517578125,206.86187744140625,-0.01298823207616806,-0.007882491685450077,2.758368968963623,0.8177620768547058,2.495981216430664,-0.6582871079444885,495.939697265625,329.9737548828125,229.65158081054688,-0.012355631217360497,-0.009521547704935074,2.757312774658203,0.0,0.0,0.0,0,0
1786431228.9976487,1.41904756599979,APPROACH,FLOW,/home/eunseop/nrs_imitation/checkpoints/flow/polishing/single_cam/20260809_1638,496.68121337890625,331.29180908203125,207.07708740234375,-0.012831605039536953,-0.008086155168712139,2.758249521255493,-1.7895729541778564,2.7505671977996826,0.20891231298446655,495.93914794921875,329.96337890625,229.7787322998047,-0.012315504252910614,-0.009652312844991684,2.7572197914123535,0.0,0.0,0.0,0,0
1786431229.0056381,1.427037159000065,APPROACH,FLOW,/home/eunseop/nrs_imitation/checkpoints/flow/polishing/single_cam/20260809_1638,496.6402587890625,331.2773132324219,207.2311248779297,-0.012651140801608562,-0.00810825265944004,2.7581911087036133,-1.002096176147461,3.263425588607788,0.09902605414390564,495.9385986328125,329.95294189453125,229.9062957763672,-0.012275240384042263,-0.009783521294593811,2.7571263313293457,0.0,0.0,0.0,0,0
1786431229.013655,1.4350540840005124,APPROACH,FLOW,/home/eunseop/nrs_imitation/checkpoints/flow/polishing/single_cam/20260809_1638,496.5930480957031,331.255615234375,207.4053192138672,-0.012495675124228,-0.008176242001354694,2.7580487728118896,-0.7465084195137024,2.9781556129455566,0.23970629274845123,495.9380187988281,329.9425048828125,230.03431701660156,-0.012234837748110294,-0.009915181435644627,2.757032632827759,0.0,0.0,0.0,0,0
1786431229.021643,1.443042114000491,APPROACH,FLOW,/home/eunseop/nrs_imitation/checkpoints/flow/polishing/single_cam/20260809_1638,496.5634765625,331.2441101074219,207.6051788330078,-0.012381041422486305,-0.008317232131958008,2.757953643798828,-1.9514045715332031,2.427541732788086,1.6918143033981323,495.93743896484375,329.9320068359375,230.16282653808594,-0.01219427864998579,-0.01004735380411148,2.7569386959075928,0.0,0.0,0.0,0,0
1786431229.0309832,1.4523822789997212,APPROACH,FLOW,/home/eunseop/nrs_imitation/checkpoints/flow/polishing/single_cam/20260809_1638,496.59454345703125,331.25701904296875,207.8696746826172,-0.012410631403326988,-0.008646677248179913,2.7578084468841553,-0.6565771102905273,2.1330902576446533,2.3591256141662598,495.93682861328125,329.91973876953125,230.31307983398438,-0.012146861292421818,-0.010201878845691681,2.756828784942627,0.0,0.0,0.0,0,0
1786431229.0376635,1.4590625290002208,APPROACH,FLOW,/home/eunseop/nrs_imitation/checkpoints/flow/polishing/single_cam/20260809_1638,496.6639709472656,331.2447509765625,208.06129455566406,-0.012584309093654156,-0.008819160051643848,2.757722854614258,0.9523952007293701,1.9232707023620605,2.260655164718628,495.9363708496094,329.9109191894531,230.42108154296875,-0.012112771160900593,-0.010312968865036964,2.7567498683929443,0.0,0.0,0.0,0,0
1786431229.0456545,1.4670535350005594,APPROACH,FLOW,/home/eunseop/nrs_imitation/checkpoints/flow/polishing/single_cam/20260809_1638,496.6908874511719,331.2795715332031,208.259765625,-0.012738374061882496,-0.00906079076230526,2.757721185684204,1.8605715036392212,1.7823338508605957,2.0234122276306152,495.9357604980469,329.9003601074219,230.55081176757812,-0.012071830220520496,-0.010446383617818356,2.756655216217041,0.0,0.0,0.0,0,0
1786431229.0536406,1.4750396210001782,APPROACH,FLOW,/home/eunseop/nrs_imitation/checkpoints/flow/polishing/single_cam/20260809_1638,496.691650390625,331.2806396484375,208.39854431152344,-0.012644444592297077,-0.009132690727710724,2.757661819458008,2.3642449378967285,1.699582815170288,-0.8518733978271484,495.9352111816406,329.88970947265625,230.68099975585938,-0.012030736543238163,-0.010580295696854591,2.7565598487854004,0.0,0.0,0.0,0,0
1786431229.0616536,1.483052489000329,APPROACH,FLOW,/home/eunseop/nrs_imitation/checkpoints/flow/polishing/single_cam/20260809_1638,496.6938781738281,331.2942199707031,208.60218811035156,-0.012615494430065155,-0.009323312900960445,2.7575297355651855,-0.9574841260910034,2.393886089324951,-0.13249571621418,495.9346618652344,329.8790588378906,230.8115997314453,-0.011989523656666279,-0.01071459986269474,2.7564642429351807,0.0,0.0,0.0,0,0
1786431229.0696383,1.491037282000434,APPROACH,FLOW,/home/eunseop/nrs_imitation/checkpoints/flow/polishing/single_cam/20260809_1638,496.6166687011719,331.2766418457031,208.77809143066406,-0.012309330515563488,-0.009396241046488285,2.7574360370635986,-2.2283267974853516,2.1297779083251953,0.23013566434383392,495.93408203125,329.86834716796875,230.942626953125,-0.01194816455245018,-0.010849380865693092,2.756368398666382,0.0,0.0,0.0,0,0
1786431229.0777037,1.4991027610003584,APPROACH,FLOW,/home/eunseop/nrs_imitation/checkpoints/flow/polishing/single_cam/20260809_1638,496.60186767578125,331.2701416015625,208.9659423828125,-0.012215145863592625,-0.009469879791140556,2.757328748703003,-0.8809269666671753,2.6660749912261963,0.46647408604621887,495.93353271484375,329.8576354980469,231.07420349121094,-0.011906642466783524,-0.010984694585204124,2.756272315979004,0.0,0.0,0.0,0,0
1786431229.0857258,1.507124706000468,APPROACH,FLOW,/home/eunseop/nrs_imitation/checkpoints/flow/polishing/single_cam/20260809_1638,496.5705261230469,331.2353515625,209.13043212890625,-0.012099875137209892,-0.009608703665435314,2.7571861743927,-1.0759013891220093,3.1869423389434814,0.5596032738685608,495.9329528808594,329.8468017578125,231.20643615722656,-0.01186490710824728,-0.011120698414742947,2.7561755180358887,0.0,0.0,0.0,0,0
1786431229.093685,1.515084131000549,APPROACH,FLOW,/home/eunseop/nrs_imitation/checkpoints/flow/polishing/single_cam/20260809_1638,496.5787048339844,331.2833557128906,209.40077209472656,-0.012165897525846958,-0.009900819510221481,2.757124185562134,-1.3504537343978882,2.3710103034973145,2.6612088680267334,495.932373046875,329.8360595703125,231.33840942382812,-0.01182325929403305,-0.011256419122219086,2.7560789585113525,0.0,0.0,0.0,0,0
1786431229.1016793,1.523078383000211,APPROACH,FLOW,/home/eunseop/nrs_imitation/checkpoints/flow/polishing/single_cam/20260809_1638,496.651123046875,331.2581481933594,209.58541870117188,-0.012310292571783066,-0.010088585317134857,2.7570271492004395,0.4921225607395172,1.9960951805114746,2.148909568786621,495.93182373046875,329.82525634765625,231.47096252441406,-0.011781424283981323,-0.011392748914659023,2.755981922149658,0.0,0.0,0.0,0,0
1786431229.1096702,1.5310693179999362,APPROACH,FLOW,/home/eunseop/nrs_imitation/checkpoints/flow/polishing/single_cam/20260809_1638,496.7055969238281,331.2906494140625,209.76731872558594,-0.01242517028003931,-0.010294120758771896,2.7569777965545654,2.107917070388794,2.485102891921997,1.873128056526184,495.93121337890625,329.8143310546875,231.60426330566406,-0.01173934992402792,-0.011529858224093914,2.7558844089508057,0.0,0.0,0.0,0,0
1786431229.1176643,1.5390632999997251,APPROACH,FLOW,/home/eunseop/nrs_imitation/checkpoints/flow/polishing/single_cam/20260809_1638,496.7302551269531,331.25299072265625,209.92611694335938,-0.012443049810826778,-0.010361582972109318,2.7567977905273438,2.0925283432006836,2.7522528171539307,-0.21233712136745453,495.9306335449219,329.803466796875,231.73773193359375,-0.011697224341332912,-0.011667134240269661,2.755786895751953,0.0,0.0,0.0,0,0
1786431229.1256661,1.5470649950002553,APPROACH,FLOW,/home/eunseop/nrs_imitation/checkpoints/flow/polishing/single_cam/20260809_1638,496.6951904296875,331.2607421875,210.12026977539062,-0.012282462790608406,-0.010488390922546387,2.7567031383514404,-0.42834457755088806,1.7099742889404297,0.0015125309582799673,495.9300537109375,329.79254150390625,231.87161254882812,-0.011654972098767757,-0.011804824694991112,2.7556889057159424,0.0,0.0,0.0,0,0
1786431229.133636,1.555035021000549,APPROACH,FLOW,/home/eunseop/nrs_imitation/checkpoints/flow/polishing/single_cam/20260809_1638,496.6553649902344,331.2330627441406,210.35122680664062,-0.0121024614199996,-0.010684611275792122,2.7565362453460693,-1.0338938236236572,2.084639072418213,-0.4151875078678131,495.92950439453125,329.7815856933594,232.0055694580078,-0.011612695641815662,-0.011942594312131405,2.7555909156799316,0.0,0.0,0.0,0,0
1786431229.14178,1.5631791200003136,APPROACH,FLOW,/home/eunseop/nrs_imitation/checkpoints/flow/polishing/single_cam/20260809_1638,496.58380126953125,331.2037048339844,210.4588623046875,-0.011890016496181488,-0.010650351643562317,2.7564539909362793,-0.6762797832489014,2.704946517944336,-0.045903582125902176,495.9289245605469,329.7705383300781,232.14120483398438,-0.011569886468350887,-0.012082098983228207,2.7554917335510254,0.0,0.0,0.0,0,0
1786431229.1496801,1.5710793620000914,APPROACH,FLOW,/home/eunseop/nrs_imitation/checkpoints/flow/polishing/single_cam/20260809_1638,496.58331298828125,331.1683044433594,210.7091827392578,-0.011854800395667553,-0.010860922746360302,2.7563459873199463,-1.6282991170883179,2.668828010559082,0.9451406002044678,495.9283447265625,329.7595520019531,232.2755889892578,-0.011527477763593197,-0.012220297940075397,2.7553935050964355,0.0,0.0,0.0,0,0
1786431229.1576848,1.579083872999945,APPROACH,FLOW,/home/eunseop/nrs_imitation/checkpoints/flow/polishing/single_cam/20260809_1638,496.6166076660156,331.1454162597656,210.955322265625,-0.011934017762541771,-0.01110574696213007,2.7562010288238525,-1.317360281944275,2.0052828788757324,2.006298780441284,495.927734375,329.7485046386719,232.41107177734375,-0.011484721675515175,-0.012359628453850746,2.7552943229675293,0.0,0.0,0.0,0,0
1786431229.1660943,1.5874934820003546,APPROACH,FLOW,/home/eunseop/nrs_imitation/checkpoints/flow/polishing/single_cam/20260809_1638,496.6166076660156,331.1454162597656,210.955322265625,-0.011934017762541771,-0.01110574696213007,2.7562010288238525,-1.317360281944275,2.0052828788757324,2.006298780441284,495.9271240234375,329.73681640625,232.55389404296875,-0.011439644731581211,-0.012506523169577122,2.755189895629883,0.0,0.0,0.0,0,0
1786431229.1736681,1.5950671270002204,APPROACH,FLOW,/home/eunseop/nrs_imitation/checkpoints/flow/polishing/single_cam/20260809_1638,496.69622802734375,331.1744079589844,211.369140625,-0.012079858221113682,-0.011504239402711391,2.7560667991638184,0.5183275938034058,2.219419240951538,2.581578016281128,495.9265441894531,329.726318359375,232.6826934814453,-0.011398988775908947,-0.012639010325074196,2.7550957202911377,0.0,0.0,0.0,0,0
1786431229.1816452,1.6030440860004092,APPROACH,FLOW,/home/eunseop/nrs_imitation/checkpoints/flow/polishing/single_cam/20260809_1638,496.74859619140625,331.2027282714844,211.55874633789062,-0.012271787039935589,-0.01174499373883009,2.7560043334960938,1.456640601158142,1.6816788911819458,2.787787437438965,495.92596435546875,329.7151794433594,232.8192138671875,-0.011355907656252384,-0.01277940347790718,2.7549960613250732,0.0,0.0,0.0,0,0
1786431229.1897442,1.6111433089999991,APPROACH,FLOW,/home/eunseop/nrs_imitation/checkpoints/flow/polishing/single_cam/20260809_1638,496.7445983886719,331.20428466796875,211.6778106689453,-0.012214812450110912,-0.011815592646598816,2.7559447288513184,1.6642725467681885,1.4947595596313477,0.756813645362854,495.9253845214844,329.7039794921875,232.95651245117188,-0.011312570422887802,-0.012920629233121872,2.7548954486846924,0.0,0.0,0.0,0,0
1786431229.1976585,1.6190577679999478,APPROACH,FLOW,/home/eunseop/nrs_imitation/checkpoints/flow/polishing/single_cam/20260809_1638,496.72412109375,331.16900634765625,211.81471252441406,-0.012028616853058338,-0.011860440485179424,2.755815267562866,-0.42782601714134216,2.925987482070923,0.2060101330280304,495.9248046875,329.6927795410156,233.09347534179688,-0.011269348673522472,-0.01306147687137127,2.7547953128814697,0.0,0.0,0.0,0,0
1786431229.205712,1.6271110429997862,APPROACH,FLOW,/home/eunseop/nrs_imitation/checkpoints/flow/polishing/single_cam/20260809_1638,496.651123046875,331.20220947265625,212.01327514648438,-0.01178673841059208,-0.012015254236757755,2.755744695663452,-1.0936378240585327,2.6120338439941406,-0.5382294058799744,495.9241943359375,329.6815185546875,233.2314453125,-0.011225801892578602,-0.013203386217355728,2.7546944618225098,0.0,0.0,0.0,0,0
1786431229.2136366,1.6350357310002437,APPROACH,FLOW,/home/eunseop/nrs_imitation/checkpoints/flow/polishing/single_cam/20260809_1638,496.5785217285156,331.10906982421875,212.1292724609375,-0.011591196060180664,-0.011872386559844017,2.7556264400482178,-0.8491796851158142,2.9005579948425293,-1.0966758728027344,495.9236145019531,329.6702880859375,233.3690643310547,-0.01118236593902111,-0.013344934210181236,2.75459361076355,0.0,0.0,0.0,0,0
1786431229.2217107,1.6431096559999787,APPROACH,FLOW,/home/eunseop/nrs_imitation/checkpoints/flow/polishing/single_cam/20260809_1638,496.568603515625,331.0859375,212.33908081054688,-0.011469636112451553,-0.01203584112226963,2.755411386489868,-1.2945116758346558,2.775428295135498,0.06443050503730774,495.9230041503906,329.6589660644531,233.50787353515625,-0.011138555593788624,-0.01348770223557949,2.7544920444488525,0.0,0.0,0.0,0,0
1786431229.2296374,1.6510364989999289,APPROACH,FLOW,/home/eunseop/nrs_imitation/checkpoints/flow/polishing/single_cam/20260809_1638,496.5415954589844,331.0789794921875,212.60830688476562,-0.011344226077198982,-0.012259300798177719,2.7552921772003174,-0.6197612881660461,2.3032379150390625,0.44163134694099426,495.9223937988281,329.6476745605469,233.64617919921875,-0.01109490916132927,-0.013629931025207043,2.7543909549713135,0.0,0.0,0.0,0,0
1786431229.23906,1.6604589110002053,APPROACH,FLOW,/home/eunseop/nrs_imitation/checkpoints/flow/polishing/single_cam/20260809_1638,496.59320068359375,331.03253173828125,212.84051513671875,-0.011384446173906326,-0.012467890977859497,2.75508713722229,-0.3616064488887787,1.815699815750122,1.1775541305541992,495.9216613769531,329.6343078613281,233.80972290039062,-0.01104329340159893,-0.01379813626408577,2.7542712688446045,0.0,0.0,0.0,0,0
1786431229.2457273,1.6671263270000054,APPROACH,FLOW,/home/eunseop/nrs_imitation/checkpoints/flow/polishing/single_cam/20260809_1638,496.6424255371094,331.05438232421875,213.1440887451172,-0.011492117308080196,-0.012831838801503181,2.7549896240234375,0.07662846893072128,2.0512280464172363,1.2894585132598877,495.92120361328125,329.6249084472656,233.9251251220703,-0.011006874963641167,-0.01391681656241417,2.7541868686676025,0.0,0.0,0.0,0,0
1786431229.2536492,1.6750480790005895,APPROACH,FLOW,/home/eunseop/nrs_imitation/checkpoints/flow/polishing/single_cam/20260809_1638,496.7385559082031,331.1117248535156,213.43441772460938,-0.011699029244482517,-0.013236206956207752,2.7548911571502686,0.8376352190971375,1.692399024963379,2.255039930343628,495.92059326171875,329.613525390625,234.06448364257812,-0.010962890461087227,-0.01406015083193779,2.754085063934326,0.0,0.0,0.0,0,0
1786431229.2617574,1.683156609999969,APPROACH,FLOW,/home/eunseop/nrs_imitation/checkpoints/flow/polishing/single_cam/20260809_1638,496.736083984375,331.14404296875,213.6289520263672,-0.011724632233381271,-0.013490607962012291,2.7547826766967773,1.2470142841339111,1.7704007625579834,2.3513715267181396,495.91998291015625,329.60205078125,234.20501708984375,-0.01091853529214859,-0.014204692095518112,2.7539823055267334,0.0,0.0,0.0,0,0
1786431229.2696798,1.6910789740004475,APPROACH,FLOW,/home/eunseop/nrs_imitation/checkpoints/flow/polishing/single_cam/20260809_1638,496.8096008300781,331.1656494140625,213.86195373535156,-0.011941499076783657,-0.013773948885500431,2.754756450653076,0.5324957966804504,1.866700291633606,3.515578269958496,495.9193420410156,329.5906066894531,234.34512329101562,-0.010874317958950996,-0.014348785392940044,2.7538795471191406,0.0,0.0,0.0,0,0
1786431229.2776692,1.6990681160004897,APPROACH,FLOW,/home/eunseop/nrs_imitation/checkpoints/flow/polishing/single_cam/20260809_1638,496.77618408203125,331.1637878417969,213.95901489257812,-0.0119539899751544,-0.013728320598602295,2.7548160552978516,0.08461017906665802,2.359525203704834,3.611431121826172,495.91876220703125,329.5791320800781,234.48587036132812,-0.010829898528754711,-0.014493539929389954,2.753776788711548,0.0,0.0,0.0,0,0
1786431229.2856503,1.707049343000108,APPROACH,FLOW,/home/eunseop/nrs_imitation/checkpoints/flow/polishing/single_cam/20260809_1638,496.7341003417969,331.1434631347656,214.04603576660156,-0.011779137887060642,-0.013691343367099762,2.7547099590301514,-0.1412525326013565,3.5073001384735107,1.0333820581436157,495.91815185546875,329.567626953125,234.626953125,-0.010785371996462345,-0.014638639986515045,2.753673553466797,0.0,0.0,0.0,0,0
1786431229.2936783,1.715077410000049,APPROACH,FLOW,/home/eunseop/nrs_imitation/checkpoints/flow/polishing/single_cam/20260809_1638,496.68756103515625,331.0811767578125,214.1314239501953,-0.011592689901590347,-0.013564199209213257,2.7546160221099854,-2.2279865741729736,3.1801388263702393,-0.3285105526447296,495.91754150390625,329.5560302734375,234.7686767578125,-0.010740645229816437,-0.01478439662605524,2.753570079803467,0.0,0.0,0.0,0,0
1786431229.3016756,1.7230746780005575,APPROACH,FLOW,/home/eunseop/nrs_imitation/checkpoints/flow/polishing/single_cam/20260809_1638,496.60150146484375,330.9832763671875,214.23739624023438,-0.011254454031586647,-0.013405170291662216,2.754523277282715,-1.8610628843307495,2.016172409057617,-0.8337103724479675,495.91693115234375,329.54449462890625,234.91015625,-0.010695988312363625,-0.014929923228919506,2.7534666061401367,0.0,0.0,0.0,0,0
1786431229.3096583,1.7310574880002605,APPROACH,FLOW,/home/eunseop/nrs_imitation/checkpoints/flow/polishing/single_cam/20260809_1638,496.5137023925781,330.9656677246094,214.3567352294922,-0.010966199450194836,-0.013373325578868389,2.754406213760376,-0.6606195569038391,2.2101757526397705,-2.012392520904541,495.91632080078125,329.53289794921875,235.05227661132812,-0.010651142336428165,-0.015076066367328167,2.7533626556396484,0.0,0.0,0.0,0,0
1786431229.3176615,1.7390605669997967,APPROACH,FLOW,/home/eunseop/nrs_imitation/checkpoints/flow/polishing/single_cam/20260809_1638,496.5419006347656,330.9019470214844,214.58009338378906,-0.01095709390938282,-0.013493087142705917,2.7542381286621094,0.005467051174491644,2.3717093467712402,-0.3859041929244995,495.91571044921875,329.5212707519531,235.1947479248047,-0.010606171563267708,-0.015222610905766487,2.753258466720581,0.0,0.0,0.0,0,0
1786431229.3256726,1.747071691000201,APPROACH,FLOW,/home/eunseop/nrs_imitation/checkpoints/flow/polishing/single_cam/20260809_1638,496.5657043457031,330.9167175292969,214.78375244140625,-0.01095422450453043,-0.013763041235506535,2.754117488861084,0.860077440738678,1.4640671014785767,0.7547298073768616,495.91510009765625,329.5096130371094,235.3374481201172,-0.010561136528849602,-0.015369368717074394,2.7531538009643555,0.0,0.0,0.0,0,0
1786431229.3336644,1.7550634879999052,APPROACH,FLOW,/home/eunseop/nrs_imitation/checkpoints/flow/polishing/single_cam/20260809_1638,496.6249084472656,330.9134826660156,215.04273986816406,-0.011152789928019047,-0.01398045476526022,2.754031181335449,0.39858198165893555,1.5518962144851685,2.3681719303131104,495.91448974609375,329.4979553222656,235.48046875,-0.010515998117625713,-0.015516465529799461,2.753049373626709,0.0,0.0,0.0,0,0
1786431229.3416812,1.7630803430001833,APPROACH,FLOW,/home/eunseop/nrs_imitation/checkpoints/flow/polishing/single_cam/20260809_1638,496.6834716796875,330.95526123046875,215.23580932617188,-0.01127084344625473,-0.014259845949709415,2.753981351852417,1.580831527709961,1.8926130533218384,2.510098934173584,495.913818359375,329.4862060546875,235.624267578125,-0.010470612905919552,-0.015664363279938698,2.752943992614746,0.0,0.0,0.0,0,0
1786431229.3496811,1.7710802960000365,APPROACH,FLOW,/home/eunseop/nrs_imitation/checkpoints/flow/polishing/single_cam/20260809_1638,496.6719970703125,330.9894714355469,215.4565887451172,-0.011254028417170048,-0.014540472067892551,2.7539687156677246,1.6561387777328491,2.8153607845306396,1.1676864624023438,495.9132385253906,329.4744873046875,235.76763916015625,-0.01042536273598671,-0.015811825171113014,2.7528393268585205,0.0,0.0,0.0,0,0
1786431229.3577323,1.7791316069997265,APPROACH,FLOW,/home/eunseop/nrs_imitation/checkpoints/flow/polishing/single_cam/20260809_1638,496.62322998046875,331.0223083496094,215.65432739257812,-0.011051465757191181,-0.014730554074048996,2.753861665725708,-1.33466637134552,2.636645793914795,0.521427571773529,495.91259765625,329.4627380371094,235.9117889404297,-0.010379871353507042,-0.015960069373250008,2.7527339458465576,0.0,0.0,0.0,0,0
1786431229.365695,1.7870941279998078,APPROACH,FLOW,/home/eunseop/nrs_imitation/checkpoints/flow/polishing/single_cam/20260809_1638,496.5581970214844,330.9917907714844,215.85768127441406,-0.010844120755791664,-0.014806880615651608,2.753791332244873,-2.240119218826294,2.867332696914673,0.055318091064691544,495.9119873046875,329.4509582519531,236.05621337890625,-0.010334286838769913,-0.016108617186546326,2.7526283264160156,0.0,0.0,0.0,0,0
1786431229.3742073,1.7956063040001027,APPROACH,FLOW,/home/eunseop/nrs_imitation/checkpoints/flow/polishing/single_cam/20260809_1638,496.5581970214844,330.9917907714844,215.85768127441406,-0.010844120755791664,-0.014806880615651608,2.753791332244873,-2.240119218826294,2.867332696914673,0.055318091064691544,495.91131591796875,329.43841552734375,236.20982360839844,-0.01028580591082573,-0.016266606748104095,2.7525157928466797,0.0,0.0,0.0,0,0
1786431229.381659,1.803058305000377,APPROACH,FLOW,/home/eunseop/nrs_imitation/checkpoints/flow/polishing/single_cam/20260809_1638,496.5179443359375,330.8680725097656,216.24044799804688,-0.010632623918354511,-0.014943053014576435,2.75345778465271,-1.2034467458724976,2.5222017765045166,0.34073469042778015,495.9107360839844,329.4273681640625,236.34506225585938,-0.010243124328553677,-0.01640569418668747,2.7524170875549316,0.0,0.0,0.0,0,0
1786431229.3896506,1.8110497220004618,APPROACH,FLOW,/home/eunseop/nrs_imitation/checkpoints/flow/polishing/single_cam/20260809_1638,496.4791259765625,330.8973083496094,216.48681640625,-0.010500493459403515,-0.01518835686147213,2.753422260284424,-1.1409600973129272,1.8228349685668945,1.886712908744812,495.91009521484375,329.41552734375,236.49020385742188,-0.010197322815656662,-0.016554953530430794,2.7523107528686523,0.0,0.0,0.0,0,0
1786431229.3983598,1.8197589450001033,APPROACH,FLOW,/home/eunseop/nrs_imitation/checkpoints/flow/polishing/single_cam/20260809_1638,496.4791259765625,330.8973083496094,216.48681640625,-0.010500493459403515,-0.01518835686147213,2.753422260284424,-1.1409600973129272,1.8228349685668945,1.886712908744812,495.909423828125,329.40264892578125,236.64764404296875,-0.01014762744307518,-0.016716893762350082,2.7521955966949463,0.0,0.0,0.0,0,0
1786431229.4056695,1.827068362999853,APPROACH,FLOW,/home/eunseop/nrs_imitation/checkpoints/flow/polishing/single_cam/20260809_1638,496.5917053222656,330.8447265625,216.92474365234375,-0.01076019648462534,-0.015581307001411915,2.7531912326812744,1.880014181137085,1.7888823747634888,2.089434862136841,495.90887451171875,329.3917541503906,236.78134155273438,-0.010105432942509651,-0.01685439981520176,2.7520978450775146,0.0,0.0,0.0,0,0
1786431229.4136446,1.8350436890004858,APPROACH,FLOW,/home/eunseop/nrs_imitation/checkpoints/flow/polishing/single_cam/20260809_1638,496.62298583984375,330.9014587402344,217.1688232421875,-0.010849004611372948,-0.0158791933208704,2.753106117248535,2.519350290298462,2.443049907684326,0.553866982460022,495.908203125,329.3798522949219,236.92733764648438,-0.010059356689453125,-0.017004551365971565,2.7519912719726562,0.0,0.0,0.0,0,0
1786431229.4216514,1.8430506049999167,APPROACH,FLOW,/home/eunseop/nrs_imitation/checkpoints/flow/polishing/single_cam/20260809_1638,496.5966796875,330.86517333984375,217.2914581298828,-0.010684289038181305,-0.015893898904323578,2.7529876232147217,-0.2950054705142975,2.2350614070892334,0.3445780277252197,495.9075622558594,329.3678894042969,237.0736083984375,-0.01001319382339716,-0.017154980450868607,2.7518839836120605,0.0,0.0,0.0,0,0
1786431229.4296372,1.851036170000043,APPROACH,FLOW,/home/eunseop/nrs_imitation/checkpoints/flow/polishing/single_cam/20260809_1638,496.5359802246094,330.8400573730469,217.44700622558594,-0.010418761521577835,-0.015867747366428375,2.7528815269470215,-1.2037173509597778,2.396399974822998,0.02926737442612648,495.906982421875,329.35595703125,237.22012329101562,-0.009966954588890076,-0.017305662855505943,2.751776933670044,0.0,0.0,0.0,0,0
1786431229.437648,1.8590473040003417,APPROACH,FLOW,/home/eunseop/nrs_imitation/checkpoints/flow/polishing/single_cam/20260809_1638,496.4876403808594,330.80169677734375,217.60650634765625,-0.01029285229742527,-0.015918368473649025,2.752774238586426,-1.1301294565200806,2.648483991622925,0.11307765543460846,495.90631103515625,329.3439636230469,237.36691284179688,-0.009920618496835232,-0.0174566600471735,2.751669406890869,0.0,0.0,0.0,0,0
1786431229.4456594,1.8670584689998577,APPROACH,FLOW,/home/eunseop/nrs_imitation/checkpoints/flow/polishing/single_cam/20260809_1638,496.4390563964844,330.7906188964844,217.81106567382812,-0.010118471458554268,-0.016054896637797356,2.752631425857544,-1.6546765565872192,2.86026930809021,0.21204975247383118,495.90570068359375,329.33197021484375,237.51400756835938,-0.009874205105006695,-0.01760791428387165,2.7515621185302734,0.0,0.0,0.0,0,0
1786431229.4536552,1.8750542739999219,APPROACH,FLOW,/home/eunseop/nrs_imitation/checkpoints/flow/polishing/single_cam/20260809_1638,496.4075622558594,330.741943359375,218.01437377929688,-0.00998179242014885,-0.01618856005370617,2.752464532852173,-1.3255376815795898,1.9683482646942139,1.9207041263580322,495.905029296875,329.3199157714844,237.66128540039062,-0.009827712550759315,-0.017759421840310097,2.7514543533325195,0.0,0.0,0.0,0,0
1786431229.46164,1.8830390370003443,APPROACH,FLOW,/home/eunseop/nrs_imitation/checkpoints/flow/polishing/single_cam/20260809_1638,496.4190979003906,330.75714111328125,218.220947265625,-0.010035842657089233,-0.016388650983572006,2.752403497695923,-0.9120771884918213,2.0883331298828125,2.4213521480560303,495.9044189453125,329.3078918457031,237.8089141845703,-0.0097811259329319,-0.017911234870553017,2.7513463497161865,0.0,0.0,0.0,0,0
1786431229.4696598,1.8910589679999248,APPROACH,FLOW,/home/eunseop/nrs_imitation/checkpoints/flow/polishing/single_cam/20260809_1638,496.453857421875,330.76153564453125,218.41018676757812,-0.010180195793509483,-0.016577525064349174,2.75237774848938,0.8328478932380676,1.82479727268219,2.5365631580352783,495.90374755859375,329.2958068847656,237.95675659179688,-0.00973446574062109,-0.018063290044665337,2.7512381076812744,0.0,0.0,0.0,0,0
1786431229.4776492,1.8990482609997343,APPROACH,FLOW,/home/eunseop/nrs_imitation/checkpoints/flow/polishing/single_cam/20260809_1638,496.5218200683594,330.7420349121094,218.5802764892578,-0.01028402242809534,-0.016692746430635452,2.7522695064544678,1.56866455078125,1.4956531524658203,2.807460308074951,495.90313720703125,329.2837219238281,238.1048583984375,-0.009687726385891438,-0.0182156041264534,2.7511298656463623,0.0,0.0,0.0,0,0
1786431229.4856548,1.907053863999863,APPROACH,FLOW,/home/eunseop/nrs_imitation/checkpoints/flow/polishing/single_cam/20260809_1638,496.52716064453125,330.7847900390625,218.73558044433594,-0.010335540398955345,-0.016855964437127113,2.752208709716797,2.341141939163208,2.2807388305664062,-0.24181698262691498,495.9024963378906,329.2716064453125,238.25323486328125,-0.00964088924229145,-0.018368234857916832,2.751021385192871,0.0,0.0,0.0,0,0
1786431229.493663,1.9150619330002883,APPROACH,FLOW,/home/eunseop/nrs_imitation/checkpoints/flow/polishing/single_cam/20260809_1638,496.5289611816406,330.7432556152344,218.90447998046875,-0.0101834237575531,-0.016959186643362045,2.75205397605896,-0.3635820150375366,2.984874963760376,-0.7196635603904724,495.90185546875,329.25946044921875,238.4019775390625,-0.00959395058453083,-0.01852119341492653,2.750912666320801,0.0,0.0,0.0,0,0
1786431229.5016525,1.9230514860000767,APPROACH,FLOW,/home/eunseop/nrs_imitation/checkpoints/flow/polishing/single_cam/20260809_1638,496.447509765625,330.6934814453125,219.02578735351562,-0.009885323233902454,-0.016873836517333984,2.751936435699463,-1.4102267026901245,2.6712489128112793,-0.752604067325592,495.90118408203125,329.247314453125,238.55068969726562,-0.00954701378941536,-0.018674148246645927,2.7508037090301514,0.0,0.0,0.0,0,0
1786431229.5108418,1.9322409910000715,APPROACH,FLOW,/home/eunseop/nrs_imitation/checkpoints/flow/polishing/single_cam/20260809_1638,496.37567138671875,330.65997314453125,219.1810760498047,-0.009608522988855839,-0.016895487904548645,2.7518422603607178,-1.3381768465042114,2.908888578414917,-0.8648147583007812,495.90045166015625,329.23333740234375,238.7218780517578,-0.009492989629507065,-0.01885020174086094,2.750678539276123,0.0,0.0,0.0,0,0
1786431229.5176601,1.9390591660003338,APPROACH,FLOW,/home/eunseop/nrs_imitation/checkpoints/flow/polishing/single_cam/20260809_1638,496.3692626953125,330.6315612792969,219.4135284423828,-0.009595510549843311,-0.017113862559199333,2.751649856567383,-1.2206642627716064,2.9583680629730225,0.09350461512804031,495.89990234375,329.2229919433594,238.84910583496094,-0.009452834725379944,-0.01898105815052986,2.7505855560302734,0.0,0.0,0.0,0,0
1786431229.52564,1.947038860000248,APPROACH,FLOW,/home/eunseop/nrs_imitation/checkpoints/flow/polishing/single_cam/20260809_1638,496.36444091796875,330.61761474609375,219.66046142578125,-0.009522217325866222,-0.01732630655169487,2.751494884490967,-1.0250277519226074,2.5439155101776123,1.0556710958480835,495.8992919921875,329.21075439453125,238.99862670898438,-0.009405646473169327,-0.01913483254611492,2.750476121902466,0.0,0.0,0.0,0,0
1786431229.533668,1.955067226999745,APPROACH,FLOW,/home/eunseop/nrs_imitation/checkpoints/flow/polishing/single_cam/20260809_1638,496.4438781738281,330.664306640625,219.97711181640625,-0.009703200310468674,-0.01782050170004368,2.7513842582702637,-0.27942657470703125,2.0136826038360596,2.2010087966918945,495.8985900878906,329.1985168457031,239.1485595703125,-0.009358322247862816,-0.01928904838860035,2.7503662109375,0.0,0.0,0.0,0,0
1786431229.541679,1.9630779810004242,APPROACH,FLOW,/home/eunseop/nrs_imitation/checkpoints/flow/polishing/single_cam/20260809_1638,496.4986877441406,330.715087890625,220.2459716796875,-0.009877871721982956,-0.01816633716225624,2.7513697147369385,1.2306702136993408,2.0391159057617188,2.2789204120635986,495.89794921875,329.186279296875,239.29847717285156,-0.009311004541814327,-0.019443245604634285,2.7502565383911133,0.0,0.0,0.0,0,0
1786431229.5496795,1.971078794999812,APPROACH,FLOW,/home/eunseop/nrs_imitation/checkpoints/flow/polishing/single_cam/20260809_1638,496.5589904785156,330.7667541503906,220.48387145996094,-0.010022629983723164,-0.01852783001959324,2.7513082027435303,1.9262412786483765,1.6506426334381104,2.5712332725524902,495.8973388671875,329.17401123046875,239.4488983154297,-0.0092635378241539,-0.019597932696342468,2.7501468658447266,0.0,0.0,0.0,0,0
1786431229.557644,1.9790428389997032,APPROACH,FLOW,/home/eunseop/nrs_imitation/checkpoints/flow/polishing/single_cam/20260809_1638,496.5837097167969,330.74273681640625,220.67137145996094,-0.010063189081847668,-0.01860135979950428,2.7511398792266846,1.533396601676941,2.341557264328003,0.8224217891693115,495.89666748046875,329.1617431640625,239.59915161132812,-0.009216118603944778,-0.01975245773792267,2.7500367164611816,0.0,0.0,0.0,0,0
1786431229.5656855,1.9870846620005977,APPROACH,FLOW,/home/eunseop/nrs_imitation/checkpoints/flow/polishing/single_cam/20260809_1638,496.5450134277344,330.73736572265625,220.87306213378906,-0.009876576252281666,-0.018782509490847588,2.751044988632202,-1.2912142276763916,2.5454819202423096,1.0887378454208374,495.89599609375,329.1494140625,239.75009155273438,-0.009168477728962898,-0.01990770734846592,2.7499265670776367,0.0,0.0,0.0,0,0
1786431229.5736835,1.9950825610003449,APPROACH,FLOW,/home/eunseop/nrs_imitation/checkpoints/flow/polishing/single_cam/20260809_1638,496.4914245605469,330.66436767578125,221.05393981933594,-0.00962995644658804,-0.018822481855750084,2.750818967819214,-0.9749818444252014,2.7525367736816406,0.002496185712516308,495.89532470703125,329.1370849609375,239.90118408203125,-0.009120793081820011,-0.02006310224533081,2.7498159408569336,0.0,0.0,0.0,0,0
1786431229.581687,2.00308602000041,APPROACH,FLOW,/home/eunseop/nrs_imitation/checkpoints/flow/polishing/single_cam/20260809_1638,496.4294738769531,330.6649475097656,221.2498321533203,-0.009476390667259693,-0.018926355987787247,2.7507596015930176,-1.3623594045639038,2.677333354949951,0.328102707862854,495.8946838378906,329.124755859375,240.0521240234375,-0.009073153138160706,-0.020218346267938614,2.7497053146362305,0.0,0.0,0.0,0,0
1786431229.5896637,2.011062729000514,APPROACH,FLOW,/home/eunseop/nrs_imitation/checkpoints/flow/polishing/single_cam/20260809_1638,496.4223327636719,330.6297302246094,221.3974151611328,-0.009336874820291996,-0.01898513361811638,2.7506167888641357,-1.4749606847763062,2.51760196685791,0.7358913421630859,495.89404296875,329.1124572753906,240.20321655273438,-0.00902546662837267,-0.020373748615384102,2.7495951652526855,0.0,0.0,0.0,0,0
1786431229.5976784,2.0190773100002843,APPROACH,FLOW,/home/eunseop/nrs_imitation/checkpoints/flow/polishing/single_cam/20260809_1638,496.4072265625,330.6231994628906,221.6107635498047,-0.009314849972724915,-0.019188761711120605,2.7504725456237793,-0.5337309241294861,2.259890079498291,1.7448447942733765,495.89337158203125,329.10003662109375,240.354736328125,-0.00897764042019844,-0.020529599860310555,2.749484062194824,0.0,0.0,0.0,0,0
1786431229.6056612,2.027060370000072,APPROACH,FLOW,/home/eunseop/nrs_imitation/checkpoints/flow/polishing/single_cam/20260809_1638,496.46380615234375,330.6107482910156,221.79502868652344,-0.009444141760468483,-0.01934845745563507,2.7504467964172363,0.2998357117176056,2.154270887374878,2.1465394496917725,495.8927001953125,329.0876770019531,240.50648498535156,-0.008929752744734287,-0.020685654133558273,2.749373197555542,0.0,0.0,0.0,0,0
1786431229.6138828,2.035282177999761,APPROACH,FLOW,/home/eunseop/nrs_imitation/checkpoints/flow/polishing/single_cam/20260809_1638,496.5173034667969,330.6156311035156,221.92755126953125,-0.009564495645463467,-0.019492855295538902,2.7503738403320312,2.0678162574768066,1.618232011795044,2.4140400886535645,495.89208984375,329.0752258300781,240.6593017578125,-0.008881529793143272,-0.02084280364215374,2.7492616176605225,0.0,0.0,0.0,0,0
1786431229.6217313,2.0431304700005057,APPROACH,FLOW,/home/eunseop/nrs_imitation/checkpoints/flow/polishing/single_cam/20260809_1638,496.516357421875,330.6362609863281,222.08522033691406,-0.00951125007122755,-0.01963886246085167,2.750337839126587,1.600128173828125,2.322113275527954,0.2865343689918518,495.89141845703125,329.0628662109375,240.81065368652344,-0.008833756670355797,-0.020998483523726463,2.7491507530212402,0.0,0.0,0.0,0,0
1786431229.6297212,2.0511202030002096,APPROACH,FLOW,/home/eunseop/nrs_imitation/checkpoints/flow/polishing/single_cam/20260809_1638,496.4774475097656,330.5727233886719,222.20079040527344,-0.00936517957597971,-0.019584057852625847,2.750195264816284,-1.310234785079956,2.3735246658325195,0.6339038014411926,495.8907470703125,329.0504150390625,240.96307373046875,-0.008785647340118885,-0.021155258640646935,2.7490391731262207,0.0,0.0,0.0,0,0
1786431229.6377192,2.059118113000295,APPROACH,FLOW,/home/eunseop/nrs_imitation/checkpoints/flow/polishing/single_cam/20260809_1638,496.4256896972656,330.5398254394531,222.3330841064453,-0.009139882400631905,-0.01959485560655594,2.7500290870666504,-1.7605372667312622,1.9380794763565063,0.22769507765769958,495.89007568359375,329.0379638671875,241.11538696289062,-0.00873758178204298,-0.021311890333890915,2.7489278316497803,0.0,0.0,0.0,0,0
1786431229.646762,2.0681610470001033,APPROACH,FLOW,/home/eunseop/nrs_imitation/checkpoints/flow/polishing/single_cam/20260809_1638,496.4256896972656,330.5398254394531,222.3330841064453,-0.009139882400631905,-0.01959485560655594,2.7500290870666504,-1.7605372667312622,1.9380794763565063,0.22769507765769958,495.88934326171875,329.0238952636719,241.28787231445312,-0.008683138526976109,-0.021489309147000313,2.7488014698028564,0.0,0.0,0.0,0,0
1786431229.6538918,2.075291070000276,APPROACH,FLOW,/home/eunseop/nrs_imitation/checkpoints/flow/polishing/single_cam/20260809_1638,496.4208679199219,330.4692077636719,222.58767700195312,-0.009216324426233768,-0.01962805725634098,2.7499332427978516,-0.4077834188938141,2.708765745162964,1.4066475629806519,495.8887634277344,329.0128173828125,241.4234619140625,-0.008640349842607975,-0.02162874862551689,2.7487025260925293,0.0,0.0,0.0,0,0
1786431229.6618006,2.0831997180002872,APPROACH,FLOW,/home/eunseop/nrs_imitation/checkpoints/flow/polishing/single_cam/20260809_1638,496.3843688964844,330.4631652832031,222.74215698242188,-0.009108345955610275,-0.019745251163840294,2.7498371601104736,-0.6048374772071838,2.957352638244629,0.37490198016166687,495.88812255859375,329.0005187988281,241.57412719726562,-0.008592801168560982,-0.021783698350191116,2.7485923767089844,0.0,0.0,0.0,0,0
1786431229.6697006,2.091099678000319,APPROACH,FLOW,/home/eunseop/nrs_imitation/checkpoints/flow/polishing/single_cam/20260809_1638,496.3854064941406,330.40911865234375,222.969970703125,-0.009024014696478844,-0.019868411123752594,2.749621868133545,-1.4521558284759521,2.6715588569641113,0.5131931900978088,495.887451171875,328.988037109375,241.72723388671875,-0.008544481359422207,-0.021941162645816803,2.7484803199768066,0.0,0.0,0.0,0,0
1786431229.6776788,2.099077859999852,APPROACH,FLOW,/home/eunseop/nrs_imitation/checkpoints/flow/polishing/single_cam/20260809_1638,496.37030029296875,330.4208068847656,223.2728271484375,-0.008886940777301788,-0.020137475803494453,2.74951434135437,-0.11356603354215622,2.24151611328125,-0.9250255227088928,495.88677978515625,328.97552490234375,241.8805694580078,-0.008496081456542015,-0.022098882123827934,2.74836802482605,0.0,0.0,0.0,0,0
1786431229.685662,2.1070608700001685,APPROACH,FLOW,/home/eunseop/nrs_imitation/checkpoints/flow/polishing/single_cam/20260809_1638,496.4151306152344,330.38934326171875,223.5609588623047,-0.008899149484932423,-0.020398035645484924,2.749286413192749,1.1872422695159912,1.9932016134262085,-1.046044111251831,495.8861083984375,328.9629821777344,242.03411865234375,-0.008447619155049324,-0.02225681021809578,2.748255729675293,0.0,0.0,0.0,0,0
1786431229.6937122,2.115111189000345,APPROACH,FLOW,/home/eunseop/nrs_imitation/checkpoints/flow/polishing/single_cam/20260809_1638,496.4356689453125,330.4002990722656,223.87994384765625,-0.008812406100332737,-0.020754987373948097,2.749117851257324,0.8211886882781982,1.743908405303955,0.8619653582572937,495.88543701171875,328.9503479003906,242.18861389160156,-0.008398857899010181,-0.022415708750486374,2.748142719268799,0.0,0.0,0.0,0,0
1786431229.701673,2.1230720769999607,APPROACH,FLOW,/home/eunseop/nrs_imitation/checkpoints/flow/polishing/single_cam/20260809_1638,496.42376708984375,330.4235534667969,224.1961212158203,-0.008724762126803398,-0.021148961037397385,2.7489373683929443,-0.1984098106622696,1.5914459228515625,1.7435123920440674,495.884765625,328.9378662109375,242.341796875,-0.00835051853209734,-0.022573236376047134,2.7480309009552,0.0,0.0,0.0,0,0
1786431229.7097495,2.1311487769999076,APPROACH,FLOW,/home/eunseop/nrs_imitation/checkpoints/flow/polishing/single_cam/20260809_1638,496.46484375,330.41943359375,224.52999877929688,-0.008795609697699547,-0.02151365578174591,2.7488038539886475,0.013341533951461315,1.799716830253601,2.1914780139923096,495.8841247558594,328.9252624511719,242.49623107910156,-0.008301777765154839,-0.022732073441147804,2.747917890548706,0.0,0.0,0.0,0,0
1786431229.7176514,2.139050411000426,APPROACH,FLOW,/home/eunseop/nrs_imitation/checkpoints/flow/polishing/single_cam/20260809_1638,496.4803771972656,330.4580993652344,224.80548095703125,-0.0087897265329957,-0.02188120409846306,2.74865984916687,-0.4036848545074463,3.0773022174835205,2.653059720993042,495.88348388671875,328.9127197265625,242.65000915527344,-0.008253242820501328,-0.022890236228704453,2.74780535697937,0.0,0.0,0.0,0,0
1786431229.725639,2.1470381509998333,APPROACH,FLOW,/home/eunseop/nrs_imitation/checkpoints/flow/polishing/single_cam/20260809_1638,496.4819641113281,330.4437255859375,225.04745483398438,-0.008732075802981853,-0.022085802629590034,2.7485392093658447,-0.7151727080345154,2.5186638832092285,3.1619224548339844,495.8828125,328.90008544921875,242.8043670654297,-0.008204528130590916,-0.02304898388683796,2.747692584991455,0.0,0.0,0.0,0,0
1786431229.733633,2.155032081999707,APPROACH,FLOW,/home/eunseop/nrs_imitation/checkpoints/flow/polishing/single_cam/20260809_1638,496.5038146972656,330.4483947753906,225.30352783203125,-0.008745227940380573,-0.022347530350089073,2.7484545707702637,-0.23152995109558105,2.2453339099884033,1.7592257261276245,495.88214111328125,328.88751220703125,242.95889282226562,-0.008155759423971176,-0.023207910358905792,2.747579574584961,0.0,0.0,0.0,0,0
1786431229.7417574,2.1631566140003997,APPROACH,FLOW,/home/eunseop/nrs_imitation/checkpoints/flow/polishing/single_cam/20260809_1638,496.47088623046875,330.44659423828125,225.4799346923828,-0.008653473109006882,-0.022493766620755196,2.748347282409668,-0.40831029415130615,2.1810355186462402,1.558523416519165,495.8814697265625,328.87481689453125,243.11410522460938,-0.008106771856546402,-0.02336754836142063,2.7474660873413086,0.0,0.0,0.0,0,0
1786431229.7496548,2.1710538590004944,APPROACH,FLOW,/home/eunseop/nrs_imitation/checkpoints/flow/polishing/single_cam/20260809_1638,496.45263671875,330.40576171875,225.57736206054688,-0.008593730628490448,-0.022488785907626152,2.748311758041382,-0.30772802233695984,2.518232583999634,1.5891435146331787,495.8807678222656,328.8622131347656,243.26840209960938,-0.008058072999119759,-0.02352624572813511,2.7473530769348145,0.0,0.0,0.0,0,0
1786431229.757732,2.179130919999807,APPROACH,FLOW,/home/eunseop/nrs_imitation/checkpoints/flow/polishing/single_cam/20260809_1638,496.47784423828125,330.39581298828125,225.72161865234375,-0.00866556167602539,-0.022582702338695526,2.7482266426086426,0.40902453660964966,1.9106838703155518,1.3744724988937378,495.880126953125,328.84954833984375,243.4237823486328,-0.008009033277630806,-0.023686056956648827,2.747239589691162,0.0,0.0,0.0,0,0
1786431229.7656796,2.1870788329997595,APPROACH,FLOW,/home/eunseop/nrs_imitation/checkpoints/flow/polishing/single_cam/20260809_1638,496.4525146484375,330.3965759277344,225.8074951171875,-0.008565852418541908,-0.022542046383023262,2.748227596282959,0.17753709852695465,2.2530360221862793,2.398728370666504,495.87945556640625,328.8369140625,243.57867431640625,-0.00796014629304409,-0.023845365270972252,2.7471261024475098,0.0,0.0,0.0,0,0
1786431229.7736597,2.1950586780003505,APPROACH,FLOW,/home/eunseop/nrs_imitation/checkpoints/flow/polishing/single_cam/20260809_1638,496.4494323730469,330.33380126953125,225.84034729003906,-0.008573630824685097,-0.022383663803339005,2.748203992843628,0.8969840407371521,2.585683822631836,1.9396218061447144,495.8787841796875,328.8242492675781,243.73367309570312,-0.007911233231425285,-0.02400476299226284,2.7470126152038574,0.0,0.0,0.0,0,0
1786431229.7816753,2.2030742500000997,APPROACH,FLOW,/home/eunseop/nrs_imitation/checkpoints/flow/polishing/single_cam/20260809_1638,496.402099609375,330.3028869628906,225.91786193847656,-0.008411567658185959,-0.02230078913271427,2.748133897781372,1.0570473670959473,3.2489116191864014,-0.3327651619911194,495.87811279296875,328.8115539550781,243.88922119140625,-0.007862134836614132,-0.02416476048529148,2.746899127960205,0.0,0.0,0.0,0,0
1786431229.7897334,2.211132434999854,APPROACH,FLOW,/home/eunseop/nrs_imitation/checkpoints/flow/polishing/single_cam/20260809_1638,496.3366394042969,330.2538146972656,225.98451232910156,-0.008146500214934349,-0.02223728597164154,2.7480404376983643,-1.6367380619049072,2.875492572784424,-0.9679415822029114,495.8774108886719,328.798828125,244.044921875,-0.00781299639493227,-0.024324890226125717,2.7467851638793945,0.0,0.0,0.0,0,0
1786431229.7976446,2.2190435769998658,APPROACH,FLOW,/home/eunseop/nrs_imitation/checkpoints/flow/polishing/single_cam/20260809_1638,496.2857666015625,330.1968688964844,226.1127471923828,-0.007926789112389088,-0.02218816615641117,2.7479348182678223,-0.9984021782875061,2.5054447650909424,-1.495491623878479,495.87677001953125,328.78619384765625,244.20010375976562,-0.007764020003378391,-0.02448449470102787,2.746671676635742,0.0,0.0,0.0,0,0
1786431229.8056517,2.2270509039999524,APPROACH,FLOW,/home/eunseop/nrs_imitation/checkpoints/flow/polishing/single_cam/20260809_1638,496.25164794921875,330.1803894042969,226.28477478027344,-0.007771758828312159,-0.02225486747920513,2.7478036880493164,0.3277851343154907,2.9009056091308594,-1.8017066717147827,495.8760986328125,328.7734680175781,244.35592651367188,-0.007714841514825821,-0.024644754827022552,2.7465577125549316,0.0,0.0,0.0,0,0
1786431229.8136644,2.2350635410002724,APPROACH,FLOW,/home/eunseop/nrs_imitation/checkpoints/flow/polishing/single_cam/20260809_1638,496.2369079589844,330.14263916015625,226.5484161376953,-0.007625017315149307,-0.02247077412903309,2.747624397277832,-0.993051290512085,2.7474663257598877,-0.0028278781101107597,495.87542724609375,328.7607421875,244.51171875,-0.007665671408176422,-0.024804987013339996,2.746443748474121,0.0,0.0,0.0,0,0
1786431229.8216538,2.2430528929999127,APPROACH,FLOW,/home/eunseop/nrs_imitation/checkpoints/flow/polishing/single_cam/20260809_1638,496.2611083984375,330.1366271972656,226.8471221923828,-0.007680085487663746,-0.022842980921268463,2.7474429607391357,-0.7889761328697205,1.3104757070541382,1.8081729412078857,495.874755859375,328.7480163574219,244.6676788330078,-0.007616457063704729,-0.02496536821126938,2.7463297843933105,0.0,0.0,0.0,0,0
1786431229.829641,2.251040252000166,APPROACH,FLOW,/home/eunseop/nrs_imitation/checkpoints/flow/polishing/single_cam/20260809_1638,496.31109619140625,330.1247253417969,227.17605590820312,-0.0077737970277667046,-0.023213136941194534,2.747297763824463,0.8561469316482544,1.459571123123169,2.377249240875244,495.8740539550781,328.73529052734375,244.82376098632812,-0.007567190565168858,-0.025125913321971893,2.746215343475342,0.0,0.0,0.0,0,0
1786431229.8376737,2.2590728679997483,APPROACH,FLOW,/home/eunseop/nrs_imitation/checkpoints/flow/polishing/single_cam/20260809_1638,496.34185791015625,330.1939697265625,227.4060516357422,-0.007934138178825378,-0.0236031673848629,2.747283458709717,0.7779316902160645,1.9504092931747437,3.33516526222229,495.87335205078125,328.7225036621094,244.97998046875,-0.007517889142036438,-0.02528657577931881,2.746101140975952,0.0,0.0,0.0,0,0
1786431229.8456697,2.267068613000447,APPROACH,FLOW,/home/eunseop/nrs_imitation/checkpoints/flow/polishing/single_cam/20260809_1638,496.4300231933594,330.2336120605469,227.68307495117188,-0.008164938539266586,-0.024013279005885124,2.7472083568573,1.1234198808670044,1.5269516706466675,4.101983070373535,495.87274169921875,328.70977783203125,245.1363525390625,-0.007468537427484989,-0.025447402149438858,2.7459869384765625,0.0,0.0,0.0,0,0
1786431229.8536625,2.275061542000003,APPROACH,FLOW,/home/eunseop/nrs_imitation/checkpoints/flow/polishing/single_cam/20260809_1638,496.4325256347656,330.2381591796875,227.89419555664062,-0.008211757987737656,-0.024199120700359344,2.747195243835449,1.255547285079956,2.6422033309936523,1.5506223440170288,495.8720397949219,328.697021484375,245.2926025390625,-0.007419220637530088,-0.025608111172914505,2.7458724975585938,0.0,0.0,0.0,0,0
1786431229.8616416,2.283040885000446,APPROACH,FLOW,/home/eunseop/nrs_imitation/checkpoints/flow/polishing/single_cam/20260809_1638,496.3780517578125,330.2431945800781,228.03228759765625,-0.007934910245239735,-0.02425646036863327,2.74696946144104,-1.7528481483459473,3.006762981414795,0.4987064301967621,495.871337890625,328.6842041015625,245.44912719726562,-0.007369822822511196,-0.02576908841729164,2.745758056640625,0.0,0.0,0.0,0,0
1786431229.8697305,2.2911298179997175,APPROACH,FLOW,/home/eunseop/nrs_imitation/checkpoints/flow/polishing/single_cam/20260809_1638,496.30279541015625,330.1770935058594,228.15243530273438,-0.007599061820656061,-0.024136008694767952,2.746840715408325,-2.319612503051758,2.240528106689453,-0.6769859790802002,495.8706970214844,328.6714172363281,245.6060791015625,-0.007320290431380272,-0.025930503383278847,2.745643377304077,0.0,0.0,0.0,0,0
1786431229.877672,2.299071049000304,APPROACH,FLOW,/home/eunseop/nrs_imitation/checkpoints/flow/polishing/single_cam/20260809_1638,496.2525634765625,330.1187438964844,228.31307983398438,-0.007430325727909803,-0.02407601848244667,2.746674060821533,-1.2960256338119507,2.7560369968414307,-1.1647425889968872,495.8699951171875,328.65863037109375,245.76242065429688,-0.007270945236086845,-0.026091303676366806,2.7455286979675293,0.0,0.0,0.0,0,0
1786431229.8856688,2.3070678949998182,APPROACH,FLOW,/home/eunseop/nrs_imitation/checkpoints/flow/polishing/single_cam/20260809_1638,496.2342834472656,330.1006774902344,228.50674438476562,-0.007341964170336723,-0.02412453666329384,2.7465546131134033,-0.5881341099739075,2.652095317840576,-0.15531881153583527,495.86932373046875,328.6458435058594,245.91925048828125,-0.00722145289182663,-0.026252591982483864,2.7454142570495605,0.0,0.0,0.0,0,0
1786431229.8936908,2.315089890999843,APPROACH,FLOW,/home/eunseop/nrs_imitation/checkpoints/flow/polishing/single_cam/20260809_1638,496.2727966308594,330.1026916503906,228.73855590820312,-0.007398948073387146,-0.02436155639588833,2.7464582920074463,0.12914331257343292,1.9881430864334106,1.7003684043884277,495.86865234375,328.6330261230469,246.07626342773438,-0.0071718948893249035,-0.026414083316922188,2.7452993392944336,0.0,0.0,0.0,0,0
1786431229.9016662,2.323065286000201,APPROACH,FLOW,/home/eunseop/nrs_imitation/checkpoints/flow/polishing/single_cam/20260809_1638,496.3614501953125,330.0672302246094,228.9746856689453,-0.007591620087623596,-0.02459888532757759,2.746312379837036,0.49814295768737793,1.6830803155899048,2.207697868347168,495.86798095703125,328.6202392578125,246.23294067382812,-0.007122445851564407,-0.026575233787298203,2.745184898376465,0.0,0.0,0.0,0,0
1786431229.9096603,2.331059488000392,APPROACH,FLOW,/home/eunseop/nrs_imitation/checkpoints/flow/polishing/single_cam/20260809_1638,496.39642333984375,330.1520080566406,229.18617248535156,-0.007719493471086025,-0.024931874126195908,2.74629807472229,2.253167152404785,1.9849640130996704,2.706554889678955,495.8673095703125,328.607421875,246.3900146484375,-0.007072878070175648,-0.026736760511994362,2.745069980621338,0.0,0.0,0.0,0,0
1786431229.9176428,2.339041776999693,APPROACH,FLOW,/home/eunseop/nrs_imitation/checkpoints/flow/polishing/single_cam/20260809_1638,496.453125,330.1563415527344,229.38812255859375,-0.007790677715092897,-0.025159817188978195,2.7461650371551514,2.6528024673461914,1.8470418453216553,0.8941206932067871,495.86663818359375,328.5946044921875,246.54705810546875,-0.007023307494819164,-0.026898298412561417,2.744955062866211,0.0,0.0,0.0,0,0
1786431229.925638,2.347036879999905,APPROACH,FLOW,/home/eunseop/nrs_imitation/checkpoints/flow/polishing/single_cam/20260809_1638,496.42877197265625,330.126953125,229.5973663330078,-0.007677982561290264,-0.025336120277643204,2.7459616661071777,-0.9902730584144592,3.055232048034668,0.211892232298851,495.8659362792969,328.581787109375,246.70419311523438,-0.00697371456772089,-0.02705990895628929,2.744840145111084,0.0,0.0,0.0,0,0
1786431229.9336348,2.3550337770002443,APPROACH,FLOW,/home/eunseop/nrs_imitation/checkpoints/flow/polishing/single_cam/20260809_1638,496.4020690917969,330.0993957519531,229.80355834960938,-0.007480431813746691,-0.025427525863051414,2.745818614959717,-1.4872064590454102,2.384702682495117,-0.5155892968177795,495.865234375,328.56890869140625,246.86141967773438,-0.006924090441316366,-0.027221620082855225,2.744724750518799,0.0,0.0,0.0,0,0
1786431229.9416707,2.3630697690005036,APPROACH,FLOW,/home/eunseop/nrs_imitation/checkpoints/flow/polishing/single_cam/20260809_1638,496.3486328125,330.0862121582031,229.99359130859375,-0.007296103984117508,-0.025511259213089943,2.74568772315979,-1.0438365936279297,2.7612006664276123,-0.8424885869026184,495.86456298828125,328.5560607910156,247.01907348632812,-0.006874335929751396,-0.02738375961780548,2.744609832763672,0.0,0.0,0.0,0,0
1786431229.949663,2.3710619969997424,APPROACH,FLOW,/home/eunseop/nrs_imitation/checkpoints/flow/polishing/single_cam/20260809_1638,496.3193664550781,330.0767822265625,230.28109741210938,-0.007212481927126646,-0.025807172060012817,2.7455320358276367,-1.591049075126648,3.1798505783081055,0.6629512906074524,495.8638916015625,328.5432434082031,247.17608642578125,-0.006824778392910957,-0.027545252814888954,2.744494915008545,0.0,0.0,0.0,0,0
1786431229.9576445,2.37904371500008,APPROACH,FLOW,/home/eunseop/nrs_imitation/checkpoints/flow/polishing/single_cam/20260809_1638,496.2898254394531,330.0245056152344,230.46961975097656,-0.007125473581254482,-0.02585623785853386,2.745448589324951,-1.4731042385101318,1.8401154279708862,2.4518990516662598,495.86322021484375,328.5303955078125,247.3335418701172,-0.006775091402232647,-0.0277071762830019,2.744379758834839,0.0,0.0,0.0,0,0
1786431229.9656374,2.3870364140002494,APPROACH,FLOW,/home/eunseop/nrs_imitation/checkpoints/flow/polishing/single_cam/20260809_1638,496.28533935546875,330.0337219238281,230.7262725830078,-0.007082595489919186,-0.026224704459309578,2.7453274726867676,-0.3382944166660309,1.4995956420898438,2.3037519454956055,495.862548828125,328.517578125,247.49099731445312,-0.006725397426635027,-0.02786911465227604,2.744264602661133,0.0,0.0,0.0,0,0
1786431229.973678,2.395077125000171,APPROACH,FLOW,/home/eunseop/nrs_imitation/checkpoints/flow/polishing/single_cam/20260809_1638,496.3924865722656,330.03631591796875,230.9238739013672,-0.007304444909095764,-0.026446091011166573,2.7451820373535156,1.1064527034759521,1.884028673171997,2.8026859760284424,495.86187744140625,328.5046691894531,247.64857482910156,-0.006675662472844124,-0.028031187132000923,2.7441492080688477,0.0,0.0,0.0,0,0
1786431229.9816568,2.4030560070004867,APPROACH,FLOW,/home/eunseop/nrs_imitation/checkpoints/flow/polishing/single_cam/20260809_1638,496.42547607421875,330.02679443359375,231.0729217529297,-0.00736631266772747,-0.02662336453795433,2.7451326847076416,2.1407527923583984,1.5690127611160278,2.211881637573242,495.8611755371094,328.4918212890625,247.8061065673828,-0.006625947542488575,-0.028193198144435883,2.7440342903137207,0.0,0.0,0.0,0,0
1786431229.9896688,2.4110680630001298,APPROACH,FLOW,/home/eunseop/nrs_imitation/checkpoints/flow/polishing/single_cam/20260809_1638,496.454833984375,330.07025146484375,231.2495880126953,-0.00743090407922864,-0.026875417679548264,2.7450954914093018,2.298314094543457,2.6290788650512695,0.8640359044075012,495.8604736328125,328.4789733886719,247.96372985839844,-0.006576199550181627,-0.028355315327644348,2.7439188957214355,0.0,0.0,0.0,0,0
1786431229.9976594,2.419058468000003,APPROACH,FLOW,/home/eunseop/nrs_imitation/checkpoints/flow/polishing/single_cam/20260809_1638,496.4085388183594,330.04571533203125,231.37928771972656,-0.007178426254540682,-0.02693852223455906,2.744882106781006,-0.4458562731742859,3.4166476726531982,-0.6161595582962036,495.85980224609375,328.466064453125,248.1213836669922,-0.006526442244648933,-0.0285174623131752,2.7438035011291504,0.0,0.0,0.0,0,0
1786431230.0056467,2.4270456860003833,APPROACH,FLOW,/home/eunseop/nrs_imitation/checkpoints/flow/polishing/single_cam/20260809_1638,496.35418701171875,330.0130615234375,231.52198791503906,-0.006927493494004011,-0.026867259293794632,2.7447879314422607,-2.089226722717285,2.764692783355713,-0.5935338139533997,495.859130859375,328.45318603515625,248.27908325195312,-0.006476669572293758,-0.028679657727479935,2.7436881065368652,0.0,0.0,0.0,0,0
1786431230.0136702,2.4350690940000277,APPROACH,FLOW,/home/eunseop/nrs_imitation/checkpoints/flow/polishing/single_cam/20260809_1638,496.2502746582031,329.9225769042969,231.66940307617188,-0.006676469463855028,-0.026794975623488426,2.744729995727539,-1.8712184429168701,2.8103995323181152,-0.5428649187088013,495.85845947265625,328.4403381347656,248.43695068359375,-0.0064268531277775764,-0.028841998428106308,2.74357271194458,0.0,0.0,0.0,0,0
1786431230.0216703,2.443069576999733,APPROACH,FLOW,/home/eunseop/nrs_imitation/checkpoints/flow/polishing/single_cam/20260809_1638,496.22113037109375,329.91632080078125,231.8755645751953,-0.006559295114129782,-0.026996126398444176,2.7446224689483643,-1.2289248704910278,3.541621446609497,0.367607057094574,495.8577575683594,328.4274597167969,248.5947265625,-0.006377050653100014,-0.02900429256260395,2.743457317352295,0.0,0.0,0.0,0,0
1786431230.0296545,2.45105366900043,APPROACH,FLOW,/home/eunseop/nrs_imitation/checkpoints/flow/polishing/single_cam/20260809_1638,496.2274475097656,329.8745422363281,232.08055114746094,-0.006521595176309347,-0.027131006121635437,2.7445268630981445,-0.484576940536499,2.259641170501709,1.1404755115509033,495.8570861816406,328.41455078125,248.75250244140625,-0.0063272565603256226,-0.029166560620069504,2.7433419227600098,0.0,0.0,0.0,0,0
1786431230.0376735,2.4590726180003912,APPROACH,FLOW,/home/eunseop/nrs_imitation/checkpoints/flow/polishing/single_cam/20260809_1638,496.301513671875,329.9202575683594,232.38534545898438,-0.006731746718287468,-0.02760869823396206,2.744367837905884,-0.33623236417770386,1.4233808517456055,3.03411602973938,495.85638427734375,328.40167236328125,248.91038513183594,-0.006277427542954683,-0.02932893857359886,2.7432265281677246,0.0,0.0,0.0,0,0
1786431230.0456533,2.4670522619999247,APPROACH,FLOW,/home/eunseop/nrs_imitation/checkpoints/flow/polishing/single_cam/20260809_1638,496.3440856933594,329.9536437988281,232.5686798095703,-0.0068184914998710155,-0.027830330654978752,2.744354724884033,1.3855433464050293,2.2289884090423584,3.21159029006958,495.855712890625,328.3887939453125,249.06820678710938,-0.006227618083357811,-0.029491258785128593,2.7431108951568604,0.0,0.0,0.0,0,0
1786431230.053741,2.4751401530002113,APPROACH,FLOW,/home/eunseop/nrs_imitation/checkpoints/flow/polishing/single_cam/20260809_1638,496.3922424316406,329.9721374511719,232.77308654785156,-0.006928888149559498,-0.028095075860619545,2.7442452907562256,2.768336057662964,2.9668350219726562,0.47942250967025757,495.8550109863281,328.3758544921875,249.22640991210938,-0.006177682429552078,-0.029653985053300858,2.742995262145996,0.0,0.0,0.0,0,0
1786431230.0616693,2.483068317999823,APPROACH,FLOW,/home/eunseop/nrs_imitation/checkpoints/flow/polishing/single_cam/20260809_1638,496.39544677734375,329.97784423828125,232.99417114257812,-0.00688053946942091,-0.028351053595542908,2.74407696723938,-0.18993905186653137,3.021672010421753,-0.27650728821754456,495.8543395996094,328.3630065917969,249.384033203125,-0.00612794142216444,-0.029816078022122383,2.742879867553711,0.0,0.0,0.0,0,0
1786431230.0696533,2.4910523899998225,APPROACH,FLOW,/home/eunseop/nrs_imitation/checkpoints/flow/polishing/single_cam/20260809_1638,496.37066650390625,329.970947265625,233.2304229736328,-0.006675800774246454,-0.028464974835515022,2.743945837020874,-1.7335479259490967,1.7138245105743408,-0.29600095748901367,495.8536376953125,328.3501281738281,249.54185485839844,-0.006078132428228855,-0.029978394508361816,2.742764472961426,0.0,0.0,0.0,0,0
1786431230.0792215,2.5006206529997144,APPROACH,FLOW,/home/eunseop/nrs_imitation/checkpoints/flow/polishing/single_cam/20260809_1638,496.3342590332031,329.91973876953125,233.41070556640625,-0.006497533060610294,-0.02848770283162594,2.743767499923706,-0.06399077922105789,2.6014652252197266,-0.09009001404047012,495.85284423828125,328.3347473144531,249.7303924560547,-0.00601862883195281,-0.030172299593687057,2.742626667022705,0.0,0.0,0.0,0,0
1786431230.085667,2.5070659620005245,APPROACH,FLOW,/home/eunseop/nrs_imitation/checkpoints/flow/polishing/single_cam/20260809_1638,496.3441467285156,329.9259033203125,233.69329833984375,-0.0064809913747012615,-0.028765320777893066,2.7436351776123047,-1.0843087434768677,2.9319489002227783,0.3863619565963745,495.852294921875,328.3243408203125,249.85781860351562,-0.005978405009955168,-0.030303379520773888,2.7425332069396973,0.0,0.0,0.0,0,0
1786431230.0937226,2.5151217720003842,APPROACH,FLOW,/home/eunseop/nrs_imitation/checkpoints/flow/polishing/single_cam/20260809_1638,496.3526916503906,329.9226379394531,233.95423889160156,-0.006471841596066952,-0.02902134321630001,2.7435142993927,-1.9547083377838135,2.1777186393737793,2.125548839569092,495.85162353515625,328.3114013671875,250.01625061035156,-0.005928411148488522,-0.03046630136668682,2.742417573928833,0.0,0.0,0.0,0,0
1786431230.1016688,2.5230679910000617,APPROACH,FLOW,/home/eunseop/nrs_imitation/checkpoints/flow/polishing/single_cam/20260809_1638,496.3709411621094,329.93829345703125,234.20166015625,-0.006487503182142973,-0.029356015846133232,2.7433934211730957,-0.49940547347068787,1.9492542743682861,2.874194622039795,495.8509216308594,328.298583984375,250.17367553710938,-0.005878728348761797,-0.030628202483057976,2.742302417755127,0.0,0.0,0.0,0,0
1786431230.1096675,2.5310666710001897,APPROACH,FLOW,/home/eunseop/nrs_imitation/checkpoints/flow/polishing/single_cam/20260809_1638,496.43121337890625,329.9615478515625,234.39537048339844,-0.006673926953226328,-0.02961811237037182,2.7433788776397705,1.0082544088363647,2.774306297302246,2.6837027072906494,495.8502502441406,328.2856750488281,250.33160400390625,-0.00582888163626194,-0.030790643766522408,2.7421867847442627,0.0,0.0,0.0,0,0
1786431230.1176536,2.5390526170003795,APPROACH,FLOW,/home/eunseop/nrs_imitation/checkpoints/flow/polishing/single_cam/20260809_1638,496.4743957519531,329.986083984375,234.56344604492188,-0.006816945970058441,-0.029805121943354607,2.743328809738159,1.711175560951233,1.8027592897415161,3.0221729278564453,495.84954833984375,328.27276611328125,250.48948669433594,-0.005779053084552288,-0.030953023582696915,2.7420716285705566,0.0,0.0,0.0,0,0
1786431230.1256776,2.5470765050004047,APPROACH,FLOW,/home/eunseop/nrs_imitation/checkpoints/flow/polishing/single_cam/20260809_1638,496.4794006347656,329.9664611816406,234.71754455566406,-0.006778344977647066,-0.029904687777161598,2.743269443511963,1.9668571949005127,1.6773834228515625,1.1201342344284058,495.848876953125,328.2598876953125,250.6474609375,-0.005729194730520248,-0.031115494668483734,2.7419557571411133,0.0,0.0,0.0,0,0
1786431230.1336498,2.555049035000593,APPROACH,FLOW,/home/eunseop/nrs_imitation/checkpoints/flow/polishing/single_cam/20260809_1638,496.4312438964844,329.90814208984375,234.83836364746094,-0.006579319480806589,-0.02982274256646633,2.7431633472442627,-0.7862963676452637,2.6024341583251953,-0.27116838097572327,495.84820556640625,328.24700927734375,250.80532836914062,-0.005679367110133171,-0.031277868896722794,2.741840362548828,0.0,0.0,0.0,0,0
1786431230.1416397,2.563038618000064,APPROACH,FLOW,/home/eunseop/nrs_imitation/checkpoints/flow/polishing/single_cam/20260809_1638,496.3326416015625,329.8412170410156,234.92359924316406,-0.006231130566447973,-0.029748525470495224,2.743034601211548,-2.086199998855591,1.7415049076080322,-0.06842625141143799,495.8475036621094,328.2341003417969,250.96322631835938,-0.005629535764455795,-0.031440261751413345,2.741724967956543,0.0,0.0,0.0,0,0
1786431230.1497092,2.5711083650003275,APPROACH,FLOW,/home/eunseop/nrs_imitation/checkpoints/flow/polishing/single_cam/20260809_1638,496.2690124511719,329.841064453125,235.03028869628906,-0.006070370320230722,-0.029703626409173012,2.743023633956909,-1.6269643306732178,2.6394217014312744,0.5212050080299377,495.84686279296875,328.22119140625,251.12161254882812,-0.005579554475843906,-0.0316031388938427,2.7416090965270996,0.0,0.0,0.0,0,0
1786431230.1576617,2.579060646000471,APPROACH,FLOW,/home/eunseop/nrs_imitation/checkpoints/flow/polishing/single_cam/20260809_1638,496.254150390625,329.8035583496094,235.1734161376953,-0.006010858342051506,-0.029834536835551262,2.742987871170044,-0.4359590411186218,3.33721661567688,1.0750986337661743,495.84613037109375,328.20831298828125,251.27906799316406,-0.005529850721359253,-0.031765107065439224,2.7414937019348145,0.0,0.0,0.0,0,0
1786431230.1656415,2.5870405800005756,APPROACH,FLOW,/home/eunseop/nrs_imitation/checkpoints/flow/polishing/single_cam/20260809_1638,496.24664306640625,329.7526550292969,235.29592895507812,-0.005976758431643248,-0.02977471984922886,2.742832660675049,0.09051088243722916,2.8592498302459717,0.42640477418899536,495.845458984375,328.1954345703125,251.43682861328125,-0.005480065010488033,-0.03192735090851784,2.7413783073425293,0.0,0.0,0.0,0,0
1786431230.1740005,2.5953994920000696,APPROACH,FLOW,/home/eunseop/nrs_imitation/checkpoints/flow/polishing/single_cam/20260809_1638,496.24664306640625,329.7526550292969,235.29592895507812,-0.005976758431643248,-0.02977471984922886,2.742832660675049,0.09051088243722916,2.8592498302459717,0.42640477418899536,495.8447570800781,328.1820068359375,251.601318359375,-0.005428152158856392,-0.03209652379155159,2.741258144378662,0.0,0.0,0.0,0,0
1786431230.1816492,2.6030481200004942,APPROACH,FLOW,/home/eunseop/nrs_imitation/checkpoints/flow/polishing/single_cam/20260809_1638,496.2321472167969,329.73980712890625,235.8049774169922,-0.005739874206483364,-0.03027108870446682,2.742508888244629,-0.4765966832637787,2.2387845516204834,-0.5718347430229187,495.8440856933594,328.169677734375,251.75244140625,-0.005380456335842609,-0.03225195035338402,2.741147518157959,0.0,0.0,0.0,0,0
1786431230.1897016,2.611100684000121,APPROACH,FLOW,/home/eunseop/nrs_imitation/checkpoints/flow/polishing/single_cam/20260809_1638,496.303955078125,329.72601318359375,236.1318817138672,-0.005788553040474653,-0.030627071857452393,2.7422683238983154,1.5319223403930664,2.726602077484131,-1.0582544803619385,495.8433837890625,328.1567687988281,251.91058349609375,-0.005330540239810944,-0.03241461515426636,2.7410316467285156,0.0,0.0,0.0,0,0
1786431230.1991127,2.6205117039999095,APPROACH,FLOW,/home/eunseop/nrs_imitation/checkpoints/flow/polishing/single_cam/20260809_1638,496.30877685546875,329.72802734375,236.40797424316406,-0.005728357005864382,-0.030928835272789,2.7420995235443115,0.4065888226032257,2.016052007675171,0.21709740161895752,495.8426208496094,328.1416015625,252.0965118408203,-0.005271864123642445,-0.03260582685470581,2.740895986557007,0.0,0.0,0.0,0,0
1786431230.205716,2.627114996000273,APPROACH,FLOW,/home/eunseop/nrs_imitation/checkpoints/flow/polishing/single_cam/20260809_1638,496.3730163574219,329.77886962890625,236.78648376464844,-0.005864961072802544,-0.03144589811563492,2.7418811321258545,0.28526362776756287,1.6743310689926147,1.641871690750122,495.842041015625,328.13104248046875,252.22601318359375,-0.00523099210113287,-0.03273902088403702,2.7408013343811035,0.0,0.0,0.0,0,0
1786431230.2136452,2.6350443740002447,APPROACH,FLOW,/home/eunseop/nrs_imitation/checkpoints/flow/polishing/single_cam/20260809_1638,496.40496826171875,329.7730712890625,237.1305389404297,-0.005894202273339033,-0.031871505081653595,2.741663932800293,0.22720298171043396,1.9623608589172363,2.3299999237060547,495.84136962890625,328.11822509765625,252.38320922851562,-0.005181384738534689,-0.032900676131248474,2.7406864166259766,0.0,0.0,0.0,0,0
1786431230.2216978,2.6430969270004425,APPROACH,FLOW,/home/eunseop/nrs_imitation/checkpoints/flow/polishing/single_cam/20260809_1638,496.42169189453125,329.77764892578125,237.42332458496094,-0.005985163617879152,-0.032204024493694305,2.741542100906372,-1.0526230335235596,2.621558666229248,2.8657872676849365,495.8406677246094,328.10528564453125,252.54115295410156,-0.005131532438099384,-0.0330631360411644,2.740570545196533,0.0,0.0,0.0,0,0
1786431230.229637,2.6510360029997173,APPROACH,FLOW,/home/eunseop/nrs_imitation/checkpoints/flow/polishing/single_cam/20260809_1638,496.4027099609375,329.7864074707031,237.6592559814453,-0.005881791934370995,-0.03239605203270912,2.7414581775665283,-1.108136773109436,2.304701089859009,2.899200201034546,495.84002685546875,328.09246826171875,252.69827270507812,-0.005081942304968834,-0.033224739134311676,2.7404556274414062,0.0,0.0,0.0,0,0
1786431230.2377257,2.659124865999729,APPROACH,FLOW,/home/eunseop/nrs_imitation/checkpoints/flow/polishing/single_cam/20260809_1638,496.38714599609375,329.79888916015625,237.86419677734375,-0.005793468095362186,-0.03261635825037956,2.7412779331207275,-0.29672905802726746,2.3919103145599365,1.9221744537353516,495.8393249511719,328.07958984375,252.856201171875,-0.005032100714743137,-0.03338715434074402,2.740340232849121,0.0,0.0,0.0,0,0
1786431230.2456737,2.6670727190003163,APPROACH,FLOW,/home/eunseop/nrs_imitation/checkpoints/flow/polishing/single_cam/20260809_1638,496.3787841796875,329.79705810546875,238.04708862304688,-0.005735099781304598,-0.032783690840005875,2.741229772567749,-0.38722163438796997,2.5782787799835205,1.852433443069458,495.83868408203125,328.0667724609375,253.01329040527344,-0.004982525948435068,-0.033548712730407715,2.7402255535125732,0.0,0.0,0.0,0,0
1786431230.2537138,2.675112939000428,APPROACH,FLOW,/home/eunseop/nrs_imitation/checkpoints/flow/polishing/single_cam/20260809_1638,496.3595275878906,329.7734069824219,238.1695556640625,-0.005568224471062422,-0.03285810723900795,2.74114727973938,0.3142612874507904,2.277442216873169,0.8035913109779358,495.83795166015625,328.05389404296875,253.1709747314453,-0.004932753276079893,-0.03371090814471245,2.740109920501709,0.0,0.0,0.0,0,0
1786431230.2617204,2.6831196640005146,APPROACH,FLOW,/home/eunseop/nrs_imitation/checkpoints/flow/polishing/single_cam/20260809_1638,496.3647766113281,329.7633972167969,238.2908172607422,-0.005571744404733181,-0.0329330638051033,2.741051197052002,-0.6310148239135742,2.2474937438964844,1.8741430044174194,495.8372802734375,328.0410461425781,253.3282470703125,-0.004883119370788336,-0.03387265279889107,2.739995002746582,0.0,0.0,0.0,0,0
1786431230.2696629,2.6910621460001494,APPROACH,FLOW,/home/eunseop/nrs_imitation/checkpoints/flow/polishing/single_cam/20260809_1638,496.3516540527344,329.7241516113281,238.37423706054688,-0.005516907665878534,-0.032867759466171265,2.741039752960205,0.8638898134231567,2.480238676071167,0.9891621470451355,495.83660888671875,328.02825927734375,253.48513793945312,-0.00483360979706049,-0.034033991396427155,2.739880323410034,0.0,0.0,0.0,0,0
1786431230.2777374,2.699136742000519,APPROACH,FLOW,/home/eunseop/nrs_imitation/checkpoints/flow/polishing/single_cam/20260809_1638,496.3389587402344,329.74261474609375,238.4664764404297,-0.005456649698317051,-0.032863374799489975,2.7410521507263184,1.4933973550796509,2.2113804817199707,1.7756646871566772,495.8359375,328.015380859375,253.64273071289062,-0.00478387251496315,-0.034196075052022934,2.739765167236328,0.0,0.0,0.0,0,0
1786431230.2857137,2.707112819000031,APPROACH,FLOW,/home/eunseop/nrs_imitation/checkpoints/flow/polishing/single_cam/20260809_1638,496.31170654296875,329.6945495605469,238.5389404296875,-0.005362157244235277,-0.03276240453124046,2.7410054206848145,1.0675493478775024,3.2613260746002197,-0.06492658704519272,495.83526611328125,328.0025634765625,253.79974365234375,-0.004734317306429148,-0.03435756266117096,2.739650249481201,0.0,0.0,0.0,0,0
1786431230.2936625,2.715061674000026,APPROACH,FLOW,/home/eunseop/nrs_imitation/checkpoints/flow/polishing/single_cam/20260809_1638,496.2728271484375,329.65771484375,238.6588134765625,-0.0051866681315004826,-0.03272441402077675,2.7408394813537598,-1.4122419357299805,3.0357720851898193,-1.2073270082473755,495.8345642089844,327.9897766113281,253.95640563964844,-0.004684868734329939,-0.03451870381832123,2.7395358085632324,0.0,0.0,0.0,0,0
1786431230.301745,2.7231440639998254,APPROACH,FLOW,/home/eunseop/nrs_imitation/checkpoints/flow/polishing/single_cam/20260809_1638,496.1873779296875,329.62408447265625,238.77894592285156,-0.0048486036248505116,-0.03270231932401657,2.740734338760376,-1.1082931756973267,2.454838514328003,-1.440451741218567,495.8338623046875,327.9769287109375,254.11383056640625,-0.004635182209312916,-0.03468061983585358,2.7394204139709473,0.0,0.0,0.0,0,0
1786431230.309667,2.731066067000029,APPROACH,FLOW,/home/eunseop/nrs_imitation/checkpoints/flow/polishing/single_cam/20260809_1638,496.1557922363281,329.55206298828125,239.00177001953125,-0.004698981065303087,-0.03284325823187828,2.7405428886413574,-1.2042683362960815,2.5716552734375,-1.1423040628433228,495.8332214355469,327.96417236328125,254.27020263671875,-0.004585837014019489,-0.034841425716876984,2.7393059730529785,0.0,0.0,0.0,0,0
1786431230.3176508,2.739049699000134,APPROACH,FLOW,/home/eunseop/nrs_imitation/checkpoints/flow/polishing/single_cam/20260809_1638,496.1478271484375,329.5313720703125,239.2225341796875,-0.0045877546072006226,-0.033019136637449265,2.740375518798828,-1.0300825834274292,2.4429776668548584,0.02611738257110119,495.83258056640625,327.9513854980469,254.4269561767578,-0.004536365158855915,-0.03500264137983322,2.7391915321350098,0.0,0.0,0.0,0,0
1786431230.325655,2.7470541499997125,APPROACH,FLOW,/home/eunseop/nrs_imitation/checkpoints/flow/polishing/single_cam/20260809_1638,496.22259521484375,329.5670471191406,239.5670623779297,-0.004798721056431532,-0.033495526760816574,2.7402522563934326,-0.19993643462657928,1.8847665786743164,1.664893627166748,495.83184814453125,327.9385986328125,254.5836181640625,-0.004486917983740568,-0.03516377881169319,2.739076852798462,0.0,0.0,0.0,0,0
1786431230.3339584,2.7553575350002575,APPROACH,FLOW,/home/eunseop/nrs_imitation/checkpoints/flow/polishing/single_cam/20260809_1638,496.22259521484375,329.5670471191406,239.5670623779297,-0.004798721056431532,-0.033495526760816574,2.7402522563934326,-0.19993643462657928,1.8847665786743164,1.664893627166748,495.8311767578125,327.92535400390625,254.745849609375,-0.004435719922184944,-0.03533061593770981,2.7389583587646484,0.0,0.0,0.0,0,0
1786431230.3416567,2.7630556579997574,APPROACH,FLOW,/home/eunseop/nrs_imitation/checkpoints/flow/polishing/single_cam/20260809_1638,496.3360900878906,329.6041259765625,240.07798767089844,-0.0051775467582046986,-0.03416680172085762,2.7401156425476074,1.337355136871338,1.7299917936325073,3.6959707736968994,495.83050537109375,327.91302490234375,254.8966827392578,-0.004388109780848026,-0.03548576682806015,2.7388477325439453,0.0,0.0,0.0,0,0
1786431230.349656,2.771055140000499,APPROACH,FLOW,/home/eunseop/nrs_imitation/checkpoints/flow/polishing/single_cam/20260809_1638,496.35260009765625,329.62652587890625,240.31092834472656,-0.0052054268307983875,-0.03442050516605377,2.7400426864624023,1.4438356161117554,2.77583909034729,1.911170482635498,495.829833984375,327.9002685546875,255.05308532714844,-0.004338749684393406,-0.03564662113785744,2.7387332916259766,0.0,0.0,0.0,0,0
1786431230.3576376,2.7790367170000536,APPROACH,FLOW,/home/eunseop/nrs_imitation/checkpoints/flow/polishing/single_cam/20260809_1638,496.3164367675781,329.6075439453125,240.4763641357422,-0.005043002311140299,-0.034471917897462845,2.739947557449341,-1.527835488319397,2.913062334060669,0.41981926560401917,495.82916259765625,327.88751220703125,255.2093505859375,-0.004289435222744942,-0.035807326436042786,2.738619089126587,0.0,0.0,0.0,0,0
1786431230.365635,2.7870338740003717,APPROACH,FLOW,/home/eunseop/nrs_imitation/checkpoints/flow/polishing/single_cam/20260809_1638,496.2485046386719,329.544677734375,240.62416076660156,-0.0047462633810937405,-0.034485649317502975,2.7398056983947754,-1.639729380607605,2.0896008014678955,-0.23811104893684387,495.8284912109375,327.874755859375,255.36557006835938,-0.004240129142999649,-0.03596799820661545,2.7385048866271973,0.0,0.0,0.0,0,0
1786431230.3736498,2.7950489060003747,APPROACH,FLOW,/home/eunseop/nrs_imitation/checkpoints/flow/polishing/single_cam/20260809_1638,496.2177734375,329.5124206542969,240.7809295654297,-0.004640515893697739,-0.0345035046339035,2.7396626472473145,-1.1372019052505493,2.901254415512085,-1.1761682033538818,495.82781982421875,327.86199951171875,255.52163696289062,-0.004190872423350811,-0.036128513514995575,2.7383906841278076,0.0,0.0,0.0,0,0
1786431230.381666,2.8030651700000817,APPROACH,FLOW,/home/eunseop/nrs_imitation/checkpoints/flow/polishing/single_cam/20260809_1638,496.1954040527344,329.4331970214844,240.92889404296875,-0.004456867463886738,-0.03454789146780968,2.7394487857818604,-0.48270994424819946,3.3816795349121094,-0.4571309983730316,495.8271484375,327.84930419921875,255.6776123046875,-0.00414164736866951,-0.03628893196582794,2.738276720046997,0.0,0.0,0.0,0,0
1786431230.38964,2.811039201999847,APPROACH,FLOW,/home/eunseop/nrs_imitation/checkpoints/flow/polishing/single_cam/20260809_1638,496.21258544921875,329.4067687988281,241.15928649902344,-0.004450255539268255,-0.03470441699028015,2.73931622505188,-1.0051511526107788,2.0526411533355713,1.251598834991455,495.8264465332031,327.8365478515625,255.83340454101562,-0.004092474468052387,-0.03644917160272598,2.7381625175476074,0.0,0.0,0.0,0,0
1786431230.3976483,2.8190474909997647,APPROACH,FLOW,/home/eunseop/nrs_imitation/checkpoints/flow/polishing/single_cam/20260809_1638,496.2323303222656,329.42694091796875,241.40939331054688,-0.004490938037633896,-0.03504757955670357,2.7392425537109375,0.28400352597236633,1.6560685634613037,1.490757703781128,495.8258056640625,327.8238525390625,255.98916625976562,-0.004043320659548044,-0.03660935163497925,2.738048791885376,0.0,0.0,0.0,0,0
1786431230.405665,2.8270640250002543,APPROACH,FLOW,/home/eunseop/nrs_imitation/checkpoints/flow/polishing/single_cam/20260809_1638,496.29180908203125,329.4100341796875,241.59567260742188,-0.004640993196517229,-0.03521164879202843,2.7390851974487305,1.1512432098388672,2.061563491821289,2.510530471801758,495.82513427734375,327.8111572265625,256.14495849609375,-0.003994148224592209,-0.03676959499716759,2.7379348278045654,0.0,0.0,0.0,0,0
1786431230.4136348,2.8350339300004634,APPROACH,FLOW,/home/eunseop/nrs_imitation/checkpoints/flow/polishing/single_cam/20260809_1638,496.3445739746094,329.4257507324219,241.74354553222656,-0.004834767896682024,-0.03535182401537895,2.7390711307525635,1.7878600358963013,1.5335928201675415,2.776545286178589,495.8244323730469,327.7984619140625,256.30023193359375,-0.003945140168070793,-0.03692929819226265,2.737821340560913,0.0,0.0,0.0,0,0
1786431230.4216597,2.843058671000108,APPROACH,FLOW,/home/eunseop/nrs_imitation/checkpoints/flow/polishing/single_cam/20260809_1638,496.361328125,329.4017028808594,241.94186401367188,-0.0048516010865569115,-0.035515472292900085,2.7389745712280273,1.5327603816986084,2.3759350776672363,0.29127195477485657,495.82379150390625,327.7857666015625,256.45562744140625,-0.0038960978854447603,-0.037089116871356964,2.7377076148986816,0.0,0.0,0.0,0,0
1786431230.4296472,2.851046349999706,APPROACH,FLOW,/home/eunseop/nrs_imitation/checkpoints/flow/polishing/single_cam/20260809_1638,496.3232116699219,329.33917236328125,242.05372619628906,-0.004656381905078888,-0.035507380962371826,2.7387964725494385,-1.3574613332748413,2.7657618522644043,0.5268482565879822,495.8230895996094,327.7731018066406,256.61083984375,-0.003847112413495779,-0.03724874556064606,2.73759388923645,0.0,0.0,0.0,0,0
1786431230.4390361,2.860435188000338,APPROACH,FLOW,/home/eunseop/nrs_imitation/checkpoints/flow/polishing/single_cam/20260809_1638,496.21759033203125,329.32000732421875,242.1587677001953,-0.00435594329610467,-0.03548542037606239,2.7388110160827637,-2.0830421447753906,2.3988559246063232,0.639723002910614,495.8222961425781,327.7582702636719,256.7926330566406,-0.0037897401489317417,-0.037435710430145264,2.7374610900878906,0.0,0.0,0.0,0,0
1786431230.4456635,2.867062555999837,APPROACH,FLOW,/home/eunseop/nrs_imitation/checkpoints/flow/polishing/single_cam/20260809_1638,496.1918640136719,329.3099670410156,242.26611328125,-0.004281526431441307,-0.0354895256459713,2.7387876510620117,-0.4849110245704651,2.3984475135803223,0.30022603273391724,495.8217468261719,327.747802734375,256.9210205078125,-0.0037492106202989817,-0.03756778687238693,2.7373671531677246,0.0,0.0,0.0,0,0
1786431230.453644,2.875043091000407,APPROACH,FLOW,/home/eunseop/nrs_imitation/checkpoints/flow/polishing/single_cam/20260809_1638,496.197998046875,329.3069152832031,242.41282653808594,-0.004252491984516382,-0.03567725792527199,2.7386069297790527,-0.6268571019172668,3.0900561809539795,1.3075894117355347,495.8210754394531,327.73516845703125,257.07568359375,-0.003700403030961752,-0.037726838141679764,2.7372541427612305,0.0,0.0,0.0,0,0
1786431230.4616377,2.8830366520005555,APPROACH,FLOW,/home/eunseop/nrs_imitation/checkpoints/flow/polishing/single_cam/20260809_1638,496.1972961425781,329.26275634765625,242.5555877685547,-0.004211366176605225,-0.03573796525597572,2.738499402999878,0.45931416749954224,2.621623992919922,-0.09379979223012924,495.8204345703125,327.7225341796875,257.2303466796875,-0.0036515924148261547,-0.03788590058684349,2.7371408939361572,0.0,0.0,0.0,0,0
1786431230.4696593,2.891058535999946,APPROACH,FLOW,/home/eunseop/nrs_imitation/checkpoints/flow/polishing/single_cam/20260809_1638,496.1849060058594,329.2428283691406,242.81077575683594,-0.004161539487540722,-0.035955559462308884,2.7383430004119873,-0.7338370084762573,2.6205739974975586,-0.3186246454715729,495.81976318359375,327.7099304199219,257.38494873046875,-0.0036028081085532904,-0.03804487735033035,2.737028121948242,0.0,0.0,0.0,0,0
1786431230.4776654,2.8990646410002228,APPROACH,FLOW,/home/eunseop/nrs_imitation/checkpoints/flow/polishing/single_cam/20260809_1638,496.1770324707031,329.2748107910156,243.06138610839844,-0.003965270705521107,-0.03621789813041687,2.738163471221924,-0.588166356086731,2.8695366382598877,-0.5491427779197693,495.819091796875,327.69732666015625,257.539306640625,-0.003554085735231638,-0.0382036492228508,2.736915111541748,0.0,0.0,0.0,0,0
1786431230.4856489,2.9070479620004335,APPROACH,FLOW,/home/eunseop/nrs_imitation/checkpoints/flow/polishing/single_cam/20260809_1638,496.1919860839844,329.2208251953125,243.31866455078125,-0.003911467734724283,-0.036459486931562424,2.7379117012023926,1.289169430732727,2.094994068145752,-0.7104966044425964,495.81842041015625,327.68475341796875,257.6934814453125,-0.00350542482919991,-0.03836222365498543,2.736802101135254,0.0,0.0,0.0,0,0
1786431230.4936378,2.9150370340003064,APPROACH,FLOW,/home/eunseop/nrs_imitation/checkpoints/flow/polishing/single_cam/20260809_1638,496.2528381347656,329.17913818359375,243.6126251220703,-0.003956931643188,-0.03673917427659035,2.737682580947876,1.037003755569458,2.0081355571746826,0.04487435147166252,495.8177490234375,327.6721496582031,257.84759521484375,-0.0034567888360470533,-0.03852071985602379,2.736689567565918,0.0,0.0,0.0,0,0
1786431230.5016499,2.9230489090004994,APPROACH,FLOW,/home/eunseop/nrs_imitation/checkpoints/flow/polishing/single_cam/20260809_1638,496.2571105957031,329.2158508300781,243.9344024658203,-0.004009770695120096,-0.037072859704494476,2.7375974655151367,0.30746904015541077,1.7350722551345825,1.3529467582702637,495.81707763671875,327.6595764160156,258.0014953613281,-0.003408213844522834,-0.038679011166095734,2.736576795578003,0.0,0.0,0.0,0,0
1786431230.5110445,2.932443849000265,APPROACH,FLOW,/home/eunseop/nrs_imitation/checkpoints/flow/polishing/single_cam/20260809_1638,496.32281494140625,329.2010498046875,244.2659912109375,-0.0041540516540408134,-0.0375303290784359,2.73740291595459,-0.5177469849586487,2.043081521987915,2.3220582008361816,495.8163146972656,327.6448669433594,258.18182373046875,-0.003351298626512289,-0.038864485919475555,2.7364449501037598,0.0,0.0,0.0,0,0
1786431230.5176609,2.9390599959997417,APPROACH,FLOW,/home/eunseop/nrs_imitation/checkpoints/flow/polishing/single_cam/20260809_1638,496.29327392578125,329.24267578125,244.51708984375,-0.004020573105663061,-0.03787253051996231,2.737294912338257,-0.6441435217857361,2.169837713241577,2.392507553100586,495.81573486328125,327.634521484375,258.30877685546875,-0.0033112328965216875,-0.03899504989385605,2.7363522052764893,0.0,0.0,0.0,0,0
1786431230.525643,2.9470420039997407,APPROACH,FLOW,/home/eunseop/nrs_imitation/checkpoints/flow/polishing/single_cam/20260809_1638,496.34295654296875,329.2851867675781,244.8084716796875,-0.004121166653931141,-0.03821990638971329,2.7372207641601562,-1.1231346130371094,2.3601913452148438,3.917729616165161,495.81512451171875,327.62200927734375,258.462158203125,-0.003262824844568968,-0.03915280103683472,2.7362399101257324,0.0,0.0,0.0,0,0
1786431230.533657,2.9550561539999762,APPROACH,FLOW,/home/eunseop/nrs_imitation/checkpoints/flow/polishing/single_cam/20260809_1638,496.3586730957031,329.306640625,244.97486877441406,-0.004140092525631189,-0.03845813125371933,2.73712420463562,-0.3641865849494934,2.2583837509155273,3.1969218254089355,495.8144226074219,327.6094665527344,258.61541748046875,-0.0032144514843821526,-0.03931043669581413,2.7361278533935547,0.0,0.0,0.0,0,0
1786431230.5416498,2.963049093000336,APPROACH,FLOW,/home/eunseop/nrs_imitation/checkpoints/flow/polishing/single_cam/20260809_1638,496.3315734863281,329.29791259765625,245.0919647216797,-0.004137671086937189,-0.03855547681450844,2.737147569656372,0.18917295336723328,1.9510940313339233,2.860260486602783,495.8137512207031,327.59698486328125,258.7684326171875,-0.00316615984775126,-0.03946780785918236,2.736016035079956,0.0,0.0,0.0,0,0
1786431230.549651,2.9710500370001682,APPROACH,FLOW,/home/eunseop/nrs_imitation/checkpoints/flow/polishing/single_cam/20260809_1638,496.3719177246094,329.2933349609375,245.1368865966797,-0.004195986781269312,-0.03852219507098198,2.7370994091033936,0.5634864568710327,1.9227291345596313,3.010287284851074,495.8130798339844,327.5845031738281,258.92132568359375,-0.0031179108191281557,-0.03962503746151924,2.7359042167663574,0.0,0.0,0.0,0,0
1786431230.5576396,2.979038698000295,APPROACH,FLOW,/home/eunseop/nrs_imitation/checkpoints/flow/polishing/single_cam/20260809_1638,496.3080749511719,329.25439453125,245.1966094970703,-0.0040097711607813835,-0.03839663043618202,2.7370412349700928,1.1866743564605713,2.8443825244903564,0.048943985253572464,495.81243896484375,327.572021484375,259.07403564453125,-0.0030697081238031387,-0.039782121777534485,2.735792398452759,0.0,0.0,0.0,0,0
1786431230.5656438,2.9870428089998313,APPROACH,FLOW,/home/eunseop/nrs_imitation/checkpoints/flow/polishing/single_cam/20260809_1638,496.2267150878906,329.2254943847656,245.2701416015625,-0.003647230565547943,-0.038329556584358215,2.736924409866333,-1.188795804977417,3.3927438259124756,-0.7492351531982422,495.811767578125,327.5596008300781,259.22650146484375,-0.0030215918086469173,-0.03993891924619675,2.7356810569763184,0.0,0.0,0.0,0,0
1786431230.5736513,2.9950503360005314,APPROACH,FLOW,/home/eunseop/nrs_imitation/checkpoints/flow/polishing/single_cam/20260809_1638,496.18316650390625,329.1742858886719,245.39454650878906,-0.0034068210516124964,-0.03827347606420517,2.736830472946167,-1.1164462566375732,2.649667739868164,-2.015153646469116,495.8111572265625,327.54718017578125,259.3788757324219,-0.0029735045973211527,-0.04009562358260155,2.735569477081299,0.0,0.0,0.0,0,0
1786431230.5816712,3.003070267000112,APPROACH,FLOW,/home/eunseop/nrs_imitation/checkpoints/flow/polishing/single_cam/20260809_1638,496.1880798339844,329.060546875,245.552734375,-0.0032782722264528275,-0.03821008652448654,2.736567974090576,-0.15982837975025177,2.627122640609741,-2.365900754928589,495.81048583984375,327.53472900390625,259.531005859375,-0.0029254897963255644,-0.040252093225717545,2.7354581356048584,0.0,0.0,0.0,0,0
1786431230.5896742,3.0110732849998385,APPROACH,FLOW,/home/eunseop/nrs_imitation/checkpoints/flow/polishing/single_cam/20260809_1638,496.1624450683594,329.04205322265625,245.7161865234375,-0.0032090172171592712,-0.03832465037703514,2.7364845275878906,0.48663008213043213,2.835157871246338,-0.9263326525688171,495.809814453125,327.5223388671875,259.6829528808594,-0.0028775320388376713,-0.04040837287902832,2.735347032546997,0.0,0.0,0.0,0,0
1786431230.597668,3.019066955999733,APPROACH,FLOW,/home/eunseop/nrs_imitation/checkpoints/flow/polishing/single_cam/20260809_1638,496.1658630371094,329.0361022949219,245.92965698242188,-0.003197064623236656,-0.03854143247008324,2.7363758087158203,-0.7482476830482483,1.926465392112732,1.3296679258346558,495.8091735839844,327.50994873046875,259.83477783203125,-0.0028296192176640034,-0.04056451469659805,2.735236167907715,0.0,0.0,0.0,0,0
1786431230.6056628,3.0270619089997126,APPROACH,FLOW,/home/eunseop/nrs_imitation/checkpoints/flow/polishing/single_cam/20260809_1638,496.2256774902344,329.0452880859375,246.19232177734375,-0.0032747189980000257,-0.03888074308633804,2.736194372177124,0.43749523162841797,1.8750762939453125,2.231595277786255,495.8085021972656,327.4975891113281,259.9861755371094,-0.002781839109957218,-0.04072021692991257,2.7351253032684326,0.0,0.0,0.0,0,0
1786431230.6136596,3.0350587650000307,APPROACH,FLOW,/home/eunseop/nrs_imitation/checkpoints/flow/polishing/single_cam/20260809_1638,496.3027648925781,329.11907958984375,246.46311950683594,-0.0035745257046073675,-0.039346106350421906,2.736177921295166,1.3704538345336914,2.1639559268951416,3.436241626739502,495.8078308105469,327.4852294921875,260.1374816894531,-0.002734079025685787,-0.04087585210800171,2.7350146770477295,0.0,0.0,0.0,0,0
1786431230.6216562,3.0430551609997565,APPROACH,FLOW,/home/eunseop/nrs_imitation/checkpoints/flow/polishing/single_cam/20260809_1638,496.2992858886719,329.1288757324219,246.63742065429688,-0.0035784447100013494,-0.039555974304676056,2.7361655235290527,1.305126667022705,1.930757761001587,2.3040902614593506,495.80718994140625,327.472900390625,260.28857421875,-0.0026863946113735437,-0.04103124514222145,2.7349040508270264,0.0,0.0,0.0,0,0
1786431230.6296394,3.051038602000517,APPROACH,FLOW,/home/eunseop/nrs_imitation/checkpoints/flow/polishing/single_cam/20260809_1638,496.2859802246094,329.0826721191406,246.8336944580078,-0.003516104770824313,-0.03968396782875061,2.7359139919281006,-1.4364287853240967,2.879086971282959,1.6868500709533691,495.8065185546875,327.4605712890625,260.43951416015625,-0.0026387625839561224,-0.04118646681308746,2.7347936630249023,0.0,0.0,0.0,0,0
1786431230.6376553,3.0590543850003087,APPROACH,FLOW,/home/eunseop/nrs_imitation/checkpoints/flow/polishing/single_cam/20260809_1638,496.22589111328125,329.0379333496094,247.02609252929688,-0.0033021417912095785,-0.03974456340074539,2.735795497894287,-1.5669755935668945,2.3027310371398926,0.19905872642993927,495.8058776855469,327.4482421875,260.59051513671875,-0.0025911054108291864,-0.041341766715049744,2.734683036804199,0.0,0.0,0.0,0,0
1786431230.6456325,3.0670315839997784,APPROACH,FLOW,/home/eunseop/nrs_imitation/checkpoints/flow/polishing/single_cam/20260809_1638,496.18414306640625,328.9859619140625,247.17254638671875,-0.003071160288527608,-0.03973982855677605,2.7356526851654053,-0.6457340121269226,2.4211742877960205,-0.5278983116149902,495.80523681640625,327.4360046386719,260.7406005859375,-0.0025437353178858757,-0.04149613901972771,2.7345736026763916,0.0,0.0,0.0,0,0
1786431230.653662,3.075060953000502,APPROACH,FLOW,/home/eunseop/nrs_imitation/checkpoints/flow/polishing/single_cam/20260809_1638,496.17181396484375,328.9195556640625,247.36093139648438,-0.003019976429641247,-0.039883073419332504,2.735496759414673,-0.86948162317276,2.805920124053955,-0.20331376791000366,495.8045959472656,327.42376708984375,260.8908996582031,-0.002496300032362342,-0.041650719940662384,2.734463691711426,0.0,0.0,0.0,0,0
1786431230.6616423,3.0830412579998665,APPROACH,FLOW,/home/eunseop/nrs_imitation/checkpoints/flow/polishing/single_cam/20260809_1638,496.1806945800781,328.9261779785156,247.55731201171875,-0.0029122312553226948,-0.04009711369872093,2.7353174686431885,-1.1686222553253174,2.110008955001831,1.2376683950424194,495.8039245605469,327.4114990234375,261.0408935546875,-0.002448959741741419,-0.04180498793721199,2.73435378074646,0.0,0.0,0.0,0,0
1786431230.6700103,3.0914093470000807,APPROACH,FLOW,/home/eunseop/nrs_imitation/checkpoints/flow/polishing/single_cam/20260809_1638,496.1806945800781,328.9261779785156,247.55731201171875,-0.0029122312553226948,-0.04009711369872093,2.7353174686431885,-1.1686222553253174,2.110008955001831,1.2376683950424194,495.80328369140625,327.39874267578125,261.1972961425781,-0.0023996031377464533,-0.041965827345848083,2.734239339828491,0.0,0.0,0.0,0,0
1786431230.6776607,3.099059668999871,APPROACH,FLOW,/home/eunseop/nrs_imitation/checkpoints/flow/polishing/single_cam/20260809_1638,496.22442626953125,328.92767333984375,247.92689514160156,-0.0029155102092772722,-0.040537625551223755,2.735196113586426,1.280018925666809,2.1938529014587402,1.9329124689102173,495.8026428222656,327.38702392578125,261.3404541015625,-0.0023544153664261103,-0.042113084346055984,2.7341346740722656,0.0,0.0,0.0,0,0
1786431230.6856375,3.1070363460003136,APPROACH,FLOW,/home/eunseop/nrs_imitation/checkpoints/flow/polishing/single_cam/20260809_1638,496.27203369140625,329.0018615722656,248.12490844726562,-0.0031126688700169325,-0.040789928287267685,2.7351815700531006,1.5967117547988892,2.2102508544921875,2.5186660289764404,495.802001953125,327.3748779296875,261.48956298828125,-0.002307360991835594,-0.042266424745321274,2.734025716781616,0.0,0.0,0.0,0,0
1786431230.6944714,3.1158704199997374,APPROACH,FLOW,/home/eunseop/nrs_imitation/checkpoints/flow/polishing/single_cam/20260809_1638,496.27203369140625,329.0018615722656,248.12490844726562,-0.0031126688700169325,-0.040789928287267685,2.7351815700531006,1.5967117547988892,2.2102508544921875,2.5186660289764404,495.80126953125,327.3614501953125,261.65362548828125,-0.002255582483485341,-0.04243515804409981,2.733905792236328,0.0,0.0,0.0,0,0
1786431230.7017217,3.1231206940001357,APPROACH,FLOW,/home/eunseop/nrs_imitation/checkpoints/flow/polishing/single_cam/20260809_1638,496.2014465332031,328.9591064453125,248.3796844482422,-0.0028343568556010723,-0.04094274342060089,2.734931468963623,-1.4348853826522827,3.774479389190674,0.10689696669578552,495.8006896972656,327.3504638671875,261.78851318359375,-0.002213008003309369,-0.042573895305395126,2.73380708694458,0.0,0.0,0.0,0,0
1786431230.7097461,3.131145182999717,APPROACH,FLOW,/home/eunseop/nrs_imitation/checkpoints/flow/polishing/single_cam/20260809_1638,496.14404296875,328.9280700683594,248.5263214111328,-0.002587595721706748,-0.04094673693180084,2.7347774505615234,-1.5369102954864502,2.448683261871338,-0.9045660495758057,495.800048828125,327.33831787109375,261.93719482421875,-0.0021660784259438515,-0.04272682964801788,2.7336981296539307,0.0,0.0,0.0,0,0
1786431230.7177162,3.13911539899982,APPROACH,FLOW,/home/eunseop/nrs_imitation/checkpoints/flow/polishing/single_cam/20260809_1638,496.076171875,328.86993408203125,248.66490173339844,-0.002337146084755659,-0.0408748984336853,2.734658718109131,-1.3315865993499756,2.6750824451446533,-1.090646505355835,495.7994384765625,327.32623291015625,262.08538818359375,-0.002119314158335328,-0.04287922382354736,2.7335898876190186,0.0,0.0,0.0,0,0
1786431230.7256682,3.1470672189998368,APPROACH,FLOW,/home/eunseop/nrs_imitation/checkpoints/flow/polishing/single_cam/20260809_1638,496.0805969238281,328.8458557128906,248.89791870117188,-0.0022833736147731543,-0.04111585393548012,2.7345030307769775,-1.16167151927948,3.0299699306488037,-0.21189014613628387,495.798828125,327.314208984375,262.23260498046875,-0.002072844887152314,-0.04303065687417984,2.7334823608398438,0.0,0.0,0.0,0,0
1786431230.7337894,3.155188745000487,APPROACH,FLOW,/home/eunseop/nrs_imitation/checkpoints/flow/polishing/single_cam/20260809_1638,496.09454345703125,328.8428039550781,249.19845581054688,-0.0022860607132315636,-0.04145869240164757,2.7343215942382812,-0.6509589552879333,2.0359528064727783,1.0334765911102295,495.79815673828125,327.30206298828125,262.3815002441406,-0.0020258596632629633,-0.04318377003073692,2.7333731651306152,0.0,0.0,0.0,0,0
1786431230.741673,3.163072084000305,APPROACH,FLOW,/home/eunseop/nrs_imitation/checkpoints/flow/polishing/single_cam/20260809_1638,496.142578125,328.8807373046875,249.5279541015625,-0.0023038319777697325,-0.04192795604467392,2.734140396118164,0.2791374921798706,1.718479037284851,1.369583010673523,495.7974853515625,327.2900695800781,262.5282897949219,-0.001979527296498418,-0.043334752321243286,2.7332658767700195,0.0,0.0,0.0,0,0
1786431230.7496593,3.1710583499998393,APPROACH,FLOW,/home/eunseop/nrs_imitation/checkpoints/flow/polishing/single_cam/20260809_1638,496.2119445800781,328.896240234375,249.80189514160156,-0.0024518349673599005,-0.042322948575019836,2.7340056896209717,0.8222522735595703,2.2756247520446777,2.164324998855591,495.796875,327.278076171875,262.6753845214844,-0.001933107152581215,-0.04348602518439293,2.7331583499908447,0.0,0.0,0.0,0,0
1786431230.7577295,3.179128777999722,APPROACH,FLOW,/home/eunseop/nrs_imitation/checkpoints/flow/polishing/single_cam/20260809_1638,496.25213623046875,328.95245361328125,250.06480407714844,-0.002490177983418107,-0.0427633672952652,2.733919858932495,1.7772717475891113,1.9900517463684082,2.1967201232910156,495.7962341308594,327.26605224609375,262.82281494140625,-0.0018865761812776327,-0.04363766312599182,2.733050584793091,0.0,0.0,0.0,0,0
1786431230.7657619,3.1871611030001077,APPROACH,FLOW,/home/eunseop/nrs_imitation/checkpoints/flow/polishing/single_cam/20260809_1638,496.29400634765625,328.9691162109375,250.24114990234375,-0.002606141148135066,-0.04296769201755524,2.733882427215576,0.8577348589897156,1.758500576019287,3.5196473598480225,495.79559326171875,327.2540283203125,262.96990966796875,-0.0018401492852717638,-0.04378895461559296,2.732943058013916,0.0,0.0,0.0,0,0
1786431230.773677,3.1950761620000776,APPROACH,FLOW,/home/eunseop/nrs_imitation/checkpoints/flow/polishing/single_cam/20260809_1638,496.2751770019531,328.9714050292969,250.32177734375,-0.0025863407645374537,-0.0429006963968277,2.7339067459106445,0.49494877457618713,2.4341909885406494,3.9083468914031982,495.79498291015625,327.24212646484375,263.1158142089844,-0.0017941028345376253,-0.043939009308815,2.7328362464904785,0.0,0.0,0.0,0,0
1786431230.781678,3.2030772170001,APPROACH,FLOW,/home/eunseop/nrs_imitation/checkpoints/flow/polishing/single_cam/20260809_1638,496.2225341796875,328.93212890625,250.3809814453125,-0.0024443354923278093,-0.04288509115576744,2.7338719367980957,0.5702714323997498,3.8500418663024902,1.2548273801803589,495.7943420410156,327.23016357421875,263.2621154785156,-0.0017479241359978914,-0.04408949241042137,2.732729196548462,0.0,0.0,0.0,0,0
1786431230.789647,3.2110460700005206,APPROACH,FLOW,/home/eunseop/nrs_imitation/checkpoints/flow/polishing/single_cam/20260809_1638,496.14910888671875,328.9305725097656,250.49490356445312,-0.002233928069472313,-0.04288783296942711,2.73382568359375,-2.438513994216919,3.1002073287963867,-0.06139623746275902,495.7937316894531,327.2182922363281,263.40802001953125,-0.0017018858343362808,-0.04423952475190163,2.7326226234436035,0.0,0.0,0.0,0,0
1786431230.7976727,3.219071852000525,APPROACH,FLOW,/home/eunseop/nrs_imitation/checkpoints/flow/polishing/single_cam/20260809_1638,496.03253173828125,328.8362121582031,250.51466369628906,-0.0018027485348284245,-0.04263009876012802,2.7337100505828857,-2.539654016494751,2.750013589859009,-0.3901362419128418,495.79302978515625,327.20635986328125,263.55377197265625,-0.0016558829229325056,-0.044389430433511734,2.732515811920166,0.0,0.0,0.0,0,0
1786431230.8056624,3.2270614549997845,APPROACH,FLOW,/home/eunseop/nrs_imitation/checkpoints/flow/polishing/single_cam/20260809_1638,495.966796875,328.7658996582031,250.6488494873047,-0.0014984763693064451,-0.04262915626168251,2.7335684299468994,-0.7029386758804321,2.865989923477173,-1.7067081928253174,495.7924499511719,327.19451904296875,263.69921875,-0.001609976403415203,-0.044539034366607666,2.7324094772338867,0.0,0.0,0.0,0,0
1786431230.813663,3.235062108999955,APPROACH,FLOW,/home/eunseop/nrs_imitation/checkpoints/flow/polishing/single_cam/20260809_1638,495.95184326171875,328.6996154785156,250.7994842529297,-0.0014033059123903513,-0.04266168922185898,2.7333765029907227,-0.006772023160010576,2.3855342864990234,-1.252488374710083,495.79180908203125,327.1826477050781,263.84429931640625,-0.0015641921199858189,-0.044688232243061066,2.7323033809661865,0.0,0.0,0.0,0,0
1786431230.8216612,3.24306033799985,APPROACH,FLOW,/home/eunseop/nrs_imitation/checkpoints/flow/polishing/single_cam/20260809_1638,496.00286865234375,328.66168212890625,251.0312042236328,-0.0015059415018185973,-0.04287245124578476,2.733243942260742,0.39007341861724854,1.5981169939041138,0.6217242479324341,495.79119873046875,327.1708068847656,263.9892578125,-0.001518437871709466,-0.044837333261966705,2.7321972846984863,0.0,0.0,0.0,0,0
1786431230.8296432,3.2510423470002934,APPROACH,FLOW,/home/eunseop/nrs_imitation/checkpoints/flow/polishing/single_cam/20260809_1638,496.0276184082031,328.6574401855469,251.2508544921875,-0.0015807186719030142,-0.043137408792972565,2.7332067489624023,1.74971604347229,1.5489643812179565,1.7097289562225342,495.79052734375,327.1590270996094,264.1336669921875,-0.0014728640671819448,-0.04498584568500519,2.7320916652679443,0.0,0.0,0.0,0,0
1786431230.8376617,3.2590608950004025,APPROACH,FLOW,/home/eunseop/nrs_imitation/checkpoints/flow/polishing/single_cam/20260809_1638,496.09503173828125,328.68402099609375,251.49952697753906,-0.0017415278125554323,-0.04352445527911186,2.7330000400543213,1.8682838678359985,1.8950504064559937,2.4141132831573486,495.7899169921875,327.1472473144531,264.2779235839844,-0.001427327748388052,-0.04513423889875412,2.7319860458374023,0.0,0.0,0.0,0,0
1786431230.8456705,3.2670694240005105,APPROACH,FLOW,/home/eunseop/nrs_imitation/checkpoints/flow/polishing/single_cam/20260809_1638,496.1737060546875,328.7099609375,251.68460083007812,-0.001934323227033019,-0.043762121349573135,2.732961654663086,1.5171053409576416,1.945835828781128,3.383310317993164,495.789306640625,327.1355285644531,264.42193603515625,-0.0013818892184644938,-0.04528231546282768,2.7318811416625977,0.0,0.0,0.0,0,0
1786431230.8536425,3.2750415130003603,APPROACH,FLOW,/home/eunseop/nrs_imitation/checkpoints/flow/polishing/single_cam/20260809_1638,496.1379699707031,328.7454528808594,251.83900451660156,-0.0018714863108471036,-0.04385610297322273,2.7330219745635986,1.346550703048706,2.4443559646606445,1.1401370763778687,495.7886962890625,327.123779296875,264.5655212402344,-0.0013365650083869696,-0.0454300120472908,2.7317757606506348,0.0,0.0,0.0,0,0
1786431230.861636,3.2830348030001915,APPROACH,FLOW,/home/eunseop/nrs_imitation/checkpoints/flow/polishing/single_cam/20260809_1638,496.1043395996094,328.72357177734375,252.01699829101562,-0.0017387240659445524,-0.044026102870702744,2.7328662872314453,-1.9555913209915161,3.4920034408569336,0.4888566732406616,495.7880859375,327.1120910644531,264.7088623046875,-0.00129132647998631,-0.045577436685562134,2.731671094894409,0.0,0.0,0.0,0,0
1786431230.8696353,3.291034464999939,APPROACH,FLOW,/home/eunseop/nrs_imitation/checkpoints/flow/polishing/single_cam/20260809_1638,496.0101013183594,328.658203125,252.1294708251953,-0.001411850331351161,-0.04392135143280029,2.7327609062194824,-2.562807083129883,2.8464996814727783,-0.5064682960510254,495.78741455078125,327.10040283203125,264.8518981933594,-0.0012461829464882612,-0.045724544674158096,2.7315664291381836,0.0,0.0,0.0,0,0
1786431230.8776712,3.2990702859997327,APPROACH,FLOW,/home/eunseop/nrs_imitation/checkpoints/flow/polishing/single_cam/20260809_1638,496.0228271484375,328.6239929199219,252.2837677001953,-0.0013417520094662905,-0.04399758577346802,2.7325937747955322,-2.381544589996338,2.866584539413452,-0.5908462405204773,495.786865234375,327.0887451171875,264.9947204589844,-0.001201106933876872,-0.045871440321207047,2.731462001800537,0.0,0.0,0.0,0,0
1786431230.8856492,3.307048217000556,APPROACH,FLOW,/home/eunseop/nrs_imitation/checkpoints/flow/polishing/single_cam/20260809_1638,496.0165100097656,328.62591552734375,252.4890594482422,-0.0013653854839503765,-0.04417536407709122,2.7325446605682373,-0.5095235109329224,2.9314568042755127,0.283371239900589,495.7862548828125,327.0771179199219,265.1371154785156,-0.0011561645660549402,-0.04601789265871048,2.7313575744628906,0.0,0.0,0.0,0,0
1786431230.8936377,3.315036787000281,APPROACH,FLOW,/home/eunseop/nrs_imitation/checkpoints/flow/polishing/single_cam/20260809_1638,496.0577392578125,328.56304931640625,252.66539001464844,-0.0013791591627523303,-0.04426240921020508,2.7323412895202637,0.45073574781417847,1.832026720046997,1.391173005104065,495.78558349609375,327.0655212402344,265.2791442871094,-0.0011113409418612719,-0.04616396129131317,2.7312538623809814,0.0,0.0,0.0,0,0
1786431230.9016693,3.3230684110003494,APPROACH,FLOW,/home/eunseop/nrs_imitation/checkpoints/flow/polishing/single_cam/20260809_1638,496.1138000488281,328.5854187011719,252.92262268066406,-0.0015693689929321408,-0.044596727937459946,2.7323262691497803,1.4328364133834839,1.0461736917495728,1.5552787780761719,495.7850036621094,327.053955078125,265.4209899902344,-0.0010665692389011383,-0.04630986601114273,2.7311501502990723,0.0,0.0,0.0,0,0
1786431230.9096603,3.3310595459997785,APPROACH,FLOW,/home/eunseop/nrs_imitation/checkpoints/flow/polishing/single_cam/20260809_1638,496.15985107421875,328.5859069824219,253.06155395507812,-0.0016349846264347434,-0.04471230506896973,2.7321934700012207,2.7041215896606445,1.2906311750411987,2.506380796432495,495.78436279296875,327.04241943359375,265.5623779296875,-0.0010219502728432417,-0.046455267816782,2.731046676635742,0.0,0.0,0.0,0,0
1786431230.9176528,3.339051644000392,APPROACH,FLOW,/home/eunseop/nrs_imitation/checkpoints/flow/polishing/single_cam/20260809_1638,496.21905517578125,328.63153076171875,253.2626953125,-0.0017428494757041335,-0.0450366735458374,2.7321438789367676,3.4013726711273193,2.167465925216675,-0.0813855528831482,495.7837829589844,327.0308837890625,265.7034912109375,-0.000977411400526762,-0.046600405126810074,2.730943441390991,0.0,0.0,0.0,0,0
1786431230.9256558,3.3470549029998438,APPROACH,FLOW,/home/eunseop/nrs_imitation/checkpoints/flow/polishing/single_cam/20260809_1638,496.2038879394531,328.6654357910156,253.44387817382812,-0.0016298671253025532,-0.045212678611278534,2.731987237930298,-0.40401574969291687,3.118300437927246,0.32535436749458313,495.78314208984375,327.0194091796875,265.8443298339844,-0.0009329658932983875,-0.04674524441361427,2.7308404445648193,0.0,0.0,0.0,0,0
1786431230.9336486,3.355047611000373,APPROACH,FLOW,/home/eunseop/nrs_imitation/checkpoints/flow/polishing/single_cam/20260809_1638,496.1577453613281,328.6134033203125,253.6337127685547,-0.0014137799153104424,-0.04529855400323868,2.731904983520508,-1.9363584518432617,2.9722964763641357,-0.27578723430633545,495.78253173828125,327.0079040527344,265.9847717285156,-0.0008886391296982765,-0.046889692544937134,2.7307376861572266,0.0,0.0,0.0,0,0
1786431230.9416454,3.363044488000014,APPROACH,FLOW,/home/eunseop/nrs_imitation/checkpoints/flow/polishing/single_cam/20260809_1638,496.1121826171875,328.5706481933594,253.78182983398438,-0.0012120362371206284,-0.04531364142894745,2.73172664642334,-1.1020044088363647,3.1666722297668457,-0.5103686451911926,495.781982421875,326.9964904785156,266.1248779296875,-0.0008444201666861773,-0.04703379422426224,2.730635166168213,0.0,0.0,0.0,0,0
1786431230.949698,3.3710970419997466,APPROACH,FLOW,/home/eunseop/nrs_imitation/checkpoints/flow/polishing/single_cam/20260809_1638,496.1121826171875,328.5706481933594,253.78182983398438,-0.0012120362371206284,-0.04531364142894745,2.73172664642334,-1.1020044088363647,3.1666722297668457,-0.5103686451911926,495.7813415527344,326.98504638671875,266.26495361328125,-0.0008002098184078932,-0.047177862375974655,2.7305328845977783,0.0,0.0,0.0,0,0
1786431230.9576747,3.37907395000002,APPROACH,FLOW,/home/eunseop/nrs_imitation/checkpoints/flow/polishing/single_cam/20260809_1638,496.1121826171875,328.5706481933594,253.78182983398438,-0.0012120362371206284,-0.04531364142894745,2.73172664642334,-1.1020044088363647,3.1666722297668457,-0.5103686451911926,495.78076171875,326.97369384765625,266.4043273925781,-0.0007562297396361828,-0.04732118546962738,2.730430841445923,0.0,0.0,0.0,0,0
1786431230.9656615,3.387060527000358,APPROACH,FLOW,/home/eunseop/nrs_imitation/checkpoints/flow/polishing/single_cam/20260809_1638,496.1121826171875,328.5706481933594,253.78182983398438,-0.0012120362371206284,-0.04531364142894745,2.73172664642334,-1.1020044088363647,3.1666722297668457,-0.5103686451911926,495.7801513671875,326.96234130859375,266.543212890625,-0.0007123963441699743,-0.047464028000831604,2.7303295135498047,0.0,0.0,0.0,0,0
1786431230.9736655,3.3950646270004654,APPROACH,FLOW,/home/eunseop/nrs_imitation/checkpoints/flow/polishing/single_cam/20260809_1638,496.1121826171875,328.5706481933594,253.78182983398438,-0.0012120362371206284,-0.04531364142894745,2.73172664642334,-1.1020044088363647,3.1666722297668457,-0.5103686451911926,495.779541015625,326.9510192871094,266.6821594238281,-0.0006685450207442045,-0.0476069301366806,2.7302277088165283,0.0,0.0,0.0,0,0
1786431230.981701,3.4030999180004073,APPROACH,FLOW,/home/eunseop/nrs_imitation/checkpoints/flow/polishing/single_cam/20260809_1638,496.1121826171875,328.5706481933594,253.78182983398438,-0.0012120362371206284,-0.04531364142894745,2.73172664642334,-1.1020044088363647,3.1666722297668457,-0.5103686451911926,495.77899169921875,326.939697265625,266.8206787109375,-0.0006248201243579388,-0.04774941876530647,2.73012638092041,0.0,0.0,0.0,0,0
1786431230.989771,3.411170215000311,APPROACH,FLOW,/home/eunseop/nrs_imitation/checkpoints/flow/polishing/single_cam/20260809_1638,496.1121826171875,328.5706481933594,253.78182983398438,-0.0012120362371206284,-0.04531364142894745,2.73172664642334,-1.1020044088363647,3.1666722297668457,-0.5103686451911926,495.7783203125,326.92840576171875,266.95892333984375,-0.0005811918526887894,-0.047891587018966675,2.730025291442871,0.0,0.0,0.0,0,0
1786431230.99776,3.4191591670005437,APPROACH,FLOW,/home/eunseop/nrs_imitation/checkpoints/flow/polishing/single_cam/20260809_1638,496.1121826171875,328.5706481933594,253.78182983398438,-0.0012120362371206284,-0.04531364142894745,2.73172664642334,-1.1020044088363647,3.1666722297668457,-0.5103686451911926,495.77777099609375,326.91717529296875,267.0968017578125,-0.0005376772023737431,-0.048033397644758224,2.729924440383911,0.0,0.0,0.0,0,0
1786431231.0056863,3.4270854080004938,APPROACH,FLOW,/home/eunseop/nrs_imitation/checkpoints/flow/polishing/single_cam/20260809_1638,496.1121826171875,328.5706481933594,253.78182983398438,-0.0012120362371206284,-0.04531364142894745,2.73172664642334,-1.1020044088363647,3.1666722297668457,-0.5103686451911926,495.77716064453125,326.9059753417969,267.2336730957031,-0.0004944854881614447,-0.04817414656281471,2.7298243045806885,0.0,0.0,0.0,0,0
1786431231.013655,3.435054200000195,APPROACH,FLOW,/home/eunseop/nrs_imitation/checkpoints/flow/polishing/single_cam/20260809_1638,496.1121826171875,328.5706481933594,253.78182983398438,-0.0012120362371206284,-0.04531364142894745,2.73172664642334,-1.1020044088363647,3.1666722297668457,-0.5103686451911926,495.7765808105469,326.89483642578125,267.3702392578125,-0.0004513752646744251,-0.04831463098526001,2.729724407196045,0.0,0.0,0.0,0,0
1786431231.0217993,3.443198580000171,APPROACH,FLOW,/home/eunseop/nrs_imitation/checkpoints/flow/polishing/single_cam/20260809_1638,496.1121826171875,328.5706481933594,253.78182983398438,-0.0012120362371206284,-0.04531364142894745,2.73172664642334,-1.1020044088363647,3.1666722297668457,-0.5103686451911926,495.7760009765625,326.88360595703125,267.50787353515625,-0.0004079435020685196,-0.04845616593956947,2.729623794555664,0.0,0.0,0.0,0,0
1786431231.029795,3.451194064000447,APPROACH,FLOW,/home/eunseop/nrs_imitation/checkpoints/flow/polishing/single_cam/20260809_1638,496.1121826171875,328.5706481933594,253.78182983398438,-0.0012120362371206284,-0.04531364142894745,2.73172664642334,-1.1020044088363647,3.1666722297668457,-0.5103686451911926,495.775390625,326.87249755859375,267.64404296875,-0.0003649627324193716,-0.04859623312950134,2.7295241355895996,0.0,0.0,0.0,0,0
1786431231.0377944,3.4591935050002576,APPROACH,FLOW,/home/eunseop/nrs_imitation/checkpoints/flow/polishing/single_cam/20260809_1638,496.1121826171875,328.5706481933594,253.78182983398438,-0.0012120362371206284,-0.04531364142894745,2.73172664642334,-1.1020044088363647,3.1666722297668457,-0.5103686451911926,495.7747802734375,326.86138916015625,267.77972412109375,-0.00032214378006756306,-0.048735763877630234,2.7294249534606934,0.0,0.0,0.0,0,0
1786431231.045768,3.4671671570004037,APPROACH,FLOW,/home/eunseop/nrs_imitation/checkpoints/flow/polishing/single_cam/20260809_1638,496.1121826171875,328.5706481933594,253.78182983398438,-0.0012120362371206284,-0.04531364142894745,2.73172664642334,-1.1020044088363647,3.1666722297668457,-0.5103686451911926,495.77423095703125,326.8503723144531,267.9151306152344,-0.0002794081810861826,-0.048875030130147934,2.729326009750366,0.0,0.0,0.0,0,0
1786431231.0538213,3.47522064199984,APPROACH,FLOW,/home/eunseop/nrs_imitation/checkpoints/flow/polishing/single_cam/20260809_1638,496.1121826171875,328.5706481933594,253.78182983398438,-0.0012120362371206284,-0.04531364142894745,2.73172664642334,-1.1020044088363647,3.1666722297668457,-0.5103686451911926,495.77362060546875,326.83929443359375,268.0504455566406,-0.00023670261725783348,-0.049014195799827576,2.729227066040039,0.0,0.0,0.0,0,0
1786431231.0618,3.483199183000579,APPROACH,FLOW,/home/eunseop/nrs_imitation/checkpoints/flow/polishing/single_cam/20260809_1638,496.1121826171875,328.5706481933594,253.78182983398438,-0.0012120362371206284,-0.04531364142894745,2.73172664642334,-1.1020044088363647,3.1666722297668457,-0.5103686451911926,495.7730712890625,326.8283386230469,268.1850280761719,-0.00019422569312155247,-0.049152620136737823,2.729128360748291,0.0,0.0,0.0,0,0
1786431231.0697474,3.491146535000553,APPROACH,FLOW,/home/eunseop/nrs_imitation/checkpoints/flow/polishing/single_cam/20260809_1638,496.1121826171875,328.5706481933594,253.78182983398438,-0.0012120362371206284,-0.04531364142894745,2.73172664642334,-1.1020044088363647,3.1666722297668457,-0.5103686451911926,495.7724609375,326.8173828125,268.3189697265625,-0.00015195808373391628,-0.049290359020233154,2.7290303707122803,0.0,0.0,0.0,0,0
1786431231.0777566,3.4991559850004705,APPROACH,FLOW,/home/eunseop/nrs_imitation/checkpoints/flow/polishing/single_cam/20260809_1638,496.1121826171875,328.5706481933594,253.78182983398438,-0.0012120362371206284,-0.04531364142894745,2.73172664642334,-1.1020044088363647,3.1666722297668457,-0.5103686451911926,495.7718811035156,326.80645751953125,268.452880859375,-0.00010969256982207298,-0.04942809417843819,2.7289326190948486,0.0,0.0,0.0,0,0
1786431231.0858123,3.507211494999865,APPROACH,FLOW,/home/eunseop/nrs_imitation/checkpoints/flow/polishing/single_cam/20260809_1638,496.1121826171875,328.5706481933594,253.78182983398438,-0.0012120362371206284,-0.04531364142894745,2.73172664642334,-1.1020044088363647,3.1666722297668457,-0.5103686451911926,495.77130126953125,326.7955322265625,268.5865478515625,-6.749597378075123e-05,-0.04956560209393501,2.728834867477417,0.0,0.0,0.0,0,0
1786431231.0937996,3.515198832000351,APPROACH,FLOW,/home/eunseop/nrs_imitation/checkpoints/flow/polishing/single_cam/20260809_1638,496.1121826171875,328.5706481933594,253.78182983398438,-0.0012120362371206284,-0.04531364142894745,2.73172664642334,-1.1020044088363647,3.1666722297668457,-0.5103686451911926,495.770751953125,326.78466796875,268.71966552734375,-2.5485875084996223e-05,-0.04970250278711319,2.7287373542785645,0.0,0.0,0.0,0,0
1786431231.1019247,3.5233236650001345,APPROACH,FLOW,/home/eunseop/nrs_imitation/checkpoints/flow/polishing/single_cam/20260809_1638,496.1121826171875,328.5706481933594,253.78182983398438,-0.0012120362371206284,-0.04531364142894745,2.73172664642334,-1.1020044088363647,3.1666722297668457,-0.5103686451911926,495.7701416015625,326.7735595703125,268.8556213378906,1.7419923096895218e-05,-0.04984232038259506,2.7286376953125,0.0,0.0,0.0,0,0
1786431231.109771,3.531170303000181,APPROACH,FLOW,/home/eunseop/nrs_imitation/checkpoints/flow/polishing/single_cam/20260809_1638,496.1121826171875,328.5706481933594,253.78182983398438,-0.0012120362371206284,-0.04531364142894745,2.73172664642334,-1.1020044088363647,3.1666722297668457,-0.5103686451911926,495.76959228515625,326.7630615234375,268.984375,5.8052362874150276e-05,-0.04997473210096359,2.728543758392334,0.0,0.0,0.0,0,0
1786431231.1178281,3.539227174000189,APPROACH,FLOW,/home/eunseop/nrs_imitation/checkpoints/flow/polishing/single_cam/20260809_1638,496.1121826171875,328.5706481933594,253.78182983398438,-0.0012120362371206284,-0.04531364142894745,2.73172664642334,-1.1020044088363647,3.1666722297668457,-0.5103686451911926,495.7690124511719,326.7522888183594,269.1165771484375,9.977887384593487e-05,-0.05011071264743805,2.7284469604492188,0.0,0.0,0.0,0,0
1786431231.1257026,3.5471016860001328,APPROACH,FLOW,/home/eunseop/nrs_imitation/checkpoints/flow/polishing/single_cam/20260809_1638,496.1121826171875,328.5706481933594,253.78182983398438,-0.0012120362371206284,-0.04531364142894745,2.73172664642334,-1.1020044088363647,3.1666722297668457,-0.5103686451911926,495.7684326171875,326.74163818359375,269.24725341796875,0.00014102179557085037,-0.05024510994553566,2.728351593017578,0.0,0.0,0.0,0,0
1786431231.1337378,3.5551367759999266,APPROACH,FLOW,/home/eunseop/nrs_imitation/checkpoints/flow/polishing/single_cam/20260809_1638,496.1121826171875,328.5706481933594,253.78182983398438,-0.0012120362371206284,-0.04531364142894745,2.73172664642334,-1.1020044088363647,3.1666722297668457,-0.5103686451911926,495.76788330078125,326.73089599609375,269.37841796875,0.00018240953795611858,-0.05037998408079147,2.7282555103302,0.0,0.0,0.0,0,0
1786431231.1416595,3.563058517999707,APPROACH,FLOW,/home/eunseop/nrs_imitation/checkpoints/flow/polishing/single_cam/20260809_1638,496.1121826171875,328.5706481933594,253.78182983398438,-0.0012120362371206284,-0.04531364142894745,2.73172664642334,-1.1020044088363647,3.1666722297668457,-0.5103686451911926,495.7673645019531,326.7203063964844,269.50860595703125,0.0002234994899481535,-0.05051388591527939,2.7281603813171387,0.0,0.0,0.0,0,0
1786431231.1496856,3.571084590999817,APPROACH,FLOW,/home/eunseop/nrs_imitation/checkpoints/flow/polishing/single_cam/20260809_1638,496.1121826171875,328.5706481933594,253.78182983398438,-0.0012120362371206284,-0.04531364142894745,2.73172664642334,-1.1020044088363647,3.1666722297668457,-0.5103686451911926,495.7667541503906,326.70965576171875,269.6389465332031,0.00026464276015758514,-0.05064795911312103,2.728065013885498,0.0,0.0,0.0,0,0
1786431231.1576405,3.5790394370005743,APPROACH,FLOW,/home/eunseop/nrs_imitation/checkpoints/flow/polishing/single_cam/20260809_1638,496.1121826171875,328.5706481933594,253.78182983398438,-0.0012120362371206284,-0.04531364142894745,2.73172664642334,-1.1020044088363647,3.1666722297668457,-0.5103686451911926,495.7662048339844,326.6990661621094,269.7684326171875,0.0003055068664252758,-0.05078112706542015,2.7279703617095947,0.0,0.0,0.0,0,0
1786431231.165711,3.587110536000182,APPROACH,FLOW,/home/eunseop/nrs_imitation/checkpoints/flow/polishing/single_cam/20260809_1638,496.1121826171875,328.5706481933594,253.78182983398438,-0.0012120362371206284,-0.04531364142894745,2.73172664642334,-1.1020044088363647,3.1666722297668457,-0.5103686451911926,495.765625,326.6884765625,269.8981018066406,0.0003464289475232363,-0.05091448500752449,2.7278754711151123,0.0,0.0,0.0,0,0
1786431231.173697,3.595095929999843,APPROACH,FLOW,/home/eunseop/nrs_imitation/checkpoints/flow/polishing/single_cam/20260809_1638,496.1121826171875,328.5706481933594,253.78182983398438,-0.0012120362371206284,-0.04531364142894745,2.73172664642334,-1.1020044088363647,3.1666722297668457,-0.5103686451911926,495.7651062011719,326.6779479980469,270.0273132324219,0.0003872083034366369,-0.05104737728834152,2.727781057357788,0.0,0.0,0.0,0,0
1786431231.1816645,3.6030635600000096,APPROACH,FLOW,/home/eunseop/nrs_imitation/checkpoints/flow/polishing/single_cam/20260809_1638,496.1121826171875,328.5706481933594,253.78182983398438,-0.0012120362371206284,-0.04531364142894745,2.73172664642334,-1.1020044088363647,3.1666722297668457,-0.5103686451911926,495.7645263671875,326.6675109863281,270.15521240234375,0.00042757997289299965,-0.051178935915231705,2.727687358856201,0.0,0.0,0.0,0,0
1786431231.1898022,3.611201407000408,APPROACH,FLOW,/home/eunseop/nrs_imitation/checkpoints/flow/polishing/single_cam/20260809_1638,496.1121826171875,328.5706481933594,253.78182983398438,-0.0012120362371206284,-0.04531364142894745,2.73172664642334,-1.1020044088363647,3.1666722297668457,-0.5103686451911926,495.7639465332031,326.656982421875,270.2841796875,0.0004682845901697874,-0.05131158232688904,2.727592945098877,0.0,0.0,0.0,0,0
1786431231.197777,3.619176392000554,APPROACH,FLOW,/home/eunseop/nrs_imitation/checkpoints/flow/polishing/single_cam/20260809_1638,496.1121826171875,328.5706481933594,253.78182983398438,-0.0012120362371206284,-0.04531364142894745,2.73172664642334,-1.1020044088363647,3.1666722297668457,-0.5103686451911926,495.763427734375,326.64654541015625,270.4116516113281,0.0005085105076432228,-0.051442667841911316,2.7274999618530273,0.0,0.0,0.0,0,0
1786431231.2056835,3.627082634000544,APPROACH,FLOW,/home/eunseop/nrs_imitation/checkpoints/flow/polishing/single_cam/20260809_1638,496.1121826171875,328.5706481933594,253.78182983398438,-0.0012120362371206284,-0.04531364142894745,2.73172664642334,-1.1020044088363647,3.1666722297668457,-0.5103686451911926,495.76287841796875,326.63623046875,270.5380859375,0.000548418378457427,-0.05157271400094032,2.727407217025757,0.0,0.0,0.0,0,0
1786431231.2137182,3.6351175239997247,APPROACH,FLOW,/home/eunseop/nrs_imitation/checkpoints/flow/polishing/single_cam/20260809_1638,496.1121826171875,328.5706481933594,253.78182983398438,-0.0012120362371206284,-0.04531364142894745,2.73172664642334,-1.1020044088363647,3.1666722297668457,-0.5103686451911926,495.7623596191406,326.62591552734375,270.66497802734375,0.0005884603597223759,-0.051703207194805145,2.7273147106170654,0.0,0.0,0.0,0,0
1786431231.2216682,3.6430675110004813,APPROACH,FLOW,/home/eunseop/nrs_imitation/checkpoints/flow/polishing/single_cam/20260809_1638,496.1121826171875,328.5706481933594,253.78182983398438,-0.0012120362371206284,-0.04531364142894745,2.73172664642334,-1.1020044088363647,3.1666722297668457,-0.5103686451911926,495.7618103027344,326.6156311035156,270.79107666015625,0.0006282611284404993,-0.051832906901836395,2.727222442626953,0.0,0.0,0.0,0,0
1786431231.2296429,3.6510417330000564,APPROACH,FLOW,/home/eunseop/nrs_imitation/checkpoints/flow/polishing/single_cam/20260809_1638,496.1121826171875,328.5706481933594,253.78182983398438,-0.0012120362371206284,-0.04531364142894745,2.73172664642334,-1.1020044088363647,3.1666722297668457,-0.5103686451911926,495.76123046875,326.6053161621094,270.9166564941406,0.0006678930949419737,-0.05196205526590347,2.72713041305542,0.0,0.0,0.0,0,0
1786431231.237793,3.659192214000541,APPROACH,FLOW,/home/eunseop/nrs_imitation/checkpoints/flow/polishing/single_cam/20260809_1638,496.1121826171875,328.5706481933594,253.78182983398438,-0.0012120362371206284,-0.04531364142894745,2.73172664642334,-1.1020044088363647,3.1666722297668457,-0.5103686451911926,495.7607116699219,326.59503173828125,271.0429382324219,0.000707745086401701,-0.05209192633628845,2.7270381450653076,0.0,0.0,0.0,0,0
1786431231.2456703,3.6670694809999986,APPROACH,FLOW,/home/eunseop/nrs_imitation/checkpoints/flow/polishing/single_cam/20260809_1638,496.1121826171875,328.5706481933594,253.78182983398438,-0.0012120362371206284,-0.04531364142894745,2.73172664642334,-1.1020044088363647,3.1666722297668457,-0.5103686451911926,495.7601318359375,326.58489990234375,271.16693115234375,0.0007468839175999165,-0.052219465374946594,2.72694730758667,0.0,0.0,0.0,0,0
1786431231.2536752,3.675074333000339,APPROACH,FLOW,/home/eunseop/nrs_imitation/checkpoints/flow/polishing/single_cam/20260809_1638,496.1121826171875,328.5706481933594,253.78182983398438,-0.0012120362371206284,-0.04531364142894745,2.73172664642334,-1.1020044088363647,3.1666722297668457,-0.5103686451911926,495.7596435546875,326.57476806640625,271.2914733886719,0.0007861834019422531,-0.052347537130117416,2.726856231689453,0.0,0.0,0.0,0,0
1786431231.2617128,3.683112118000281,APPROACH,FLOW,/home/eunseop/nrs_imitation/checkpoints/flow/polishing/single_cam/20260809_1638,496.1121826171875,328.5706481933594,253.78182983398438,-0.0012120362371206284,-0.04531364142894745,2.73172664642334,-1.1020044088363647,3.1666722297668457,-0.5103686451911926,495.75909423828125,326.56463623046875,271.4155578613281,0.0008253501728177071,-0.05247517302632332,2.7267656326293945,0.0,0.0,0.0,0,0
1786431231.2696564,3.691055262000191,APPROACH,FLOW,/home/eunseop/nrs_imitation/checkpoints/flow/polishing/single_cam/20260809_1638,496.1121826171875,328.5706481933594,253.78182983398438,-0.0012120362371206284,-0.04531364142894745,2.73172664642334,-1.1020044088363647,3.1666722297668457,-0.5103686451911926,495.758544921875,326.5545654296875,271.5386657714844,0.0008642089087516069,-0.052601803094148636,2.726675510406494,0.0,0.0,0.0,0,0
1786431231.277716,3.6991150490002838,APPROACH,FLOW,/home/eunseop/nrs_imitation/checkpoints/flow/polishing/single_cam/20260809_1638,496.1121826171875,328.5706481933594,253.78182983398438,-0.0012120362371206284,-0.04531364142894745,2.73172664642334,-1.1020044088363647,3.1666722297668457,-0.5103686451911926,495.7580261230469,326.5445251464844,271.66204833984375,0.0009031465742737055,-0.05272869020700455,2.7265851497650146,0.0,0.0,0.0,0,0
1786431231.285755,3.7071539759999723,APPROACH,FLOW,/home/eunseop/nrs_imitation/checkpoints/flow/polishing/single_cam/20260809_1638,496.1121826171875,328.5706481933594,253.78182983398438,-0.0012120362371206284,-0.04531364142894745,2.73172664642334,-1.1020044088363647,3.1666722297668457,-0.5103686451911926,495.7574768066406,326.53448486328125,271.7847900390625,0.0009418802801519632,-0.05285491421818733,2.7264955043792725,0.0,0.0,0.0,0,0
1786431231.2937608,3.7151599899998473,APPROACH,FLOW,/home/eunseop/nrs_imitation/checkpoints/flow/polishing/single_cam/20260809_1638,496.1121826171875,328.5706481933594,253.78182983398438,-0.0012120362371206284,-0.04531364142894745,2.73172664642334,-1.1020044088363647,3.1666722297668457,-0.5103686451911926,495.7569580078125,326.5245056152344,271.90704345703125,0.0009804647415876389,-0.05298065021634102,2.7264060974121094,0.0,0.0,0.0,0,0
1786431231.3017478,3.7231469670005026,APPROACH,FLOW,/home/eunseop/nrs_imitation/checkpoints/flow/polishing/single_cam/20260809_1638,496.1121826171875,328.5706481933594,253.78182983398438,-0.0012120362371206284,-0.04531364142894745,2.73172664642334,-1.1020044088363647,3.1666722297668457,-0.5103686451911926,495.75640869140625,326.51458740234375,272.0284729003906,0.00101879658177495,-0.053105566650629044,2.7263171672821045,0.0,0.0,0.0,0,0
1786431231.309921,3.7313202220002495,APPROACH,FLOW,/home/eunseop/nrs_imitation/checkpoints/flow/polishing/single_cam/20260809_1638,496.1121826171875,328.5706481933594,253.78182983398438,-0.0012120362371206284,-0.04531364142894745,2.73172664642334,-1.1020044088363647,3.1666722297668457,-0.5103686451911926,495.7558898925781,326.5044250488281,272.15283203125,0.0010580462403595448,-0.053233467042446136,2.7262260913848877,0.0,0.0,0.0,0,0
1786431231.3178015,3.7392007660000672,APPROACH,FLOW,/home/eunseop/nrs_imitation/checkpoints/flow/polishing/single_cam/20260809_1638,496.1121826171875,328.5706481933594,253.78182983398438,-0.0012120362371206284,-0.04531364142894745,2.73172664642334,-1.1020044088363647,3.1666722297668457,-0.5103686451911926,495.75537109375,326.4948425292969,272.2703857421875,0.0010951424483209848,-0.053354356437921524,2.726140260696411,0.0,0.0,0.0,0,0
1786431231.3257985,3.747197581999899,APPROACH,FLOW,/home/eunseop/nrs_imitation/checkpoints/flow/polishing/single_cam/20260809_1638,496.1121826171875,328.5706481933594,253.78182983398438,-0.0012120362371206284,-0.04531364142894745,2.73172664642334,-1.1020044088363647,3.1666722297668457,-0.5103686451911926,495.7548522949219,326.48504638671875,272.3905029296875,0.0011330456472933292,-0.053477875888347626,2.7260525226593018,0.0,0.0,0.0,0,0
1786431231.333915,3.755314017999808,APPROACH,FLOW,/home/eunseop/nrs_imitation/checkpoints/flow/polishing/single_cam/20260809_1638,496.1121826171875,328.5706481933594,253.78182983398438,-0.0012120362371206284,-0.04531364142894745,2.73172664642334,-1.1020044088363647,3.1666722297668457,-0.5103686451911926,495.75433349609375,326.47503662109375,272.512939453125,0.0011716897133737803,-0.05360380932688713,2.7259628772735596,0.0,0.0,0.0,0,0
1786431231.3417706,3.763169863999792,APPROACH,FLOW,/home/eunseop/nrs_imitation/checkpoints/flow/polishing/single_cam/20260809_1638,496.1121826171875,328.5706481933594,253.78182983398438,-0.0012120362371206284,-0.04531364142894745,2.73172664642334,-1.1020044088363647,3.1666722297668457,-0.5103686451911926,495.7538146972656,326.465576171875,272.62896728515625,0.0012083174660801888,-0.05372317135334015,2.7258777618408203,0.0,0.0,0.0,0,0
1786431231.349804,3.7712034710002627,APPROACH,FLOW,/home/eunseop/nrs_imitation/checkpoints/flow/polishing/single_cam/20260809_1638,496.1121826171875,328.5706481933594,253.78182983398438,-0.0012120362371206284,-0.04531364142894745,2.73172664642334,-1.1020044088363647,3.1666722297668457,-0.5103686451911926,495.7533264160156,326.45587158203125,272.747802734375,0.00124581647105515,-0.0538453683257103,2.7257912158966064,0.0,0.0,0.0,0,0
1786431231.357746,3.779145051999876,APPROACH,FLOW,/home/eunseop/nrs_imitation/checkpoints/flow/polishing/single_cam/20260809_1638,496.1121826171875,328.5706481933594,253.78182983398438,-0.0012120362371206284,-0.04531364142894745,2.73172664642334,-1.1020044088363647,3.1666722297668457,-0.5103686451911926,495.7528076171875,326.4462585449219,272.86553955078125,0.0012829715851694345,-0.053966447710990906,2.7257049083709717,0.0,0.0,0.0,0,0
1786431231.3657458,3.787144752000131,APPROACH,FLOW,/home/eunseop/nrs_imitation/checkpoints/flow/polishing/single_cam/20260809_1638,496.1121826171875,328.5706481933594,253.78182983398438,-0.0012120362371206284,-0.04531364142894745,2.73172664642334,-1.1020044088363647,3.1666722297668457,-0.5103686451911926,495.7522888183594,326.4366760253906,272.98309326171875,0.0013200766406953335,-0.05408736318349838,2.725618839263916,0.0,0.0,0.0,0,0
1786431231.3740888,3.7954878939999617,APPROACH,FLOW,/home/eunseop/nrs_imitation/checkpoints/flow/polishing/single_cam/20260809_1638,496.1121826171875,328.5706481933594,253.78182983398438,-0.0012120362371206284,-0.04531364142894745,2.73172664642334,-1.1020044088363647,3.1666722297668457,-0.5103686451911926,495.75177001953125,326.4268798828125,273.10260009765625,0.0013577977661043406,-0.05421028658747673,2.725531578063965,0.0,0.0,0.0,0,0
1786431231.3817937,3.803193050000118,APPROACH,FLOW,/home/eunseop/nrs_imitation/checkpoints/flow/polishing/single_cam/20260809_1638,496.1121826171875,328.5706481933594,253.78182983398438,-0.0012120362371206284,-0.04531364142894745,2.73172664642334,-1.1020044088363647,3.1666722297668457,-0.5103686451911926,495.7513122558594,326.4176025390625,273.21685791015625,0.0013938464689999819,-0.05432776361703873,2.7254481315612793,0.0,0.0,0.0,0,0
1786431231.389805,3.8112043150003956,APPROACH,FLOW,/home/eunseop/nrs_imitation/checkpoints/flow/polishing/single_cam/20260809_1638,496.1121826171875,328.5706481933594,253.78182983398438,-0.0012120362371206284,-0.04531364142894745,2.73172664642334,-1.1020044088363647,3.1666722297668457,-0.5103686451911926,495.75079345703125,326.4081115722656,273.3329772949219,0.0014305005315691233,-0.05444720759987831,2.725363254547119,0.0,0.0,0.0,0,0
1786431231.3977606,3.8191598319999684,APPROACH,FLOW,/home/eunseop/nrs_imitation/checkpoints/flow/polishing/single_cam/20260809_1638,496.1121826171875,328.5706481933594,253.78182983398438,-0.0012120362371206284,-0.04531364142894745,2.73172664642334,-1.1020044088363647,3.1666722297668457,-0.5103686451911926,495.75030517578125,326.3987121582031,273.4482421875,0.0014668814837932587,-0.05456576868891716,2.725278615951538,0.0,0.0,0.0,0,0
1786431231.4057953,3.827194571000291,APPROACH,FLOW,/home/eunseop/nrs_imitation/checkpoints/flow/polishing/single_cam/20260809_1638,496.1121826171875,328.5706481933594,253.78182983398438,-0.0012120362371206284,-0.04531364142894745,2.73172664642334,-1.1020044088363647,3.1666722297668457,-0.5103686451911926,495.7497863769531,326.3892822265625,273.56329345703125,0.0015031949151307344,-0.0546841025352478,2.7251946926116943,0.0,0.0,0.0,0,0
1786431231.413769,3.835168254000564,APPROACH,FLOW,/home/eunseop/nrs_imitation/checkpoints/flow/polishing/single_cam/20260809_1638,496.1121826171875,328.5706481933594,253.78182983398438,-0.0012120362371206284,-0.04531364142894745,2.73172664642334,-1.1020044088363647,3.1666722297668457,-0.5103686451911926,495.7492980957031,326.37994384765625,273.6777038574219,0.0015393050853163004,-0.05480177700519562,2.7251107692718506,0.0,0.0,0.0,0,0
1786431231.4216852,3.843084324999836,APPROACH,FLOW,/home/eunseop/nrs_imitation/checkpoints/flow/polishing/single_cam/20260809_1638,496.1121826171875,328.5706481933594,253.78182983398438,-0.0012120362371206284,-0.04531364142894745,2.73172664642334,-1.1020044088363647,3.1666722297668457,-0.5103686451911926,495.74884033203125,326.3707275390625,273.7911376953125,0.0015750976745039225,-0.05491841956973076,2.7250280380249023,0.0,0.0,0.0,0,0
1786431231.42972,3.851119083999947,APPROACH,FLOW,/home/eunseop/nrs_imitation/checkpoints/flow/polishing/single_cam/20260809_1638,496.1121826171875,328.5706481933594,253.78182983398438,-0.0012120362371206284,-0.04531364142894745,2.73172664642334,-1.1020044088363647,3.1666722297668457,-0.5103686451911926,495.748291015625,326.3614196777344,273.9047546386719,0.0016109622083604336,-0.055035289376974106,2.724944829940796,0.0,0.0,0.0,0,0
1786431231.4377577,3.8591569390000586,APPROACH,FLOW,/home/eunseop/nrs_imitation/checkpoints/flow/polishing/single_cam/20260809_1638,496.1121826171875,328.5706481933594,253.78182983398438,-0.0012120362371206284,-0.04531364142894745,2.73172664642334,-1.1020044088363647,3.1666722297668457,-0.5103686451911926,495.7478332519531,326.35223388671875,274.01776123046875,0.0016466244123876095,-0.05515150725841522,2.7248620986938477,0.0,0.0,0.0,0,0
1786431231.4457455,3.867144558000291,APPROACH,FLOW,/home/eunseop/nrs_imitation/checkpoints/flow/polishing/single_cam/20260809_1638,496.1121826171875,328.5706481933594,253.78182983398438,-0.0012120362371206284,-0.04531364142894745,2.73172664642334,-1.1020044088363647,3.1666722297668457,-0.5103686451911926,495.7473449707031,326.343017578125,274.1302490234375,0.0016821261961013079,-0.05526719614863396,2.7247800827026367,0.0,0.0,0.0,0,0
1786431231.4537668,3.8751660010002524,APPROACH,FLOW,/home/eunseop/nrs_imitation/checkpoints/flow/polishing/single_cam/20260809_1638,496.1121826171875,328.5706481933594,253.78182983398438,-0.0012120362371206284,-0.04531364142894745,2.73172664642334,-1.1020044088363647,3.1666722297668457,-0.5103686451911926,495.7468566894531,326.33392333984375,274.24169921875,0.0017172964289784431,-0.055381808429956436,2.724698543548584,0.0,0.0,0.0,0,0
1786431231.4616709,3.8830699500003902,APPROACH,FLOW,/home/eunseop/nrs_imitation/checkpoints/flow/polishing/single_cam/20260809_1638,496.1121826171875,328.5706481933594,253.78182983398438,-0.0012120362371206284,-0.04531364142894745,2.73172664642334,-1.1020044088363647,3.1666722297668457,-0.5103686451911926,495.74639892578125,326.32489013671875,274.3525390625,0.0017522834241390228,-0.05549582093954086,2.7246174812316895,0.0,0.0,0.0,0,0
1786431231.4696662,3.8910652929998832,APPROACH,FLOW,/home/eunseop/nrs_imitation/checkpoints/flow/polishing/single_cam/20260809_1638,496.1121826171875,328.5706481933594,253.78182983398438,-0.0012120362371206284,-0.04531364142894745,2.73172664642334,-1.1020044088363647,3.1666722297668457,-0.5103686451911926,495.74591064453125,326.31585693359375,274.4630126953125,0.0017871519085019827,-0.05560944974422455,2.724536418914795,0.0,0.0,0.0,0,0
1786431231.4777343,3.8991335470000195,APPROACH,FLOW,/home/eunseop/nrs_imitation/checkpoints/flow/polishing/single_cam/20260809_1638,496.1121826171875,328.5706481933594,253.78182983398438,-0.0012120362371206284,-0.04531364142894745,2.73172664642334,-1.1020044088363647,3.1666722297668457,-0.5103686451911926,495.74542236328125,326.30682373046875,274.573486328125,0.0018220164347440004,-0.05572306737303734,2.7244555950164795,0.0,0.0,0.0,0,0
1786431231.4857736,3.9071726140000465,APPROACH,FLOW,/home/eunseop/nrs_imitation/checkpoints/flow/polishing/single_cam/20260809_1638,496.1121826171875,328.5706481933594,253.78182983398438,-0.0012120362371206284,-0.04531364142894745,2.73172664642334,-1.1020044088363647,3.1666722297668457,-0.5103686451911926,495.7449645996094,326.2978820800781,274.6832580566406,0.0018566579092293978,-0.05583595484495163,2.7243754863739014,0.0,0.0,0.0,0,0
1786431231.4938,3.9151992170000085,APPROACH,FLOW,/home/eunseop/nrs_imitation/checkpoints/flow/polishing/single_cam/20260809_1638,496.1121826171875,328.5706481933594,253.78182983398438,-0.0012120362371206284,-0.04531364142894745,2.73172664642334,-1.1020044088363647,3.1666722297668457,-0.5103686451911926,495.7444763183594,326.2889709472656,274.7925109863281,0.001891136635094881,-0.05594831332564354,2.7242953777313232,0.0,0.0,0.0,0,0
1786431231.5017517,3.9231506670003,APPROACH,FLOW,/home/eunseop/nrs_imitation/checkpoints/flow/polishing/single_cam/20260809_1638,496.1121826171875,328.5706481933594,253.78182983398438,-0.0012120362371206284,-0.04531364142894745,2.73172664642334,-1.1020044088363647,3.1666722297668457,-0.5103686451911926,495.7439880371094,326.2801513671875,274.90069580078125,0.0019252796191722155,-0.0560595765709877,2.7242164611816406,0.0,0.0,0.0,0,0
1786431231.5096924,3.9310915960004422,APPROACH,FLOW,/home/eunseop/nrs_imitation/checkpoints/flow/polishing/single_cam/20260809_1638,496.1121826171875,328.5706481933594,253.78182983398438,-0.0012120362371206284,-0.04531364142894745,2.73172664642334,-1.1020044088363647,3.1666722297668457,-0.5103686451911926,495.7435302734375,326.2713623046875,275.0082092285156,0.0019592195749282837,-0.05617017671465874,2.724137783050537,0.0,0.0,0.0,0,0
1786431231.5177999,3.9391991450002024,APPROACH,FLOW,/home/eunseop/nrs_imitation/checkpoints/flow/polishing/single_cam/20260809_1638,496.1121826171875,328.5706481933594,253.78182983398438,-0.0012120362371206284,-0.04531364142894745,2.73172664642334,-1.1020044088363647,3.1666722297668457,-0.5103686451911926,495.7430725097656,326.2625732421875,275.1157531738281,0.001993159530684352,-0.05628078058362007,2.7240591049194336,0.0,0.0,0.0,0,0
1786431231.5257342,3.947133200999815,APPROACH,FLOW,/home/eunseop/nrs_imitation/checkpoints/flow/polishing/single_cam/20260809_1638,496.1121826171875,328.5706481933594,253.78182983398438,-0.0012120362371206284,-0.04531364142894745,2.73172664642334,-1.1020044088363647,3.1666722297668457,-0.5103686451911926,495.74261474609375,326.25390625,275.2222900390625,0.002026778180152178,-0.05639033764600754,2.7239813804626465,0.0,0.0,0.0,0,0
1786431231.5347261,3.956125157000315,APPROACH,FLOW,/home/eunseop/nrs_imitation/checkpoints/flow/polishing/single_cam/20260809_1638,496.1121826171875,328.5706481933594,253.78182983398438,-0.0012120362371206284,-0.04531364142894745,2.73172664642334,-1.1020044088363647,3.1666722297668457,-0.5103686451911926,495.74212646484375,326.2441101074219,275.3421325683594,0.0020646043121814728,-0.056513603776693344,2.723893404006958,0.0,0.0,0.0,0,0
1786431231.5416656,3.963064454000232,APPROACH,FLOW,/home/eunseop/nrs_imitation/checkpoints/flow/polishing/single_cam/20260809_1638,496.1121826171875,328.5706481933594,253.78182983398438,-0.0012120362371206284,-0.04531364142894745,2.73172664642334,-1.1020044088363647,3.1666722297668457,-0.5103686451911926,495.74169921875,326.23663330078125,275.43365478515625,0.0020934883505105972,-0.05660772696137428,2.7238266468048096,0.0,0.0,0.0,0,0
1786431231.549676,3.9710749460000443,APPROACH,FLOW,/home/eunseop/nrs_imitation/checkpoints/flow/polishing/single_cam/20260809_1638,496.1121826171875,328.5706481933594,253.78182983398438,-0.0012120362371206284,-0.04531364142894745,2.73172664642334,-1.1020044088363647,3.1666722297668457,-0.5103686451911926,495.74127197265625,326.22808837890625,275.5386657714844,0.002126624807715416,-0.0567157082259655,2.723749876022339,0.0,0.0,0.0,0,0
1786431231.557717,3.979116227999839,APPROACH,FLOW,/home/eunseop/nrs_imitation/checkpoints/flow/polishing/single_cam/20260809_1638,496.1121826171875,328.5706481933594,253.78182983398438,-0.0012120362371206284,-0.04531364142894745,2.73172664642334,-1.1020044088363647,3.1666722297668457,-0.5103686451911926,495.7408142089844,326.21954345703125,275.6431884765625,0.002159617142751813,-0.05682322382926941,2.7236735820770264,0.0,0.0,0.0,0,0
1786431231.565667,3.987065975000405,APPROACH,FLOW,/home/eunseop/nrs_imitation/checkpoints/flow/polishing/single_cam/20260809_1638,496.1121826171875,328.5706481933594,253.78182983398438,-0.0012120362371206284,-0.04531364142894745,2.73172664642334,-1.1020044088363647,3.1666722297668457,-0.5103686451911926,495.7403564453125,326.2110900878906,275.7467041015625,0.0021922935266047716,-0.056929707527160645,2.723597526550293,0.0,0.0,0.0,0,0
1786431231.5737247,3.995123677000265,APPROACH,FLOW,/home/eunseop/nrs_imitation/checkpoints/flow/polishing/single_cam/20260809_1638,496.1121826171875,328.5706481933594,253.78182983398438,-0.0012120362371206284,-0.04531364142894745,2.73172664642334,-1.1020044088363647,3.1666722297668457,-0.5103686451911926,495.7398681640625,326.2026062011719,275.8501892089844,0.002224954776465893,-0.057036142796278,2.7235219478607178,0.0,0.0,0.0,0,0
1786431231.5816588,4.003057974000512,APPROACH,FLOW,/home/eunseop/nrs_imitation/checkpoints/flow/polishing/single_cam/20260809_1638,496.1121826171875,328.5706481933594,253.78182983398438,-0.0012120362371206284,-0.04531364142894745,2.73172664642334,-1.1020044088363647,3.1666722297668457,-0.5103686451911926,495.7394714355469,326.1943054199219,275.95245361328125,0.002257224405184388,-0.05714130029082298,2.72344708442688,0.0,0.0,0.0,0,0
1786431231.5897503,4.011149441999805,APPROACH,FLOW,/home/eunseop/nrs_imitation/checkpoints/flow/polishing/single_cam/20260809_1638,496.1121826171875,328.5706481933594,253.78182983398438,-0.0012120362371206284,-0.04531364142894745,2.73172664642334,-1.1020044088363647,3.1666722297668457,-0.5103686451911926,495.739013671875,326.1859130859375,276.0548095703125,0.0022895310539752245,-0.057246580719947815,2.723372459411621,0.0,0.0,0.0,0,0
1786431231.5976858,4.0190849910004545,APPROACH,FLOW,/home/eunseop/nrs_imitation/checkpoints/flow/polishing/single_cam/20260809_1638,496.1121826171875,328.5706481933594,253.78182983398438,-0.0012120362371206284,-0.04531364142894745,2.73172664642334,-1.1020044088363647,3.1666722297668457,-0.5103686451911926,495.73858642578125,326.1776428222656,276.1560363769531,0.0023214761167764664,-0.057350680232048035,2.7232983112335205,0.0,0.0,0.0,0,0
1786431231.6057878,4.027186889000404,APPROACH,FLOW,/home/eunseop/nrs_imitation/checkpoints/flow/polishing/single_cam/20260809_1638,496.1121826171875,328.5706481933594,253.78182983398438,-0.0012120362371206284,-0.04531364142894745,2.73172664642334,-1.1020044088363647,3.1666722297668457,-0.5103686451911926,495.7381286621094,326.1694030761719,276.25732421875,0.0023534423671662807,-0.057454850524663925,2.72322416305542,0.0,0.0,0.0,0,0
1786431231.6138332,4.035232408999946,APPROACH,FLOW,/home/eunseop/nrs_imitation/checkpoints/flow/polishing/single_cam/20260809_1638,496.1121826171875,328.5706481933594,253.78182983398438,-0.0012120362371206284,-0.04531364142894745,2.73172664642334,-1.1020044088363647,3.1666722297668457,-0.5103686451911926,495.7377014160156,326.1612243652344,276.357666015625,0.0023851096630096436,-0.057558052241802216,2.7231507301330566,0.0,0.0,0.0,0,0
1786431231.6217225,4.043121529000018,APPROACH,FLOW,/home/eunseop/nrs_imitation/checkpoints/flow/polishing/single_cam/20260809_1638,496.1121826171875,328.5706481933594,253.78182983398438,-0.0012120362371206284,-0.04531364142894745,2.73172664642334,-1.1020044088363647,3.1666722297668457,-0.5103686451911926,495.7372741699219,326.15313720703125,276.45660400390625,0.002416333882138133,-0.057659801095724106,2.723078489303589,0.0,0.0,0.0,0,0
1786431231.6297503,4.05114928400053,APPROACH,FLOW,/home/eunseop/nrs_imitation/checkpoints/flow/polishing/single_cam/20260809_1638,496.1121826171875,328.5706481933594,253.78182983398438,-0.0012120362371206284,-0.04531364142894745,2.73172664642334,-1.1020044088363647,3.1666722297668457,-0.5103686451911926,495.73687744140625,326.1450500488281,276.55572509765625,0.0024476193357259035,-0.05776175111532211,2.723005771636963,0.0,0.0,0.0,0,0
1786431231.6377923,4.059191467999881,APPROACH,FLOW,/home/eunseop/nrs_imitation/checkpoints/flow/polishing/single_cam/20260809_1638,496.1121826171875,328.5706481933594,253.78182983398438,-0.0012120362371206284,-0.04531364142894745,2.73172664642334,-1.1020044088363647,3.1666722297668457,-0.5103686451911926,495.7364196777344,326.1369934082031,276.65411376953125,0.0024786735884845257,-0.05786295235157013,2.7229340076446533,0.0,0.0,0.0,0,0
1786431231.6471412,4.068540168000254,APPROACH,FLOW,/home/eunseop/nrs_imitation/checkpoints/flow/polishing/single_cam/20260809_1638,496.1121826171875,328.5706481933594,253.78182983398438,-0.0012120362371206284,-0.04531364142894745,2.73172664642334,-1.1020044088363647,3.1666722297668457,-0.5103686451911926,495.7359313964844,326.1276550292969,276.768798828125,0.002514867577701807,-0.05798089876770973,2.7228500843048096,0.0,0.0,0.0,0,0
1786431231.6537356,4.075134853999771,APPROACH,FLOW,/home/eunseop/nrs_imitation/checkpoints/flow/polishing/single_cam/20260809_1638,496.1121826171875,328.5706481933594,253.78182983398438,-0.0012120362371206284,-0.04531364142894745,2.73172664642334,-1.1020044088363647,3.1666722297668457,-0.5103686451911926,495.735595703125,326.12115478515625,276.84869384765625,0.002540081972256303,-0.058063067495822906,2.7227916717529297,0.0,0.0,0.0,0,0
1786431231.6616955,4.083094499000254,APPROACH,FLOW,/home/eunseop/nrs_imitation/checkpoints/flow/polishing/single_cam/20260809_1638,496.1121826171875,328.5706481933594,253.78182983398438,-0.0012120362371206284,-0.04531364142894745,2.73172664642334,-1.1020044088363647,3.1666722297668457,-0.5103686451911926,495.7351989746094,326.1132507324219,276.94500732421875,0.0025704859290271997,-0.0581621453166008,2.7227210998535156,0.0,0.0,0.0,0,0
1786431231.6698046,4.0912038309998024,APPROACH,FLOW,/home/eunseop/nrs_imitation/checkpoints/flow/polishing/single_cam/20260809_1638,496.1121826171875,328.5706481933594,253.78182983398438,-0.0012120362371206284,-0.04531364142894745,2.73172664642334,-1.1020044088363647,3.1666722297668457,-0.5103686451911926,495.7347412109375,326.10540771484375,277.041259765625,0.0026008610147982836,-0.05826113000512123,2.7226507663726807,0.0,0.0,0.0,0,0
1786431231.6777751,4.099174216999927,APPROACH,FLOW,/home/eunseop/nrs_imitation/checkpoints/flow/polishing/single_cam/20260809_1638,496.1121826171875,328.5706481933594,253.78182983398438,-0.0012120362371206284,-0.04531364142894745,2.73172664642334,-1.1020044088363647,3.1666722297668457,-0.5103686451911926,495.7343444824219,326.09765625,277.13623046875,0.002630828879773617,-0.05835878849029541,2.722581386566162,0.0,0.0,0.0,0,0
1786431231.6857922,4.107191563000015,APPROACH,FLOW,/home/eunseop/nrs_imitation/checkpoints/flow/polishing/single_cam/20260809_1638,496.1121826171875,328.5706481933594,253.78182983398438,-0.0012120362371206284,-0.04531364142894745,2.73172664642334,-1.1020044088363647,3.1666722297668457,-0.5103686451911926,495.7339172363281,326.08990478515625,277.23095703125,0.0026607289910316467,-0.05845622718334198,2.7225120067596436,0.0,0.0,0.0,0,0
1786431231.6937644,4.115163581000161,APPROACH,FLOW,/home/eunseop/nrs_imitation/checkpoints/flow/polishing/single_cam/20260809_1638,496.1121826171875,328.5706481933594,253.78182983398438,-0.0012120362371206284,-0.04531364142894745,2.73172664642334,-1.1020044088363647,3.1666722297668457,-0.5103686451911926,495.7335510253906,326.082275390625,277.3248596191406,0.002690361812710762,-0.05855279415845871,2.7224433422088623,0.0,0.0,0.0,0,0
1786431231.7016833,4.1230824080003,APPROACH,FLOW,/home/eunseop/nrs_imitation/checkpoints/flow/polishing/single_cam/20260809_1638,496.1121826171875,328.5706481933594,253.78182983398438,-0.0012120362371206284,-0.04531364142894745,2.73172664642334,-1.1020044088363647,3.1666722297668457,-0.5103686451911926,495.7331237792969,326.0746765136719,277.4175720214844,0.0027196251321583986,-0.05864815413951874,2.7223753929138184,0.0,0.0,0.0,0,0
1786431231.7097344,4.131133679000413,APPROACH,FLOW,/home/eunseop/nrs_imitation/checkpoints/flow/polishing/single_cam/20260809_1638,496.1121826171875,328.5706481933594,253.78182983398438,-0.0012120362371206284,-0.04531364142894745,2.73172664642334,-1.1020044088363647,3.1666722297668457,-0.5103686451911926,495.73272705078125,326.0671081542969,277.5104064941406,0.0027489284984767437,-0.05874364823102951,2.7223076820373535,0.0,0.0,0.0,0,0
1786431231.717665,4.139063978000195,APPROACH,FLOW,/home/eunseop/nrs_imitation/checkpoints/flow/polishing/single_cam/20260809_1638,496.1121826171875,328.5706481933594,253.78182983398438,-0.0012120362371206284,-0.04531364142894745,2.73172664642334,-1.1020044088363647,3.1666722297668457,-0.5103686451911926,495.7322998046875,326.0596008300781,277.6021728515625,0.0027778795920312405,-0.05883799120783806,2.722240447998047,0.0,0.0,0.0,0,0
1786431231.725684,4.147083017000114,APPROACH,FLOW,/home/eunseop/nrs_imitation/checkpoints/flow/polishing/single_cam/20260809_1638,496.1121826171875,328.5706481933594,253.78182983398438,-0.0012120362371206284,-0.04531364142894745,2.73172664642334,-1.1020044088363647,3.1666722297668457,-0.5103686451911926,495.73193359375,326.0521545410156,277.6934509277344,0.002806702395901084,-0.05893192067742348,2.7221736907958984,0.0,0.0,0.0,0,0
1786431231.733695,4.1550940610004545,APPROACH,FLOW,/home/eunseop/nrs_imitation/checkpoints/flow/polishing/single_cam/20260809_1638,496.1121826171875,328.5706481933594,253.78182983398438,-0.0012120362371206284,-0.04531364142894745,2.73172664642334,-1.1020044088363647,3.1666722297668457,-0.5103686451911926,495.7315368652344,326.0447692871094,277.7841796875,0.0028353247325867414,-0.05902519449591637,2.722107410430908,0.0,0.0,0.0,0,0
1786431231.7416587,4.163057773000219,APPROACH,FLOW,/home/eunseop/nrs_imitation/checkpoints/flow/polishing/single_cam/20260809_1638,496.1121826171875,328.5706481933594,253.78182983398438,-0.0012120362371206284,-0.04531364142894745,2.73172664642334,-1.1020044088363647,3.1666722297668457,-0.5103686451911926,495.7311706542969,326.0374450683594,277.87396240234375,0.0028636602219194174,-0.059117529541254044,2.722041606903076,0.0,0.0,0.0,0,0
1786431231.749672,4.171071151000433,APPROACH,FLOW,/home/eunseop/nrs_imitation/checkpoints/flow/polishing/single_cam/20260809_1638,496.1121826171875,328.5706481933594,253.78182983398438,-0.0012120362371206284,-0.04531364142894745,2.73172664642334,-1.1020044088363647,3.1666722297668457,-0.5103686451911926,495.7307434082031,326.0301208496094,277.96337890625,0.002891885582357645,-0.05920951068401337,2.7219762802124023,0.0,0.0,0.0,0,0
1786431231.757648,4.179046877000474,APPROACH,FLOW,/home/eunseop/nrs_imitation/checkpoints/flow/polishing/single_cam/20260809_1638,496.1121826171875,328.5706481933594,253.78182983398438,-0.0012120362371206284,-0.04531364142894745,2.73172664642334,-1.1020044088363647,3.1666722297668457,-0.5103686451911926,495.7303771972656,326.0229187011719,278.0519104003906,0.0029198331758379936,-0.059300586581230164,2.7219114303588867,0.0,0.0,0.0,0,0
1786431231.7673666,4.188765779000278,APPROACH,FLOW,/home/eunseop/nrs_imitation/checkpoints/flow/polishing/single_cam/20260809_1638,496.1121826171875,328.5706481933594,253.78182983398438,-0.0012120362371206284,-0.04531364142894745,2.73172664642334,-1.1020044088363647,3.1666722297668457,-0.5103686451911926,495.72991943359375,326.01422119140625,278.1584777832031,0.002953464165329933,-0.059410177171230316,2.7218337059020996,0.0,0.0,0.0,0,0
1786431231.77365,4.195048866000434,APPROACH,FLOW,/home/eunseop/nrs_imitation/checkpoints/flow/polishing/single_cam/20260809_1638,496.1121826171875,328.5706481933594,253.78182983398438,-0.0012120362371206284,-0.04531364142894745,2.73172664642334,-1.1020044088363647,3.1666722297668457,-0.5103686451911926,495.7296142578125,326.00860595703125,278.2272033691406,0.0029751500114798546,-0.05948084965348244,2.721783399581909,0.0,0.0,0.0,0,0
1786431231.781662,4.2030609020002885,APPROACH,FLOW,/home/eunseop/nrs_imitation/checkpoints/flow/polishing/single_cam/20260809_1638,496.1121826171875,328.5706481933594,253.78182983398438,-0.0012120362371206284,-0.04531364142894745,2.73172664642334,-1.1020044088363647,3.1666722297668457,-0.5103686451911926,495.729248046875,326.00152587890625,278.3138732910156,0.0030025048181414604,-0.05956999212503433,2.721719980239868,0.0,0.0,0.0,0,0
1786431231.789643,4.211041927999759,APPROACH,FLOW,/home/eunseop/nrs_imitation/checkpoints/flow/polishing/single_cam/20260809_1638,496.1121826171875,328.5706481933594,253.78182983398438,-0.0012120362371206284,-0.04531364142894745,2.73172664642334,-1.1020044088363647,3.1666722297668457,-0.5103686451911926,495.7288818359375,325.9945373535156,278.39971923828125,0.0030295997858047485,-0.05965828895568848,2.7216572761535645,0.0,0.0,0.0,0,0
1786431231.797631,4.219029877000139,APPROACH,FLOW,/home/eunseop/nrs_imitation/checkpoints/flow/polishing/single_cam/20260809_1638,496.1121826171875,328.5706481933594,253.78182983398438,-0.0012120362371206284,-0.04531364142894745,2.73172664642334,-1.1020044088363647,3.1666722297668457,-0.5103686451911926,495.728515625,325.9875793457031,278.4849548339844,0.003056496847420931,-0.05974593758583069,2.72159481048584,0.0,0.0,0.0,0,0
1786431231.8056705,4.227069374999701,APPROACH,FLOW,/home/eunseop/nrs_imitation/checkpoints/flow/polishing/single_cam/20260809_1638,496.1121826171875,328.5706481933594,253.78182983398438,-0.0012120362371206284,-0.04531364142894745,2.73172664642334,-1.1020044088363647,3.1666722297668457,-0.5103686451911926,495.7281494140625,325.98065185546875,278.5696716308594,0.0030832302290946245,-0.05983305722475052,2.7215328216552734,0.0,0.0,0.0,0,0
1786431231.8136768,4.235075970999787,APPROACH,FLOW,/home/eunseop/nrs_imitation/checkpoints/flow/polishing/single_cam/20260809_1638,496.1121826171875,328.5706481933594,253.78182983398438,-0.0012120362371206284,-0.04531364142894745,2.73172664642334,-1.1020044088363647,3.1666722297668457,-0.5103686451911926,495.727783203125,325.97381591796875,278.6535339355469,0.003109703306108713,-0.059919323772192,2.7214715480804443,0.0,0.0,0.0,0,0
1786431231.8216562,4.243055373000061,APPROACH,FLOW,/home/eunseop/nrs_imitation/checkpoints/flow/polishing/single_cam/20260809_1638,496.1121826171875,328.5706481933594,253.78182983398438,-0.0012120362371206284,-0.04531364142894745,2.73172664642334,-1.1020044088363647,3.1666722297668457,-0.5103686451911926,495.7274169921875,325.96697998046875,278.7366943359375,0.003135945647954941,-0.06000484153628349,2.7214107513427734,0.0,0.0,0.0,0,0
1786431231.8296432,4.251042230999701,APPROACH,FLOW,/home/eunseop/nrs_imitation/checkpoints/flow/polishing/single_cam/20260809_1638,496.1121826171875,328.5706481933594,253.78182983398438,-0.0012120362371206284,-0.04531364142894745,2.73172664642334,-1.1020044088363647,3.1666722297668457,-0.5103686451911926,495.72705078125,325.9602966308594,278.8191223144531,0.0031619647052139044,-0.060089632868766785,2.7213504314422607,0.0,0.0,0.0,0,0
1786431231.8376706,4.259069656000065,APPROACH,FLOW,/home/eunseop/nrs_imitation/checkpoints/flow/polishing/single_cam/20260809_1638,496.1121826171875,328.5706481933594,253.78182983398438,-0.0012120362371206284,-0.04531364142894745,2.73172664642334,-1.1020044088363647,3.1666722297668457,-0.5103686451911926,495.7267150878906,325.95361328125,278.90093994140625,0.0031877844594419003,-0.060173772275447845,2.7212905883789062,0.0,0.0,0.0,0,0
1786431231.8457234,4.267122600000221,APPROACH,FLOW,/home/eunseop/nrs_imitation/checkpoints/flow/polishing/single_cam/20260809_1638,496.1121826171875,328.5706481933594,253.78182983398438,-0.0012120362371206284,-0.04531364142894745,2.73172664642334,-1.1020044088363647,3.1666722297668457,-0.5103686451911926,495.7263488769531,325.94696044921875,278.9822082519531,0.0032134386710822582,-0.06025737524032593,2.721230983734131,0.0,0.0,0.0,0,0
1786431231.8536685,4.275067296000088,APPROACH,FLOW,/home/eunseop/nrs_imitation/checkpoints/flow/polishing/single_cam/20260809_1638,496.1121826171875,328.5706481933594,253.78182983398438,-0.0012120362371206284,-0.04531364142894745,2.73172664642334,-1.1020044088363647,3.1666722297668457,-0.5103686451911926,495.72601318359375,325.9404296875,279.06243896484375,0.00323875667527318,-0.060339879244565964,2.721172571182251,0.0,0.0,0.0,0,0
1786431231.8617003,4.283099580999988,APPROACH,FLOW,/home/eunseop/nrs_imitation/checkpoints/flow/polishing/single_cam/20260809_1638,496.1121826171875,328.5706481933594,253.78182983398438,-0.0012120362371206284,-0.04531364142894745,2.73172664642334,-1.1020044088363647,3.1666722297668457,-0.5103686451911926,495.72564697265625,325.93389892578125,279.1422119140625,0.0032639293931424618,-0.060421910136938095,2.721114158630371,0.0,0.0,0.0,0,0
1786431231.8696282,4.291027265000594,APPROACH,FLOW,/home/eunseop/nrs_imitation/checkpoints/flow/polishing/single_cam/20260809_1638,496.1121826171875,328.5706481933594,253.78182983398438,-0.0012120362371206284,-0.04531364142894745,2.73172664642334,-1.1020044088363647,3.1666722297668457,-0.5103686451911926,495.725341796875,325.927490234375,279.2209167480469,0.0032887759152799845,-0.060502879321575165,2.7210566997528076,0.0,0.0,0.0,0,0
1786431231.8779001,4.2992991689998235,APPROACH,FLOW,/home/eunseop/nrs_imitation/checkpoints/flow/polishing/single_cam/20260809_1638,496.1121826171875,328.5706481933594,253.78182983398438,-0.0012120362371206284,-0.04531364142894745,2.73172664642334,-1.1020044088363647,3.1666722297668457,-0.5103686451911926,495.7249450683594,325.9208984375,279.30157470703125,0.003314231988042593,-0.060585834085941315,2.7209975719451904,0.0,0.0,0.0,0,0
1786431231.88565,4.307049050999922,APPROACH,FLOW,/home/eunseop/nrs_imitation/checkpoints/flow/polishing/single_cam/20260809_1638,496.1121826171875,328.5706481933594,253.78182983398438,-0.0012120362371206284,-0.04531364142894745,2.73172664642334,-1.1020044088363647,3.1666722297668457,-0.5103686451911926,495.72467041015625,325.9147644042969,279.37677001953125,0.0033379592932760715,-0.06066315621137619,2.720942735671997,0.0,0.0,0.0,0,0
1786431231.893711,4.315110190999803,APPROACH,FLOW,/home/eunseop/nrs_imitation/checkpoints/flow/polishing/single_cam/20260809_1638,496.1121826171875,328.5706481933594,253.78182983398438,-0.0012120362371206284,-0.04531364142894745,2.73172664642334,-1.1020044088363647,3.1666722297668457,-0.5103686451911926,495.72430419921875,325.9084777832031,279.4537048339844,0.0033622505143284798,-0.06074231117963791,2.72088623046875,0.0,0.0,0.0,0,0
1786431231.9016538,4.32305289299984,APPROACH,FLOW,/home/eunseop/nrs_imitation/checkpoints/flow/polishing/single_cam/20260809_1638,496.1121826171875,328.5706481933594,253.78182983398438,-0.0012120362371206284,-0.04531364142894745,2.73172664642334,-1.1020044088363647,3.1666722297668457,-0.5103686451911926,495.7239990234375,325.90228271484375,279.52960205078125,0.003386186435818672,-0.0608203187584877,2.7208306789398193,0.0,0.0,0.0,0,0
1786431231.9097972,4.331196371999795,APPROACH,FLOW,/home/eunseop/nrs_imitation/checkpoints/flow/polishing/single_cam/20260809_1638,496.1121826171875,328.5706481933594,253.78182983398438,-0.0012120362371206284,-0.04531364142894745,2.73172664642334,-1.1020044088363647,3.1666722297668457,-0.5103686451911926,495.7236328125,325.8961181640625,279.6053466796875,0.0034101069904863834,-0.06089826673269272,2.7207751274108887,0.0,0.0,0.0,0,0
1786431231.9176598,4.33905877000052,APPROACH,FLOW,/home/eunseop/nrs_imitation/checkpoints/flow/polishing/single_cam/20260809_1638,496.1121826171875,328.5706481933594,253.78182983398438,-0.0012120362371206284,-0.04531364142894745,2.73172664642334,-1.1020044088363647,3.1666722297668457,-0.5103686451911926,495.72332763671875,325.8900451660156,279.6795654296875,0.0034335260279476643,-0.06097458302974701,2.7207210063934326,0.0,0.0,0.0,0,0
1786431231.9257648,4.347164175000216,APPROACH,FLOW,/home/eunseop/nrs_imitation/checkpoints/flow/polishing/single_cam/20260809_1638,496.1121826171875,328.5706481933594,253.78182983398438,-0.0012120362371206284,-0.04531364142894745,2.73172664642334,-1.1020044088363647,3.1666722297668457,-0.5103686451911926,495.7230224609375,325.8840026855469,279.7537536621094,0.0034569427371025085,-0.0610508918762207,2.7206668853759766,0.0,0.0,0.0,0,0
1786431231.933716,4.3551150530001905,APPROACH,FLOW,/home/eunseop/nrs_imitation/checkpoints/flow/polishing/single_cam/20260809_1638,496.1121826171875,328.5706481933594,253.78182983398438,-0.0012120362371206284,-0.04531364142894745,2.73172664642334,-1.1020044088363647,3.1666722297668457,-0.5103686451911926,495.72271728515625,325.8780517578125,279.8267517089844,0.0034799790009856224,-0.06112596392631531,2.720613479614258,0.0,0.0,0.0,0,0
1786431231.9416463,4.363045291000162,APPROACH,FLOW,/home/eunseop/nrs_imitation/checkpoints/flow/polishing/single_cam/20260809_1638,496.1121826171875,328.5706481933594,253.78182983398438,-0.0012120362371206284,-0.04531364142894745,2.73172664642334,-1.1020044088363647,3.1666722297668457,-0.5103686451911926,495.7223815917969,325.87213134765625,279.89892578125,0.0035027647390961647,-0.06120021641254425,2.7205605506896973,0.0,0.0,0.0,0,0
1786431231.9497113,4.371110348000002,APPROACH,FLOW,/home/eunseop/nrs_imitation/checkpoints/flow/polishing/single_cam/20260809_1638,496.1121826171875,328.5706481933594,253.78182983398438,-0.0012120362371206284,-0.04531364142894745,2.73172664642334,-1.1020044088363647,3.1666722297668457,-0.5103686451911926,495.7220764160156,325.8663024902344,279.9707946777344,0.0035254324320703745,-0.06127408519387245,2.720508098602295,0.0,0.0,0.0,0,0
1786431231.9577546,4.379153804999987,APPROACH,FLOW,/home/eunseop/nrs_imitation/checkpoints/flow/polishing/single_cam/20260809_1638,496.1121826171875,328.5706481933594,253.78182983398438,-0.0012120362371206284,-0.04531364142894745,2.73172664642334,-1.1020044088363647,3.1666722297668457,-0.5103686451911926,495.7218017578125,325.8604736328125,280.041748046875,0.0035478330682963133,-0.06134708225727081,2.720456123352051,0.0,0.0,0.0,0,0
1786431231.9656513,4.387050178000209,APPROACH,FLOW,/home/eunseop/nrs_imitation/checkpoints/flow/polishing/single_cam/20260809_1638,496.1121826171875,328.5706481933594,253.78182983398438,-0.0012120362371206284,-0.04531364142894745,2.73172664642334,-1.1020044088363647,3.1666722297668457,-0.5103686451911926,495.7214660644531,325.8547668457031,280.1116638183594,0.003569892141968012,-0.06141896918416023,2.720405101776123,0.0,0.0,0.0,0,0
1786431231.9736717,4.395070710000255,APPROACH,FLOW,/home/eunseop/nrs_imitation/checkpoints/flow/polishing/single_cam/20260809_1638,496.1121826171875,328.5706481933594,253.78182983398438,-0.0012120362371206284,-0.04531364142894745,2.73172664642334,-1.1020044088363647,3.1666722297668457,-0.5103686451911926,495.7211608886719,325.84912109375,280.1809997558594,0.0035917838104069233,-0.06149030476808548,2.7203540802001953,0.0,0.0,0.0,0,0
1786431231.9816532,4.403052196999852,APPROACH,FLOW,/home/eunseop/nrs_imitation/checkpoints/flow/polishing/single_cam/20260809_1638,496.1121826171875,328.5706481933594,253.78182983398438,-0.0012120362371206284,-0.04531364142894745,2.73172664642334,-1.1020044088363647,3.1666722297668457,-0.5103686451911926,495.7208557128906,325.843505859375,280.2496337890625,0.003613442415371537,-0.06156088784337044,2.720304250717163,0.0,0.0,0.0,0,0
1786431231.9896762,4.411075304000406,APPROACH,FLOW,/home/eunseop/nrs_imitation/checkpoints/flow/polishing/single_cam/20260809_1638,496.1121826171875,328.5706481933594,253.78182983398438,-0.0012120362371206284,-0.04531364142894745,2.73172664642334,-1.1020044088363647,3.1666722297668457,-0.5103686451911926,495.7206115722656,325.8379821777344,280.3175354003906,0.003634875640273094,-0.0616307333111763,2.720254421234131,0.0,0.0,0.0,0,0
1786431231.9976335,4.419032593999873,APPROACH,FLOW,/home/eunseop/nrs_imitation/checkpoints/flow/polishing/single_cam/20260809_1638,496.1121826171875,328.5706481933594,253.78182983398438,-0.0012120362371206284,-0.04531364142894745,2.73172664642334,-1.1020044088363647,3.1666722297668457,-0.5103686451911926,495.72027587890625,325.8324890136719,280.3845520019531,0.0036560215521603823,-0.06169964000582695,2.720205307006836,0.0,0.0,0.0,0,0
1786431232.0056653,4.42706447799992,APPROACH,FLOW,/home/eunseop/nrs_imitation/checkpoints/flow/polishing/single_cam/20260809_1638,496.1121826171875,328.5706481933594,253.78182983398438,-0.0012120362371206284,-0.04531364142894745,2.73172664642334,-1.1020044088363647,3.1666722297668457,-0.5103686451911926,495.7200012207031,325.82708740234375,280.4509582519531,0.0036769816651940346,-0.06176794692873955,2.7201569080352783,0.0,0.0,0.0,0,0
1786431232.0136595,4.435058389000005,APPROACH,FLOW,/home/eunseop/nrs_imitation/checkpoints/flow/polishing/single_cam/20260809_1638,496.1121826171875,328.5706481933594,253.78182983398438,-0.0012120362371206284,-0.04531364142894745,2.73172664642334,-1.1020044088363647,3.1666722297668457,-0.5103686451911926,495.7197265625,325.82171630859375,280.5164794921875,0.003697661217302084,-0.061835337430238724,2.720108985900879,0.0,0.0,0.0,0,0
1786431232.0217192,4.4431184559998655,APPROACH,FLOW,/home/eunseop/nrs_imitation/checkpoints/flow/polishing/single_cam/20260809_1638,496.1121826171875,328.5706481933594,253.78182983398438,-0.0012120362371206284,-0.04531364142894745,2.73172664642334,-1.1020044088363647,3.1666722297668457,-0.5103686451911926,495.71942138671875,325.8164367675781,280.5814208984375,0.003718156833201647,-0.06190212443470955,2.7200613021850586,0.0,0.0,0.0,0,0
1786431232.0297043,4.451103659999717,APPROACH,FLOW,/home/eunseop/nrs_imitation/checkpoints/flow/polishing/single_cam/20260809_1638,496.1121826171875,328.5706481933594,253.78182983398438,-0.0012120362371206284,-0.04531364142894745,2.73172664642334,-1.1020044088363647,3.1666722297668457,-0.5103686451911926,495.71917724609375,325.8111877441406,280.6454162597656,0.0037383553571999073,-0.06196795031428337,2.7200145721435547,0.0,0.0,0.0,0,0
1786431232.0377126,4.459111838000354,APPROACH,FLOW,/home/eunseop/nrs_imitation/checkpoints/flow/polishing/single_cam/20260809_1638,496.1121826171875,328.5706481933594,253.78182983398438,-0.0012120362371206284,-0.04531364142894745,2.73172664642334,-1.1020044088363647,3.1666722297668457,-0.5103686451911926,495.7189025878906,325.8060607910156,280.7085876464844,0.0037582882214337587,-0.06203290820121765,2.719968557357788,0.0,0.0,0.0,0,0
1786431232.0458326,4.4672319010005594,APPROACH,FLOW,/home/eunseop/nrs_imitation/checkpoints/flow/polishing/single_cam/20260809_1638,496.1121826171875,328.5706481933594,253.78182983398438,-0.0012120362371206284,-0.04531364142894745,2.73172664642334,-1.1020044088363647,3.1666722297668457,-0.5103686451911926,495.7186279296875,325.8009338378906,280.7713317871094,0.0037780930288136005,-0.062097445130348206,2.7199225425720215,0.0,0.0,0.0,0,0
1786431232.053718,4.475116942000568,APPROACH,FLOW,/home/eunseop/nrs_imitation/checkpoints/flow/polishing/single_cam/20260809_1638,496.1121826171875,328.5706481933594,253.78182983398438,-0.0012120362371206284,-0.04531364142894745,2.73172664642334,-1.1020044088363647,3.1666722297668457,-0.5103686451911926,495.7183837890625,325.7959289550781,280.8327331542969,0.0037974691949784756,-0.06216058507561684,2.7198777198791504,0.0,0.0,0.0,0,0
1786431232.0617788,4.483177881999836,APPROACH,FLOW,/home/eunseop/nrs_imitation/checkpoints/flow/polishing/single_cam/20260809_1638,496.1121826171875,328.5706481933594,253.78182983398438,-0.0012120362371206284,-0.04531364142894745,2.73172664642334,-1.1020044088363647,3.1666722297668457,-0.5103686451911926,495.71807861328125,325.7909240722656,280.8937072753906,0.0038167189341038465,-0.06222331523895264,2.7198328971862793,0.0,0.0,0.0,0,0
1786431232.070149,4.4915480939998815,APPROACH,FLOW,/home/eunseop/nrs_imitation/checkpoints/flow/polishing/single_cam/20260809_1638,496.1121826171875,328.5706481933594,253.78182983398438,-0.0012120362371206284,-0.04531364142894745,2.73172664642334,-1.1020044088363647,3.1666722297668457,-0.5103686451911926,495.7178039550781,325.78594970703125,280.95477294921875,0.0038359949830919504,-0.0622861310839653,2.719788074493408,0.0,0.0,0.0,0,0
1786431232.0777848,4.499184008000157,APPROACH,FLOW,/home/eunseop/nrs_imitation/checkpoints/flow/polishing/single_cam/20260809_1638,496.1121826171875,328.5706481933594,253.78182983398438,-0.0012120362371206284,-0.04531364142894745,2.73172664642334,-1.1020044088363647,3.1666722297668457,-0.5103686451911926,495.7175598144531,325.78118896484375,281.0130920410156,0.0038543983828276396,-0.06234610825777054,2.719745635986328,0.0,0.0,0.0,0,0
1786431232.0857627,4.50716194800043,APPROACH,FLOW,/home/eunseop/nrs_imitation/checkpoints/flow/polishing/single_cam/20260809_1638,496.1121826171875,328.5706481933594,253.78182983398438,-0.0012120362371206284,-0.04531364142894745,2.73172664642334,-1.1020044088363647,3.1666722297668457,-0.5103686451911926,495.7173156738281,325.7764587402344,281.07147216796875,0.003872815053910017,-0.06240612268447876,2.719702959060669,0.0,0.0,0.0,0,0
1786431232.0936441,4.515043002000311,APPROACH,FLOW,/home/eunseop/nrs_imitation/checkpoints/flow/polishing/single_cam/20260809_1638,496.1121826171875,328.5706481933594,253.78182983398438,-0.0012120362371206284,-0.04531364142894745,2.73172664642334,-1.1020044088363647,3.1666722297668457,-0.5103686451911926,495.7170715332031,325.7717590332031,281.1289367675781,0.0038909558206796646,-0.06246523931622505,2.719660997390747,0.0,0.0,0.0,0,0
1786431232.1017606,4.523159668000517,APPROACH,FLOW,/home/eunseop/nrs_imitation/checkpoints/flow/polishing/single_cam/20260809_1638,496.1121826171875,328.5706481933594,253.78182983398438,-0.0012120362371206284,-0.04531364142894745,2.73172664642334,-1.1020044088363647,3.1666722297668457,-0.5103686451911926,495.71685791015625,325.7670593261719,281.1861572265625,0.003909011371433735,-0.06252408027648926,2.7196192741394043,0.0,0.0,0.0,0,0
1786431232.1097934,4.531192774000374,APPROACH,FLOW,/home/eunseop/nrs_imitation/checkpoints/flow/polishing/single_cam/20260809_1638,496.1121826171875,328.5706481933594,253.78182983398438,-0.0012120362371206284,-0.04531364142894745,2.73172664642334,-1.1020044088363647,3.1666722297668457,-0.5103686451911926,495.7165832519531,325.7624816894531,281.2422180175781,0.00392670975998044,-0.06258174777030945,2.7195780277252197,0.0,0.0,0.0,0,0
1786431232.1177688,4.539168019000499,APPROACH,FLOW,/home/eunseop/nrs_imitation/checkpoints/flow/polishing/single_cam/20260809_1638,496.1121826171875,328.5706481933594,253.78182983398438,-0.0012120362371206284,-0.04531364142894745,2.73172664642334,-1.1020044088363647,3.1666722297668457,-0.5103686451911926,495.7163391113281,325.75799560546875,281.2974548339844,0.003944141324609518,-0.06263855844736099,2.7195377349853516,0.0,0.0,0.0,0,0
1786431232.1257658,4.547164945000077,APPROACH,FLOW,/home/eunseop/nrs_imitation/checkpoints/flow/polishing/single_cam/20260809_1638,496.1121826171875,328.5706481933594,253.78182983398438,-0.0012120362371206284,-0.04531364142894745,2.73172664642334,-1.1020044088363647,3.1666722297668457,-0.5103686451911926,495.71612548828125,325.7535400390625,281.35186767578125,0.003961313981562853,-0.06269451975822449,2.7194979190826416,0.0,0.0,0.0,0,0
1786431232.1337135,4.555112447000283,APPROACH,FLOW,/home/eunseop/nrs_imitation/checkpoints/flow/polishing/single_cam/20260809_1638,496.1121826171875,328.5706481933594,253.78182983398438,-0.0012120362371206284,-0.04531364142894745,2.73172664642334,-1.1020044088363647,3.1666722297668457,-0.5103686451911926,495.71588134765625,325.7491760253906,281.4052734375,0.003978175111114979,-0.0627494677901268,2.719458818435669,0.0,0.0,0.0,0,0
1786431232.141657,4.563056081000468,APPROACH,FLOW,/home/eunseop/nrs_imitation/checkpoints/flow/polishing/single_cam/20260809_1638,496.1121826171875,328.5706481933594,253.78182983398438,-0.0012120362371206284,-0.04531364142894745,2.73172664642334,-1.1020044088363647,3.1666722297668457,-0.5103686451911926,495.71563720703125,325.744873046875,281.4579162597656,0.003994782455265522,-0.06280358135700226,2.7194201946258545,0.0,0.0,0.0,0,0
1786431232.1496866,4.571085630000198,APPROACH,FLOW,/home/eunseop/nrs_imitation/checkpoints/flow/polishing/single_cam/20260809_1638,496.1121826171875,328.5706481933594,253.78182983398438,-0.0012120362371206284,-0.04531364142894745,2.73172664642334,-1.1020044088363647,3.1666722297668457,-0.5103686451911926,495.7154541015625,325.74066162109375,281.5099182128906,0.004011192824691534,-0.06285706162452698,2.7193825244903564,0.0,0.0,0.0,0,0
1786431232.157739,4.57913800300048,APPROACH,FLOW,/home/eunseop/nrs_imitation/checkpoints/flow/polishing/single_cam/20260809_1638,496.1121826171875,328.5706481933594,253.78182983398438,-0.0012120362371206284,-0.04531364142894745,2.73172664642334,-1.1020044088363647,3.1666722297668457,-0.5103686451911926,495.7152099609375,325.7364501953125,281.5611572265625,0.00402736896649003,-0.06290977448225021,2.7193448543548584,0.0,0.0,0.0,0,0
1786431232.1657813,4.587180436000381,APPROACH,FLOW,/home/eunseop/nrs_imitation/checkpoints/flow/polishing/single_cam/20260809_1638,496.1121826171875,328.5706481933594,253.78182983398438,-0.0012120362371206284,-0.04531364142894745,2.73172664642334,-1.1020044088363647,3.1666722297668457,-0.5103686451911926,495.7149963378906,325.73236083984375,281.6115417480469,0.004043262451887131,-0.06296157091856003,2.7193078994750977,0.0,0.0,0.0,0,0
1786431232.1736865,4.595085597000434,APPROACH,FLOW,/home/eunseop/nrs_imitation/checkpoints/flow/polishing/single_cam/20260809_1638,496.1121826171875,328.5706481933594,253.78182983398438,-0.0012120362371206284,-0.04531364142894745,2.73172664642334,-1.1020044088363647,3.1666722297668457,-0.5103686451911926,495.7147521972656,325.7283020019531,281.6607666015625,0.004058799706399441,-0.06301219761371613,2.7192718982696533,0.0,0.0,0.0,0,0
1786431232.1816454,4.603044489999775,APPROACH,FLOW,/home/eunseop/nrs_imitation/checkpoints/flow/polishing/single_cam/20260809_1638,496.1121826171875,328.5706481933594,253.78182983398438,-0.0012120362371206284,-0.04531364142894745,2.73172664642334,-1.1020044088363647,3.1666722297668457,-0.5103686451911926,495.7145690917969,325.724365234375,281.70928955078125,0.004074125085026026,-0.0630621463060379,2.7192366123199463,0.0,0.0,0.0,0,0
1786431232.1896381,4.611037178000515,APPROACH,FLOW,/home/eunseop/nrs_imitation/checkpoints/flow/polishing/single_cam/20260809_1638,496.1121826171875,328.5706481933594,253.78182983398438,-0.0012120362371206284,-0.04531364142894745,2.73172664642334,-1.1020044088363647,3.1666722297668457,-0.5103686451911926,495.71435546875,325.720458984375,281.7570495605469,0.004089193884283304,-0.06311124563217163,2.7192015647888184,0.0,0.0,0.0,0,0
1786431232.1976619,4.619061016999694,APPROACH,FLOW,/home/eunseop/nrs_imitation/checkpoints/flow/polishing/single_cam/20260809_1638,496.1121826171875,328.5706481933594,253.78182983398438,-0.0012120362371206284,-0.04531364142894745,2.73172664642334,-1.1020044088363647,3.1666722297668457,-0.5103686451911926,495.7141418457031,325.71661376953125,281.80401611328125,0.004104013089090586,-0.06315954029560089,2.7191672325134277,0.0,0.0,0.0,0,0
1786431232.2057104,4.627109602000019,APPROACH,FLOW,/home/eunseop/nrs_imitation/checkpoints/flow/polishing/single_cam/20260809_1638,496.1121826171875,328.5706481933594,253.78182983398438,-0.0012120362371206284,-0.04531364142894745,2.73172664642334,-1.1020044088363647,3.1666722297668457,-0.5103686451911926,495.71392822265625,325.7128601074219,281.8501892089844,0.004118586890399456,-0.06320703029632568,2.719133138656616,0.0,0.0,0.0,0,0
1786431232.2136757,4.635074797000016,APPROACH,FLOW,/home/eunseop/nrs_imitation/checkpoints/flow/polishing/single_cam/20260809_1638,496.1121826171875,328.5706481933594,253.78182983398438,-0.0012120362371206284,-0.04531364142894745,2.73172664642334,-1.1020044088363647,3.1666722297668457,-0.5103686451911926,495.7137756347656,325.70916748046875,281.8953857421875,0.004132844042032957,-0.0632534921169281,2.7191004753112793,0.0,0.0,0.0,0,0
1786431232.2217238,4.643123011999705,APPROACH,FLOW,/home/eunseop/nrs_imitation/checkpoints/flow/polishing/single_cam/20260809_1638,496.1121826171875,328.5706481933594,253.78182983398438,-0.0012120362371206284,-0.04531364142894745,2.73172664642334,-1.1020044088363647,3.1666722297668457,-0.5103686451911926,495.71356201171875,325.70556640625,281.9398498535156,0.004146880470216274,-0.06329923123121262,2.7190678119659424,0.0,0.0,0.0,0,0
1786431232.22972,4.6511192670004675,APPROACH,FLOW,/home/eunseop/nrs_imitation/checkpoints/flow/polishing/single_cam/20260809_1638,496.1121826171875,328.5706481933594,253.78182983398438,-0.0012120362371206284,-0.04531364142894745,2.73172664642334,-1.1020044088363647,3.1666722297668457,-0.5103686451911926,495.71337890625,325.7019958496094,281.9833679199219,0.004160619806498289,-0.06334400922060013,2.719036102294922,0.0,0.0,0.0,0,0
1786431232.2380726,4.659471734999897,APPROACH,FLOW,/home/eunseop/nrs_imitation/checkpoints/flow/polishing/single_cam/20260809_1638,496.1121826171875,328.5706481933594,253.78182983398438,-0.0012120362371206284,-0.04531364142894745,2.73172664642334,-1.1020044088363647,3.1666722297668457,-0.5103686451911926,495.71319580078125,325.6984558105469,282.0268859863281,0.0041743493638932705,-0.06338874995708466,2.7190041542053223,0.0,0.0,0.0,0,0
1786431232.2457676,4.667166793000433,APPROACH,FLOW,/home/eunseop/nrs_imitation/checkpoints/flow/polishing/single_cam/20260809_1638,496.1121826171875,328.5706481933594,253.78182983398438,-0.0012120362371206284,-0.04531364142894745,2.73172664642334,-1.1020044088363647,3.1666722297668457,-0.5103686451911926,495.7130432128906,325.69512939453125,282.0677795410156,0.004187252838164568,-0.0634308010339737,2.7189743518829346,0.0,0.0,0.0,0,0
1786431232.2537663,4.675165513000138,APPROACH,FLOW,/home/eunseop/nrs_imitation/checkpoints/flow/polishing/single_cam/20260809_1638,496.1121826171875,328.5706481933594,253.78182983398438,-0.0012120362371206284,-0.04531364142894745,2.73172664642334,-1.1020044088363647,3.1666722297668457,-0.5103686451911926,495.7128601074219,325.6917419433594,282.1087646484375,0.0042001972906291485,-0.06347298622131348,2.7189443111419678,0.0,0.0,0.0,0,0
1786431232.2616425,4.6830414969999765,APPROACH,FLOW,/home/eunseop/nrs_imitation/checkpoints/flow/polishing/single_cam/20260809_1638,496.1121826171875,328.5706481933594,253.78182983398438,-0.0012120362371206284,-0.04531364142894745,2.73172664642334,-1.1020044088363647,3.1666722297668457,-0.5103686451911926,495.7126770019531,325.6885070800781,282.1485595703125,0.004212751053273678,-0.06351388990879059,2.7189152240753174,0.0,0.0,0.0,0,0
1786431232.2697334,4.6911324840002635,APPROACH,FLOW,/home/eunseop/nrs_imitation/checkpoints/flow/polishing/single_cam/20260809_1638,496.1121826171875,328.5706481933594,253.78182983398438,-0.0012120362371206284,-0.04531364142894745,2.73172664642334,-1.1020044088363647,3.1666722297668457,-0.5103686451911926,495.71246337890625,325.6852722167969,282.1878662109375,0.004225157666951418,-0.0635543167591095,2.718886375427246,0.0,0.0,0.0,0,0
1786431232.277718,4.699117076999755,APPROACH,FLOW,/home/eunseop/nrs_imitation/checkpoints/flow/polishing/single_cam/20260809_1638,496.1121826171875,328.5706481933594,253.78182983398438,-0.0012120362371206284,-0.04531364142894745,2.73172664642334,-1.1020044088363647,3.1666722297668457,-0.5103686451911926,495.71234130859375,325.6821594238281,282.2261047363281,0.004237230401486158,-0.06359365582466125,2.718858242034912,0.0,0.0,0.0,0,0
1786431232.285777,4.707176482999785,APPROACH,FLOW,/home/eunseop/nrs_imitation/checkpoints/flow/polishing/single_cam/20260809_1638,496.1121826171875,328.5706481933594,253.78182983398438,-0.0012120362371206284,-0.04531364142894745,2.73172664642334,-1.1020044088363647,3.1666722297668457,-0.5103686451911926,495.7121887207031,325.6791076660156,282.2636413574219,0.004249071702361107,-0.06363225728273392,2.7188308238983154,0.0,0.0,0.0,0,0
1786431232.2936385,4.715037458000552,APPROACH,FLOW,/home/eunseop/nrs_imitation/checkpoints/flow/polishing/single_cam/20260809_1638,496.1121826171875,328.5706481933594,253.78182983398438,-0.0012120362371206284,-0.04531364142894745,2.73172664642334,-1.1020044088363647,3.1666722297668457,-0.5103686451911926,495.7120056152344,325.6761474609375,282.2998962402344,0.0042605274356901646,-0.06366957724094391,2.7188045978546143,0.0,0.0,0.0,0,0
1786431232.301754,4.723153212999932,APPROACH,FLOW,/home/eunseop/nrs_imitation/checkpoints/flow/polishing/single_cam/20260809_1638,496.1121826171875,328.5706481933594,253.78182983398438,-0.0012120362371206284,-0.04531364142894745,2.73172664642334,-1.1020044088363647,3.1666722297668457,-0.5103686451911926,495.7118835449219,325.6732482910156,282.33575439453125,0.0042718397453427315,-0.06370644271373749,2.718778133392334,0.0,0.0,0.0,0,0
1786431232.3096647,4.731063784000071,APPROACH,FLOW,/home/eunseop/nrs_imitation/checkpoints/flow/polishing/single_cam/20260809_1638,496.1121826171875,328.5706481933594,253.78182983398438,-0.0012120362371206284,-0.04531364142894745,2.73172664642334,-1.1020044088363647,3.1666722297668457,-0.5103686451911926,495.7117004394531,325.6703796386719,282.37030029296875,0.004282737150788307,-0.06374195218086243,2.718752861022949,0.0,0.0,0.0,0,0
1786431232.3178098,4.739209115000449,APPROACH,FLOW,/home/eunseop/nrs_imitation/checkpoints/flow/polishing/single_cam/20260809_1638,496.1121826171875,328.5706481933594,253.78182983398438,-0.0012120362371206284,-0.04531364142894745,2.73172664642334,-1.1020044088363647,3.1666722297668457,-0.5103686451911926,495.7115478515625,325.6676025390625,282.4043884277344,0.004293505102396011,-0.06377705186605453,2.7187278270721436,0.0,0.0,0.0,0,0
1786431232.3256898,4.747088826000436,APPROACH,FLOW,/home/eunseop/nrs_imitation/checkpoints/flow/polishing/single_cam/20260809_1638,496.1121826171875,328.5706481933594,253.78182983398438,-0.0012120362371206284,-0.04531364142894745,2.73172664642334,-1.1020044088363647,3.1666722297668457,-0.5103686451911926,495.71142578125,325.6649475097656,282.43719482421875,0.004303854424506426,-0.06381077319383621,2.7187039852142334,0.0,0.0,0.0,0,0
1786431232.3352637,4.756662808999863,APPROACH,FLOW,/home/eunseop/nrs_imitation/checkpoints/flow/polishing/single_cam/20260809_1638,496.1121826171875,328.5706481933594,253.78182983398438,-0.0012120362371206284,-0.04531364142894745,2.73172664642334,-1.1020044088363647,3.1666722297668457,-0.5103686451911926,495.7112731933594,325.6618347167969,282.4754638671875,0.004315925762057304,-0.06385011225938797,2.7186760902404785,0.0,0.0,0.0,0,0
1786431232.3416522,4.763051359000201,APPROACH,FLOW,/home/eunseop/nrs_imitation/checkpoints/flow/polishing/single_cam/20260809_1638,496.1121826171875,328.5706481933594,253.78182983398438,-0.0012120362371206284,-0.04531364142894745,2.73172664642334,-1.1020044088363647,3.1666722297668457,-0.5103686451911926,495.7111511230469,325.6597900390625,282.50030517578125,0.004323767963796854,-0.06387566775083542,2.7186577320098877,0.0,0.0,0.0,0,0
1786431232.349687,4.771086138000101,APPROACH,FLOW,/home/eunseop/nrs_imitation/checkpoints/flow/polishing/single_cam/20260809_1638,496.1121826171875,328.5706481933594,253.78182983398438,-0.0012120362371206284,-0.04531364142894745,2.73172664642334,-1.1020044088363647,3.1666722297668457,-0.5103686451911926,495.71099853515625,325.6573181152344,282.5306091308594,0.004333327990025282,-0.06390681862831116,2.7186357975006104,0.0,0.0,0.0,0,0
1786431232.3576422,4.779041294000308,APPROACH,FLOW,/home/eunseop/nrs_imitation/checkpoints/flow/polishing/single_cam/20260809_1638,496.1121826171875,328.5706481933594,253.78182983398438,-0.0012120362371206284,-0.04531364142894745,2.73172664642334,-1.1020044088363647,3.1666722297668457,-0.5103686451911926,495.71087646484375,325.6549072265625,282.5598449707031,0.004342562519013882,-0.06393691152334213,2.718614339828491,0.0,0.0,0.0,0,0
1786431232.3656619,4.787061084000015,APPROACH,FLOW,/home/eunseop/nrs_imitation/checkpoints/flow/polishing/single_cam/20260809_1638,496.1121826171875,328.5706481933594,253.78182983398438,-0.0012120362371206284,-0.04531364142894745,2.73172664642334,-1.1020044088363647,3.1666722297668457,-0.5103686451911926,495.71075439453125,325.6526184082031,282.58831787109375,0.0043515413999557495,-0.06396617740392685,2.7185935974121094,0.0,0.0,0.0,0,0
1786431232.3736415,4.795040496999718,APPROACH,FLOW,/home/eunseop/nrs_imitation/checkpoints/flow/polishing/single_cam/20260809_1638,496.1121826171875,328.5706481933594,253.78182983398438,-0.0012120362371206284,-0.04531364142894745,2.73172664642334,-1.1020044088363647,3.1666722297668457,-0.5103686451911926,495.71063232421875,325.6503601074219,282.6157531738281,0.00436021015048027,-0.06399442255496979,2.7185733318328857,0.0,0.0,0.0,0,0
1786431232.3818023,4.803201548999823,APPROACH,FLOW,/home/eunseop/nrs_imitation/checkpoints/flow/polishing/single_cam/20260809_1638,496.1121826171875,328.5706481933594,253.78182983398438,-0.0012120362371206284,-0.04531364142894745,2.73172664642334,-1.1020044088363647,3.1666722297668457,-0.5103686451911926,495.71051025390625,325.648193359375,282.64251708984375,0.004368653986603022,-0.06402193754911423,2.7185537815093994,0.0,0.0,0.0,0,0
1786431232.3897607,4.811159931000475,APPROACH,FLOW,/home/eunseop/nrs_imitation/checkpoints/flow/polishing/single_cam/20260809_1638,496.1121826171875,328.5706481933594,253.78182983398438,-0.0012120362371206284,-0.04531364142894745,2.73172664642334,-1.1020044088363647,3.1666722297668457,-0.5103686451911926,495.7104187011719,325.6460876464844,282.66815185546875,0.004376741126179695,-0.06404829025268555,2.7185349464416504,0.0,0.0,0.0,0,0
1786431232.3978128,4.8192120929998055,APPROACH,FLOW,/home/eunseop/nrs_imitation/checkpoints/flow/polishing/single_cam/20260809_1638,496.1121826171875,328.5706481933594,253.78182983398438,-0.0012120362371206284,-0.04531364142894745,2.73172664642334,-1.1020044088363647,3.1666722297668457,-0.5103686451911926,495.7103271484375,325.6440734863281,282.69293212890625,0.004384557716548443,-0.06407377123832703,2.7185168266296387,0.0,0.0,0.0,0,0
1786431232.4058056,4.827204782000081,APPROACH,FLOW,/home/eunseop/nrs_imitation/checkpoints/flow/polishing/single_cam/20260809_1638,496.1121826171875,328.5706481933594,253.78182983398438,-0.0012120362371206284,-0.04531364142894745,2.73172664642334,-1.1020044088363647,3.1666722297668457,-0.5103686451911926,495.7102355957031,325.6421203613281,282.7166748046875,0.004392062313854694,-0.06409822404384613,2.7184996604919434,0.0,0.0,0.0,0,0
1786431232.4137948,4.83519420399989,APPROACH,FLOW,/home/eunseop/nrs_imitation/checkpoints/flow/polishing/single_cam/20260809_1638,496.1121826171875,328.5706481933594,253.78182983398438,-0.0012120362371206284,-0.04531364142894745,2.73172664642334,-1.1020044088363647,3.1666722297668457,-0.5103686451911926,495.7101135253906,325.6402587890625,282.73956298828125,0.004399274941533804,-0.06412172317504883,2.7184829711914062,0.0,0.0,0.0,0,0
1786431232.4217584,4.843157686000268,APPROACH,FLOW,/home/eunseop/nrs_imitation/checkpoints/flow/polishing/single_cam/20260809_1638,496.1121826171875,328.5706481933594,253.78182983398438,-0.0012120362371206284,-0.04531364142894745,2.73172664642334,-1.1020044088363647,3.1666722297668457,-0.5103686451911926,495.71002197265625,325.63848876953125,282.7614440917969,0.0044061834923923016,-0.06414423882961273,2.7184667587280273,0.0,0.0,0.0,0,0
1786431232.4297178,4.851116970000476,APPROACH,FLOW,/home/eunseop/nrs_imitation/checkpoints/flow/polishing/single_cam/20260809_1638,496.1121826171875,328.5706481933594,253.78182983398438,-0.0012120362371206284,-0.04531364142894745,2.73172664642334,-1.1020044088363647,3.1666722297668457,-0.5103686451911926,495.7099304199219,325.6367492675781,282.78240966796875,0.004412796348333359,-0.06416578590869904,2.718451499938965,0.0,0.0,0.0,0,0
1786431232.437713,4.859112072999778,APPROACH,FLOW,/home/eunseop/nrs_imitation/checkpoints/flow/polishing/single_cam/20260809_1638,496.1121826171875,328.5706481933594,253.78182983398438,-0.0012120362371206284,-0.04531364142894745,2.73172664642334,-1.1020044088363647,3.1666722297668457,-0.5103686451911926,495.7098388671875,325.6351318359375,282.8023986816406,0.004419118631631136,-0.06418639421463013,2.7184369564056396,0.0,0.0,0.0,0,0
1786431232.4456668,4.86706589700043,APPROACH,FLOW,/home/eunseop/nrs_imitation/checkpoints/flow/polishing/single_cam/20260809_1638,496.1121826171875,328.5706481933594,253.78182983398438,-0.0012120362371206284,-0.04531364142894745,2.73172664642334,-1.1020044088363647,3.1666722297668457,-0.5103686451911926,495.7097473144531,325.6335754394531,282.8214416503906,0.004425120074301958,-0.06420594453811646,2.7184228897094727,0.0,0.0,0.0,0,0
1786431232.4538355,4.875234773000557,APPROACH,FLOW,/home/eunseop/nrs_imitation/checkpoints/flow/polishing/single_cam/20260809_1638,496.1121826171875,328.5706481933594,253.78182983398438,-0.0012120362371206284,-0.04531364142894745,2.73172664642334,-1.1020044088363647,3.1666722297668457,-0.5103686451911926,495.7096862792969,325.6321105957031,282.8397216796875,0.004430891014635563,-0.06422474980354309,2.718409776687622,0.0,0.0,0.0,0,0
1786431232.461655,4.883053907999965,APPROACH,FLOW,/home/eunseop/nrs_imitation/checkpoints/flow/polishing/single_cam/20260809_1638,496.1121826171875,328.5706481933594,253.78182983398438,-0.0012120362371206284,-0.04531364142894745,2.73172664642334,-1.1020044088363647,3.1666722297668457,-0.5103686451911926,495.7095947265625,325.63067626953125,282.8567810058594,0.004436276853084564,-0.06424230337142944,2.7183971405029297,0.0,0.0,0.0,0,0
1786431232.4696789,4.891077975999906,APPROACH,FLOW,/home/eunseop/nrs_imitation/checkpoints/flow/polishing/single_cam/20260809_1638,496.1121826171875,328.5706481933594,253.78182983398438,-0.0012120362371206284,-0.04531364142894745,2.73172664642334,-1.1020044088363647,3.1666722297668457,-0.5103686451911926,495.7095642089844,325.6293640136719,282.873046875,0.004441405180841684,-0.06425901502370834,2.7183854579925537,0.0,0.0,0.0,0,0
1786431232.4776516,4.899050705999798,APPROACH,FLOW,/home/eunseop/nrs_imitation/checkpoints/flow/polishing/single_cam/20260809_1638,496.1121826171875,328.5706481933594,253.78182983398438,-0.0012120362371206284,-0.04531364142894745,2.73172664642334,-1.1020044088363647,3.1666722297668457,-0.5103686451911926,495.70947265625,325.62811279296875,282.8883056640625,0.004446224309504032,-0.06427472084760666,2.718374013900757,0.0,0.0,0.0,0,0
1786431232.4857764,4.907175557999835,APPROACH,FLOW,/home/eunseop/nrs_imitation/checkpoints/flow/polishing/single_cam/20260809_1638,496.1121826171875,328.5706481933594,253.78182983398438,-0.0012120362371206284,-0.04531364142894745,2.73172664642334,-1.1020044088363647,3.1666722297668457,-0.5103686451911926,495.7093811035156,325.626953125,282.9026794433594,0.004450765438377857,-0.06428952515125275,2.7183635234832764,0.0,0.0,0.0,0,0
1786431232.4936676,4.915066612000373,APPROACH,FLOW,/home/eunseop/nrs_imitation/checkpoints/flow/polishing/single_cam/20260809_1638,496.1121826171875,328.5706481933594,253.78182983398438,-0.0012120362371206284,-0.04531364142894745,2.73172664642334,-1.1020044088363647,3.1666722297668457,-0.5103686451911926,495.7093505859375,325.6258544921875,282.916015625,0.004454960115253925,-0.0643031895160675,2.718353748321533,0.0,0.0,0.0,0,0
1786431232.5017297,4.923128823000297,APPROACH,FLOW,/home/eunseop/nrs_imitation/checkpoints/flow/polishing/single_cam/20260809_1638,496.1121826171875,328.5706481933594,253.78182983398438,-0.0012120362371206284,-0.04531364142894745,2.73172664642334,-1.1020044088363647,3.1666722297668457,-0.5103686451911926,495.70928955078125,325.6248474121094,282.92840576171875,0.004458877723664045,-0.06431595236063004,2.7183446884155273,0.0,0.0,0.0,0,0
1786431232.5097532,4.931152410999857,APPROACH,FLOW,/home/eunseop/nrs_imitation/checkpoints/flow/polishing/single_cam/20260809_1638,496.1121826171875,328.5706481933594,253.78182983398438,-0.0012120362371206284,-0.04531364142894745,2.73172664642334,-1.1020044088363647,3.1666722297668457,-0.5103686451911926,495.7092590332031,325.6239318847656,282.9398193359375,0.00446248147636652,-0.06432770192623138,2.718336582183838,0.0,0.0,0.0,0,0
1786431232.517761,4.939160328000071,APPROACH,FLOW,/home/eunseop/nrs_imitation/checkpoints/flow/polishing/single_cam/20260809_1638,496.1121826171875,328.5706481933594,253.78182983398438,-0.0012120362371206284,-0.04531364142894745,2.73172664642334,-1.1020044088363647,3.1666722297668457,-0.5103686451911926,495.7091979980469,325.6230773925781,282.9502258300781,0.004465770907700062,-0.06433841586112976,2.7183287143707275,0.0,0.0,0.0,0,0
1786431232.5256624,4.94706147099987,APPROACH,FLOW,/home/eunseop/nrs_imitation/checkpoints/flow/polishing/single_cam/20260809_1638,496.1121826171875,328.5706481933594,253.78182983398438,-0.0012120362371206284,-0.04531364142894745,2.73172664642334,-1.1020044088363647,3.1666722297668457,-0.5103686451911926,495.7091369628906,325.6222839355469,282.95965576171875,0.004468746017664671,-0.06434810906648636,2.7183218002319336,0.0,0.0,0.0,0,0
1786431232.5344582,4.955857140000262,APPROACH,FLOW,/home/eunseop/nrs_imitation/checkpoints/flow/polishing/single_cam/20260809_1638,496.1121826171875,328.5706481933594,253.78182983398438,-0.0012120362371206284,-0.04531364142894745,2.73172664642334,-1.1020044088363647,3.1666722297668457,-0.5103686451911926,495.7091369628906,325.6215515136719,282.96893310546875,0.004471669439226389,-0.06435764580965042,2.7183151245117188,0.0,0.0,0.0,0,0
1786431232.541659,4.963058189000549,APPROACH,FLOW,/home/eunseop/nrs_imitation/checkpoints/flow/polishing/single_cam/20260809_1638,496.1121826171875,328.5706481933594,253.78182983398438,-0.0012120362371206284,-0.04531364142894745,2.73172664642334,-1.1020044088363647,3.1666722297668457,-0.5103686451911926,495.7090759277344,325.6209716796875,282.9756164550781,0.004473784007132053,-0.06436453759670258,2.7183101177215576,0.0,0.0,0.0,0,0
1786431232.5496523,4.9710513680001895,APPROACH,FLOW,/home/eunseop/nrs_imitation/checkpoints/flow/polishing/single_cam/20260809_1638,496.1121826171875,328.5706481933594,253.78182983398438,-0.0012120362371206284,-0.04531364142894745,2.73172664642334,-1.1020044088363647,3.1666722297668457,-0.5103686451911926,495.70904541015625,325.6204528808594,282.98211669921875,0.004475836176425219,-0.06437121331691742,2.7183053493499756,0.0,0.0,0.0,0,0
1786431232.5577335,4.9791327869997986,APPROACH,FLOW,/home/eunseop/nrs_imitation/checkpoints/flow/polishing/single_cam/20260809_1638,496.1121826171875,328.5706481933594,253.78182983398438,-0.0012120362371206284,-0.04531364142894745,2.73172664642334,-1.1020044088363647,3.1666722297668457,-0.5103686451911926,495.7090148925781,325.6199951171875,282.9876708984375,0.004477580543607473,-0.06437690556049347,2.71830153465271,0.0,0.0,0.0,0,0
1786431232.5657153,4.98711440399984,APPROACH,FLOW,/home/eunseop/nrs_imitation/checkpoints/flow/polishing/single_cam/20260809_1638,496.1121826171875,328.5706481933594,253.78182983398438,-0.0012120362371206284,-0.04531364142894745,2.73172664642334,-1.1020044088363647,3.1666722297668457,-0.5103686451911926,495.708984375,325.6196594238281,282.9921569824219,0.004479004070162773,-0.06438153982162476,2.7182979583740234,0.0,0.0,0.0,0,0
1786431232.5737169,4.995116119999693,APPROACH,FLOW,/home/eunseop/nrs_imitation/checkpoints/flow/polishing/single_cam/20260809_1638,496.1121826171875,328.5706481933594,253.78182983398438,-0.0012120362371206284,-0.04531364142894745,2.73172664642334,-1.1020044088363647,3.1666722297668457,-0.5103686451911926,495.7090148925781,325.6193542480469,282.9956970214844,0.004480114206671715,-0.06438516825437546,2.7182955741882324,0.0,0.0,0.0,0,0
1786431232.5816634,5.003062599000259,APPROACH,FLOW,/home/eunseop/nrs_imitation/checkpoints/flow/polishing/single_cam/20260809_1638,496.1121826171875,328.5706481933594,253.78182983398438,-0.0012120362371206284,-0.04531364142894745,2.73172664642334,-1.1020044088363647,3.1666722297668457,-0.5103686451911926,495.708984375,325.619140625,282.9981689453125,0.004480905830860138,-0.0643877387046814,2.7182936668395996,0.0,0.0,0.0,0,0
1786431232.5897741,5.011173263999808,APPROACH,FLOW,/home/eunseop/nrs_imitation/checkpoints/flow/polishing/single_cam/20260809_1638,496.1121826171875,328.5706481933594,253.78182983398438,-0.0012120362371206284,-0.04531364142894745,2.73172664642334,-1.1020044088363647,3.1666722297668457,-0.5103686451911926,495.708984375,325.6190490722656,282.99969482421875,0.004481384996324778,-0.06438930332660675,2.718292474746704,0.0,0.0,0.0,0,0
1786431232.5976818,5.019080658000348,APPROACH,FLOW,/home/eunseop/nrs_imitation/checkpoints/flow/polishing/single_cam/20260809_1638,496.1121826171875,328.5706481933594,253.78182983398438,-0.0012120362371206284,-0.04531364142894745,2.73172664642334,-1.1020044088363647,3.1666722297668457,-0.5103686451911926,495.708984375,325.6189880371094,283.0002136230469,0.004481542855501175,-0.06438981741666794,2.718292236328125,0.0,0.0,0.0,0,0
1786431232.605676,5.027075169999989,APPROACH,FLOW,/home/eunseop/nrs_imitation/checkpoints/flow/polishing/single_cam/20260809_1638,496.1121826171875,328.5706481933594,253.78182983398438,-0.0012120362371206284,-0.04531364142894745,2.73172664642334,-1.1020044088363647,3.1666722297668457,-0.5103686451911926,495.708984375,325.6189880371094,283.0002136230469,0.004481542855501175,-0.06438981741666794,2.718292236328125,0.0,0.0,0.0,0,0
1786431232.613676,5.0350751530004345,APPROACH,FLOW,/home/eunseop/nrs_imitation/checkpoints/flow/polishing/single_cam/20260809_1638,496.1121826171875,328.5706481933594,253.78182983398438,-0.0012120362371206284,-0.04531364142894745,2.73172664642334,-1.1020044088363647,3.1666722297668457,-0.5103686451911926,495.708984375,325.6189880371094,283.0002136230469,0.004481542855501175,-0.06438981741666794,2.718292236328125,0.0,0.0,0.0,0,0
1786431232.6217177,5.043116974999975,APPROACH,FLOW,/home/eunseop/nrs_imitation/checkpoints/flow/polishing/single_cam/20260809_1638,496.1121826171875,328.5706481933594,253.78182983398438,-0.0012120362371206284,-0.04531364142894745,2.73172664642334,-1.1020044088363647,3.1666722297668457,-0.5103686451911926,495.708984375,325.6189880371094,283.0002136230469,0.004481542855501175,-0.06438981741666794,2.718292236328125,0.0,0.0,0.0,0,0
1786431232.629693,5.051092079999762,APPROACH,FLOW,/home/eunseop/nrs_imitation/checkpoints/flow/polishing/single_cam/20260809_1638,496.1121826171875,328.5706481933594,253.78182983398438,-0.0012120362371206284,-0.04531364142894745,2.73172664642334,-1.1020044088363647,3.1666722297668457,-0.5103686451911926,495.708984375,325.6189880371094,283.0002136230469,0.004481542855501175,-0.06438981741666794,2.718292236328125,0.0,0.0,0.0,0,0
1786431232.6376867,5.05908595999972,APPROACH,FLOW,/home/eunseop/nrs_imitation/checkpoints/flow/polishing/single_cam/20260809_1638,496.1121826171875,328.5706481933594,253.78182983398438,-0.0012120362371206284,-0.04531364142894745,2.73172664642334,-1.1020044088363647,3.1666722297668457,-0.5103686451911926,495.708984375,325.6189880371094,283.0002136230469,0.004481542855501175,-0.06438981741666794,2.718292236328125,0.0,0.0,0.0,0,0
1786431232.6457062,5.067105390000506,APPROACH,FLOW,/home/eunseop/nrs_imitation/checkpoints/flow/polishing/single_cam/20260809_1638,496.1121826171875,328.5706481933594,253.78182983398438,-0.0012120362371206284,-0.04531364142894745,2.73172664642334,-1.1020044088363647,3.1666722297668457,-0.5103686451911926,495.708984375,325.6189880371094,283.0002136230469,0.004481542855501175,-0.06438981741666794,2.718292236328125,0.0,0.0,0.0,0,0
1786431232.6538515,5.075250580000102,APPROACH,FLOW,/home/eunseop/nrs_imitation/checkpoints/flow/polishing/single_cam/20260809_1638,496.1121826171875,328.5706481933594,253.78182983398438,-0.0012120362371206284,-0.04531364142894745,2.73172664642334,-1.1020044088363647,3.1666722297668457,-0.5103686451911926,495.708984375,325.6189880371094,283.0002136230469,0.004481542855501175,-0.06438981741666794,2.718292236328125,0.0,0.0,0.0,0,0
1786431232.6616673,5.083066259000589,APPROACH,FLOW,/home/eunseop/nrs_imitation/checkpoints/flow/polishing/single_cam/20260809_1638,496.1121826171875,328.5706481933594,253.78182983398438,-0.0012120362371206284,-0.04531364142894745,2.73172664642334,-1.1020044088363647,3.1666722297668457,-0.5103686451911926,495.708984375,325.6189880371094,283.0002136230469,0.004481542855501175,-0.06438981741666794,2.718292236328125,0.0,0.0,0.0,0,0
1786431232.6697178,5.091116929000236,APPROACH,FLOW,/home/eunseop/nrs_imitation/checkpoints/flow/polishing/single_cam/20260809_1638,496.1121826171875,328.5706481933594,253.78182983398438,-0.0012120362371206284,-0.04531364142894745,2.73172664642334,-1.1020044088363647,3.1666722297668457,-0.5103686451911926,495.708984375,325.6189880371094,283.0002136230469,0.004481542855501175,-0.06438981741666794,2.718292236328125,0.0,0.0,0.0,0,0
1786431232.6778703,5.099269494000509,APPROACH,FLOW,/home/eunseop/nrs_imitation/checkpoints/flow/polishing/single_cam/20260809_1638,496.1121826171875,328.5706481933594,253.78182983398438,-0.0012120362371206284,-0.04531364142894745,2.73172664642334,-1.1020044088363647,3.1666722297668457,-0.5103686451911926,495.708984375,325.6189880371094,283.0002136230469,0.004481542855501175,-0.06438981741666794,2.718292236328125,0.0,0.0,0.0,0,0
1786431232.6857762,5.1071751549998226,APPROACH,FLOW,/home/eunseop/nrs_imitation/checkpoints/flow/polishing/single_cam/20260809_1638,496.1121826171875,328.5706481933594,253.78182983398438,-0.0012120362371206284,-0.04531364142894745,2.73172664642334,-1.1020044088363647,3.1666722297668457,-0.5103686451911926,495.708984375,325.6189880371094,283.0002136230469,0.004481542855501175,-0.06438981741666794,2.718292236328125,0.0,0.0,0.0,0,0
1786431232.69376,5.115159095999843,APPROACH,FLOW,/home/eunseop/nrs_imitation/checkpoints/flow/polishing/single_cam/20260809_1638,496.1121826171875,328.5706481933594,253.78182983398438,-0.0012120362371206284,-0.04531364142894745,2.73172664642334,-1.1020044088363647,3.1666722297668457,-0.5103686451911926,495.708984375,325.6189880371094,283.0002136230469,0.004481542855501175,-0.06438981741666794,2.718292236328125,0.0,0.0,0.0,0,0
1786431232.7018664,5.123265573000026,APPROACH,FLOW,/home/eunseop/nrs_imitation/checkpoints/flow/polishing/single_cam/20260809_1638,496.1121826171875,328.5706481933594,253.78182983398438,-0.0012120362371206284,-0.04531364142894745,2.73172664642334,-1.1020044088363647,3.1666722297668457,-0.5103686451911926,495.708984375,325.6189880371094,283.0002136230469,0.004481542855501175,-0.06438981741666794,2.718292236328125,0.0,0.0,0.0,0,0
1786431232.7098527,5.131251759000406,APPROACH,FLOW,/home/eunseop/nrs_imitation/checkpoints/flow/polishing/single_cam/20260809_1638,496.1121826171875,328.5706481933594,253.78182983398438,-0.0012120362371206284,-0.04531364142894745,2.73172664642334,-1.1020044088363647,3.1666722297668457,-0.5103686451911926,495.708984375,325.6189880371094,283.0002136230469,0.004481542855501175,-0.06438981741666794,2.718292236328125,0.0,0.0,0.0,0,0
1786431232.717694,5.139093067000431,APPROACH,FLOW,/home/eunseop/nrs_imitation/checkpoints/flow/polishing/single_cam/20260809_1638,496.1121826171875,328.5706481933594,253.78182983398438,-0.0012120362371206284,-0.04531364142894745,2.73172664642334,-1.1020044088363647,3.1666722297668457,-0.5103686451911926,495.708984375,325.6189880371094,283.0002136230469,0.004481542855501175,-0.06438981741666794,2.718292236328125,0.0,0.0,0.0,0,0
1786431232.7257218,5.14712104299997,APPROACH,FLOW,/home/eunseop/nrs_imitation/checkpoints/flow/polishing/single_cam/20260809_1638,496.1121826171875,328.5706481933594,253.78182983398438,-0.0012120362371206284,-0.04531364142894745,2.73172664642334,-1.1020044088363647,3.1666722297668457,-0.5103686451911926,495.708984375,325.6189880371094,283.0002136230469,0.004481542855501175,-0.06438981741666794,2.718292236328125,0.0,0.0,0.0,0,0
1786431232.7337615,5.155160701000568,APPROACH,FLOW,/home/eunseop/nrs_imitation/checkpoints/flow/polishing/single_cam/20260809_1638,496.1121826171875,328.5706481933594,253.78182983398438,-0.0012120362371206284,-0.04531364142894745,2.73172664642334,-1.1020044088363647,3.1666722297668457,-0.5103686451911926,495.708984375,325.6189880371094,283.0002136230469,0.004481542855501175,-0.06438981741666794,2.718292236328125,0.0,0.0,0.0,0,0
1786431232.7417219,5.163121057000353,APPROACH,FLOW,/home/eunseop/nrs_imitation/checkpoints/flow/polishing/single_cam/20260809_1638,496.1121826171875,328.5706481933594,253.78182983398438,-0.0012120362371206284,-0.04531364142894745,2.73172664642334,-1.1020044088363647,3.1666722297668457,-0.5103686451911926,495.708984375,325.6189880371094,283.0002136230469,0.004481542855501175,-0.06438981741666794,2.718292236328125,0.0,0.0,0.0,0,0
1786431232.749724,5.171123222999995,APPROACH,FLOW,/home/eunseop/nrs_imitation/checkpoints/flow/polishing/single_cam/20260809_1638,496.1121826171875,328.5706481933594,253.78182983398438,-0.0012120362371206284,-0.04531364142894745,2.73172664642334,-1.1020044088363647,3.1666722297668457,-0.5103686451911926,495.708984375,325.6189880371094,283.0002136230469,0.004481542855501175,-0.06438981741666794,2.718292236328125,0.0,0.0,0.0,0,0
1786431232.7576656,5.179064492999714,APPROACH,FLOW,/home/eunseop/nrs_imitation/checkpoints/flow/polishing/single_cam/20260809_1638,496.1121826171875,328.5706481933594,253.78182983398438,-0.0012120362371206284,-0.04531364142894745,2.73172664642334,-1.1020044088363647,3.1666722297668457,-0.5103686451911926,495.708984375,325.6189880371094,283.0002136230469,0.004481542855501175,-0.06438981741666794,2.718292236328125,0.0,0.0,0.0,0,0
1786431232.7657306,5.187129730000379,APPROACH,FLOW,/home/eunseop/nrs_imitation/checkpoints/flow/polishing/single_cam/20260809_1638,496.1121826171875,328.5706481933594,253.78182983398438,-0.0012120362371206284,-0.04531364142894745,2.73172664642334,-1.1020044088363647,3.1666722297668457,-0.5103686451911926,495.708984375,325.6189880371094,283.0002136230469,0.004481542855501175,-0.06438981741666794,2.718292236328125,0.0,0.0,0.0,0,0
1786431232.7736382,5.195037165000031,APPROACH,FLOW,/home/eunseop/nrs_imitation/checkpoints/flow/polishing/single_cam/20260809_1638,496.1121826171875,328.5706481933594,253.78182983398438,-0.0012120362371206284,-0.04531364142894745,2.73172664642334,-1.1020044088363647,3.1666722297668457,-0.5103686451911926,495.708984375,325.6189880371094,283.0002136230469,0.004481542855501175,-0.06438981741666794,2.718292236328125,0.0,0.0,0.0,0,0
1786431232.7826228,5.204021886999726,APPROACH,FLOW,/home/eunseop/nrs_imitation/checkpoints/flow/polishing/single_cam/20260809_1638,496.1121826171875,328.5706481933594,253.78182983398438,-0.0012120362371206284,-0.04531364142894745,2.73172664642334,-1.1020044088363647,3.1666722297668457,-0.5103686451911926,495.708984375,325.6189880371094,283.0002136230469,0.004481542855501175,-0.06438981741666794,2.718292236328125,0.0,0.0,0.0,0,0
1786431232.7896478,5.211046768000415,APPROACH,FLOW,/home/eunseop/nrs_imitation/checkpoints/flow/polishing/single_cam/20260809_1638,496.1121826171875,328.5706481933594,253.78182983398438,-0.0012120362371206284,-0.04531364142894745,2.73172664642334,-1.1020044088363647,3.1666722297668457,-0.5103686451911926,495.708984375,325.6189880371094,283.0002136230469,0.004481542855501175,-0.06438981741666794,2.718292236328125,0.0,0.0,0.0,0,0
1786431232.7976372,5.219036149999738,APPROACH,FLOW,/home/eunseop/nrs_imitation/checkpoints/flow/polishing/single_cam/20260809_1638,496.1121826171875,328.5706481933594,253.78182983398438,-0.0012120362371206284,-0.04531364142894745,2.73172664642334,-1.1020044088363647,3.1666722297668457,-0.5103686451911926,495.708984375,325.6189880371094,283.0002136230469,0.004481542855501175,-0.06438981741666794,2.718292236328125,0.0,0.0,0.0,0,0
1786431232.8057528,5.2271518540001125,APPROACH,FLOW,/home/eunseop/nrs_imitation/checkpoints/flow/polishing/single_cam/20260809_1638,496.1121826171875,328.5706481933594,253.78182983398438,-0.0012120362371206284,-0.04531364142894745,2.73172664642334,-1.1020044088363647,3.1666722297668457,-0.5103686451911926,495.708984375,325.6189880371094,283.0002136230469,0.004481542855501175,-0.06438981741666794,2.718292236328125,0.0,0.0,0.0,0,0
1786431232.8136818,5.235081091000211,APPROACH,FLOW,/home/eunseop/nrs_imitation/checkpoints/flow/polishing/single_cam/20260809_1638,496.1121826171875,328.5706481933594,253.78182983398438,-0.0012120362371206284,-0.04531364142894745,2.73172664642334,-1.1020044088363647,3.1666722297668457,-0.5103686451911926,495.708984375,325.6189880371094,283.0002136230469,0.004481542855501175,-0.06438981741666794,2.718292236328125,0.0,0.0,0.0,0,0
1786431232.8217673,5.243166487000053,APPROACH,FLOW,/home/eunseop/nrs_imitation/checkpoints/flow/polishing/single_cam/20260809_1638,496.1121826171875,328.5706481933594,253.78182983398438,-0.0012120362371206284,-0.04531364142894745,2.73172664642334,-1.1020044088363647,3.1666722297668457,-0.5103686451911926,495.708984375,325.6189880371094,283.0002136230469,0.004481542855501175,-0.06438981741666794,2.718292236328125,0.0,0.0,0.0,0,0
1786431232.8296115,5.251010660000247,APPROACH,FLOW,/home/eunseop/nrs_imitation/checkpoints/flow/polishing/single_cam/20260809_1638,496.1121826171875,328.5706481933594,253.78182983398438,-0.0012120362371206284,-0.04531364142894745,2.73172664642334,-1.1020044088363647,3.1666722297668457,-0.5103686451911926,495.708984375,325.6189880371094,283.0002136230469,0.004481542855501175,-0.06438981741666794,2.718292236328125,0.0,0.0,0.0,0,0
1786431232.8376842,5.259083332000046,APPROACH,FLOW,/home/eunseop/nrs_imitation/checkpoints/flow/polishing/single_cam/20260809_1638,496.1121826171875,328.5706481933594,253.78182983398438,-0.0012120362371206284,-0.04531364142894745,2.73172664642334,-1.1020044088363647,3.1666722297668457,-0.5103686451911926,495.708984375,325.6189880371094,283.0002136230469,0.004481542855501175,-0.06438981741666794,2.718292236328125,0.0,0.0,0.0,0,0
1786431232.8456423,5.267041183999936,APPROACH,FLOW,/home/eunseop/nrs_imitation/checkpoints/flow/polishing/single_cam/20260809_1638,496.1121826171875,328.5706481933594,253.78182983398438,-0.0012120362371206284,-0.04531364142894745,2.73172664642334,-1.1020044088363647,3.1666722297668457,-0.5103686451911926,495.708984375,325.6189880371094,283.0002136230469,0.004481542855501175,-0.06438981741666794,2.718292236328125,0.0,0.0,0.0,0,0
1786431232.853665,5.275064049000321,APPROACH,FLOW,/home/eunseop/nrs_imitation/checkpoints/flow/polishing/single_cam/20260809_1638,496.1121826171875,328.5706481933594,253.78182983398438,-0.0012120362371206284,-0.04531364142894745,2.73172664642334,-1.1020044088363647,3.1666722297668457,-0.5103686451911926,495.708984375,325.6189880371094,283.0002136230469,0.004481542855501175,-0.06438981741666794,2.718292236328125,0.0,0.0,0.0,0,0
1786431232.8616338,5.28303292200053,APPROACH,FLOW,/home/eunseop/nrs_imitation/checkpoints/flow/polishing/single_cam/20260809_1638,496.1121826171875,328.5706481933594,253.78182983398438,-0.0012120362371206284,-0.04531364142894745,2.73172664642334,-1.1020044088363647,3.1666722297668457,-0.5103686451911926,495.708984375,325.6189880371094,283.0002136230469,0.004481542855501175,-0.06438981741666794,2.718292236328125,0.0,0.0,0.0,0,0
1786431232.8697124,5.291111434000413,APPROACH,FLOW,/home/eunseop/nrs_imitation/checkpoints/flow/polishing/single_cam/20260809_1638,496.1121826171875,328.5706481933594,253.78182983398438,-0.0012120362371206284,-0.04531364142894745,2.73172664642334,-1.1020044088363647,3.1666722297668457,-0.5103686451911926,495.708984375,325.6189880371094,283.0002136230469,0.004481542855501175,-0.06438981741666794,2.718292236328125,0.0,0.0,0.0,0,0
1786431232.877662,5.299061050000091,APPROACH,FLOW,/home/eunseop/nrs_imitation/checkpoints/flow/polishing/single_cam/20260809_1638,496.1121826171875,328.5706481933594,253.78182983398438,-0.0012120362371206284,-0.04531364142894745,2.73172664642334,-1.1020044088363647,3.1666722297668457,-0.5103686451911926,495.708984375,325.6189880371094,283.0002136230469,0.004481542855501175,-0.06438981741666794,2.718292236328125,0.0,0.0,0.0,0,0
1786431232.885759,5.307158540000273,APPROACH,FLOW,/home/eunseop/nrs_imitation/checkpoints/flow/polishing/single_cam/20260809_1638,496.1121826171875,328.5706481933594,253.78182983398438,-0.0012120362371206284,-0.04531364142894745,2.73172664642334,-1.1020044088363647,3.1666722297668457,-0.5103686451911926,495.708984375,325.6189880371094,283.0002136230469,0.004481542855501175,-0.06438981741666794,2.718292236328125,0.0,0.0,0.0,0,0
1786431232.893712,5.315111402000184,APPROACH,FLOW,/home/eunseop/nrs_imitation/checkpoints/flow/polishing/single_cam/20260809_1638,496.1121826171875,328.5706481933594,253.78182983398438,-0.0012120362371206284,-0.04531364142894745,2.73172664642334,-1.1020044088363647,3.1666722297668457,-0.5103686451911926,495.708984375,325.6189880371094,283.0002136230469,0.004481542855501175,-0.06438981741666794,2.718292236328125,0.0,0.0,0.0,0,0
1786431232.9020345,5.323433542999737,APPROACH,FLOW,/home/eunseop/nrs_imitation/checkpoints/flow/polishing/single_cam/20260809_1638,496.1121826171875,328.5706481933594,253.78182983398438,-0.0012120362371206284,-0.04531364142894745,2.73172664642334,-1.1020044088363647,3.1666722297668457,-0.5103686451911926,495.708984375,325.6189880371094,283.0002136230469,0.004481542855501175,-0.06438981741666794,2.718292236328125,0.0,0.0,0.0,0,0
1786431232.9097784,5.331177543000194,APPROACH,FLOW,/home/eunseop/nrs_imitation/checkpoints/flow/polishing/single_cam/20260809_1638,496.1121826171875,328.5706481933594,253.78182983398438,-0.0012120362371206284,-0.04531364142894745,2.73172664642334,-1.1020044088363647,3.1666722297668457,-0.5103686451911926,495.708984375,325.6189880371094,283.0002136230469,0.004481542855501175,-0.06438981741666794,2.718292236328125,0.0,0.0,0.0,0,0
1786431232.9177597,5.339158939999834,APPROACH,FLOW,/home/eunseop/nrs_imitation/checkpoints/flow/polishing/single_cam/20260809_1638,496.1121826171875,328.5706481933594,253.78182983398438,-0.0012120362371206284,-0.04531364142894745,2.73172664642334,-1.1020044088363647,3.1666722297668457,-0.5103686451911926,495.708984375,325.6189880371094,283.0002136230469,0.004481542855501175,-0.06438981741666794,2.718292236328125,0.0,0.0,0.0,0,0
1786431232.925718,5.347117031999915,APPROACH,FLOW,/home/eunseop/nrs_imitation/checkpoints/flow/polishing/single_cam/20260809_1638,496.1121826171875,328.5706481933594,253.78182983398438,-0.0012120362371206284,-0.04531364142894745,2.73172664642334,-1.1020044088363647,3.1666722297668457,-0.5103686451911926,495.708984375,325.6189880371094,283.0002136230469,0.004481542855501175,-0.06438981741666794,2.718292236328125,0.0,0.0,0.0,0,0
1786431232.9337032,5.355102135000379,APPROACH,FLOW,/home/eunseop/nrs_imitation/checkpoints/flow/polishing/single_cam/20260809_1638,496.1121826171875,328.5706481933594,253.78182983398438,-0.0012120362371206284,-0.04531364142894745,2.73172664642334,-1.1020044088363647,3.1666722297668457,-0.5103686451911926,495.708984375,325.6189880371094,283.0002136230469,0.004481542855501175,-0.06438981741666794,2.718292236328125,0.0,0.0,0.0,0,0
1786431232.9416785,5.363077701000293,APPROACH,FLOW,/home/eunseop/nrs_imitation/checkpoints/flow/polishing/single_cam/20260809_1638,496.1121826171875,328.5706481933594,253.78182983398438,-0.0012120362371206284,-0.04531364142894745,2.73172664642334,-1.1020044088363647,3.1666722297668457,-0.5103686451911926,495.708984375,325.6189880371094,283.0002136230469,0.004481542855501175,-0.06438981741666794,2.718292236328125,0.0,0.0,0.0,0,0
1786431232.949682,5.371080889000041,APPROACH,FLOW,/home/eunseop/nrs_imitation/checkpoints/flow/polishing/single_cam/20260809_1638,496.1121826171875,328.5706481933594,253.78182983398438,-0.0012120362371206284,-0.04531364142894745,2.73172664642334,-1.1020044088363647,3.1666722297668457,-0.5103686451911926,495.708984375,325.6189880371094,283.0002136230469,0.004481542855501175,-0.06438981741666794,2.718292236328125,0.0,0.0,0.0,0,0
1786431232.9577188,5.379118003000258,APPROACH,FLOW,/home/eunseop/nrs_imitation/checkpoints/flow/polishing/single_cam/20260809_1638,496.1121826171875,328.5706481933594,253.78182983398438,-0.0012120362371206284,-0.04531364142894745,2.73172664642334,-1.1020044088363647,3.1666722297668457,-0.5103686451911926,495.708984375,325.6189880371094,283.0002136230469,0.004481542855501175,-0.06438981741666794,2.718292236328125,0.0,0.0,0.0,0,0
1786431232.9656334,5.38703224100027,APPROACH,FLOW,/home/eunseop/nrs_imitation/checkpoints/flow/polishing/single_cam/20260809_1638,496.1121826171875,328.5706481933594,253.78182983398438,-0.0012120362371206284,-0.04531364142894745,2.73172664642334,-1.1020044088363647,3.1666722297668457,-0.5103686451911926,495.708984375,325.6189880371094,283.0002136230469,0.004481542855501175,-0.06438981741666794,2.718292236328125,0.0,0.0,0.0,0,0
1786431232.9737916,5.395190797000396,APPROACH,FLOW,/home/eunseop/nrs_imitation/checkpoints/flow/polishing/single_cam/20260809_1638,496.1121826171875,328.5706481933594,253.78182983398438,-0.0012120362371206284,-0.04531364142894745,2.73172664642334,-1.1020044088363647,3.1666722297668457,-0.5103686451911926,495.708984375,325.6189880371094,283.0002136230469,0.004481542855501175,-0.06438981741666794,2.718292236328125,0.0,0.0,0.0,0,0
1786431232.9817336,5.4031326479998825,APPROACH,FLOW,/home/eunseop/nrs_imitation/checkpoints/flow/polishing/single_cam/20260809_1638,496.1121826171875,328.5706481933594,253.78182983398438,-0.0012120362371206284,-0.04531364142894745,2.73172664642334,-1.1020044088363647,3.1666722297668457,-0.5103686451911926,495.708984375,325.6189880371094,283.0002136230469,0.004481542855501175,-0.06438981741666794,2.718292236328125,0.0,0.0,0.0,0,0
1786431232.9897568,5.4111560250003095,APPROACH,FLOW,/home/eunseop/nrs_imitation/checkpoints/flow/polishing/single_cam/20260809_1638,496.1121826171875,328.5706481933594,253.78182983398438,-0.0012120362371206284,-0.04531364142894745,2.73172664642334,-1.1020044088363647,3.1666722297668457,-0.5103686451911926,495.708984375,325.6189880371094,283.0002136230469,0.004481542855501175,-0.06438981741666794,2.718292236328125,0.0,0.0,0.0,0,0
1786431232.9977965,5.419195763000062,APPROACH,FLOW,/home/eunseop/nrs_imitation/checkpoints/flow/polishing/single_cam/20260809_1638,496.1121826171875,328.5706481933594,253.78182983398438,-0.0012120362371206284,-0.04531364142894745,2.73172664642334,-1.1020044088363647,3.1666722297668457,-0.5103686451911926,495.708984375,325.6189880371094,283.0002136230469,0.004481542855501175,-0.06438981741666794,2.718292236328125,0.0,0.0,0.0,0,0
1786431233.005724,5.427123117000519,APPROACH,FLOW,/home/eunseop/nrs_imitation/checkpoints/flow/polishing/single_cam/20260809_1638,496.1121826171875,328.5706481933594,253.78182983398438,-0.0012120362371206284,-0.04531364142894745,2.73172664642334,-1.1020044088363647,3.1666722297668457,-0.5103686451911926,495.708984375,325.6189880371094,283.0002136230469,0.004481542855501175,-0.06438981741666794,2.718292236328125,0.0,0.0,0.0,0,0
1786431233.0136619,5.435061039000175,APPROACH,FLOW,/home/eunseop/nrs_imitation/checkpoints/flow/polishing/single_cam/20260809_1638,496.1121826171875,328.5706481933594,253.78182983398438,-0.0012120362371206284,-0.04531364142894745,2.73172664642334,-1.1020044088363647,3.1666722297668457,-0.5103686451911926,495.708984375,325.6189880371094,283.0002136230469,0.004481542855501175,-0.06438981741666794,2.718292236328125,0.0,0.0,0.0,0,0
1786431233.0217648,5.44316414900004,APPROACH,FLOW,/home/eunseop/nrs_imitation/checkpoints/flow/polishing/single_cam/20260809_1638,496.1121826171875,328.5706481933594,253.78182983398438,-0.0012120362371206284,-0.04531364142894745,2.73172664642334,-1.1020044088363647,3.1666722297668457,-0.5103686451911926,495.708984375,325.6189880371094,283.0002136230469,0.004481542855501175,-0.06438981741666794,2.718292236328125,0.0,0.0,0.0,0,0
1786431233.0297742,5.451173248000487,APPROACH,FLOW,/home/eunseop/nrs_imitation/checkpoints/flow/polishing/single_cam/20260809_1638,496.1121826171875,328.5706481933594,253.78182983398438,-0.0012120362371206284,-0.04531364142894745,2.73172664642334,-1.1020044088363647,3.1666722297668457,-0.5103686451911926,495.708984375,325.6189880371094,283.0002136230469,0.004481542855501175,-0.06438981741666794,2.718292236328125,0.0,0.0,0.0,0,0
1786431233.0376627,5.4590618570000515,APPROACH,FLOW,/home/eunseop/nrs_imitation/checkpoints/flow/polishing/single_cam/20260809_1638,496.1121826171875,328.5706481933594,253.78182983398438,-0.0012120362371206284,-0.04531364142894745,2.73172664642334,-1.1020044088363647,3.1666722297668457,-0.5103686451911926,495.708984375,325.6189880371094,283.0002136230469,0.004481542855501175,-0.06438981741666794,2.718292236328125,0.0,0.0,0.0,0,0
1786431233.045715,5.467114320000292,APPROACH,FLOW,/home/eunseop/nrs_imitation/checkpoints/flow/polishing/single_cam/20260809_1638,496.1121826171875,328.5706481933594,253.78182983398438,-0.0012120362371206284,-0.04531364142894745,2.73172664642334,-1.1020044088363647,3.1666722297668457,-0.5103686451911926,495.708984375,325.6189880371094,283.0002136230469,0.004481542855501175,-0.06438981741666794,2.718292236328125,0.0,0.0,0.0,0,0
1786431233.0536718,5.475070997999865,APPROACH,FLOW,/home/eunseop/nrs_imitation/checkpoints/flow/polishing/single_cam/20260809_1638,496.1121826171875,328.5706481933594,253.78182983398438,-0.0012120362371206284,-0.04531364142894745,2.73172664642334,-1.1020044088363647,3.1666722297668457,-0.5103686451911926,495.708984375,325.6189880371094,283.0002136230469,0.004481542855501175,-0.06438981741666794,2.718292236328125,0.0,0.0,0.0,0,0
1786431233.0616574,5.4830564829999275,APPROACH,FLOW,/home/eunseop/nrs_imitation/checkpoints/flow/polishing/single_cam/20260809_1638,496.1121826171875,328.5706481933594,253.78182983398438,-0.0012120362371206284,-0.04531364142894745,2.73172664642334,-1.1020044088363647,3.1666722297668457,-0.5103686451911926,495.708984375,325.6189880371094,283.0002136230469,0.004481542855501175,-0.06438981741666794,2.718292236328125,0.0,0.0,0.0,0,0
1786431233.0696664,5.491065342000184,APPROACH,FLOW,/home/eunseop/nrs_imitation/checkpoints/flow/polishing/single_cam/20260809_1638,496.1121826171875,328.5706481933594,253.78182983398438,-0.0012120362371206284,-0.04531364142894745,2.73172664642334,-1.1020044088363647,3.1666722297668457,-0.5103686451911926,495.708984375,325.6189880371094,283.0002136230469,0.004481542855501175,-0.06438981741666794,2.718292236328125,0.0,0.0,0.0,0,0
1786431233.0777006,5.49909967900021,APPROACH,FLOW,/home/eunseop/nrs_imitation/checkpoints/flow/polishing/single_cam/20260809_1638,496.1121826171875,328.5706481933594,253.78182983398438,-0.0012120362371206284,-0.04531364142894745,2.73172664642334,-1.1020044088363647,3.1666722297668457,-0.5103686451911926,495.708984375,325.6189880371094,283.0002136230469,0.004481542855501175,-0.06438981741666794,2.718292236328125,0.0,0.0,0.0,0,0
1786431233.0857785,5.507177641000453,APPROACH,FLOW,/home/eunseop/nrs_imitation/checkpoints/flow/polishing/single_cam/20260809_1638,496.1121826171875,328.5706481933594,253.78182983398438,-0.0012120362371206284,-0.04531364142894745,2.73172664642334,-1.1020044088363647,3.1666722297668457,-0.5103686451911926,495.708984375,325.6189880371094,283.0002136230469,0.004481542855501175,-0.06438981741666794,2.718292236328125,0.0,0.0,0.0,0,0
1786431233.0938225,5.51522162800029,APPROACH,FLOW,/home/eunseop/nrs_imitation/checkpoints/flow/polishing/single_cam/20260809_1638,496.1121826171875,328.5706481933594,253.78182983398438,-0.0012120362371206284,-0.04531364142894745,2.73172664642334,-1.1020044088363647,3.1666722297668457,-0.5103686451911926,495.708984375,325.6189880371094,283.0002136230469,0.004481542855501175,-0.06438981741666794,2.718292236328125,0.0,0.0,0.0,0,0
1786431233.101672,5.523070991000168,APPROACH,FLOW,/home/eunseop/nrs_imitation/checkpoints/flow/polishing/single_cam/20260809_1638,496.1121826171875,328.5706481933594,253.78182983398438,-0.0012120362371206284,-0.04531364142894745,2.73172664642334,-1.1020044088363647,3.1666722297668457,-0.5103686451911926,495.708984375,325.6189880371094,283.0002136230469,0.004481542855501175,-0.06438981741666794,2.718292236328125,0.0,0.0,0.0,0,0
1786431233.109649,5.5310478490000605,APPROACH,FLOW,/home/eunseop/nrs_imitation/checkpoints/flow/polishing/single_cam/20260809_1638,496.1121826171875,328.5706481933594,253.78182983398438,-0.0012120362371206284,-0.04531364142894745,2.73172664642334,-1.1020044088363647,3.1666722297668457,-0.5103686451911926,495.708984375,325.6189880371094,283.0002136230469,0.004481542855501175,-0.06438981741666794,2.718292236328125,0.0,0.0,0.0,0,0
1786431233.1176803,5.539079381000192,APPROACH,FLOW,/home/eunseop/nrs_imitation/checkpoints/flow/polishing/single_cam/20260809_1638,496.1121826171875,328.5706481933594,253.78182983398438,-0.0012120362371206284,-0.04531364142894745,2.73172664642334,-1.1020044088363647,3.1666722297668457,-0.5103686451911926,495.708984375,325.6189880371094,283.0002136230469,0.004481542855501175,-0.06438981741666794,2.718292236328125,0.0,0.0,0.0,0,0
1786431233.125792,5.547191278000355,APPROACH,FLOW,/home/eunseop/nrs_imitation/checkpoints/flow/polishing/single_cam/20260809_1638,496.1121826171875,328.5706481933594,253.78182983398438,-0.0012120362371206284,-0.04531364142894745,2.73172664642334,-1.1020044088363647,3.1666722297668457,-0.5103686451911926,495.708984375,325.6189880371094,283.0002136230469,0.004481542855501175,-0.06438981741666794,2.718292236328125,0.0,0.0,0.0,0,0
1786431233.1336617,5.555060800000319,APPROACH,FLOW,/home/eunseop/nrs_imitation/checkpoints/flow/polishing/single_cam/20260809_1638,496.1121826171875,328.5706481933594,253.78182983398438,-0.0012120362371206284,-0.04531364142894745,2.73172664642334,-1.1020044088363647,3.1666722297668457,-0.5103686451911926,495.708984375,325.6189880371094,283.0002136230469,0.004481542855501175,-0.06438981741666794,2.718292236328125,0.0,0.0,0.0,0,0
1786431233.141642,5.563041074000466,APPROACH,FLOW,/home/eunseop/nrs_imitation/checkpoints/flow/polishing/single_cam/20260809_1638,496.1121826171875,328.5706481933594,253.78182983398438,-0.0012120362371206284,-0.04531364142894745,2.73172664642334,-1.1020044088363647,3.1666722297668457,-0.5103686451911926,495.708984375,325.6189880371094,283.0002136230469,0.004481542855501175,-0.06438981741666794,2.718292236328125,0.0,0.0,0.0,0,0
1786431233.149719,5.571118163999927,APPROACH,FLOW,/home/eunseop/nrs_imitation/checkpoints/flow/polishing/single_cam/20260809_1638,496.1121826171875,328.5706481933594,253.78182983398438,-0.0012120362371206284,-0.04531364142894745,2.73172664642334,-1.1020044088363647,3.1666722297668457,-0.5103686451911926,495.708984375,325.6189880371094,283.0002136230469,0.004481542855501175,-0.06438981741666794,2.718292236328125,0.0,0.0,0.0,0,0
1786431233.1576843,5.579083339000135,APPROACH,FLOW,/home/eunseop/nrs_imitation/checkpoints/flow/polishing/single_cam/20260809_1638,496.1121826171875,328.5706481933594,253.78182983398438,-0.0012120362371206284,-0.04531364142894745,2.73172664642334,-1.1020044088363647,3.1666722297668457,-0.5103686451911926,495.708984375,325.6189880371094,283.0002136230469,0.004481542855501175,-0.06438981741666794,2.718292236328125,0.0,0.0,0.0,0,0
1786431233.1656702,5.587069144000452,APPROACH,FLOW,/home/eunseop/nrs_imitation/checkpoints/flow/polishing/single_cam/20260809_1638,496.1121826171875,328.5706481933594,253.78182983398438,-0.0012120362371206284,-0.04531364142894745,2.73172664642334,-1.1020044088363647,3.1666722297668457,-0.5103686451911926,495.708984375,325.6189880371094,283.0002136230469,0.004481542855501175,-0.06438981741666794,2.718292236328125,0.0,0.0,0.0,0,0
1786431233.173701,5.595100176000415,APPROACH,FLOW,/home/eunseop/nrs_imitation/checkpoints/flow/polishing/single_cam/20260809_1638,496.1121826171875,328.5706481933594,253.78182983398438,-0.0012120362371206284,-0.04531364142894745,2.73172664642334,-1.1020044088363647,3.1666722297668457,-0.5103686451911926,495.708984375,325.6189880371094,283.0002136230469,0.004481542855501175,-0.06438981741666794,2.718292236328125,0.0,0.0,0.0,0,0
1786431233.1817443,5.603143561000252,APPROACH,FLOW,/home/eunseop/nrs_imitation/checkpoints/flow/polishing/single_cam/20260809_1638,496.1121826171875,328.5706481933594,253.78182983398438,-0.0012120362371206284,-0.04531364142894745,2.73172664642334,-1.1020044088363647,3.1666722297668457,-0.5103686451911926,495.708984375,325.6189880371094,283.0002136230469,0.004481542855501175,-0.06438981741666794,2.718292236328125,0.0,0.0,0.0,0,0
1786431233.1896718,5.61107067300054,APPROACH,FLOW,/home/eunseop/nrs_imitation/checkpoints/flow/polishing/single_cam/20260809_1638,496.1121826171875,328.5706481933594,253.78182983398438,-0.0012120362371206284,-0.04531364142894745,2.73172664642334,-1.1020044088363647,3.1666722297668457,-0.5103686451911926,495.708984375,325.6189880371094,283.0002136230469,0.004481542855501175,-0.06438981741666794,2.718292236328125,0.0,0.0,0.0,0,0
1786431233.1976635,5.6190625700000965,APPROACH,FLOW,/home/eunseop/nrs_imitation/checkpoints/flow/polishing/single_cam/20260809_1638,496.1121826171875,328.5706481933594,253.78182983398438,-0.0012120362371206284,-0.04531364142894745,2.73172664642334,-1.1020044088363647,3.1666722297668457,-0.5103686451911926,495.708984375,325.6189880371094,283.0002136230469,0.004481542855501175,-0.06438981741666794,2.718292236328125,0.0,0.0,0.0,0,0
1786431233.2057078,5.627107047000209,APPROACH,FLOW,/home/eunseop/nrs_imitation/checkpoints/flow/polishing/single_cam/20260809_1638,496.1121826171875,328.5706481933594,253.78182983398438,-0.0012120362371206284,-0.04531364142894745,2.73172664642334,-1.1020044088363647,3.1666722297668457,-0.5103686451911926,495.708984375,325.6189880371094,283.0002136230469,0.004481542855501175,-0.06438981741666794,2.718292236328125,0.0,0.0,0.0,0,0
1786431233.214453,5.635852098999749,APPROACH,FLOW,/home/eunseop/nrs_imitation/checkpoints/flow/polishing/single_cam/20260809_1638,496.1121826171875,328.5706481933594,253.78182983398438,-0.0012120362371206284,-0.04531364142894745,2.73172664642334,-1.1020044088363647,3.1666722297668457,-0.5103686451911926,495.708984375,325.6189880371094,283.0002136230469,0.004481542855501175,-0.06438981741666794,2.718292236328125,0.0,0.0,0.0,0,0
1786431233.22165,5.6430488900005,APPROACH,FLOW,/home/eunseop/nrs_imitation/checkpoints/flow/polishing/single_cam/20260809_1638,496.1121826171875,328.5706481933594,253.78182983398438,-0.0012120362371206284,-0.04531364142894745,2.73172664642334,-1.1020044088363647,3.1666722297668457,-0.5103686451911926,495.708984375,325.6189880371094,283.0002136230469,0.004481542855501175,-0.06438981741666794,2.718292236328125,0.0,0.0,0.0,0,0
1786431233.229636,5.651034925000204,APPROACH,FLOW,/home/eunseop/nrs_imitation/checkpoints/flow/polishing/single_cam/20260809_1638,496.1121826171875,328.5706481933594,253.78182983398438,-0.0012120362371206284,-0.04531364142894745,2.73172664642334,-1.1020044088363647,3.1666722297668457,-0.5103686451911926,495.708984375,325.6189880371094,283.0002136230469,0.004481542855501175,-0.06438981741666794,2.718292236328125,0.0,0.0,0.0,0,0
1786431233.237637,5.659036170000036,APPROACH,FLOW,/home/eunseop/nrs_imitation/checkpoints/flow/polishing/single_cam/20260809_1638,496.1121826171875,328.5706481933594,253.78182983398438,-0.0012120362371206284,-0.04531364142894745,2.73172664642334,-1.1020044088363647,3.1666722297668457,-0.5103686451911926,495.708984375,325.6189880371094,283.0002136230469,0.004481542855501175,-0.06438981741666794,2.718292236328125,0.0,0.0,0.0,0,0
1786431233.2456653,5.667064244999892,APPROACH,FLOW,/home/eunseop/nrs_imitation/checkpoints/flow/polishing/single_cam/20260809_1638,496.1121826171875,328.5706481933594,253.78182983398438,-0.0012120362371206284,-0.04531364142894745,2.73172664642334,-1.1020044088363647,3.1666722297668457,-0.5103686451911926,495.708984375,325.6189880371094,283.0002136230469,0.004481542855501175,-0.06438981741666794,2.718292236328125,0.0,0.0,0.0,0,0
1786431233.2537193,5.675118562000534,APPROACH,FLOW,/home/eunseop/nrs_imitation/checkpoints/flow/polishing/single_cam/20260809_1638,496.1121826171875,328.5706481933594,253.78182983398438,-0.0012120362371206284,-0.04531364142894745,2.73172664642334,-1.1020044088363647,3.1666722297668457,-0.5103686451911926,495.708984375,325.6189880371094,283.0002136230469,0.004481542855501175,-0.06438981741666794,2.718292236328125,0.0,0.0,0.0,0,0
1786431233.2616732,5.683072245000403,APPROACH,FLOW,/home/eunseop/nrs_imitation/checkpoints/flow/polishing/single_cam/20260809_1638,496.1121826171875,328.5706481933594,253.78182983398438,-0.0012120362371206284,-0.04531364142894745,2.73172664642334,-1.1020044088363647,3.1666722297668457,-0.5103686451911926,495.708984375,325.6189880371094,283.0002136230469,0.004481542855501175,-0.06438981741666794,2.718292236328125,0.0,0.0,0.0,0,0
1786431233.2696483,5.691047309000169,APPROACH,FLOW,/home/eunseop/nrs_imitation/checkpoints/flow/polishing/single_cam/20260809_1638,496.1121826171875,328.5706481933594,253.78182983398438,-0.0012120362371206284,-0.04531364142894745,2.73172664642334,-1.1020044088363647,3.1666722297668457,-0.5103686451911926,495.708984375,325.6189880371094,283.0002136230469,0.004481542855501175,-0.06438981741666794,2.718292236328125,0.0,0.0,0.0,0,0
1786431233.2776637,5.699062731000595,APPROACH,FLOW,/home/eunseop/nrs_imitation/checkpoints/flow/polishing/single_cam/20260809_1638,496.1121826171875,328.5706481933594,253.78182983398438,-0.0012120362371206284,-0.04531364142894745,2.73172664642334,-1.1020044088363647,3.1666722297668457,-0.5103686451911926,495.708984375,325.6189880371094,283.0002136230469,0.004481542855501175,-0.06438981741666794,2.718292236328125,0.0,0.0,0.0,0,0
1786431233.2857966,5.707195849000527,APPROACH,FLOW,/home/eunseop/nrs_imitation/checkpoints/flow/polishing/single_cam/20260809_1638,496.1121826171875,328.5706481933594,253.78182983398438,-0.0012120362371206284,-0.04531364142894745,2.73172664642334,-1.1020044088363647,3.1666722297668457,-0.5103686451911926,495.708984375,325.6189880371094,283.0002136230469,0.004481542855501175,-0.06438981741666794,2.718292236328125,0.0,0.0,0.0,0,0
1786431233.2937717,5.715171052999722,APPROACH,FLOW,/home/eunseop/nrs_imitation/checkpoints/flow/polishing/single_cam/20260809_1638,496.1121826171875,328.5706481933594,253.78182983398438,-0.0012120362371206284,-0.04531364142894745,2.73172664642334,-1.1020044088363647,3.1666722297668457,-0.5103686451911926,495.708984375,325.6189880371094,283.0002136230469,0.004481542855501175,-0.06438981741666794,2.718292236328125,0.0,0.0,0.0,0,0
1786431233.3030486,5.72444776500015,APPROACH,FLOW,/home/eunseop/nrs_imitation/checkpoints/flow/polishing/single_cam/20260809_1638,496.1121826171875,328.5706481933594,253.78182983398438,-0.0012120362371206284,-0.04531364142894745,2.73172664642334,-1.1020044088363647,3.1666722297668457,-0.5103686451911926,495.708984375,325.6189880371094,283.0002136230469,0.004481542855501175,-0.06438981741666794,2.718292236328125,0.0,0.0,0.0,0,0
1786431233.3097658,5.731165185999998,APPROACH,FLOW,/home/eunseop/nrs_imitation/checkpoints/flow/polishing/single_cam/20260809_1638,496.1121826171875,328.5706481933594,253.78182983398438,-0.0012120362371206284,-0.04531364142894745,2.73172664642334,-1.1020044088363647,3.1666722297668457,-0.5103686451911926,495.708984375,325.6189880371094,283.0002136230469,0.004481542855501175,-0.06438981741666794,2.718292236328125,0.0,0.0,0.0,0,0
1786431233.3176663,5.73906533599984,APPROACH,FLOW,/home/eunseop/nrs_imitation/checkpoints/flow/polishing/single_cam/20260809_1638,496.1121826171875,328.5706481933594,253.78182983398438,-0.0012120362371206284,-0.04531364142894745,2.73172664642334,-1.1020044088363647,3.1666722297668457,-0.5103686451911926,495.708984375,325.6189880371094,283.0002136230469,0.004481542855501175,-0.06438981741666794,2.718292236328125,0.0,0.0,0.0,0,0
1786431233.3257546,5.747153848999915,APPROACH,FLOW,/home/eunseop/nrs_imitation/checkpoints/flow/polishing/single_cam/20260809_1638,496.1121826171875,328.5706481933594,253.78182983398438,-0.0012120362371206284,-0.04531364142894745,2.73172664642334,-1.1020044088363647,3.1666722297668457,-0.5103686451911926,495.708984375,325.6189880371094,283.0002136230469,0.004481542855501175,-0.06438981741666794,2.718292236328125,0.0,0.0,0.0,0,0
1786431233.3336723,5.7550713420005195,APPROACH,FLOW,/home/eunseop/nrs_imitation/checkpoints/flow/polishing/single_cam/20260809_1638,496.1121826171875,328.5706481933594,253.78182983398438,-0.0012120362371206284,-0.04531364142894745,2.73172664642334,-1.1020044088363647,3.1666722297668457,-0.5103686451911926,495.708984375,325.6189880371094,283.0002136230469,0.004481542855501175,-0.06438981741666794,2.718292236328125,0.0,0.0,0.0,0,0
1786431233.3417637,5.763163030000214,APPROACH,FLOW,/home/eunseop/nrs_imitation/checkpoints/flow/polishing/single_cam/20260809_1638,496.1121826171875,328.5706481933594,253.78182983398438,-0.0012120362371206284,-0.04531364142894745,2.73172664642334,-1.1020044088363647,3.1666722297668457,-0.5103686451911926,495.708984375,325.6189880371094,283.0002136230469,0.004481542855501175,-0.06438981741666794,2.718292236328125,0.0,0.0,0.0,0,0
1786431233.3496726,5.771071596999718,APPROACH,FLOW,/home/eunseop/nrs_imitation/checkpoints/flow/polishing/single_cam/20260809_1638,496.1121826171875,328.5706481933594,253.78182983398438,-0.0012120362371206284,-0.04531364142894745,2.73172664642334,-1.1020044088363647,3.1666722297668457,-0.5103686451911926,495.708984375,325.6189880371094,283.0002136230469,0.004481542855501175,-0.06438981741666794,2.718292236328125,0.0,0.0,0.0,0,0
1786431233.3577182,5.779117477,APPROACH,FLOW,/home/eunseop/nrs_imitation/checkpoints/flow/polishing/single_cam/20260809_1638,496.1121826171875,328.5706481933594,253.78182983398438,-0.0012120362371206284,-0.04531364142894745,2.73172664642334,-1.1020044088363647,3.1666722297668457,-0.5103686451911926,495.708984375,325.6189880371094,283.0002136230469,0.004481542855501175,-0.06438981741666794,2.718292236328125,0.0,0.0,0.0,0,0
1786431233.3660958,5.787495063000279,APPROACH,FLOW,/home/eunseop/nrs_imitation/checkpoints/flow/polishing/single_cam/20260809_1638,496.1121826171875,328.5706481933594,253.78182983398438,-0.0012120362371206284,-0.04531364142894745,2.73172664642334,-1.1020044088363647,3.1666722297668457,-0.5103686451911926,495.708984375,325.6189880371094,283.0002136230469,0.004481542855501175,-0.06438981741666794,2.718292236328125,0.0,0.0,0.0,0,0
1786431233.3737242,5.795123341999897,APPROACH,FLOW,/home/eunseop/nrs_imitation/checkpoints/flow/polishing/single_cam/20260809_1638,496.1121826171875,328.5706481933594,253.78182983398438,-0.0012120362371206284,-0.04531364142894745,2.73172664642334,-1.1020044088363647,3.1666722297668457,-0.5103686451911926,495.708984375,325.6189880371094,283.0002136230469,0.004481542855501175,-0.06438981741666794,2.718292236328125,0.0,0.0,0.0,0,0
1786431233.3816738,5.803072847999829,APPROACH,FLOW,/home/eunseop/nrs_imitation/checkpoints/flow/polishing/single_cam/20260809_1638,496.1121826171875,328.5706481933594,253.78182983398438,-0.0012120362371206284,-0.04531364142894745,2.73172664642334,-1.1020044088363647,3.1666722297668457,-0.5103686451911926,495.708984375,325.6189880371094,283.0002136230469,0.004481542855501175,-0.06438981741666794,2.718292236328125,0.0,0.0,0.0,0,0
1786431233.389643,5.811042010999699,APPROACH,FLOW,/home/eunseop/nrs_imitation/checkpoints/flow/polishing/single_cam/20260809_1638,496.1121826171875,328.5706481933594,253.78182983398438,-0.0012120362371206284,-0.04531364142894745,2.73172664642334,-1.1020044088363647,3.1666722297668457,-0.5103686451911926,495.708984375,325.6189880371094,283.0002136230469,0.004481542855501175,-0.06438981741666794,2.718292236328125,0.0,0.0,0.0,0,0
1786431233.3977554,5.819154468999841,APPROACH,FLOW,/home/eunseop/nrs_imitation/checkpoints/flow/polishing/single_cam/20260809_1638,496.1121826171875,328.5706481933594,253.78182983398438,-0.0012120362371206284,-0.04531364142894745,2.73172664642334,-1.1020044088363647,3.1666722297668457,-0.5103686451911926,495.708984375,325.6189880371094,283.0002136230469,0.004481542855501175,-0.06438981741666794,2.718292236328125,0.0,0.0,0.0,0,0
1786431233.4057605,5.827159801000562,APPROACH,FLOW,/home/eunseop/nrs_imitation/checkpoints/flow/polishing/single_cam/20260809_1638,496.1121826171875,328.5706481933594,253.78182983398438,-0.0012120362371206284,-0.04531364142894745,2.73172664642334,-1.1020044088363647,3.1666722297668457,-0.5103686451911926,495.708984375,325.6189880371094,283.0002136230469,0.004481542855501175,-0.06438981741666794,2.718292236328125,0.0,0.0,0.0,0,0
1786431233.4137113,5.835110469000028,APPROACH,FLOW,/home/eunseop/nrs_imitation/checkpoints/flow/polishing/single_cam/20260809_1638,496.1121826171875,328.5706481933594,253.78182983398438,-0.0012120362371206284,-0.04531364142894745,2.73172664642334,-1.1020044088363647,3.1666722297668457,-0.5103686451911926,495.708984375,325.6189880371094,283.0002136230469,0.004481542855501175,-0.06438981741666794,2.718292236328125,0.0,0.0,0.0,0,0
1786431233.4216433,5.843042360000254,APPROACH,FLOW,/home/eunseop/nrs_imitation/checkpoints/flow/polishing/single_cam/20260809_1638,496.1121826171875,328.5706481933594,253.78182983398438,-0.0012120362371206284,-0.04531364142894745,2.73172664642334,-1.1020044088363647,3.1666722297668457,-0.5103686451911926,495.708984375,325.6189880371094,283.0002136230469,0.004481542855501175,-0.06438981741666794,2.718292236328125,0.0,0.0,0.0,0,0
1786431233.4297202,5.851119199000095,APPROACH,FLOW,/home/eunseop/nrs_imitation/checkpoints/flow/polishing/single_cam/20260809_1638,496.1121826171875,328.5706481933594,253.78182983398438,-0.0012120362371206284,-0.04531364142894745,2.73172664642334,-1.1020044088363647,3.1666722297668457,-0.5103686451911926,495.708984375,325.6189880371094,283.0002136230469,0.004481542855501175,-0.06438981741666794,2.718292236328125,0.0,0.0,0.0,0,0
1786431233.437719,5.859118240000498,APPROACH,FLOW,/home/eunseop/nrs_imitation/checkpoints/flow/polishing/single_cam/20260809_1638,496.1121826171875,328.5706481933594,253.78182983398438,-0.0012120362371206284,-0.04531364142894745,2.73172664642334,-1.1020044088363647,3.1666722297668457,-0.5103686451911926,495.708984375,325.6189880371094,283.0002136230469,0.004481542855501175,-0.06438981741666794,2.718292236328125,0.0,0.0,0.0,0,0
1786431233.445673,5.867071943000155,APPROACH,FLOW,/home/eunseop/nrs_imitation/checkpoints/flow/polishing/single_cam/20260809_1638,496.1121826171875,328.5706481933594,253.78182983398438,-0.0012120362371206284,-0.04531364142894745,2.73172664642334,-1.1020044088363647,3.1666722297668457,-0.5103686451911926,495.708984375,325.6189880371094,283.0002136230469,0.004481542855501175,-0.06438981741666794,2.718292236328125,0.0,0.0,0.0,0,0
1786431233.453668,5.8750672460000715,APPROACH,FLOW,/home/eunseop/nrs_imitation/checkpoints/flow/polishing/single_cam/20260809_1638,496.1121826171875,328.5706481933594,253.78182983398438,-0.0012120362371206284,-0.04531364142894745,2.73172664642334,-1.1020044088363647,3.1666722297668457,-0.5103686451911926,495.708984375,325.6189880371094,283.0002136230469,0.004481542855501175,-0.06438981741666794,2.718292236328125,0.0,0.0,0.0,0,0
1786431233.4616423,5.883041208000577,APPROACH,FLOW,/home/eunseop/nrs_imitation/checkpoints/flow/polishing/single_cam/20260809_1638,496.1121826171875,328.5706481933594,253.78182983398438,-0.0012120362371206284,-0.04531364142894745,2.73172664642334,-1.1020044088363647,3.1666722297668457,-0.5103686451911926,495.708984375,325.6189880371094,283.0002136230469,0.004481542855501175,-0.06438981741666794,2.718292236328125,0.0,0.0,0.0,0,0
1786431233.4696558,5.891054997000538,APPROACH,FLOW,/home/eunseop/nrs_imitation/checkpoints/flow/polishing/single_cam/20260809_1638,496.1121826171875,328.5706481933594,253.78182983398438,-0.0012120362371206284,-0.04531364142894745,2.73172664642334,-1.1020044088363647,3.1666722297668457,-0.5103686451911926,495.708984375,325.6189880371094,283.0002136230469,0.004481542855501175,-0.06438981741666794,2.718292236328125,0.0,0.0,0.0,0,0
1786431233.477642,5.899041022000347,APPROACH,FLOW,/home/eunseop/nrs_imitation/checkpoints/flow/polishing/single_cam/20260809_1638,496.1121826171875,328.5706481933594,253.78182983398438,-0.0012120362371206284,-0.04531364142894745,2.73172664642334,-1.1020044088363647,3.1666722297668457,-0.5103686451911926,495.708984375,325.6189880371094,283.0002136230469,0.004481542855501175,-0.06438981741666794,2.718292236328125,0.0,0.0,0.0,0,0
1786431233.4856563,5.907055341999694,APPROACH,FLOW,/home/eunseop/nrs_imitation/checkpoints/flow/polishing/single_cam/20260809_1638,496.1121826171875,328.5706481933594,253.78182983398438,-0.0012120362371206284,-0.04531364142894745,2.73172664642334,-1.1020044088363647,3.1666722297668457,-0.5103686451911926,495.708984375,325.6189880371094,283.0002136230469,0.004481542855501175,-0.06438981741666794,2.718292236328125,0.0,0.0,0.0,0,0
1786431233.4936354,5.915034303000539,APPROACH,FLOW,/home/eunseop/nrs_imitation/checkpoints/flow/polishing/single_cam/20260809_1638,496.1121826171875,328.5706481933594,253.78182983398438,-0.0012120362371206284,-0.04531364142894745,2.73172664642334,-1.1020044088363647,3.1666722297668457,-0.5103686451911926,495.708984375,325.6189880371094,283.0002136230469,0.004481542855501175,-0.06438981741666794,2.718292236328125,0.0,0.0,0.0,0,0
1786431233.50171,5.923109059000126,APPROACH,FLOW,/home/eunseop/nrs_imitation/checkpoints/flow/polishing/single_cam/20260809_1638,496.1121826171875,328.5706481933594,253.78182983398438,-0.0012120362371206284,-0.04531364142894745,2.73172664642334,-1.1020044088363647,3.1666722297668457,-0.5103686451911926,495.708984375,325.6189880371094,283.0002136230469,0.004481542855501175,-0.06438981741666794,2.718292236328125,0.0,0.0,0.0,0,0
1786431233.5097675,5.931166510999901,APPROACH,FLOW,/home/eunseop/nrs_imitation/checkpoints/flow/polishing/single_cam/20260809_1638,496.1121826171875,328.5706481933594,253.78182983398438,-0.0012120362371206284,-0.04531364142894745,2.73172664642334,-1.1020044088363647,3.1666722297668457,-0.5103686451911926,495.708984375,325.6189880371094,283.0002136230469,0.004481542855501175,-0.06438981741666794,2.718292236328125,0.0,0.0,0.0,0,0
1786431233.517794,5.939192984000329,APPROACH,FLOW,/home/eunseop/nrs_imitation/checkpoints/flow/polishing/single_cam/20260809_1638,496.1121826171875,328.5706481933594,253.78182983398438,-0.0012120362371206284,-0.04531364142894745,2.73172664642334,-1.1020044088363647,3.1666722297668457,-0.5103686451911926,495.708984375,325.6189880371094,283.0002136230469,0.004481542855501175,-0.06438981741666794,2.718292236328125,0.0,0.0,0.0,0,0
1786431233.5257676,5.947166756000115,APPROACH,FLOW,/home/eunseop/nrs_imitation/checkpoints/flow/polishing/single_cam/20260809_1638,496.1121826171875,328.5706481933594,253.78182983398438,-0.0012120362371206284,-0.04531364142894745,2.73172664642334,-1.1020044088363647,3.1666722297668457,-0.5103686451911926,495.708984375,325.6189880371094,283.0002136230469,0.004481542855501175,-0.06438981741666794,2.718292236328125,0.0,0.0,0.0,0,0
1786431233.533769,5.955168241000138,APPROACH,FLOW,/home/eunseop/nrs_imitation/checkpoints/flow/polishing/single_cam/20260809_1638,496.1121826171875,328.5706481933594,253.78182983398438,-0.0012120362371206284,-0.04531364142894745,2.73172664642334,-1.1020044088363647,3.1666722297668457,-0.5103686451911926,495.708984375,325.6189880371094,283.0002136230469,0.004481542855501175,-0.06438981741666794,2.718292236328125,0.0,0.0,0.0,0,0
1786431233.5417848,5.9631839630001195,APPROACH,FLOW,/home/eunseop/nrs_imitation/checkpoints/flow/polishing/single_cam/20260809_1638,496.1121826171875,328.5706481933594,253.78182983398438,-0.0012120362371206284,-0.04531364142894745,2.73172664642334,-1.1020044088363647,3.1666722297668457,-0.5103686451911926,495.708984375,325.6189880371094,283.0002136230469,0.004481542855501175,-0.06438981741666794,2.718292236328125,0.0,0.0,0.0,0,0
1786431233.549768,5.9711670329998014,APPROACH,FLOW,/home/eunseop/nrs_imitation/checkpoints/flow/polishing/single_cam/20260809_1638,496.1121826171875,328.5706481933594,253.78182983398438,-0.0012120362371206284,-0.04531364142894745,2.73172664642334,-1.1020044088363647,3.1666722297668457,-0.5103686451911926,495.708984375,325.6189880371094,283.0002136230469,0.004481542855501175,-0.06438981741666794,2.718292236328125,0.0,0.0,0.0,0,0
1786431233.5577612,5.979160521999802,APPROACH,FLOW,/home/eunseop/nrs_imitation/checkpoints/flow/polishing/single_cam/20260809_1638,496.1121826171875,328.5706481933594,253.78182983398438,-0.0012120362371206284,-0.04531364142894745,2.73172664642334,-1.1020044088363647,3.1666722297668457,-0.5103686451911926,495.708984375,325.6189880371094,283.0002136230469,0.004481542855501175,-0.06438981741666794,2.718292236328125,0.0,0.0,0.0,0,0
1786431233.5657582,5.987157278000268,APPROACH,FLOW,/home/eunseop/nrs_imitation/checkpoints/flow/polishing/single_cam/20260809_1638,496.1121826171875,328.5706481933594,253.78182983398438,-0.0012120362371206284,-0.04531364142894745,2.73172664642334,-1.1020044088363647,3.1666722297668457,-0.5103686451911926,495.708984375,325.6189880371094,283.0002136230469,0.004481542855501175,-0.06438981741666794,2.718292236328125,0.0,0.0,0.0,0,0
1786431233.573718,5.995117283000582,APPROACH,FLOW,/home/eunseop/nrs_imitation/checkpoints/flow/polishing/single_cam/20260809_1638,496.1121826171875,328.5706481933594,253.78182983398438,-0.0012120362371206284,-0.04531364142894745,2.73172664642334,-1.1020044088363647,3.1666722297668457,-0.5103686451911926,495.708984375,325.6189880371094,283.0002136230469,0.004481542855501175,-0.06438981741666794,2.718292236328125,0.0,0.0,0.0,0,0
1786431233.581792,6.003191257999788,APPROACH,FLOW,/home/eunseop/nrs_imitation/checkpoints/flow/polishing/single_cam/20260809_1638,496.1121826171875,328.5706481933594,253.78182983398438,-0.0012120362371206284,-0.04531364142894745,2.73172664642334,-1.1020044088363647,3.1666722297668457,-0.5103686451911926,495.708984375,325.6189880371094,283.0002136230469,0.004481542855501175,-0.06438981741666794,2.718292236328125,0.0,0.0,0.0,0,0
1786431233.589769,6.0111682960005055,APPROACH,FLOW,/home/eunseop/nrs_imitation/checkpoints/flow/polishing/single_cam/20260809_1638,496.1121826171875,328.5706481933594,253.78182983398438,-0.0012120362371206284,-0.04531364142894745,2.73172664642334,-1.1020044088363647,3.1666722297668457,-0.5103686451911926,495.708984375,325.6189880371094,283.0002136230469,0.004481542855501175,-0.06438981741666794,2.718292236328125,0.0,0.0,0.0,0,0
1786431233.597794,6.01919335599996,APPROACH,FLOW,/home/eunseop/nrs_imitation/checkpoints/flow/polishing/single_cam/20260809_1638,496.1121826171875,328.5706481933594,253.78182983398438,-0.0012120362371206284,-0.04531364142894745,2.73172664642334,-1.1020044088363647,3.1666722297668457,-0.5103686451911926,495.708984375,325.6189880371094,283.0002136230469,0.004481542855501175,-0.06438981741666794,2.718292236328125,0.0,0.0,0.0,0,0
1786431233.605849,6.027248414000496,APPROACH,FLOW,/home/eunseop/nrs_imitation/checkpoints/flow/polishing/single_cam/20260809_1638,496.1121826171875,328.5706481933594,253.78182983398438,-0.0012120362371206284,-0.04531364142894745,2.73172664642334,-1.1020044088363647,3.1666722297668457,-0.5103686451911926,495.708984375,325.6189880371094,283.0002136230469,0.004481542855501175,-0.06438981741666794,2.718292236328125,0.0,0.0,0.0,0,0
1786431233.6138933,6.035292620999826,APPROACH,FLOW,/home/eunseop/nrs_imitation/checkpoints/flow/polishing/single_cam/20260809_1638,496.1121826171875,328.5706481933594,253.78182983398438,-0.0012120362371206284,-0.04531364142894745,2.73172664642334,-1.1020044088363647,3.1666722297668457,-0.5103686451911926,495.708984375,325.6189880371094,283.0002136230469,0.004481542855501175,-0.06438981741666794,2.718292236328125,0.0,0.0,0.0,0,0
1786431233.6218243,6.043223450000369,APPROACH,FLOW,/home/eunseop/nrs_imitation/checkpoints/flow/polishing/single_cam/20260809_1638,496.1121826171875,328.5706481933594,253.78182983398438,-0.0012120362371206284,-0.04531364142894745,2.73172664642334,-1.1020044088363647,3.1666722297668457,-0.5103686451911926,495.708984375,325.6189880371094,283.0002136230469,0.004481542855501175,-0.06438981741666794,2.718292236328125,0.0,0.0,0.0,0,0
1786431233.6298125,6.051211619000242,APPROACH,FLOW,/home/eunseop/nrs_imitation/checkpoints/flow/polishing/single_cam/20260809_1638,496.1121826171875,328.5706481933594,253.78182983398438,-0.0012120362371206284,-0.04531364142894745,2.73172664642334,-1.1020044088363647,3.1666722297668457,-0.5103686451911926,495.708984375,325.6189880371094,283.0002136230469,0.004481542855501175,-0.06438981741666794,2.718292236328125,0.0,0.0,0.0,0,0
1786431233.6378224,6.059221430000434,APPROACH,FLOW,/home/eunseop/nrs_imitation/checkpoints/flow/polishing/single_cam/20260809_1638,496.1121826171875,328.5706481933594,253.78182983398438,-0.0012120362371206284,-0.04531364142894745,2.73172664642334,-1.1020044088363647,3.1666722297668457,-0.5103686451911926,495.708984375,325.6189880371094,283.0002136230469,0.004481542855501175,-0.06438981741666794,2.718292236328125,0.0,0.0,0.0,0,0
1786431233.645757,6.067156076999709,APPROACH,FLOW,/home/eunseop/nrs_imitation/checkpoints/flow/polishing/single_cam/20260809_1638,496.1121826171875,328.5706481933594,253.78182983398438,-0.0012120362371206284,-0.04531364142894745,2.73172664642334,-1.1020044088363647,3.1666722297668457,-0.5103686451911926,495.708984375,325.6189880371094,283.0002136230469,0.004481542855501175,-0.06438981741666794,2.718292236328125,0.0,0.0,0.0,0,0
1786431233.6536968,6.075095904000591,APPROACH,FLOW,/home/eunseop/nrs_imitation/checkpoints/flow/polishing/single_cam/20260809_1638,496.1121826171875,328.5706481933594,253.78182983398438,-0.0012120362371206284,-0.04531364142894745,2.73172664642334,-1.1020044088363647,3.1666722297668457,-0.5103686451911926,495.708984375,325.6189880371094,283.0002136230469,0.004481542855501175,-0.06438981741666794,2.718292236328125,0.0,0.0,0.0,0,0
1786431233.6617167,6.083115784000256,APPROACH,FLOW,/home/eunseop/nrs_imitation/checkpoints/flow/polishing/single_cam/20260809_1638,496.1121826171875,328.5706481933594,253.78182983398438,-0.0012120362371206284,-0.04531364142894745,2.73172664642334,-1.1020044088363647,3.1666722297668457,-0.5103686451911926,495.708984375,325.6189880371094,283.0002136230469,0.004481542855501175,-0.06438981741666794,2.718292236328125,0.0,0.0,0.0,0,0
1786431233.6696615,6.091060409999955,APPROACH,FLOW,/home/eunseop/nrs_imitation/checkpoints/flow/polishing/single_cam/20260809_1638,496.1121826171875,328.5706481933594,253.78182983398438,-0.0012120362371206284,-0.04531364142894745,2.73172664642334,-1.1020044088363647,3.1666722297668457,-0.5103686451911926,495.708984375,325.6189880371094,283.0002136230469,0.004481542855501175,-0.06438981741666794,2.718292236328125,0.0,0.0,0.0,0,0
1786431233.6778374,6.099236519999977,APPROACH,FLOW,/home/eunseop/nrs_imitation/checkpoints/flow/polishing/single_cam/20260809_1638,496.1121826171875,328.5706481933594,253.78182983398438,-0.0012120362371206284,-0.04531364142894745,2.73172664642334,-1.1020044088363647,3.1666722297668457,-0.5103686451911926,495.708984375,325.6189880371094,283.0002136230469,0.004481542855501175,-0.06438981741666794,2.718292236328125,0.0,0.0,0.0,0,0
1786431233.6856773,6.107076414000403,APPROACH,FLOW,/home/eunseop/nrs_imitation/checkpoints/flow/polishing/single_cam/20260809_1638,496.1121826171875,328.5706481933594,253.78182983398438,-0.0012120362371206284,-0.04531364142894745,2.73172664642334,-1.1020044088363647,3.1666722297668457,-0.5103686451911926,495.708984375,325.6189880371094,283.0002136230469,0.004481542855501175,-0.06438981741666794,2.718292236328125,0.0,0.0,0.0,0,0
1786431233.6936936,6.1150928580000254,APPROACH,FLOW,/home/eunseop/nrs_imitation/checkpoints/flow/polishing/single_cam/20260809_1638,496.1121826171875,328.5706481933594,253.78182983398438,-0.0012120362371206284,-0.04531364142894745,2.73172664642334,-1.1020044088363647,3.1666722297668457,-0.5103686451911926,495.708984375,325.6189880371094,283.0002136230469,0.004481542855501175,-0.06438981741666794,2.718292236328125,0.0,0.0,0.0,0,0
1786431233.7017643,6.123163496000416,APPROACH,FLOW,/home/eunseop/nrs_imitation/checkpoints/flow/polishing/single_cam/20260809_1638,496.1121826171875,328.5706481933594,253.78182983398438,-0.0012120362371206284,-0.04531364142894745,2.73172664642334,-1.1020044088363647,3.1666722297668457,-0.5103686451911926,495.708984375,325.6189880371094,283.0002136230469,0.004481542855501175,-0.06438981741666794,2.718292236328125,0.0,0.0,0.0,0,0
1786431233.7096696,6.131068646000131,APPROACH,FLOW,/home/eunseop/nrs_imitation/checkpoints/flow/polishing/single_cam/20260809_1638,496.1121826171875,328.5706481933594,253.78182983398438,-0.0012120362371206284,-0.04531364142894745,2.73172664642334,-1.1020044088363647,3.1666722297668457,-0.5103686451911926,495.708984375,325.6189880371094,283.0002136230469,0.004481542855501175,-0.06438981741666794,2.718292236328125,0.0,0.0,0.0,0,0
1786431233.7178106,6.139209779000339,APPROACH,FLOW,/home/eunseop/nrs_imitation/checkpoints/flow/polishing/single_cam/20260809_1638,496.1121826171875,328.5706481933594,253.78182983398438,-0.0012120362371206284,-0.04531364142894745,2.73172664642334,-1.1020044088363647,3.1666722297668457,-0.5103686451911926,495.708984375,325.6189880371094,283.0002136230469,0.004481542855501175,-0.06438981741666794,2.718292236328125,0.0,0.0,0.0,0,0
1786431233.7257743,6.147173662000569,APPROACH,FLOW,/home/eunseop/nrs_imitation/checkpoints/flow/polishing/single_cam/20260809_1638,496.1121826171875,328.5706481933594,253.78182983398438,-0.0012120362371206284,-0.04531364142894745,2.73172664642334,-1.1020044088363647,3.1666722297668457,-0.5103686451911926,495.708984375,325.6189880371094,283.0002136230469,0.004481542855501175,-0.06438981741666794,2.718292236328125,0.0,0.0,0.0,0,0
1786431233.7337945,6.155193872000382,APPROACH,FLOW,/home/eunseop/nrs_imitation/checkpoints/flow/polishing/single_cam/20260809_1638,496.1121826171875,328.5706481933594,253.78182983398438,-0.0012120362371206284,-0.04531364142894745,2.73172664642334,-1.1020044088363647,3.1666722297668457,-0.5103686451911926,495.708984375,325.6189880371094,283.0002136230469,0.004481542855501175,-0.06438981741666794,2.718292236328125,0.0,0.0,0.0,0,0
1786431233.74179,6.163189075000446,APPROACH,FLOW,/home/eunseop/nrs_imitation/checkpoints/flow/polishing/single_cam/20260809_1638,496.1121826171875,328.5706481933594,253.78182983398438,-0.0012120362371206284,-0.04531364142894745,2.73172664642334,-1.1020044088363647,3.1666722297668457,-0.5103686451911926,495.708984375,325.6189880371094,283.0002136230469,0.004481542855501175,-0.06438981741666794,2.718292236328125,0.0,0.0,0.0,0,0
1786431233.7497642,6.171163398000317,APPROACH,FLOW,/home/eunseop/nrs_imitation/checkpoints/flow/polishing/single_cam/20260809_1638,496.1121826171875,328.5706481933594,253.78182983398438,-0.0012120362371206284,-0.04531364142894745,2.73172664642334,-1.1020044088363647,3.1666722297668457,-0.5103686451911926,495.708984375,325.6189880371094,283.0002136230469,0.004481542855501175,-0.06438981741666794,2.718292236328125,0.0,0.0,0.0,0,0
1786431233.7577202,6.179119485999763,APPROACH,FLOW,/home/eunseop/nrs_imitation/checkpoints/flow/polishing/single_cam/20260809_1638,496.1121826171875,328.5706481933594,253.78182983398438,-0.0012120362371206284,-0.04531364142894745,2.73172664642334,-1.1020044088363647,3.1666722297668457,-0.5103686451911926,495.708984375,325.6189880371094,283.0002136230469,0.004481542855501175,-0.06438981741666794,2.718292236328125,0.0,0.0,0.0,0,0
1786431233.7657144,6.187113566999869,APPROACH,FLOW,/home/eunseop/nrs_imitation/checkpoints/flow/polishing/single_cam/20260809_1638,496.1121826171875,328.5706481933594,253.78182983398438,-0.0012120362371206284,-0.04531364142894745,2.73172664642334,-1.1020044088363647,3.1666722297668457,-0.5103686451911926,495.708984375,325.6189880371094,283.0002136230469,0.004481542855501175,-0.06438981741666794,2.718292236328125,0.0,0.0,0.0,0,0
1786431233.773717,6.195116181999765,APPROACH,FLOW,/home/eunseop/nrs_imitation/checkpoints/flow/polishing/single_cam/20260809_1638,496.1121826171875,328.5706481933594,253.78182983398438,-0.0012120362371206284,-0.04531364142894745,2.73172664642334,-1.1020044088363647,3.1666722297668457,-0.5103686451911926,495.708984375,325.6189880371094,283.0002136230469,0.004481542855501175,-0.06438981741666794,2.718292236328125,0.0,0.0,0.0,0,0
1786431233.782274,6.203673044000425,APPROACH,FLOW,/home/eunseop/nrs_imitation/checkpoints/flow/polishing/single_cam/20260809_1638,496.1121826171875,328.5706481933594,253.78182983398438,-0.0012120362371206284,-0.04531364142894745,2.73172664642334,-1.1020044088363647,3.1666722297668457,-0.5103686451911926,495.708984375,325.6189880371094,283.0002136230469,0.004481542855501175,-0.06438981741666794,2.718292236328125,0.0,0.0,0.0,0,0
1786431233.789769,6.211168257999816,APPROACH,FLOW,/home/eunseop/nrs_imitation/checkpoints/flow/polishing/single_cam/20260809_1638,496.1121826171875,328.5706481933594,253.78182983398438,-0.0012120362371206284,-0.04531364142894745,2.73172664642334,-1.1020044088363647,3.1666722297668457,-0.5103686451911926,495.708984375,325.6189880371094,283.0002136230469,0.004481542855501175,-0.06438981741666794,2.718292236328125,0.0,0.0,0.0,0,0
1786431233.7976875,6.219086623000294,APPROACH,FLOW,/home/eunseop/nrs_imitation/checkpoints/flow/polishing/single_cam/20260809_1638,496.1121826171875,328.5706481933594,253.78182983398438,-0.0012120362371206284,-0.04531364142894745,2.73172664642334,-1.1020044088363647,3.1666722297668457,-0.5103686451911926,495.708984375,325.6189880371094,283.0002136230469,0.004481542855501175,-0.06438981741666794,2.718292236328125,0.0,0.0,0.0,0,0
1786431233.8057654,6.227164515000368,APPROACH,FLOW,/home/eunseop/nrs_imitation/checkpoints/flow/polishing/single_cam/20260809_1638,496.1121826171875,328.5706481933594,253.78182983398438,-0.0012120362371206284,-0.04531364142894745,2.73172664642334,-1.1020044088363647,3.1666722297668457,-0.5103686451911926,495.708984375,325.6189880371094,283.0002136230469,0.004481542855501175,-0.06438981741666794,2.718292236328125,0.0,0.0,0.0,0,0
1786431233.8137121,6.235111134000363,APPROACH,FLOW,/home/eunseop/nrs_imitation/checkpoints/flow/polishing/single_cam/20260809_1638,496.1121826171875,328.5706481933594,253.78182983398438,-0.0012120362371206284,-0.04531364142894745,2.73172664642334,-1.1020044088363647,3.1666722297668457,-0.5103686451911926,495.708984375,325.6189880371094,283.0002136230469,0.004481542855501175,-0.06438981741666794,2.718292236328125,0.0,0.0,0.0,0,0
1786431233.821659,6.243058125000061,APPROACH,FLOW,/home/eunseop/nrs_imitation/checkpoints/flow/polishing/single_cam/20260809_1638,496.1121826171875,328.5706481933594,253.78182983398438,-0.0012120362371206284,-0.04531364142894745,2.73172664642334,-1.1020044088363647,3.1666722297668457,-0.5103686451911926,495.708984375,325.6189880371094,283.0002136230469,0.004481542855501175,-0.06438981741666794,2.718292236328125,0.0,0.0,0.0,0,0
1786431233.8297584,6.251157757999863,APPROACH,FLOW,/home/eunseop/nrs_imitation/checkpoints/flow/polishing/single_cam/20260809_1638,496.1121826171875,328.5706481933594,253.78182983398438,-0.0012120362371206284,-0.04531364142894745,2.73172664642334,-1.1020044088363647,3.1666722297668457,-0.5103686451911926,495.708984375,325.6189880371094,283.0002136230469,0.004481542855501175,-0.06438981741666794,2.718292236328125,0.0,0.0,0.0,0,0
1786431233.8377707,6.259170013000585,APPROACH,FLOW,/home/eunseop/nrs_imitation/checkpoints/flow/polishing/single_cam/20260809_1638,496.1121826171875,328.5706481933594,253.78182983398438,-0.0012120362371206284,-0.04531364142894745,2.73172664642334,-1.1020044088363647,3.1666722297668457,-0.5103686451911926,495.708984375,325.6189880371094,283.0002136230469,0.004481542855501175,-0.06438981741666794,2.718292236328125,0.0,0.0,0.0,0,0
1786431233.8457673,6.2671664090003105,APPROACH,FLOW,/home/eunseop/nrs_imitation/checkpoints/flow/polishing/single_cam/20260809_1638,496.1121826171875,328.5706481933594,253.78182983398438,-0.0012120362371206284,-0.04531364142894745,2.73172664642334,-1.1020044088363647,3.1666722297668457,-0.5103686451911926,495.708984375,325.6189880371094,283.0002136230469,0.004481542855501175,-0.06438981741666794,2.718292236328125,0.0,0.0,0.0,0,0
1786431233.853796,6.275195176000125,APPROACH,FLOW,/home/eunseop/nrs_imitation/checkpoints/flow/polishing/single_cam/20260809_1638,496.1121826171875,328.5706481933594,253.78182983398438,-0.0012120362371206284,-0.04531364142894745,2.73172664642334,-1.1020044088363647,3.1666722297668457,-0.5103686451911926,495.708984375,325.6189880371094,283.0002136230469,0.004481542855501175,-0.06438981741666794,2.718292236328125,0.0,0.0,0.0,0,0
1786431233.8617206,6.283119753999927,APPROACH,FLOW,/home/eunseop/nrs_imitation/checkpoints/flow/polishing/single_cam/20260809_1638,496.1121826171875,328.5706481933594,253.78182983398438,-0.0012120362371206284,-0.04531364142894745,2.73172664642334,-1.1020044088363647,3.1666722297668457,-0.5103686451911926,495.708984375,325.6189880371094,283.0002136230469,0.004481542855501175,-0.06438981741666794,2.718292236328125,0.0,0.0,0.0,0,0
1786431233.8697202,6.291119434999928,APPROACH,FLOW,/home/eunseop/nrs_imitation/checkpoints/flow/polishing/single_cam/20260809_1638,496.1121826171875,328.5706481933594,253.78182983398438,-0.0012120362371206284,-0.04531364142894745,2.73172664642334,-1.1020044088363647,3.1666722297668457,-0.5103686451911926,495.708984375,325.6189880371094,283.0002136230469,0.004481542855501175,-0.06438981741666794,2.718292236328125,0.0,0.0,0.0,0,0
1786431233.8777862,6.299185294000381,APPROACH,FLOW,/home/eunseop/nrs_imitation/checkpoints/flow/polishing/single_cam/20260809_1638,496.1121826171875,328.5706481933594,253.78182983398438,-0.0012120362371206284,-0.04531364142894745,2.73172664642334,-1.1020044088363647,3.1666722297668457,-0.5103686451911926,495.708984375,325.6189880371094,283.0002136230469,0.004481542855501175,-0.06438981741666794,2.718292236328125,0.0,0.0,0.0,0,0
1786431233.8858013,6.307200504999855,APPROACH,FLOW,/home/eunseop/nrs_imitation/checkpoints/flow/polishing/single_cam/20260809_1638,496.1121826171875,328.5706481933594,253.78182983398438,-0.0012120362371206284,-0.04531364142894745,2.73172664642334,-1.1020044088363647,3.1666722297668457,-0.5103686451911926,495.708984375,325.6189880371094,283.0002136230469,0.004481542855501175,-0.06438981741666794,2.718292236328125,0.0,0.0,0.0,0,0
1786431233.8937607,6.315159839000444,APPROACH,FLOW,/home/eunseop/nrs_imitation/checkpoints/flow/polishing/single_cam/20260809_1638,496.1121826171875,328.5706481933594,253.78182983398438,-0.0012120362371206284,-0.04531364142894745,2.73172664642334,-1.1020044088363647,3.1666722297668457,-0.5103686451911926,495.708984375,325.6189880371094,283.0002136230469,0.004481542855501175,-0.06438981741666794,2.718292236328125,0.0,0.0,0.0,0,0
1786431233.9020255,6.323424549000265,APPROACH,FLOW,/home/eunseop/nrs_imitation/checkpoints/flow/polishing/single_cam/20260809_1638,496.1121826171875,328.5706481933594,253.78182983398438,-0.0012120362371206284,-0.04531364142894745,2.73172664642334,-1.1020044088363647,3.1666722297668457,-0.5103686451911926,495.708984375,325.6189880371094,283.0002136230469,0.004481542855501175,-0.06438981741666794,2.718292236328125,0.0,0.0,0.0,0,0
1786431233.9096777,6.33107688400014,APPROACH,FLOW,/home/eunseop/nrs_imitation/checkpoints/flow/polishing/single_cam/20260809_1638,496.1121826171875,328.5706481933594,253.78182983398438,-0.0012120362371206284,-0.04531364142894745,2.73172664642334,-1.1020044088363647,3.1666722297668457,-0.5103686451911926,495.708984375,325.6189880371094,283.0002136230469,0.004481542855501175,-0.06438981741666794,2.718292236328125,0.0,0.0,0.0,0,0
1786431233.91777,6.33916905299975,APPROACH,FLOW,/home/eunseop/nrs_imitation/checkpoints/flow/polishing/single_cam/20260809_1638,496.1121826171875,328.5706481933594,253.78182983398438,-0.0012120362371206284,-0.04531364142894745,2.73172664642334,-1.1020044088363647,3.1666722297668457,-0.5103686451911926,495.708984375,325.6189880371094,283.0002136230469,0.004481542855501175,-0.06438981741666794,2.718292236328125,0.0,0.0,0.0,0,0
1786431233.9256623,6.34706131799976,APPROACH,FLOW,/home/eunseop/nrs_imitation/checkpoints/flow/polishing/single_cam/20260809_1638,496.1121826171875,328.5706481933594,253.78182983398438,-0.0012120362371206284,-0.04531364142894745,2.73172664642334,-1.1020044088363647,3.1666722297668457,-0.5103686451911926,495.708984375,325.6189880371094,283.0002136230469,0.004481542855501175,-0.06438981741666794,2.718292236328125,0.0,0.0,0.0,0,0
1786431233.9336796,6.3550787639997,APPROACH,FLOW,/home/eunseop/nrs_imitation/checkpoints/flow/polishing/single_cam/20260809_1638,496.1121826171875,328.5706481933594,253.78182983398438,-0.0012120362371206284,-0.04531364142894745,2.73172664642334,-1.1020044088363647,3.1666722297668457,-0.5103686451911926,495.708984375,325.6189880371094,283.0002136230469,0.004481542855501175,-0.06438981741666794,2.718292236328125,0.0,0.0,0.0,0,0
1786431233.9417875,6.363186663000306,APPROACH,FLOW,/home/eunseop/nrs_imitation/checkpoints/flow/polishing/single_cam/20260809_1638,496.1121826171875,328.5706481933594,253.78182983398438,-0.0012120362371206284,-0.04531364142894745,2.73172664642334,-1.1020044088363647,3.1666722297668457,-0.5103686451911926,495.708984375,325.6189880371094,283.0002136230469,0.004481542855501175,-0.06438981741666794,2.718292236328125,0.0,0.0,0.0,0,0
1786431233.9496942,6.371093245999873,APPROACH,FLOW,/home/eunseop/nrs_imitation/checkpoints/flow/polishing/single_cam/20260809_1638,496.1121826171875,328.5706481933594,253.78182983398438,-0.0012120362371206284,-0.04531364142894745,2.73172664642334,-1.1020044088363647,3.1666722297668457,-0.5103686451911926,495.708984375,325.6189880371094,283.0002136230469,0.004481542855501175,-0.06438981741666794,2.718292236328125,0.0,0.0,0.0,0,0
1786431233.9577987,6.379197819000183,APPROACH,FLOW,/home/eunseop/nrs_imitation/checkpoints/flow/polishing/single_cam/20260809_1638,496.1121826171875,328.5706481933594,253.78182983398438,-0.0012120362371206284,-0.04531364142894745,2.73172664642334,-1.1020044088363647,3.1666722297668457,-0.5103686451911926,495.708984375,325.6189880371094,283.0002136230469,0.004481542855501175,-0.06438981741666794,2.718292236328125,0.0,0.0,0.0,0,0
1786431233.9657946,6.387193702999866,APPROACH,FLOW,/home/eunseop/nrs_imitation/checkpoints/flow/polishing/single_cam/20260809_1638,496.1121826171875,328.5706481933594,253.78182983398438,-0.0012120362371206284,-0.04531364142894745,2.73172664642334,-1.1020044088363647,3.1666722297668457,-0.5103686451911926,495.708984375,325.6189880371094,283.0002136230469,0.004481542855501175,-0.06438981741666794,2.718292236328125,0.0,0.0,0.0,0,0
1786431233.973807,6.39520635900044,APPROACH,FLOW,/home/eunseop/nrs_imitation/checkpoints/flow/polishing/single_cam/20260809_1638,496.1121826171875,328.5706481933594,253.78182983398438,-0.0012120362371206284,-0.04531364142894745,2.73172664642334,-1.1020044088363647,3.1666722297668457,-0.5103686451911926,495.708984375,325.6189880371094,283.0002136230469,0.004481542855501175,-0.06438981741666794,2.718292236328125,0.0,0.0,0.0,0,0
1786431233.9817984,6.40319754400025,APPROACH,FLOW,/home/eunseop/nrs_imitation/checkpoints/flow/polishing/single_cam/20260809_1638,496.1121826171875,328.5706481933594,253.78182983398438,-0.0012120362371206284,-0.04531364142894745,2.73172664642334,-1.1020044088363647,3.1666722297668457,-0.5103686451911926,495.708984375,325.6189880371094,283.0002136230469,0.004481542855501175,-0.06438981741666794,2.718292236328125,0.0,0.0,0.0,0,0
1786431233.9897785,6.411177607999889,APPROACH,FLOW,/home/eunseop/nrs_imitation/checkpoints/flow/polishing/single_cam/20260809_1638,496.1121826171875,328.5706481933594,253.78182983398438,-0.0012120362371206284,-0.04531364142894745,2.73172664642334,-1.1020044088363647,3.1666722297668457,-0.5103686451911926,495.708984375,325.6189880371094,283.0002136230469,0.004481542855501175,-0.06438981741666794,2.718292236328125,0.0,0.0,0.0,0,0
1786431233.9977884,6.419187639000484,APPROACH,FLOW,/home/eunseop/nrs_imitation/checkpoints/flow/polishing/single_cam/20260809_1638,496.1121826171875,328.5706481933594,253.78182983398438,-0.0012120362371206284,-0.04531364142894745,2.73172664642334,-1.1020044088363647,3.1666722297668457,-0.5103686451911926,495.708984375,325.6189880371094,283.0002136230469,0.004481542855501175,-0.06438981741666794,2.718292236328125,0.0,0.0,0.0,0,0
1786431234.0057878,6.427187010000125,APPROACH,FLOW,/home/eunseop/nrs_imitation/checkpoints/flow/polishing/single_cam/20260809_1638,496.1121826171875,328.5706481933594,253.78182983398438,-0.0012120362371206284,-0.04531364142894745,2.73172664642334,-1.1020044088363647,3.1666722297668457,-0.5103686451911926,495.708984375,325.6189880371094,283.0002136230469,0.004481542855501175,-0.06438981741666794,2.718292236328125,0.0,0.0,0.0,0,0
1786431234.0136638,6.435062743999879,APPROACH,FLOW,/home/eunseop/nrs_imitation/checkpoints/flow/polishing/single_cam/20260809_1638,496.1121826171875,328.5706481933594,253.78182983398438,-0.0012120362371206284,-0.04531364142894745,2.73172664642334,-1.1020044088363647,3.1666722297668457,-0.5103686451911926,495.708984375,325.6189880371094,283.0002136230469,0.004481542855501175,-0.06438981741666794,2.718292236328125,0.0,0.0,0.0,0,0
1786431234.0217652,6.443164309999702,APPROACH,FLOW,/home/eunseop/nrs_imitation/checkpoints/flow/polishing/single_cam/20260809_1638,496.1121826171875,328.5706481933594,253.78182983398438,-0.0012120362371206284,-0.04531364142894745,2.73172664642334,-1.1020044088363647,3.1666722297668457,-0.5103686451911926,495.708984375,325.6189880371094,283.0002136230469,0.004481542855501175,-0.06438981741666794,2.718292236328125,0.0,0.0,0.0,0,0
1786431234.0296412,6.451040353999815,APPROACH,FLOW,/home/eunseop/nrs_imitation/checkpoints/flow/polishing/single_cam/20260809_1638,496.1121826171875,328.5706481933594,253.78182983398438,-0.0012120362371206284,-0.04531364142894745,2.73172664642334,-1.1020044088363647,3.1666722297668457,-0.5103686451911926,495.708984375,325.6189880371094,283.0002136230469,0.004481542855501175,-0.06438981741666794,2.718292236328125,0.0,0.0,0.0,0,0
1786431234.037656,6.459055055000135,APPROACH,FLOW,/home/eunseop/nrs_imitation/checkpoints/flow/polishing/single_cam/20260809_1638,496.1121826171875,328.5706481933594,253.78182983398438,-0.0012120362371206284,-0.04531364142894745,2.73172664642334,-1.1020044088363647,3.1666722297668457,-0.5103686451911926,495.708984375,325.6189880371094,283.0002136230469,0.004481542855501175,-0.06438981741666794,2.718292236328125,0.0,0.0,0.0,0,0
1786431234.0457575,6.467156620999958,APPROACH,FLOW,/home/eunseop/nrs_imitation/checkpoints/flow/polishing/single_cam/20260809_1638,496.1121826171875,328.5706481933594,253.78182983398438,-0.0012120362371206284,-0.04531364142894745,2.73172664642334,-1.1020044088363647,3.1666722297668457,-0.5103686451911926,495.708984375,325.6189880371094,283.0002136230469,0.004481542855501175,-0.06438981741666794,2.718292236328125,0.0,0.0,0.0,0,0
1786431234.0536604,6.47505955700035,APPROACH,FLOW,/home/eunseop/nrs_imitation/checkpoints/flow/polishing/single_cam/20260809_1638,496.1121826171875,328.5706481933594,253.78182983398438,-0.0012120362371206284,-0.04531364142894745,2.73172664642334,-1.1020044088363647,3.1666722297668457,-0.5103686451911926,495.708984375,325.6189880371094,283.0002136230469,0.004481542855501175,-0.06438981741666794,2.718292236328125,0.0,0.0,0.0,0,0
1786431234.06172,6.483119053000337,APPROACH,FLOW,/home/eunseop/nrs_imitation/checkpoints/flow/polishing/single_cam/20260809_1638,496.1121826171875,328.5706481933594,253.78182983398438,-0.0012120362371206284,-0.04531364142894745,2.73172664642334,-1.1020044088363647,3.1666722297668457,-0.5103686451911926,495.708984375,325.6189880371094,283.0002136230469,0.004481542855501175,-0.06438981741666794,2.718292236328125,0.0,0.0,0.0,0,0
1786431234.0696642,6.491063258000395,APPROACH,FLOW,/home/eunseop/nrs_imitation/checkpoints/flow/polishing/single_cam/20260809_1638,496.1121826171875,328.5706481933594,253.78182983398438,-0.0012120362371206284,-0.04531364142894745,2.73172664642334,-1.1020044088363647,3.1666722297668457,-0.5103686451911926,495.708984375,325.6189880371094,283.0002136230469,0.004481542855501175,-0.06438981741666794,2.718292236328125,0.0,0.0,0.0,0,0
1786431234.077662,6.499061055000311,APPROACH,FLOW,/home/eunseop/nrs_imitation/checkpoints/flow/polishing/single_cam/20260809_1638,496.1121826171875,328.5706481933594,253.78182983398438,-0.0012120362371206284,-0.04531364142894745,2.73172664642334,-1.1020044088363647,3.1666722297668457,-0.5103686451911926,495.708984375,325.6189880371094,283.0002136230469,0.004481542855501175,-0.06438981741666794,2.718292236328125,0.0,0.0,0.0,0,0
1786431234.0856645,6.507063592000122,APPROACH,FLOW,/home/eunseop/nrs_imitation/checkpoints/flow/polishing/single_cam/20260809_1638,496.1121826171875,328.5706481933594,253.78182983398438,-0.0012120362371206284,-0.04531364142894745,2.73172664642334,-1.1020044088363647,3.1666722297668457,-0.5103686451911926,495.708984375,325.6189880371094,283.0002136230469,0.004481542855501175,-0.06438981741666794,2.718292236328125,0.0,0.0,0.0,0,0
1786431234.0937443,6.515143497000281,APPROACH,FLOW,/home/eunseop/nrs_imitation/checkpoints/flow/polishing/single_cam/20260809_1638,496.1121826171875,328.5706481933594,253.78182983398438,-0.0012120362371206284,-0.04531364142894745,2.73172664642334,-1.1020044088363647,3.1666722297668457,-0.5103686451911926,495.708984375,325.6189880371094,283.0002136230469,0.004481542855501175,-0.06438981741666794,2.718292236328125,0.0,0.0,0.0,0,0
1786431234.1016564,6.523055471000589,APPROACH,FLOW,/home/eunseop/nrs_imitation/checkpoints/flow/polishing/single_cam/20260809_1638,496.1121826171875,328.5706481933594,253.78182983398438,-0.0012120362371206284,-0.04531364142894745,2.73172664642334,-1.1020044088363647,3.1666722297668457,-0.5103686451911926,495.708984375,325.6189880371094,283.0002136230469,0.004481542855501175,-0.06438981741666794,2.718292236328125,0.0,0.0,0.0,0,0
1786431234.1097584,6.53115772900037,APPROACH,FLOW,/home/eunseop/nrs_imitation/checkpoints/flow/polishing/single_cam/20260809_1638,496.1121826171875,328.5706481933594,253.78182983398438,-0.0012120362371206284,-0.04531364142894745,2.73172664642334,-1.1020044088363647,3.1666722297668457,-0.5103686451911926,495.708984375,325.6189880371094,283.0002136230469,0.004481542855501175,-0.06438981741666794,2.718292236328125,0.0,0.0,0.0,0,0
1786431234.117668,6.539066975999958,APPROACH,FLOW,/home/eunseop/nrs_imitation/checkpoints/flow/polishing/single_cam/20260809_1638,496.1121826171875,328.5706481933594,253.78182983398438,-0.0012120362371206284,-0.04531364142894745,2.73172664642334,-1.1020044088363647,3.1666722297668457,-0.5103686451911926,495.708984375,325.6189880371094,283.0002136230469,0.004481542855501175,-0.06438981741666794,2.718292236328125,0.0,0.0,0.0,0,0
1786431234.1256533,6.5470524000002115,APPROACH,FLOW,/home/eunseop/nrs_imitation/checkpoints/flow/polishing/single_cam/20260809_1638,496.1121826171875,328.5706481933594,253.78182983398438,-0.0012120362371206284,-0.04531364142894745,2.73172664642334,-1.1020044088363647,3.1666722297668457,-0.5103686451911926,495.708984375,325.6189880371094,283.0002136230469,0.004481542855501175,-0.06438981741666794,2.718292236328125,0.0,0.0,0.0,0,0
1786431234.1337378,6.5551368240003285,APPROACH,FLOW,/home/eunseop/nrs_imitation/checkpoints/flow/polishing/single_cam/20260809_1638,496.1121826171875,328.5706481933594,253.78182983398438,-0.0012120362371206284,-0.04531364142894745,2.73172664642334,-1.1020044088363647,3.1666722297668457,-0.5103686451911926,495.708984375,325.6189880371094,283.0002136230469,0.004481542855501175,-0.06438981741666794,2.718292236328125,0.0,0.0,0.0,0,0
1786431234.1416824,6.563081389999752,APPROACH,FLOW,/home/eunseop/nrs_imitation/checkpoints/flow/polishing/single_cam/20260809_1638,496.1121826171875,328.5706481933594,253.78182983398438,-0.0012120362371206284,-0.04531364142894745,2.73172664642334,-1.1020044088363647,3.1666722297668457,-0.5103686451911926,495.708984375,325.6189880371094,283.0002136230469,0.004481542855501175,-0.06438981741666794,2.718292236328125,0.0,0.0,0.0,0,0
1786431234.1496742,6.571073306000471,APPROACH,FLOW,/home/eunseop/nrs_imitation/checkpoints/flow/polishing/single_cam/20260809_1638,496.1121826171875,328.5706481933594,253.78182983398438,-0.0012120362371206284,-0.04531364142894745,2.73172664642334,-1.1020044088363647,3.1666722297668457,-0.5103686451911926,495.708984375,325.6189880371094,283.0002136230469,0.004481542855501175,-0.06438981741666794,2.718292236328125,0.0,0.0,0.0,0,0
1786431234.1577308,6.579130087000522,APPROACH,FLOW,/home/eunseop/nrs_imitation/checkpoints/flow/polishing/single_cam/20260809_1638,496.1121826171875,328.5706481933594,253.78182983398438,-0.0012120362371206284,-0.04531364142894745,2.73172664642334,-1.1020044088363647,3.1666722297668457,-0.5103686451911926,495.708984375,325.6189880371094,283.0002136230469,0.004481542855501175,-0.06438981741666794,2.718292236328125,0.0,0.0,0.0,0,0
1786431234.1656394,6.587038513000152,APPROACH,FLOW,/home/eunseop/nrs_imitation/checkpoints/flow/polishing/single_cam/20260809_1638,496.1121826171875,328.5706481933594,253.78182983398438,-0.0012120362371206284,-0.04531364142894745,2.73172664642334,-1.1020044088363647,3.1666722297668457,-0.5103686451911926,495.708984375,325.6189880371094,283.0002136230469,0.004481542855501175,-0.06438981741666794,2.718292236328125,0.0,0.0,0.0,0,0
1786431234.1736693,6.595068452000305,APPROACH,FLOW,/home/eunseop/nrs_imitation/checkpoints/flow/polishing/single_cam/20260809_1638,496.1121826171875,328.5706481933594,253.78182983398438,-0.0012120362371206284,-0.04531364142894745,2.73172664642334,-1.1020044088363647,3.1666722297668457,-0.5103686451911926,495.708984375,325.6189880371094,283.0002136230469,0.004481542855501175,-0.06438981741666794,2.718292236328125,0.0,0.0,0.0,0,0
1786431234.1816525,6.603051652000431,APPROACH,FLOW,/home/eunseop/nrs_imitation/checkpoints/flow/polishing/single_cam/20260809_1638,496.1121826171875,328.5706481933594,253.78182983398438,-0.0012120362371206284,-0.04531364142894745,2.73172664642334,-1.1020044088363647,3.1666722297668457,-0.5103686451911926,495.708984375,325.6189880371094,283.0002136230469,0.004481542855501175,-0.06438981741666794,2.718292236328125,0.0,0.0,0.0,0,0
1786431234.1897173,6.611116298000525,APPROACH,FLOW,/home/eunseop/nrs_imitation/checkpoints/flow/polishing/single_cam/20260809_1638,496.1121826171875,328.5706481933594,253.78182983398438,-0.0012120362371206284,-0.04531364142894745,2.73172664642334,-1.1020044088363647,3.1666722297668457,-0.5103686451911926,495.708984375,325.6189880371094,283.0002136230469,0.004481542855501175,-0.06438981741666794,2.718292236328125,0.0,0.0,0.0,0,0
1786431234.1976752,6.619074258999717,APPROACH,FLOW,/home/eunseop/nrs_imitation/checkpoints/flow/polishing/single_cam/20260809_1638,496.1121826171875,328.5706481933594,253.78182983398438,-0.0012120362371206284,-0.04531364142894745,2.73172664642334,-1.1020044088363647,3.1666722297668457,-0.5103686451911926,495.708984375,325.6189880371094,283.0002136230469,0.004481542855501175,-0.06438981741666794,2.718292236328125,0.0,0.0,0.0,0,0
1786431234.205687,6.627086114000122,APPROACH,FLOW,/home/eunseop/nrs_imitation/checkpoints/flow/polishing/single_cam/20260809_1638,496.1121826171875,328.5706481933594,253.78182983398438,-0.0012120362371206284,-0.04531364142894745,2.73172664642334,-1.1020044088363647,3.1666722297668457,-0.5103686451911926,495.708984375,325.6189880371094,283.0002136230469,0.004481542855501175,-0.06438981741666794,2.718292236328125,0.0,0.0,0.0,0,0
1786431234.2145855,6.635984739999913,APPROACH,FLOW,/home/eunseop/nrs_imitation/checkpoints/flow/polishing/single_cam/20260809_1638,496.1121826171875,328.5706481933594,253.78182983398438,-0.0012120362371206284,-0.04531364142894745,2.73172664642334,-1.1020044088363647,3.1666722297668457,-0.5103686451911926,495.708984375,325.6189880371094,283.0002136230469,0.004481542855501175,-0.06438981741666794,2.718292236328125,0.0,0.0,0.0,0,0
1786431234.2217677,6.64316693300043,APPROACH,FLOW,/home/eunseop/nrs_imitation/checkpoints/flow/polishing/single_cam/20260809_1638,496.1121826171875,328.5706481933594,253.78182983398438,-0.0012120362371206284,-0.04531364142894745,2.73172664642334,-1.1020044088363647,3.1666722297668457,-0.5103686451911926,495.708984375,325.6189880371094,283.0002136230469,0.004481542855501175,-0.06438981741666794,2.718292236328125,0.0,0.0,0.0,0,0
1786431234.2297668,6.651166272999944,APPROACH,FLOW,/home/eunseop/nrs_imitation/checkpoints/flow/polishing/single_cam/20260809_1638,496.1121826171875,328.5706481933594,253.78182983398438,-0.0012120362371206284,-0.04531364142894745,2.73172664642334,-1.1020044088363647,3.1666722297668457,-0.5103686451911926,495.708984375,325.6189880371094,283.0002136230469,0.004481542855501175,-0.06438981741666794,2.718292236328125,0.0,0.0,0.0,0,0
1786431234.2376611,6.659060140999827,APPROACH,FLOW,/home/eunseop/nrs_imitation/checkpoints/flow/polishing/single_cam/20260809_1638,496.1121826171875,328.5706481933594,253.78182983398438,-0.0012120362371206284,-0.04531364142894745,2.73172664642334,-1.1020044088363647,3.1666722297668457,-0.5103686451911926,495.708984375,325.6189880371094,283.0002136230469,0.004481542855501175,-0.06438981741666794,2.718292236328125,0.0,0.0,0.0,0,0
1786431234.245764,6.667163230999904,APPROACH,FLOW,/home/eunseop/nrs_imitation/checkpoints/flow/polishing/single_cam/20260809_1638,496.1121826171875,328.5706481933594,253.78182983398438,-0.0012120362371206284,-0.04531364142894745,2.73172664642334,-1.1020044088363647,3.1666722297668457,-0.5103686451911926,495.708984375,325.6189880371094,283.0002136230469,0.004481542855501175,-0.06438981741666794,2.718292236328125,0.0,0.0,0.0,0,0
1786431234.2537959,6.675195173999782,APPROACH,FLOW,/home/eunseop/nrs_imitation/checkpoints/flow/polishing/single_cam/20260809_1638,496.1121826171875,328.5706481933594,253.78182983398438,-0.0012120362371206284,-0.04531364142894745,2.73172664642334,-1.1020044088363647,3.1666722297668457,-0.5103686451911926,495.708984375,325.6189880371094,283.0002136230469,0.004481542855501175,-0.06438981741666794,2.718292236328125,0.0,0.0,0.0,0,0
1786431234.2617624,6.683161480999843,APPROACH,FLOW,/home/eunseop/nrs_imitation/checkpoints/flow/polishing/single_cam/20260809_1638,496.1121826171875,328.5706481933594,253.78182983398438,-0.0012120362371206284,-0.04531364142894745,2.73172664642334,-1.1020044088363647,3.1666722297668457,-0.5103686451911926,495.708984375,325.6189880371094,283.0002136230469,0.004481542855501175,-0.06438981741666794,2.718292236328125,0.0,0.0,0.0,0,0
1786431234.2697587,6.691157905999717,APPROACH,FLOW,/home/eunseop/nrs_imitation/checkpoints/flow/polishing/single_cam/20260809_1638,496.1121826171875,328.5706481933594,253.78182983398438,-0.0012120362371206284,-0.04531364142894745,2.73172664642334,-1.1020044088363647,3.1666722297668457,-0.5103686451911926,495.708984375,325.6189880371094,283.0002136230469,0.004481542855501175,-0.06438981741666794,2.718292236328125,0.0,0.0,0.0,0,0
1786431234.277755,6.699154241000542,APPROACH,FLOW,/home/eunseop/nrs_imitation/checkpoints/flow/polishing/single_cam/20260809_1638,496.1121826171875,328.5706481933594,253.78182983398438,-0.0012120362371206284,-0.04531364142894745,2.73172664642334,-1.1020044088363647,3.1666722297668457,-0.5103686451911926,495.708984375,325.6189880371094,283.0002136230469,0.004481542855501175,-0.06438981741666794,2.718292236328125,0.0,0.0,0.0,0,0
1786431234.2856781,6.70707710500028,APPROACH,FLOW,/home/eunseop/nrs_imitation/checkpoints/flow/polishing/single_cam/20260809_1638,496.1121826171875,328.5706481933594,253.78182983398438,-0.0012120362371206284,-0.04531364142894745,2.73172664642334,-1.1020044088363647,3.1666722297668457,-0.5103686451911926,495.708984375,325.6189880371094,283.0002136230469,0.004481542855501175,-0.06438981741666794,2.718292236328125,0.0,0.0,0.0,0,0
1786431234.2936504,6.715049454000109,APPROACH,FLOW,/home/eunseop/nrs_imitation/checkpoints/flow/polishing/single_cam/20260809_1638,496.1121826171875,328.5706481933594,253.78182983398438,-0.0012120362371206284,-0.04531364142894745,2.73172664642334,-1.1020044088363647,3.1666722297668457,-0.5103686451911926,495.708984375,325.6189880371094,283.0002136230469,0.004481542855501175,-0.06438981741666794,2.718292236328125,0.0,0.0,0.0,0,0
1786431234.301663,6.72306202999971,APPROACH,FLOW,/home/eunseop/nrs_imitation/checkpoints/flow/polishing/single_cam/20260809_1638,496.1121826171875,328.5706481933594,253.78182983398438,-0.0012120362371206284,-0.04531364142894745,2.73172664642334,-1.1020044088363647,3.1666722297668457,-0.5103686451911926,495.708984375,325.6189880371094,283.0002136230469,0.004481542855501175,-0.06438981741666794,2.718292236328125,0.0,0.0,0.0,0,0
1786431234.3096745,6.731073494000157,APPROACH,FLOW,/home/eunseop/nrs_imitation/checkpoints/flow/polishing/single_cam/20260809_1638,496.1121826171875,328.5706481933594,253.78182983398438,-0.0012120362371206284,-0.04531364142894745,2.73172664642334,-1.1020044088363647,3.1666722297668457,-0.5103686451911926,495.708984375,325.6189880371094,283.0002136230469,0.004481542855501175,-0.06438981741666794,2.718292236328125,0.0,0.0,0.0,0,0
1786431234.3176532,6.739052205000007,APPROACH,FLOW,/home/eunseop/nrs_imitation/checkpoints/flow/polishing/single_cam/20260809_1638,496.1121826171875,328.5706481933594,253.78182983398438,-0.0012120362371206284,-0.04531364142894745,2.73172664642334,-1.1020044088363647,3.1666722297668457,-0.5103686451911926,495.708984375,325.6189880371094,283.0002136230469,0.004481542855501175,-0.06438981741666794,2.718292236328125,0.0,0.0,0.0,0,0
1786431234.3256433,6.747042388000409,APPROACH,FLOW,/home/eunseop/nrs_imitation/checkpoints/flow/polishing/single_cam/20260809_1638,496.1121826171875,328.5706481933594,253.78182983398438,-0.0012120362371206284,-0.04531364142894745,2.73172664642334,-1.1020044088363647,3.1666722297668457,-0.5103686451911926,495.708984375,325.6189880371094,283.0002136230469,0.004481542855501175,-0.06438981741666794,2.718292236328125,0.0,0.0,0.0,0,0
1786431234.3336654,6.755064252000011,APPROACH,FLOW,/home/eunseop/nrs_imitation/checkpoints/flow/polishing/single_cam/20260809_1638,496.1121826171875,328.5706481933594,253.78182983398438,-0.0012120362371206284,-0.04531364142894745,2.73172664642334,-1.1020044088363647,3.1666722297668457,-0.5103686451911926,495.708984375,325.6189880371094,283.0002136230469,0.004481542855501175,-0.06438981741666794,2.718292236328125,0.0,0.0,0.0,0,0
1786431234.341645,6.763044094999714,APPROACH,FLOW,/home/eunseop/nrs_imitation/checkpoints/flow/polishing/single_cam/20260809_1638,496.1121826171875,328.5706481933594,253.78182983398438,-0.0012120362371206284,-0.04531364142894745,2.73172664642334,-1.1020044088363647,3.1666722297668457,-0.5103686451911926,495.708984375,325.6189880371094,283.0002136230469,0.004481542855501175,-0.06438981741666794,2.718292236328125,0.0,0.0,0.0,0,0
1786431234.3496413,6.771040290000201,APPROACH,FLOW,/home/eunseop/nrs_imitation/checkpoints/flow/polishing/single_cam/20260809_1638,496.1121826171875,328.5706481933594,253.78182983398438,-0.0012120362371206284,-0.04531364142894745,2.73172664642334,-1.1020044088363647,3.1666722297668457,-0.5103686451911926,495.708984375,325.6189880371094,283.0002136230469,0.004481542855501175,-0.06438981741666794,2.718292236328125,0.0,0.0,0.0,0,0
1786431234.357696,6.779095177000272,APPROACH,FLOW,/home/eunseop/nrs_imitation/checkpoints/flow/polishing/single_cam/20260809_1638,496.1121826171875,328.5706481933594,253.78182983398438,-0.0012120362371206284,-0.04531364142894745,2.73172664642334,-1.1020044088363647,3.1666722297668457,-0.5103686451911926,495.708984375,325.6189880371094,283.0002136230469,0.004481542855501175,-0.06438981741666794,2.718292236328125,0.0,0.0,0.0,0,0
1786431234.3657045,6.787103475000549,APPROACH,FLOW,/home/eunseop/nrs_imitation/checkpoints/flow/polishing/single_cam/20260809_1638,496.1121826171875,328.5706481933594,253.78182983398438,-0.0012120362371206284,-0.04531364142894745,2.73172664642334,-1.1020044088363647,3.1666722297668457,-0.5103686451911926,495.708984375,325.6189880371094,283.0002136230469,0.004481542855501175,-0.06438981741666794,2.718292236328125,0.0,0.0,0.0,0,0
1786431234.373766,6.795165145000283,APPROACH,FLOW,/home/eunseop/nrs_imitation/checkpoints/flow/polishing/single_cam/20260809_1638,496.1121826171875,328.5706481933594,253.78182983398438,-0.0012120362371206284,-0.04531364142894745,2.73172664642334,-1.1020044088363647,3.1666722297668457,-0.5103686451911926,495.708984375,325.6189880371094,283.0002136230469,0.004481542855501175,-0.06438981741666794,2.718292236328125,0.0,0.0,0.0,0,0
1786431234.3817236,6.803122836000512,APPROACH,FLOW,/home/eunseop/nrs_imitation/checkpoints/flow/polishing/single_cam/20260809_1638,496.1121826171875,328.5706481933594,253.78182983398438,-0.0012120362371206284,-0.04531364142894745,2.73172664642334,-1.1020044088363647,3.1666722297668457,-0.5103686451911926,495.708984375,325.6189880371094,283.0002136230469,0.004481542855501175,-0.06438981741666794,2.718292236328125,0.0,0.0,0.0,0,0
1786431234.3896606,6.811059716999807,APPROACH,FLOW,/home/eunseop/nrs_imitation/checkpoints/flow/polishing/single_cam/20260809_1638,496.1121826171875,328.5706481933594,253.78182983398438,-0.0012120362371206284,-0.04531364142894745,2.73172664642334,-1.1020044088363647,3.1666722297668457,-0.5103686451911926,495.708984375,325.6189880371094,283.0002136230469,0.004481542855501175,-0.06438981741666794,2.718292236328125,0.0,0.0,0.0,0,0
1786431234.3976645,6.81906350600002,APPROACH,FLOW,/home/eunseop/nrs_imitation/checkpoints/flow/polishing/single_cam/20260809_1638,496.1121826171875,328.5706481933594,253.78182983398438,-0.0012120362371206284,-0.04531364142894745,2.73172664642334,-1.1020044088363647,3.1666722297668457,-0.5103686451911926,495.708984375,325.6189880371094,283.0002136230469,0.004481542855501175,-0.06438981741666794,2.718292236328125,0.0,0.0,0.0,0,0
1786431234.4057686,6.827167858000394,APPROACH,FLOW,/home/eunseop/nrs_imitation/checkpoints/flow/polishing/single_cam/20260809_1638,496.1121826171875,328.5706481933594,253.78182983398438,-0.0012120362371206284,-0.04531364142894745,2.73172664642334,-1.1020044088363647,3.1666722297668457,-0.5103686451911926,495.708984375,325.6189880371094,283.0002136230469,0.004481542855501175,-0.06438981741666794,2.718292236328125,0.0,0.0,0.0,0,0
1786431234.4137416,6.835140688000138,APPROACH,FLOW,/home/eunseop/nrs_imitation/checkpoints/flow/polishing/single_cam/20260809_1638,496.1121826171875,328.5706481933594,253.78182983398438,-0.0012120362371206284,-0.04531364142894745,2.73172664642334,-1.1020044088363647,3.1666722297668457,-0.5103686451911926,495.708984375,325.6189880371094,283.0002136230469,0.004481542855501175,-0.06438981741666794,2.718292236328125,0.0,0.0,0.0,0,0
1786431234.4217615,6.8431608380005855,APPROACH,FLOW,/home/eunseop/nrs_imitation/checkpoints/flow/polishing/single_cam/20260809_1638,496.1121826171875,328.5706481933594,253.78182983398438,-0.0012120362371206284,-0.04531364142894745,2.73172664642334,-1.1020044088363647,3.1666722297668457,-0.5103686451911926,495.708984375,325.6189880371094,283.0002136230469,0.004481542855501175,-0.06438981741666794,2.718292236328125,0.0,0.0,0.0,0,0
1786431234.4297688,6.851167783999699,APPROACH,FLOW,/home/eunseop/nrs_imitation/checkpoints/flow/polishing/single_cam/20260809_1638,496.1121826171875,328.5706481933594,253.78182983398438,-0.0012120362371206284,-0.04531364142894745,2.73172664642334,-1.1020044088363647,3.1666722297668457,-0.5103686451911926,495.708984375,325.6189880371094,283.0002136230469,0.004481542855501175,-0.06438981741666794,2.718292236328125,0.0,0.0,0.0,0,0
1786431234.4377642,6.859163377000186,APPROACH,FLOW,/home/eunseop/nrs_imitation/checkpoints/flow/polishing/single_cam/20260809_1638,496.1121826171875,328.5706481933594,253.78182983398438,-0.0012120362371206284,-0.04531364142894745,2.73172664642334,-1.1020044088363647,3.1666722297668457,-0.5103686451911926,495.708984375,325.6189880371094,283.0002136230469,0.004481542855501175,-0.06438981741666794,2.718292236328125,0.0,0.0,0.0,0,0
1786431234.445676,6.867075220000515,APPROACH,FLOW,/home/eunseop/nrs_imitation/checkpoints/flow/polishing/single_cam/20260809_1638,496.1121826171875,328.5706481933594,253.78182983398438,-0.0012120362371206284,-0.04531364142894745,2.73172664642334,-1.1020044088363647,3.1666722297668457,-0.5103686451911926,495.708984375,325.6189880371094,283.0002136230469,0.004481542855501175,-0.06438981741666794,2.718292236328125,0.0,0.0,0.0,0,0
1786431234.4536722,6.875071174000368,APPROACH,FLOW,/home/eunseop/nrs_imitation/checkpoints/flow/polishing/single_cam/20260809_1638,496.1121826171875,328.5706481933594,253.78182983398438,-0.0012120362371206284,-0.04531364142894745,2.73172664642334,-1.1020044088363647,3.1666722297668457,-0.5103686451911926,495.708984375,325.6189880371094,283.0002136230469,0.004481542855501175,-0.06438981741666794,2.718292236328125,0.0,0.0,0.0,0,0
1786431234.4616563,6.883055355000579,APPROACH,FLOW,/home/eunseop/nrs_imitation/checkpoints/flow/polishing/single_cam/20260809_1638,496.1121826171875,328.5706481933594,253.78182983398438,-0.0012120362371206284,-0.04531364142894745,2.73172664642334,-1.1020044088363647,3.1666722297668457,-0.5103686451911926,495.708984375,325.6189880371094,283.0002136230469,0.004481542855501175,-0.06438981741666794,2.718292236328125,0.0,0.0,0.0,0,0
1786431234.4696836,6.891082668999843,APPROACH,FLOW,/home/eunseop/nrs_imitation/checkpoints/flow/polishing/single_cam/20260809_1638,496.1121826171875,328.5706481933594,253.78182983398438,-0.0012120362371206284,-0.04531364142894745,2.73172664642334,-1.1020044088363647,3.1666722297668457,-0.5103686451911926,495.708984375,325.6189880371094,283.0002136230469,0.004481542855501175,-0.06438981741666794,2.718292236328125,0.0,0.0,0.0,0,0
1786431234.477795,6.899194034999709,APPROACH,FLOW,/home/eunseop/nrs_imitation/checkpoints/flow/polishing/single_cam/20260809_1638,496.1121826171875,328.5706481933594,253.78182983398438,-0.0012120362371206284,-0.04531364142894745,2.73172664642334,-1.1020044088363647,3.1666722297668457,-0.5103686451911926,495.708984375,325.6189880371094,283.0002136230469,0.004481542855501175,-0.06438981741666794,2.718292236328125,0.0,0.0,0.0,0,0
1786431234.4857981,6.907197434000409,APPROACH,FLOW,/home/eunseop/nrs_imitation/checkpoints/flow/polishing/single_cam/20260809_1638,496.1121826171875,328.5706481933594,253.78182983398438,-0.0012120362371206284,-0.04531364142894745,2.73172664642334,-1.1020044088363647,3.1666722297668457,-0.5103686451911926,495.708984375,325.6189880371094,283.0002136230469,0.004481542855501175,-0.06438981741666794,2.718292236328125,0.0,0.0,0.0,0,0
1786431234.493757,6.915156167000532,APPROACH,FLOW,/home/eunseop/nrs_imitation/checkpoints/flow/polishing/single_cam/20260809_1638,496.1121826171875,328.5706481933594,253.78182983398438,-0.0012120362371206284,-0.04531364142894745,2.73172664642334,-1.1020044088363647,3.1666722297668457,-0.5103686451911926,495.708984375,325.6189880371094,283.0002136230469,0.004481542855501175,-0.06438981741666794,2.718292236328125,0.0,0.0,0.0,0,0
1786431234.501803,6.923202257000412,APPROACH,FLOW,/home/eunseop/nrs_imitation/checkpoints/flow/polishing/single_cam/20260809_1638,496.1121826171875,328.5706481933594,253.78182983398438,-0.0012120362371206284,-0.04531364142894745,2.73172664642334,-1.1020044088363647,3.1666722297668457,-0.5103686451911926,495.708984375,325.6189880371094,283.0002136230469,0.004481542855501175,-0.06438981741666794,2.718292236328125,0.0,0.0,0.0,0,0
1786431234.5114133,6.932812369000203,APPROACH,FLOW,/home/eunseop/nrs_imitation/checkpoints/flow/polishing/single_cam/20260809_1638,496.1121826171875,328.5706481933594,253.78182983398438,-0.0012120362371206284,-0.04531364142894745,2.73172664642334,-1.1020044088363647,3.1666722297668457,-0.5103686451911926,495.708984375,325.6189880371094,283.0002136230469,0.004481542855501175,-0.06438981741666794,2.718292236328125,0.0,0.0,0.0,0,0
1786431234.517806,6.939205227000457,APPROACH,FLOW,/home/eunseop/nrs_imitation/checkpoints/flow/polishing/single_cam/20260809_1638,496.1121826171875,328.5706481933594,253.78182983398438,-0.0012120362371206284,-0.04531364142894745,2.73172664642334,-1.1020044088363647,3.1666722297668457,-0.5103686451911926,495.708984375,325.6189880371094,283.0002136230469,0.004481542855501175,-0.06438981741666794,2.718292236328125,0.0,0.0,0.0,0,0
1786431234.5257692,6.947168478000094,APPROACH,FLOW,/home/eunseop/nrs_imitation/checkpoints/flow/polishing/single_cam/20260809_1638,496.1121826171875,328.5706481933594,253.78182983398438,-0.0012120362371206284,-0.04531364142894745,2.73172664642334,-1.1020044088363647,3.1666722297668457,-0.5103686451911926,495.708984375,325.6189880371094,283.0002136230469,0.004481542855501175,-0.06438981741666794,2.718292236328125,0.0,0.0,0.0,0,0
1786431234.5353818,6.956780894000076,APPROACH,FLOW,/home/eunseop/nrs_imitation/checkpoints/flow/polishing/single_cam/20260809_1638,496.1121826171875,328.5706481933594,253.78182983398438,-0.0012120362371206284,-0.04531364142894745,2.73172664642334,-1.1020044088363647,3.1666722297668457,-0.5103686451911926,495.708984375,325.6189880371094,283.0002136230469,0.004481542855501175,-0.06438981741666794,2.718292236328125,0.0,0.0,0.0,0,0
1786431234.541762,6.963161268000476,APPROACH,FLOW,/home/eunseop/nrs_imitation/checkpoints/flow/polishing/single_cam/20260809_1638,496.1121826171875,328.5706481933594,253.78182983398438,-0.0012120362371206284,-0.04531364142894745,2.73172664642334,-1.1020044088363647,3.1666722297668457,-0.5103686451911926,495.708984375,325.6189880371094,283.0002136230469,0.004481542855501175,-0.06438981741666794,2.718292236328125,0.0,0.0,0.0,0,0
1786431234.5496914,6.9710903940003845,APPROACH,FLOW,/home/eunseop/nrs_imitation/checkpoints/flow/polishing/single_cam/20260809_1638,496.1121826171875,328.5706481933594,253.78182983398438,-0.0012120362371206284,-0.04531364142894745,2.73172664642334,-1.1020044088363647,3.1666722297668457,-0.5103686451911926,495.708984375,325.6189880371094,283.0002136230469,0.004481542855501175,-0.06438981741666794,2.718292236328125,0.0,0.0,0.0,0,0
1786431234.5577612,6.979160419999971,APPROACH,FLOW,/home/eunseop/nrs_imitation/checkpoints/flow/polishing/single_cam/20260809_1638,496.1121826171875,328.5706481933594,253.78182983398438,-0.0012120362371206284,-0.04531364142894745,2.73172664642334,-1.1020044088363647,3.1666722297668457,-0.5103686451911926,495.708984375,325.6189880371094,283.0002136230469,0.004481542855501175,-0.06438981741666794,2.718292236328125,0.0,0.0,0.0,0,0
1786431234.5657787,6.987177904999953,APPROACH,FLOW,/home/eunseop/nrs_imitation/checkpoints/flow/polishing/single_cam/20260809_1638,496.1121826171875,328.5706481933594,253.78182983398438,-0.0012120362371206284,-0.04531364142894745,2.73172664642334,-1.1020044088363647,3.1666722297668457,-0.5103686451911926,495.708984375,325.6189880371094,283.0002136230469,0.004481542855501175,-0.06438981741666794,2.718292236328125,0.0,0.0,0.0,0,0
1786431234.573794,6.995193006000591,APPROACH,FLOW,/home/eunseop/nrs_imitation/checkpoints/flow/polishing/single_cam/20260809_1638,496.1121826171875,328.5706481933594,253.78182983398438,-0.0012120362371206284,-0.04531364142894745,2.73172664642334,-1.1020044088363647,3.1666722297668457,-0.5103686451911926,495.708984375,325.6189880371094,283.0002136230469,0.004481542855501175,-0.06438981741666794,2.718292236328125,0.0,0.0,0.0,0,0
1786431234.5816743,7.003073378999943,APPROACH,FLOW,/home/eunseop/nrs_imitation/checkpoints/flow/polishing/single_cam/20260809_1638,496.1121826171875,328.5706481933594,253.78182983398438,-0.0012120362371206284,-0.04531364142894745,2.73172664642334,-1.1020044088363647,3.1666722297668457,-0.5103686451911926,495.708984375,325.6189880371094,283.0002136230469,0.004481542855501175,-0.06438981741666794,2.718292236328125,0.0,0.0,0.0,0,0
1786431234.5897212,7.011120281000331,APPROACH,FLOW,/home/eunseop/nrs_imitation/checkpoints/flow/polishing/single_cam/20260809_1638,496.1121826171875,328.5706481933594,253.78182983398438,-0.0012120362371206284,-0.04531364142894745,2.73172664642334,-1.1020044088363647,3.1666722297668457,-0.5103686451911926,495.708984375,325.6189880371094,283.0002136230469,0.004481542855501175,-0.06438981741666794,2.718292236328125,0.0,0.0,0.0,0,0
1786431234.5976698,7.019069054000283,APPROACH,FLOW,/home/eunseop/nrs_imitation/checkpoints/flow/polishing/single_cam/20260809_1638,496.1121826171875,328.5706481933594,253.78182983398438,-0.0012120362371206284,-0.04531364142894745,2.73172664642334,-1.1020044088363647,3.1666722297668457,-0.5103686451911926,495.708984375,325.6189880371094,283.0002136230469,0.004481542855501175,-0.06438981741666794,2.718292236328125,0.0,0.0,0.0,0,0
1786431234.6056645,7.027063495999755,APPROACH,FLOW,/home/eunseop/nrs_imitation/checkpoints/flow/polishing/single_cam/20260809_1638,496.1121826171875,328.5706481933594,253.78182983398438,-0.0012120362371206284,-0.04531364142894745,2.73172664642334,-1.1020044088363647,3.1666722297668457,-0.5103686451911926,495.708984375,325.6189880371094,283.0002136230469,0.004481542855501175,-0.06438981741666794,2.718292236328125,0.0,0.0,0.0,0,0
1786431234.613747,7.0351461660002315,APPROACH,FLOW,/home/eunseop/nrs_imitation/checkpoints/flow/polishing/single_cam/20260809_1638,496.1121826171875,328.5706481933594,253.78182983398438,-0.0012120362371206284,-0.04531364142894745,2.73172664642334,-1.1020044088363647,3.1666722297668457,-0.5103686451911926,495.708984375,325.6189880371094,283.0002136230469,0.004481542855501175,-0.06438981741666794,2.718292236328125,0.0,0.0,0.0,0,0
1786431234.6218026,7.043201774999943,APPROACH,FLOW,/home/eunseop/nrs_imitation/checkpoints/flow/polishing/single_cam/20260809_1638,496.1121826171875,328.5706481933594,253.78182983398438,-0.0012120362371206284,-0.04531364142894745,2.73172664642334,-1.1020044088363647,3.1666722297668457,-0.5103686451911926,495.708984375,325.6189880371094,283.0002136230469,0.004481542855501175,-0.06438981741666794,2.718292236328125,0.0,0.0,0.0,0,0
1786431234.6297226,7.051121823000358,APPROACH,FLOW,/home/eunseop/nrs_imitation/checkpoints/flow/polishing/single_cam/20260809_1638,496.1121826171875,328.5706481933594,253.78182983398438,-0.0012120362371206284,-0.04531364142894745,2.73172664642334,-1.1020044088363647,3.1666722297668457,-0.5103686451911926,495.708984375,325.6189880371094,283.0002136230469,0.004481542855501175,-0.06438981741666794,2.718292236328125,0.0,0.0,0.0,0,0
1786431234.637762,7.05916125099975,APPROACH,FLOW,/home/eunseop/nrs_imitation/checkpoints/flow/polishing/single_cam/20260809_1638,496.1121826171875,328.5706481933594,253.78182983398438,-0.0012120362371206284,-0.04531364142894745,2.73172664642334,-1.1020044088363647,3.1666722297668457,-0.5103686451911926,495.708984375,325.6189880371094,283.0002136230469,0.004481542855501175,-0.06438981741666794,2.718292236328125,0.0,0.0,0.0,0,0
1786431234.6470165,7.068415538999943,APPROACH,FLOW,/home/eunseop/nrs_imitation/checkpoints/flow/polishing/single_cam/20260809_1638,496.1121826171875,328.5706481933594,253.78182983398438,-0.0012120362371206284,-0.04531364142894745,2.73172664642334,-1.1020044088363647,3.1666722297668457,-0.5103686451911926,495.708984375,325.6189880371094,283.0002136230469,0.004481542855501175,-0.06438981741666794,2.718292236328125,0.0,0.0,0.0,0,0
1786431234.6537247,7.075123943000108,APPROACH,FLOW,/home/eunseop/nrs_imitation/checkpoints/flow/polishing/single_cam/20260809_1638,496.1121826171875,328.5706481933594,253.78182983398438,-0.0012120362371206284,-0.04531364142894745,2.73172664642334,-1.1020044088363647,3.1666722297668457,-0.5103686451911926,495.708984375,325.6189880371094,283.0002136230469,0.004481542855501175,-0.06438981741666794,2.718292236328125,0.0,0.0,0.0,0,0
1786431234.6616418,7.083040755000184,APPROACH,FLOW,/home/eunseop/nrs_imitation/checkpoints/flow/polishing/single_cam/20260809_1638,496.1121826171875,328.5706481933594,253.78182983398438,-0.0012120362371206284,-0.04531364142894745,2.73172664642334,-1.1020044088363647,3.1666722297668457,-0.5103686451911926,495.708984375,325.6189880371094,283.0002136230469,0.004481542855501175,-0.06438981741666794,2.718292236328125,0.0,0.0,0.0,0,0
1786431234.6696482,7.091047179999805,APPROACH,FLOW,/home/eunseop/nrs_imitation/checkpoints/flow/polishing/single_cam/20260809_1638,496.1121826171875,328.5706481933594,253.78182983398438,-0.0012120362371206284,-0.04531364142894745,2.73172664642334,-1.1020044088363647,3.1666722297668457,-0.5103686451911926,495.708984375,325.6189880371094,283.0002136230469,0.004481542855501175,-0.06438981741666794,2.718292236328125,0.0,0.0,0.0,0,0
1786431234.67783,7.099229180999828,APPROACH,FLOW,/home/eunseop/nrs_imitation/checkpoints/flow/polishing/single_cam/20260809_1638,496.1121826171875,328.5706481933594,253.78182983398438,-0.0012120362371206284,-0.04531364142894745,2.73172664642334,-1.1020044088363647,3.1666722297668457,-0.5103686451911926,495.708984375,325.6189880371094,283.0002136230469,0.004481542855501175,-0.06438981741666794,2.718292236328125,0.0,0.0,0.0,0,0
1786431234.6857653,7.107164548000583,APPROACH,FLOW,/home/eunseop/nrs_imitation/checkpoints/flow/polishing/single_cam/20260809_1638,496.1121826171875,328.5706481933594,253.78182983398438,-0.0012120362371206284,-0.04531364142894745,2.73172664642334,-1.1020044088363647,3.1666722297668457,-0.5103686451911926,495.708984375,325.6189880371094,283.0002136230469,0.004481542855501175,-0.06438981741666794,2.718292236328125,0.0,0.0,0.0,0,0
1786431234.693752,7.115151365000202,APPROACH,FLOW,/home/eunseop/nrs_imitation/checkpoints/flow/polishing/single_cam/20260809_1638,496.1121826171875,328.5706481933594,253.78182983398438,-0.0012120362371206284,-0.04531364142894745,2.73172664642334,-1.1020044088363647,3.1666722297668457,-0.5103686451911926,495.708984375,325.6189880371094,283.0002136230469,0.004481542855501175,-0.06438981741666794,2.718292236328125,0.0,0.0,0.0,0,0
1786431234.7017586,7.1231579000004785,APPROACH,FLOW,/home/eunseop/nrs_imitation/checkpoints/flow/polishing/single_cam/20260809_1638,496.1121826171875,328.5706481933594,253.78182983398438,-0.0012120362371206284,-0.04531364142894745,2.73172664642334,-1.1020044088363647,3.1666722297668457,-0.5103686451911926,495.708984375,325.6189880371094,283.0002136230469,0.004481542855501175,-0.06438981741666794,2.718292236328125,0.0,0.0,0.0,0,0
1786431234.709734,7.13113307399999,APPROACH,FLOW,/home/eunseop/nrs_imitation/checkpoints/flow/polishing/single_cam/20260809_1638,496.1121826171875,328.5706481933594,253.78182983398438,-0.0012120362371206284,-0.04531364142894745,2.73172664642334,-1.1020044088363647,3.1666722297668457,-0.5103686451911926,495.708984375,325.6189880371094,283.0002136230469,0.004481542855501175,-0.06438981741666794,2.718292236328125,0.0,0.0,0.0,0,0
1786431234.7178297,7.139228818999982,APPROACH,FLOW,/home/eunseop/nrs_imitation/checkpoints/flow/polishing/single_cam/20260809_1638,496.1121826171875,328.5706481933594,253.78182983398438,-0.0012120362371206284,-0.04531364142894745,2.73172664642334,-1.1020044088363647,3.1666722297668457,-0.5103686451911926,495.708984375,325.6189880371094,283.0002136230469,0.004481542855501175,-0.06438981741666794,2.718292236328125,0.0,0.0,0.0,0,0
1786431234.7258167,7.147216096000193,APPROACH,FLOW,/home/eunseop/nrs_imitation/checkpoints/flow/polishing/single_cam/20260809_1638,496.1121826171875,328.5706481933594,253.78182983398438,-0.0012120362371206284,-0.04531364142894745,2.73172664642334,-1.1020044088363647,3.1666722297668457,-0.5103686451911926,495.708984375,325.6189880371094,283.0002136230469,0.004481542855501175,-0.06438981741666794,2.718292236328125,0.0,0.0,0.0,0,0
1786431234.7336824,7.15508151999984,APPROACH,FLOW,/home/eunseop/nrs_imitation/checkpoints/flow/polishing/single_cam/20260809_1638,496.1121826171875,328.5706481933594,253.78182983398438,-0.0012120362371206284,-0.04531364142894745,2.73172664642334,-1.1020044088363647,3.1666722297668457,-0.5103686451911926,495.708984375,325.6189880371094,283.0002136230469,0.004481542855501175,-0.06438981741666794,2.718292236328125,0.0,0.0,0.0,0,0
1786431234.741666,7.1630650900006,APPROACH,FLOW,/home/eunseop/nrs_imitation/checkpoints/flow/polishing/single_cam/20260809_1638,496.1121826171875,328.5706481933594,253.78182983398438,-0.0012120362371206284,-0.04531364142894745,2.73172664642334,-1.1020044088363647,3.1666722297668457,-0.5103686451911926,495.708984375,325.6189880371094,283.0002136230469,0.004481542855501175,-0.06438981741666794,2.718292236328125,0.0,0.0,0.0,0,0
1786431234.7497056,7.1711045680003735,APPROACH,FLOW,/home/eunseop/nrs_imitation/checkpoints/flow/polishing/single_cam/20260809_1638,496.1121826171875,328.5706481933594,253.78182983398438,-0.0012120362371206284,-0.04531364142894745,2.73172664642334,-1.1020044088363647,3.1666722297668457,-0.5103686451911926,495.708984375,325.6189880371094,283.0002136230469,0.004481542855501175,-0.06438981741666794,2.718292236328125,0.0,0.0,0.0,0,0
1786431234.7577374,7.179136632000336,APPROACH,FLOW,/home/eunseop/nrs_imitation/checkpoints/flow/polishing/single_cam/20260809_1638,496.1121826171875,328.5706481933594,253.78182983398438,-0.0012120362371206284,-0.04531364142894745,2.73172664642334,-1.1020044088363647,3.1666722297668457,-0.5103686451911926,495.708984375,325.6189880371094,283.0002136230469,0.004481542855501175,-0.06438981741666794,2.718292236328125,0.0,0.0,0.0,0,0
1786431234.7657437,7.187142814999788,APPROACH,FLOW,/home/eunseop/nrs_imitation/checkpoints/flow/polishing/single_cam/20260809_1638,496.1121826171875,328.5706481933594,253.78182983398438,-0.0012120362371206284,-0.04531364142894745,2.73172664642334,-1.1020044088363647,3.1666722297668457,-0.5103686451911926,495.708984375,325.6189880371094,283.0002136230469,0.004481542855501175,-0.06438981741666794,2.718292236328125,0.0,0.0,0.0,0,0
1786431234.7737458,7.195144921000065,APPROACH,FLOW,/home/eunseop/nrs_imitation/checkpoints/flow/polishing/single_cam/20260809_1638,496.1121826171875,328.5706481933594,253.78182983398438,-0.0012120362371206284,-0.04531364142894745,2.73172664642334,-1.1020044088363647,3.1666722297668457,-0.5103686451911926,495.708984375,325.6189880371094,283.0002136230469,0.004481542855501175,-0.06438981741666794,2.718292236328125,0.0,0.0,0.0,0,0
1786431234.7817113,7.203110356999787,APPROACH,FLOW,/home/eunseop/nrs_imitation/checkpoints/flow/polishing/single_cam/20260809_1638,496.1121826171875,328.5706481933594,253.78182983398438,-0.0012120362371206284,-0.04531364142894745,2.73172664642334,-1.1020044088363647,3.1666722297668457,-0.5103686451911926,495.708984375,325.6189880371094,283.0002136230469,0.004481542855501175,-0.06438981741666794,2.718292236328125,0.0,0.0,0.0,0,0
1786431234.7896538,7.2110528590001195,APPROACH,FLOW,/home/eunseop/nrs_imitation/checkpoints/flow/polishing/single_cam/20260809_1638,496.1121826171875,328.5706481933594,253.78182983398438,-0.0012120362371206284,-0.04531364142894745,2.73172664642334,-1.1020044088363647,3.1666722297668457,-0.5103686451911926,495.708984375,325.6189880371094,283.0002136230469,0.004481542855501175,-0.06438981741666794,2.718292236328125,0.0,0.0,0.0,0,0
1786431234.7976644,7.219063601000016,APPROACH,FLOW,/home/eunseop/nrs_imitation/checkpoints/flow/polishing/single_cam/20260809_1638,496.1121826171875,328.5706481933594,253.78182983398438,-0.0012120362371206284,-0.04531364142894745,2.73172664642334,-1.1020044088363647,3.1666722297668457,-0.5103686451911926,495.708984375,325.6189880371094,283.0002136230469,0.004481542855501175,-0.06438981741666794,2.718292236328125,0.0,0.0,0.0,0,0
1786431234.8056617,7.227060697000525,APPROACH,FLOW,/home/eunseop/nrs_imitation/checkpoints/flow/polishing/single_cam/20260809_1638,496.1121826171875,328.5706481933594,253.78182983398438,-0.0012120362371206284,-0.04531364142894745,2.73172664642334,-1.1020044088363647,3.1666722297668457,-0.5103686451911926,495.708984375,325.6189880371094,283.0002136230469,0.004481542855501175,-0.06438981741666794,2.718292236328125,0.0,0.0,0.0,0,0
1786431234.8136432,7.235042283999974,APPROACH,FLOW,/home/eunseop/nrs_imitation/checkpoints/flow/polishing/single_cam/20260809_1638,496.1121826171875,328.5706481933594,253.78182983398438,-0.0012120362371206284,-0.04531364142894745,2.73172664642334,-1.1020044088363647,3.1666722297668457,-0.5103686451911926,495.708984375,325.6189880371094,283.0002136230469,0.004481542855501175,-0.06438981741666794,2.718292236328125,0.0,0.0,0.0,0,0
1786431234.8216383,7.243037367000397,APPROACH,FLOW,/home/eunseop/nrs_imitation/checkpoints/flow/polishing/single_cam/20260809_1638,496.1121826171875,328.5706481933594,253.78182983398438,-0.0012120362371206284,-0.04531364142894745,2.73172664642334,-1.1020044088363647,3.1666722297668457,-0.5103686451911926,495.708984375,325.6189880371094,283.0002136230469,0.004481542855501175,-0.06438981741666794,2.718292236328125,0.0,0.0,0.0,0,0
1786431234.8296342,7.251033219999954,APPROACH,FLOW,/home/eunseop/nrs_imitation/checkpoints/flow/polishing/single_cam/20260809_1638,496.1121826171875,328.5706481933594,253.78182983398438,-0.0012120362371206284,-0.04531364142894745,2.73172664642334,-1.1020044088363647,3.1666722297668457,-0.5103686451911926,495.708984375,325.6189880371094,283.0002136230469,0.004481542855501175,-0.06438981741666794,2.718292236328125,0.0,0.0,0.0,0,0
1786431234.83766,7.259059261999937,APPROACH,FLOW,/home/eunseop/nrs_imitation/checkpoints/flow/polishing/single_cam/20260809_1638,496.1121826171875,328.5706481933594,253.78182983398438,-0.0012120362371206284,-0.04531364142894745,2.73172664642334,-1.1020044088363647,3.1666722297668457,-0.5103686451911926,495.708984375,325.6189880371094,283.0002136230469,0.004481542855501175,-0.06438981741666794,2.718292236328125,0.0,0.0,0.0,0,0
1786431234.84572,7.267119138999988,APPROACH,FLOW,/home/eunseop/nrs_imitation/checkpoints/flow/polishing/single_cam/20260809_1638,496.1121826171875,328.5706481933594,253.78182983398438,-0.0012120362371206284,-0.04531364142894745,2.73172664642334,-1.1020044088363647,3.1666722297668457,-0.5103686451911926,495.708984375,325.6189880371094,283.0002136230469,0.004481542855501175,-0.06438981741666794,2.718292236328125,0.0,0.0,0.0,0,0
1786431234.8536887,7.275088041000345,APPROACH,FLOW,/home/eunseop/nrs_imitation/checkpoints/flow/polishing/single_cam/20260809_1638,496.1121826171875,328.5706481933594,253.78182983398438,-0.0012120362371206284,-0.04531364142894745,2.73172664642334,-1.1020044088363647,3.1666722297668457,-0.5103686451911926,495.708984375,325.6189880371094,283.0002136230469,0.004481542855501175,-0.06438981741666794,2.718292236328125,0.0,0.0,0.0,0,0
1786431234.861646,7.283044750000045,APPROACH,FLOW,/home/eunseop/nrs_imitation/checkpoints/flow/polishing/single_cam/20260809_1638,496.1121826171875,328.5706481933594,253.78182983398438,-0.0012120362371206284,-0.04531364142894745,2.73172664642334,-1.1020044088363647,3.1666722297668457,-0.5103686451911926,495.708984375,325.6189880371094,283.0002136230469,0.004481542855501175,-0.06438981741666794,2.718292236328125,0.0,0.0,0.0,0,0
1786431234.8696377,7.291036575999897,APPROACH,FLOW,/home/eunseop/nrs_imitation/checkpoints/flow/polishing/single_cam/20260809_1638,496.1121826171875,328.5706481933594,253.78182983398438,-0.0012120362371206284,-0.04531364142894745,2.73172664642334,-1.1020044088363647,3.1666722297668457,-0.5103686451911926,495.708984375,325.6189880371094,283.0002136230469,0.004481542855501175,-0.06438981741666794,2.718292236328125,0.0,0.0,0.0,0,0
1786431234.8776553,7.299054281999815,APPROACH,FLOW,/home/eunseop/nrs_imitation/checkpoints/flow/polishing/single_cam/20260809_1638,496.1121826171875,328.5706481933594,253.78182983398438,-0.0012120362371206284,-0.04531364142894745,2.73172664642334,-1.1020044088363647,3.1666722297668457,-0.5103686451911926,495.708984375,325.6189880371094,283.0002136230469,0.004481542855501175,-0.06438981741666794,2.718292236328125,0.0,0.0,0.0,0,0
1786431234.8856404,7.307039395000174,APPROACH,FLOW,/home/eunseop/nrs_imitation/checkpoints/flow/polishing/single_cam/20260809_1638,496.1121826171875,328.5706481933594,253.78182983398438,-0.0012120362371206284,-0.04531364142894745,2.73172664642334,-1.1020044088363647,3.1666722297668457,-0.5103686451911926,495.708984375,325.6189880371094,283.0002136230469,0.004481542855501175,-0.06438981741666794,2.718292236328125,0.0,0.0,0.0,0,0
1786431234.8937523,7.315151452000464,APPROACH,FLOW,/home/eunseop/nrs_imitation/checkpoints/flow/polishing/single_cam/20260809_1638,496.1121826171875,328.5706481933594,253.78182983398438,-0.0012120362371206284,-0.04531364142894745,2.73172664642334,-1.1020044088363647,3.1666722297668457,-0.5103686451911926,495.708984375,325.6189880371094,283.0002136230469,0.004481542855501175,-0.06438981741666794,2.718292236328125,0.0,0.0,0.0,0,0
1786431234.9017024,7.323101447999761,APPROACH,FLOW,/home/eunseop/nrs_imitation/checkpoints/flow/polishing/single_cam/20260809_1638,496.1121826171875,328.5706481933594,253.78182983398438,-0.0012120362371206284,-0.04531364142894745,2.73172664642334,-1.1020044088363647,3.1666722297668457,-0.5103686451911926,495.708984375,325.6189880371094,283.0002136230469,0.004481542855501175,-0.06438981741666794,2.718292236328125,0.0,0.0,0.0,0,0
1786431234.9097471,7.331146366000212,APPROACH,FLOW,/home/eunseop/nrs_imitation/checkpoints/flow/polishing/single_cam/20260809_1638,496.1121826171875,328.5706481933594,253.78182983398438,-0.0012120362371206284,-0.04531364142894745,2.73172664642334,-1.1020044088363647,3.1666722297668457,-0.5103686451911926,495.708984375,325.6189880371094,283.0002136230469,0.004481542855501175,-0.06438981741666794,2.718292236328125,0.0,0.0,0.0,0,0
1786431234.9176776,7.339076623999972,APPROACH,FLOW,/home/eunseop/nrs_imitation/checkpoints/flow/polishing/single_cam/20260809_1638,496.1121826171875,328.5706481933594,253.78182983398438,-0.0012120362371206284,-0.04531364142894745,2.73172664642334,-1.1020044088363647,3.1666722297668457,-0.5103686451911926,495.708984375,325.6189880371094,283.0002136230469,0.004481542855501175,-0.06438981741666794,2.718292236328125,0.0,0.0,0.0,0,0
1786431234.9256713,7.347070445000099,APPROACH,FLOW,/home/eunseop/nrs_imitation/checkpoints/flow/polishing/single_cam/20260809_1638,496.1121826171875,328.5706481933594,253.78182983398438,-0.0012120362371206284,-0.04531364142894745,2.73172664642334,-1.1020044088363647,3.1666722297668457,-0.5103686451911926,495.708984375,325.6189880371094,283.0002136230469,0.004481542855501175,-0.06438981741666794,2.718292236328125,0.0,0.0,0.0,0,0
1786431234.9336832,7.355082169000525,APPROACH,FLOW,/home/eunseop/nrs_imitation/checkpoints/flow/polishing/single_cam/20260809_1638,496.1121826171875,328.5706481933594,253.78182983398438,-0.0012120362371206284,-0.04531364142894745,2.73172664642334,-1.1020044088363647,3.1666722297668457,-0.5103686451911926,495.708984375,325.6189880371094,283.0002136230469,0.004481542855501175,-0.06438981741666794,2.718292236328125,0.0,0.0,0.0,0,0
1786431234.9428232,7.364222197999879,APPROACH,FLOW,/home/eunseop/nrs_imitation/checkpoints/flow/polishing/single_cam/20260809_1638,496.1121826171875,328.5706481933594,253.78182983398438,-0.0012120362371206284,-0.04531364142894745,2.73172664642334,-1.1020044088363647,3.1666722297668457,-0.5103686451911926,495.708984375,325.6189880371094,283.0002136230469,0.004481542855501175,-0.06438981741666794,2.718292236328125,0.0,0.0,0.0,0,0
1786431234.9497635,7.371162776999881,APPROACH,FLOW,/home/eunseop/nrs_imitation/checkpoints/flow/polishing/single_cam/20260809_1638,496.1121826171875,328.5706481933594,253.78182983398438,-0.0012120362371206284,-0.04531364142894745,2.73172664642334,-1.1020044088363647,3.1666722297668457,-0.5103686451911926,495.708984375,325.6189880371094,283.0002136230469,0.004481542855501175,-0.06438981741666794,2.718292236328125,0.0,0.0,0.0,0,0
1786431234.9577615,7.379160684999988,APPROACH,FLOW,/home/eunseop/nrs_imitation/checkpoints/flow/polishing/single_cam/20260809_1638,496.1121826171875,328.5706481933594,253.78182983398438,-0.0012120362371206284,-0.04531364142894745,2.73172664642334,-1.1020044088363647,3.1666722297668457,-0.5103686451911926,495.708984375,325.6189880371094,283.0002136230469,0.004481542855501175,-0.06438981741666794,2.718292236328125,0.0,0.0,0.0,0,0
1786431234.9656765,7.387075583999831,APPROACH,FLOW,/home/eunseop/nrs_imitation/checkpoints/flow/polishing/single_cam/20260809_1638,496.1121826171875,328.5706481933594,253.78182983398438,-0.0012120362371206284,-0.04531364142894745,2.73172664642334,-1.1020044088363647,3.1666722297668457,-0.5103686451911926,495.708984375,325.6189880371094,283.0002136230469,0.004481542855501175,-0.06438981741666794,2.718292236328125,0.0,0.0,0.0,0,0
1786431234.9737642,7.395163404000414,APPROACH,FLOW,/home/eunseop/nrs_imitation/checkpoints/flow/polishing/single_cam/20260809_1638,496.1121826171875,328.5706481933594,253.78182983398438,-0.0012120362371206284,-0.04531364142894745,2.73172664642334,-1.1020044088363647,3.1666722297668457,-0.5103686451911926,495.708984375,325.6189880371094,283.0002136230469,0.004481542855501175,-0.06438981741666794,2.718292236328125,0.0,0.0,0.0,0,0
1786431234.981766,7.403165108999929,APPROACH,FLOW,/home/eunseop/nrs_imitation/checkpoints/flow/polishing/single_cam/20260809_1638,496.1121826171875,328.5706481933594,253.78182983398438,-0.0012120362371206284,-0.04531364142894745,2.73172664642334,-1.1020044088363647,3.1666722297668457,-0.5103686451911926,495.708984375,325.6189880371094,283.0002136230469,0.004481542855501175,-0.06438981741666794,2.718292236328125,0.0,0.0,0.0,0,0
1786431234.9897556,7.411154842000542,APPROACH,FLOW,/home/eunseop/nrs_imitation/checkpoints/flow/polishing/single_cam/20260809_1638,496.1121826171875,328.5706481933594,253.78182983398438,-0.0012120362371206284,-0.04531364142894745,2.73172664642334,-1.1020044088363647,3.1666722297668457,-0.5103686451911926,495.708984375,325.6189880371094,283.0002136230469,0.004481542855501175,-0.06438981741666794,2.718292236328125,0.0,0.0,0.0,0,0
