t_wall,t_elapsed_sec,stage,policy_class,ckpt_dir,meas_x_mm,meas_y_mm,meas_z_mm,meas_rx,meas_ry,meas_rz,meas_fx_N,meas_fy_N,meas_fz_N,cmd_x_mm,cmd_y_mm,cmd_z_mm,cmd_rx,cmd_ry,cmd_rz,cmd_fx_N,cmd_fy_N,cmd_fz_N,contact,cmd_safety_blocked
1788096775.6244,0.02194924996001646,APPROACH,FLOW,/home/eunseop/nrs_imitation/checkpoints/flow/polishing/single_cam/20260827_2128_phasematch90_0deg/20260827_2129,444.9942626953125,394.5185241699219,220.0203094482422,2.4873088477761485e-05,-1.93882829080394e-06,2.3562943935394287,0.40367192029953003,-0.552006721496582,-0.2672964334487915,444.9942626953125,394.5185241699219,220.0203094482422,2.4873088477761485e-05,-1.93882829080394e-06,2.3562943935394287,0.0,0.0,0.0,0,0
1788096781.9723141,6.369863515952602,TRACK,FLOW,/home/eunseop/nrs_imitation/checkpoints/flow/polishing/single_cam/20260827_2128_phasematch90_0deg/20260827_2129,414.68865966796875,345.8677978515625,212.85182189941406,0.02433517761528492,0.14182128012180328,2.394254684448242,0.007379505317658186,-1.7303389310836792,-0.08339744061231613,419.92462158203125,340.7059631347656,176.9734344482422,0.08633320778608322,0.18323200941085815,2.441295623779297,0.0,0.0,0.0,0,0
1788096781.972445,6.36999413598096,TRACK,FLOW,/home/eunseop/nrs_imitation/checkpoints/flow/polishing/single_cam/20260827_2128_phasematch90_0deg/20260827_2129,414.68865966796875,345.8677978515625,212.85182189941406,0.02433517761528492,0.14182128012180328,2.394254684448242,0.007379505317658186,-1.7303389310836792,-0.08339744061231613,414.68865966796875,345.8677978515625,212.85182189941406,0.02433517761528492,0.14182128012180328,2.394254684448242,0.0,0.0,0.0,0,0
1788096782.1423047,6.539854184957221,TRACK,FLOW,/home/eunseop/nrs_imitation/checkpoints/flow/polishing/single_cam/20260827_2128_phasematch90_0deg/20260827_2129,414.6739196777344,345.8813171386719,212.8317108154297,0.02432396449148655,0.1418716311454773,2.3942770957946777,-1.3963932991027832,0.08245100826025009,0.30075088143348694,442.8857116699219,365.9695739746094,174.38429260253906,0.11690835654735565,0.1871776431798935,2.4122209548950195,0.0,0.0,0.0,0,0
1788096783.6781762,8.075725604954641,TRACK,FLOW,/home/eunseop/nrs_imitation/checkpoints/flow/polishing/single_cam/20260827_2128_phasematch90_0deg/20260827_2129,402.4796447753906,339.85699462890625,207.6929473876953,0.03988828882575035,0.13670258224010468,2.410642385482788,0.12973140180110931,0.3569379150867462,-0.33019277453422546,443.3518371582031,366.4578857421875,174.3883514404297,0.11670506745576859,0.18709218502044678,2.412100076675415,0.0,0.0,0.0,0,0
1788096783.7420034,8.139552668959368,TRACK,FLOW,/home/eunseop/nrs_imitation/checkpoints/flow/polishing/single_cam/20260827_2128_phasematch90_0deg/20260827_2129,402.1141357421875,339.66058349609375,207.24136352539062,0.039900753647089005,0.13744786381721497,2.4123291969299316,1.1047117710113525,-0.045998167246580124,-1.2572941780090332,443.3518371582031,366.4578857421875,174.3883514404297,0.11670506745576859,0.18709218502044678,2.412100076675415,0.0,0.0,0.0,0,0
1788096783.8060112,8.203560397960246,TRACK,FLOW,/home/eunseop/nrs_imitation/checkpoints/flow/polishing/single_cam/20260827_2128_phasematch90_0deg/20260827_2129,401.7952880859375,339.48114013671875,206.80563354492188,0.039648622274398804,0.1381925642490387,2.4142820835113525,0.3347366154193878,-1.226938009262085,-0.1823805570602417,443.3518371582031,366.4578857421875,174.3883514404297,0.11670506745576859,0.18709218502044678,2.412100076675415,0.0,0.0,0.0,0,0
1788096784.0861247,8.483673744951375,TRACK,FLOW,/home/eunseop/nrs_imitation/checkpoints/flow/polishing/single_cam/20260827_2128_phasematch90_0deg/20260827_2129,400.7975769042969,337.90673828125,204.58807373046875,0.038172509521245956,0.14249658584594727,2.420851707458496,-1.9110387563705444,0.030361821874976158,-0.8985568881034851,443.3518371582031,366.4578857421875,174.3883514404297,0.11670506745576859,0.18709218502044678,2.412100076675415,0.0,0.0,0.0,0,0
1788096784.1421463,8.539695585961454,TRACK,FLOW,/home/eunseop/nrs_imitation/checkpoints/flow/polishing/single_cam/20260827_2128_phasematch90_0deg/20260827_2129,400.70098876953125,337.6415100097656,204.17788696289062,0.03802876174449921,0.14326128363609314,2.422104597091675,-0.848766028881073,-1.7023922204971313,0.6986198425292969,443.3518371582031,366.4578857421875,174.3883514404297,0.11670506745576859,0.18709218502044678,2.412100076675415,0.0,0.0,0.0,0,0
1788096784.214124,8.611673271982,TRACK,FLOW,/home/eunseop/nrs_imitation/checkpoints/flow/polishing/single_cam/20260827_2128_phasematch90_0deg/20260827_2129,400.6277160644531,337.3768615722656,203.6516571044922,0.03783312812447548,0.14397424459457397,2.4238791465759277,0.32731544971466064,-1.1199814081192017,-1.138756275177002,443.3518371582031,366.4578857421875,174.3883514404297,0.11670506745576859,0.18709218502044678,2.412100076675415,0.0,0.0,0.0,0,0
1788096784.4781919,8.875741452968214,TRACK,FLOW,/home/eunseop/nrs_imitation/checkpoints/flow/polishing/single_cam/20260827_2128_phasematch90_0deg/20260827_2129,400.1120910644531,336.1075439453125,201.59080505371094,0.03765348345041275,0.14782515168190002,2.4295125007629395,-1.9265098571777344,0.20243588089942932,-0.38471171259880066,443.3518371582031,366.4578857421875,174.3883514404297,0.11670506745576859,0.18709218502044678,2.412100076675415,0.0,0.0,0.0,0,0
1788096784.5261416,8.923691182979383,TRACK,FLOW,/home/eunseop/nrs_imitation/checkpoints/flow/polishing/single_cam/20260827_2128_phasematch90_0deg/20260827_2129,400.1076965332031,335.9100646972656,201.1899871826172,0.03766120970249176,0.14834626019001007,2.430467367172241,0.3814387321472168,0.3935229480266571,-0.42972543835639954,443.3518371582031,366.4578857421875,174.3883514404297,0.11670506745576859,0.18709218502044678,2.412100076675415,0.0,0.0,0.0,0,0
1788096784.7740166,9.171565694967285,TRACK,FLOW,/home/eunseop/nrs_imitation/checkpoints/flow/polishing/single_cam/20260827_2128_phasematch90_0deg/20260827_2129,400.3038330078125,334.8659362792969,199.00440979003906,0.038201719522476196,0.15221311151981354,2.435636520385742,-0.3453737199306488,0.5155069828033447,-0.40482252836227417,443.3518371582031,366.4578857421875,174.3883514404297,0.11670506745576859,0.18709218502044678,2.412100076675415,0.0,0.0,0.0,0,0
1788096784.830094,9.227643402991816,TRACK,FLOW,/home/eunseop/nrs_imitation/checkpoints/flow/polishing/single_cam/20260827_2128_phasematch90_0deg/20260827_2129,400.4456481933594,334.6247253417969,198.50633239746094,0.03831256553530693,0.15297508239746094,2.4367949962615967,-1.8926966190338135,0.12442111223936081,-0.7621340751647949,443.3518371582031,366.4578857421875,174.3883514404297,0.11670506745576859,0.18709218502044678,2.412100076675415,0.0,0.0,0.0,0,0
1788096785.0700462,9.467595549998805,TRACK,FLOW,/home/eunseop/nrs_imitation/checkpoints/flow/polishing/single_cam/20260827_2128_phasematch90_0deg/20260827_2129,401.4497985839844,333.7782287597656,196.54872131347656,0.038896575570106506,0.15580452978610992,2.44018292427063,-0.6055825352668762,1.25863516330719,-0.2589818239212036,443.3518371582031,366.4578857421875,174.3883514404297,0.11670506745576859,0.18709218502044678,2.412100076675415,0.0,0.0,0.0,0,0
1788096785.1262026,9.523751989006996,TRACK,FLOW,/home/eunseop/nrs_imitation/checkpoints/flow/polishing/single_cam/20260827_2128_phasematch90_0deg/20260827_2129,401.7055358886719,333.5527648925781,196.10873413085938,0.03907370939850807,0.15653099119663239,2.4407389163970947,-1.246016263961792,0.4123762249946594,-0.25279727578163147,443.3518371582031,366.4578857421875,174.3883514404297,0.11670506745576859,0.18709218502044678,2.412100076675415,0.0,0.0,0.0,0,0
1788096785.3741436,9.771692756970879,TRACK,FLOW,/home/eunseop/nrs_imitation/checkpoints/flow/polishing/single_cam/20260827_2128_phasematch90_0deg/20260827_2129,402.79132080078125,332.825439453125,194.0001220703125,0.04034581035375595,0.15946295857429504,2.443063259124756,-0.16159746050834656,-1.4974833726882935,-1.6046793460845947,443.3518371582031,366.4578857421875,174.3883514404297,0.11670506745576859,0.18709218502044678,2.412100076675415,0.0,0.0,0.0,0,0
1788096785.4222534,9.819802652986255,TRACK,FLOW,/home/eunseop/nrs_imitation/checkpoints/flow/polishing/single_cam/20260827_2128_phasematch90_0deg/20260827_2129,402.96746826171875,332.655029296875,193.6042022705078,0.040665995329618454,0.16018833220005035,2.4435245990753174,-1.0266497135162354,-0.41877153515815735,-0.697108805179596,443.3518371582031,366.4578857421875,174.3883514404297,0.11670506745576859,0.18709218502044678,2.412100076675415,0.0,0.0,0.0,0,0
1788096785.6860864,10.083635893999599,TRACK,FLOW,/home/eunseop/nrs_imitation/checkpoints/flow/polishing/single_cam/20260827_2128_phasematch90_0deg/20260827_2129,404.24798583984375,332.1208801269531,191.45140075683594,0.04351291432976723,0.16279184818267822,2.4450385570526123,0.25010544061660767,-1.3059200048446655,-0.6046817302703857,443.3518371582031,366.4578857421875,174.3883514404297,0.11670506745576859,0.18709218502044678,2.412100076675415,0.0,0.0,0.0,0,0
1788096785.7420125,10.139561651973054,TRACK,FLOW,/home/eunseop/nrs_imitation/checkpoints/flow/polishing/single_cam/20260827_2128_phasematch90_0deg/20260827_2129,404.5264587402344,331.94317626953125,190.97525024414062,0.04430895671248436,0.1636081337928772,2.4453742504119873,0.6298421621322632,0.8987404108047485,-1.3873858451843262,443.3518371582031,366.4578857421875,174.3883514404297,0.11670506745576859,0.18709218502044678,2.412100076675415,0.0,0.0,0.0,0,0
1788096785.790306,10.187855538970325,TRACK,FLOW,/home/eunseop/nrs_imitation/checkpoints/flow/polishing/single_cam/20260827_2128_phasematch90_0deg/20260827_2129,404.8221740722656,331.7927551269531,190.56553649902344,0.04497133195400238,0.16430890560150146,2.445685625076294,-0.7368089556694031,-1.812935709953308,0.6319856643676758,443.3518371582031,366.4578857421875,174.3883514404297,0.11670506745576859,0.18709218502044678,2.412100076675415,0.0,0.0,0.0,0,0
1788096786.0865831,10.4841330969939,TRACK,FLOW,/home/eunseop/nrs_imitation/checkpoints/flow/polishing/single_cam/20260827_2128_phasematch90_0deg/20260827_2129,406.4960021972656,331.4210510253906,188.27223205566406,0.05025923624634743,0.16715165972709656,2.446424722671509,-1.6335457563400269,0.36155927181243896,0.7642743587493896,446.5176696777344,368.931396484375,174.8904266357422,0.1089768260717392,0.1830546110868454,2.433271646499634,0.0,0.0,0.0,0,0
1788096786.1620939,10.55964504397707,TRACK,FLOW,/home/eunseop/nrs_imitation/checkpoints/flow/polishing/single_cam/20260827_2128_phasematch90_0deg/20260827_2129,406.7232971191406,331.3966979980469,187.9106903076172,0.05131963640451431,0.16779863834381104,2.446324348449707,0.7574063539505005,-0.873080313205719,-0.47423887252807617,446.5176696777344,368.931396484375,174.8904266357422,0.1089768260717392,0.1830546110868454,2.433271646499634,0.0,0.0,0.0,0,0
1788096786.2140105,10.61155971797416,TRACK,FLOW,/home/eunseop/nrs_imitation/checkpoints/flow/polishing/single_cam/20260827_2128_phasematch90_0deg/20260827_2129,407.23004150390625,331.3915100097656,187.2873077392578,0.05270687863230705,0.16889438033103943,2.4463436603546143,1.2476118803024292,-1.4280997514724731,-0.8715078830718994,446.5176696777344,368.931396484375,174.8904266357422,0.1089768260717392,0.1830546110868454,2.433271646499634,0.0,0.0,0.0,0,0
1788096786.286507,10.684056506957859,TRACK,FLOW,/home/eunseop/nrs_imitation/checkpoints/flow/polishing/single_cam/20260827_2128_phasematch90_0deg/20260827_2129,407.6705627441406,331.40771484375,186.76321411132812,0.05425321310758591,0.1695985347032547,2.446427822113037,-1.3460428714752197,1.2427020072937012,-1.0288182497024536,446.5176696777344,368.931396484375,174.8904266357422,0.1089768260717392,0.1830546110868454,2.433271646499634,0.0,0.0,0.0,0,0
1788096786.4781866,10.875735844951123,TRACK,FLOW,/home/eunseop/nrs_imitation/checkpoints/flow/polishing/single_cam/20260827_2128_phasematch90_0deg/20260827_2129,408.6138000488281,331.5558166503906,185.19515991210938,0.05881480127573013,0.17157335579395294,2.447084426879883,-0.4480973184108734,-2.1359310150146484,0.3558015823364258,446.5176696777344,368.931396484375,174.8904266357422,0.1089768260717392,0.1830546110868454,2.433271646499634,0.0,0.0,0.0,0,0
1788096786.5340745,10.93162399000721,TRACK,FLOW,/home/eunseop/nrs_imitation/checkpoints/flow/polishing/single_cam/20260827_2128_phasematch90_0deg/20260827_2129,408.94427490234375,331.7343444824219,184.7764434814453,0.06034008413553238,0.17187543213367462,2.447263479232788,-0.928478479385376,-0.2388264238834381,-0.3732282817363739,446.5176696777344,368.931396484375,174.8904266357422,0.1089768260717392,0.1830546110868454,2.433271646499634,0.0,0.0,0.0,0,0
1788096786.8141458,11.211695133999456,TRACK,FLOW,/home/eunseop/nrs_imitation/checkpoints/flow/polishing/single_cam/20260827_2128_phasematch90_0deg/20260827_2129,410.6727294921875,332.3603820800781,182.8662567138672,0.06560859084129333,0.17414382100105286,2.4475977420806885,-1.1391202211380005,1.0793615579605103,-1.8289600610733032,446.5176696777344,368.931396484375,174.8904266357422,0.1089768260717392,0.1830546110868454,2.433271646499634,0.0,0.0,0.0,0,0
1788096786.8620574,11.259606729960069,TRACK,FLOW,/home/eunseop/nrs_imitation/checkpoints/flow/polishing/single_cam/20260827_2128_phasematch90_0deg/20260827_2129,411.00775146484375,332.4872131347656,182.54425048828125,0.06648363918066025,0.17439961433410645,2.4475059509277344,0.8487933278083801,0.3039102554321289,-0.33680033683776855,446.5176696777344,368.931396484375,174.8904266357422,0.1089768260717392,0.1830546110868454,2.433271646499634,0.0,0.0,0.0,0,0
1788096786.9181035,11.315652707999106,TRACK,FLOW,/home/eunseop/nrs_imitation/checkpoints/flow/polishing/single_cam/20260827_2128_phasematch90_0deg/20260827_2129,411.2795104980469,332.67510986328125,182.15786743164062,0.06785958260297775,0.17491652071475983,2.447557210922241,-0.08283257484436035,1.6704350709915161,-0.634518563747406,446.5176696777344,368.931396484375,174.8904266357422,0.1089768260717392,0.1830546110868454,2.433271646499634,0.0,0.0,0.0,0,0
1788096787.198226,11.595775129972026,TRACK,FLOW,/home/eunseop/nrs_imitation/checkpoints/flow/polishing/single_cam/20260827_2128_phasematch90_0deg/20260827_2129,412.96246337890625,333.8725280761719,180.35401916503906,0.07309073209762573,0.17683708667755127,2.448108434677124,1.2008297443389893,-0.6926918625831604,-0.014538388699293137,446.5176696777344,368.931396484375,174.8904266357422,0.1089768260717392,0.1830546110868454,2.433271646499634,0.0,0.0,0.0,0,0
1788096787.2541146,11.651664136967156,TRACK,FLOW,/home/eunseop/nrs_imitation/checkpoints/flow/polishing/single_cam/20260827_2128_phasematch90_0deg/20260827_2129,413.2983703613281,334.037841796875,180.0206298828125,0.07391714304685593,0.17735576629638672,2.447955369949341,1.2828454971313477,-1.7807848453521729,-1.5882055759429932,446.5176696777344,368.931396484375,174.8904266357422,0.1089768260717392,0.1830546110868454,2.433271646499634,0.0,0.0,0.0,0,0
1788096787.5020328,11.899582039972302,TRACK,FLOW,/home/eunseop/nrs_imitation/checkpoints/flow/polishing/single_cam/20260827_2128_phasematch90_0deg/20260827_2129,414.65875244140625,335.33526611328125,178.7364501953125,0.07681534439325333,0.1790260523557663,2.4477643966674805,-1.207720160484314,0.5381003618240356,-0.3227183520793915,446.5176696777344,368.931396484375,174.8904266357422,0.1089768260717392,0.1830546110868454,2.433271646499634,0.0,0.0,0.0,0,0
1788096787.5504286,11.947978723968845,TRACK,FLOW,/home/eunseop/nrs_imitation/checkpoints/flow/polishing/single_cam/20260827_2128_phasematch90_0deg/20260827_2129,414.9124450683594,335.65142822265625,178.51988220214844,0.07762276381254196,0.17928339540958405,2.447258949279785,0.47405967116355896,-1.6887654066085815,-1.1338446140289307,446.5176696777344,368.931396484375,174.8904266357422,0.1089768260717392,0.1830546110868454,2.433271646499634,0.0,0.0,0.0,0,0
1788096787.8141146,12.211663809954189,TRACK,FLOW,/home/eunseop/nrs_imitation/checkpoints/flow/polishing/single_cam/20260827_2128_phasematch90_0deg/20260827_2129,417.0453796386719,336.849365234375,177.7628173828125,0.08006642013788223,0.18049880862236023,2.446265935897827,-1.3864572048187256,0.8879709243774414,0.0841621533036232,446.5176696777344,368.931396484375,174.8904266357422,0.1089768260717392,0.1830546110868454,2.433271646499634,0.0,0.0,0.0,0,0
1788096788.0221343,12.419683787971735,TRACK,FLOW,/home/eunseop/nrs_imitation/checkpoints/flow/polishing/single_cam/20260827_2128_phasematch90_0deg/20260827_2129,418.09185791015625,338.4091796875,177.20620727539062,0.08263609558343887,0.1816914975643158,2.444286346435547,0.7764471769332886,-1.2255618572235107,-0.1698959916830063,446.5176696777344,368.931396484375,174.8904266357422,0.1089768260717392,0.1830546110868454,2.433271646499634,0.0,0.0,0.0,0,0
1788096788.0620615,12.459610928955954,TRACK,FLOW,/home/eunseop/nrs_imitation/checkpoints/flow/polishing/single_cam/20260827_2128_phasematch90_0deg/20260827_2129,418.3149108886719,338.7992248535156,177.2204132080078,0.08331206440925598,0.181682750582695,2.4439680576324463,0.17094267904758453,-1.103364109992981,-0.055838678032159805,446.5176696777344,368.931396484375,174.8904266357422,0.1089768260717392,0.1830546110868454,2.433271646499634,0.0,0.0,0.0,0,0
1788096788.118345,12.515894570969976,TRACK,FLOW,/home/eunseop/nrs_imitation/checkpoints/flow/polishing/single_cam/20260827_2128_phasematch90_0deg/20260827_2129,418.70751953125,339.22125244140625,177.14788818359375,0.0839122012257576,0.18179303407669067,2.443399429321289,0.1871109902858734,-0.20330072939395905,-0.10897953063249588,446.5176696777344,368.931396484375,174.8904266357422,0.1089768260717392,0.1830546110868454,2.433271646499634,0.0,0.0,0.0,0,0
1788096788.166112,12.563661379972473,TRACK,FLOW,/home/eunseop/nrs_imitation/checkpoints/flow/polishing/single_cam/20260827_2128_phasematch90_0deg/20260827_2129,419.0251159667969,339.5103759765625,176.9849853515625,0.08437777310609818,0.18227075040340424,2.442967414855957,-2.1137702465057373,-1.0907992124557495,1.8484296798706055,446.5176696777344,368.931396484375,174.8904266357422,0.1089768260717392,0.1830546110868454,2.433271646499634,0.0,0.0,0.0,0,0
1788096788.3819792,12.779528358951211,TRACK,FLOW,/home/eunseop/nrs_imitation/checkpoints/flow/polishing/single_cam/20260827_2128_phasematch90_0deg/20260827_2129,420.4673156738281,341.1926574707031,176.80136108398438,0.08724436163902283,0.1834399551153183,2.4406967163085938,-1.2837343215942383,-1.477364420890808,3.257824659347534,420.4673156738281,341.1926574707031,176.80136108398438,0.08724436163902283,0.1834399551153183,2.4406967163085938,0.0,0.0,22.092185974121094,1,0
1788096788.4300675,12.827616622962523,TRACK,FLOW,/home/eunseop/nrs_imitation/checkpoints/flow/polishing/single_cam/20260827_2128_phasematch90_0deg/20260827_2129,420.8052062988281,341.510498046875,176.74118041992188,0.08794654160737991,0.18367832899093628,2.4400277137756348,-1.365688443183899,1.434770941734314,1.475962519645691,446.5176696777344,368.931396484375,174.8904266357422,0.1089768260717392,0.1830546110868454,2.433271646499634,0.0,0.0,0.0,1,0
1788096788.4782531,12.87580237298971,TRACK,FLOW,/home/eunseop/nrs_imitation/checkpoints/flow/polishing/single_cam/20260827_2128_phasematch90_0deg/20260827_2129,420.8154296875,341.5157775878906,176.69711303710938,0.08815575391054153,0.18388885259628296,2.439903497695923,0.5087217092514038,-1.6829125881195068,2.4068009853363037,446.5176696777344,368.931396484375,174.8904266357422,0.1089768260717392,0.1830546110868454,2.433271646499634,0.0,0.0,0.0,1,0
1788096788.6861222,13.083671442000195,TRACK,FLOW,/home/eunseop/nrs_imitation/checkpoints/flow/polishing/single_cam/20260827_2128_phasematch90_0deg/20260827_2129,422.37677001953125,343.0648498535156,176.91160583496094,0.09205110371112823,0.18445150554180145,2.4361929893493652,3.7628581523895264,1.1688984632492065,2.794570207595825,422.37677001953125,343.0648498535156,176.91160583496094,0.09205110371112823,0.18445150554180145,2.4361929893493652,0.0,0.0,25.643720626831055,1,0
1788096788.7260869,13.123636034957599,TRACK,FLOW,/home/eunseop/nrs_imitation/checkpoints/flow/polishing/single_cam/20260827_2128_phasematch90_0deg/20260827_2129,422.672119140625,343.55487060546875,176.10179138183594,0.0934416726231575,0.18637613952159882,2.435598373413086,-7.239727973937988,-0.3584667146205902,7.6744513511657715,446.5176696777344,368.931396484375,174.8904266357422,0.1089768260717392,0.1830546110868454,2.433271646499634,0.0,0.0,0.0,1,0
1788096788.7821448,13.179694055987056,TRACK,FLOW,/home/eunseop/nrs_imitation/checkpoints/flow/polishing/single_cam/20260827_2128_phasematch90_0deg/20260827_2129,423.091064453125,344.05108642578125,176.58204650878906,0.09386428445577621,0.184987410902977,2.4352426528930664,-0.12209858745336533,-2.7747373580932617,4.902635097503662,446.5176696777344,368.931396484375,174.8904266357422,0.1089768260717392,0.1830546110868454,2.433271646499634,0.0,0.0,0.0,1,0
1788096788.830068,13.227617403957993,TRACK,FLOW,/home/eunseop/nrs_imitation/checkpoints/flow/polishing/single_cam/20260827_2128_phasematch90_0deg/20260827_2129,423.21044921875,344.20794677734375,176.1548614501953,0.09482830762863159,0.1860969513654709,2.4347763061523438,-3.4163129329681396,1.3536182641983032,7.258182525634766,446.5176696777344,368.931396484375,174.8904266357422,0.1089768260717392,0.1830546110868454,2.433271646499634,0.0,0.0,0.0,1,0
1788096789.134032,13.5315813839552,TRACK,FLOW,/home/eunseop/nrs_imitation/checkpoints/flow/polishing/single_cam/20260827_2128_phasematch90_0deg/20260827_2129,424.8779602050781,346.4635009765625,175.49993896484375,0.09943802654743195,0.18708376586437225,2.4315712451934814,-3.7646353244781494,-0.7138117551803589,21.91161346435547,446.5176696777344,368.931396484375,174.8904266357422,0.1089768260717392,0.1830546110868454,2.433271646499634,0.0,0.0,0.0,1,0
1788096789.1821856,13.579734992992599,TRACK,FLOW,/home/eunseop/nrs_imitation/checkpoints/flow/polishing/single_cam/20260827_2128_phasematch90_0deg/20260827_2129,425.1483154296875,346.79119873046875,175.45338439941406,0.10003787279129028,0.18724210560321808,2.431077480316162,-3.450911045074463,-3.5112297534942627,25.2379150390625,446.5176696777344,368.931396484375,174.8904266357422,0.1089768260717392,0.1830546110868454,2.433271646499634,0.0,0.0,0.0,1,0
1788096789.1979933,13.595542612951249,TRACK,FLOW,/home/eunseop/nrs_imitation/checkpoints/flow/polishing/single_cam/20260827_2128_phasematch90_0deg/20260827_2129,425.2359619140625,346.930419921875,175.4672393798828,0.1003175750374794,0.18720397353172302,2.4309349060058594,-3.411299228668213,-1.686185359954834,21.20929718017578,425.2359619140625,346.930419921875,175.4672393798828,0.1003175750374794,0.18720397353172302,2.4309349060058594,0.0,0.0,23.595924377441406,1,0
1788096789.2380564,13.63560569396941,TRACK,FLOW,/home/eunseop/nrs_imitation/checkpoints/flow/polishing/single_cam/20260827_2128_phasematch90_0deg/20260827_2129,425.5008850097656,347.1620788574219,175.45721435546875,0.10066567361354828,0.1872883141040802,2.430467367172241,-3.754490613937378,1.3717113733291626,20.525314331054688,446.5176696777344,368.931396484375,174.8904266357422,0.1089768260717392,0.1830546110868454,2.433271646499634,0.0,0.0,0.0,1,0
1788096789.294272,13.691821416956373,TRACK,FLOW,/home/eunseop/nrs_imitation/checkpoints/flow/polishing/single_cam/20260827_2128_phasematch90_0deg/20260827_2129,425.8070373535156,347.5196533203125,175.37318420410156,0.1014009490609169,0.1874343752861023,2.429877996444702,-4.586886405944824,0.07228048890829086,25.329483032226562,446.5176696777344,368.931396484375,174.8904266357422,0.1089768260717392,0.1830546110868454,2.433271646499634,0.0,0.0,0.0,1,0
1788096789.3661504,13.763699680974241,TRACK,FLOW,/home/eunseop/nrs_imitation/checkpoints/flow/polishing/single_cam/20260827_2128_phasematch90_0deg/20260827_2129,426.24188232421875,347.98248291015625,175.29722595214844,0.10246577113866806,0.18761703372001648,2.4290530681610107,-9.188493728637695,2.151052236557007,24.583438873291016,446.5176696777344,368.931396484375,174.8904266357422,0.1089768260717392,0.1830546110868454,2.433271646499634,0.0,0.0,0.0,1,0
1788096789.566013,13.963562522956636,TRACK,FLOW,/home/eunseop/nrs_imitation/checkpoints/flow/polishing/single_cam/20260827_2128_phasematch90_0deg/20260827_2129,427.4529724121094,349.2366027832031,175.31924438476562,0.10493116080760956,0.1879512220621109,2.4269537925720215,-4.4707560539245605,-2.893864870071411,28.34954071044922,427.4529724121094,349.2366027832031,175.31924438476562,0.10493116080760956,0.1879512220621109,2.4269537925720215,0.0,0.0,26.26558494567871,1,0
1788096789.6222174,14.019766812969465,TRACK,FLOW,/home/eunseop/nrs_imitation/checkpoints/flow/polishing/single_cam/20260827_2128_phasematch90_0deg/20260827_2129,427.7577209472656,349.6271667480469,175.30516052246094,0.10537078976631165,0.188029482960701,2.426561117172241,-4.587442398071289,-0.37569183111190796,27.95015525817871,446.5176696777344,368.931396484375,174.8904266357422,0.1089768260717392,0.1830546110868454,2.433271646499634,0.0,0.0,0.0,1,0
1788096789.6699903,14.067539793963078,TRACK,FLOW,/home/eunseop/nrs_imitation/checkpoints/flow/polishing/single_cam/20260827_2128_phasematch90_0deg/20260827_2129,427.96502685546875,350.0022888183594,175.26174926757812,0.10587206482887268,0.18811604380607605,2.42629337310791,-4.943300247192383,-0.4263930916786194,30.265398025512695,427.96502685546875,350.0022888183594,175.26174926757812,0.10587206482887268,0.18811604380607605,2.42629337310791,0.0,0.0,28.15528678894043,1,0
1788096789.6781254,14.075674825988244,TRACK,FLOW,/home/eunseop/nrs_imitation/checkpoints/flow/polishing/single_cam/20260827_2128_phasematch90_0deg/20260827_2129,427.9689636230469,350.01708984375,175.22633361816406,0.10599185526371002,0.18824215233325958,2.4262630939483643,-9.182943344116211,3.9749622344970703,26.400239944458008,446.5176696777344,368.931396484375,174.8904266357422,0.1089768260717392,0.1830546110868454,2.433271646499634,0.0,0.0,0.0,1,0
1788096789.7260697,14.123618953977711,TRACK,FLOW,/home/eunseop/nrs_imitation/checkpoints/flow/polishing/single_cam/20260827_2128_phasematch90_0deg/20260827_2129,428.1779479980469,350.3894958496094,175.235595703125,0.10651076585054398,0.18828631937503815,2.4259238243103027,-6.935866355895996,-1.1933953762054443,27.6137752532959,446.5176696777344,368.931396484375,174.8904266357422,0.1089768260717392,0.1830546110868454,2.433271646499634,0.0,0.0,0.0,1,0
1788096789.7820039,14.17955316795269,TRACK,FLOW,/home/eunseop/nrs_imitation/checkpoints/flow/polishing/single_cam/20260827_2128_phasematch90_0deg/20260827_2129,428.3847961425781,350.7911071777344,175.23297119140625,0.1070650964975357,0.18853190541267395,2.4254841804504395,-5.241203308105469,-3.231008291244507,32.409095764160156,446.5176696777344,368.931396484375,174.8904266357422,0.1089768260717392,0.1830546110868454,2.433271646499634,0.0,0.0,0.0,1,0
1788096790.0301104,14.427659840963315,TRACK,FLOW,/home/eunseop/nrs_imitation/checkpoints/flow/polishing/single_cam/20260827_2128_phasematch90_0deg/20260827_2129,429.32794189453125,352.7317810058594,175.12648010253906,0.1097668930888176,0.18858686089515686,2.423431158065796,-9.131818771362305,-0.1081918478012085,35.26192855834961,446.5176696777344,368.931396484375,174.8904266357422,0.1089768260717392,0.1830546110868454,2.433271646499634,0.0,0.0,0.0,1,0
1788096790.0862885,14.483837889973074,TRACK,FLOW,/home/eunseop/nrs_imitation/checkpoints/flow/polishing/single_cam/20260827_2128_phasematch90_0deg/20260827_2129,429.5688171386719,353.1278076171875,175.1250457763672,0.1103145182132721,0.18854042887687683,2.4230575561523438,-7.743462085723877,2.520160436630249,30.603904724121094,446.5176696777344,368.931396484375,174.8904266357422,0.1089768260717392,0.1830546110868454,2.433271646499634,0.0,0.0,0.0,1,0
1788096790.1340444,14.531593557971064,TRACK,FLOW,/home/eunseop/nrs_imitation/checkpoints/flow/polishing/single_cam/20260827_2128_phasematch90_0deg/20260827_2129,429.7787170410156,353.45843505859375,175.1186981201172,0.11074717342853546,0.1885806918144226,2.4228458404541016,-4.720484733581543,-0.6206201314926147,30.569881439208984,446.5176696777344,368.931396484375,174.8904266357422,0.1089768260717392,0.1830546110868454,2.433271646499634,0.0,0.0,0.0,1,0
1788096790.1341689,14.531718015961815,TRACK,FLOW,/home/eunseop/nrs_imitation/checkpoints/flow/polishing/single_cam/20260827_2128_phasematch90_0deg/20260827_2129,429.7787170410156,353.45843505859375,175.1186981201172,0.11074717342853546,0.1885806918144226,2.4228458404541016,-4.720484733581543,-0.6206201314926147,30.569881439208984,429.7787170410156,353.45843505859375,175.1186981201172,0.11074717342853546,0.1885806918144226,2.4228458404541016,0.0,0.0,27.699541091918945,1,0
1788096790.414196,14.811745392973535,TRACK,FLOW,/home/eunseop/nrs_imitation/checkpoints/flow/polishing/single_cam/20260827_2128_phasematch90_0deg/20260827_2129,431.4516906738281,355.3138732910156,175.15740966796875,0.1120123565196991,0.18854737281799316,2.4211466312408447,-10.935494422912598,2.221942663192749,33.02168655395508,452.8731689453125,375.6891784667969,190.41372680664062,0.08129028230905533,0.11309153586626053,2.406618595123291,0.0,0.0,0.0,1,0
1788096790.414322,14.811871143989265,TRACK,FLOW,/home/eunseop/nrs_imitation/checkpoints/flow/polishing/single_cam/20260827_2128_phasematch90_0deg/20260827_2129,431.4516906738281,355.3138732910156,175.15740966796875,0.1120123565196991,0.18854737281799316,2.4211466312408447,-10.935494422912598,2.221942663192749,33.02168655395508,431.4516906738281,355.3138732910156,175.15740966796875,0.1120123565196991,0.18854737281799316,2.4211466312408447,0.0,0.0,19.747697830200195,1,0
1788096790.6620874,15.05963673396036,TRACK,FLOW,/home/eunseop/nrs_imitation/checkpoints/flow/polishing/single_cam/20260827_2128_phasematch90_0deg/20260827_2129,432.9231262207031,356.9843444824219,175.25733947753906,0.11321798712015152,0.18852461874485016,2.4195942878723145,-7.873725891113281,1.2452843189239502,28.822824478149414,452.06829833984375,374.4381103515625,191.3787841796875,0.07911015301942825,0.11171992123126984,2.4059417247772217,0.0,0.0,0.0,1,0
1788096790.6622257,15.059775027970318,TRACK,FLOW,/home/eunseop/nrs_imitation/checkpoints/flow/polishing/single_cam/20260827_2128_phasematch90_0deg/20260827_2129,432.9231262207031,356.9843444824219,175.25733947753906,0.11321798712015152,0.18852461874485016,2.4195942878723145,-7.873725891113281,1.2452843189239502,28.822824478149414,432.9231262207031,356.9843444824219,175.25733947753906,0.11321798712015152,0.18852461874485016,2.4195942878723145,0.0,0.0,21.95414161682129,1,0
1788096790.7341259,15.131675145006739,TRACK,FLOW,/home/eunseop/nrs_imitation/checkpoints/flow/polishing/single_cam/20260827_2128_phasematch90_0deg/20260827_2129,433.2948303222656,357.4742126464844,175.21234130859375,0.11366180330514908,0.1885157823562622,2.419023275375366,-9.143841743469238,2.0345494747161865,28.895471572875977,452.06829833984375,374.4381103515625,191.3787841796875,0.07911015301942825,0.11171992123126984,2.4059417247772217,0.0,0.0,0.0,1,0
1788096790.7901254,15.187674662971403,TRACK,FLOW,/home/eunseop/nrs_imitation/checkpoints/flow/polishing/single_cam/20260827_2128_phasematch90_0deg/20260827_2129,433.6506042480469,357.82550048828125,175.1923828125,0.11392573267221451,0.18847395479679108,2.4184725284576416,-5.166208744049072,-1.246690273284912,32.43278884887695,452.06829833984375,374.4381103515625,191.3787841796875,0.07911015301942825,0.11171992123126984,2.4059417247772217,0.0,0.0,0.0,1,0
1788096791.046074,15.443623697967269,TRACK,FLOW,/home/eunseop/nrs_imitation/checkpoints/flow/polishing/single_cam/20260827_2128_phasematch90_0deg/20260827_2129,435.2335510253906,359.5231018066406,175.35357666015625,0.11489298194646835,0.18836037814617157,2.417189836502075,-7.3354573249816895,3.054435968399048,23.015592575073242,452.06829833984375,374.4381103515625,191.3787841796875,0.07911015301942825,0.11171992123126984,2.4059417247772217,0.0,0.0,0.0,1,0
1788096791.0863776,15.483927348977886,TRACK,FLOW,/home/eunseop/nrs_imitation/checkpoints/flow/polishing/single_cam/20260827_2128_phasematch90_0deg/20260827_2129,435.4958801269531,359.81072998046875,175.36190795898438,0.11498864740133286,0.1882682591676712,2.416849374771118,-9.022411346435547,1.7618759870529175,26.017362594604492,452.06829833984375,374.4381103515625,191.3787841796875,0.07911015301942825,0.11171992123126984,2.4059417247772217,0.0,0.0,0.0,1,0
1788096791.1180706,15.515619947982486,TRACK,FLOW,/home/eunseop/nrs_imitation/checkpoints/flow/polishing/single_cam/20260827_2128_phasematch90_0deg/20260827_2129,435.68035888671875,360.0688171386719,175.3577423095703,0.1151493638753891,0.1881473809480667,2.416660785675049,-3.255296230316162,-2.9328863620758057,23.32331657409668,435.68035888671875,360.0688171386719,175.3577423095703,0.1151493638753891,0.1881473809480667,2.416660785675049,0.0,0.0,24.97952651977539,1,0
1788096791.1582723,15.55582146398956,TRACK,FLOW,/home/eunseop/nrs_imitation/checkpoints/flow/polishing/single_cam/20260827_2128_phasematch90_0deg/20260827_2129,435.9317626953125,360.3436584472656,175.3504638671875,0.11523573100566864,0.18810588121414185,2.4162826538085938,-4.318356037139893,-0.9701912999153137,23.076473236083984,452.06829833984375,374.4381103515625,191.3787841796875,0.07911015301942825,0.11171992123126984,2.4059417247772217,0.0,0.0,0.0,1,0
1788096791.2141738,15.611723154957872,TRACK,FLOW,/home/eunseop/nrs_imitation/checkpoints/flow/polishing/single_cam/20260827_2128_phasematch90_0deg/20260827_2129,436.2330322265625,360.74468994140625,175.3650360107422,0.11552166938781738,0.1880374252796173,2.4159226417541504,-5.32443380355835,-1.658450722694397,28.508010864257812,452.06829833984375,374.4381103515625,191.3787841796875,0.07911015301942825,0.11171992123126984,2.4059417247772217,0.0,0.0,0.0,1,0
1788096791.3420494,15.739598731976002,TRACK,FLOW,/home/eunseop/nrs_imitation/checkpoints/flow/polishing/single_cam/20260827_2128_phasematch90_0deg/20260827_2129,437.0428161621094,361.6229248046875,175.31260681152344,0.11606898158788681,0.18794363737106323,2.415240526199341,-3.8376920223236084,-3.0459728240966797,27.46158790588379,437.0428161621094,361.6229248046875,175.31260681152344,0.11606898158788681,0.18794363737106323,2.415240526199341,0.0,0.0,25.53632926940918,1,0
1788096791.4381502,15.835699834977277,TRACK,FLOW,/home/eunseop/nrs_imitation/checkpoints/flow/polishing/single_cam/20260827_2128_phasematch90_0deg/20260827_2129,437.5833740234375,362.25927734375,175.2427520751953,0.1163155809044838,0.18804140388965607,2.414886951446533,-9.982775688171387,1.5648200511932373,28.11335563659668,452.06829833984375,374.4381103515625,191.3787841796875,0.07911015301942825,0.11171992123126984,2.4059417247772217,0.0,0.0,0.0,1,0
1788096791.4863288,15.88387848198181,TRACK,FLOW,/home/eunseop/nrs_imitation/checkpoints/flow/polishing/single_cam/20260827_2128_phasematch90_0deg/20260827_2129,437.8633117675781,362.6094665527344,175.2142791748047,0.1163613572716713,0.18788757920265198,2.41465163230896,-8.945728302001953,4.79782247543335,26.57661247253418,452.06829833984375,374.4381103515625,191.3787841796875,0.07911015301942825,0.11171992123126984,2.4059417247772217,0.0,0.0,0.0,1,0
1788096791.54202,15.93956959998468,TRACK,FLOW,/home/eunseop/nrs_imitation/checkpoints/flow/polishing/single_cam/20260827_2128_phasematch90_0deg/20260827_2129,438.1980285644531,363.0776672363281,175.28038024902344,0.11632204055786133,0.1876664161682129,2.4144034385681152,-5.688076019287109,-1.0099016427993774,31.264625549316406,452.06829833984375,374.4381103515625,191.3787841796875,0.07911015301942825,0.11171992123126984,2.4059417247772217,0.0,0.0,0.0,1,0
1788096791.598258,15.995807573955972,TRACK,FLOW,/home/eunseop/nrs_imitation/checkpoints/flow/polishing/single_cam/20260827_2128_phasematch90_0deg/20260827_2129,438.4804382324219,363.4334411621094,175.27650451660156,0.11639858782291412,0.1876957267522812,2.414153575897217,-6.703550338745117,2.2428715229034424,26.83838653564453,452.06829833984375,374.4381103515625,191.3787841796875,0.07911015301942825,0.11171992123126984,2.4059417247772217,0.0,0.0,0.0,1,0
1788096791.6459029,16.04345221898984,TRACK,FLOW,/home/eunseop/nrs_imitation/checkpoints/flow/polishing/single_cam/20260827_2128_phasematch90_0deg/20260827_2129,438.8038330078125,363.8773498535156,175.2610321044922,0.11634563654661179,0.18747732043266296,2.4139187335968018,-3.270291566848755,-0.6641770601272583,24.91571044921875,438.8038330078125,363.8773498535156,175.2610321044922,0.11634563654661179,0.18747732043266296,2.4139187335968018,0.0,0.0,26.526918411254883,1,0
1788096791.7502804,16.147829644964077,TRACK,FLOW,/home/eunseop/nrs_imitation/checkpoints/flow/polishing/single_cam/20260827_2128_phasematch90_0deg/20260827_2129,439.42486572265625,364.55926513671875,175.18849182128906,0.1165056899189949,0.18747520446777344,2.4131226539611816,-10.108647346496582,3.178300619125366,28.8190975189209,452.06829833984375,374.4381103515625,191.3787841796875,0.07911015301942825,0.11171992123126984,2.4059417247772217,0.0,0.0,0.0,1,0
1788096791.806284,16.203833390958607,TRACK,FLOW,/home/eunseop/nrs_imitation/checkpoints/flow/polishing/single_cam/20260827_2128_phasematch90_0deg/20260827_2129,439.77032470703125,364.9308776855469,175.15087890625,0.11662188917398453,0.1874014288187027,2.412562370300293,-5.203168869018555,-1.6043955087661743,32.72651672363281,452.06829833984375,374.4381103515625,191.3787841796875,0.07911015301942825,0.11171992123126984,2.4059417247772217,0.0,0.0,0.0,1,0
1788096791.8620696,16.25961881899275,TRACK,FLOW,/home/eunseop/nrs_imitation/checkpoints/flow/polishing/single_cam/20260827_2128_phasematch90_0deg/20260827_2129,440.037353515625,365.25048828125,175.16636657714844,0.11667267978191376,0.18747365474700928,2.412421226501465,-10.243738174438477,2.167055606842041,29.178556442260742,452.06829833984375,374.4381103515625,191.3787841796875,0.07911015301942825,0.11171992123126984,2.4059417247772217,0.0,0.0,0.0,1,0
1788096792.142088,16.539637258974835,TRACK,FLOW,/home/eunseop/nrs_imitation/checkpoints/flow/polishing/single_cam/20260827_2128_phasematch90_0deg/20260827_2129,440.2012939453125,365.4580078125,175.31007385253906,0.11661095917224884,0.18716062605381012,2.412156820297241,-5.7909159660339355,-0.42435088753700256,29.726945877075195,452.06829833984375,374.4381103515625,191.3787841796875,0.07911015301942825,0.11171992123126984,2.4059417247772217,0.0,0.0,0.0,1,0
1788096792.1980739,16.59562315995572,TRACK,FLOW,/home/eunseop/nrs_imitation/checkpoints/flow/polishing/single_cam/20260827_2128_phasematch90_0deg/20260827_2129,440.1666564941406,365.4917907714844,175.28460693359375,0.1166343092918396,0.1871413141489029,2.412106990814209,-5.101574420928955,0.6533538103103638,22.590194702148438,452.06829833984375,374.4381103515625,191.3787841796875,0.07911015301942825,0.11171992123126984,2.4059417247772217,0.0,0.0,0.0,1,0
1788096792.4380975,16.83564657799434,TRACK,FLOW,/home/eunseop/nrs_imitation/checkpoints/flow/polishing/single_cam/20260827_2128_phasematch90_0deg/20260827_2129,440.1454162597656,365.61505126953125,175.22515869140625,0.11666900664567947,0.18676649034023285,2.4120516777038574,-6.6930341720581055,2.0491745471954346,24.734607696533203,452.06829833984375,374.4381103515625,191.3787841796875,0.07911015301942825,0.11171992123126984,2.4059417247772217,0.0,0.0,0.0,1,0
1788096792.4942315,16.891780813981313,TRACK,FLOW,/home/eunseop/nrs_imitation/checkpoints/flow/polishing/single_cam/20260827_2128_phasematch90_0deg/20260827_2129,440.1436767578125,365.640869140625,175.20831298828125,0.1166711151599884,0.18667079508304596,2.4120447635650635,-4.278979301452637,-2.866661310195923,31.1428279876709,452.06829833984375,374.4381103515625,191.3787841796875,0.07911015301942825,0.11171992123126984,2.4059417247772217,0.0,0.0,0.0,1,0
1788096792.5502317,16.947781262977514,TRACK,FLOW,/home/eunseop/nrs_imitation/checkpoints/flow/polishing/single_cam/20260827_2128_phasematch90_0deg/20260827_2129,440.123779296875,365.6246032714844,175.1726837158203,0.116686150431633,0.18674740195274353,2.4120144844055176,-8.538798332214355,2.7833242416381836,29.32245635986328,452.06829833984375,374.4381103515625,191.3787841796875,0.07911015301942825,0.11171992123126984,2.4059417247772217,0.0,0.0,0.0,1,0
1788096792.8461506,17.24369996995665,TRACK,FLOW,/home/eunseop/nrs_imitation/checkpoints/flow/polishing/single_cam/20260827_2128_phasematch90_0deg/20260827_2129,440.2505798339844,365.5920104980469,175.48654174804688,0.11464235186576843,0.1860046237707138,2.419511079788208,-3.3055102825164795,-1.0937055349349976,19.50080108642578,452.06829833984375,374.4381103515625,191.3787841796875,0.07911015301942825,0.11171992123126984,2.4059417247772217,0.0,0.0,0.0,1,0
1788096792.902227,17.299776675004978,TRACK,FLOW,/home/eunseop/nrs_imitation/checkpoints/flow/polishing/single_cam/20260827_2128_phasematch90_0deg/20260827_2129,440.6220397949219,365.49725341796875,175.55758666992188,0.11258163303136826,0.18536688387393951,2.426281690597534,-5.343785762786865,1.6297911405563354,15.772501945495605,452.06829833984375,374.4381103515625,191.3787841796875,0.07911015301942825,0.11171992123126984,2.4059417247772217,0.0,0.0,0.0,1,0
1788096793.133914,17.531463455001358,TRACK,FLOW,/home/eunseop/nrs_imitation/checkpoints/flow/polishing/single_cam/20260827_2128_phasematch90_0deg/20260827_2129,442.087890625,366.8590393066406,174.91644287109375,0.10961087048053741,0.18284545838832855,2.4338905811309814,-5.466651439666748,-2.534209728240967,38.35022735595703,442.087890625,366.8590393066406,174.91644287109375,0.10961087048053741,0.18284545838832855,2.4338905811309814,0.0,0.0,27.53983497619629,1,0
1788096793.1419446,17.53949392697541,TRACK,FLOW,/home/eunseop/nrs_imitation/checkpoints/flow/polishing/single_cam/20260827_2128_phasematch90_0deg/20260827_2129,442.1558837890625,366.93157958984375,174.9833984375,0.109516941010952,0.18277400732040405,2.4338433742523193,-11.686092376708984,3.3285489082336426,34.41447830200195,452.06829833984375,374.4381103515625,191.3787841796875,0.07911015301942825,0.11171992123126984,2.4059417247772217,0.0,0.0,0.0,1,0
1788096793.214159,17.61170847399626,TRACK,FLOW,/home/eunseop/nrs_imitation/checkpoints/flow/polishing/single_cam/20260827_2128_phasematch90_0deg/20260827_2129,442.4221496582031,367.3668518066406,174.96292114257812,0.10948452353477478,0.18298804759979248,2.433483839035034,-8.085771560668945,1.9788575172424316,33.73809051513672,452.06829833984375,374.4381103515625,191.3787841796875,0.07911015301942825,0.11171992123126984,2.4059417247772217,0.0,0.0,0.0,1,0
1788096793.4462852,17.84383521496784,TRACK,FLOW,/home/eunseop/nrs_imitation/checkpoints/flow/polishing/single_cam/20260827_2128_phasematch90_0deg/20260827_2129,442.5814514160156,367.6000671386719,175.14736938476562,0.10911343991756439,0.18318387866020203,2.4334335327148438,-3.5662474632263184,-2.4428887367248535,29.562828063964844,452.06829833984375,374.4381103515625,191.3787841796875,0.07911015301942825,0.11171992123126984,2.4059417247772217,0.0,0.0,0.0,1,0
1788096793.4940462,17.891595380962826,TRACK,FLOW,/home/eunseop/nrs_imitation/checkpoints/flow/polishing/single_cam/20260827_2128_phasematch90_0deg/20260827_2129,442.56988525390625,367.5732116699219,175.1436309814453,0.10904694348573685,0.183234304189682,2.4333407878875732,-7.350189685821533,-0.7723990678787231,30.646469116210938,452.06829833984375,374.4381103515625,191.3787841796875,0.07911015301942825,0.11171992123126984,2.4059417247772217,0.0,0.0,0.0,1,0
1788096793.7420409,18.139590216975193,TRACK,FLOW,/home/eunseop/nrs_imitation/checkpoints/flow/polishing/single_cam/20260827_2128_phasematch90_0deg/20260827_2129,442.61553955078125,367.7174072265625,175.17648315429688,0.10887681692838669,0.1829499751329422,2.433358669281006,-9.3443021774292,3.0626108646392822,26.43951416015625,452.06829833984375,374.4381103515625,191.3787841796875,0.07911015301942825,0.11171992123126984,2.4059417247772217,0.0,0.0,0.0,1,0
1788096793.7980936,18.19564305699896,TRACK,FLOW,/home/eunseop/nrs_imitation/checkpoints/flow/polishing/single_cam/20260827_2128_phasematch90_0deg/20260827_2129,442.5603942871094,367.7736511230469,175.1395263671875,0.1090010404586792,0.18291844427585602,2.4333598613739014,-4.3895440101623535,-0.6885534524917603,29.93511390686035,452.06829833984375,374.4381103515625,191.3787841796875,0.07911015301942825,0.11171992123126984,2.4059417247772217,0.0,0.0,0.0,1,0
1788096794.0461776,18.443726964003872,TRACK,FLOW,/home/eunseop/nrs_imitation/checkpoints/flow/polishing/single_cam/20260827_2128_phasematch90_0deg/20260827_2129,442.5054626464844,367.740478515625,175.0861358642578,0.10897280275821686,0.1830442249774933,2.4333548545837402,-6.663178443908691,-1.51905357837677,32.65594482421875,452.06829833984375,374.4381103515625,191.3787841796875,0.07911015301942825,0.11171992123126984,2.4059417247772217,0.0,0.0,0.0,1,0
1788096794.0940282,18.491577873006463,TRACK,FLOW,/home/eunseop/nrs_imitation/checkpoints/flow/polishing/single_cam/20260827_2128_phasematch90_0deg/20260827_2129,442.4637145996094,367.722412109375,175.06117248535156,0.108960822224617,0.18316343426704407,2.4333486557006836,-10.276557922363281,2.051316976547241,29.939983367919922,452.06829833984375,374.4381103515625,191.3787841796875,0.07911015301942825,0.11171992123126984,2.4059417247772217,0.0,0.0,0.0,1,0
1788096794.3420289,18.739578089967836,TRACK,FLOW,/home/eunseop/nrs_imitation/checkpoints/flow/polishing/single_cam/20260827_2128_phasematch90_0deg/20260827_2129,442.3914794921875,367.6321105957031,175.13607788085938,0.10905768722295761,0.18327969312667847,2.4332971572875977,-7.058197021484375,3.207024335861206,26.14067268371582,452.06829833984375,374.4381103515625,191.3787841796875,0.07911015301942825,0.11171992123126984,2.4059417247772217,0.0,0.0,0.0,1,0
1788096794.3981242,18.795673630957026,TRACK,FLOW,/home/eunseop/nrs_imitation/checkpoints/flow/polishing/single_cam/20260827_2128_phasematch90_0deg/20260827_2129,442.3705749511719,367.6520080566406,175.13587951660156,0.10902685672044754,0.1832602173089981,2.4333245754241943,-5.6399407386779785,-0.8460389375686646,30.81795883178711,452.06829833984375,374.4381103515625,191.3787841796875,0.07911015301942825,0.11171992123126984,2.4059417247772217,0.0,0.0,0.0,1,0
1788096794.4652698,18.862818920984864,TRACK,FLOW,/home/eunseop/nrs_imitation/checkpoints/flow/polishing/single_cam/20260827_2128_phasematch90_0deg/20260827_2129,442.3712158203125,367.6532897949219,175.14772033691406,0.10896459966897964,0.1832806020975113,2.4333651065826416,-9.418536186218262,3.2504656314849854,26.149534225463867,442.3712158203125,367.6532897949219,175.14772033691406,0.10896459966897964,0.1832806020975113,2.4333651065826416,0.0,0.0,23.912092208862305,1,0
1788096794.5743365,18.971885876962915,TRACK,FLOW,/home/eunseop/nrs_imitation/checkpoints/flow/polishing/single_cam/20260827_2128_phasematch90_0deg/20260827_2129,442.360595703125,367.6469421386719,175.1744842529297,0.10893689841032028,0.18315833806991577,2.4332902431488037,-4.144107818603516,-3.2878966331481934,30.018386840820312,384.3690185546875,330.31903076171875,211.5808563232422,0.08067620545625687,0.1302393525838852,2.3782224655151367,0.0,0.0,0.0,1,0
1788096794.6221576,19.019706968974788,TRACK,FLOW,/home/eunseop/nrs_imitation/checkpoints/flow/polishing/single_cam/20260827_2128_phasematch90_0deg/20260827_2129,442.3395690917969,367.60650634765625,175.15542602539062,0.10890325903892517,0.18326714634895325,2.433335304260254,-7.411133289337158,0.9886835217475891,29.62928009033203,384.3690185546875,330.31903076171875,211.5808563232422,0.08067620545625687,0.1302393525838852,2.3782224655151367,0.0,0.0,0.0,1,0
1788096794.8540888,19.251638024987187,TRACK,FLOW,/home/eunseop/nrs_imitation/checkpoints/flow/polishing/single_cam/20260827_2128_phasematch90_0deg/20260827_2129,442.2576599121094,367.5709533691406,175.18228149414062,0.10903087258338928,0.18334165215492249,2.433161973953247,-3.659437656402588,-1.6008520126342773,26.83832550048828,384.3690185546875,330.31903076171875,211.5808563232422,0.08067620545625687,0.1302393525838852,2.3782224655151367,0.0,0.0,0.0,1,0
1788096794.9101825,19.30773178295931,TRACK,FLOW,/home/eunseop/nrs_imitation/checkpoints/flow/polishing/single_cam/20260827_2128_phasematch90_0deg/20260827_2129,442.2401123046875,367.52166748046875,175.2014617919922,0.10894789546728134,0.18344928324222565,2.4332239627838135,-7.980283737182617,2.7172296047210693,25.04121208190918,384.3690185546875,330.31903076171875,211.5808563232422,0.08067620545625687,0.1302393525838852,2.3782224655151367,0.0,0.0,0.0,1,0
1788096794.9580712,19.355620623973664,TRACK,FLOW,/home/eunseop/nrs_imitation/checkpoints/flow/polishing/single_cam/20260827_2128_phasematch90_0deg/20260827_2129,442.2520751953125,367.5240173339844,175.2028350830078,0.10896317660808563,0.18342752754688263,2.4332239627838135,-7.328427791595459,3.15543270111084,24.462684631347656,384.3690185546875,330.31903076171875,211.5808563232422,0.08067620545625687,0.1302393525838852,2.3782224655151367,0.0,0.0,0.0,1,0
1788096795.246187,19.643736522004474,TRACK,FLOW,/home/eunseop/nrs_imitation/checkpoints/flow/polishing/single_cam/20260827_2128_phasematch90_0deg/20260827_2129,442.695068359375,367.893310546875,175.77650451660156,0.10659758001565933,0.1785765439271927,2.4269142150878906,-2.7276995182037354,-1.0730594396591187,11.795672416687012,384.3690185546875,330.31903076171875,211.5808563232422,0.08067620545625687,0.1302393525838852,2.3782224655151367,0.0,0.0,0.0,1,0
1788096795.3101287,19.707678042002954,TRACK,FLOW,/home/eunseop/nrs_imitation/checkpoints/flow/polishing/single_cam/20260827_2128_phasematch90_0deg/20260827_2129,443.11810302734375,368.07489013671875,175.65740966796875,0.104721799492836,0.17508821189403534,2.4221794605255127,-3.6185362339019775,-1.2112904787063599,15.037952423095703,384.3690185546875,330.31903076171875,211.5808563232422,0.08067620545625687,0.1302393525838852,2.3782224655151367,0.0,0.0,0.0,1,0
1788096795.3419726,19.73952195997117,TRACK,FLOW,/home/eunseop/nrs_imitation/checkpoints/flow/polishing/single_cam/20260827_2128_phasematch90_0deg/20260827_2129,443.3717346191406,368.2016906738281,175.35377502441406,0.1036951020359993,0.17300724983215332,2.4197471141815186,-5.2111124992370605,2.38576078414917,20.500680923461914,443.3717346191406,368.2016906738281,175.35377502441406,0.1036951020359993,0.17300724983215332,2.4197471141815186,0.0,0.0,25.079681396484375,1,0
1788096795.4380915,19.835640664969105,TRACK,FLOW,/home/eunseop/nrs_imitation/checkpoints/flow/polishing/single_cam/20260827_2128_phasematch90_0deg/20260827_2129,443.8858337402344,368.5749206542969,174.809326171875,0.1009453684091568,0.1667305827140808,2.4124207496643066,-4.462836742401123,-1.512588620185852,31.303905487060547,384.3690185546875,330.31903076171875,211.5808563232422,0.08067620545625687,0.1302393525838852,2.3782224655151367,0.0,0.0,0.0,1,0
1788096795.4458125,19.84336165600689,TRACK,FLOW,/home/eunseop/nrs_imitation/checkpoints/flow/polishing/single_cam/20260827_2128_phasematch90_0deg/20260827_2129,443.9305725097656,368.55560302734375,174.916015625,0.10064063221216202,0.16651521623134613,2.4118199348449707,-8.269327163696289,-0.04682508856058121,34.75029373168945,443.9305725097656,368.55560302734375,174.916015625,0.10064063221216202,0.16651521623134613,2.4118199348449707,0.0,0.0,24.382295608520508,1,0
1788096795.4861407,19.883690315007698,TRACK,FLOW,/home/eunseop/nrs_imitation/checkpoints/flow/polishing/single_cam/20260827_2128_phasematch90_0deg/20260827_2129,444.1102294921875,368.3895263671875,175.2987518310547,0.09946627169847488,0.1653497964143753,2.408588171005249,-3.749344825744629,-1.9950331449508667,18.054866790771484,384.3690185546875,330.31903076171875,211.5808563232422,0.08067620545625687,0.1302393525838852,2.3782224655151367,0.0,0.0,0.0,1,0
1788096795.5422072,19.939756679988932,TRACK,FLOW,/home/eunseop/nrs_imitation/checkpoints/flow/polishing/single_cam/20260827_2128_phasematch90_0deg/20260827_2129,444.3844299316406,368.11932373046875,175.40560913085938,0.0976497232913971,0.1635497361421585,2.403961658477783,-5.702589988708496,1.129560947418213,13.40137004852295,384.3690185546875,330.31903076171875,211.5808563232422,0.08067620545625687,0.1302393525838852,2.3782224655151367,0.0,0.0,0.0,1,0
1788096795.5500124,19.947561870969366,TRACK,FLOW,/home/eunseop/nrs_imitation/checkpoints/flow/polishing/single_cam/20260827_2128_phasematch90_0deg/20260827_2129,444.4317321777344,368.1055603027344,175.4259796142578,0.09741970896720886,0.16316691040992737,2.4032905101776123,-4.411710262298584,-1.9484655857086182,16.0317325592041,444.4317321777344,368.1055603027344,175.4259796142578,0.09741970896720886,0.16316691040992737,2.4032905101776123,0.0,0.0,25.079681396484375,1,0
1788096795.5901566,19.98770577699179,TRACK,FLOW,/home/eunseop/nrs_imitation/checkpoints/flow/polishing/single_cam/20260827_2128_phasematch90_0deg/20260827_2129,444.7654724121094,368.2300109863281,175.53656005859375,0.09623443335294724,0.1609867811203003,2.400336503982544,-2.2673604488372803,-1.4468035697937012,12.580342292785645,384.3690185546875,330.31903076171875,211.5808563232422,0.08067620545625687,0.1302393525838852,2.3782224655151367,0.0,0.0,0.0,1,0
1788096795.6461208,20.04366998700425,TRACK,FLOW,/home/eunseop/nrs_imitation/checkpoints/flow/polishing/single_cam/20260827_2128_phasematch90_0deg/20260827_2129,445.132080078125,368.5492248535156,175.3496856689453,0.09521927684545517,0.15928812325000763,2.3979904651641846,-5.941140651702881,2.084674596786499,16.093090057373047,384.3690185546875,330.31903076171875,211.5808563232422,0.08067620545625687,0.1302393525838852,2.3782224655151367,0.0,0.0,0.0,1,0
1788096795.694045,20.091594476951286,TRACK,FLOW,/home/eunseop/nrs_imitation/checkpoints/flow/polishing/single_cam/20260827_2128_phasematch90_0deg/20260827_2129,445.4923400878906,369.0550231933594,174.89491271972656,0.09473410248756409,0.1578567773103714,2.397151470184326,-4.667997360229492,-0.5625343322753906,32.410457611083984,384.3690185546875,330.31903076171875,211.5808563232422,0.08067620545625687,0.1302393525838852,2.3782224655151367,0.0,0.0,0.0,1,0
1788096795.6941676,20.091716830967925,TRACK,FLOW,/home/eunseop/nrs_imitation/checkpoints/flow/polishing/single_cam/20260827_2128_phasematch90_0deg/20260827_2129,445.4923400878906,369.0550231933594,174.89491271972656,0.09473410248756409,0.1578567773103714,2.397151470184326,-4.667997360229492,-0.5625343322753906,32.410457611083984,445.4923400878906,369.0550231933594,174.89491271972656,0.09473410248756409,0.1578567773103714,2.397151470184326,0.0,0.0,24.382295608520508,1,0
1788096795.7502654,20.147814786003437,TRACK,FLOW,/home/eunseop/nrs_imitation/checkpoints/flow/polishing/single_cam/20260827_2128_phasematch90_0deg/20260827_2129,445.9163818359375,369.6932373046875,174.4574737548828,0.09426214545965195,0.15649686753749847,2.3968350887298584,-10.006905555725098,-3.038633346557617,47.11857223510742,384.3690185546875,330.31903076171875,211.5808563232422,0.08067620545625687,0.1302393525838852,2.3782224655151367,0.0,0.0,0.0,1,0
1788096795.7979574,20.19550709199393,TRACK,FLOW,/home/eunseop/nrs_imitation/checkpoints/flow/polishing/single_cam/20260827_2128_phasematch90_0deg/20260827_2129,446.08441162109375,369.79425048828125,174.65895080566406,0.09426092356443405,0.15706364810466766,2.3966636657714844,-13.183283805847168,-0.008981578052043915,40.48550033569336,446.08441162109375,369.79425048828125,174.65895080566406,0.09426092356443405,0.15706364810466766,2.3966636657714844,0.0,0.0,24.913881301879883,1,0
1788096795.9100778,20.30762684799265,TRACK,FLOW,/home/eunseop/nrs_imitation/checkpoints/flow/polishing/single_cam/20260827_2128_phasematch90_0deg/20260827_2129,446.77789306640625,370.4455261230469,174.77833557128906,0.09374111145734787,0.15736408531665802,2.396427631378174,-8.98251724243164,0.1691356897354126,34.2408561706543,384.3690185546875,330.31903076171875,211.5808563232422,0.08067620545625687,0.1302393525838852,2.3782224655151367,0.0,0.0,0.0,1,0
1788096795.958091,20.355640327965375,TRACK,FLOW,/home/eunseop/nrs_imitation/checkpoints/flow/polishing/single_cam/20260827_2128_phasematch90_0deg/20260827_2129,447.07470703125,370.765869140625,174.84222412109375,0.09361403435468674,0.15734370052814484,2.396270990371704,-10.409815788269043,1.7266526222229004,31.746931076049805,384.3690185546875,330.31903076171875,211.5808563232422,0.08067620545625687,0.1302393525838852,2.3782224655151367,0.0,0.0,0.0,1,0
1788096796.2460105,20.643559968972113,TRACK,FLOW,/home/eunseop/nrs_imitation/checkpoints/flow/polishing/single_cam/20260827_2128_phasematch90_0deg/20260827_2129,448.9610290527344,372.622802734375,174.92352294921875,0.09204620122909546,0.157295361161232,2.396355390548706,-8.410782814025879,1.5031510591506958,25.273357391357422,384.3690185546875,330.31903076171875,211.5808563232422,0.08067620545625687,0.1302393525838852,2.3782224655151367,0.0,0.0,0.0,1,0
1788096796.2941234,20.691672749002464,TRACK,FLOW,/home/eunseop/nrs_imitation/checkpoints/flow/polishing/single_cam/20260827_2128_phasematch90_0deg/20260827_2129,449.2226867675781,373.05621337890625,174.9199981689453,0.09189756214618683,0.157181054353714,2.3965282440185547,-7.198888778686523,2.313642978668213,23.610923767089844,384.3690185546875,330.31903076171875,211.5808563232422,0.08067620545625687,0.1302393525838852,2.3782224655151367,0.0,0.0,0.0,1,0
1788096796.3344684,20.732017948990688,TRACK,FLOW,/home/eunseop/nrs_imitation/checkpoints/flow/polishing/single_cam/20260827_2128_phasematch90_0deg/20260827_2129,449.5240478515625,373.344482421875,174.93292236328125,0.09161033481359482,0.15712802112102509,2.3965423107147217,-7.924956321716309,1.94291353225708,26.01655387878418,449.5240478515625,373.344482421875,174.93292236328125,0.09161033481359482,0.15712802112102509,2.3965423107147217,0.0,0.0,26.591474533081055,1,0
1788096796.4382489,20.835798532003537,TRACK,FLOW,/home/eunseop/nrs_imitation/checkpoints/flow/polishing/single_cam/20260827_2128_phasematch90_0deg/20260827_2129,450.1355285644531,374.1548156738281,174.885986328125,0.09129978716373444,0.1566515862941742,2.3967230319976807,-6.919727325439453,-0.6639508605003357,29.261085510253906,384.3690185546875,330.31903076171875,211.5808563232422,0.08067620545625687,0.1302393525838852,2.3782224655151367,0.0,0.0,0.0,1,0
1788096796.4384575,20.836007061006967,TRACK,FLOW,/home/eunseop/nrs_imitation/checkpoints/flow/polishing/single_cam/20260827_2128_phasematch90_0deg/20260827_2129,450.1355285644531,374.1548156738281,174.885986328125,0.09129978716373444,0.1566515862941742,2.3967230319976807,-6.919727325439453,-0.6639508605003357,29.261085510253906,450.1355285644531,374.1548156738281,174.885986328125,0.09129978716373444,0.1566515862941742,2.3967230319976807,0.0,0.0,25.621135711669922,1,0
1788096796.4861944,20.88374392100377,TRACK,FLOW,/home/eunseop/nrs_imitation/checkpoints/flow/polishing/single_cam/20260827_2128_phasematch90_0deg/20260827_2129,450.4972229003906,374.5069274902344,174.87530517578125,0.09097735583782196,0.1564652919769287,2.396878719329834,-9.523508071899414,2.8322932720184326,27.647367477416992,384.3690185546875,330.31903076171875,211.5808563232422,0.08067620545625687,0.1302393525838852,2.3782224655151367,0.0,0.0,0.0,1,0
1788096796.758123,21.15567225095583,TRACK,FLOW,/home/eunseop/nrs_imitation/checkpoints/flow/polishing/single_cam/20260827_2128_phasematch90_0deg/20260827_2129,452.2658996582031,376.5184020996094,174.91441345214844,0.0897718146443367,0.15549884736537933,2.397251844406128,-5.058055877685547,-0.8127934336662292,26.842124938964844,384.3690185546875,330.31903076171875,211.5808563232422,0.08067620545625687,0.1302393525838852,2.3782224655151367,0.0,0.0,0.0,1,0
1788096796.8060055,21.20355470996583,TRACK,FLOW,/home/eunseop/nrs_imitation/checkpoints/flow/polishing/single_cam/20260827_2128_phasematch90_0deg/20260827_2129,452.6585388183594,376.9158020019531,174.88671875,0.08941344916820526,0.15504597127437592,2.397230625152588,-5.689467430114746,-0.7526814937591553,31.79160499572754,384.3690185546875,330.31903076171875,211.5808563232422,0.08067620545625687,0.1302393525838852,2.3782224655151367,0.0,0.0,0.0,1,0
1788096796.837946,21.235495342989452,TRACK,FLOW,/home/eunseop/nrs_imitation/checkpoints/flow/polishing/single_cam/20260827_2128_phasematch90_0deg/20260827_2129,452.809814453125,377.17333984375,174.85057067871094,0.0892719104886055,0.1549612581729889,2.397353410720825,-7.711728572845459,0.6741856336593628,27.70237922668457,452.809814453125,377.17333984375,174.85057067871094,0.0892719104886055,0.1549612581729889,2.397353410720825,0.0,0.0,26.866273880004883,1,0
1788096796.8622859,21.259835415985435,TRACK,FLOW,/home/eunseop/nrs_imitation/checkpoints/flow/polishing/single_cam/20260827_2128_phasematch90_0deg/20260827_2129,452.93548583984375,377.3606262207031,174.8121795654297,0.08923227339982986,0.15479676425457,2.3974125385284424,-6.455865859985352,1.1386208534240723,29.622852325439453,384.3690185546875,330.31903076171875,211.5808563232422,0.08067620545625687,0.1302393525838852,2.3782224655151367,0.0,0.0,0.0,1,0
1788096796.910003,21.307552198006306,TRACK,FLOW,/home/eunseop/nrs_imitation/checkpoints/flow/polishing/single_cam/20260827_2128_phasematch90_0deg/20260827_2129,453.2752380371094,377.7445068359375,174.841796875,0.08884288370609283,0.15447239577770233,2.397542715072632,-2.9608471393585205,-1.7908625602722168,29.34384536743164,384.3690185546875,330.31903076171875,211.5808563232422,0.08067620545625687,0.1302393525838852,2.3782224655151367,0.0,0.0,0.0,1,0
1788096796.9661636,21.363713143975474,TRACK,FLOW,/home/eunseop/nrs_imitation/checkpoints/flow/polishing/single_cam/20260827_2128_phasematch90_0deg/20260827_2129,453.5908508300781,378.14532470703125,174.8248291015625,0.08851225674152374,0.15445354580879211,2.3977255821228027,-9.38637924194336,2.0594334602355957,28.331626892089844,384.3690185546875,330.31903076171875,211.5808563232422,0.08067620545625687,0.1302393525838852,2.3782224655151367,0.0,0.0,0.0,1,0
1788096797.1099727,21.50752228096826,TRACK,FLOW,/home/eunseop/nrs_imitation/checkpoints/flow/polishing/single_cam/20260827_2128_phasematch90_0deg/20260827_2129,454.42132568359375,379.2493591308594,174.8615264892578,0.08784683048725128,0.15388928353786469,2.3982605934143066,-4.389442443847656,-2.1937832832336426,28.125728607177734,454.42132568359375,379.2493591308594,174.8615264892578,0.08784683048725128,0.15388928353786469,2.3982605934143066,0.0,0.0,27.604745864868164,1,0
1788096797.2301967,21.627746349957306,TRACK,FLOW,/home/eunseop/nrs_imitation/checkpoints/flow/polishing/single_cam/20260827_2128_phasematch90_0deg/20260827_2129,455.2369384765625,380.1129455566406,174.78099060058594,0.08711127191781998,0.1534787267446518,2.3986871242523193,-9.164467811584473,2.525697708129883,28.56243896484375,384.3690185546875,330.31903076171875,211.5808563232422,0.08067620545625687,0.1302393525838852,2.3782224655151367,0.0,0.0,0.0,1,0
1788096797.2861862,21.683735566970427,TRACK,FLOW,/home/eunseop/nrs_imitation/checkpoints/flow/polishing/single_cam/20260827_2128_phasematch90_0deg/20260827_2129,455.6266174316406,380.5542297363281,174.77557373046875,0.08680491149425507,0.15316277742385864,2.398906707763672,-6.460716247558594,-2.2440807819366455,33.40161895751953,384.3690185546875,330.31903076171875,211.5808563232422,0.08067620545625687,0.1302393525838852,2.3782224655151367,0.0,0.0,0.0,1,0
1788096797.4698868,21.867436186992563,TRACK,FLOW,/home/eunseop/nrs_imitation/checkpoints/flow/polishing/single_cam/20260827_2128_phasematch90_0deg/20260827_2129,456.7498779296875,381.8009338378906,174.79515075683594,0.08646333962678909,0.1527053266763687,2.3996424674987793,-10.212428092956543,2.620668411254883,31.38688087463379,456.7498779296875,381.8009338378906,174.79515075683594,0.08646333962678909,0.1527053266763687,2.3996424674987793,0.0,0.0,26.271312713623047,1,0
1788096797.5422013,21.939750833960716,TRACK,FLOW,/home/eunseop/nrs_imitation/checkpoints/flow/polishing/single_cam/20260827_2128_phasematch90_0deg/20260827_2129,457.2703857421875,382.35748291015625,174.85641479492188,0.08639999479055405,0.15231859683990479,2.40008807182312,-7.798025131225586,4.0960822105407715,25.41313934326172,384.3690185546875,330.31903076171875,211.5808563232422,0.08067620545625687,0.1302393525838852,2.3782224655151367,0.0,0.0,0.0,1,0
1788096797.5981033,21.995652864978183,TRACK,FLOW,/home/eunseop/nrs_imitation/checkpoints/flow/polishing/single_cam/20260827_2128_phasematch90_0deg/20260827_2129,457.69384765625,382.78619384765625,174.8557891845703,0.08625976741313934,0.15208138525485992,2.4004359245300293,-8.184155464172363,-0.6268303394317627,32.93141174316406,384.3690185546875,330.31903076171875,211.5808563232422,0.08067620545625687,0.1302393525838852,2.3782224655151367,0.0,0.0,0.0,1,0
1788096797.677986,22.075535420968663,TRACK,FLOW,/home/eunseop/nrs_imitation/checkpoints/flow/polishing/single_cam/20260827_2128_phasematch90_0deg/20260827_2129,458.22998046875,383.3277893066406,174.86041259765625,0.08620977401733398,0.15179866552352905,2.4006834030151367,-4.945213794708252,-1.9584195613861084,29.083229064941406,458.22998046875,383.3277893066406,174.86041259765625,0.08620977401733398,0.15179866552352905,2.4006834030151367,0.0,0.0,28.36052894592285,1,0
1788096797.7741485,22.171697598998435,TRACK,FLOW,/home/eunseop/nrs_imitation/checkpoints/flow/polishing/single_cam/20260827_2128_phasematch90_0deg/20260827_2129,458.9517517089844,383.9164123535156,174.86373901367188,0.08584831655025482,0.15137138962745667,2.4009745121002197,-5.250350475311279,-1.4141415357589722,27.348310470581055,384.3690185546875,330.31903076171875,211.5808563232422,0.08067620545625687,0.1302393525838852,2.3782224655151367,0.0,0.0,0.0,1,0
1788096797.8302145,22.22776390297804,TRACK,FLOW,/home/eunseop/nrs_imitation/checkpoints/flow/polishing/single_cam/20260827_2128_phasematch90_0deg/20260827_2129,459.35601806640625,384.378662109375,174.88124084472656,0.08567273616790771,0.1509343832731247,2.4010813236236572,-2.411816120147705,-1.6032915115356445,25.957242965698242,384.3690185546875,330.31903076171875,211.5808563232422,0.08067620545625687,0.1302393525838852,2.3782224655151367,0.0,0.0,0.0,1,0
1788096798.0379062,22.43545541696949,TRACK,FLOW,/home/eunseop/nrs_imitation/checkpoints/flow/polishing/single_cam/20260827_2128_phasematch90_0deg/20260827_2129,460.5749816894531,385.8384094238281,174.829345703125,0.08471248298883438,0.14998950064182281,2.4012815952301025,-7.897543430328369,-0.5078782439231873,30.56824493408203,460.5749816894531,385.8384094238281,174.829345703125,0.08471248298883438,0.14998950064182281,2.4012815952301025,0.0,0.0,28.99945640563965,1,0
1788096798.0541563,22.451705523999408,TRACK,FLOW,/home/eunseop/nrs_imitation/checkpoints/flow/polishing/single_cam/20260827_2128_phasematch90_0deg/20260827_2129,460.65374755859375,386.02166748046875,174.8454132080078,0.08471288532018661,0.14981670677661896,2.4013490676879883,-5.033596515655518,-2.278110980987549,31.124521255493164,384.3690185546875,330.31903076171875,211.5808563232422,0.08067620545625687,0.1302393525838852,2.3782224655151367,0.0,0.0,0.0,1,0
1788096798.1101387,22.50768798799254,TRACK,FLOW,/home/eunseop/nrs_imitation/checkpoints/flow/polishing/single_cam/20260827_2128_phasematch90_0deg/20260827_2129,460.8927307128906,386.4173278808594,174.82049560546875,0.08464299887418747,0.14977620542049408,2.4015727043151855,-7.51204252243042,1.1757153272628784,25.692626953125,384.3690185546875,330.31903076171875,211.5808563232422,0.08067620545625687,0.1302393525838852,2.3782224655151367,0.0,0.0,0.0,1,0
1788096798.3502183,22.747767629974987,TRACK,FLOW,/home/eunseop/nrs_imitation/checkpoints/flow/polishing/single_cam/20260827_2128_phasematch90_0deg/20260827_2129,462.2718811035156,388.28533935546875,174.78329467773438,0.08426768332719803,0.1479739546775818,2.4032833576202393,-9.05012321472168,3.3032455444335938,29.245515823364258,384.3690185546875,330.31903076171875,211.5808563232422,0.08067620545625687,0.1302393525838852,2.3782224655151367,0.0,0.0,0.0,1,0
1788096798.4060173,22.803566652990412,TRACK,FLOW,/home/eunseop/nrs_imitation/checkpoints/flow/polishing/single_cam/20260827_2128_phasematch90_0deg/20260827_2129,462.5777893066406,388.7741394042969,174.78472900390625,0.08425265550613403,0.1476767510175705,2.4035143852233887,-6.868369102478027,-1.2782526016235352,34.20314025878906,384.3690185546875,330.31903076171875,211.5808563232422,0.08067620545625687,0.1302393525838852,2.3782224655151367,0.0,0.0,0.0,1,0
1788096798.4942036,22.891752983967308,TRACK,FLOW,/home/eunseop/nrs_imitation/checkpoints/flow/polishing/single_cam/20260827_2128_phasematch90_0deg/20260827_2129,463.0630187988281,389.5003356933594,174.79876708984375,0.0842941477894783,0.14707428216934204,2.4038870334625244,-6.343381881713867,-1.6975644826889038,35.44090270996094,463.0630187988281,389.5003356933594,174.79876708984375,0.0842941477894783,0.14707428216934204,2.4038870334625244,0.0,0.0,29.75498390197754,1,0
1788096798.5980628,22.99561215599533,TRACK,FLOW,/home/eunseop/nrs_imitation/checkpoints/flow/polishing/single_cam/20260827_2128_phasematch90_0deg/20260827_2129,463.364501953125,390.19610595703125,174.8601837158203,0.08429985493421555,0.14558708667755127,2.4047467708587646,-5.30654239654541,-1.0215566158294678,27.633499145507812,384.3690185546875,330.31903076171875,211.5808563232422,0.08067620545625687,0.1302393525838852,2.3782224655151367,0.0,0.0,0.0,1,0
1788096798.5981805,22.99572993098991,TRACK,FLOW,/home/eunseop/nrs_imitation/checkpoints/flow/polishing/single_cam/20260827_2128_phasematch90_0deg/20260827_2129,463.364501953125,390.19610595703125,174.8601837158203,0.08429985493421555,0.14558708667755127,2.4047467708587646,-5.30654239654541,-1.0215566158294678,27.633499145507812,463.364501953125,390.19610595703125,174.8601837158203,0.08429985493421555,0.14558708667755127,2.4047467708587646,0.0,0.0,29.371095657348633,1,0
1788096798.670263,23.067812494991813,TRACK,FLOW,/home/eunseop/nrs_imitation/checkpoints/flow/polishing/single_cam/20260827_2128_phasematch90_0deg/20260827_2129,463.3526306152344,390.4669494628906,174.9188995361328,0.08507013320922852,0.14501942694187164,2.405580520629883,-6.15825891494751,-1.5923962593078613,28.73860740661621,381.529052734375,327.1941223144531,200.26275634765625,0.11024251580238342,0.11071601510047913,2.3213977813720703,0.0,0.0,0.0,1,0
1788096798.7571676,23.154717042983975,TRACK,FLOW,/home/eunseop/nrs_imitation/checkpoints/flow/polishing/single_cam/20260827_2128_phasematch90_0deg/20260827_2129,463.32037353515625,390.5431823730469,174.9281005859375,0.0853615552186966,0.14483125507831573,2.4057118892669678,-3.816709518432617,-1.3330028057098389,25.69314956665039,463.32037353515625,390.5431823730469,174.9281005859375,0.0853615552186966,0.14483125507831573,2.4057118892669678,0.0,0.0,26.439626693725586,1,0
1788096799.0621688,23.459718489961233,TRACK,FLOW,/home/eunseop/nrs_imitation/checkpoints/flow/polishing/single_cam/20260827_2128_phasematch90_0deg/20260827_2129,461.5173645019531,390.4259338378906,174.849609375,0.09182986617088318,0.13835735619068146,2.408982038497925,-8.080263137817383,1.1215574741363525,27.64181900024414,382.5785827636719,327.2703857421875,200.1341094970703,0.10922082513570786,0.11073412001132965,2.3221089839935303,0.0,0.0,0.0,1,0
1788096799.1100018,23.507551083981525,TRACK,FLOW,/home/eunseop/nrs_imitation/checkpoints/flow/polishing/single_cam/20260827_2128_phasematch90_0deg/20260827_2129,461.1091613769531,390.1614685058594,174.88446044921875,0.09245263785123825,0.13801486790180206,2.409130334854126,-6.401881694793701,1.3729403018951416,21.90167999267578,382.5785827636719,327.2703857421875,200.1341094970703,0.10922082513570786,0.11073412001132965,2.3221089839935303,0.0,0.0,0.0,1,0
1788096799.1660075,23.563556892971974,TRACK,FLOW,/home/eunseop/nrs_imitation/checkpoints/flow/polishing/single_cam/20260827_2128_phasematch90_0deg/20260827_2129,460.7448425292969,389.7427673339844,174.96241760253906,0.09290089458227158,0.13735991716384888,2.409259080886841,-5.906144618988037,-1.607420563697815,24.77092933654785,382.5785827636719,327.2703857421875,200.1341094970703,0.10922082513570786,0.11073412001132965,2.3221089839935303,0.0,0.0,0.0,1,0
1788096799.3979516,23.795501180982683,TRACK,FLOW,/home/eunseop/nrs_imitation/checkpoints/flow/polishing/single_cam/20260827_2128_phasematch90_0deg/20260827_2129,459.3888854980469,388.6651916503906,174.97219848632812,0.0932326540350914,0.13386979699134827,2.409388780593872,-4.765588283538818,-1.9507848024368286,24.5021915435791,459.3888854980469,388.6651916503906,174.97219848632812,0.0932326540350914,0.13386979699134827,2.409388780593872,0.0,0.0,27.305395126342773,1,0
1788096799.4461913,23.843740802956745,TRACK,FLOW,/home/eunseop/nrs_imitation/checkpoints/flow/polishing/single_cam/20260827_2128_phasematch90_0deg/20260827_2129,459.0191650390625,388.4961242675781,174.74734497070312,0.09333589673042297,0.13305650651454926,2.4095242023468018,-9.291720390319824,0.6864296197891235,32.64181900024414,382.5785827636719,327.2703857421875,200.1341094970703,0.10922082513570786,0.11073412001132965,2.3221089839935303,0.0,0.0,0.0,1,0
1788096799.5021508,23.89970007300144,TRACK,FLOW,/home/eunseop/nrs_imitation/checkpoints/flow/polishing/single_cam/20260827_2128_phasematch90_0deg/20260827_2129,458.5254821777344,388.33502197265625,174.7564239501953,0.09373779594898224,0.13217933475971222,2.4096150398254395,-3.189396619796753,-0.9327239990234375,25.38865852355957,382.5785827636719,327.2703857421875,200.1341094970703,0.10922082513570786,0.11073412001132965,2.3221089839935303,0.0,0.0,0.0,1,0
1788096799.7503827,24.14793199999258,TRACK,FLOW,/home/eunseop/nrs_imitation/checkpoints/flow/polishing/single_cam/20260827_2128_phasematch90_0deg/20260827_2129,456.8074951171875,386.79876708984375,174.7397003173828,0.09333795309066772,0.13002555072307587,2.4096519947052,-9.622180938720703,1.3586255311965942,31.102840423583984,382.5785827636719,327.2703857421875,200.1341094970703,0.10922082513570786,0.11073412001132965,2.3221089839935303,0.0,0.0,0.0,1,0
1788096799.8062074,24.20375680195866,TRACK,FLOW,/home/eunseop/nrs_imitation/checkpoints/flow/polishing/single_cam/20260827_2128_phasematch90_0deg/20260827_2129,456.45892333984375,386.67962646484375,174.5142364501953,0.09326137602329254,0.12878422439098358,2.4096744060516357,-5.045901775360107,-2.068678140640259,32.850608825683594,382.5785827636719,327.2703857421875,200.1341094970703,0.10922082513570786,0.11073412001132965,2.3221089839935303,0.0,0.0,0.0,1,0
1788096800.0542796,24.45182905299589,TRACK,FLOW,/home/eunseop/nrs_imitation/checkpoints/flow/polishing/single_cam/20260827_2128_phasematch90_0deg/20260827_2129,454.87994384765625,384.7486572265625,174.94415283203125,0.09250552952289581,0.1277177631855011,2.4095702171325684,-6.539565086364746,1.283859133720398,21.134199142456055,382.5785827636719,327.2703857421875,200.1341094970703,0.10922082513570786,0.11073412001132965,2.3221089839935303,0.0,0.0,0.0,1,0
1788096800.1020212,24.499570391955785,TRACK,FLOW,/home/eunseop/nrs_imitation/checkpoints/flow/polishing/single_cam/20260827_2128_phasematch90_0deg/20260827_2129,454.5928955078125,384.46160888671875,174.6180419921875,0.09227391332387924,0.12705522775650024,2.409555673599243,-8.121145248413086,1.9598947763442993,29.340852737426758,382.5785827636719,327.2703857421875,200.1341094970703,0.10922082513570786,0.11073412001132965,2.3221089839935303,0.0,0.0,0.0,1,0
1788096800.1819656,24.57951501599746,TRACK,FLOW,/home/eunseop/nrs_imitation/checkpoints/flow/polishing/single_cam/20260827_2128_phasematch90_0deg/20260827_2129,454.2693176269531,384.1026306152344,174.58477783203125,0.09171637892723083,0.12566983699798584,2.409583568572998,-3.3194916248321533,-3.023909568786621,29.642593383789062,454.2693176269531,384.1026306152344,174.58477783203125,0.09171637892723083,0.12566983699798584,2.409583568572998,0.0,0.0,28.07842445373535,1,0
1788096800.2780483,24.675597410998307,TRACK,FLOW,/home/eunseop/nrs_imitation/checkpoints/flow/polishing/single_cam/20260827_2128_phasematch90_0deg/20260827_2129,453.630126953125,383.146728515625,174.8882598876953,0.09142027795314789,0.12588775157928467,2.409391164779663,-5.298795223236084,2.6743996143341064,17.33638572692871,382.5785827636719,327.2703857421875,200.1341094970703,0.10922082513570786,0.11073412001132965,2.3221089839935303,0.0,0.0,0.0,1,0
1788096800.334147,24.73169688798953,TRACK,FLOW,/home/eunseop/nrs_imitation/checkpoints/flow/polishing/single_cam/20260827_2128_phasematch90_0deg/20260827_2129,453.34686279296875,382.6983337402344,174.9720458984375,0.09115619212388992,0.12549938261508942,2.4092586040496826,-4.5453033447265625,-2.0411078929901123,18.925355911254883,382.5785827636719,327.2703857421875,200.1341094970703,0.10922082513570786,0.11073412001132965,2.3221089839935303,0.0,0.0,0.0,1,0
1788096800.3820233,24.779572564002592,TRACK,FLOW,/home/eunseop/nrs_imitation/checkpoints/flow/polishing/single_cam/20260827_2128_phasematch90_0deg/20260827_2129,453.10107421875,382.3037414550781,175.01126098632812,0.09085928648710251,0.12521705031394958,2.4092206954956055,-6.4774627685546875,2.1794023513793945,17.10358428955078,382.5785827636719,327.2703857421875,200.1341094970703,0.10922082513570786,0.11073412001132965,2.3221089839935303,0.0,0.0,0.0,1,0
1788096800.437876,24.835425439989194,TRACK,FLOW,/home/eunseop/nrs_imitation/checkpoints/flow/polishing/single_cam/20260827_2128_phasematch90_0deg/20260827_2129,452.8778381347656,381.92205810546875,174.9669952392578,0.09047982096672058,0.12450572848320007,2.4091224670410156,-5.578413486480713,-1.9910130500793457,20.861337661743164,452.8778381347656,381.92205810546875,174.9669952392578,0.09047982096672058,0.12450572848320007,2.4091224670410156,0.0,0.0,26.57843017578125,1,0
1788096800.542041,24.93959043698851,TRACK,FLOW,/home/eunseop/nrs_imitation/checkpoints/flow/polishing/single_cam/20260827_2128_phasematch90_0deg/20260827_2129,452.3880920410156,381.621826171875,173.96932983398438,0.0897386223077774,0.12159960716962814,2.409200429916382,-8.256196975708008,4.176259994506836,51.88856506347656,382.5785827636719,327.2703857421875,200.1341094970703,0.10922082513570786,0.11073412001132965,2.3221089839935303,0.0,0.0,0.0,1,0
1788096800.5980968,24.99564639199525,TRACK,FLOW,/home/eunseop/nrs_imitation/checkpoints/flow/polishing/single_cam/20260827_2128_phasematch90_0deg/20260827_2129,452.0560302734375,380.9957580566406,174.5130615234375,0.08933848142623901,0.12171349674463272,2.4091522693634033,-5.955124378204346,0.12701846659183502,32.84625244140625,382.5785827636719,327.2703857421875,200.1341094970703,0.10922082513570786,0.11073412001132965,2.3221089839935303,0.0,0.0,0.0,1,0
1788096800.8781354,25.27568484400399,TRACK,FLOW,/home/eunseop/nrs_imitation/checkpoints/flow/polishing/single_cam/20260827_2128_phasematch90_0deg/20260827_2129,450.6304931640625,378.8497619628906,174.97462463378906,0.08787044882774353,0.12013818323612213,2.4083707332611084,-6.844632148742676,-1.3960998058319092,21.709726333618164,382.5785827636719,327.2703857421875,200.1341094970703,0.10922082513570786,0.11073412001132965,2.3221089839935303,0.0,0.0,0.0,1,0
1788096800.9100194,25.307568536954932,TRACK,FLOW,/home/eunseop/nrs_imitation/checkpoints/flow/polishing/single_cam/20260827_2128_phasematch90_0deg/20260827_2129,450.4521179199219,378.60858154296875,174.60870361328125,0.08774413168430328,0.1196313351392746,2.408280611038208,-8.061097145080566,2.1745100021362305,30.742626190185547,382.5785827636719,327.2703857421875,200.1341094970703,0.10922082513570786,0.11073412001132965,2.3221089839935303,0.0,0.0,0.0,1,0
1788096800.9661577,25.36370706895832,TRACK,FLOW,/home/eunseop/nrs_imitation/checkpoints/flow/polishing/single_cam/20260827_2128_phasematch90_0deg/20260827_2129,450.2590026855469,378.5966796875,174.24905395507812,0.08724621683359146,0.11786531656980515,2.4083874225616455,-9.06583309173584,1.3358744382858276,45.177589416503906,382.5785827636719,327.2703857421875,200.1341094970703,0.10922082513570786,0.11073412001132965,2.3221089839935303,0.0,0.0,0.0,1,0
1788096801.0301936,25.427743439970072,TRACK,FLOW,/home/eunseop/nrs_imitation/checkpoints/flow/polishing/single_cam/20260827_2128_phasematch90_0deg/20260827_2129,449.85162353515625,377.9327087402344,174.7740478515625,0.08694937080144882,0.11815975606441498,2.4082868099212646,-3.2902097702026367,-1.931532382965088,21.145809173583984,382.5785827636719,327.2703857421875,200.1341094970703,0.10922082513570786,0.11073412001132965,2.3221089839935303,0.0,0.0,0.0,1,0
1788096801.0701983,25.467747638002038,TRACK,FLOW,/home/eunseop/nrs_imitation/checkpoints/flow/polishing/single_cam/20260827_2128_phasematch90_0deg/20260827_2129,449.5684814453125,377.4479064941406,174.8651885986328,0.08669516444206238,0.11845778673887253,2.4082796573638916,-2.840352773666382,-1.1447612047195435,17.576557159423828,382.5785827636719,327.2703857421875,200.1341094970703,0.10922082513570786,0.11073412001132965,2.3221089839935303,0.0,0.0,0.0,1,0
1788096801.1260817,25.5236310219625,TRACK,FLOW,/home/eunseop/nrs_imitation/checkpoints/flow/polishing/single_cam/20260827_2128_phasematch90_0deg/20260827_2129,449.3085021972656,376.9797668457031,174.91351318359375,0.08617712557315826,0.11815699934959412,2.408231258392334,-6.048996925354004,1.7701444625854492,16.898956298828125,382.5785827636719,327.2703857421875,200.1341094970703,0.10922082513570786,0.11073412001132965,2.3221089839935303,0.0,0.0,0.0,1,0
1788096801.1820903,25.57963947596727,TRACK,FLOW,/home/eunseop/nrs_imitation/checkpoints/flow/polishing/single_cam/20260827_2128_phasematch90_0deg/20260827_2129,449.0643310546875,376.6462097167969,174.97825622558594,0.08580584079027176,0.11744839698076248,2.4081175327301025,-4.150547504425049,-1.4938358068466187,17.86176109313965,382.5785827636719,327.2703857421875,200.1341094970703,0.10922082513570786,0.11073412001132965,2.3221089839935303,0.0,0.0,0.0,1,0
1788096801.4620483,25.85959762299899,TRACK,FLOW,/home/eunseop/nrs_imitation/checkpoints/flow/polishing/single_cam/20260827_2128_phasematch90_0deg/20260827_2129,447.5749816894531,374.7474670410156,174.83860778808594,0.08335114270448685,0.11510146409273148,2.4073150157928467,-3.8865909576416016,0.7011409997940063,17.11783790588379,382.5785827636719,327.2703857421875,200.1341094970703,0.10922082513570786,0.11073412001132965,2.3221089839935303,0.0,0.0,0.0,1,0
1788096801.5101373,25.907686917984392,TRACK,FLOW,/home/eunseop/nrs_imitation/checkpoints/flow/polishing/single_cam/20260827_2128_phasematch90_0deg/20260827_2129,447.46063232421875,374.4559631347656,174.99856567382812,0.08273790031671524,0.11445397883653641,2.4069249629974365,-3.4043984413146973,-1.5868381261825562,15.165038108825684,382.5785827636719,327.2703857421875,200.1341094970703,0.10922082513570786,0.11073412001132965,2.3221089839935303,0.0,0.0,0.0,1,0
1788096801.5660524,25.96360169199761,TRACK,FLOW,/home/eunseop/nrs_imitation/checkpoints/flow/polishing/single_cam/20260827_2128_phasematch90_0deg/20260827_2129,447.25311279296875,374.0690002441406,175.09454345703125,0.0820944681763649,0.1139303594827652,2.4066755771636963,-3.712538480758667,1.7428382635116577,11.868148803710938,382.5785827636719,327.2703857421875,200.1341094970703,0.10922082513570786,0.11073412001132965,2.3221089839935303,0.0,0.0,0.0,1,0
1788096801.878025,26.275574261962902,TRACK,FLOW,/home/eunseop/nrs_imitation/checkpoints/flow/polishing/single_cam/20260827_2128_phasematch90_0deg/20260827_2129,446.0838623046875,372.4705810546875,174.50540161132812,0.07952047139406204,0.11214955896139145,2.406198740005493,-6.173452854156494,-0.5335359573364258,26.10141372680664,382.5785827636719,327.2703857421875,200.1341094970703,0.10922082513570786,0.11073412001132965,2.3221089839935303,0.0,0.0,0.0,1,0
1788096801.934188,26.331737160973717,TRACK,FLOW,/home/eunseop/nrs_imitation/checkpoints/flow/polishing/single_cam/20260827_2128_phasematch90_0deg/20260827_2129,446.1341552734375,372.46502685546875,174.51487731933594,0.0793599784374237,0.11209511756896973,2.406163215637207,-7.79258918762207,-2.6307883262634277,29.538841247558594,382.5785827636719,327.2703857421875,200.1341094970703,0.10922082513570786,0.11073412001132965,2.3221089839935303,0.0,0.0,0.0,1,0
1788096801.990245,26.38779454899486,TRACK,FLOW,/home/eunseop/nrs_imitation/checkpoints/flow/polishing/single_cam/20260827_2128_phasematch90_0deg/20260827_2129,446.13226318359375,372.5088806152344,174.50030517578125,0.07933185249567032,0.11202462762594223,2.4061195850372314,-3.859553575515747,-1.6830886602401733,24.10755729675293,382.5785827636719,327.2703857421875,200.1341094970703,0.10922082513570786,0.11073412001132965,2.3221089839935303,0.0,0.0,0.0,1,0
1788096802.2541854,26.651734772953205,TRACK,FLOW,/home/eunseop/nrs_imitation/checkpoints/flow/polishing/single_cam/20260827_2128_phasematch90_0deg/20260827_2129,446.19366455078125,372.4930114746094,174.51809692382812,0.07908568531274796,0.1118648499250412,2.405961275100708,-6.061233997344971,0.32085108757019043,25.93566131591797,382.5785827636719,327.2703857421875,200.1341094970703,0.10922082513570786,0.11073412001132965,2.3221089839935303,0.0,0.0,0.0,1,0
1788096802.318418,26.715967138996348,TRACK,FLOW,/home/eunseop/nrs_imitation/checkpoints/flow/polishing/single_cam/20260827_2128_phasematch90_0deg/20260827_2129,446.18438720703125,372.4543762207031,174.51248168945312,0.07905150204896927,0.11192125827074051,2.405949354171753,-5.3925652503967285,0.9445652961730957,25.53709602355957,382.5785827636719,327.2703857421875,200.1341094970703,0.10922082513570786,0.11073412001132965,2.3221089839935303,0.0,0.0,0.0,1,0
1788096802.3740196,26.771568823955022,TRACK,FLOW,/home/eunseop/nrs_imitation/checkpoints/flow/polishing/single_cam/20260827_2128_phasematch90_0deg/20260827_2129,446.19061279296875,372.42510986328125,174.47145080566406,0.07907244563102722,0.11194536834955215,2.405851125717163,-5.10938835144043,-1.9828288555145264,27.570932388305664,382.5785827636719,327.2703857421875,200.1341094970703,0.10922082513570786,0.11073412001132965,2.3221089839935303,0.0,0.0,0.0,1,0
1788096802.7581172,27.155666387989186,TRACK,FLOW,/home/eunseop/nrs_imitation/checkpoints/flow/polishing/single_cam/20260827_2128_phasematch90_0deg/20260827_2129,446.16693115234375,372.5356140136719,174.49758911132812,0.0790981724858284,0.11168944835662842,2.4059667587280273,-3.919020175933838,2.421597957611084,24.56254768371582,382.5785827636719,327.2703857421875,200.1341094970703,0.10922082513570786,0.11073412001132965,2.3221089839935303,0.0,0.0,0.0,1,0
1788096802.8060343,27.203583612979855,TRACK,FLOW,/home/eunseop/nrs_imitation/checkpoints/flow/polishing/single_cam/20260827_2128_phasematch90_0deg/20260827_2129,446.1871337890625,372.4954528808594,174.4549560546875,0.07905235886573792,0.11176268756389618,2.4058949947357178,-3.1359822750091553,-0.4206306040287018,26.896575927734375,382.5785827636719,327.2703857421875,200.1341094970703,0.10922082513570786,0.11073412001132965,2.3221089839935303,0.0,0.0,0.0,1,0
1788096802.8646414,27.262190868961625,TRACK,FLOW,/home/eunseop/nrs_imitation/checkpoints/flow/polishing/single_cam/20260827_2128_phasematch90_0deg/20260827_2129,446.1871337890625,372.4954528808594,174.4549560546875,0.07905235886573792,0.11176268756389618,2.4058949947357178,-3.1359822750091553,-0.4206306040287018,26.896575927734375,446.1871337890625,372.4954528808594,174.4549560546875,0.07905235886573792,0.11176268756389618,2.4058949947357178,0.0,0.0,22.02056884765625,1,0
1788096802.9661396,27.363689063000493,TRACK,FLOW,/home/eunseop/nrs_imitation/checkpoints/flow/polishing/single_cam/20260827_2128_phasematch90_0deg/20260827_2129,446.1966247558594,372.517822265625,174.48951721191406,0.07900218665599823,0.11174611002206802,2.405982732772827,-6.928077220916748,-4.512696266174316,31.077987670898438,420.3427429199219,343.8165588378906,199.947509765625,0.06231189891695976,0.0919073149561882,2.366461753845215,0.0,0.0,0.0,1,0
1788096803.0221734,27.41972348600393,TRACK,FLOW,/home/eunseop/nrs_imitation/checkpoints/flow/polishing/single_cam/20260827_2128_phasematch90_0deg/20260827_2129,446.17315673828125,372.4757385253906,174.44485473632812,0.0790630578994751,0.11180809885263443,2.4058804512023926,-3.6099867820739746,-1.039139747619629,25.376693725585938,420.3427429199219,343.8165588378906,199.947509765625,0.06231189891695976,0.0919073149561882,2.366461753845215,0.0,0.0,0.0,1,0
1788096803.2701712,27.66772053099703,TRACK,FLOW,/home/eunseop/nrs_imitation/checkpoints/flow/polishing/single_cam/20260827_2128_phasematch90_0deg/20260827_2129,446.1756896972656,372.43359375,174.54776000976562,0.07904073596000671,0.11195620149374008,2.405900716781616,-4.908651351928711,-2.0741536617279053,27.07449722290039,420.3427429199219,343.8165588378906,199.947509765625,0.06231189891695976,0.0919073149561882,2.366461753845215,0.0,0.0,0.0,1,0
1788096803.3182166,27.715765710978303,TRACK,FLOW,/home/eunseop/nrs_imitation/checkpoints/flow/polishing/single_cam/20260827_2128_phasematch90_0deg/20260827_2129,446.1589660644531,372.3960876464844,174.5716552734375,0.07903467863798141,0.11211778223514557,2.405918836593628,-7.175318717956543,-0.9335476756095886,24.155851364135742,420.3427429199219,343.8165588378906,199.947509765625,0.06231189891695976,0.0919073149561882,2.366461753845215,0.0,0.0,0.0,1,0
1788096803.3741436,27.771692809008528,TRACK,FLOW,/home/eunseop/nrs_imitation/checkpoints/flow/polishing/single_cam/20260827_2128_phasematch90_0deg/20260827_2129,446.1313781738281,372.473876953125,174.6055145263672,0.07918554544448853,0.11203169077634811,2.405923843383789,-3.5971546173095703,-1.6218411922454834,21.268583297729492,420.3427429199219,343.8165588378906,199.947509765625,0.06231189891695976,0.0919073149561882,2.366461753845215,0.0,0.0,0.0,1,0
1788096803.654279,28.05182849400444,TRACK,FLOW,/home/eunseop/nrs_imitation/checkpoints/flow/polishing/single_cam/20260827_2128_phasematch90_0deg/20260827_2129,444.99395751953125,372.8309326171875,175.26751708984375,0.07164435088634491,0.11480703204870224,2.412438154220581,-3.830787181854248,0.9102400541305542,9.827009201049805,420.3427429199219,343.8165588378906,199.947509765625,0.06231189891695976,0.0919073149561882,2.366461753845215,0.0,0.0,0.0,1,0
1788096803.7100906,28.10764001100324,TRACK,FLOW,/home/eunseop/nrs_imitation/checkpoints/flow/polishing/single_cam/20260827_2128_phasematch90_0deg/20260827_2129,444.6293640136719,373.018310546875,174.65858459472656,0.06931326538324356,0.11528170108795166,2.4144630432128906,-4.783738136291504,-2.3795108795166016,30.082828521728516,420.3427429199219,343.8165588378906,199.947509765625,0.06231189891695976,0.0919073149561882,2.366461753845215,0.0,0.0,0.0,1,0
1788096803.9419343,28.339483733987436,TRACK,FLOW,/home/eunseop/nrs_imitation/checkpoints/flow/polishing/single_cam/20260827_2128_phasematch90_0deg/20260827_2129,442.5931091308594,372.71807861328125,175.13616943359375,0.059930469840765,0.12108168751001358,2.4226462841033936,-5.334578990936279,1.5054861307144165,11.126479148864746,442.5931091308594,372.71807861328125,175.13616943359375,0.059930469840765,0.12108168751001358,2.4226462841033936,0.0,0.0,21.52233123779297,1,0
1788096803.9501011,28.347650576964952,TRACK,FLOW,/home/eunseop/nrs_imitation/checkpoints/flow/polishing/single_cam/20260827_2128_phasematch90_0deg/20260827_2129,442.5545959472656,372.74053955078125,175.16053771972656,0.05959346890449524,0.12120936065912247,2.422935724258423,-3.575840711593628,0.051801908761262894,10.567862510681152,420.3427429199219,343.8165588378906,199.947509765625,0.06231189891695976,0.0919073149561882,2.366461753845215,0.0,0.0,0.0,1,0
1788096804.022203,28.419752296991646,TRACK,FLOW,/home/eunseop/nrs_imitation/checkpoints/flow/polishing/single_cam/20260827_2128_phasematch90_0deg/20260827_2129,442.2018127441406,372.9544677734375,175.37393188476562,0.0563398040831089,0.12210116535425186,2.425527572631836,-3.7274420261383057,0.5322026014328003,8.246133804321289,420.3427429199219,343.8165588378906,199.947509765625,0.06231189891695976,0.0919073149561882,2.366461753845215,0.0,0.0,0.0,1,0
1788096804.2781045,28.67565383197507,TRACK,FLOW,/home/eunseop/nrs_imitation/checkpoints/flow/polishing/single_cam/20260827_2128_phasematch90_0deg/20260827_2129,440.1902770996094,372.757568359375,174.75498962402344,0.048805952072143555,0.12487853318452835,2.431790590286255,-3.6886277198791504,-2.153836250305176,20.496580123901367,420.3427429199219,343.8165588378906,199.947509765625,0.06231189891695976,0.0919073149561882,2.366461753845215,0.0,0.0,0.0,1,0
1788096804.4780364,28.875585678964853,TRACK,FLOW,/home/eunseop/nrs_imitation/checkpoints/flow/polishing/single_cam/20260827_2128_phasematch90_0deg/20260827_2129,438.8531799316406,371.714111328125,175.0543670654297,0.048436958342790604,0.12463351339101791,2.4312353134155273,-5.960943222045898,0.5660852193832397,13.64974308013916,420.3427429199219,343.8165588378906,199.947509765625,0.06231189891695976,0.0919073149561882,2.366461753845215,0.0,0.0,0.0,1,0
1788096804.5504048,28.94795417797286,TRACK,FLOW,/home/eunseop/nrs_imitation/checkpoints/flow/polishing/single_cam/20260827_2128_phasematch90_0deg/20260827_2129,438.35723876953125,371.3469543457031,174.8376007080078,0.048394493758678436,0.12429836392402649,2.4310548305511475,-3.7646689414978027,-0.7430856227874756,19.103351593017578,420.3427429199219,343.8165588378906,199.947509765625,0.06231189891695976,0.0919073149561882,2.366461753845215,0.0,0.0,0.0,1,0
1788096804.5505733,28.94812243996421,TRACK,FLOW,/home/eunseop/nrs_imitation/checkpoints/flow/polishing/single_cam/20260827_2128_phasematch90_0deg/20260827_2129,438.35723876953125,371.3469543457031,174.8376007080078,0.048394493758678436,0.12429836392402649,2.4310548305511475,-3.7646689414978027,-0.7430856227874756,19.103351593017578,438.35723876953125,371.3469543457031,174.8376007080078,0.048394493758678436,0.12429836392402649,2.4310548305511475,0.0,0.0,22.07813835144043,1,0
1788096804.7822144,29.179763985972386,TRACK,FLOW,/home/eunseop/nrs_imitation/checkpoints/flow/polishing/single_cam/20260827_2128_phasematch90_0deg/20260827_2129,436.6130676269531,369.96923828125,174.9111785888672,0.04827101528644562,0.12445618212223053,2.4302070140838623,-4.900480270385742,1.9404196739196777,15.200440406799316,420.3427429199219,343.8165588378906,199.947509765625,0.06231189891695976,0.0919073149561882,2.366461753845215,0.0,0.0,0.0,1,0
1788096804.830202,29.22775158600416,TRACK,FLOW,/home/eunseop/nrs_imitation/checkpoints/flow/polishing/single_cam/20260827_2128_phasematch90_0deg/20260827_2129,436.3266906738281,369.6820983886719,174.94175720214844,0.048191554844379425,0.12428412586450577,2.4299521446228027,-2.0109870433807373,-1.3473410606384277,15.131383895874023,420.3427429199219,343.8165588378906,199.947509765625,0.06231189891695976,0.0919073149561882,2.366461753845215,0.0,0.0,0.0,1,0
1788096805.0781353,29.47568475798471,TRACK,FLOW,/home/eunseop/nrs_imitation/checkpoints/flow/polishing/single_cam/20260827_2128_phasematch90_0deg/20260827_2129,434.54052734375,368.2781066894531,174.71316528320312,0.04832727462053299,0.12389394640922546,2.4288811683654785,-7.4483256340026855,1.1912962198257446,19.629243850708008,420.3427429199219,343.8165588378906,199.947509765625,0.06231189891695976,0.0919073149561882,2.366461753845215,0.0,0.0,0.0,1,0
1788096805.1342525,29.53180220897775,TRACK,FLOW,/home/eunseop/nrs_imitation/checkpoints/flow/polishing/single_cam/20260827_2128_phasematch90_0deg/20260827_2129,434.1007080078125,367.9508056640625,174.77880859375,0.04837065935134888,0.12383908778429031,2.4286270141601562,-5.222781658172607,-0.8634076118469238,20.43474769592285,420.3427429199219,343.8165588378906,199.947509765625,0.06231189891695976,0.0919073149561882,2.366461753845215,0.0,0.0,0.0,1,0
1788096805.38202,29.77956950297812,TRACK,FLOW,/home/eunseop/nrs_imitation/checkpoints/flow/polishing/single_cam/20260827_2128_phasematch90_0deg/20260827_2129,432.24493408203125,366.4507751464844,174.87477111816406,0.04875941202044487,0.12410742789506912,2.427473545074463,-4.436355113983154,0.9975091814994812,14.546073913574219,420.3427429199219,343.8165588378906,199.947509765625,0.06231189891695976,0.0919073149561882,2.366461753845215,0.0,0.0,0.0,1,0
1788096805.4300525,29.82760206895182,TRACK,FLOW,/home/eunseop/nrs_imitation/checkpoints/flow/polishing/single_cam/20260827_2128_phasematch90_0deg/20260827_2129,431.8772888183594,366.24755859375,174.88331604003906,0.04888506233692169,0.12393825501203537,2.427337884902954,-3.3079817295074463,-1.046353816986084,14.988310813903809,420.3427429199219,343.8165588378906,199.947509765625,0.06231189891695976,0.0919073149561882,2.366461753845215,0.0,0.0,0.0,1,0
1788096805.6781113,30.075660609989427,TRACK,FLOW,/home/eunseop/nrs_imitation/checkpoints/flow/polishing/single_cam/20260827_2128_phasematch90_0deg/20260827_2129,429.8994445800781,364.8326721191406,174.6729278564453,0.049374647438526154,0.12383903563022614,2.4262380599975586,-7.44041633605957,-1.5351364612579346,19.66058349609375,420.3427429199219,343.8165588378906,199.947509765625,0.06231189891695976,0.0919073149561882,2.366461753845215,0.0,0.0,0.0,1,0
1788096805.7260396,30.12358900596155,TRACK,FLOW,/home/eunseop/nrs_imitation/checkpoints/flow/polishing/single_cam/20260827_2128_phasematch90_0deg/20260827_2129,429.5335693359375,364.5506286621094,174.79690551757812,0.04946035519242287,0.12385320663452148,2.4259915351867676,-7.066871643066406,0.8668831586837769,16.03603172302246,429.5335693359375,364.5506286621094,174.79690551757812,0.04946035519242287,0.12385320663452148,2.4259915351867676,0.0,0.0,20.55086326599121,1,0
1788096805.7339756,30.131524897005875,TRACK,FLOW,/home/eunseop/nrs_imitation/checkpoints/flow/polishing/single_cam/20260827_2128_phasematch90_0deg/20260827_2129,429.4438171386719,364.52447509765625,174.77291870117188,0.049568019807338715,0.12386101484298706,2.425997018814087,-3.497159004211426,-1.6725754737854004,17.382349014282227,420.3427429199219,343.8165588378906,199.947509765625,0.06231189891695976,0.0919073149561882,2.366461753845215,0.0,0.0,0.0,1,0
1788096805.790321,30.187870654975995,TRACK,FLOW,/home/eunseop/nrs_imitation/checkpoints/flow/polishing/single_cam/20260827_2128_phasematch90_0deg/20260827_2129,429.0267639160156,364.22296142578125,174.83750915527344,0.04963904619216919,0.12384698539972305,2.4257514476776123,-6.029800891876221,1.2327494621276855,15.88655948638916,420.3427429199219,343.8165588378906,199.947509765625,0.06231189891695976,0.0919073149561882,2.366461753845215,0.0,0.0,0.0,1,0
1788096805.8381531,30.235702666977886,TRACK,FLOW,/home/eunseop/nrs_imitation/checkpoints/flow/polishing/single_cam/20260827_2128_phasematch90_0deg/20260827_2129,428.7147216796875,364.0133056640625,174.88687133789062,0.04972901567816734,0.12366659939289093,2.4254634380340576,-3.6173152923583984,-0.872373104095459,14.278027534484863,420.3427429199219,343.8165588378906,199.947509765625,0.06231189891695976,0.0919073149561882,2.366461753845215,0.0,0.0,0.0,1,0
1788096806.0862677,30.48381696495926,TRACK,FLOW,/home/eunseop/nrs_imitation/checkpoints/flow/polishing/single_cam/20260827_2128_phasematch90_0deg/20260827_2129,426.84979248046875,362.4192199707031,174.7854766845703,0.050225090235471725,0.12389466166496277,2.4241974353790283,-6.649277210235596,1.5758204460144043,15.983492851257324,420.3427429199219,343.8165588378906,199.947509765625,0.06231189891695976,0.0919073149561882,2.366461753845215,0.0,0.0,0.0,1,0
1788096806.1422195,30.539769049966708,TRACK,FLOW,/home/eunseop/nrs_imitation/checkpoints/flow/polishing/single_cam/20260827_2128_phasematch90_0deg/20260827_2129,426.42230224609375,362.1275939941406,174.8052978515625,0.05044884607195854,0.12376442551612854,2.423875570297241,-3.856790781021118,-2.221482515335083,16.13533592224121,420.3427429199219,343.8165588378906,199.947509765625,0.06231189891695976,0.0919073149561882,2.366461753845215,0.0,0.0,0.0,1,0
1788096806.3820114,30.77956074598478,TRACK,FLOW,/home/eunseop/nrs_imitation/checkpoints/flow/polishing/single_cam/20260827_2128_phasematch90_0deg/20260827_2129,424.5762939453125,360.7729797363281,174.71446228027344,0.05112724378705025,0.12358663976192474,2.422588586807251,-5.587805271148682,-1.1459516286849976,19.109722137451172,420.3427429199219,343.8165588378906,199.947509765625,0.06231189891695976,0.0919073149561882,2.366461753845215,0.0,0.0,0.0,1,0
1788096806.4381373,30.835687134007458,TRACK,FLOW,/home/eunseop/nrs_imitation/checkpoints/flow/polishing/single_cam/20260827_2128_phasematch90_0deg/20260827_2129,424.08306884765625,360.40850830078125,174.73233032226562,0.051404401659965515,0.12385882437229156,2.4222500324249268,-3.9180502891540527,-1.584258794784546,19.034589767456055,420.3427429199219,343.8165588378906,199.947509765625,0.06231189891695976,0.0919073149561882,2.366461753845215,0.0,0.0,0.0,1,0
1788096806.7904272,31.18797689699568,TRACK,FLOW,/home/eunseop/nrs_imitation/checkpoints/flow/polishing/single_cam/20260827_2128_phasematch90_0deg/20260827_2129,421.3295593261719,358.4911193847656,174.76568603515625,0.05185176432132721,0.1240665465593338,2.420090913772583,-5.807336807250977,1.429753065109253,14.093294143676758,420.3427429199219,343.8165588378906,199.947509765625,0.06231189891695976,0.0919073149561882,2.366461753845215,0.0,0.0,0.0,1,0
1788096806.7905967,31.188145869993605,TRACK,FLOW,/home/eunseop/nrs_imitation/checkpoints/flow/polishing/single_cam/20260827_2128_phasematch90_0deg/20260827_2129,421.3295593261719,358.4911193847656,174.76568603515625,0.05185176432132721,0.1240665465593338,2.420090913772583,-5.807336807250977,1.429753065109253,14.093294143676758,421.3295593261719,358.4911193847656,174.76568603515625,0.05185176432132721,0.1240665465593338,2.420090913772583,0.0,0.0,7.297780513763428,1,0
1788096806.846219,31.243768304993864,TRACK,FLOW,/home/eunseop/nrs_imitation/checkpoints/flow/polishing/single_cam/20260827_2128_phasematch90_0deg/20260827_2129,420.8957824707031,358.25860595703125,174.81536865234375,0.051963791251182556,0.12393505871295929,2.419799327850342,-4.055542945861816,-1.206117033958435,15.774178504943848,420.3427429199219,343.8165588378906,199.947509765625,0.06231189891695976,0.0919073149561882,2.366461753845215,0.0,0.0,0.0,1,0
1788096807.070354,31.467903319979087,TRACK,FLOW,/home/eunseop/nrs_imitation/checkpoints/flow/polishing/single_cam/20260827_2128_phasematch90_0deg/20260827_2129,419.5916442871094,357.47637939453125,174.7544708251953,0.052529849112033844,0.1239641085267067,2.4189679622650146,-4.4229817390441895,2.1271088123321533,13.68739128112793,419.5916442871094,357.47637939453125,174.7544708251953,0.052529849112033844,0.1239641085267067,2.4189679622650146,0.0,0.0,10.533676147460938,1,0
1788096807.094291,31.491840481001418,TRACK,FLOW,/home/eunseop/nrs_imitation/checkpoints/flow/polishing/single_cam/20260827_2128_phasematch90_0deg/20260827_2129,419.1512756347656,357.11541748046875,174.7856903076172,0.0527663491666317,0.12434135377407074,2.418591260910034,-2.8830621242523193,-1.5498350858688354,14.44581413269043,457.81939697265625,378.5256652832031,176.8351287841797,0.07815022021532059,0.13699662685394287,2.3602895736694336,0.0,0.0,0.0,1,0
1788096807.4540973,31.85164641099982,TRACK,FLOW,/home/eunseop/nrs_imitation/checkpoints/flow/polishing/single_cam/20260827_2128_phasematch90_0deg/20260827_2129,415.98077392578125,355.2105407714844,175.369873046875,0.05437956750392914,0.12424737960100174,2.4161362648010254,-3.351137161254883,0.7631838321685791,5.832844257354736,462.4781188964844,385.2434997558594,180.7651824951172,0.09071158617734909,0.10968188941478729,2.369570016860962,0.0,0.0,0.0,1,0
1788096808.1979144,32.59546355699422,TRACK,FLOW,/home/eunseop/nrs_imitation/checkpoints/flow/polishing/single_cam/20260827_2128_phasematch90_0deg/20260827_2129,410.1510925292969,351.1842956542969,175.21673583984375,0.05719068646430969,0.12472718209028244,2.4110453128814697,-2.028303623199463,-1.6794483661651611,6.857150554656982,410.1510925292969,351.1842956542969,175.21673583984375,0.05719068646430969,0.12472718209028244,2.4110453128814697,0.0,0.0,7.4244914054870605,1,0
1788096808.7982576,33.1958070579567,TRACK,FLOW,/home/eunseop/nrs_imitation/checkpoints/flow/polishing/single_cam/20260827_2128_phasematch90_0deg/20260827_2129,405.6355285644531,347.9259033203125,175.5520782470703,0.05931197106838226,0.1253635138273239,2.407022714614868,-2.1652565002441406,0.6960980296134949,3.7391088008880615,462.4263916015625,385.0591735839844,180.9981231689453,0.09048819541931152,0.10903595387935638,2.369783401489258,0.0,0.0,0.0,1,0
1788096809.014449,33.41199899697676,TRACK,FLOW,/home/eunseop/nrs_imitation/checkpoints/flow/polishing/single_cam/20260827_2128_phasematch90_0deg/20260827_2129,403.9632568359375,346.57269287109375,175.59564208984375,0.0603935532271862,0.12593507766723633,2.405381441116333,-1.9239044189453125,-0.0558413490653038,2.907454252243042,462.4263916015625,385.0591735839844,180.9981231689453,0.09048819541931152,0.10903595387935638,2.369783401489258,0.0,0.0,0.0,1,0
1788096809.070111,33.467660845955834,TRACK,FLOW,/home/eunseop/nrs_imitation/checkpoints/flow/polishing/single_cam/20260827_2128_phasematch90_0deg/20260827_2129,403.5349426269531,346.27618408203125,175.62548828125,0.06075480580329895,0.12586119771003723,2.4049532413482666,-2.2385809421539307,-0.8514087796211243,3.5932400226593018,462.4263916015625,385.0591735839844,180.9981231689453,0.09048819541931152,0.10903595387935638,2.369783401489258,0.0,0.0,0.0,1,0
1788096809.1185772,33.51612678996753,TRACK,FLOW,/home/eunseop/nrs_imitation/checkpoints/flow/polishing/single_cam/20260827_2128_phasematch90_0deg/20260827_2129,403.178466796875,346.0306396484375,175.6193084716797,0.060988008975982666,0.125846728682518,2.404601812362671,-2.343355655670166,1.2894915342330933,2.8731839656829834,462.4263916015625,385.0591735839844,180.9981231689453,0.09048819541931152,0.10903595387935638,2.369783401489258,0.0,0.0,0.0,1,0
1788096809.1662703,33.56381990597583,TRACK,FLOW,/home/eunseop/nrs_imitation/checkpoints/flow/polishing/single_cam/20260827_2128_phasematch90_0deg/20260827_2129,402.8329772949219,345.75958251953125,175.66151428222656,0.061215221881866455,0.12588058412075043,2.4041895866394043,-1.7627516984939575,-0.9193748831748962,3.171621561050415,462.4263916015625,385.0591735839844,180.9981231689453,0.09048819541931152,0.10903595387935638,2.369783401489258,0.0,0.0,0.0,1,0
1788096809.222378,33.61992759798886,TRACK,FLOW,/home/eunseop/nrs_imitation/checkpoints/flow/polishing/single_cam/20260827_2128_phasematch90_0deg/20260827_2129,402.4172058105469,345.40350341796875,175.6114959716797,0.0614551343023777,0.1260393112897873,2.403867483139038,-1.3121845722198486,1.3011752367019653,2.2802979946136475,462.4263916015625,385.0591735839844,180.9981231689453,0.09048819541931152,0.10903595387935638,2.369783401489258,0.0,0.0,0.0,1,0
1788096809.5181973,33.91574652097188,TRACK,FLOW,/home/eunseop/nrs_imitation/checkpoints/flow/polishing/single_cam/20260827_2128_phasematch90_0deg/20260827_2129,400.1312561035156,343.6174011230469,175.52606201171875,0.06294417381286621,0.12642505764961243,2.401531934738159,-2.4308106899261475,1.8094661235809326,3.234825611114502,462.4263916015625,385.0591735839844,180.9981231689453,0.09048819541931152,0.10903595387935638,2.369783401489258,0.0,0.0,0.0,1,0
1788096809.5740013,33.97155068296706,TRACK,FLOW,/home/eunseop/nrs_imitation/checkpoints/flow/polishing/single_cam/20260827_2128_phasematch90_0deg/20260827_2129,399.7141418457031,343.2731018066406,175.53819274902344,0.06318768858909607,0.12643946707248688,2.40102219581604,-2.167792797088623,-0.6352511048316956,2.6072614192962646,462.4263916015625,385.0591735839844,180.9981231689453,0.09048819541931152,0.10903595387935638,2.369783401489258,0.0,0.0,0.0,1,0
1788096809.6381063,34.0356556539773,TRACK,FLOW,/home/eunseop/nrs_imitation/checkpoints/flow/polishing/single_cam/20260827_2128_phasematch90_0deg/20260827_2129,399.21331787109375,342.8209228515625,175.53810119628906,0.0635448768734932,0.12665051221847534,2.4004018306732178,-2.2395241260528564,1.0115978717803955,3.3700649738311768,462.4263916015625,385.0591735839844,180.9981231689453,0.09048819541931152,0.10903595387935638,2.369783401489258,0.0,0.0,0.0,1,0
1788096809.9261806,34.323730111995246,TRACK,FLOW,/home/eunseop/nrs_imitation/checkpoints/flow/polishing/single_cam/20260827_2128_phasematch90_0deg/20260827_2129,397.0378112792969,341.11273193359375,175.3224334716797,0.06498996168375015,0.12695832550525665,2.398287773132324,-0.6002826690673828,-0.0599806010723114,1.3638030290603638,462.4263916015625,385.0591735839844,180.9981231689453,0.09048819541931152,0.10903595387935638,2.369783401489258,0.0,0.0,0.0,1,0
1788096809.990933,34.38848301197868,TRACK,FLOW,/home/eunseop/nrs_imitation/checkpoints/flow/polishing/single_cam/20260827_2128_phasematch90_0deg/20260827_2129,396.53338623046875,340.7366027832031,175.29673767089844,0.06535667926073074,0.12698329985141754,2.3977816104888916,-1.9282267093658447,-1.3226418495178223,1.8042304515838623,462.4263916015625,385.0591735839844,180.9981231689453,0.09048819541931152,0.10903595387935638,2.369783401489258,0.0,0.0,0.0,1,0
1788096810.0138788,34.411427985003684,TRACK,FLOW,/home/eunseop/nrs_imitation/checkpoints/flow/polishing/single_cam/20260827_2128_phasematch90_0deg/20260827_2129,396.359130859375,340.6180114746094,175.28741455078125,0.0655316486954689,0.1269960105419159,2.3976492881774902,-1.3261512517929077,-2.453608512878418,1.0273065567016602,396.359130859375,340.6180114746094,175.28741455078125,0.0655316486954689,0.1269960105419159,2.3976492881774902,0.0,0.0,0.0,0,0
1788096810.0460587,34.44360801397124,TRACK,FLOW,/home/eunseop/nrs_imitation/checkpoints/flow/polishing/single_cam/20260827_2128_phasematch90_0deg/20260827_2129,396.1103820800781,340.47064208984375,175.28103637695312,0.06575744599103928,0.12687382102012634,2.3973751068115234,0.12616807222366333,-0.23736098408699036,2.3365914821624756,462.4263916015625,385.0591735839844,180.9981231689453,0.09048819541931152,0.10903595387935638,2.369783401489258,0.0,0.0,0.0,0,0
1788096810.0699625,34.4675123829511,TRACK,FLOW,/home/eunseop/nrs_imitation/checkpoints/flow/polishing/single_cam/20260827_2128_phasematch90_0deg/20260827_2129,395.9382019042969,340.34967041015625,175.28280639648438,0.06587915122509003,0.12689895927906036,2.397186040878296,0.03212284669280052,-1.2650622129440308,3.6103196144104004,395.9382019042969,340.34967041015625,175.28280639648438,0.06587915122509003,0.12689895927906036,2.397186040878296,0.0,0.0,7.4244914054870605,1,0
1788096810.182078,34.5796274250024,TRACK,FLOW,/home/eunseop/nrs_imitation/checkpoints/flow/polishing/single_cam/20260827_2128_phasematch90_0deg/20260827_2129,394.9964904785156,339.6417236328125,175.13087463378906,0.06671087443828583,0.12719491124153137,2.396254062652588,0.03242454305291176,0.3569354712963104,1.6357861757278442,462.4263916015625,385.0591735839844,180.9981231689453,0.09048819541931152,0.10903595387935638,2.369783401489258,0.0,0.0,0.0,0,0
1788096810.1900365,34.5875858090003,TRACK,FLOW,/home/eunseop/nrs_imitation/checkpoints/flow/polishing/single_cam/20260827_2128_phasematch90_0deg/20260827_2129,394.8944396972656,339.5993957519531,175.12420654296875,0.06683262437582016,0.1272190660238266,2.396221399307251,-0.5148875117301941,-1.3207670450210571,1.5507287979125977,394.8944396972656,339.5993957519531,175.12420654296875,0.06683262437582016,0.1272190660238266,2.396221399307251,0.0,0.0,0.0,0,0
1788096810.238265,34.635814839974046,TRACK,FLOW,/home/eunseop/nrs_imitation/checkpoints/flow/polishing/single_cam/20260827_2128_phasematch90_0deg/20260827_2129,394.52392578125,339.2528381347656,175.0505828857422,0.06707554310560226,0.1274094134569168,2.3957881927490234,-2.0538763999938965,1.456639289855957,1.3858665227890015,462.4263916015625,385.0591735839844,180.9981231689453,0.09048819541931152,0.10903595387935638,2.369783401489258,0.0,0.0,0.0,0,0
1788096810.5181463,34.915695631993,TRACK,FLOW,/home/eunseop/nrs_imitation/checkpoints/flow/polishing/single_cam/20260827_2128_phasematch90_0deg/20260827_2129,392.3760986328125,337.6950378417969,174.99029541015625,0.06890431046485901,0.1274200826883316,2.393322706222534,-0.3976643681526184,0.45535221695899963,0.32271793484687805,462.4263916015625,385.0591735839844,180.9981231689453,0.09048819541931152,0.10903595387935638,2.369783401489258,0.0,0.0,0.0,0,0
1788096810.5741386,34.97168794396566,TRACK,FLOW,/home/eunseop/nrs_imitation/checkpoints/flow/polishing/single_cam/20260827_2128_phasematch90_0deg/20260827_2129,392.0011901855469,337.31671142578125,174.91238403320312,0.06905773282051086,0.1275813728570938,2.3928849697113037,0.8888960480690002,0.9056724905967712,-0.2540023624897003,462.4263916015625,385.0591735839844,180.9981231689453,0.09048819541931152,0.10903595387935638,2.369783401489258,0.0,0.0,0.0,0,0
1788096810.6300523,35.02760163496714,TRACK,FLOW,/home/eunseop/nrs_imitation/checkpoints/flow/polishing/single_cam/20260827_2128_phasematch90_0deg/20260827_2129,391.629638671875,337.00775146484375,174.8911590576172,0.06930293142795563,0.1276160031557083,2.3925299644470215,-0.5795300602912903,1.5153204202651978,-0.5813479423522949,462.4263916015625,385.0591735839844,180.9981231689453,0.09048819541931152,0.10903595387935638,2.369783401489258,0.0,0.0,0.0,0,0
1788096810.9100745,35.30762368795695,TRACK,FLOW,/home/eunseop/nrs_imitation/checkpoints/flow/polishing/single_cam/20260827_2128_phasematch90_0deg/20260827_2129,389.52386474609375,335.299072265625,175.47064208984375,0.07132317125797272,0.12843450903892517,2.3901126384735107,0.352827250957489,0.20583109557628632,-0.8936715126037598,462.4263916015625,385.0591735839844,180.9981231689453,0.09048819541931152,0.10903595387935638,2.369783401489258,0.0,0.0,0.0,0,0
1788096810.9660685,35.36361764295725,TRACK,FLOW,/home/eunseop/nrs_imitation/checkpoints/flow/polishing/single_cam/20260827_2128_phasematch90_0deg/20260827_2129,389.0805969238281,335.0054016113281,175.86712646484375,0.07187989354133606,0.1284816712141037,2.389592409133911,-0.43442389369010925,1.894156575202942,-0.5141364336013794,462.4263916015625,385.0591735839844,180.9981231689453,0.09048819541931152,0.10903595387935638,2.369783401489258,0.0,0.0,0.0,0,0
1788096811.206008,35.60355735995108,TRACK,FLOW,/home/eunseop/nrs_imitation/checkpoints/flow/polishing/single_cam/20260827_2128_phasematch90_0deg/20260827_2129,387.3533630371094,333.6366271972656,177.91307067871094,0.07371072471141815,0.1290055513381958,2.3876795768737793,1.3451201915740967,-1.7711105346679688,0.22052516043186188,462.4263916015625,385.0591735839844,180.9981231689453,0.09048819541931152,0.10903595387935638,2.369783401489258,0.0,0.0,0.0,0,0
1788096811.2786715,35.67622087197378,TRACK,FLOW,/home/eunseop/nrs_imitation/checkpoints/flow/polishing/single_cam/20260827_2128_phasematch90_0deg/20260827_2129,387.3150939941406,333.64471435546875,178.04391479492188,0.07365090399980545,0.12894365191459656,2.387648820877075,-1.9403756856918335,0.21036772429943085,-0.537079930305481,439.25,364.8808898925781,177.76393127441406,0.0965675637125969,0.1294810026884079,2.3366525173187256,0.0,0.0,0.0,0,0
1788096811.5266943,35.92424461297924,TRACK,FLOW,/home/eunseop/nrs_imitation/checkpoints/flow/polishing/single_cam/20260827_2128_phasematch90_0deg/20260827_2129,385.1935729980469,332.1114501953125,181.4485626220703,0.07604847848415375,0.12920328974723816,2.384997606277466,-1.1777162551879883,-1.8060200214385986,-0.14246182143688202,439.25,364.8808898925781,177.76393127441406,0.0965675637125969,0.1294810026884079,2.3366525173187256,0.0,0.0,0.0,0,0
1788096811.5740292,35.97157863195753,TRACK,FLOW,/home/eunseop/nrs_imitation/checkpoints/flow/polishing/single_cam/20260827_2128_phasematch90_0deg/20260827_2129,384.8040771484375,331.7732849121094,181.88601684570312,0.07653962075710297,0.1295134425163269,2.3845057487487793,1.2036093473434448,-1.6423159837722778,-1.6343055963516235,439.25,364.8808898925781,177.76393127441406,0.0965675637125969,0.1294810026884079,2.3366525173187256,0.0,0.0,0.0,0,0
1788096811.6301665,36.027715859992895,TRACK,FLOW,/home/eunseop/nrs_imitation/checkpoints/flow/polishing/single_cam/20260827_2128_phasematch90_0deg/20260827_2129,384.4605407714844,331.5079650878906,182.48927307128906,0.07684224843978882,0.12947387993335724,2.384016990661621,-0.547136127948761,0.5789490342140198,-0.8144874572753906,439.25,364.8808898925781,177.76393127441406,0.0965675637125969,0.1294810026884079,2.3366525173187256,0.0,0.0,0.0,0,0
1788096811.9100864,36.30763575696619,TRACK,FLOW,/home/eunseop/nrs_imitation/checkpoints/flow/polishing/single_cam/20260827_2128_phasematch90_0deg/20260827_2129,382.7012023925781,329.9493408203125,185.1720733642578,0.07872328907251358,0.12980784475803375,2.381155490875244,2.393605947494507,-0.5118530988693237,-1.5909974575042725,439.25,364.8808898925781,177.76393127441406,0.0965675637125969,0.1294810026884079,2.3366525173187256,0.0,0.0,0.0,0,0
1788096811.966058,36.36360728897853,TRACK,FLOW,/home/eunseop/nrs_imitation/checkpoints/flow/polishing/single_cam/20260827_2128_phasematch90_0deg/20260827_2129,382.32098388671875,329.52740478515625,185.65574645996094,0.07911333441734314,0.1301046907901764,2.3805501461029053,-0.8806935548782349,2.00400710105896,-1.403275728225708,439.25,364.8808898925781,177.76393127441406,0.0965675637125969,0.1294810026884079,2.3366525173187256,0.0,0.0,0.0,0,0
1788096812.230291,36.62784042698331,TRACK,FLOW,/home/eunseop/nrs_imitation/checkpoints/flow/polishing/single_cam/20260827_2128_phasematch90_0deg/20260827_2129,381.1611022949219,328.4367370605469,188.06558227539062,0.08023063838481903,0.13043412566184998,2.3785805702209473,-0.7681237459182739,-1.0431692600250244,-0.5387288331985474,439.25,364.8808898925781,177.76393127441406,0.0965675637125969,0.1294810026884079,2.3366525173187256,0.0,0.0,0.0,0,0
1788096812.278007,36.6755562860053,TRACK,FLOW,/home/eunseop/nrs_imitation/checkpoints/flow/polishing/single_cam/20260827_2128_phasematch90_0deg/20260827_2129,381.1622314453125,328.4569396972656,188.4058074951172,0.0802815705537796,0.1305178552865982,2.3786211013793945,0.763173520565033,0.9649735689163208,-0.7515957951545715,439.25,364.8808898925781,177.76393127441406,0.0965675637125969,0.1294810026884079,2.3366525173187256,0.0,0.0,0.0,0,0
1788096812.5261059,36.92365516000427,TRACK,FLOW,/home/eunseop/nrs_imitation/checkpoints/flow/polishing/single_cam/20260827_2128_phasematch90_0deg/20260827_2129,381.20831298828125,328.6819763183594,190.12783813476562,0.08069278299808502,0.13042929768562317,2.3784892559051514,-1.583311915397644,1.1170159578323364,-0.17745210230350494,439.25,364.8808898925781,177.76393127441406,0.0965675637125969,0.1294810026884079,2.3366525173187256,0.0,0.0,0.0,0,0
1788096812.5820901,36.97963965596864,TRACK,FLOW,/home/eunseop/nrs_imitation/checkpoints/flow/polishing/single_cam/20260827_2128_phasematch90_0deg/20260827_2129,381.24822998046875,328.74951171875,190.50473022460938,0.08072543889284134,0.13027960062026978,2.3784101009368896,-0.77933669090271,-1.5785647630691528,-1.1974360942840576,439.25,364.8808898925781,177.76393127441406,0.0965675637125969,0.1294810026884079,2.3366525173187256,0.0,0.0,0.0,0,0
1788096812.822326,37.21987526799785,TRACK,FLOW,/home/eunseop/nrs_imitation/checkpoints/flow/polishing/single_cam/20260827_2128_phasematch90_0deg/20260827_2129,381.5029602050781,328.92822265625,192.20179748535156,0.08079030364751816,0.13010519742965698,2.3781397342681885,-1.5565345287322998,0.9755458235740662,0.3861619830131531,439.25,364.8808898925781,177.76393127441406,0.0965675637125969,0.1294810026884079,2.3366525173187256,0.0,0.0,0.0,0,0
1788096813.0222569,37.419806129008066,TRACK,FLOW,/home/eunseop/nrs_imitation/checkpoints/flow/polishing/single_cam/20260827_2128_phasematch90_0deg/20260827_2129,381.6268310546875,328.95098876953125,193.39950561523438,0.08086016774177551,0.13031312823295593,2.378162145614624,-0.6833203434944153,0.636160135269165,-0.6915361881256104,439.25,364.8808898925781,177.76393127441406,0.0965675637125969,0.1294810026884079,2.3366525173187256,0.0,0.0,0.0,0,0
1788096813.0702093,37.4677589799976,TRACK,FLOW,/home/eunseop/nrs_imitation/checkpoints/flow/polishing/single_cam/20260827_2128_phasematch90_0deg/20260827_2129,381.7110290527344,328.98046875,193.69908142089844,0.08079705387353897,0.13019400835037231,2.3781003952026367,0.4407525956630707,0.4219302237033844,0.21308377385139465,439.25,364.8808898925781,177.76393127441406,0.0965675637125969,0.1294810026884079,2.3366525173187256,0.0,0.0,0.0,0,0
1788096813.3181481,37.715697506966535,TRACK,FLOW,/home/eunseop/nrs_imitation/checkpoints/flow/polishing/single_cam/20260827_2128_phasematch90_0deg/20260827_2129,381.90118408203125,329.05560302734375,195.1012420654297,0.08082323521375656,0.13021986186504364,2.3781230449676514,1.4980868101119995,0.3504329323768616,-1.1478073596954346,439.25,364.8808898925781,177.76393127441406,0.0965675637125969,0.1294810026884079,2.3366525173187256,0.0,0.0,0.0,0,0
1788096813.3740394,37.771588624978904,TRACK,FLOW,/home/eunseop/nrs_imitation/checkpoints/flow/polishing/single_cam/20260827_2128_phasematch90_0deg/20260827_2129,381.9552001953125,329.1514587402344,195.44630432128906,0.08079709857702255,0.13008446991443634,2.378143310546875,-1.7025871276855469,1.2038800716400146,-0.5082409381866455,439.25,364.8808898925781,177.76393127441406,0.0965675637125969,0.1294810026884079,2.3366525173187256,0.0,0.0,0.0,0,0
1788096813.6140099,38.01155925897183,TRACK,FLOW,/home/eunseop/nrs_imitation/checkpoints/flow/polishing/single_cam/20260827_2128_phasematch90_0deg/20260827_2129,382.1102294921875,329.1712646484375,196.60728454589844,0.08073480427265167,0.13024160265922546,2.378237247467041,-0.5460891127586365,2.240170478820801,-0.138551726937294,439.25,364.8808898925781,177.76393127441406,0.0965675637125969,0.1294810026884079,2.3366525173187256,0.0,0.0,0.0,0,0
1788096813.670139,38.06768847198691,TRACK,FLOW,/home/eunseop/nrs_imitation/checkpoints/flow/polishing/single_cam/20260827_2128_phasematch90_0deg/20260827_2129,382.1656494140625,329.1705627441406,196.85861206054688,0.08076831698417664,0.13027557730674744,2.378185749053955,-1.666311502456665,-0.4694984257221222,0.23693914711475372,439.25,364.8808898925781,177.76393127441406,0.0965675637125969,0.1294810026884079,2.3366525173187256,0.0,0.0,0.0,0,0
1788096813.918343,38.31589252600679,TRACK,FLOW,/home/eunseop/nrs_imitation/checkpoints/flow/polishing/single_cam/20260827_2128_phasematch90_0deg/20260827_2129,382.2989501953125,329.24847412109375,198.00108337402344,0.0807289257645607,0.13036830723285675,2.378269672393799,-0.1834687739610672,-1.8309777975082397,-0.566986620426178,439.25,364.8808898925781,177.76393127441406,0.0965675637125969,0.1294810026884079,2.3366525173187256,0.0,0.0,0.0,0,0
1788096813.9824092,38.37995928397868,TRACK,FLOW,/home/eunseop/nrs_imitation/checkpoints/flow/polishing/single_cam/20260827_2128_phasematch90_0deg/20260827_2129,382.3739013671875,329.31243896484375,198.3000030517578,0.08070430904626846,0.13021282851696014,2.3782308101654053,-1.9002012014389038,0.5889501571655273,0.036500025540590286,439.25,364.8808898925781,177.76393127441406,0.0965675637125969,0.1294810026884079,2.3366525173187256,0.0,0.0,0.0,0,0
1788096814.2301097,38.627658872981556,TRACK,FLOW,/home/eunseop/nrs_imitation/checkpoints/flow/polishing/single_cam/20260827_2128_phasematch90_0deg/20260827_2129,382.0460510253906,330.034912109375,199.38328552246094,0.07936021685600281,0.12731310725212097,2.375096321105957,0.21101002395153046,-1.079086422920227,-1.1847039461135864,439.25,364.8808898925781,177.76393127441406,0.0965675637125969,0.1294810026884079,2.3366525173187256,0.0,0.0,0.0,0,0
1788096814.2863553,38.683905179961585,TRACK,FLOW,/home/eunseop/nrs_imitation/checkpoints/flow/polishing/single_cam/20260827_2128_phasematch90_0deg/20260827_2129,381.6932067871094,330.36944580078125,199.3842010498047,0.07865362614393234,0.12617535889148712,2.3729193210601807,-0.526829719543457,1.737109899520874,0.23308846354484558,439.25,364.8808898925781,177.76393127441406,0.0965675637125969,0.1294810026884079,2.3366525173187256,0.0,0.0,0.0,0,0
1788096814.3420796,38.73962902696803,TRACK,FLOW,/home/eunseop/nrs_imitation/checkpoints/flow/polishing/single_cam/20260827_2128_phasematch90_0deg/20260827_2129,381.28411865234375,330.7427978515625,199.3716278076172,0.07806409150362015,0.12498655915260315,2.370783567428589,-0.6390125751495361,0.5791058540344238,-0.31356489658355713,439.25,364.8808898925781,177.76393127441406,0.0965675637125969,0.1294810026884079,2.3366525173187256,0.0,0.0,0.0,0,0
1788096814.6222723,39.01982169400435,TRACK,FLOW,/home/eunseop/nrs_imitation/checkpoints/flow/polishing/single_cam/20260827_2128_phasematch90_0deg/20260827_2129,379.4958801269531,332.68792724609375,199.3323211669922,0.07412184029817581,0.1184946596622467,2.360417366027832,-0.9447880387306213,1.4181654453277588,-0.06603579223155975,439.25,364.8808898925781,177.76393127441406,0.0965675637125969,0.1294810026884079,2.3366525173187256,0.0,0.0,0.0,0,0
1788096814.6700249,39.06757435295731,TRACK,FLOW,/home/eunseop/nrs_imitation/checkpoints/flow/polishing/single_cam/20260827_2128_phasematch90_0deg/20260827_2129,379.2262878417969,333.0041809082031,199.36924743652344,0.07338709384202957,0.11733955889940262,2.3585760593414307,0.4721430242061615,-1.547402024269104,-0.33471158146858215,439.25,364.8808898925781,177.76393127441406,0.0965675637125969,0.1294810026884079,2.3366525173187256,0.0,0.0,0.0,0,0
1788096814.9346774,39.33222698199097,TRACK,FLOW,/home/eunseop/nrs_imitation/checkpoints/flow/polishing/single_cam/20260827_2128_phasematch90_0deg/20260827_2129,377.5479431152344,334.8294982910156,199.36285400390625,0.06972307711839676,0.11102025210857391,2.3486826419830322,-1.6126643419265747,0.6857298016548157,0.5459848642349243,439.25,364.8808898925781,177.76393127441406,0.0965675637125969,0.1294810026884079,2.3366525173187256,0.0,0.0,0.0,0,0
1788096815.1340387,39.531588151003234,TRACK,FLOW,/home/eunseop/nrs_imitation/checkpoints/flow/polishing/single_cam/20260827_2128_phasematch90_0deg/20260827_2129,376.1205749511719,334.6717224121094,199.82040405273438,0.07114540785551071,0.10966990888118744,2.3444955348968506,-0.005711427424103022,1.3948853015899658,0.033261489123106,439.25,364.8808898925781,177.76393127441406,0.0965675637125969,0.1294810026884079,2.3366525173187256,0.0,0.0,0.0,0,0
1788096815.1820884,39.579637717979494,TRACK,FLOW,/home/eunseop/nrs_imitation/checkpoints/flow/polishing/single_cam/20260827_2128_phasematch90_0deg/20260827_2129,375.74200439453125,334.510009765625,199.9390869140625,0.07180386036634445,0.10961705446243286,2.3439056873321533,0.1625274121761322,-1.307503581047058,-1.123942255973816,439.25,364.8808898925781,177.76393127441406,0.0965675637125969,0.1294810026884079,2.3366525173187256,0.0,0.0,0.0,0,0
