t_wall,t_elapsed_sec,stage,policy_class,ckpt_dir,meas_x_mm,meas_y_mm,meas_z_mm,meas_rx,meas_ry,meas_rz,meas_fx_N,meas_fy_N,meas_fz_N,cmd_x_mm,cmd_y_mm,cmd_z_mm,cmd_rx,cmd_ry,cmd_rz,cmd_fx_N,cmd_fy_N,cmd_fz_N,contact,cmd_safety_blocked
1788097161.0325468,0.02942866802914068,APPROACH,FLOW,/home/eunseop/nrs_imitation/checkpoints/flow/polishing/single_cam/20260827_2128_only90deg/20260828_0341,444.96453857421875,394.50946044921875,219.98345947265625,-6.191573629621416e-05,0.00012192111171316355,2.3562464714050293,0.0009624380036257207,1.6806714534759521,0.41394463181495667,444.96453857421875,394.50946044921875,219.98345947265625,-6.191573629621416e-05,0.00012192111171316355,2.3562464714050293,0.0,0.0,0.0,0,0
1788097166.3711154,5.367997554014437,TRACK,FLOW,/home/eunseop/nrs_imitation/checkpoints/flow/polishing/single_cam/20260827_2128_only90deg/20260828_0341,475.4613342285156,372.4653625488281,214.14370727539062,-0.16077430546283722,0.014394202269613743,2.355487585067749,-1.0441663265228271,-0.3833348751068115,0.7057461142539978,442.8954162597656,405.65802001953125,166.1181640625,-0.05430678278207779,0.04706141725182533,2.480983018875122,0.0,0.0,0.0,0,0
1788097166.371234,5.368116130994167,TRACK,FLOW,/home/eunseop/nrs_imitation/checkpoints/flow/polishing/single_cam/20260827_2128_only90deg/20260828_0341,475.4613342285156,372.4653625488281,214.14370727539062,-0.16077430546283722,0.014394202269613743,2.355487585067749,-1.0441663265228271,-0.3833348751068115,0.7057461142539978,475.4613342285156,372.4653625488281,214.14370727539062,-0.16077430546283722,0.014394202269613743,2.355487585067749,0.0,0.0,0.0,0,0
1788097166.7670333,5.763915363000706,TRACK,FLOW,/home/eunseop/nrs_imitation/checkpoints/flow/polishing/single_cam/20260827_2128_only90deg/20260828_0341,475.44635009765625,372.47027587890625,214.16983032226562,-0.1608019471168518,0.014339644461870193,2.355591297149658,-1.3102381229400635,-1.7759788036346436,1.6427150964736938,457.0400695800781,389.8564453125,162.6837615966797,-0.013143489137291908,0.062189336866140366,2.476569414138794,0.0,0.0,0.0,0,0
1788097168.070981,7.067863410979044,TRACK,FLOW,/home/eunseop/nrs_imitation/checkpoints/flow/polishing/single_cam/20260827_2128_only90deg/20260828_0341,472.5422058105469,366.5216979980469,204.4410858154297,-0.12972106039524078,0.026321420446038246,2.3830502033233643,-0.8848612904548645,-0.7465238571166992,0.48404473066329956,457.37322998046875,389.56988525390625,162.67642211914062,-0.013046386651694775,0.06224318593740463,2.4767749309539795,0.0,0.0,0.0,0,0
1788097168.143001,7.139883177005686,TRACK,FLOW,/home/eunseop/nrs_imitation/checkpoints/flow/polishing/single_cam/20260827_2128_only90deg/20260828_0341,472.3991394042969,366.10833740234375,203.83731079101562,-0.1282360851764679,0.027139727026224136,2.3846802711486816,1.1220388412475586,-1.613973617553711,0.20585347712039948,457.37322998046875,389.56988525390625,162.67642211914062,-0.013046386651694775,0.06224318593740463,2.4767749309539795,0.0,0.0,0.0,0,0
1788097168.2070944,7.203977096010931,TRACK,FLOW,/home/eunseop/nrs_imitation/checkpoints/flow/polishing/single_cam/20260827_2128_only90deg/20260828_0341,472.02178955078125,366.05352783203125,203.6051788330078,-0.12844707071781158,0.02763330563902855,2.3864455223083496,-2.258697748184204,-0.2522050142288208,0.43149009346961975,457.37322998046875,389.56988525390625,162.67642211914062,-0.013046386651694775,0.06224318593740463,2.4767749309539795,0.0,0.0,0.0,0,0
1788097168.2708952,7.267777253000531,TRACK,FLOW,/home/eunseop/nrs_imitation/checkpoints/flow/polishing/single_cam/20260827_2128_only90deg/20260828_0341,471.49822998046875,366.1608581542969,203.5450897216797,-0.12951809167861938,0.02770283631980419,2.388066291809082,0.21253220736980438,0.35916855931282043,1.5135540962219238,457.37322998046875,389.56988525390625,162.67642211914062,-0.013046386651694775,0.06224318593740463,2.4767749309539795,0.0,0.0,0.0,0,0
1788097168.3429852,7.339867193019018,TRACK,FLOW,/home/eunseop/nrs_imitation/checkpoints/flow/polishing/single_cam/20260827_2128_only90deg/20260828_0341,470.8739318847656,366.3849182128906,203.65257263183594,-0.13124719262123108,0.027538852766156197,2.390249490737915,-2.3588931560516357,0.48465460538864136,1.2969335317611694,457.37322998046875,389.56988525390625,162.67642211914062,-0.013046386651694775,0.06224318593740463,2.4767749309539795,0.0,0.0,0.0,0,0
1788097168.57497,7.571852166031022,TRACK,FLOW,/home/eunseop/nrs_imitation/checkpoints/flow/polishing/single_cam/20260827_2128_only90deg/20260828_0341,468.816650390625,367.05816650390625,203.73513793945312,-0.13789761066436768,0.02766815759241581,2.3977749347686768,-1.5603296756744385,-1.100928544998169,1.5886032581329346,457.37322998046875,389.56988525390625,162.67642211914062,-0.013046386651694775,0.06224318593740463,2.4767749309539795,0.0,0.0,0.0,0,0
1788097168.6231403,7.620023045979906,TRACK,FLOW,/home/eunseop/nrs_imitation/checkpoints/flow/polishing/single_cam/20260827_2128_only90deg/20260828_0341,468.3520202636719,367.21026611328125,203.70050048828125,-0.1391569972038269,0.027690326794981956,2.399441957473755,0.9866415858268738,-0.7157451510429382,0.9561182260513306,457.37322998046875,389.56988525390625,162.67642211914062,-0.013046386651694775,0.06224318593740463,2.4767749309539795,0.0,0.0,0.0,0,0
1788097168.8710654,7.86794738000026,TRACK,FLOW,/home/eunseop/nrs_imitation/checkpoints/flow/polishing/single_cam/20260827_2128_only90deg/20260828_0341,466.28857421875,368.3021240234375,203.48658752441406,-0.145005464553833,0.02766360528767109,2.4078569412231445,-1.0324454307556152,0.6188440322875977,0.8644247055053711,457.37322998046875,389.56988525390625,162.67642211914062,-0.013046386651694775,0.06224318593740463,2.4767749309539795,0.0,0.0,0.0,0,0
1788097168.9269896,7.923871845996473,TRACK,FLOW,/home/eunseop/nrs_imitation/checkpoints/flow/polishing/single_cam/20260827_2128_only90deg/20260828_0341,465.8332824707031,368.5801696777344,203.40647888183594,-0.14602313935756683,0.027747711166739464,2.409536123275757,-0.9671372175216675,-0.15862013399600983,0.7143301963806152,457.37322998046875,389.56988525390625,162.67642211914062,-0.013046386651694775,0.06224318593740463,2.4767749309539795,0.0,0.0,0.0,0,0
1788097169.1989272,8.195809332013596,TRACK,FLOW,/home/eunseop/nrs_imitation/checkpoints/flow/polishing/single_cam/20260827_2128_only90deg/20260828_0341,463.77838134765625,370.06011962890625,202.67007446289062,-0.1503812074661255,0.028636353090405464,2.4179766178131104,-1.3145822286605835,-0.04685536026954651,1.1699707508087158,457.37322998046875,389.56988525390625,162.67642211914062,-0.013046386651694775,0.06224318593740463,2.4767749309539795,0.0,0.0,0.0,0,0
1788097169.2409413,8.237823487026617,TRACK,FLOW,/home/eunseop/nrs_imitation/checkpoints/flow/polishing/single_cam/20260827_2128_only90deg/20260828_0341,463.4660339355469,370.2868957519531,202.4998321533203,-0.15069271624088287,0.028803616762161255,2.4191174507141113,-0.4189165234565735,0.27085810899734497,0.4047277867794037,457.37322998046875,389.56988525390625,162.67642211914062,-0.013046386651694775,0.06224318593740463,2.4767749309539795,0.0,0.0,0.0,0,0
1788097169.295416,8.292299183027353,TRACK,FLOW,/home/eunseop/nrs_imitation/checkpoints/flow/polishing/single_cam/20260827_2128_only90deg/20260828_0341,463.08038330078125,370.6326599121094,202.3318634033203,-0.15125754475593567,0.028920702636241913,2.4209489822387695,-1.3767889738082886,-1.0652573108673096,0.9694927930831909,457.37322998046875,389.56988525390625,162.67642211914062,-0.013046386651694775,0.06224318593740463,2.4767749309539795,0.0,0.0,0.0,0,0
1788097169.3430743,8.339956309006084,TRACK,FLOW,/home/eunseop/nrs_imitation/checkpoints/flow/polishing/single_cam/20260827_2128_only90deg/20260828_0341,462.7977600097656,370.9440612792969,202.11968994140625,-0.15170425176620483,0.028925666585564613,2.422470808029175,1.047715663909912,-0.5962175130844116,1.2624711990356445,457.37322998046875,389.56988525390625,162.67642211914062,-0.013046386651694775,0.06224318593740463,2.4767749309539795,0.0,0.0,0.0,0,0
1788097169.5755234,8.572406400984619,TRACK,FLOW,/home/eunseop/nrs_imitation/checkpoints/flow/polishing/single_cam/20260827_2128_only90deg/20260828_0341,461.38946533203125,372.353271484375,201.19203186035156,-0.15301141142845154,0.029345491901040077,2.429255962371826,0.03209777548909187,-0.019229764118790627,1.0126360654830933,457.37322998046875,389.56988525390625,162.67642211914062,-0.013046386651694775,0.06224318593740463,2.4767749309539795,0.0,0.0,0.0,0,0
1788097169.6312575,8.628140003012959,TRACK,FLOW,/home/eunseop/nrs_imitation/checkpoints/flow/polishing/single_cam/20260827_2128_only90deg/20260828_0341,461.0654602050781,372.7469482421875,200.98187255859375,-0.15319976210594177,0.02928069792687893,2.4306576251983643,0.9156731963157654,-0.14633482694625854,0.16460752487182617,457.37322998046875,389.56988525390625,162.67642211914062,-0.013046386651694775,0.06224318593740463,2.4767749309539795,0.0,0.0,0.0,0,0
1788097169.8869462,8.883828414021991,TRACK,FLOW,/home/eunseop/nrs_imitation/checkpoints/flow/polishing/single_cam/20260827_2128_only90deg/20260828_0341,459.78546142578125,374.4282531738281,199.9967041015625,-0.15350191295146942,0.029107103124260902,2.4364211559295654,0.6027504801750183,-0.9394155144691467,1.418772578239441,457.37322998046875,389.56988525390625,162.67642211914062,-0.013046386651694775,0.06224318593740463,2.4767749309539795,0.0,0.0,0.0,0,0
1788097169.9428937,8.939775743987411,TRACK,FLOW,/home/eunseop/nrs_imitation/checkpoints/flow/polishing/single_cam/20260827_2128_only90deg/20260828_0341,459.51983642578125,374.7671813964844,199.6656036376953,-0.15340948104858398,0.02923165261745453,2.4375202655792236,-0.5853971242904663,0.39631158113479614,1.4748393297195435,457.37322998046875,389.56988525390625,162.67642211914062,-0.013046386651694775,0.06224318593740463,2.4767749309539795,0.0,0.0,0.0,0,0
1788097169.9990313,8.995913488033693,TRACK,FLOW,/home/eunseop/nrs_imitation/checkpoints/flow/polishing/single_cam/20260827_2128_only90deg/20260828_0341,459.24896240234375,375.0536193847656,199.3304901123047,-0.15334224700927734,0.02948835678398609,2.4386110305786133,-1.1877453327178955,0.032155051827430725,0.6026099324226379,457.37322998046875,389.56988525390625,162.67642211914062,-0.013046386651694775,0.06224318593740463,2.4767749309539795,0.0,0.0,0.0,0,0
1788097170.2789798,9.275862093025353,TRACK,FLOW,/home/eunseop/nrs_imitation/checkpoints/flow/polishing/single_cam/20260827_2128_only90deg/20260828_0341,457.9798583984375,376.9234313964844,197.65396118164062,-0.15174999833106995,0.029908671975135803,2.4438345432281494,1.5744209289550781,-0.6143456697463989,0.5815950632095337,457.37322998046875,389.56988525390625,162.67642211914062,-0.013046386651694775,0.06224318593740463,2.4767749309539795,0.0,0.0,0.0,0,0
1788097170.326877,9.323759238992352,TRACK,FLOW,/home/eunseop/nrs_imitation/checkpoints/flow/polishing/single_cam/20260827_2128_only90deg/20260828_0341,457.7387390136719,377.2764892578125,197.3773651123047,-0.15122510492801666,0.029898669570684433,2.444615364074707,-0.8925163149833679,0.290576696395874,0.6784955263137817,457.37322998046875,389.56988525390625,162.67642211914062,-0.013046386651694775,0.06224318593740463,2.4767749309539795,0.0,0.0,0.0,0,0
1788097170.5749679,9.571849771018606,TRACK,FLOW,/home/eunseop/nrs_imitation/checkpoints/flow/polishing/single_cam/20260827_2128_only90deg/20260828_0341,456.689208984375,378.93536376953125,195.87094116210938,-0.14860934019088745,0.030259914696216583,2.44856858253479,-0.45970016717910767,-1.253918170928955,0.977400541305542,463.6347351074219,382.9956359863281,163.24356079101562,-0.004134530667215586,0.06847955286502838,2.4909183979034424,0.0,0.0,0.0,0,0
1788097170.63116,9.628042169031687,TRACK,FLOW,/home/eunseop/nrs_imitation/checkpoints/flow/polishing/single_cam/20260827_2128_only90deg/20260828_0341,456.4538879394531,379.35626220703125,195.5385284423828,-0.1479114443063736,0.030247047543525696,2.4494166374206543,-0.15084920823574066,-1.8712897300720215,1.1135908365249634,463.93463134765625,382.7308349609375,163.23794555664062,-0.004041953478008509,0.06863655149936676,2.491084575653076,0.0,0.0,0.0,0,0
1788097170.8868413,9.883723417005967,TRACK,FLOW,/home/eunseop/nrs_imitation/checkpoints/flow/polishing/single_cam/20260827_2128_only90deg/20260828_0341,455.5918884277344,381.093994140625,193.91311645507812,-0.1445184201002121,0.031120354309678078,2.453441619873047,-0.5689154267311096,-1.5566155910491943,1.1139384508132935,463.93463134765625,382.7308349609375,163.23794555664062,-0.004041953478008509,0.06863655149936676,2.491084575653076,0.0,0.0,0.0,0,0
1788097170.9512303,9.94811286102049,TRACK,FLOW,/home/eunseop/nrs_imitation/checkpoints/flow/polishing/single_cam/20260827_2128_only90deg/20260828_0341,455.4012145996094,381.5501403808594,193.54495239257812,-0.14366284012794495,0.031169936060905457,2.4542033672332764,-0.1262504756450653,-0.048977382481098175,0.971550464630127,463.93463134765625,382.7308349609375,163.23794555664062,-0.004041953478008509,0.06863655149936676,2.491084575653076,0.0,0.0,0.0,0,0
1788097170.991158,9.98804123699665,TRACK,FLOW,/home/eunseop/nrs_imitation/checkpoints/flow/polishing/single_cam/20260827_2128_only90deg/20260828_0341,455.2286376953125,381.8173828125,193.26405334472656,-0.14300493896007538,0.03128421679139137,2.4545862674713135,-0.8492913246154785,-0.3836417496204376,1.2325080633163452,463.93463134765625,382.7308349609375,163.23794555664062,-0.004041953478008509,0.06863655149936676,2.491084575653076,0.0,0.0,0.0,0,0
1788097171.0471048,10.043986743025016,TRACK,FLOW,/home/eunseop/nrs_imitation/checkpoints/flow/polishing/single_cam/20260827_2128_only90deg/20260828_0341,455.050048828125,382.2617492675781,192.96067810058594,-0.14221708476543427,0.03107661008834839,2.4551196098327637,-0.6251699924468994,0.16409406065940857,0.9391145706176758,463.93463134765625,382.7308349609375,163.23794555664062,-0.004041953478008509,0.06863655149936676,2.491084575653076,0.0,0.0,0.0,0,0
1788097171.0951233,10.092006814025808,TRACK,FLOW,/home/eunseop/nrs_imitation/checkpoints/flow/polishing/single_cam/20260827_2128_only90deg/20260828_0341,454.84344482421875,382.56939697265625,192.6464385986328,-0.1414647400379181,0.031206892803311348,2.4556033611297607,1.0628472566604614,-1.7094889879226685,0.9102931022644043,463.93463134765625,382.7308349609375,163.23794555664062,-0.004041953478008509,0.06863655149936676,2.491084575653076,0.0,0.0,0.0,0,0
1788097171.3828855,10.379767278034706,TRACK,FLOW,/home/eunseop/nrs_imitation/checkpoints/flow/polishing/single_cam/20260827_2128_only90deg/20260828_0341,453.66375732421875,384.4220886230469,190.85494995117188,-0.13723868131637573,0.03223445639014244,2.458503484725952,0.8319075107574463,-0.3600354492664337,0.6838005781173706,463.93463134765625,382.7308349609375,163.23794555664062,-0.004041953478008509,0.06863655149936676,2.491084575653076,0.0,0.0,0.0,0,0
1788097171.4309897,10.427871869003866,TRACK,FLOW,/home/eunseop/nrs_imitation/checkpoints/flow/polishing/single_cam/20260827_2128_only90deg/20260828_0341,453.44293212890625,384.7330017089844,190.5895233154297,-0.13653840124607086,0.03243133798241615,2.4590084552764893,-1.0189995765686035,-0.4106721878051758,0.9943752288818359,463.93463134765625,382.7308349609375,163.23794555664062,-0.004041953478008509,0.06863655149936676,2.491084575653076,0.0,0.0,0.0,0,0
1788097171.6789808,10.675862970994785,TRACK,FLOW,/home/eunseop/nrs_imitation/checkpoints/flow/polishing/single_cam/20260827_2128_only90deg/20260828_0341,452.5176696777344,386.4383544921875,189.0540771484375,-0.13213156163692474,0.03279794007539749,2.461512565612793,0.27105191349983215,-0.8077201247215271,1.012245774269104,463.93463134765625,382.7308349609375,163.23794555664062,-0.004041953478008509,0.06863655149936676,2.491084575653076,0.0,0.0,0.0,0,0
1788097171.7351081,10.731990084983408,TRACK,FLOW,/home/eunseop/nrs_imitation/checkpoints/flow/polishing/single_cam/20260827_2128_only90deg/20260828_0341,452.3091125488281,386.7873840332031,188.7074432373047,-0.1312740296125412,0.03288559243083,2.462043523788452,1.0093477964401245,-0.7642353177070618,1.080067753791809,463.93463134765625,382.7308349609375,163.23794555664062,-0.004041953478008509,0.06863655149936676,2.491084575653076,0.0,0.0,0.0,0,0
1788097171.9749668,10.97184875397943,TRACK,FLOW,/home/eunseop/nrs_imitation/checkpoints/flow/polishing/single_cam/20260827_2128_only90deg/20260828_0341,451.28466796875,388.3357238769531,187.33297729492188,-0.1274193823337555,0.033223532140254974,2.4643235206604004,-1.1825250387191772,-0.8577148914337158,0.8991060853004456,463.93463134765625,382.7308349609375,163.23794555664062,-0.004041953478008509,0.06863655149936676,2.491084575653076,0.0,0.0,0.0,0,0
1788097172.0311127,11.027995023992844,TRACK,FLOW,/home/eunseop/nrs_imitation/checkpoints/flow/polishing/single_cam/20260827_2128_only90deg/20260828_0341,451.0909118652344,388.70404052734375,187.01673889160156,-0.12646950781345367,0.03326191008090973,2.4647114276885986,-1.1463816165924072,-1.5517810583114624,0.9455116987228394,463.93463134765625,382.7308349609375,163.23794555664062,-0.004041953478008509,0.06863655149936676,2.491084575653076,0.0,0.0,0.0,0,0
1788097172.2790139,11.275896042992827,TRACK,FLOW,/home/eunseop/nrs_imitation/checkpoints/flow/polishing/single_cam/20260827_2128_only90deg/20260828_0341,450.29290771484375,390.3219909667969,185.38995361328125,-0.12178637832403183,0.03386324271559715,2.4667701721191406,1.6871626377105713,0.10862334072589874,0.9876673221588135,463.93463134765625,382.7308349609375,163.23794555664062,-0.004041953478008509,0.06863655149936676,2.491084575653076,0.0,0.0,0.0,0,0
1788097172.3269846,11.323866819031537,TRACK,FLOW,/home/eunseop/nrs_imitation/checkpoints/flow/polishing/single_cam/20260827_2128_only90deg/20260828_0341,450.04315185546875,390.6463317871094,185.0522003173828,-0.12061834335327148,0.03413381427526474,2.4671223163604736,-1.1582351922988892,-0.2668163776397705,0.8673991560935974,463.93463134765625,382.7308349609375,163.23794555664062,-0.004041953478008509,0.06863655149936676,2.491084575653076,0.0,0.0,0.0,0,0
1788097172.5748458,11.571727572008967,TRACK,FLOW,/home/eunseop/nrs_imitation/checkpoints/flow/polishing/single_cam/20260827_2128_only90deg/20260828_0341,449.33734130859375,392.3188171386719,183.4285430908203,-0.116060771048069,0.034548647701740265,2.4686925411224365,-0.466422438621521,-1.1442161798477173,1.0295257568359375,463.93463134765625,382.7308349609375,163.23794555664062,-0.004041953478008509,0.06863655149936676,2.491084575653076,0.0,0.0,0.0,0,0
1788097172.646993,11.643874921021052,TRACK,FLOW,/home/eunseop/nrs_imitation/checkpoints/flow/polishing/single_cam/20260827_2128_only90deg/20260828_0341,449.0639343261719,392.8504943847656,182.93231201171875,-0.11449676752090454,0.0347343310713768,2.4692931175231934,1.108951210975647,-0.7276316285133362,0.9317205548286438,463.93463134765625,382.7308349609375,163.23794555664062,-0.004041953478008509,0.06863655149936676,2.491084575653076,0.0,0.0,0.0,0,0
1788097172.7029073,11.699789437989239,TRACK,FLOW,/home/eunseop/nrs_imitation/checkpoints/flow/polishing/single_cam/20260827_2128_only90deg/20260828_0341,448.9496765136719,393.25482177734375,182.5794219970703,-0.11351529508829117,0.0346493236720562,2.469649314880371,0.305306077003479,0.4845607876777649,0.9338241815567017,463.93463134765625,382.7308349609375,163.23794555664062,-0.004041953478008509,0.06863655149936676,2.491084575653076,0.0,0.0,0.0,0,0
1788097172.7590723,11.755954655003734,TRACK,FLOW,/home/eunseop/nrs_imitation/checkpoints/flow/polishing/single_cam/20260827_2128_only90deg/20260828_0341,448.7875671386719,393.6173095703125,182.20668029785156,-0.1124420240521431,0.03481391817331314,2.4699785709381104,-1.5043509006500244,0.7283913493156433,0.5129743814468384,463.93463134765625,382.7308349609375,163.23794555664062,-0.004041953478008509,0.06863655149936676,2.491084575653076,0.0,0.0,0.0,0,0
1788097172.982862,11.979744244017638,TRACK,FLOW,/home/eunseop/nrs_imitation/checkpoints/flow/polishing/single_cam/20260827_2128_only90deg/20260828_0341,447.9250183105469,395.1575927734375,180.81298828125,-0.1075659915804863,0.035198163241147995,2.4717469215393066,0.48257291316986084,-2.153177499771118,1.2221297025680542,463.93463134765625,382.7308349609375,163.23794555664062,-0.004041953478008509,0.06863655149936676,2.491084575653076,0.0,0.0,0.0,0,0
1788097173.0390139,12.035896115005016,TRACK,FLOW,/home/eunseop/nrs_imitation/checkpoints/flow/polishing/single_cam/20260827_2128_only90deg/20260828_0341,447.68157958984375,395.4922180175781,180.4607391357422,-0.10627903044223785,0.03538965806365013,2.472092628479004,1.124975562095642,-0.8962274193763733,0.22466203570365906,463.93463134765625,382.7308349609375,163.23794555664062,-0.004041953478008509,0.06863655149936676,2.491084575653076,0.0,0.0,0.0,0,0
1788097173.294933,12.291814976022579,TRACK,FLOW,/home/eunseop/nrs_imitation/checkpoints/flow/polishing/single_cam/20260827_2128_only90deg/20260828_0341,446.864990234375,397.1043395996094,178.77716064453125,-0.10103996843099594,0.036150217056274414,2.473890542984009,0.15200330317020416,-1.4114453792572021,0.5780839323997498,463.93463134765625,382.7308349609375,163.23794555664062,-0.004041953478008509,0.06863655149936676,2.491084575653076,0.0,0.0,0.0,0,0
1788097173.3349655,12.331847461988218,TRACK,FLOW,/home/eunseop/nrs_imitation/checkpoints/flow/polishing/single_cam/20260827_2128_only90deg/20260828_0341,446.7206115722656,397.4004821777344,178.578857421875,-0.10010595619678497,0.03612282872200012,2.4740381240844727,-0.7331827282905579,-1.0348289012908936,0.5500226020812988,463.93463134765625,382.7308349609375,163.23794555664062,-0.004041953478008509,0.06863655149936676,2.491084575653076,0.0,0.0,0.0,0,0
1788097173.3909867,12.387868983030785,TRACK,FLOW,/home/eunseop/nrs_imitation/checkpoints/flow/polishing/single_cam/20260827_2128_only90deg/20260828_0341,446.55328369140625,397.8109436035156,178.2051239013672,-0.0987885370850563,0.03601082041859627,2.4743144512176514,-0.44005200266838074,-1.8465782403945923,0.9456210732460022,463.93463134765625,382.7308349609375,163.23794555664062,-0.004041953478008509,0.06863655149936676,2.491084575653076,0.0,0.0,0.0,0,0
1788097173.454964,12.451846830022987,TRACK,FLOW,/home/eunseop/nrs_imitation/checkpoints/flow/polishing/single_cam/20260827_2128_only90deg/20260828_0341,446.3834228515625,398.1979064941406,177.78237915039062,-0.09751934558153152,0.03617718070745468,2.4746785163879395,-0.6788023710250854,-0.33396220207214355,0.5997634530067444,463.93463134765625,382.7308349609375,163.23794555664062,-0.004041953478008509,0.06863655149936676,2.491084575653076,0.0,0.0,0.0,0,0
1788097173.5108309,12.50771293399157,TRACK,FLOW,/home/eunseop/nrs_imitation/checkpoints/flow/polishing/single_cam/20260827_2128_only90deg/20260828_0341,446.1776428222656,398.4927978515625,177.41156005859375,-0.09623419493436813,0.036418408155441284,2.474947214126587,-0.4779583513736725,-0.023502590134739876,1.0648455619812012,463.93463134765625,382.7308349609375,163.23794555664062,-0.004041953478008509,0.06863655149936676,2.491084575653076,0.0,0.0,0.0,0,0
1788097173.5670233,12.563905372982845,TRACK,FLOW,/home/eunseop/nrs_imitation/checkpoints/flow/polishing/single_cam/20260827_2128_only90deg/20260828_0341,445.977294921875,398.78375244140625,176.97537231445312,-0.09493530541658401,0.036741189658641815,2.475289821624756,-1.0411818027496338,-0.9965981841087341,1.6331647634506226,463.93463134765625,382.7308349609375,163.23794555664062,-0.004041953478008509,0.06863655149936676,2.491084575653076,0.0,0.0,0.0,0,0
1788097173.614936,12.61181802698411,TRACK,FLOW,/home/eunseop/nrs_imitation/checkpoints/flow/polishing/single_cam/20260827_2128_only90deg/20260828_0341,445.8029479980469,399.1498718261719,176.63148498535156,-0.09375515580177307,0.03676467016339302,2.475693941116333,-2.194488286972046,-0.12884938716888428,0.992972195148468,463.93463134765625,382.7308349609375,163.23794555664062,-0.004041953478008509,0.06863655149936676,2.491084575653076,0.0,0.0,0.0,0,0
1788097173.7427342,12.739615979022346,TRACK,FLOW,/home/eunseop/nrs_imitation/checkpoints/flow/polishing/single_cam/20260827_2128_only90deg/20260828_0341,445.48638916015625,399.9631652832031,175.86203002929688,-0.09111198782920837,0.03693094477057457,2.476271629333496,0.14346054196357727,-1.9703621864318848,3.6402769088745117,445.48638916015625,399.9631652832031,175.86203002929688,-0.09111198782920837,0.03693094477057457,2.476271629333496,0.0,0.0,-3.709043025970459,1,0
1788097173.847025,12.843907119007781,TRACK,FLOW,/home/eunseop/nrs_imitation/checkpoints/flow/polishing/single_cam/20260827_2128_only90deg/20260828_0341,445.0904846191406,400.570556640625,175.24122619628906,-0.08875594288110733,0.03727884590625763,2.476829767227173,-1.1779701709747314,-1.0943130254745483,6.578947067260742,463.93463134765625,382.7308349609375,163.23794555664062,-0.004041953478008509,0.06863655149936676,2.491084575653076,0.0,0.0,0.0,1,0
1788097173.9029403,12.899822245992254,TRACK,FLOW,/home/eunseop/nrs_imitation/checkpoints/flow/polishing/single_cam/20260827_2128_only90deg/20260828_0341,444.8858337402344,400.8962707519531,174.9278564453125,-0.08753930777311325,0.03749081864953041,2.4771029949188232,-0.8162458539009094,-1.3127917051315308,12.028090476989746,463.93463134765625,382.7308349609375,163.23794555664062,-0.004041953478008509,0.06863655149936676,2.491084575653076,0.0,0.0,0.0,1,0
1788097174.0387485,13.035630397032946,TRACK,FLOW,/home/eunseop/nrs_imitation/checkpoints/flow/polishing/single_cam/20260827_2128_only90deg/20260828_0341,444.54168701171875,401.809326171875,174.3345947265625,-0.08461549133062363,0.03752968832850456,2.4780845642089844,-5.753521919250488,1.1667081117630005,21.42237091064453,444.54168701171875,401.809326171875,174.3345947265625,-0.08461549133062363,0.03752968832850456,2.4780845642089844,0.0,0.0,-4.587683200836182,1,0
1788097174.1431344,13.140016736986581,TRACK,FLOW,/home/eunseop/nrs_imitation/checkpoints/flow/polishing/single_cam/20260827_2128_only90deg/20260828_0341,444.18310546875,402.39404296875,173.88108825683594,-0.0819992870092392,0.037836577743291855,2.4781501293182373,-8.243878364562988,-3.8051280975341797,35.0160026550293,463.93463134765625,382.7308349609375,163.23794555664062,-0.004041953478008509,0.06863655149936676,2.491084575653076,0.0,0.0,0.0,1,0
1788097174.1990473,13.195929431007244,TRACK,FLOW,/home/eunseop/nrs_imitation/checkpoints/flow/polishing/single_cam/20260827_2128_only90deg/20260828_0341,443.9389343261719,402.7273254394531,173.67657470703125,-0.08055639266967773,0.03786120563745499,2.478266954421997,-8.337928771972656,5.143099308013916,45.97673416137695,463.93463134765625,382.7308349609375,163.23794555664062,-0.004041953478008509,0.06863655149936676,2.491084575653076,0.0,0.0,0.0,1,0
1788097174.5029628,13.499845047015697,TRACK,FLOW,/home/eunseop/nrs_imitation/checkpoints/flow/polishing/single_cam/20260827_2128_only90deg/20260828_0341,443.3025817871094,404.4676513671875,172.79913330078125,-0.07166692614555359,0.039255741983652115,2.4797935485839844,-29.003887176513672,-2.0324244499206543,90.32866668701172,463.93463134765625,382.7308349609375,163.23794555664062,-0.004041953478008509,0.06863655149936676,2.491084575653076,0.0,0.0,0.0,1,0
1788097174.5030968,13.499978783016559,TRACK,FLOW,/home/eunseop/nrs_imitation/checkpoints/flow/polishing/single_cam/20260827_2128_only90deg/20260828_0341,443.3025817871094,404.4676513671875,172.79913330078125,-0.07166692614555359,0.039255741983652115,2.4797935485839844,-29.003887176513672,-2.0324244499206543,90.32866668701172,443.3025817871094,404.4676513671875,172.79913330078125,-0.07166692614555359,0.039255741983652115,2.4797935485839844,0.0,0.0,-4.1178998947143555,1,0
1788097174.5509386,13.547820953011978,TRACK,FLOW,/home/eunseop/nrs_imitation/checkpoints/flow/polishing/single_cam/20260827_2128_only90deg/20260828_0341,443.01019287109375,404.6661071777344,172.669921875,-0.07045727223157883,0.03975733369588852,2.479952812194824,-12.396743774414062,-15.859137535095215,106.23278045654297,463.93463134765625,382.7308349609375,163.23794555664062,-0.004041953478008509,0.06863655149936676,2.491084575653076,0.0,0.0,0.0,1,0
1788097174.6645608,13.661442915035877,TRACK,FLOW,/home/eunseop/nrs_imitation/checkpoints/flow/polishing/single_cam/20260827_2128_only90deg/20260828_0341,442.6317138671875,404.84332275390625,172.5930938720703,-0.06862972676753998,0.04028378799557686,2.4800024032592773,-11.659584045410156,-19.99626922607422,103.40953826904297,442.6317138671875,404.84332275390625,172.5930938720703,-0.06862972676753998,0.04028378799557686,2.4800024032592773,0.0,0.0,14.945013046264648,1,0
1788097174.7672267,13.76410869602114,TRACK,FLOW,/home/eunseop/nrs_imitation/checkpoints/flow/polishing/single_cam/20260827_2128_only90deg/20260828_0341,441.7431945800781,404.7958679199219,172.62672424316406,-0.06287787854671478,0.04149588942527771,2.4804153442382812,-24.92592430114746,-9.426721572875977,97.73001098632812,486.13165283203125,352.58099365234375,182.0616912841797,-0.02576727606356144,0.05274132266640663,2.409379243850708,0.0,0.0,0.0,1,0
1788097175.0631483,14.060030605993234,TRACK,FLOW,/home/eunseop/nrs_imitation/checkpoints/flow/polishing/single_cam/20260827_2128_only90deg/20260828_0341,441.8465576171875,404.9493713378906,172.18923950195312,-0.0490703359246254,0.04739795997738838,2.4811453819274902,-14.882695198059082,-5.786637783050537,119.69068145751953,479.67266845703125,355.0758972167969,191.488525390625,-0.043519437313079834,0.04762759804725647,2.403165102005005,0.0,0.0,0.0,1,0
1788097175.4710333,14.467915544984862,TRACK,FLOW,/home/eunseop/nrs_imitation/checkpoints/flow/polishing/single_cam/20260827_2128_only90deg/20260828_0341,442.87188720703125,400.9854736328125,172.3704376220703,-0.03284553810954094,0.05672485753893852,2.4800429344177246,-33.126670837402344,-8.51270866394043,100.6627197265625,479.67266845703125,355.0758972167969,191.488525390625,-0.043519437313079834,0.04762759804725647,2.403165102005005,0.0,0.0,0.0,1,0
1788097175.679077,14.675959302985575,TRACK,FLOW,/home/eunseop/nrs_imitation/checkpoints/flow/polishing/single_cam/20260827_2128_only90deg/20260828_0341,443.7046813964844,399.2644348144531,172.9017333984375,-0.028467990458011627,0.059225715696811676,2.479144811630249,-23.242273330688477,-2.856330156326294,74.10269165039062,479.67266845703125,355.0758972167969,191.488525390625,-0.043519437313079834,0.04762759804725647,2.403165102005005,0.0,0.0,0.0,1,0
1788097175.7356894,14.732571664033458,TRACK,FLOW,/home/eunseop/nrs_imitation/checkpoints/flow/polishing/single_cam/20260827_2128_only90deg/20260828_0341,443.9261779785156,398.8363342285156,173.05081176757812,-0.02740553207695484,0.059557899832725525,2.4789135456085205,-10.370177268981934,3.270993947982788,59.73904037475586,479.67266845703125,355.0758972167969,191.488525390625,-0.043519437313079834,0.04762759804725647,2.403165102005005,0.0,0.0,0.0,1,0
1788097175.7828739,14.779755796014797,TRACK,FLOW,/home/eunseop/nrs_imitation/checkpoints/flow/polishing/single_cam/20260827_2128_only90deg/20260828_0341,444.2077941894531,398.4716491699219,173.15135192871094,-0.02677801623940468,0.059845779091119766,2.478755474090576,-13.52253532409668,3.68031907081604,55.504512786865234,479.67266845703125,355.0758972167969,191.488525390625,-0.043519437313079834,0.04762759804725647,2.403165102005005,0.0,0.0,0.0,1,0
1788097176.0710166,15.067898539011367,TRACK,FLOW,/home/eunseop/nrs_imitation/checkpoints/flow/polishing/single_cam/20260827_2128_only90deg/20260828_0341,445.864501953125,396.5085754394531,173.87521362304688,-0.02221774496138096,0.060186609625816345,2.4779491424560547,-7.563413619995117,-0.3796670734882355,25.67405891418457,479.67266845703125,355.0758972167969,191.488525390625,-0.043519437313079834,0.04762759804725647,2.403165102005005,0.0,0.0,0.0,1,0
1788097176.1188362,15.115718196029775,TRACK,FLOW,/home/eunseop/nrs_imitation/checkpoints/flow/polishing/single_cam/20260827_2128_only90deg/20260828_0341,446.1935729980469,396.1637878417969,173.9393310546875,-0.021595755591988564,0.06025085598230362,2.477982997894287,-6.847678184509277,-0.12031283974647522,23.466594696044922,479.67266845703125,355.0758972167969,191.488525390625,-0.043519437313079834,0.04762759804725647,2.403165102005005,0.0,0.0,0.0,1,0
1788097176.3108435,15.307725585997105,TRACK,FLOW,/home/eunseop/nrs_imitation/checkpoints/flow/polishing/single_cam/20260827_2128_only90deg/20260828_0341,447.704345703125,395.0376281738281,174.10696411132812,-0.020060354843735695,0.060547344386577606,2.477666139602661,-2.109353542327881,-0.5513608455657959,19.749662399291992,447.704345703125,395.0376281738281,174.10696411132812,-0.020060354843735695,0.060547344386577606,2.477666139602661,0.0,0.0,14.286067962646484,1,0
1788097176.3670473,15.363929637009278,TRACK,FLOW,/home/eunseop/nrs_imitation/checkpoints/flow/polishing/single_cam/20260827_2128_only90deg/20260828_0341,448.1365661621094,394.6657409667969,174.17478942871094,-0.019577469676733017,0.06076399236917496,2.477519989013672,-6.4646735191345215,-0.45634761452674866,18.737442016601562,479.67266845703125,355.0758972167969,191.488525390625,-0.043519437313079834,0.04762759804725647,2.403165102005005,0.0,0.0,0.0,1,0
1788097176.4229631,15.419845375989098,TRACK,FLOW,/home/eunseop/nrs_imitation/checkpoints/flow/polishing/single_cam/20260827_2128_only90deg/20260828_0341,448.52130126953125,394.29547119140625,174.19142150878906,-0.01914754882454872,0.061040837317705154,2.4775524139404297,-3.2530229091644287,-3.2182540893554688,20.883277893066406,479.67266845703125,355.0758972167969,191.488525390625,-0.043519437313079834,0.04762759804725647,2.403165102005005,0.0,0.0,0.0,1,0
1788097176.670877,15.667758978030179,TRACK,FLOW,/home/eunseop/nrs_imitation/checkpoints/flow/polishing/single_cam/20260827_2128_only90deg/20260828_0341,450.2668762207031,392.67962646484375,174.31761169433594,-0.01712016947567463,0.06119931861758232,2.477473497390747,-2.557722806930542,-1.453709363937378,16.93283462524414,479.67266845703125,355.0758972167969,191.488525390625,-0.043519437313079834,0.04762759804725647,2.403165102005005,0.0,0.0,0.0,1,0
1788097176.7350876,15.73196992999874,TRACK,FLOW,/home/eunseop/nrs_imitation/checkpoints/flow/polishing/single_cam/20260827_2128_only90deg/20260828_0341,450.75360107421875,392.25244140625,174.29067993164062,-0.01667182333767414,0.06121453270316124,2.477400064468384,-3.636051893234253,-1.7128366231918335,18.10104751586914,479.67266845703125,355.0758972167969,191.488525390625,-0.043519437313079834,0.04762759804725647,2.403165102005005,0.0,0.0,0.0,1,0
1788097176.7748644,15.771746386017185,TRACK,FLOW,/home/eunseop/nrs_imitation/checkpoints/flow/polishing/single_cam/20260827_2128_only90deg/20260828_0341,451.05120849609375,391.9720153808594,174.26968383789062,-0.016293618828058243,0.06124657392501831,2.477313995361328,-2.6978957653045654,-1.309666395187378,17.350488662719727,479.67266845703125,355.0758972167969,191.488525390625,-0.043519437313079834,0.04762759804725647,2.403165102005005,0.0,0.0,0.0,1,0
1788097176.8310354,15.827917914022692,TRACK,FLOW,/home/eunseop/nrs_imitation/checkpoints/flow/polishing/single_cam/20260827_2128_only90deg/20260828_0341,451.42913818359375,391.63311767578125,174.2655487060547,-0.0157674178481102,0.061234164983034134,2.4771554470062256,-4.818142414093018,1.2700716257095337,16.084041595458984,479.67266845703125,355.0758972167969,191.488525390625,-0.043519437313079834,0.04762759804725647,2.403165102005005,0.0,0.0,0.0,1,0
1788097176.8789222,15.875804328010418,TRACK,FLOW,/home/eunseop/nrs_imitation/checkpoints/flow/polishing/single_cam/20260827_2128_only90deg/20260828_0341,451.8089294433594,391.3270263671875,174.26470947265625,-0.015505023300647736,0.06143994629383087,2.4771058559417725,-3.7718074321746826,-0.7080013751983643,18.086393356323242,479.67266845703125,355.0758972167969,191.488525390625,-0.043519437313079834,0.04762759804725647,2.403165102005005,0.0,0.0,0.0,1,0
1788097177.0627966,16.05967883602716,TRACK,FLOW,/home/eunseop/nrs_imitation/checkpoints/flow/polishing/single_cam/20260827_2128_only90deg/20260828_0341,453.1497802734375,390.0481872558594,174.26632690429688,-0.0146250668913126,0.061782270669937134,2.4770185947418213,-5.671276569366455,0.6214951276779175,16.83062744140625,453.1497802734375,390.0481872558594,174.26632690429688,-0.0146250668913126,0.061782270669937134,2.4770185947418213,0.0,0.0,15.962953567504883,1,0
1788097177.1670163,16.163898328028154,TRACK,FLOW,/home/eunseop/nrs_imitation/checkpoints/flow/polishing/single_cam/20260827_2128_only90deg/20260828_0341,453.8185119628906,389.33111572265625,174.27291870117188,-0.013998354785144329,0.06213349848985672,2.476846218109131,-4.907555103302002,0.02742915228009224,17.40184783935547,479.67266845703125,355.0758972167969,191.488525390625,-0.043519437313079834,0.04762759804725647,2.403165102005005,0.0,0.0,0.0,1,0
1788097177.2150166,16.21189894102281,TRACK,FLOW,/home/eunseop/nrs_imitation/checkpoints/flow/polishing/single_cam/20260827_2128_only90deg/20260828_0341,454.12445068359375,388.9800109863281,174.31842041015625,-0.013705315999686718,0.062133271247148514,2.4767251014709473,-2.8410418033599854,-0.5400120615959167,16.969892501831055,479.67266845703125,355.0758972167969,191.488525390625,-0.043519437313079834,0.04762759804725647,2.403165102005005,0.0,0.0,0.0,1,0
1788097177.4788353,16.475717446999624,TRACK,FLOW,/home/eunseop/nrs_imitation/checkpoints/flow/polishing/single_cam/20260827_2128_only90deg/20260828_0341,454.63665771484375,388.6144714355469,174.36944580078125,-0.013228470459580421,0.06218350678682327,2.476722240447998,-5.493180274963379,0.6516678929328918,15.430793762207031,479.67266845703125,355.0758972167969,191.488525390625,-0.043519437313079834,0.04762759804725647,2.403165102005005,0.0,0.0,0.0,1,0
1788097177.5350137,16.531895797990728,TRACK,FLOW,/home/eunseop/nrs_imitation/checkpoints/flow/polishing/single_cam/20260827_2128_only90deg/20260828_0341,454.65313720703125,388.59881591796875,174.34835815429688,-0.01319507323205471,0.06224201247096062,2.476733922958374,-3.349182367324829,-1.717888593673706,15.59549331665039,479.67266845703125,355.0758972167969,191.488525390625,-0.043519437313079834,0.04762759804725647,2.403165102005005,0.0,0.0,0.0,1,0
1788097177.5828986,16.579780730011407,TRACK,FLOW,/home/eunseop/nrs_imitation/checkpoints/flow/polishing/single_cam/20260827_2128_only90deg/20260828_0341,454.6525573730469,388.6275634765625,174.33837890625,-0.013095716945827007,0.06223628669977188,2.4768168926239014,-3.6957931518554688,0.7125577926635742,14.444381713867188,479.67266845703125,355.0758972167969,191.488525390625,-0.043519437313079834,0.04762759804725647,2.403165102005005,0.0,0.0,0.0,1,0
1788097177.8709095,16.867791450000368,TRACK,FLOW,/home/eunseop/nrs_imitation/checkpoints/flow/polishing/single_cam/20260827_2128_only90deg/20260828_0341,454.7920227050781,388.67291259765625,174.39834594726562,-0.013073155656456947,0.06215387582778931,2.4768056869506836,-4.380832195281982,1.5706889629364014,14.636967658996582,479.67266845703125,355.0758972167969,191.488525390625,-0.043519437313079834,0.04762759804725647,2.403165102005005,0.0,0.0,0.0,1,0
1788097177.9270942,16.923976493999362,TRACK,FLOW,/home/eunseop/nrs_imitation/checkpoints/flow/polishing/single_cam/20260827_2128_only90deg/20260828_0341,454.7806701660156,388.6297912597656,174.32228088378906,-0.013022288680076599,0.06235343962907791,2.476840019226074,-4.259016513824463,-1.9641298055648804,18.251745223999023,479.67266845703125,355.0758972167969,191.488525390625,-0.043519437313079834,0.04762759804725647,2.403165102005005,0.0,0.0,0.0,1,0
1788097178.1669402,17.163822447007988,TRACK,FLOW,/home/eunseop/nrs_imitation/checkpoints/flow/polishing/single_cam/20260827_2128_only90deg/20260828_0341,454.8818054199219,388.714599609375,174.3784942626953,-0.013076866045594215,0.062187667936086655,2.4767699241638184,-2.7299389839172363,1.1267175674438477,15.59211254119873,479.67266845703125,355.0758972167969,191.488525390625,-0.043519437313079834,0.04762759804725647,2.403165102005005,0.0,0.0,0.0,1,0
1788097178.2391024,17.23598461400252,TRACK,FLOW,/home/eunseop/nrs_imitation/checkpoints/flow/polishing/single_cam/20260827_2128_only90deg/20260828_0341,454.8946533203125,388.7309875488281,174.42015075683594,-0.013064980506896973,0.062168702483177185,2.4767580032348633,-2.9633021354675293,-2.809577465057373,17.152729034423828,479.67266845703125,355.0758972167969,191.488525390625,-0.043519437313079834,0.04762759804725647,2.403165102005005,0.0,0.0,0.0,1,0
1788097178.462844,17.45972610102035,TRACK,FLOW,/home/eunseop/nrs_imitation/checkpoints/flow/polishing/single_cam/20260827_2128_only90deg/20260828_0341,455.48150634765625,388.1221008300781,174.572998046875,-0.01043154951184988,0.06459596008062363,2.483440399169922,-2.01426362991333,-1.774829387664795,11.80803108215332,455.48150634765625,388.1221008300781,174.572998046875,-0.01043154951184988,0.06459596008062363,2.483440399169922,0.0,0.0,15.117347717285156,1,0
1788097178.470931,17.467813406023197,TRACK,FLOW,/home/eunseop/nrs_imitation/checkpoints/flow/polishing/single_cam/20260827_2128_only90deg/20260828_0341,455.5152587890625,388.0976257324219,174.58445739746094,-0.010206790640950203,0.06467563658952713,2.4840846061706543,-2.9853031635284424,1.3887581825256348,10.204444885253906,479.67266845703125,355.0758972167969,191.488525390625,-0.043519437313079834,0.04762759804725647,2.403165102005005,0.0,0.0,0.0,1,0
1788097178.5190244,17.515906876011286,TRACK,FLOW,/home/eunseop/nrs_imitation/checkpoints/flow/polishing/single_cam/20260827_2128_only90deg/20260828_0341,455.89556884765625,387.82147216796875,174.75758361816406,-0.00934160128235817,0.06556729227304459,2.487473487854004,-0.9218710660934448,-0.9205928444862366,9.33868408203125,479.67266845703125,355.0758972167969,191.488525390625,-0.043519437313079834,0.04762759804725647,2.403165102005005,0.0,0.0,0.0,1,0
1788097178.5748663,17.571748213027604,TRACK,FLOW,/home/eunseop/nrs_imitation/checkpoints/flow/polishing/single_cam/20260827_2128_only90deg/20260828_0341,456.2952575683594,387.46331787109375,174.8477783203125,-0.008412296883761883,0.06648575514554977,2.490621566772461,-1.283463716506958,0.3742518424987793,8.04807186126709,479.67266845703125,355.0758972167969,191.488525390625,-0.043519437313079834,0.04762759804725647,2.403165102005005,0.0,0.0,0.0,1,0
1788097178.6308088,17.627691223984584,TRACK,FLOW,/home/eunseop/nrs_imitation/checkpoints/flow/polishing/single_cam/20260827_2128_only90deg/20260828_0341,456.7554016113281,387.09051513671875,174.7853546142578,-0.008088311180472374,0.0666954442858696,2.4919729232788086,-2.860229015350342,-0.13570918142795563,9.625322341918945,456.7554016113281,387.09051513671875,174.7853546142578,-0.008088311180472374,0.0666954442858696,2.4919729232788086,0.0,0.0,18.460229873657227,1,0
1788097178.7350295,17.731911597016733,TRACK,FLOW,/home/eunseop/nrs_imitation/checkpoints/flow/polishing/single_cam/20260827_2128_only90deg/20260828_0341,457.4707336425781,386.41473388671875,174.5552978515625,-0.007428496610373259,0.06669893860816956,2.4924001693725586,-4.123034477233887,1.1154146194458008,13.330299377441406,479.67266845703125,355.0758972167969,191.488525390625,-0.043519437313079834,0.04762759804725647,2.403165102005005,0.0,0.0,0.0,1,0
1788097178.782858,17.779740051017143,TRACK,FLOW,/home/eunseop/nrs_imitation/checkpoints/flow/polishing/single_cam/20260827_2128_only90deg/20260828_0341,457.79840087890625,386.0743408203125,174.47955322265625,-0.007166029419749975,0.06678459048271179,2.4924819469451904,-2.9074783325195312,0.3973235785961151,15.267945289611816,479.67266845703125,355.0758972167969,191.488525390625,-0.043519437313079834,0.04762759804725647,2.403165102005005,0.0,0.0,0.0,1,0
1788097178.864185,17.86106748500606,TRACK,FLOW,/home/eunseop/nrs_imitation/checkpoints/flow/polishing/single_cam/20260827_2128_only90deg/20260828_0341,457.9723815917969,385.9444885253906,174.5022430419922,-0.007017874624580145,0.06667632609605789,2.4924936294555664,-2.7215662002563477,-1.4531035423278809,16.09733772277832,457.9723815917969,385.9444885253906,174.5022430419922,-0.007017874624580145,0.06667632609605789,2.4924936294555664,0.0,0.0,5.310161113739014,1,0
1788097178.9673476,17.96422992501175,TRACK,FLOW,/home/eunseop/nrs_imitation/checkpoints/flow/polishing/single_cam/20260827_2128_only90deg/20260828_0341,459.07684326171875,384.9522399902344,174.33761596679688,-0.006071841344237328,0.06682054698467255,2.491887331008911,-5.7732415199279785,-0.3931668698787689,18.46116065979004,494.93377685546875,345.2090148925781,168.8712615966797,0.011363535188138485,0.07936031371355057,2.4303505420684814,0.0,0.0,0.0,1,0
1788097179.014835,18.01171684602741,TRACK,FLOW,/home/eunseop/nrs_imitation/checkpoints/flow/polishing/single_cam/20260827_2128_only90deg/20260828_0341,459.46612548828125,384.71148681640625,174.34304809570312,-0.0058657885529100895,0.0668339878320694,2.491837978363037,-3.0039772987365723,-0.4888639450073242,17.572650909423828,494.93377685546875,345.2090148925781,168.8712615966797,0.011363535188138485,0.07936031371355057,2.4303505420684814,0.0,0.0,0.0,1,0
1788097179.062999,18.059881141001824,TRACK,FLOW,/home/eunseop/nrs_imitation/checkpoints/flow/polishing/single_cam/20260827_2128_only90deg/20260828_0341,459.77777099609375,384.43017578125,174.3253631591797,-0.005684758070856333,0.06701573729515076,2.4918718338012695,-4.089803695678711,-1.6965391635894775,20.94110870361328,494.93377685546875,345.2090148925781,168.8712615966797,0.011363535188138485,0.07936031371355057,2.4303505420684814,0.0,0.0,0.0,1,0
1788097179.0707746,18.067656701023225,TRACK,FLOW,/home/eunseop/nrs_imitation/checkpoints/flow/polishing/single_cam/20260827_2128_only90deg/20260828_0341,459.8452453613281,384.3721008300781,174.3006591796875,-0.0056220716796815395,0.06703279167413712,2.491763114929199,-5.44547176361084,1.933862566947937,18.744211196899414,459.8452453613281,384.3721008300781,174.3006591796875,-0.0056220716796815395,0.06703279167413712,2.491763114929199,0.0,0.0,21.42036247253418,1,0
1788097179.1189754,18.115857505996246,TRACK,FLOW,/home/eunseop/nrs_imitation/checkpoints/flow/polishing/single_cam/20260827_2128_only90deg/20260828_0341,460.1712646484375,384.01788330078125,174.31324768066406,-0.005544405896216631,0.06712853908538818,2.4917151927948,-5.048663139343262,-0.2622162699699402,19.934127807617188,494.93377685546875,345.2090148925781,168.8712615966797,0.011363535188138485,0.07936031371355057,2.4303505420684814,0.0,0.0,0.0,1,0
1788097179.382861,18.379742880002595,TRACK,FLOW,/home/eunseop/nrs_imitation/checkpoints/flow/polishing/single_cam/20260827_2128_only90deg/20260828_0341,461.7027282714844,382.2509765625,174.30633544921875,-0.004407133441418409,0.0682535395026207,2.491063117980957,-5.541675090789795,-2.2736916542053223,19.83872413635254,494.93377685546875,345.2090148925781,168.8712615966797,0.011363535188138485,0.07936031371355057,2.4303505420684814,0.0,0.0,0.0,1,0
1788097179.4309323,18.427814477996435,TRACK,FLOW,/home/eunseop/nrs_imitation/checkpoints/flow/polishing/single_cam/20260827_2128_only90deg/20260828_0341,461.7743225097656,382.1510009765625,174.32989501953125,-0.004402915481477976,0.06828829646110535,2.4910030364990234,-5.312850475311279,-0.18083979189395905,19.176992416381836,494.93377685546875,345.2090148925781,168.8712615966797,0.011363535188138485,0.07936031371355057,2.4303505420684814,0.0,0.0,0.0,1,0
1788097179.486931,18.483813617029227,TRACK,FLOW,/home/eunseop/nrs_imitation/checkpoints/flow/polishing/single_cam/20260827_2128_only90deg/20260828_0341,461.77960205078125,382.15887451171875,174.30311584472656,-0.004385116510093212,0.06835003942251205,2.4910380840301514,-3.985088348388672,-1.689085841178894,21.2805118560791,494.93377685546875,345.2090148925781,168.8712615966797,0.011363535188138485,0.07936031371355057,2.4303505420684814,0.0,0.0,0.0,1,0
1788097179.7670074,18.76388921099715,TRACK,FLOW,/home/eunseop/nrs_imitation/checkpoints/flow/polishing/single_cam/20260827_2128_only90deg/20260828_0341,461.7518005371094,382.144287109375,174.29087829589844,-0.004201065748929977,0.06840139627456665,2.4911303520202637,-6.649812698364258,0.37925106287002563,20.594684600830078,494.93377685546875,345.2090148925781,168.8712615966797,0.011363535188138485,0.07936031371355057,2.4303505420684814,0.0,0.0,0.0,1,0
1788097179.8228827,18.81976461299928,TRACK,FLOW,/home/eunseop/nrs_imitation/checkpoints/flow/polishing/single_cam/20260827_2128_only90deg/20260828_0341,461.7596130371094,382.1346435546875,174.27587890625,-0.004197870381176472,0.06846673041582108,2.4911656379699707,-3.9075379371643066,-3.21502423286438,22.723939895629883,494.93377685546875,345.2090148925781,168.8712615966797,0.011363535188138485,0.07936031371355057,2.4303505420684814,0.0,0.0,0.0,1,0
1788097180.0709488,19.06783085601637,TRACK,FLOW,/home/eunseop/nrs_imitation/checkpoints/flow/polishing/single_cam/20260827_2128_only90deg/20260828_0341,461.7517395019531,382.1087341308594,174.23118591308594,-0.004222277086228132,0.06855592131614685,2.491201162338257,-3.1927826404571533,-1.18739652633667,22.041528701782227,494.93377685546875,345.2090148925781,168.8712615966797,0.011363535188138485,0.07936031371355057,2.4303505420684814,0.0,0.0,0.0,1,0
1788097180.1188552,19.115737207990605,TRACK,FLOW,/home/eunseop/nrs_imitation/checkpoints/flow/polishing/single_cam/20260827_2128_only90deg/20260828_0341,461.74810791015625,382.10870361328125,174.2310333251953,-0.004191462881863117,0.06854748725891113,2.4911887645721436,-3.0910308361053467,-2.182229995727539,22.618053436279297,494.93377685546875,345.2090148925781,168.8712615966797,0.011363535188138485,0.07936031371355057,2.4303505420684814,0.0,0.0,0.0,1,0
1788097180.3828697,19.37975186901167,TRACK,FLOW,/home/eunseop/nrs_imitation/checkpoints/flow/polishing/single_cam/20260827_2128_only90deg/20260828_0341,461.7083740234375,382.09906005859375,174.2305145263672,-0.004061662591993809,0.06860827654600143,2.491126298904419,-5.459851264953613,0.5400981307029724,20.637304306030273,494.93377685546875,345.2090148925781,168.8712615966797,0.011363535188138485,0.07936031371355057,2.4303505420684814,0.0,0.0,0.0,1,0
1788097180.4632363,19.460118376009632,TRACK,FLOW,/home/eunseop/nrs_imitation/checkpoints/flow/polishing/single_cam/20260827_2128_only90deg/20260828_0341,461.7132873535156,382.079833984375,174.25259399414062,-0.004090558271855116,0.0686817467212677,2.49112606048584,-5.82273006439209,-1.8417487144470215,21.687822341918945,494.93377685546875,345.2090148925781,168.8712615966797,0.011363535188138485,0.07936031371355057,2.4303505420684814,0.0,0.0,0.0,1,0
1788097180.5110607,19.507943132019136,TRACK,FLOW,/home/eunseop/nrs_imitation/checkpoints/flow/polishing/single_cam/20260827_2128_only90deg/20260828_0341,461.72235107421875,382.07562255859375,174.2406768798828,-0.004125063307583332,0.06867489218711853,2.491126537322998,-4.335202217102051,0.8322669267654419,21.29680824279785,494.93377685546875,345.2090148925781,168.8712615966797,0.011363535188138485,0.07936031371355057,2.4303505420684814,0.0,0.0,0.0,1,0
1788097180.55901,19.55589235603111,TRACK,FLOW,/home/eunseop/nrs_imitation/checkpoints/flow/polishing/single_cam/20260827_2128_only90deg/20260828_0341,461.6896057128906,382.056884765625,174.22071838378906,-0.004074529279023409,0.06874240189790726,2.4911372661590576,-3.431995153427124,-0.330742210149765,23.072599411010742,494.93377685546875,345.2090148925781,168.8712615966797,0.011363535188138485,0.07936031371355057,2.4303505420684814,0.0,0.0,0.0,1,0
1788097180.6149127,19.611795040022116,TRACK,FLOW,/home/eunseop/nrs_imitation/checkpoints/flow/polishing/single_cam/20260827_2128_only90deg/20260828_0341,461.6777648925781,382.04803466796875,174.22909545898438,-0.004037640988826752,0.06881454586982727,2.4911718368530273,-5.760483741760254,1.8033945560455322,20.18122673034668,494.93377685546875,345.2090148925781,168.8712615966797,0.011363535188138485,0.07936031371355057,2.4303505420684814,0.0,0.0,0.0,1,0
1788097180.8789704,19.87585249298718,TRACK,FLOW,/home/eunseop/nrs_imitation/checkpoints/flow/polishing/single_cam/20260827_2128_only90deg/20260828_0341,461.6759948730469,381.97637939453125,174.2479705810547,-0.004060101695358753,0.06903199106454849,2.49111008644104,-3.6648428440093994,-2.878540277481079,22.75390625,494.93377685546875,345.2090148925781,168.8712615966797,0.011363535188138485,0.07936031371355057,2.4303505420684814,0.0,0.0,0.0,1,0
1788097180.9268322,19.923714109987486,TRACK,FLOW,/home/eunseop/nrs_imitation/checkpoints/flow/polishing/single_cam/20260827_2128_only90deg/20260828_0341,461.6767883300781,382.0218811035156,174.2860565185547,-0.003999114502221346,0.06896407902240753,2.4910380840301514,-6.3043107986450195,-0.5233184099197388,21.447107315063477,494.93377685546875,345.2090148925781,168.8712615966797,0.011363535188138485,0.07936031371355057,2.4303505420684814,0.0,0.0,0.0,1,0
1788097181.175039,20.17192100000102,TRACK,FLOW,/home/eunseop/nrs_imitation/checkpoints/flow/polishing/single_cam/20260827_2128_only90deg/20260828_0341,461.6220397949219,382.068603515625,174.2974395751953,-0.0036344791296869516,0.06872192770242691,2.490435838699341,-3.039111852645874,-2.7823307514190674,20.77100944519043,494.93377685546875,345.2090148925781,168.8712615966797,0.011363535188138485,0.07936031371355057,2.4303505420684814,0.0,0.0,0.0,1,0
1788097181.2311184,20.22800045198528,TRACK,FLOW,/home/eunseop/nrs_imitation/checkpoints/flow/polishing/single_cam/20260827_2128_only90deg/20260828_0341,461.4706726074219,381.9540710449219,174.39906311035156,-0.002092627575621009,0.06827180087566376,2.4880077838897705,-3.4645769596099854,1.277185320854187,15.176545143127441,494.93377685546875,345.2090148925781,168.8712615966797,0.011363535188138485,0.07936031371355057,2.4303505420684814,0.0,0.0,0.0,1,0
1788097181.2949555,20.291837528988253,TRACK,FLOW,/home/eunseop/nrs_imitation/checkpoints/flow/polishing/single_cam/20260827_2128_only90deg/20260828_0341,461.29681396484375,381.5680236816406,174.61181640625,1.7419622963643633e-05,0.06775152683258057,2.483833074569702,-2.113816022872925,0.205129012465477,11.34603500366211,494.93377685546875,345.2090148925781,168.8712615966797,0.011363535188138485,0.07936031371355057,2.4303505420684814,0.0,0.0,0.0,1,0
1788097181.5828846,20.579767353017814,TRACK,FLOW,/home/eunseop/nrs_imitation/checkpoints/flow/polishing/single_cam/20260827_2128_only90deg/20260828_0341,460.8023376464844,380.1504821777344,174.1572723388672,0.009739766828715801,0.061803072690963745,2.462357759475708,-7.741332530975342,0.12252846360206604,22.21140480041504,494.93377685546875,345.2090148925781,168.8712615966797,0.011363535188138485,0.07936031371355057,2.4303505420684814,0.0,0.0,0.0,1,0
1788097181.646941,20.6438232990331,TRACK,FLOW,/home/eunseop/nrs_imitation/checkpoints/flow/polishing/single_cam/20260827_2128_only90deg/20260828_0341,460.44012451171875,379.3713684082031,174.40921020507812,0.012131375260651112,0.06239018589258194,2.4577832221984863,-5.624966144561768,0.021031467244029045,15.610466957092285,494.93377685546875,345.2090148925781,168.8712615966797,0.011363535188138485,0.07936031371355057,2.4303505420684814,0.0,0.0,0.0,1,0
1788097181.6868434,20.68372549401829,TRACK,FLOW,/home/eunseop/nrs_imitation/checkpoints/flow/polishing/single_cam/20260827_2128_only90deg/20260828_0341,460.552734375,379.1440124511719,174.4373016357422,0.012768758460879326,0.06211523339152336,2.4561445713043213,-5.0052571296691895,-0.8773069977760315,16.511850357055664,494.93377685546875,345.2090148925781,168.8712615966797,0.011363535188138485,0.07936031371355057,2.4303505420684814,0.0,0.0,0.0,1,0
1788097181.742981,20.739863077003974,TRACK,FLOW,/home/eunseop/nrs_imitation/checkpoints/flow/polishing/single_cam/20260827_2128_only90deg/20260828_0341,460.8583068847656,378.7725524902344,174.4027557373047,0.012955008074641228,0.06198723241686821,2.455101251602173,-2.183950424194336,-1.8643171787261963,14.970549583435059,494.93377685546875,345.2090148925781,168.8712615966797,0.011363535188138485,0.07936031371355057,2.4303505420684814,0.0,0.0,0.0,1,0
1788097181.7908828,20.78776494099293,TRACK,FLOW,/home/eunseop/nrs_imitation/checkpoints/flow/polishing/single_cam/20260827_2128_only90deg/20260828_0341,461.17572021484375,378.4919128417969,174.4424285888672,0.01295552495867014,0.061818476766347885,2.4545180797576904,-5.967133045196533,-0.7071513533592224,15.72187328338623,494.93377685546875,345.2090148925781,168.8712615966797,0.011363535188138485,0.07936031371355057,2.4303505420684814,0.0,0.0,0.0,1,0
1788097181.9507337,20.94761566701345,TRACK,FLOW,/home/eunseop/nrs_imitation/checkpoints/flow/polishing/single_cam/20260827_2128_only90deg/20260828_0341,462.128173828125,377.5194396972656,174.2887725830078,0.012964297086000443,0.061481453478336334,2.453364849090576,-3.5759594440460205,-0.9956536889076233,19.19729995727539,462.128173828125,377.5194396972656,174.2887725830078,0.012964297086000443,0.061481453478336334,2.453364849090576,0.0,0.0,22.45119857788086,1,0
1788097182.054887,21.05176915199263,TRACK,FLOW,/home/eunseop/nrs_imitation/checkpoints/flow/polishing/single_cam/20260827_2128_only90deg/20260828_0341,462.8372497558594,376.855224609375,174.1727294921875,0.012912307865917683,0.061393558979034424,2.452735662460327,-2.169556140899658,-0.7674900889396667,21.319364547729492,494.93377685546875,345.2090148925781,168.8712615966797,0.011363535188138485,0.07936031371355057,2.4303505420684814,0.0,0.0,0.0,1,0
1788097182.0550375,21.051919299003202,TRACK,FLOW,/home/eunseop/nrs_imitation/checkpoints/flow/polishing/single_cam/20260827_2128_only90deg/20260828_0341,462.8372497558594,376.855224609375,174.1727294921875,0.012912307865917683,0.061393558979034424,2.452735662460327,-2.169556140899658,-0.7674900889396667,21.319364547729492,462.8372497558594,376.855224609375,174.1727294921875,0.012912307865917683,0.061393558979034424,2.452735662460327,0.0,0.0,21.518245697021484,1,0
1788097182.110912,21.107794479990844,TRACK,FLOW,/home/eunseop/nrs_imitation/checkpoints/flow/polishing/single_cam/20260827_2128_only90deg/20260828_0341,463.25726318359375,376.4535217285156,174.16375732421875,0.012865028344094753,0.06135178729891777,2.4521875381469727,-7.207365036010742,-0.07680411636829376,23.832487106323242,494.93377685546875,345.2090148925781,168.8712615966797,0.011363535188138485,0.07936031371355057,2.4303505420684814,0.0,0.0,0.0,1,0
1788097182.1669152,21.163797345012426,TRACK,FLOW,/home/eunseop/nrs_imitation/checkpoints/flow/polishing/single_cam/20260827_2128_only90deg/20260828_0341,463.6005859375,376.0191650390625,174.1171112060547,0.01279399637132883,0.06154361739754677,2.4516971111297607,-3.0469963550567627,-3.490633487701416,26.535377502441406,463.6005859375,376.0191650390625,174.1171112060547,0.01279399637132883,0.06154361739754677,2.4516971111297607,0.0,0.0,21.841575622558594,1,0
1788097182.2790418,21.275923737033736,TRACK,FLOW,/home/eunseop/nrs_imitation/checkpoints/flow/polishing/single_cam/20260827_2128_only90deg/20260828_0341,464.1799011230469,375.1809997558594,174.0395965576172,0.01273671630769968,0.06196235120296478,2.450282096862793,-7.728187561035156,-2.308988094329834,27.955196380615234,494.93377685546875,345.2090148925781,168.8712615966797,0.011363535188138485,0.07936031371355057,2.4303505420684814,0.0,0.0,0.0,1,0
1788097182.334922,21.331803957000375,TRACK,FLOW,/home/eunseop/nrs_imitation/checkpoints/flow/polishing/single_cam/20260827_2128_only90deg/20260828_0341,464.53387451171875,374.8192138671875,174.07530212402344,0.012639680877327919,0.06202893331646919,2.4496142864227295,-3.9018993377685547,-0.7968748807907104,24.949092864990234,494.93377685546875,345.2090148925781,168.8712615966797,0.011363535188138485,0.07936031371355057,2.4303505420684814,0.0,0.0,0.0,1,0
1788097182.3908863,21.38776830898132,TRACK,FLOW,/home/eunseop/nrs_imitation/checkpoints/flow/polishing/single_cam/20260827_2128_only90deg/20260828_0341,464.8514099121094,374.40521240234375,174.1384735107422,0.012619415298104286,0.06236693635582924,2.4490246772766113,-6.2616868019104,-1.0331286191940308,23.421649932861328,494.93377685546875,345.2090148925781,168.8712615966797,0.011363535188138485,0.07936031371355057,2.4303505420684814,0.0,0.0,0.0,1,0
1788097182.4389062,21.435788459028117,TRACK,FLOW,/home/eunseop/nrs_imitation/checkpoints/flow/polishing/single_cam/20260827_2128_only90deg/20260828_0341,465.17303466796875,374.0198059082031,174.19825744628906,0.01249778550118208,0.06252143532037735,2.448439836502075,-5.23783016204834,1.7352664470672607,19.87862777709961,494.93377685546875,345.2090148925781,168.8712615966797,0.011363535188138485,0.07936031371355057,2.4303505420684814,0.0,0.0,0.0,1,0
1788097182.6868494,21.68373142502969,TRACK,FLOW,/home/eunseop/nrs_imitation/checkpoints/flow/polishing/single_cam/20260827_2128_only90deg/20260828_0341,466.80316162109375,372.3728942871094,174.2162628173828,0.012266449630260468,0.06285560876131058,2.4463276863098145,-5.938601970672607,-2.133197784423828,21.945049285888672,494.93377685546875,345.2090148925781,168.8712615966797,0.011363535188138485,0.07936031371355057,2.4303505420684814,0.0,0.0,0.0,1,0
1788097182.7027795,21.699661859020125,TRACK,FLOW,/home/eunseop/nrs_imitation/checkpoints/flow/polishing/single_cam/20260827_2128_only90deg/20260828_0341,466.93719482421875,372.26995849609375,174.26165771484375,0.012182734906673431,0.06279769539833069,2.446223020553589,-3.8755743503570557,-2.570594549179077,21.728300094604492,466.93719482421875,372.26995849609375,174.26165771484375,0.012182734906673431,0.06279769539833069,2.446223020553589,0.0,0.0,23.531566619873047,1,0
1788097182.7429466,21.73982849001186,TRACK,FLOW,/home/eunseop/nrs_imitation/checkpoints/flow/polishing/single_cam/20260827_2128_only90deg/20260828_0341,467.21142578125,372.0032653808594,174.2716827392578,0.012121113948523998,0.0628756731748581,2.445924997329712,-3.320357084274292,-0.997679591178894,21.04388427734375,494.93377685546875,345.2090148925781,168.8712615966797,0.011363535188138485,0.07936031371355057,2.4303505420684814,0.0,0.0,0.0,1,0
1788097182.7908368,21.78771865100134,TRACK,FLOW,/home/eunseop/nrs_imitation/checkpoints/flow/polishing/single_cam/20260827_2128_only90deg/20260828_0341,467.51800537109375,371.67205810546875,174.28445434570312,0.012090747244656086,0.06299443542957306,2.4455065727233887,-5.053844451904297,-2.9039666652679443,22.06537628173828,494.93377685546875,345.2090148925781,168.8712615966797,0.011363535188138485,0.07936031371355057,2.4303505420684814,0.0,0.0,0.0,1,0
1788097183.0668435,22.063725555024575,TRACK,FLOW,/home/eunseop/nrs_imitation/checkpoints/flow/polishing/single_cam/20260827_2128_only90deg/20260828_0341,468.976806640625,370.1094665527344,174.16966247558594,0.01147316675633192,0.06355327367782593,2.4435904026031494,-6.937861919403076,-0.40817755460739136,23.29248809814453,468.976806640625,370.1094665527344,174.16966247558594,0.01147316675633192,0.06355327367782593,2.4435904026031494,0.0,0.0,22.41213035583496,1,0
1788097183.146924,22.143807135988027,TRACK,FLOW,/home/eunseop/nrs_imitation/checkpoints/flow/polishing/single_cam/20260827_2128_only90deg/20260828_0341,469.6794128417969,369.6119384765625,174.14572143554688,0.011061190627515316,0.06364889442920685,2.4429898262023926,-7.974984645843506,0.4458623230457306,23.83689308166504,451.4060974121094,374.5580139160156,196.91038513183594,-0.03552837297320366,0.038994669914245605,2.3892199993133545,0.0,0.0,0.0,1,0
1788097183.3107429,22.307624988025054,TRACK,FLOW,/home/eunseop/nrs_imitation/checkpoints/flow/polishing/single_cam/20260827_2128_only90deg/20260828_0341,471.1510925292969,368.27227783203125,174.21043395996094,0.010579078458249569,0.06390637159347534,2.4415056705474854,-7.237060070037842,1.5764577388763428,21.569917678833008,471.1510925292969,368.27227783203125,174.21043395996094,0.010579078458249569,0.06390637159347534,2.4415056705474854,0.0,0.0,21.65911293029785,1,0
1788097183.4711404,22.468022479035426,TRACK,FLOW,/home/eunseop/nrs_imitation/checkpoints/flow/polishing/single_cam/20260827_2128_only90deg/20260828_0341,472.2372741699219,366.9706726074219,174.27468872070312,0.009758462198078632,0.06465291976928711,2.4404289722442627,-2.679497241973877,-2.447190046310425,22.050350189208984,451.02264404296875,374.83575439453125,196.8678741455078,-0.035419024527072906,0.03872344270348549,2.3895938396453857,0.0,0.0,0.0,1,0
1788097183.5108304,22.507712488994002,TRACK,FLOW,/home/eunseop/nrs_imitation/checkpoints/flow/polishing/single_cam/20260827_2128_only90deg/20260828_0341,472.43756103515625,366.70648193359375,174.242919921875,0.009776400402188301,0.06479363143444061,2.44014048576355,-1.7532944679260254,-1.020859718322754,21.12259292602539,451.02264404296875,374.83575439453125,196.8678741455078,-0.035419024527072906,0.03872344270348549,2.3895938396453857,0.0,0.0,0.0,1,0
1788097183.5830905,22.57997316401452,TRACK,FLOW,/home/eunseop/nrs_imitation/checkpoints/flow/polishing/single_cam/20260827_2128_only90deg/20260828_0341,472.83807373046875,366.24163818359375,174.2573699951172,0.009785767644643784,0.06485624611377716,2.439770221710205,-5.386299133300781,-2.1455700397491455,21.57073211669922,451.02264404296875,374.83575439453125,196.8678741455078,-0.035419024527072906,0.03872344270348549,2.3895938396453857,0.0,0.0,0.0,1,0
1788097183.6389995,22.635881648981012,TRACK,FLOW,/home/eunseop/nrs_imitation/checkpoints/flow/polishing/single_cam/20260827_2128_only90deg/20260828_0341,473.2713317871094,365.8594665527344,174.26165771484375,0.009435219690203667,0.06494321674108505,2.4395508766174316,-2.7022390365600586,-0.7019258737564087,20.536479949951172,451.02264404296875,374.83575439453125,196.8678741455078,-0.035419024527072906,0.03872344270348549,2.3895938396453857,0.0,0.0,0.0,1,0
1788097183.8870094,22.883891562989447,TRACK,FLOW,/home/eunseop/nrs_imitation/checkpoints/flow/polishing/single_cam/20260827_2128_only90deg/20260828_0341,474.9390869140625,364.1522521972656,174.27615356445312,0.008577443659305573,0.06535130739212036,2.4370906352996826,-5.544266223907471,1.0262161493301392,19.56136131286621,451.02264404296875,374.83575439453125,196.8678741455078,-0.035419024527072906,0.03872344270348549,2.3895938396453857,0.0,0.0,0.0,1,0
1788097183.9428973,22.93977952800924,TRACK,FLOW,/home/eunseop/nrs_imitation/checkpoints/flow/polishing/single_cam/20260827_2128_only90deg/20260828_0341,475.2813415527344,363.76763916015625,174.25177001953125,0.008365515619516373,0.06545685976743698,2.436580181121826,-6.242058277130127,-2.261573553085327,24.851276397705078,451.02264404296875,374.83575439453125,196.8678741455078,-0.035419024527072906,0.03872344270348549,2.3895938396453857,0.0,0.0,0.0,1,0
1788097184.1828752,23.179757221019827,TRACK,FLOW,/home/eunseop/nrs_imitation/checkpoints/flow/polishing/single_cam/20260827_2128_only90deg/20260828_0341,476.6568603515625,362.0155334472656,174.2436981201172,0.007702059578150511,0.06577080488204956,2.434380531311035,-6.877694606781006,0.2963995039463043,22.266313552856445,451.02264404296875,374.83575439453125,196.8678741455078,-0.035419024527072906,0.03872344270348549,2.3895938396453857,0.0,0.0,0.0,1,0
1788097184.2390296,23.23591187701095,TRACK,FLOW,/home/eunseop/nrs_imitation/checkpoints/flow/polishing/single_cam/20260827_2128_only90deg/20260828_0341,477.0387268066406,361.5523986816406,174.23953247070312,0.007262006867676973,0.06599129736423492,2.433777332305908,-4.329163074493408,-2.907047748565674,24.522884368896484,451.02264404296875,374.83575439453125,196.8678741455078,-0.035419024527072906,0.03872344270348549,2.3895938396453857,0.0,0.0,0.0,1,0
1788097184.366824,23.363706119998824,TRACK,FLOW,/home/eunseop/nrs_imitation/checkpoints/flow/polishing/single_cam/20260827_2128_only90deg/20260828_0341,477.8334045410156,360.54296875,174.15711975097656,0.006791414227336645,0.06659432500600815,2.4325015544891357,-4.309140205383301,-2.961674451828003,26.96148109436035,477.8334045410156,360.54296875,174.15711975097656,0.006791414227336645,0.06659432500600815,2.4325015544891357,0.0,0.0,22.936874389648438,1,0
1788097184.4630857,23.459967642033007,TRACK,FLOW,/home/eunseop/nrs_imitation/checkpoints/flow/polishing/single_cam/20260827_2128_only90deg/20260828_0341,478.4281311035156,359.9183349609375,174.27383422851562,0.006819962523877621,0.06674204021692276,2.431459665298462,-7.218808174133301,0.8304561972618103,21.179229736328125,451.02264404296875,374.83575439453125,196.8678741455078,-0.035419024527072906,0.03872344270348549,2.3895938396453857,0.0,0.0,0.0,1,0
1788097184.518998,23.515880274993833,TRACK,FLOW,/home/eunseop/nrs_imitation/checkpoints/flow/polishing/single_cam/20260827_2128_only90deg/20260828_0341,478.80853271484375,359.4830322265625,174.31744384765625,0.006762090604752302,0.06693793088197708,2.430969715118408,-5.4648895263671875,-1.9692637920379639,22.44449806213379,451.02264404296875,374.83575439453125,196.8678741455078,-0.035419024527072906,0.03872344270348549,2.3895938396453857,0.0,0.0,0.0,1,0
1788097184.5507298,23.547612016031053,TRACK,FLOW,/home/eunseop/nrs_imitation/checkpoints/flow/polishing/single_cam/20260827_2128_only90deg/20260828_0341,479.0633544921875,359.2604675292969,174.33445739746094,0.006657490041106939,0.06688636541366577,2.4306020736694336,-4.222908020019531,0.8477779030799866,17.84895896911621,479.0633544921875,359.2604675292969,174.33445739746094,0.006657490041106939,0.06688636541366577,2.4306020736694336,0.0,0.0,21.735754013061523,1,0
1788097184.6631565,23.66003880201606,TRACK,FLOW,/home/eunseop/nrs_imitation/checkpoints/flow/polishing/single_cam/20260827_2128_only90deg/20260828_0341,479.93896484375,358.5821838378906,174.30032348632812,0.006408377550542355,0.06709518283605576,2.429842233657837,-2.3106765747070312,-1.8304166793823242,21.35125160217285,451.02264404296875,374.83575439453125,196.8678741455078,-0.035419024527072906,0.03872344270348549,2.3895938396453857,0.0,0.0,0.0,1,0
1788097184.7109327,23.707814744033385,TRACK,FLOW,/home/eunseop/nrs_imitation/checkpoints/flow/polishing/single_cam/20260827_2128_only90deg/20260828_0341,480.2874755859375,358.3472595214844,174.2940216064453,0.00636805547401309,0.06722115725278854,2.4294838905334473,-5.337468147277832,-2.694854736328125,23.70543670654297,451.02264404296875,374.83575439453125,196.8678741455078,-0.035419024527072906,0.03872344270348549,2.3895938396453857,0.0,0.0,0.0,1,0
1788097184.8947937,23.891676175990142,TRACK,FLOW,/home/eunseop/nrs_imitation/checkpoints/flow/polishing/single_cam/20260827_2128_only90deg/20260828_0341,481.7042541503906,357.1438293457031,174.33792114257812,0.005636998917907476,0.0673329308629036,2.427501678466797,-3.7172815799713135,0.1458299309015274,21.16387176513672,481.7042541503906,357.1438293457031,174.33792114257812,0.005636998917907476,0.0673329308629036,2.427501678466797,0.0,0.0,22.04427719116211,1,0
1788097184.9908257,23.987707949010655,TRACK,FLOW,/home/eunseop/nrs_imitation/checkpoints/flow/polishing/single_cam/20260827_2128_only90deg/20260828_0341,482.2641906738281,356.4693603515625,174.3300323486328,0.005226128734648228,0.06754383444786072,2.426239490509033,-7.582399845123291,-0.48140281438827515,21.590627670288086,451.02264404296875,374.83575439453125,196.8678741455078,-0.035419024527072906,0.03872344270348549,2.3895938396453857,0.0,0.0,0.0,1,0
1788097185.063224,24.06010692799464,TRACK,FLOW,/home/eunseop/nrs_imitation/checkpoints/flow/polishing/single_cam/20260827_2128_only90deg/20260828_0341,482.7786560058594,355.9144287109375,174.3769073486328,0.004381049890071154,0.06765999644994736,2.4253454208374023,-4.475556373596191,0.3612042963504791,20.33931541442871,451.02264404296875,374.83575439453125,196.8678741455078,-0.035419024527072906,0.03872344270348549,2.3895938396453857,0.0,0.0,0.0,1,0
1788097185.2148159,24.211698258994147,TRACK,FLOW,/home/eunseop/nrs_imitation/checkpoints/flow/polishing/single_cam/20260827_2128_only90deg/20260828_0341,483.6651306152344,354.81011962890625,174.40895080566406,0.0037270362954586744,0.0675462856888771,2.423877000808716,-2.8187568187713623,-1.5149292945861816,18.686336517333984,483.6651306152344,354.81011962890625,174.40895080566406,0.0037270362954586744,0.0675462856888771,2.423877000808716,0.0,0.0,23.70067024230957,1,0
1788097185.3109174,24.30779930402059,TRACK,FLOW,/home/eunseop/nrs_imitation/checkpoints/flow/polishing/single_cam/20260827_2128_only90deg/20260828_0341,484.2642517089844,354.09783935546875,174.38807678222656,0.0034266808070242405,0.06727126240730286,2.4231338500976562,-6.129446506500244,0.36770904064178467,18.37270736694336,451.02264404296875,374.83575439453125,196.8678741455078,-0.035419024527072906,0.03872344270348549,2.3895938396453857,0.0,0.0,0.0,1,0
1788097185.3669875,24.363869498018175,TRACK,FLOW,/home/eunseop/nrs_imitation/checkpoints/flow/polishing/single_cam/20260827_2128_only90deg/20260828_0341,484.5667419433594,353.66864013671875,174.3804473876953,0.0033480715937912464,0.06727412343025208,2.4230055809020996,-6.158735275268555,-2.3952481746673584,19.529802322387695,451.02264404296875,374.83575439453125,196.8678741455078,-0.035419024527072906,0.03872344270348549,2.3895938396453857,0.0,0.0,0.0,1,0
1788097185.5908298,24.58771207497921,TRACK,FLOW,/home/eunseop/nrs_imitation/checkpoints/flow/polishing/single_cam/20260827_2128_only90deg/20260828_0341,485.89556884765625,352.0893249511719,174.36050415039062,0.002046330599114299,0.06716746091842651,2.420926570892334,-2.3504209518432617,-1.2667955160140991,19.47022247314453,451.02264404296875,374.83575439453125,196.8678741455078,-0.035419024527072906,0.03872344270348549,2.3895938396453857,0.0,0.0,0.0,1,0
1788097185.6468594,24.643741792009678,TRACK,FLOW,/home/eunseop/nrs_imitation/checkpoints/flow/polishing/single_cam/20260827_2128_only90deg/20260828_0341,486.0712890625,351.6752624511719,174.42193603515625,0.0014670939417555928,0.06692204624414444,2.420508623123169,-6.440561294555664,0.609334409236908,17.050579071044922,451.02264404296875,374.83575439453125,196.8678741455078,-0.035419024527072906,0.03872344270348549,2.3895938396453857,0.0,0.0,0.0,1,0
1788097185.7029119,24.699793921026867,TRACK,FLOW,/home/eunseop/nrs_imitation/checkpoints/flow/polishing/single_cam/20260827_2128_only90deg/20260828_0341,486.1883239746094,351.2093811035156,174.568359375,0.0008835457265377045,0.06652715057134628,2.4198522567749023,-3.8839309215545654,-1.934335708618164,15.24081039428711,451.02264404296875,374.83575439453125,196.8678741455078,-0.035419024527072906,0.03872344270348549,2.3895938396453857,0.0,0.0,0.0,1,0
1788097185.7827342,24.77961625700118,TRACK,FLOW,/home/eunseop/nrs_imitation/checkpoints/flow/polishing/single_cam/20260827_2128_only90deg/20260828_0341,486.5557861328125,350.6740417480469,174.58961486816406,0.00030151731334626675,0.06606964021921158,2.4189445972442627,-3.2143497467041016,-1.0453474521636963,14.585005760192871,486.5557861328125,350.6740417480469,174.58961486816406,0.00030151731334626675,0.06606964021921158,2.4189445972442627,0.0,0.0,3.268887519836426,1,0
1788097185.8710296,24.867911665001884,TRACK,FLOW,/home/eunseop/nrs_imitation/checkpoints/flow/polishing/single_cam/20260827_2128_only90deg/20260828_0341,487.0373229980469,350.4333801269531,174.02391052246094,-0.0007705625030212104,0.06466669589281082,2.417884111404419,-9.51828670501709,-1.0137909650802612,35.10852813720703,451.02264404296875,374.83575439453125,196.8678741455078,-0.035419024527072906,0.03872344270348549,2.3895938396453857,0.0,0.0,0.0,1,0
1788097185.8867216,24.883603763009887,TRACK,FLOW,/home/eunseop/nrs_imitation/checkpoints/flow/polishing/single_cam/20260827_2128_only90deg/20260828_0341,487.1727294921875,350.45977783203125,173.98085021972656,-0.0011896243086084723,0.06419657170772552,2.4178943634033203,-4.2036614418029785,-1.5636422634124756,36.04800033569336,487.1727294921875,350.45977783203125,173.98085021972656,-0.0011896243086084723,0.06419657170772552,2.4178943634033203,0.0,0.0,23.70067024230957,1,0
1788097185.9430232,24.93990518001374,TRACK,FLOW,/home/eunseop/nrs_imitation/checkpoints/flow/polishing/single_cam/20260827_2128_only90deg/20260828_0341,487.3128356933594,350.1961975097656,174.2998504638672,-0.0019144359976053238,0.06380913406610489,2.4173099994659424,-6.892068386077881,1.1952029466629028,20.72718048095703,451.02264404296875,374.83575439453125,196.8678741455078,-0.035419024527072906,0.03872344270348549,2.3895938396453857,0.0,0.0,0.0,1,0
1788097185.9907074,24.98758961702697,TRACK,FLOW,/home/eunseop/nrs_imitation/checkpoints/flow/polishing/single_cam/20260827_2128_only90deg/20260828_0341,487.3719482421875,349.8818359375,174.6116485595703,-0.0027421957347542048,0.0640174001455307,2.416804790496826,-3.1259822845458984,-0.09406699985265732,14.215070724487305,487.3719482421875,349.8818359375,174.6116485595703,-0.0027421957347542048,0.0640174001455307,2.416804790496826,0.0,0.0,3.268887519836426,1,0
1788097185.9989398,24.995821680000518,TRACK,FLOW,/home/eunseop/nrs_imitation/checkpoints/flow/polishing/single_cam/20260827_2128_only90deg/20260828_0341,487.3944396972656,349.8238830566406,174.6767578125,-0.00289521343074739,0.0639483854174614,2.416663408279419,-4.405177116394043,-1.060410499572754,14.047929763793945,451.02264404296875,374.83575439453125,196.8678741455078,-0.035419024527072906,0.03872344270348549,2.3895938396453857,0.0,0.0,0.0,1,0
1788097186.054831,25.051713242020924,TRACK,FLOW,/home/eunseop/nrs_imitation/checkpoints/flow/polishing/single_cam/20260827_2128_only90deg/20260828_0341,487.4817199707031,349.74395751953125,174.93455505371094,-0.0038998271338641644,0.06336069852113724,2.416010618209839,-1.802687644958496,-1.5439200401306152,7.90731954574585,451.02264404296875,374.83575439453125,196.8678741455078,-0.035419024527072906,0.03872344270348549,2.3895938396453857,0.0,0.0,0.0,1,0
1788097186.1029046,25.099786463018972,TRACK,FLOW,/home/eunseop/nrs_imitation/checkpoints/flow/polishing/single_cam/20260827_2128_only90deg/20260828_0341,487.45758056640625,349.70794677734375,174.92453002929688,-0.004705463536083698,0.06263186037540436,2.41545033454895,-2.8141252994537354,-0.3187675476074219,7.621111869812012,451.02264404296875,374.83575439453125,196.8678741455078,-0.035419024527072906,0.03872344270348549,2.3895938396453857,0.0,0.0,0.0,1,0
1788097186.3991811,25.396064759988803,TRACK,FLOW,/home/eunseop/nrs_imitation/checkpoints/flow/polishing/single_cam/20260827_2128_only90deg/20260828_0341,486.83990478515625,349.5550842285156,175.3561248779297,-0.010515520349144936,0.060258179903030396,2.413644552230835,-2.3597593307495117,-0.3103249967098236,3.4576330184936523,451.02264404296875,374.83575439453125,196.8678741455078,-0.035419024527072906,0.03872344270348549,2.3895938396453857,0.0,0.0,0.0,1,0
1788097186.438894,25.435776712023653,TRACK,FLOW,/home/eunseop/nrs_imitation/checkpoints/flow/polishing/single_cam/20260827_2128_only90deg/20260828_0341,486.7957458496094,349.6646728515625,175.64334106445312,-0.011265486478805542,0.059752486646175385,2.4134140014648438,-1.9309250116348267,-0.038168009370565414,2.0857250690460205,451.02264404296875,374.83575439453125,196.8678741455078,-0.035419024527072906,0.03872344270348549,2.3895938396453857,0.0,0.0,0.0,1,0
1788097186.4467356,25.44361768598901,TRACK,FLOW,/home/eunseop/nrs_imitation/checkpoints/flow/polishing/single_cam/20260827_2128_only90deg/20260828_0341,486.83917236328125,349.7159423828125,175.73731994628906,-0.011480096727609634,0.05953890085220337,2.4133687019348145,-0.17847736179828644,-0.10112815350294113,1.816872000694275,486.83917236328125,349.7159423828125,175.73731994628906,-0.011480096727609634,0.05953890085220337,2.4133687019348145,0.0,0.0,-0.0572357177734375,1,0
1788097186.5109541,25.5078363030334,TRACK,FLOW,/home/eunseop/nrs_imitation/checkpoints/flow/polishing/single_cam/20260827_2128_only90deg/20260828_0341,486.79962158203125,349.9352722167969,176.21136474609375,-0.012737412936985493,0.05857837572693825,2.4131083488464355,0.5183248519897461,-1.3466604948043823,1.2289997339248657,451.02264404296875,374.83575439453125,196.8678741455078,-0.035419024527072906,0.03872344270348549,2.3895938396453857,0.0,0.0,0.0,0,0
1788097186.5110862,25.507968395017087,TRACK,FLOW,/home/eunseop/nrs_imitation/checkpoints/flow/polishing/single_cam/20260827_2128_only90deg/20260828_0341,486.79962158203125,349.9352722167969,176.21136474609375,-0.012737412936985493,0.05857837572693825,2.4131083488464355,0.5183248519897461,-1.3466604948043823,1.2289997339248657,486.79962158203125,349.9352722167969,176.21136474609375,-0.012737412936985493,0.05857837572693825,2.4131083488464355,0.0,0.0,0.0,0,0
1788097186.5670311,25.563913478981704,TRACK,FLOW,/home/eunseop/nrs_imitation/checkpoints/flow/polishing/single_cam/20260827_2128_only90deg/20260828_0341,486.6607971191406,350.146728515625,176.6321258544922,-0.013789141550660133,0.057886481285095215,2.41269850730896,0.08822125196456909,-1.1592098474502563,0.5428232550621033,451.02264404296875,374.83575439453125,196.8678741455078,-0.035419024527072906,0.03872344270348549,2.3895938396453857,0.0,0.0,0.0,0,0
1788097186.7908432,25.787725208036136,TRACK,FLOW,/home/eunseop/nrs_imitation/checkpoints/flow/polishing/single_cam/20260827_2128_only90deg/20260828_0341,485.9429626464844,350.8878173828125,178.17401123046875,-0.017518339678645134,0.05535873770713806,2.4116370677948,-1.398758888244629,0.7102060317993164,-0.12236073613166809,451.02264404296875,374.83575439453125,196.8678741455078,-0.035419024527072906,0.03872344270348549,2.3895938396453857,0.0,0.0,0.0,0,0
1788097186.8468444,25.84372639900539,TRACK,FLOW,/home/eunseop/nrs_imitation/checkpoints/flow/polishing/single_cam/20260827_2128_only90deg/20260828_0341,485.69525146484375,351.03253173828125,178.52854919433594,-0.018357107415795326,0.05491029843688011,2.411414384841919,-1.4378119707107544,0.462902694940567,0.49045848846435547,451.02264404296875,374.83575439453125,196.8678741455078,-0.035419024527072906,0.03872344270348549,2.3895938396453857,0.0,0.0,0.0,0,0
1788097187.086851,26.08373296703212,TRACK,FLOW,/home/eunseop/nrs_imitation/checkpoints/flow/polishing/single_cam/20260827_2128_only90deg/20260828_0341,484.9325256347656,351.4942626953125,179.975830078125,-0.022336943075060844,0.053584638983011246,2.410409927368164,0.8683390021324158,0.8811219334602356,0.09107334911823273,451.02264404296875,374.83575439453125,196.8678741455078,-0.035419024527072906,0.03872344270348549,2.3895938396453857,0.0,0.0,0.0,0,0
1788097187.1428897,26.139771730988286,TRACK,FLOW,/home/eunseop/nrs_imitation/checkpoints/flow/polishing/single_cam/20260827_2128_only90deg/20260828_0341,484.689453125,351.62591552734375,180.30137634277344,-0.023065512999892235,0.053384434431791306,2.4100759029388428,-0.8660996556282043,1.0933226346969604,1.0959631204605103,451.02264404296875,374.83575439453125,196.8678741455078,-0.035419024527072906,0.03872344270348549,2.3895938396453857,0.0,0.0,0.0,0,0
1788097187.4070601,26.403942517994437,TRACK,FLOW,/home/eunseop/nrs_imitation/checkpoints/flow/polishing/single_cam/20260827_2128_only90deg/20260828_0341,483.65618896484375,352.00469970703125,182.42591857910156,-0.02725507877767086,0.05251001566648483,2.4088449478149414,-0.21735265851020813,-0.8635093569755554,0.465076208114624,436.62493896484375,392.2603759765625,183.17416381835938,-0.01949380710721016,0.01152854785323143,2.3931145668029785,0.0,0.0,0.0,0,0
1788097187.8790362,26.875918172998354,TRACK,FLOW,/home/eunseop/nrs_imitation/checkpoints/flow/polishing/single_cam/20260827_2128_only90deg/20260828_0341,481.65081787109375,353.34527587890625,186.532470703125,-0.034465089440345764,0.04939056187868118,2.4063456058502197,-0.6861924529075623,0.5610311627388,-0.5784858465194702,436.43096923828125,392.316650390625,183.07460021972656,-0.01896951161324978,0.011466844007372856,2.3932650089263916,0.0,0.0,0.0,0,0
1788097187.9350345,26.93191665998893,TRACK,FLOW,/home/eunseop/nrs_imitation/checkpoints/flow/polishing/single_cam/20260827_2128_only90deg/20260828_0341,481.3927917480469,353.4278259277344,186.96774291992188,-0.03535151109099388,0.04939095303416252,2.40618634223938,-0.8247127532958984,-1.197266936302185,0.27891674637794495,436.43096923828125,392.316650390625,183.07460021972656,-0.01896951161324978,0.011466844007372856,2.3932650089263916,0.0,0.0,0.0,0,0
1788097188.199536,27.196419703017455,TRACK,FLOW,/home/eunseop/nrs_imitation/checkpoints/flow/polishing/single_cam/20260827_2128_only90deg/20260828_0341,480.1273498535156,354.05621337890625,189.02175903320312,-0.039209503680467606,0.04831254109740257,2.405120372772217,0.44491249322891235,-0.4423280954360962,0.20948636531829834,436.43096923828125,392.316650390625,183.07460021972656,-0.01896951161324978,0.011466844007372856,2.3932650089263916,0.0,0.0,0.0,0,0
1788097188.2468457,27.24372766999295,TRACK,FLOW,/home/eunseop/nrs_imitation/checkpoints/flow/polishing/single_cam/20260827_2128_only90deg/20260828_0341,479.82452392578125,354.2022399902344,189.35955810546875,-0.03969141095876694,0.048058707267045975,2.4049370288848877,-1.3546236753463745,-0.28407979011535645,-0.33850038051605225,436.43096923828125,392.316650390625,183.07460021972656,-0.01896951161324978,0.011466844007372856,2.3932650089263916,0.0,0.0,0.0,0,0
1788097188.5109055,27.507787515001837,TRACK,FLOW,/home/eunseop/nrs_imitation/checkpoints/flow/polishing/single_cam/20260827_2128_only90deg/20260828_0341,478.4467468261719,354.6853332519531,191.2187042236328,-0.04310791194438934,0.047408606857061386,2.403388738632202,-0.2798105776309967,-1.296288251876831,0.4182049334049225,436.43096923828125,392.316650390625,183.07460021972656,-0.01896951161324978,0.011466844007372856,2.3932650089263916,0.0,0.0,0.0,0,0
1788097188.5673473,27.564229490002617,TRACK,FLOW,/home/eunseop/nrs_imitation/checkpoints/flow/polishing/single_cam/20260827_2128_only90deg/20260828_0341,478.4040222167969,354.692626953125,191.27151489257812,-0.043097272515296936,0.04739886149764061,2.403269052505493,0.9328707456588745,-0.5461661219596863,0.13535068929195404,436.43096923828125,392.316650390625,183.07460021972656,-0.01896951161324978,0.011466844007372856,2.3932650089263916,0.0,0.0,0.0,0,0
1788097188.8230565,27.819938974978868,TRACK,FLOW,/home/eunseop/nrs_imitation/checkpoints/flow/polishing/single_cam/20260827_2128_only90deg/20260828_0341,478.489013671875,354.61541748046875,191.34678649902344,-0.04351111501455307,0.047658465802669525,2.4031710624694824,0.5175871849060059,-1.1307485103607178,0.4677377939224243,436.43096923828125,392.316650390625,183.07460021972656,-0.01896951161324978,0.011466844007372856,2.3932650089263916,0.0,0.0,0.0,0,0
1788097188.8629324,27.85981451999396,TRACK,FLOW,/home/eunseop/nrs_imitation/checkpoints/flow/polishing/single_cam/20260827_2128_only90deg/20260828_0341,478.5201110839844,354.6192321777344,191.37911987304688,-0.04361794516444206,0.04761867970228195,2.4031097888946533,0.44283145666122437,-1.6814559698104858,0.24036280810832977,436.43096923828125,392.316650390625,183.07460021972656,-0.01896951161324978,0.011466844007372856,2.3932650089263916,0.0,0.0,0.0,0,0
1788097188.9351046,27.931986544979736,TRACK,FLOW,/home/eunseop/nrs_imitation/checkpoints/flow/polishing/single_cam/20260827_2128_only90deg/20260828_0341,478.5388488769531,354.6170959472656,191.40052795410156,-0.04364679008722305,0.04762854799628258,2.4031221866607666,0.9856765270233154,0.8176255226135254,0.0038938147481530905,436.43096923828125,392.316650390625,183.07460021972656,-0.01896951161324978,0.011466844007372856,2.3932650089263916,0.0,0.0,0.0,0,0
1788097188.990964,27.987846076022834,TRACK,FLOW,/home/eunseop/nrs_imitation/checkpoints/flow/polishing/single_cam/20260827_2128_only90deg/20260828_0341,478.5341491699219,354.6387634277344,191.43495178222656,-0.04362115263938904,0.04760557413101196,2.4031457901000977,-0.19739340245723724,1.4021556377410889,0.9615551829338074,436.43096923828125,392.316650390625,183.07460021972656,-0.01896951161324978,0.011466844007372856,2.3932650089263916,0.0,0.0,0.0,0,0
1788097189.2229269,28.219808761030436,TRACK,FLOW,/home/eunseop/nrs_imitation/checkpoints/flow/polishing/single_cam/20260827_2128_only90deg/20260828_0341,478.550048828125,354.6724853515625,191.46490478515625,-0.043609779328107834,0.047650422900915146,2.403169870376587,-0.1592351794242859,1.165554404258728,0.5844613909721375,436.43096923828125,392.316650390625,183.07460021972656,-0.01896951161324978,0.011466844007372856,2.3932650089263916,0.0,0.0,0.0,0,0
1788097189.2708778,28.267759888025466,TRACK,FLOW,/home/eunseop/nrs_imitation/checkpoints/flow/polishing/single_cam/20260827_2128_only90deg/20260828_0341,478.5965576171875,354.6948547363281,191.52957153320312,-0.043727438896894455,0.04750538244843483,2.4031565189361572,0.8210232257843018,-1.4758410453796387,0.4750555455684662,436.43096923828125,392.316650390625,183.07460021972656,-0.01896951161324978,0.011466844007372856,2.3932650089263916,0.0,0.0,0.0,0,0
1788097189.535006,28.5318880630075,TRACK,FLOW,/home/eunseop/nrs_imitation/checkpoints/flow/polishing/single_cam/20260827_2128_only90deg/20260828_0341,478.66058349609375,354.74920654296875,191.52822875976562,-0.043705735355615616,0.04758303239941597,2.403193235397339,0.37748292088508606,1.089521050453186,-0.14337313175201416,436.43096923828125,392.316650390625,183.07460021972656,-0.01896951161324978,0.011466844007372856,2.3932650089263916,0.0,0.0,0.0,0,0
1788097189.5909822,28.58786442701239,TRACK,FLOW,/home/eunseop/nrs_imitation/checkpoints/flow/polishing/single_cam/20260827_2128_only90deg/20260828_0341,478.6593017578125,354.72100830078125,191.4842987060547,-0.043666448444128036,0.04766811802983284,2.403157949447632,-0.9722118377685547,0.09696625173091888,0.3522059917449951,436.43096923828125,392.316650390625,183.07460021972656,-0.01896951161324978,0.011466844007372856,2.3932650089263916,0.0,0.0,0.0,0,0
1788097189.8549206,28.851802810037043,TRACK,FLOW,/home/eunseop/nrs_imitation/checkpoints/flow/polishing/single_cam/20260827_2128_only90deg/20260828_0341,478.76568603515625,354.72906494140625,191.49203491210938,-0.04365572705864906,0.04768947884440422,2.403146505355835,0.26995137333869934,-1.5038537979125977,0.5146855115890503,436.43096923828125,392.316650390625,183.07460021972656,-0.01896951161324978,0.011466844007372856,2.3932650089263916,0.0,0.0,0.0,0,0
1788097189.9108427,28.90772466000635,TRACK,FLOW,/home/eunseop/nrs_imitation/checkpoints/flow/polishing/single_cam/20260827_2128_only90deg/20260828_0341,478.7943115234375,354.7370910644531,191.5106201171875,-0.043678510934114456,0.047661781311035156,2.403074264526367,0.2168082892894745,-1.4273889064788818,0.8346084356307983,436.43096923828125,392.316650390625,183.07460021972656,-0.01896951161324978,0.011466844007372856,2.3932650089263916,0.0,0.0,0.0,0,0
1788097189.958956,28.955838077003136,TRACK,FLOW,/home/eunseop/nrs_imitation/checkpoints/flow/polishing/single_cam/20260827_2128_only90deg/20260828_0341,478.79046630859375,354.7507019042969,191.52569580078125,-0.043609827756881714,0.04761459305882454,2.4031224250793457,-1.2356430292129517,0.4886724054813385,0.2778792679309845,436.43096923828125,392.316650390625,183.07460021972656,-0.01896951161324978,0.011466844007372856,2.3932650089263916,0.0,0.0,0.0,0,0
1788097190.2630146,29.25989667099202,TRACK,FLOW,/home/eunseop/nrs_imitation/checkpoints/flow/polishing/single_cam/20260827_2128_only90deg/20260828_0341,479.3143005371094,354.9150695800781,189.17958068847656,-0.038270968943834305,0.05091038718819618,2.4071900844573975,0.3206668198108673,-1.5319616794586182,0.005323231685906649,436.43096923828125,392.316650390625,183.07460021972656,-0.01896951161324978,0.011466844007372856,2.3932650089263916,0.0,0.0,0.0,0,0
1788097190.310835,29.307716949027963,TRACK,FLOW,/home/eunseop/nrs_imitation/checkpoints/flow/polishing/single_cam/20260827_2128_only90deg/20260828_0341,479.3770446777344,355.0387878417969,188.73057556152344,-0.03696788474917412,0.05135757103562355,2.408082962036133,-0.6377857327461243,0.7189360857009888,0.5586863160133362,436.43096923828125,392.316650390625,183.07460021972656,-0.01896951161324978,0.011466844007372856,2.3932650089263916,0.0,0.0,0.0,0,0
1788097190.558893,29.555775062995963,TRACK,FLOW,/home/eunseop/nrs_imitation/checkpoints/flow/polishing/single_cam/20260827_2128_only90deg/20260828_0341,479.9296875,355.4934997558594,186.40670776367188,-0.03136887028813362,0.05394432693719864,2.4126763343811035,-0.6184327602386475,0.1375664919614792,-0.20777703821659088,436.43096923828125,392.316650390625,183.07460021972656,-0.01896951161324978,0.011466844007372856,2.3932650089263916,0.0,0.0,0.0,0,0
1788097190.6231863,29.620068721997086,TRACK,FLOW,/home/eunseop/nrs_imitation/checkpoints/flow/polishing/single_cam/20260827_2128_only90deg/20260828_0341,480.0871887207031,355.6263427734375,185.79904174804688,-0.029894936829805374,0.05446050316095352,2.413755416870117,-0.1284191757440567,1.0924400091171265,0.027264343574643135,436.43096923828125,392.316650390625,183.07460021972656,-0.01896951161324978,0.011466844007372856,2.3932650089263916,0.0,0.0,0.0,0,0
1788097190.870955,29.867837533005513,TRACK,FLOW,/home/eunseop/nrs_imitation/checkpoints/flow/polishing/single_cam/20260827_2128_only90deg/20260828_0341,480.54742431640625,356.0555419921875,183.3759765625,-0.023970110341906548,0.05730300769209862,2.4182376861572266,-0.5052393674850464,0.18215732276439667,0.4767478406429291,436.43096923828125,392.316650390625,183.07460021972656,-0.01896951161324978,0.011466844007372856,2.3932650089263916,0.0,0.0,0.0,0,0
1788097190.934972,29.93185422202805,TRACK,FLOW,/home/eunseop/nrs_imitation/checkpoints/flow/polishing/single_cam/20260827_2128_only90deg/20260828_0341,480.64508056640625,356.1692199707031,182.7501220703125,-0.022334648296236992,0.05805058032274246,2.4193925857543945,-0.2693539559841156,0.7866855263710022,0.1763780564069748,436.43096923828125,392.316650390625,183.07460021972656,-0.01896951161324978,0.011466844007372856,2.3932650089263916,0.0,0.0,0.0,0,0
1788097190.9748354,29.971717713982798,TRACK,FLOW,/home/eunseop/nrs_imitation/checkpoints/flow/polishing/single_cam/20260827_2128_only90deg/20260828_0341,480.8021240234375,356.24639892578125,182.39031982421875,-0.02164616249501705,0.058362483978271484,2.420168161392212,-0.15719087421894073,0.5543118119239807,0.02953488565981388,436.43096923828125,392.316650390625,183.07460021972656,-0.01896951161324978,0.011466844007372856,2.3932650089263916,0.0,0.0,0.0,0,0
1788097191.0469527,30.043834763986524,TRACK,FLOW,/home/eunseop/nrs_imitation/checkpoints/flow/polishing/single_cam/20260827_2128_only90deg/20260828_0341,481.0138244628906,356.35150146484375,181.71119689941406,-0.02009585127234459,0.059155188500881195,2.4214892387390137,-0.6842281222343445,-0.7028466463088989,0.22547613084316254,436.43096923828125,392.316650390625,183.07460021972656,-0.01896951161324978,0.011466844007372856,2.3932650089263916,0.0,0.0,0.0,0,0
1788097191.1110466,30.107928591023665,TRACK,FLOW,/home/eunseop/nrs_imitation/checkpoints/flow/polishing/single_cam/20260827_2128_only90deg/20260828_0341,481.1226501464844,356.4212341308594,181.163330078125,-0.018770942464470863,0.05982876569032669,2.4224624633789062,-1.0717804431915283,-0.9483497142791748,0.7914186120033264,436.43096923828125,392.316650390625,183.07460021972656,-0.01896951161324978,0.011466844007372856,2.3932650089263916,0.0,0.0,0.0,0,0
1788097191.1508536,30.147735805017874,TRACK,FLOW,/home/eunseop/nrs_imitation/checkpoints/flow/polishing/single_cam/20260827_2128_only90deg/20260828_0341,481.184814453125,356.44482421875,180.70387268066406,-0.017608048394322395,0.060459963977336884,2.4232916831970215,0.4571046829223633,0.8882707357406616,0.3594799041748047,436.43096923828125,392.316650390625,183.07460021972656,-0.01896951161324978,0.011466844007372856,2.3932650089263916,0.0,0.0,0.0,0,0
1788097191.222919,30.21980096498737,TRACK,FLOW,/home/eunseop/nrs_imitation/checkpoints/flow/polishing/single_cam/20260827_2128_only90deg/20260828_0341,481.3108825683594,356.59259033203125,180.00221252441406,-0.01596755161881447,0.06132710352540016,2.4246435165405273,-0.5678167939186096,0.6503235697746277,-0.4299468994140625,436.43096923828125,392.316650390625,183.07460021972656,-0.01896951161324978,0.011466844007372856,2.3932650089263916,0.0,0.0,0.0,0,0
1788097191.29509,30.29197213903535,TRACK,FLOW,/home/eunseop/nrs_imitation/checkpoints/flow/polishing/single_cam/20260827_2128_only90deg/20260828_0341,481.5130615234375,356.728759765625,179.30165100097656,-0.014329206198453903,0.06198340281844139,2.4258744716644287,-0.23474855720996857,-2.036741256713867,0.7167767882347107,436.43096923828125,392.316650390625,183.07460021972656,-0.01896951161324978,0.011466844007372856,2.3932650089263916,0.0,0.0,0.0,0,0
1788097191.3589458,30.355827680032235,TRACK,FLOW,/home/eunseop/nrs_imitation/checkpoints/flow/polishing/single_cam/20260827_2128_only90deg/20260828_0341,481.63818359375,356.8688659667969,178.68905639648438,-0.012774389237165451,0.06265246123075485,2.427020311355591,-1.40537428855896,0.013544940389692783,0.7358013987541199,436.43096923828125,392.316650390625,183.07460021972656,-0.01896951161324978,0.011466844007372856,2.3932650089263916,0.0,0.0,0.0,0,0
1788097191.3990846,30.395966637996025,TRACK,FLOW,/home/eunseop/nrs_imitation/checkpoints/flow/polishing/single_cam/20260827_2128_only90deg/20260828_0341,481.66168212890625,356.9097595214844,178.2459259033203,-0.011676745489239693,0.06327307224273682,2.4277491569519043,-0.9455206394195557,0.043144531548023224,-0.21439652144908905,436.43096923828125,392.316650390625,183.07460021972656,-0.01896951161324978,0.011466844007372856,2.3932650089263916,0.0,0.0,0.0,0,0
1788097191.4708998,30.467781711020507,TRACK,FLOW,/home/eunseop/nrs_imitation/checkpoints/flow/polishing/single_cam/20260827_2128_only90deg/20260828_0341,481.84600830078125,356.9964904785156,177.5756072998047,-0.01018189825117588,0.06418906152248383,2.4290719032287598,0.17011310160160065,-0.8470027446746826,0.4021603465080261,433.08984375,384.2333679199219,175.34486389160156,0.023047087714076042,0.01734628528356552,2.3944525718688965,0.0,0.0,0.0,0,0
1788097191.558966,30.555848041025456,TRACK,FLOW,/home/eunseop/nrs_imitation/checkpoints/flow/polishing/single_cam/20260827_2128_only90deg/20260828_0341,482.0512390136719,357.13671875,176.72940063476562,-0.008156915195286274,0.06510560214519501,2.4307103157043457,0.1348045915365219,0.8586103916168213,0.05783654749393463,433.08984375,384.2333679199219,175.34486389160156,0.023047087714076042,0.01734628528356552,2.3944525718688965,0.0,0.0,0.0,0,0
1788097191.646881,30.643763241998386,TRACK,FLOW,/home/eunseop/nrs_imitation/checkpoints/flow/polishing/single_cam/20260827_2128_only90deg/20260828_0341,482.2477111816406,357.3035888671875,175.93008422851562,-0.006225933786481619,0.06597843766212463,2.4322874546051025,-1.1348695755004883,-1.7035971879959106,3.5338590145111084,482.2477111816406,357.3035888671875,175.93008422851562,-0.006225933786481619,0.06597843766212463,2.4322874546051025,0.0,0.0,-1.8157594203948975,1,0
1788097191.751079,30.747961069981102,TRACK,FLOW,/home/eunseop/nrs_imitation/checkpoints/flow/polishing/single_cam/20260827_2128_only90deg/20260828_0341,482.4542236328125,357.5417785644531,175.1531219482422,-0.003925764933228493,0.06672433018684387,2.4339540004730225,-0.7780783772468567,-1.4425380229949951,8.202935218811035,433.08984375,384.2333679199219,175.34486389160156,0.023047087714076042,0.01734628528356552,2.3944525718688965,0.0,0.0,0.0,1,0
1788097191.806884,30.80376607598737,TRACK,FLOW,/home/eunseop/nrs_imitation/checkpoints/flow/polishing/single_cam/20260827_2128_only90deg/20260828_0341,482.5931701660156,357.73089599609375,174.74383544921875,-0.0024152398109436035,0.06717577576637268,2.4350686073303223,-2.7650938034057617,-2.1428744792938232,16.089767456054688,433.08984375,384.2333679199219,175.34486389160156,0.023047087714076042,0.01734628528356552,2.3944525718688965,0.0,0.0,0.0,1,0
1788097192.0710468,31.06792897701962,TRACK,FLOW,/home/eunseop/nrs_imitation/checkpoints/flow/polishing/single_cam/20260827_2128_only90deg/20260828_0341,483.1543273925781,358.4605407714844,173.7802276611328,0.003434461308643222,0.06893379986286163,2.439875841140747,-12.099456787109375,-0.6061941385269165,46.89775848388672,433.08984375,384.2333679199219,175.34486389160156,0.023047087714076042,0.01734628528356552,2.3944525718688965,0.0,0.0,0.0,1,0
1788097192.1108565,31.10773856501328,TRACK,FLOW,/home/eunseop/nrs_imitation/checkpoints/flow/polishing/single_cam/20260827_2128_only90deg/20260828_0341,483.246337890625,358.5050048828125,173.6373748779297,0.004146669991314411,0.06927858293056488,2.4407224655151367,-9.129100799560547,-1.2852439880371094,55.59147644042969,483.246337890625,358.5050048828125,173.6373748779297,0.004146669991314411,0.06927858293056488,2.4407224655151367,0.0,0.0,-2.3277032375335693,1,0
1788097192.126921,31.123803285998292,TRACK,FLOW,/home/eunseop/nrs_imitation/checkpoints/flow/polishing/single_cam/20260827_2128_only90deg/20260828_0341,483.2548522949219,358.53472900390625,173.5509490966797,0.0045141237787902355,0.06940345466136932,2.441002607345581,-8.725080490112305,0.2668771743774414,54.473106384277344,433.08984375,384.2333679199219,175.34486389160156,0.023047087714076042,0.01734628528356552,2.3944525718688965,0.0,0.0,0.0,1,0
1788097192.1830356,31.179917865025345,TRACK,FLOW,/home/eunseop/nrs_imitation/checkpoints/flow/polishing/single_cam/20260827_2128_only90deg/20260828_0341,483.283203125,358.6445007324219,173.37718200683594,0.005771182477474213,0.06997866183519363,2.442148447036743,-10.75073528289795,-2.7224347591400146,68.61184692382812,433.08984375,384.2333679199219,175.34486389160156,0.023047087714076042,0.01734628528356552,2.3944525718688965,0.0,0.0,0.0,1,0
1788097192.4630165,31.459898554021493,TRACK,FLOW,/home/eunseop/nrs_imitation/checkpoints/flow/polishing/single_cam/20260827_2128_only90deg/20260828_0341,483.1633605957031,358.9369201660156,172.6032257080078,0.011900599114596844,0.07273310422897339,2.447051525115967,-17.17856788635254,1.4194669723510742,100.29280090332031,433.08984375,384.2333679199219,175.34486389160156,0.023047087714076042,0.01734628528356552,2.3944525718688965,0.0,0.0,0.0,1,0
1788097192.5188217,31.515703640005086,TRACK,FLOW,/home/eunseop/nrs_imitation/checkpoints/flow/polishing/single_cam/20260827_2128_only90deg/20260828_0341,483.0513000488281,358.4569091796875,172.5394287109375,0.012574078515172005,0.07379007339477539,2.4472758769989014,-21.959718704223633,-4.799309730529785,111.14717102050781,433.08984375,384.2333679199219,175.34486389160156,0.023047087714076042,0.01734628528356552,2.3944525718688965,0.0,0.0,0.0,1,0
1788097192.7830703,31.77995237498544,TRACK,FLOW,/home/eunseop/nrs_imitation/checkpoints/flow/polishing/single_cam/20260827_2128_only90deg/20260828_0341,483.1965637207031,355.74835205078125,173.0872039794922,0.013337030075490475,0.0773143619298935,2.444664716720581,-10.752954483032227,-1.1343953609466553,73.07473754882812,433.08984375,384.2333679199219,175.34486389160156,0.023047087714076042,0.01734628528356552,2.3944525718688965,0.0,0.0,0.0,1,0
1788097192.8309584,31.827840401034337,TRACK,FLOW,/home/eunseop/nrs_imitation/checkpoints/flow/polishing/single_cam/20260827_2128_only90deg/20260828_0341,483.3099365234375,355.3135986328125,173.2100830078125,0.01349902618676424,0.07783113420009613,2.444200277328491,-9.34606647491455,0.022951491177082062,61.6127815246582,433.08984375,384.2333679199219,175.34486389160156,0.023047087714076042,0.01734628528356552,2.3944525718688965,0.0,0.0,0.0,1,0
1788097192.8870556,31.883937967009842,TRACK,FLOW,/home/eunseop/nrs_imitation/checkpoints/flow/polishing/single_cam/20260827_2128_only90deg/20260828_0341,483.5214538574219,354.85614013671875,173.4167938232422,0.013527919538319111,0.07821042090654373,2.4437167644500732,-9.57740306854248,-3.342090606689453,58.93339920043945,433.08984375,384.2333679199219,175.34486389160156,0.023047087714076042,0.01734628528356552,2.3944525718688965,0.0,0.0,0.0,1,0
1788097193.1830328,32.17991496599279,TRACK,FLOW,/home/eunseop/nrs_imitation/checkpoints/flow/polishing/single_cam/20260827_2128_only90deg/20260828_0341,485.3226013183594,352.8832092285156,174.47750854492188,0.012797479517757893,0.07817511260509491,2.4409899711608887,-4.756682872772217,0.7128710746765137,15.619852066040039,433.08984375,384.2333679199219,175.34486389160156,0.023047087714076042,0.01734628528356552,2.3944525718688965,0.0,0.0,0.0,1,0
1788097193.2390099,32.2358919410035,TRACK,FLOW,/home/eunseop/nrs_imitation/checkpoints/flow/polishing/single_cam/20260827_2128_only90deg/20260828_0341,485.65435791015625,352.4799499511719,174.6695098876953,0.012648135423660278,0.07813608646392822,2.4404091835021973,-3.646850347518921,-2.107236862182617,14.827844619750977,433.08984375,384.2333679199219,175.34486389160156,0.023047087714076042,0.01734628528356552,2.3944525718688965,0.0,0.0,0.0,1,0
1788097193.4424474,32.43932963599218,TRACK,FLOW,/home/eunseop/nrs_imitation/checkpoints/flow/polishing/single_cam/20260827_2128_only90deg/20260828_0341,486.9813232421875,351.15728759765625,175.2097625732422,0.012555441819131374,0.0774918794631958,2.4387271404266357,-1.6522488594055176,0.20287016034126282,5.50214958190918,486.9813232421875,351.15728759765625,175.2097625732422,0.012555441819131374,0.0774918794631958,2.4387271404266357,0.0,0.0,-1.1796908378601074,1,0
1788097193.4870436,32.4839257170097,TRACK,FLOW,/home/eunseop/nrs_imitation/checkpoints/flow/polishing/single_cam/20260827_2128_only90deg/20260828_0341,487.4067077636719,350.811279296875,175.38037109375,0.012412438169121742,0.07734066992998123,2.438255548477173,-1.6729423999786377,0.5104333758354187,4.707021713256836,433.08984375,384.2333679199219,175.34486389160156,0.023047087714076042,0.01734628528356552,2.3944525718688965,0.0,0.0,0.0,1,0
1788097193.5511072,32.54798969702097,TRACK,FLOW,/home/eunseop/nrs_imitation/checkpoints/flow/polishing/single_cam/20260827_2128_only90deg/20260828_0341,487.8694763183594,350.4503479003906,175.55848693847656,0.012332005426287651,0.07723896950483322,2.437973976135254,-1.5402448177337646,0.6610167026519775,3.3475661277770996,433.08984375,384.2333679199219,175.34486389160156,0.023047087714076042,0.01734628528356552,2.3944525718688965,0.0,0.0,0.0,1,0
1788097193.6068487,32.60373083100421,TRACK,FLOW,/home/eunseop/nrs_imitation/checkpoints/flow/polishing/single_cam/20260827_2128_only90deg/20260828_0341,488.28704833984375,350.0115966796875,175.64659118652344,0.012440023012459278,0.0775669664144516,2.4375758171081543,-1.3319603204727173,0.377771258354187,3.049617052078247,433.08984375,384.2333679199219,175.34486389160156,0.023047087714076042,0.01734628528356552,2.3944525718688965,0.0,0.0,0.0,1,0
1788097193.910938,32.90782022301573,TRACK,FLOW,/home/eunseop/nrs_imitation/checkpoints/flow/polishing/single_cam/20260827_2128_only90deg/20260828_0341,490.3267517089844,347.8760681152344,176.04757690429688,0.01203811727464199,0.07824597507715225,2.4349524974823,-1.220324158668518,-1.346423864364624,1.5303810834884644,433.08984375,384.2333679199219,175.34486389160156,0.023047087714076042,0.01734628528356552,2.3944525718688965,0.0,0.0,0.0,1,0
1788097193.9349205,32.931802926003,TRACK,FLOW,/home/eunseop/nrs_imitation/checkpoints/flow/polishing/single_cam/20260827_2128_only90deg/20260828_0341,490.47296142578125,347.72711181640625,176.1172332763672,0.012044825591146946,0.07820846885442734,2.434678316116333,-1.6621882915496826,0.7538382411003113,0.8669427633285522,490.47296142578125,347.72711181640625,176.1172332763672,0.012044825591146946,0.07820846885442734,2.434678316116333,0.0,0.0,0.0,0,0
1788097193.9590063,32.95588832400972,TRACK,FLOW,/home/eunseop/nrs_imitation/checkpoints/flow/polishing/single_cam/20260827_2128_only90deg/20260828_0341,490.6372375488281,347.5369873046875,176.1177978515625,0.012067295610904694,0.07826347649097443,2.434319019317627,-0.025295725092291832,0.035951364785432816,1.080204963684082,433.08984375,384.2333679199219,175.34486389160156,0.023047087714076042,0.01734628528356552,2.3944525718688965,0.0,0.0,0.0,0,0
1788097194.0150378,33.01191977300914,TRACK,FLOW,/home/eunseop/nrs_imitation/checkpoints/flow/polishing/single_cam/20260827_2128_only90deg/20260828_0341,490.98516845703125,347.1465759277344,176.28326416015625,0.01216781884431839,0.07832217961549759,2.4336228370666504,-1.4740638732910156,1.424908995628357,0.6993497610092163,433.08984375,384.2333679199219,175.34486389160156,0.023047087714076042,0.01734628528356552,2.3944525718688965,0.0,0.0,0.0,0,0
1788097194.070882,33.06776408501901,TRACK,FLOW,/home/eunseop/nrs_imitation/checkpoints/flow/polishing/single_cam/20260827_2128_only90deg/20260828_0341,491.3736267089844,346.8543395996094,176.430419921875,0.012117561884224415,0.07830753177404404,2.433302640914917,-0.6116451621055603,0.04150513932108879,1.2485493421554565,433.08984375,384.2333679199219,175.34486389160156,0.023047087714076042,0.01734628528356552,2.3944525718688965,0.0,0.0,0.0,0,0
1788097194.3271031,33.32398541801376,TRACK,FLOW,/home/eunseop/nrs_imitation/checkpoints/flow/polishing/single_cam/20260827_2128_only90deg/20260828_0341,492.6199035644531,344.9994812011719,177.27249145507812,0.011472131125628948,0.07944656908512115,2.4307119846343994,0.14646108448505402,0.894125759601593,-0.40655517578125,433.08984375,384.2333679199219,175.34486389160156,0.023047087714076042,0.01734628528356552,2.3944525718688965,0.0,0.0,0.0,0,0
1788097194.3830159,33.37989797000773,TRACK,FLOW,/home/eunseop/nrs_imitation/checkpoints/flow/polishing/single_cam/20260827_2128_only90deg/20260828_0341,492.6546325683594,344.9969482421875,177.33010864257812,0.011513273231685162,0.0793648436665535,2.4306042194366455,-0.4362243413925171,0.3509554862976074,-0.2419803887605667,433.08984375,384.2333679199219,175.34486389160156,0.023047087714076042,0.01734628528356552,2.3944525718688965,0.0,0.0,0.0,0,0
1788097194.4391198,33.43600201798836,TRACK,FLOW,/home/eunseop/nrs_imitation/checkpoints/flow/polishing/single_cam/20260827_2128_only90deg/20260828_0341,492.68560791015625,344.9237365722656,177.27432250976562,0.011490602046251297,0.07942336052656174,2.4305806159973145,-1.166457176208496,0.43629470467567444,0.6803878545761108,433.08984375,384.2333679199219,175.34486389160156,0.023047087714076042,0.01734628528356552,2.3944525718688965,0.0,0.0,0.0,0,0
1788097194.7509212,33.747803317033686,TRACK,FLOW,/home/eunseop/nrs_imitation/checkpoints/flow/polishing/single_cam/20260827_2128_only90deg/20260828_0341,492.9981994628906,344.95660400390625,177.05502319335938,0.011284420266747475,0.07904677093029022,2.4303154945373535,-1.1036195755004883,0.5849134922027588,0.44192925095558167,433.08984375,384.2333679199219,175.34486389160156,0.023047087714076042,0.01734628528356552,2.3944525718688965,0.0,0.0,0.0,0,0
1788097194.8068452,33.803727269987576,TRACK,FLOW,/home/eunseop/nrs_imitation/checkpoints/flow/polishing/single_cam/20260827_2128_only90deg/20260828_0341,493.0302429199219,344.9633483886719,176.92788696289062,0.011302915401756763,0.0790906473994255,2.4303386211395264,-0.9577555656433105,-0.31830811500549316,0.3967808783054352,433.08984375,384.2333679199219,175.34486389160156,0.023047087714076042,0.01734628528356552,2.3944525718688965,0.0,0.0,0.0,0,0
1788097194.854896,33.85177814803319,TRACK,FLOW,/home/eunseop/nrs_imitation/checkpoints/flow/polishing/single_cam/20260827_2128_only90deg/20260828_0341,493.0404052734375,344.93682861328125,176.73622131347656,0.01136965211480856,0.07918338477611542,2.430288314819336,0.8142179250717163,0.12072195112705231,-0.08944426476955414,433.08984375,384.2333679199219,175.34486389160156,0.023047087714076042,0.01734628528356552,2.3944525718688965,0.0,0.0,0.0,0,0
1788097195.118829,34.115711027989164,TRACK,FLOW,/home/eunseop/nrs_imitation/checkpoints/flow/polishing/single_cam/20260827_2128_only90deg/20260828_0341,493.1224365234375,344.8542175292969,176.045166015625,0.011453220620751381,0.0794353261590004,2.430283546447754,-1.7604122161865234,-1.533398151397705,2.090979814529419,433.08984375,384.2333679199219,175.34486389160156,0.023047087714076042,0.01734628528356552,2.3944525718688965,0.0,0.0,0.0,0,0
1788097195.1750128,34.171894779021386,TRACK,FLOW,/home/eunseop/nrs_imitation/checkpoints/flow/polishing/single_cam/20260827_2128_only90deg/20260828_0341,493.1514892578125,344.8824462890625,175.9265594482422,0.011439118534326553,0.07944099605083466,2.430295705795288,-1.1325397491455078,-1.801990032196045,3.522552967071533,433.08984375,384.2333679199219,175.34486389160156,0.023047087714076042,0.01734628528356552,2.3944525718688965,0.0,0.0,0.0,1,0
1788097195.1751544,34.172036360017955,TRACK,FLOW,/home/eunseop/nrs_imitation/checkpoints/flow/polishing/single_cam/20260827_2128_only90deg/20260828_0341,493.1514892578125,344.8824462890625,175.9265594482422,0.011439118534326553,0.07944099605083466,2.430295705795288,-1.1325397491455078,-1.801990032196045,3.522552967071533,493.1514892578125,344.8824462890625,175.9265594482422,0.011439118534326553,0.07944099605083466,2.430295705795288,0.0,0.0,-1.1796908378601074,1,0
1788097195.4388933,34.43577531899791,TRACK,FLOW,/home/eunseop/nrs_imitation/checkpoints/flow/polishing/single_cam/20260827_2128_only90deg/20260828_0341,493.3423156738281,344.920166015625,175.50975036621094,0.01133059710264206,0.07921750843524933,2.4302783012390137,-2.3771378993988037,0.5302115082740784,5.530017375946045,433.08984375,384.2333679199219,175.34486389160156,0.023047087714076042,0.01734628528356552,2.3944525718688965,0.0,0.0,0.0,1,0
1788097195.4868484,34.4837304429966,TRACK,FLOW,/home/eunseop/nrs_imitation/checkpoints/flow/polishing/single_cam/20260827_2128_only90deg/20260828_0341,493.3110656738281,344.9222717285156,175.4353485107422,0.011350017040967941,0.07922900468111038,2.43033766746521,-1.5466258525848389,-1.143449068069458,5.922924995422363,433.08984375,384.2333679199219,175.34486389160156,0.023047087714076042,0.01734628528356552,2.3944525718688965,0.0,0.0,0.0,1,0
1788097195.542897,34.53977933601709,TRACK,FLOW,/home/eunseop/nrs_imitation/checkpoints/flow/polishing/single_cam/20260827_2128_only90deg/20260828_0341,493.33099365234375,344.92181396484375,175.42286682128906,0.011380310170352459,0.07926705479621887,2.430288553237915,-0.679904580116272,-0.07755067944526672,5.6527886390686035,433.08984375,384.2333679199219,175.34486389160156,0.023047087714076042,0.01734628528356552,2.3944525718688965,0.0,0.0,0.0,1,0
1788097195.6646879,34.66157010698225,TRACK,FLOW,/home/eunseop/nrs_imitation/checkpoints/flow/polishing/single_cam/20260827_2128_only90deg/20260828_0341,493.3448791503906,344.9185791015625,175.40347290039062,0.011327398009598255,0.07930272817611694,2.430337429046631,-1.1095370054244995,-1.6466569900512695,6.402384281158447,493.3448791503906,344.9185791015625,175.40347290039062,0.011327398009598255,0.07930272817611694,2.430337429046631,0.0,0.0,0.7793006896972656,1,0
1788097195.7750893,34.77197117701871,TRACK,FLOW,/home/eunseop/nrs_imitation/checkpoints/flow/polishing/single_cam/20260827_2128_only90deg/20260828_0341,493.3564758300781,344.8508605957031,175.3753204345703,0.011349685490131378,0.07945804297924042,2.430263042449951,-0.9640512466430664,-0.8540620803833008,6.534668445587158,418.082275390625,383.2251281738281,189.73045349121094,-0.003321027848869562,0.001815305557101965,2.355969190597534,0.0,0.0,0.0,1,0
1788097195.8228292,34.81971116003115,TRACK,FLOW,/home/eunseop/nrs_imitation/checkpoints/flow/polishing/single_cam/20260827_2128_only90deg/20260828_0341,493.4042053222656,344.87109375,175.40602111816406,0.011282449588179588,0.07949740439653397,2.430288076400757,-1.0682504177093506,0.14782185852527618,5.503817558288574,418.082275390625,383.2251281738281,189.73045349121094,-0.003321027848869562,0.001815305557101965,2.355969190597534,0.0,0.0,0.0,1,0
1788097196.0388947,35.035776573000476,TRACK,FLOW,/home/eunseop/nrs_imitation/checkpoints/flow/polishing/single_cam/20260827_2128_only90deg/20260828_0341,493.4989013671875,344.928955078125,175.5586395263672,0.011220330372452736,0.07938912510871887,2.4303629398345947,-0.6833022832870483,-0.08886449038982391,5.072996616363525,418.082275390625,383.2251281738281,189.73045349121094,-0.003321027848869562,0.001815305557101965,2.355969190597534,0.0,0.0,0.0,1,0
1788097196.0950184,35.09190066898009,TRACK,FLOW,/home/eunseop/nrs_imitation/checkpoints/flow/polishing/single_cam/20260827_2128_only90deg/20260828_0341,493.55255126953125,344.8915100097656,175.57180786132812,0.01110451202839613,0.0794762372970581,2.4303529262542725,-0.9958615899085999,0.41712686419487,3.509734630584717,418.082275390625,383.2251281738281,189.73045349121094,-0.003321027848869562,0.001815305557101965,2.355969190597534,0.0,0.0,0.0,1,0
1788097196.1027675,35.0996493769926,TRACK,FLOW,/home/eunseop/nrs_imitation/checkpoints/flow/polishing/single_cam/20260827_2128_only90deg/20260828_0341,493.57525634765625,344.9229736328125,175.60476684570312,0.011061584576964378,0.0793939009308815,2.4304027557373047,-1.1787755489349365,-1.043453335762024,4.6938090324401855,493.57525634765625,344.9229736328125,175.60476684570312,0.011061584576964378,0.0793939009308815,2.4304027557373047,0.0,0.0,-1.8192579746246338,1,0
1788097196.1991773,35.19605951203266,TRACK,FLOW,/home/eunseop/nrs_imitation/checkpoints/flow/polishing/single_cam/20260827_2128_only90deg/20260828_0341,493.61627197265625,344.9281921386719,175.597412109375,0.010989701375365257,0.07935953140258789,2.4300572872161865,-0.7144538164138794,-0.8807324767112732,4.460477352142334,418.082275390625,383.2251281738281,189.73045349121094,-0.003321027848869562,0.001815305557101965,2.355969190597534,0.0,0.0,0.0,1,0
1788097196.2468438,35.24372581503121,TRACK,FLOW,/home/eunseop/nrs_imitation/checkpoints/flow/polishing/single_cam/20260827_2128_only90deg/20260828_0341,493.9543762207031,345.0993957519531,175.7992706298828,0.009865113534033298,0.07785909622907639,2.4278714656829834,-3.063444137573242,0.3984816372394562,2.9846034049987793,418.082275390625,383.2251281738281,189.73045349121094,-0.003321027848869562,0.001815305557101965,2.355969190597534,0.0,0.0,0.0,1,0
1788097196.3668556,35.363737814011984,TRACK,FLOW,/home/eunseop/nrs_imitation/checkpoints/flow/polishing/single_cam/20260827_2128_only90deg/20260828_0341,494.7557373046875,345.6277160644531,176.0680389404297,0.005106471944600344,0.07138381898403168,2.415102481842041,-0.9693018794059753,0.28420624136924744,1.1582834720611572,494.7557373046875,345.6277160644531,176.0680389404297,0.005106471944600344,0.07138381898403168,2.415102481842041,0.0,0.0,0.0,0,0
1788097196.462945,35.45982703601476,TRACK,FLOW,/home/eunseop/nrs_imitation/checkpoints/flow/polishing/single_cam/20260827_2128_only90deg/20260828_0341,494.9632873535156,345.7813415527344,176.8106231689453,0.0020384767558425665,0.06894008815288544,2.410552740097046,0.34698355197906494,1.3344234228134155,-0.8450787663459778,418.082275390625,383.2251281738281,189.73045349121094,-0.003321027848869562,0.001815305557101965,2.355969190597534,0.0,0.0,0.0,0,0
1788097196.5109317,35.507813711010385,TRACK,FLOW,/home/eunseop/nrs_imitation/checkpoints/flow/polishing/single_cam/20260827_2128_only90deg/20260828_0341,494.88397216796875,345.7169189453125,177.18531799316406,0.0008877049549482763,0.06872827559709549,2.4099011421203613,0.08603004366159439,-1.1453543901443481,-0.3116150498390198,418.082275390625,383.2251281738281,189.73045349121094,-0.003321027848869562,0.001815305557101965,2.355969190597534,0.0,0.0,0.0,0,0
1788097196.5670335,35.56391581502976,TRACK,FLOW,/home/eunseop/nrs_imitation/checkpoints/flow/polishing/single_cam/20260827_2128_only90deg/20260828_0341,494.9471740722656,345.74835205078125,177.81570434570312,-0.0008660863386467099,0.06817194074392319,2.4093940258026123,0.45393532514572144,-0.19843769073486328,0.7228527069091797,418.082275390625,383.2251281738281,189.73045349121094,-0.003321027848869562,0.001815305557101965,2.355969190597534,0.0,0.0,0.0,0,0
1788097196.9190078,35.91588981501991,TRACK,FLOW,/home/eunseop/nrs_imitation/checkpoints/flow/polishing/single_cam/20260827_2128_only90deg/20260828_0341,494.5350036621094,345.9993591308594,181.7154083251953,-0.01068167109042406,0.06652853637933731,2.4074900150299072,0.5972467064857483,-0.8325477838516235,0.30460125207901,418.082275390625,383.2251281738281,189.73045349121094,-0.003321027848869562,0.001815305557101965,2.355969190597534,0.0,0.0,0.0,0,0
1788097196.9749794,35.97186143003637,TRACK,FLOW,/home/eunseop/nrs_imitation/checkpoints/flow/polishing/single_cam/20260827_2128_only90deg/20260828_0341,494.4606628417969,346.0876770019531,182.2307586669922,-0.012439447455108166,0.06625812500715256,2.407257080078125,-0.15533925592899323,-0.8181795477867126,0.6300317049026489,418.082275390625,383.2251281738281,189.73045349121094,-0.003321027848869562,0.001815305557101965,2.355969190597534,0.0,0.0,0.0,0,0
1788097197.254914,36.251796130032744,TRACK,FLOW,/home/eunseop/nrs_imitation/checkpoints/flow/polishing/single_cam/20260827_2128_only90deg/20260828_0341,493.87188720703125,346.52801513671875,184.47061157226562,-0.01997537538409233,0.06519106775522232,2.405531644821167,-2.1020350456237793,-0.162547767162323,1.0338035821914673,418.082275390625,383.2251281738281,189.73045349121094,-0.003321027848869562,0.001815305557101965,2.355969190597534,0.0,0.0,0.0,0,0
1788097197.3109796,36.30786188400816,TRACK,FLOW,/home/eunseop/nrs_imitation/checkpoints/flow/polishing/single_cam/20260827_2128_only90deg/20260828_0341,493.7939758300781,346.5749816894531,184.8336639404297,-0.021487470716238022,0.06509765982627869,2.4050722122192383,-1.3670660257339478,-1.563543438911438,0.9715632200241089,418.082275390625,383.2251281738281,189.73045349121094,-0.003321027848869562,0.001815305557101965,2.355969190597534,0.0,0.0,0.0,0,0
1788097197.3588874,36.35576960799517,TRACK,FLOW,/home/eunseop/nrs_imitation/checkpoints/flow/polishing/single_cam/20260827_2128_only90deg/20260828_0341,493.7191162109375,346.69140625,185.19131469726562,-0.022620979696512222,0.0648813247680664,2.404754877090454,1.052844762802124,0.31304216384887695,0.21848295629024506,418.082275390625,383.2251281738281,189.73045349121094,-0.003321027848869562,0.001815305557101965,2.355969190597534,0.0,0.0,0.0,0,0
1788097197.6230013,36.61988338298397,TRACK,FLOW,/home/eunseop/nrs_imitation/checkpoints/flow/polishing/single_cam/20260827_2128_only90deg/20260828_0341,493.3515930175781,347.2359313964844,187.17633056640625,-0.028835782781243324,0.06399393826723099,2.4033617973327637,-1.4608325958251953,-1.0758343935012817,0.024350114166736603,418.082275390625,383.2251281738281,189.73045349121094,-0.003321027848869562,0.001815305557101965,2.355969190597534,0.0,0.0,0.0,0,0
1788097197.6788592,36.6757411499857,TRACK,FLOW,/home/eunseop/nrs_imitation/checkpoints/flow/polishing/single_cam/20260827_2128_only90deg/20260828_0341,493.1402282714844,347.34442138671875,187.52032470703125,-0.029930872842669487,0.06391026079654694,2.403146982192993,-0.33232778310775757,-0.668687641620636,0.5245096683502197,418.082275390625,383.2251281738281,189.73045349121094,-0.003321027848869562,0.001815305557101965,2.355969190597534,0.0,0.0,0.0,0,0
1788097197.9270194,36.923901247035246,TRACK,FLOW,/home/eunseop/nrs_imitation/checkpoints/flow/polishing/single_cam/20260827_2128_only90deg/20260828_0341,492.0649719238281,348.0218505859375,189.27369689941406,-0.03478186950087547,0.06292223930358887,2.401540756225586,0.5828787088394165,-1.1157081127166748,0.3576108515262604,418.082275390625,383.2251281738281,189.73045349121094,-0.003321027848869562,0.001815305557101965,2.355969190597534,0.0,0.0,0.0,0,0
1788097197.9748511,36.971733006008435,TRACK,FLOW,/home/eunseop/nrs_imitation/checkpoints/flow/polishing/single_cam/20260827_2128_only90deg/20260828_0341,491.8280334472656,348.1100158691406,189.5974578857422,-0.035658497363328934,0.06284365057945251,2.4011802673339844,-0.8305440545082092,0.21157214045524597,-0.2360764741897583,418.082275390625,383.2251281738281,189.73045349121094,-0.003321027848869562,0.001815305557101965,2.355969190597534,0.0,0.0,0.0,0,0
1788097198.2390003,37.2358826189884,TRACK,FLOW,/home/eunseop/nrs_imitation/checkpoints/flow/polishing/single_cam/20260827_2128_only90deg/20260828_0341,490.54180908203125,348.71588134765625,191.204833984375,-0.03998003527522087,0.06202462688088417,2.3996219635009766,0.01926959678530693,-1.6527316570281982,0.39868393540382385,418.082275390625,383.2251281738281,189.73045349121094,-0.003321027848869562,0.001815305557101965,2.355969190597534,0.0,0.0,0.0,0,0
1788097198.2950048,37.29188721702667,TRACK,FLOW,/home/eunseop/nrs_imitation/checkpoints/flow/polishing/single_cam/20260827_2128_only90deg/20260828_0341,490.2626647949219,348.89202880859375,191.56680297851562,-0.040936537086963654,0.06184189021587372,2.399390459060669,0.8160117864608765,-1.1189748048782349,0.29225772619247437,418.082275390625,383.2251281738281,189.73045349121094,-0.003321027848869562,0.001815305557101965,2.355969190597534,0.0,0.0,0.0,0,0
1788097198.5510578,37.547939986980055,TRACK,FLOW,/home/eunseop/nrs_imitation/checkpoints/flow/polishing/single_cam/20260827_2128_only90deg/20260828_0341,488.7647399902344,349.4892578125,192.90122985839844,-0.04418519511818886,0.06190990284085274,2.3973019123077393,-0.42023730278015137,-1.0220592021942139,0.8905260562896729,418.082275390625,383.2251281738281,189.73045349121094,-0.003321027848869562,0.001815305557101965,2.355969190597534,0.0,0.0,0.0,0,0
1788097198.590823,37.58770493901102,TRACK,FLOW,/home/eunseop/nrs_imitation/checkpoints/flow/polishing/single_cam/20260827_2128_only90deg/20260828_0341,488.5448303222656,349.6170349121094,193.1116180419922,-0.04459374025464058,0.06177588552236557,2.396904468536377,-0.28091588616371155,-0.30251839756965637,0.2832874357700348,418.082275390625,383.2251281738281,189.73045349121094,-0.003321027848869562,0.001815305557101965,2.355969190597534,0.0,0.0,0.0,0,0
1788097198.655074,37.65195639699232,TRACK,FLOW,/home/eunseop/nrs_imitation/checkpoints/flow/polishing/single_cam/20260827_2128_only90deg/20260828_0341,488.1781311035156,349.8520812988281,193.47940063476562,-0.04526502266526222,0.0615214966237545,2.396348237991333,-1.1687777042388916,0.7112302184104919,0.6310383081436157,418.082275390625,383.2251281738281,189.73045349121094,-0.003321027848869562,0.001815305557101965,2.355969190597534,0.0,0.0,0.0,0,0
1788097198.6950424,37.691924527985975,TRACK,FLOW,/home/eunseop/nrs_imitation/checkpoints/flow/polishing/single_cam/20260827_2128_only90deg/20260828_0341,487.9505920410156,349.96929931640625,193.69808959960938,-0.045647166669368744,0.061476752161979675,2.3960108757019043,-0.13829192519187927,0.6619834303855896,-0.2420928180217743,418.082275390625,383.2251281738281,189.73045349121094,-0.003321027848869562,0.001815305557101965,2.355969190597534,0.0,0.0,0.0,0,0
1788097198.767137,37.76401976600755,TRACK,FLOW,/home/eunseop/nrs_imitation/checkpoints/flow/polishing/single_cam/20260827_2128_only90deg/20260828_0341,487.5132141113281,350.18133544921875,194.10496520996094,-0.04648591950535774,0.061335500329732895,2.3955016136169434,-1.9859426021575928,-1.4486124515533447,0.7924603223800659,418.082275390625,383.2251281738281,189.73045349121094,-0.003321027848869562,0.001815305557101965,2.355969190597534,0.0,0.0,0.0,0,0
1788097198.8228676,37.81974979903316,TRACK,FLOW,/home/eunseop/nrs_imitation/checkpoints/flow/polishing/single_cam/20260827_2128_only90deg/20260828_0341,487.21978759765625,350.4136047363281,194.43045043945312,-0.0469999723136425,0.06102185323834419,2.395089864730835,-0.16314302384853363,-1.9914436340332031,0.7337985634803772,418.082275390625,383.2251281738281,189.73045349121094,-0.003321027848869562,0.001815305557101965,2.355969190597534,0.0,0.0,0.0,0,0
1788097199.0470014,38.04388346901396,TRACK,FLOW,/home/eunseop/nrs_imitation/checkpoints/flow/polishing/single_cam/20260827_2128_only90deg/20260828_0341,485.6879577636719,351.3604736328125,195.62884521484375,-0.04855203256011009,0.05994372069835663,2.393253803253174,0.4684275984764099,0.6275051236152649,0.8609936237335205,418.082275390625,383.2251281738281,189.73045349121094,-0.003321027848869562,0.001815305557101965,2.355969190597534,0.0,0.0,0.0,0,0
1788097199.1028905,38.09977253602119,TRACK,FLOW,/home/eunseop/nrs_imitation/checkpoints/flow/polishing/single_cam/20260827_2128_only90deg/20260828_0341,485.2957763671875,351.4398498535156,195.80282592773438,-0.04897334799170494,0.06009017303586006,2.392711877822876,-0.5097514390945435,0.9813374876976013,0.17298507690429688,418.082275390625,383.2251281738281,189.73045349121094,-0.003321027848869562,0.001815305557101965,2.355969190597534,0.0,0.0,0.0,0,0
1788097199.3589315,38.35581338201882,TRACK,FLOW,/home/eunseop/nrs_imitation/checkpoints/flow/polishing/single_cam/20260827_2128_only90deg/20260828_0341,483.43310546875,352.2533264160156,196.64878845214844,-0.050215259194374084,0.059664007276296616,2.3904478549957275,1.002436876296997,-0.030846955254673958,0.5118708610534668,418.082275390625,383.2251281738281,189.73045349121094,-0.003321027848869562,0.001815305557101965,2.355969190597534,0.0,0.0,0.0,0,0
1788097199.3990092,38.395891524036415,TRACK,FLOW,/home/eunseop/nrs_imitation/checkpoints/flow/polishing/single_cam/20260827_2128_only90deg/20260828_0341,483.1331787109375,352.4322509765625,196.81822204589844,-0.05034807696938515,0.05952001363039017,2.3902177810668945,-0.5101981163024902,-0.1281275451183319,0.6786302924156189,418.082275390625,383.2251281738281,189.73045349121094,-0.003321027848869562,0.001815305557101965,2.355969190597534,0.0,0.0,0.0,0,0
1788097199.4548593,38.45174146600766,TRACK,FLOW,/home/eunseop/nrs_imitation/checkpoints/flow/polishing/single_cam/20260827_2128_only90deg/20260828_0341,482.7285461425781,352.70843505859375,197.0263671875,-0.05058056488633156,0.05922996997833252,2.3897593021392822,0.8001599311828613,0.40410128235816956,0.9423417448997498,418.082275390625,383.2251281738281,189.73045349121094,-0.003321027848869562,0.001815305557101965,2.355969190597534,0.0,0.0,0.0,0,0
1788097199.5028803,38.4997622660012,TRACK,FLOW,/home/eunseop/nrs_imitation/checkpoints/flow/polishing/single_cam/20260827_2128_only90deg/20260828_0341,482.3720397949219,352.9507141113281,197.15646362304688,-0.05067846551537514,0.059053290635347366,2.389577627182007,-0.4994792938232422,-0.9332388639450073,0.19709788262844086,418.082275390625,383.2251281738281,189.73045349121094,-0.003321027848869562,0.001815305557101965,2.355969190597534,0.0,0.0,0.0,0,0
1788097199.751087,38.747968990996014,TRACK,FLOW,/home/eunseop/nrs_imitation/checkpoints/flow/polishing/single_cam/20260827_2128_only90deg/20260828_0341,480.55950927734375,354.1165466308594,197.85801696777344,-0.05109481140971184,0.05800417810678482,2.3882744312286377,0.2263333797454834,-0.9960770010948181,-0.05380767956376076,418.082275390625,383.2251281738281,189.73045349121094,-0.003321027848869562,0.001815305557101965,2.355969190597534,0.0,0.0,0.0,0,0
1788097199.8069742,38.8038561239955,TRACK,FLOW,/home/eunseop/nrs_imitation/checkpoints/flow/polishing/single_cam/20260827_2128_only90deg/20260828_0341,480.11981201171875,354.3818359375,197.9723663330078,-0.0510881133377552,0.057810671627521515,2.388056993484497,1.2333335876464844,-1.2448962926864624,0.5708065032958984,418.082275390625,383.2251281738281,189.73045349121094,-0.003321027848869562,0.001815305557101965,2.355969190597534,0.0,0.0,0.0,0,0
1788097200.1590207,39.15590257203439,TRACK,FLOW,/home/eunseop/nrs_imitation/checkpoints/flow/polishing/single_cam/20260827_2128_only90deg/20260828_0341,477.3262023925781,356.1101989746094,198.6988067626953,-0.050544653087854385,0.056308209896087646,2.386253595352173,0.2227933704853058,-1.950505018234253,0.6024382710456848,448.6175537109375,396.4107971191406,168.38766479492188,0.03631889820098877,0.04186873883008957,2.4401443004608154,0.0,0.0,0.0,0,0
1788097200.4068751,39.40375728398794,TRACK,FLOW,/home/eunseop/nrs_imitation/checkpoints/flow/polishing/single_cam/20260827_2128_only90deg/20260828_0341,475.42340087890625,357.4540710449219,199.11199951171875,-0.049928564578294754,0.05512411519885063,2.385638952255249,-0.22911132872104645,-0.21350008249282837,0.4576335847377777,448.6175537109375,396.4107971191406,168.38766479492188,0.03631889820098877,0.04186873883008957,2.4401443004608154,0.0,0.0,0.0,0,0
1788097200.495057,39.491940014995635,TRACK,FLOW,/home/eunseop/nrs_imitation/checkpoints/flow/polishing/single_cam/20260827_2128_only90deg/20260828_0341,474.74078369140625,357.95208740234375,199.22808837890625,-0.04955373331904411,0.05466509982943535,2.3853867053985596,-1.2804107666015625,-0.1096339076757431,0.3392925560474396,448.6175537109375,396.4107971191406,168.38766479492188,0.03631889820098877,0.04186873883008957,2.4401443004608154,0.0,0.0,0.0,0,0
1788097200.8789396,39.875821952009574,TRACK,FLOW,/home/eunseop/nrs_imitation/checkpoints/flow/polishing/single_cam/20260827_2128_only90deg/20260828_0341,471.6820983886719,360.0296936035156,199.52203369140625,-0.047657862305641174,0.052665047347545624,2.3841044902801514,-0.6599928736686707,-1.5366387367248535,1.6516162157058716,448.6175537109375,396.4107971191406,168.38766479492188,0.03631889820098877,0.04186873883008957,2.4401443004608154,0.0,0.0,0.0,0,0
1788097200.935003,39.931885091005825,TRACK,FLOW,/home/eunseop/nrs_imitation/checkpoints/flow/polishing/single_cam/20260827_2128_only90deg/20260828_0341,471.2506103515625,360.3654479980469,199.5045928955078,-0.04739931598305702,0.052352044731378555,2.3840441703796387,0.8402294516563416,-1.670332431793213,-0.028126046061515808,448.6175537109375,396.4107971191406,168.38766479492188,0.03631889820098877,0.04186873883008957,2.4401443004608154,0.0,0.0,0.0,0,0
1788097200.9828238,39.979705809033476,TRACK,FLOW,/home/eunseop/nrs_imitation/checkpoints/flow/polishing/single_cam/20260827_2128_only90deg/20260828_0341,470.82012939453125,360.6783447265625,199.52914428710938,-0.04707004129886627,0.05205908045172691,2.383972644805908,-0.3566669523715973,0.5181235671043396,0.15636496245861053,448.6175537109375,396.4107971191406,168.38766479492188,0.03631889820098877,0.04186873883008957,2.4401443004608154,0.0,0.0,0.0,0,0
1788097201.2631817,40.26006378699094,TRACK,FLOW,/home/eunseop/nrs_imitation/checkpoints/flow/polishing/single_cam/20260827_2128_only90deg/20260828_0341,468.65948486328125,362.2593688964844,199.6968231201172,-0.04602465778589249,0.05049871280789375,2.3835864067077637,1.0504106283187866,-1.7143135070800781,0.7688208818435669,448.6175537109375,396.4107971191406,168.38766479492188,0.03631889820098877,0.04186873883008957,2.4401443004608154,0.0,0.0,0.0,0,0
1788097201.3188436,40.31572553800652,TRACK,FLOW,/home/eunseop/nrs_imitation/checkpoints/flow/polishing/single_cam/20260827_2128_only90deg/20260828_0341,468.2641296386719,362.51690673828125,199.72718811035156,-0.04587988555431366,0.05022817105054855,2.383333206176758,0.26399850845336914,-0.5341805219650269,0.12105788290500641,448.6175537109375,396.4107971191406,168.38766479492188,0.03631889820098877,0.04186873883008957,2.4401443004608154,0.0,0.0,0.0,0,0
1788097201.374884,40.37176576402271,TRACK,FLOW,/home/eunseop/nrs_imitation/checkpoints/flow/polishing/single_cam/20260827_2128_only90deg/20260828_0341,467.800048828125,362.8885192871094,199.7308349609375,-0.04546371102333069,0.049825288355350494,2.383357286453247,1.0010430812835693,0.6870243549346924,0.9758614301681519,448.6175537109375,396.4107971191406,168.38766479492188,0.03631889820098877,0.04186873883008957,2.4401443004608154,0.0,0.0,0.0,0,0
1788097201.6548333,40.651715481013525,TRACK,FLOW,/home/eunseop/nrs_imitation/checkpoints/flow/polishing/single_cam/20260827_2128_only90deg/20260828_0341,465.5704040527344,364.5016784667969,199.66419982910156,-0.044047094881534576,0.04814504086971283,2.3834991455078125,0.9142860174179077,-1.4664274454116821,-0.17307575047016144,448.6175537109375,396.4107971191406,168.38766479492188,0.03631889820098877,0.04186873883008957,2.4401443004608154,0.0,0.0,0.0,0,0
1788097201.710829,40.70771109103225,TRACK,FLOW,/home/eunseop/nrs_imitation/checkpoints/flow/polishing/single_cam/20260827_2128_only90deg/20260828_0341,465.1344909667969,364.79345703125,199.6344451904297,-0.04377250000834465,0.047873690724372864,2.3835229873657227,0.24351505935192108,-1.3869138956069946,1.8662251234054565,448.6175537109375,396.4107971191406,168.38766479492188,0.03631889820098877,0.04186873883008957,2.4401443004608154,0.0,0.0,0.0,0,0
