t_wall,t_elapsed_sec,stage,policy_class,ckpt_dir,meas_x_mm,meas_y_mm,meas_z_mm,meas_rx,meas_ry,meas_rz,meas_fx_N,meas_fy_N,meas_fz_N,cmd_x_mm,cmd_y_mm,cmd_z_mm,cmd_rx,cmd_ry,cmd_rz,cmd_fx_N,cmd_fy_N,cmd_fz_N,contact,cmd_safety_blocked
1789051551.0117016,0.4194246370025212,APPROACH,FLOW,/home/eunseop/nrs_imitation/checkpoints/flow/polishing/single_cam/20260910_90deg_rel_single/20260910_1606,445.027099609375,394.47100830078125,219.98216247558594,-8.490181062370539e-05,7.965917757246643e-05,2.35619854927063,0.4945259392261505,0.07062487304210663,-0.2705242335796356,445.027099609375,394.47100830078125,219.98216247558594,-8.490181062370539e-05,7.965917757246643e-05,2.35619854927063,0.0,0.0,0.0,0,0
1789051557.5675373,6.975259277998703,TRACK,FLOW,/home/eunseop/nrs_imitation/checkpoints/flow/polishing/single_cam/20260910_90deg_rel_single/20260910_1606,459.8093566894531,373.27618408203125,214.27423095703125,-0.1608368456363678,0.014066416770219803,2.355557918548584,-0.7224336862564087,-0.19299393892288208,1.0210081338882446,432.5924987792969,402.6164855957031,165.3756561279297,-0.040899090468883514,0.049210578203201294,2.4562337398529053,0.0,0.0,0.0,0,0
1789051557.56769,6.975411809995421,TRACK,FLOW,/home/eunseop/nrs_imitation/checkpoints/flow/polishing/single_cam/20260910_90deg_rel_single/20260910_1606,459.8093566894531,373.27618408203125,214.27423095703125,-0.1608368456363678,0.014066416770219803,2.355557918548584,-0.7224336862564087,-0.19299393892288208,1.0210081338882446,459.8093566894531,373.27618408203125,214.27423095703125,-0.1608368456363678,0.014066416770219803,2.355557918548584,0.0,0.0,0.0,0,0
1789051558.5544813,7.96220315399114,TRACK,FLOW,/home/eunseop/nrs_imitation/checkpoints/flow/polishing/single_cam/20260910_90deg_rel_single/20260910_1606,458.7535705566406,373.1119079589844,211.83860778808594,-0.15878941118717194,0.020141268149018288,2.3685131072998047,-0.4425579309463501,-0.5222440361976624,0.4936635494232178,445.9924011230469,386.6445617675781,166.48709106445312,-0.01684545911848545,0.05835716426372528,2.4391167163848877,0.0,0.0,0.0,0,0
1789051559.5715077,8.979229541000677,TRACK,FLOW,/home/eunseop/nrs_imitation/checkpoints/flow/polishing/single_cam/20260910_90deg_rel_single/20260910_1606,455.3584899902344,373.5693664550781,202.9715118408203,-0.1505051702260971,0.039132311940193176,2.4107284545898438,-0.425998330116272,-0.25414329767227173,0.46143221855163574,446.1365051269531,386.5221862792969,166.55270385742188,-0.01665387861430645,0.05845412611961365,2.439042568206787,0.0,0.0,0.0,0,0
1789051560.2404902,9.648212225991301,TRACK,FLOW,/home/eunseop/nrs_imitation/checkpoints/flow/polishing/single_cam/20260910_90deg_rel_single/20260910_1606,451.197265625,377.5678405761719,200.55235290527344,-0.14670385420322418,0.03891952335834503,2.42585825920105,-0.21371141076087952,-0.5906595587730408,0.9836987853050232,446.1365051269531,386.5221862792969,166.55270385742188,-0.01665387861430645,0.05845412611961365,2.439042568206787,0.0,0.0,0.0,0,0
1789051560.8710742,10.2787962959992,TRACK,FLOW,/home/eunseop/nrs_imitation/checkpoints/flow/polishing/single_cam/20260910_90deg_rel_single/20260910_1606,446.9774169921875,382.0398254394531,197.99417114257812,-0.14127734303474426,0.03711606562137604,2.435868501663208,-1.9999964237213135,-0.96904057264328,2.7198474407196045,446.1365051269531,386.5221862792969,166.55270385742188,-0.01665387861430645,0.05845412611961365,2.439042568206787,0.0,0.0,0.0,0,0
1789051563.2211604,12.628882288991008,TRACK,FLOW,/home/eunseop/nrs_imitation/checkpoints/flow/polishing/single_cam/20260910_90deg_rel_single/20260910_1606,434.20623779296875,396.9283142089844,185.62994384765625,-0.1098092719912529,0.033661529421806335,2.4536309242248535,-0.026585176587104797,-0.7608888745307922,0.2721766233444214,449.9579772949219,382.6044006347656,167.27078247070312,-0.014997540973126888,0.06570442020893097,2.465437173843384,0.0,0.0,0.0,0,0
1789051564.0664837,13.474205612001242,TRACK,FLOW,/home/eunseop/nrs_imitation/checkpoints/flow/polishing/single_cam/20260910_90deg_rel_single/20260910_1606,430.48175048828125,402.00299072265625,179.7550506591797,-0.09282536804676056,0.03344652056694031,2.4550232887268066,-0.2738977074623108,-0.37965622544288635,0.4611591100692749,450.1667785644531,382.4402160644531,167.33697509765625,-0.014845342375338078,0.065791554749012,2.465237617492676,0.0,0.0,0.0,0,0
1789051565.8817513,15.289473362994613,TRACK,FLOW,/home/eunseop/nrs_imitation/checkpoints/flow/polishing/single_cam/20260910_90deg_rel_single/20260910_1606,429.2781982421875,403.69378662109375,176.9469451904297,-0.08461543172597885,0.034239206463098526,2.4543521404266357,0.015418631955981255,-0.7474599480628967,0.494349867105484,450.1667785644531,382.4402160644531,167.33697509765625,-0.014845342375338078,0.065791554749012,2.465237617492676,0.0,0.0,0.0,0,0
1789051566.2228749,15.630596736998996,TRACK,FLOW,/home/eunseop/nrs_imitation/checkpoints/flow/polishing/single_cam/20260910_90deg_rel_single/20260910_1606,430.1996154785156,403.59649658203125,174.31517028808594,-0.04378513991832733,0.04771934449672699,2.4569811820983887,-6.638099193572998,-0.6010937690734863,19.774301528930664,430.1996154785156,403.59649658203125,174.31517028808594,-0.04378513991832733,0.04771934449672699,2.4569811820983887,0.0,0.0,-1.6170463562011719,1,0
1789051566.4550846,15.862806327990256,TRACK,FLOW,/home/eunseop/nrs_imitation/checkpoints/flow/polishing/single_cam/20260910_90deg_rel_single/20260910_1606,432.3812255859375,401.3587341308594,174.38438415527344,-0.04028402641415596,0.0503704734146595,2.455793619155884,-4.772004127502441,0.09230705350637436,16.82183074951172,450.1667785644531,382.4402160644531,167.33697509765625,-0.014845342375338078,0.065791554749012,2.465237617492676,0.0,0.0,0.0,1,0
1789051567.004813,16.412535219002166,TRACK,FLOW,/home/eunseop/nrs_imitation/checkpoints/flow/polishing/single_cam/20260910_90deg_rel_single/20260910_1606,434.12200927734375,398.8953857421875,174.54327392578125,-0.03565911948680878,0.053011782467365265,2.4536139965057373,-5.693767547607422,0.7832862734794617,11.93506145477295,450.1667785644531,382.4402160644531,167.33697509765625,-0.014845342375338078,0.065791554749012,2.465237617492676,0.0,0.0,0.0,1,0
1789051567.2380939,16.645815556999878,TRACK,FLOW,/home/eunseop/nrs_imitation/checkpoints/flow/polishing/single_cam/20260910_90deg_rel_single/20260910_1606,437.4461669921875,395.3333740234375,174.9776153564453,-0.03190363943576813,0.0547037310898304,2.4491875171661377,-2.6739070415496826,0.03749050572514534,6.323631286621094,437.4461669921875,395.3333740234375,174.9776153564453,-0.03190363943576813,0.0547037310898304,2.4491875171661377,0.0,0.0,2.039997100830078,1,0
1789051567.5066977,16.91442099699634,TRACK,FLOW,/home/eunseop/nrs_imitation/checkpoints/flow/polishing/single_cam/20260910_90deg_rel_single/20260910_1606,438.5922546386719,394.2471618652344,175.16404724121094,-0.030481629073619843,0.054990824311971664,2.4477627277374268,-1.7982367277145386,-0.2915925681591034,4.471946716308594,471.3507995605469,360.76739501953125,168.57154846191406,0.004939533770084381,0.06048312410712242,2.4246816635131836,0.0,0.0,0.0,1,0
1789051567.8298583,17.237580079003237,TRACK,FLOW,/home/eunseop/nrs_imitation/checkpoints/flow/polishing/single_cam/20260910_90deg_rel_single/20260910_1606,440.1634826660156,392.3345642089844,175.3812713623047,-0.027134625241160393,0.05570264160633087,2.445805072784424,-1.5417447090148926,0.08689262717962265,3.129204750061035,440.1634826660156,392.3345642089844,175.3812713623047,-0.027134625241160393,0.05570264160633087,2.445805072784424,0.0,0.0,2.562100410461426,1,0
1789051568.3010342,17.708757130996673,TRACK,FLOW,/home/eunseop/nrs_imitation/checkpoints/flow/polishing/single_cam/20260910_90deg_rel_single/20260910_1606,443.5478820800781,388.77325439453125,175.62303161621094,-0.021509846672415733,0.057109005749225616,2.4424448013305664,-0.42261242866516113,-0.09562642127275467,1.3445898294448853,471.3507995605469,360.76739501953125,168.57154846191406,0.004939533770084381,0.06048312410712242,2.4246816635131836,0.0,0.0,0.0,1,0
1789051568.5880218,17.9957438519923,TRACK,FLOW,/home/eunseop/nrs_imitation/checkpoints/flow/polishing/single_cam/20260910_90deg_rel_single/20260910_1606,445.0320739746094,386.8258361816406,175.6193389892578,-0.01746280863881111,0.05815804749727249,2.4395790100097656,0.619231104850769,-0.012585829012095928,0.8193337917327881,445.0320739746094,386.8258361816406,175.6193389892578,-0.01746280863881111,0.05815804749727249,2.4395790100097656,0.0,0.0,0.0,0,0
1789051568.8213644,18.229086309002014,TRACK,FLOW,/home/eunseop/nrs_imitation/checkpoints/flow/polishing/single_cam/20260910_90deg_rel_single/20260910_1606,445.96722412109375,386.10040283203125,175.69700622558594,-0.018422359600663185,0.06271777302026749,2.4596381187438965,-1.2489104270935059,0.3171868324279785,2.386672019958496,471.3507995605469,360.76739501953125,168.57154846191406,0.004939533770084381,0.06048312410712242,2.4246816635131836,0.0,0.0,0.0,0,0
1789051570.8144486,20.22217203999753,TRACK,FLOW,/home/eunseop/nrs_imitation/checkpoints/flow/polishing/single_cam/20260910_90deg_rel_single/20260910_1606,449.56744384765625,382.51300048828125,175.66090393066406,-0.01503312774002552,0.06560787558555603,2.465202569961548,-0.3906599283218384,0.0011225490598008037,2.1655406951904297,471.3507995605469,360.76739501953125,168.57154846191406,0.004939533770084381,0.06048312410712242,2.4246816635131836,0.0,0.0,0.0,0,0
1789051571.0301607,20.437882509999326,TRACK,FLOW,/home/eunseop/nrs_imitation/checkpoints/flow/polishing/single_cam/20260910_90deg_rel_single/20260910_1606,459.4148254394531,371.8135070800781,174.83644104003906,0.0005913747590966523,0.06200945004820824,2.4435324668884277,-4.847555637359619,-0.16861049830913544,17.08272933959961,459.4148254394531,371.8135070800781,174.83644104003906,0.0005913747590966523,0.06200945004820824,2.4435324668884277,0.0,0.0,26.451904296875,1,0
1789051571.1925302,20.600252417993033,TRACK,FLOW,/home/eunseop/nrs_imitation/checkpoints/flow/polishing/single_cam/20260910_90deg_rel_single/20260910_1606,460.6624755859375,370.2384948730469,174.8917694091797,0.0006164909573271871,0.06216753274202347,2.4413442611694336,-4.441720008850098,-0.058216821402311325,14.598679542541504,471.3507995605469,360.76739501953125,168.57154846191406,0.004939533770084381,0.06048312410712242,2.4246816635131836,0.0,0.0,0.0,1,0
1789051571.6969774,21.104699695992167,TRACK,FLOW,/home/eunseop/nrs_imitation/checkpoints/flow/polishing/single_cam/20260910_90deg_rel_single/20260910_1606,463.51336669921875,366.9087219238281,175.15182495117188,0.0014184067258611321,0.06212308257818222,2.4370217323303223,-1.7046523094177246,0.46783578395843506,6.062863349914551,463.51336669921875,366.9087219238281,175.15182495117188,0.0014184067258611321,0.06212308257818222,2.4370217323303223,0.0,0.0,23.32077407836914,1,0
1789051571.9868433,21.394565441994928,TRACK,FLOW,/home/eunseop/nrs_imitation/checkpoints/flow/polishing/single_cam/20260910_90deg_rel_single/20260910_1606,465.5149841308594,364.9519958496094,175.19760131835938,0.0023989728651940823,0.06193283200263977,2.4338433742523193,-2.271912097930908,-0.16623571515083313,7.014317989349365,469.26361083984375,355.4781494140625,171.788818359375,0.015214575454592705,0.05448930338025093,2.410430908203125,0.0,0.0,0.0,1,0
1789051572.2043276,21.612049422998098,TRACK,FLOW,/home/eunseop/nrs_imitation/checkpoints/flow/polishing/single_cam/20260910_90deg_rel_single/20260910_1606,467.11810302734375,363.66033935546875,174.96575927734375,0.003145581344142556,0.061066195368766785,2.4311270713806152,-4.177336692810059,-0.12161005288362503,14.189517974853516,467.11810302734375,363.66033935546875,174.96575927734375,0.003145581344142556,0.061066195368766785,2.4311270713806152,0.0,0.0,24.93496322631836,1,0
1789051572.6553838,22.063105781999184,TRACK,FLOW,/home/eunseop/nrs_imitation/checkpoints/flow/polishing/single_cam/20260910_90deg_rel_single/20260910_1606,470.0134582519531,360.847412109375,174.70726013183594,0.0046141440980136395,0.06024817377328873,2.424978017807007,-5.899724006652832,-0.1594889909029007,22.127620697021484,469.3438415527344,355.3652648925781,171.9288787841797,0.015359245240688324,0.05448165908455849,2.4099671840667725,0.0,0.0,0.0,1,0
1789051573.3019016,22.70962398199481,TRACK,FLOW,/home/eunseop/nrs_imitation/checkpoints/flow/polishing/single_cam/20260910_90deg_rel_single/20260910_1606,466.9251403808594,358.3448791503906,174.19834899902344,0.010297303088009357,0.05572114512324333,2.4196865558624268,2.6162796020507812,2.495495557785034,19.228683471679688,469.3438415527344,355.3652648925781,171.9288787841797,0.015359245240688324,0.05448165908455849,2.4099671840667725,0.0,0.0,0.0,1,0
1789051573.302182,22.70990374700341,TRACK,FLOW,/home/eunseop/nrs_imitation/checkpoints/flow/polishing/single_cam/20260910_90deg_rel_single/20260910_1606,466.9251403808594,358.3448791503906,174.19834899902344,0.010297303088009357,0.05572114512324333,2.4196865558624268,2.6162796020507812,2.495495557785034,19.228683471679688,466.9251403808594,358.3448791503906,174.19834899902344,0.010297303088009357,0.05572114512324333,2.4196865558624268,0.0,0.0,20.810272216796875,1,0
1789051574.0767775,23.48449966899352,TRACK,FLOW,/home/eunseop/nrs_imitation/checkpoints/flow/polishing/single_cam/20260910_90deg_rel_single/20260910_1606,467.9831848144531,355.3712158203125,174.25367736816406,0.015221371315419674,0.054346125572919846,2.410184860229492,-4.200585842132568,0.1801002025604248,26.12131690979004,469.3438415527344,355.3652648925781,171.9288787841797,0.015359245240688324,0.05448165908455849,2.4099671840667725,0.0,0.0,0.0,1,0
1789051574.2750697,23.682791599989287,TRACK,FLOW,/home/eunseop/nrs_imitation/checkpoints/flow/polishing/single_cam/20260910_90deg_rel_single/20260910_1606,467.8984069824219,355.2549133300781,174.3245086669922,0.015262661501765251,0.054686520248651505,2.4100241661071777,-2.986018419265747,0.8111121654510498,21.014598846435547,467.8984069824219,355.2549133300781,174.3245086669922,0.015262661501765251,0.054686520248651505,2.4100241661071777,0.0,0.0,17.961381912231445,1,0
1789051574.489474,23.897195823999937,TRACK,FLOW,/home/eunseop/nrs_imitation/checkpoints/flow/polishing/single_cam/20260910_90deg_rel_single/20260910_1606,467.8996276855469,355.2586975097656,174.37158203125,0.015298981219530106,0.05464327707886696,2.4099879264831543,-2.546276330947876,0.940394401550293,19.35441017150879,469.3438415527344,355.3652648925781,171.9288787841797,0.015359245240688324,0.05448165908455849,2.4099671840667725,0.0,0.0,0.0,1,0
1789051576.0454373,25.453159425989725,TRACK,FLOW,/home/eunseop/nrs_imitation/checkpoints/flow/polishing/single_cam/20260910_90deg_rel_single/20260910_1606,467.86602783203125,355.3744201660156,174.39024353027344,0.015289540402591228,0.05446876212954521,2.409977912902832,-2.760899543762207,0.6265283823013306,19.5404109954834,435.2402648925781,380.8760070800781,197.1178741455078,-0.024043552577495575,0.013583358377218246,2.3798913955688477,0.0,0.0,0.0,1,0
1789051576.1173422,25.525063968991162,TRACK,FLOW,/home/eunseop/nrs_imitation/checkpoints/flow/polishing/single_cam/20260910_90deg_rel_single/20260910_1606,467.86602783203125,355.3744201660156,174.39024353027344,0.015289540402591228,0.05446876212954521,2.409977912902832,-2.760899543762207,0.6265283823013306,19.5404109954834,467.86602783203125,355.3744201660156,174.39024353027344,0.015289540402591228,0.05446876212954521,2.409977912902832,0.0,0.0,1.672882080078125,1,0
1789051577.8378937,27.245615833002375,TRACK,FLOW,/home/eunseop/nrs_imitation/checkpoints/flow/polishing/single_cam/20260910_90deg_rel_single/20260910_1606,473.533203125,349.35498046875,178.07078552246094,-0.0002064560685539618,0.052316129207611084,2.4012861251831055,0.2862279713153839,-0.11704237014055252,-0.6784464716911316,415.6351623535156,378.4989013671875,193.46640014648438,0.01992764323949814,-0.004808542784303427,2.3512964248657227,0.0,0.0,0.0,0,0
1789051578.054362,27.462084123995737,TRACK,FLOW,/home/eunseop/nrs_imitation/checkpoints/flow/polishing/single_cam/20260910_90deg_rel_single/20260910_1606,474.7413635253906,348.0184020996094,178.7519073486328,-0.0035471736919134855,0.05180249363183975,2.3993561267852783,0.1019747406244278,-0.29560694098472595,-0.3463377356529236,474.7413635253906,348.0184020996094,178.7519073486328,-0.0035471736919134855,0.05180249363183975,2.3993561267852783,0.0,0.0,0.0,0,0
1789051578.2509081,27.65863081999123,TRACK,FLOW,/home/eunseop/nrs_imitation/checkpoints/flow/polishing/single_cam/20260910_90deg_rel_single/20260910_1606,475.8215637207031,346.887451171875,179.3721923828125,-0.007207703310996294,0.05138485133647919,2.3974099159240723,0.6209608316421509,-0.0950743556022644,-0.8603028655052185,415.2518005371094,378.44476318359375,193.37673950195312,0.020770026370882988,-0.0050370660610497,2.350614309310913,0.0,0.0,0.0,0,0
1789051578.6844778,28.092199520993745,TRACK,FLOW,/home/eunseop/nrs_imitation/checkpoints/flow/polishing/single_cam/20260910_90deg_rel_single/20260910_1606,474.6482849121094,348.4682312011719,182.20904541015625,-0.0162743479013443,0.04820224642753601,2.3943612575531006,-0.029897721484303474,-0.08723479509353638,-0.016823936253786087,415.2518005371094,378.44476318359375,193.37673950195312,0.020770026370882988,-0.0050370660610497,2.350614309310913,0.0,0.0,0.0,0,0
1789051579.2040956,28.61181742500048,TRACK,FLOW,/home/eunseop/nrs_imitation/checkpoints/flow/polishing/single_cam/20260910_90deg_rel_single/20260910_1606,472.807861328125,350.871337890625,185.8279571533203,-0.024611610919237137,0.04493716359138489,2.3907217979431152,1.162574291229248,-0.4529012143611908,-0.5416205525398254,415.2518005371094,378.44476318359375,193.37673950195312,0.020770026370882988,-0.0050370660610497,2.350614309310913,0.0,0.0,0.0,0,0
1789051579.6006691,29.00839159300085,TRACK,FLOW,/home/eunseop/nrs_imitation/checkpoints/flow/polishing/single_cam/20260910_90deg_rel_single/20260910_1606,470.7879333496094,353.19146728515625,188.72152709960938,-0.029496539384126663,0.04261399805545807,2.388371229171753,0.029455658048391342,-0.512924075126648,-0.32450705766677856,415.2518005371094,378.44476318359375,193.37673950195312,0.020770026370882988,-0.0050370660610497,2.350614309310913,0.0,0.0,0.0,0,0
1789051579.8038676,29.21158977498999,TRACK,FLOW,/home/eunseop/nrs_imitation/checkpoints/flow/polishing/single_cam/20260910_90deg_rel_single/20260910_1606,468.670166015625,355.6011047363281,191.07745361328125,-0.03253728896379471,0.04047941043972969,2.3863871097564697,-0.23741400241851807,-1.2220680713653564,0.4427795112133026,415.2518005371094,378.44476318359375,193.37673950195312,0.020770026370882988,-0.0050370660610497,2.350614309310913,0.0,0.0,0.0,0,0
1789051580.2475998,29.655323197992402,TRACK,FLOW,/home/eunseop/nrs_imitation/checkpoints/flow/polishing/single_cam/20260910_90deg_rel_single/20260910_1606,467.5426025390625,357.0579528808594,192.18896484375,-0.033591579645872116,0.03913719579577446,2.386040210723877,-0.22734954953193665,-0.30044102668762207,-0.6050564050674438,429.9546813964844,386.5140380859375,172.90158081054688,0.04717780277132988,0.03415045887231827,2.4022891521453857,0.0,0.0,0.0,0,0
1789051580.607598,30.015320070000598,TRACK,FLOW,/home/eunseop/nrs_imitation/checkpoints/flow/polishing/single_cam/20260910_90deg_rel_single/20260910_1606,465.5234069824219,359.1941223144531,193.5380096435547,-0.03536250814795494,0.03768746554851532,2.3853023052215576,-0.8784688115119934,-0.5940971374511719,0.48902076482772827,430.0510559082031,386.448974609375,172.96585083007812,0.04755118116736412,0.034328412264585495,2.4019384384155273,0.0,0.0,0.0,0,0
1789051580.9865408,30.394263010995928,TRACK,FLOW,/home/eunseop/nrs_imitation/checkpoints/flow/polishing/single_cam/20260910_90deg_rel_single/20260910_1606,463.2035217285156,361.7637634277344,194.90646362304688,-0.03645611181855202,0.03583098202943802,2.3852593898773193,0.28904974460601807,-0.1215396374464035,-0.875745952129364,430.0510559082031,386.448974609375,172.96585083007812,0.04755118116736412,0.034328412264585495,2.4019384384155273,0.0,0.0,0.0,0,0
1789051581.577347,30.985068989990395,TRACK,FLOW,/home/eunseop/nrs_imitation/checkpoints/flow/polishing/single_cam/20260910_90deg_rel_single/20260910_1606,459.39398193359375,365.87152099609375,196.32533264160156,-0.03761694207787514,0.03375472128391266,2.38692307472229,-0.700641930103302,-0.6554445624351501,-0.018208513036370277,430.0510559082031,386.448974609375,172.96585083007812,0.04755118116736412,0.034328412264585495,2.4019384384155273,0.0,0.0,0.0,0,0
1789051581.93694,31.3446623810014,TRACK,FLOW,/home/eunseop/nrs_imitation/checkpoints/flow/polishing/single_cam/20260910_90deg_rel_single/20260910_1606,457.2189636230469,368.488525390625,197.02951049804688,-0.03810528665781021,0.03235432878136635,2.388584852218628,0.8802816271781921,-0.521663248538971,-0.4057442545890808,430.0510559082031,386.448974609375,172.96585083007812,0.04755118116736412,0.034328412264585495,2.4019384384155273,0.0,0.0,0.0,0,0
1789051582.4393249,31.847047071991256,TRACK,FLOW,/home/eunseop/nrs_imitation/checkpoints/flow/polishing/single_cam/20260910_90deg_rel_single/20260910_1606,453.9256591796875,372.2919006347656,197.84036254882812,-0.03876453638076782,0.030581558123230934,2.392744541168213,1.2703553438186646,0.015881488099694252,-0.8838558793067932,430.0510559082031,386.448974609375,172.96585083007812,0.04755118116736412,0.034328412264585495,2.4019384384155273,0.0,0.0,0.0,0,0
1789051583.75041,33.15813170200272,TRACK,FLOW,/home/eunseop/nrs_imitation/checkpoints/flow/polishing/single_cam/20260910_90deg_rel_single/20260910_1606,444.96649169921875,380.427490234375,198.11663818359375,-0.04211839661002159,0.025694724172353745,2.400599241256714,-0.03581729903817177,-0.22491078078746796,-0.10394539684057236,430.0510559082031,386.448974609375,172.96585083007812,0.04755118116736412,0.034328412264585495,2.4019384384155273,0.0,0.0,0.0,0,0
1789051584.2592373,33.66695909999544,TRACK,FLOW,/home/eunseop/nrs_imitation/checkpoints/flow/polishing/single_cam/20260910_90deg_rel_single/20260910_1606,440.3930969238281,380.9638977050781,197.33094787597656,-0.03549768403172493,0.021023022010922432,2.3905270099639893,0.6885697841644287,0.02374054491519928,-0.6838658452033997,430.0510559082031,386.448974609375,172.96585083007812,0.04755118116736412,0.034328412264585495,2.4019384384155273,0.0,0.0,0.0,0,0
1789051584.7989929,34.206715316991904,TRACK,FLOW,/home/eunseop/nrs_imitation/checkpoints/flow/polishing/single_cam/20260910_90deg_rel_single/20260910_1606,434.6243896484375,380.6274719238281,196.591552734375,-0.022827081382274628,0.01303708553314209,2.378878355026245,0.627463161945343,-0.013621828518807888,-0.43179795145988464,443.0771484375,390.0693664550781,167.14634704589844,0.04358624294400215,0.04897241294384003,2.4161078929901123,0.0,0.0,0.0,0,0
1789051586.2156804,35.623402646990144,TRACK,FLOW,/home/eunseop/nrs_imitation/checkpoints/flow/polishing/single_cam/20260910_90deg_rel_single/20260910_1606,421.95123291015625,379.2114562988281,194.41427612304688,0.005361663643270731,-0.00092087168013677,2.36057186126709,-0.016658004373311996,-0.2887423634529114,0.062287937849760056,451.6691589355469,381.118408203125,167.89068603515625,0.05623297020792961,0.0514773353934288,2.401940107345581,0.0,0.0,0.0,0,0
1789051586.5944264,36.00214818298991,TRACK,FLOW,/home/eunseop/nrs_imitation/checkpoints/flow/polishing/single_cam/20260910_90deg_rel_single/20260910_1606,418.3407287597656,378.7219543457031,193.66761779785156,0.013674669899046421,-0.003111304482445121,2.3558053970336914,0.38693058490753174,-0.26318109035491943,-0.9217226505279541,451.6691589355469,381.118408203125,167.89068603515625,0.05623297020792961,0.0514773353934288,2.401940107345581,0.0,0.0,0.0,0,0
1789051586.9750588,36.38278056700074,TRACK,FLOW,/home/eunseop/nrs_imitation/checkpoints/flow/polishing/single_cam/20260910_90deg_rel_single/20260910_1606,415.3883361816406,378.34649658203125,193.0389404296875,0.020404838025569916,-0.00465892069041729,2.3509809970855713,0.6327598094940186,-0.20703625679016113,-0.8807286024093628,451.6691589355469,381.118408203125,167.89068603515625,0.05623297020792961,0.0514773353934288,2.401940107345581,0.0,0.0,0.0,0,0
1789051587.3523772,36.76009899500059,TRACK,FLOW,/home/eunseop/nrs_imitation/checkpoints/flow/polishing/single_cam/20260910_90deg_rel_single/20260910_1606,416.37091064453125,379.50689697265625,192.28033447265625,0.01760316826403141,-0.0035095219500362873,2.3555572032928467,1.0329444408416748,-0.3512774705886841,-1.8560863733291626,451.6691589355469,381.118408203125,167.89068603515625,0.05623297020792961,0.0514773353934288,2.401940107345581,0.0,0.0,0.0,0,0
1789051587.731255,37.13897690500016,TRACK,FLOW,/home/eunseop/nrs_imitation/checkpoints/flow/polishing/single_cam/20260910_90deg_rel_single/20260910_1606,419.0921325683594,381.81439208984375,190.90664672851562,0.01050903182476759,-0.0004682500730268657,2.365572929382324,0.2329622060060501,0.27634868025779724,-1.2166845798492432,451.6691589355469,381.118408203125,167.89068603515625,0.05623297020792961,0.0514773353934288,2.401940107345581,0.0,0.0,0.0,0,0
1789051588.0729513,37.48067308300233,TRACK,FLOW,/home/eunseop/nrs_imitation/checkpoints/flow/polishing/single_cam/20260910_90deg_rel_single/20260910_1606,421.7227783203125,384.2010803222656,189.58485412597656,0.003420080989599228,0.002262488240376115,2.3757238388061523,0.5658425092697144,-0.3921087086200714,0.47950270771980286,451.6691589355469,381.118408203125,167.89068603515625,0.05623297020792961,0.0514773353934288,2.401940107345581,0.0,0.0,0.0,0,0
1789051588.4142704,37.82199249099358,TRACK,FLOW,/home/eunseop/nrs_imitation/checkpoints/flow/polishing/single_cam/20260910_90deg_rel_single/20260910_1606,424.26312255859375,386.3312683105469,188.18772888183594,-0.0033560956362634897,0.005252855829894543,2.3850507736206055,-0.09129086136817932,-0.10313494503498077,-0.9254300594329834,451.6691589355469,381.118408203125,167.89068603515625,0.05623297020792961,0.0514773353934288,2.401940107345581,0.0,0.0,0.0,0,0
1789051588.772564,38.1802861289907,TRACK,FLOW,/home/eunseop/nrs_imitation/checkpoints/flow/polishing/single_cam/20260910_90deg_rel_single/20260910_1606,426.6446838378906,388.626220703125,186.8575439453125,-0.009729471057653427,0.007971256971359253,2.394860029220581,0.2972187101840973,-0.5179136395454407,-0.08255689591169357,449.7081604003906,378.4453125,168.07275390625,0.07327509671449661,0.04544913396239281,2.3750643730163574,0.0,0.0,0.0,0,0
1789051589.3114245,38.71914676699089,TRACK,FLOW,/home/eunseop/nrs_imitation/checkpoints/flow/polishing/single_cam/20260910_90deg_rel_single/20260910_1606,430.32012939453125,391.8764953613281,184.81253051757812,-0.01946387253701687,0.012122866697609425,2.408750534057617,0.29934489727020264,-0.12908753752708435,-0.6522561311721802,449.7081604003906,378.4453125,168.07275390625,0.07327509671449661,0.04544913396239281,2.3750643730163574,0.0,0.0,0.0,0,0
1789051589.6155746,39.02329641599499,TRACK,FLOW,/home/eunseop/nrs_imitation/checkpoints/flow/polishing/single_cam/20260910_90deg_rel_single/20260910_1606,428.965576171875,392.2845458984375,182.07778930664062,-0.011845951899886131,0.014756003394722939,2.408931016921997,0.04801018163561821,-0.3400636315345764,-0.5471691489219666,449.7081604003906,378.4453125,168.07275390625,0.07327509671449661,0.04544913396239281,2.3750643730163574,0.0,0.0,0.0,0,0
1789051589.994187,39.40190898999572,TRACK,FLOW,/home/eunseop/nrs_imitation/checkpoints/flow/polishing/single_cam/20260910_90deg_rel_single/20260910_1606,427.8927001953125,391.85906982421875,179.7251434326172,-0.0038930063601583242,0.017155170440673828,2.4080591201782227,0.05017336457967758,-0.2697644531726837,-0.4249829053878784,449.7081604003906,378.4453125,168.07275390625,0.07327509671449661,0.04544913396239281,2.3750643730163574,0.0,0.0,0.0,0,0
1789051591.2512994,40.659021979998215,TRACK,FLOW,/home/eunseop/nrs_imitation/checkpoints/flow/polishing/single_cam/20260910_90deg_rel_single/20260910_1606,427.0019836425781,391.35113525390625,176.7621612548828,0.008808137848973274,0.020272307097911835,2.4075896739959717,0.5857218503952026,-0.024061396718025208,-0.6848280429840088,449.7081604003906,378.4453125,168.07275390625,0.07327509671449661,0.04544913396239281,2.3750643730163574,0.0,0.0,0.0,0,0
1789051591.4669714,40.874693441001,TRACK,FLOW,/home/eunseop/nrs_imitation/checkpoints/flow/polishing/single_cam/20260910_90deg_rel_single/20260910_1606,429.449462890625,386.1845397949219,174.95388793945312,0.04700102284550667,0.03476744145154953,2.4021170139312744,-1.122334599494934,-0.2512912452220917,3.7110061645507812,429.449462890625,386.1845397949219,174.95388793945312,0.04700102284550667,0.03476744145154953,2.4021170139312744,0.0,0.0,26.778873443603516,1,0
1789051591.6296895,41.03741116799938,TRACK,FLOW,/home/eunseop/nrs_imitation/checkpoints/flow/polishing/single_cam/20260910_90deg_rel_single/20260910_1606,429.4648132324219,386.3436584472656,175.15765380859375,0.04734664037823677,0.034377433359622955,2.4019830226898193,-0.5892443656921387,-0.33034589886665344,2.737633228302002,449.7081604003906,378.4453125,168.07275390625,0.07327509671449661,0.04544913396239281,2.3750643730163574,0.0,0.0,0.0,1,0
1789051591.7730641,41.18078586499905,TRACK,FLOW,/home/eunseop/nrs_imitation/checkpoints/flow/polishing/single_cam/20260910_90deg_rel_single/20260910_1606,429.57879638671875,387.24249267578125,175.5618133544922,0.04295336455106735,0.033818501979112625,2.4041874408721924,0.4354741871356964,-0.2675693929195404,-0.4727447032928467,429.57879638671875,387.24249267578125,175.5618133544922,0.04295336455106735,0.033818501979112625,2.4041874408721924,0.0,0.0,0.0,0,0
1789051591.9355774,41.34329943099874,TRACK,FLOW,/home/eunseop/nrs_imitation/checkpoints/flow/polishing/single_cam/20260910_90deg_rel_single/20260910_1606,429.844482421875,388.40545654296875,176.1361541748047,0.036832112818956375,0.03248538449406624,2.406712055206299,-0.025773756206035614,-0.037399113178253174,-0.009092014282941818,449.7081604003906,378.4453125,168.07275390625,0.07327509671449661,0.04544913396239281,2.3750643730163574,0.0,0.0,0.0,0,0
1789051592.2113347,41.61905723299424,TRACK,FLOW,/home/eunseop/nrs_imitation/checkpoints/flow/polishing/single_cam/20260910_90deg_rel_single/20260910_1606,430.33306884765625,390.84326171875,177.17396545410156,0.02472132258117199,0.02954069711267948,2.411975860595703,0.37640872597694397,-0.31497877836227417,-0.8117469549179077,449.7081604003906,378.4453125,168.07275390625,0.07327509671449661,0.04544913396239281,2.3750643730163574,0.0,0.0,0.0,0,0
1789051592.3238897,41.7316116180009,TRACK,FLOW,/home/eunseop/nrs_imitation/checkpoints/flow/polishing/single_cam/20260910_90deg_rel_single/20260910_1606,430.8034362792969,393.5839538574219,178.25765991210938,0.010407084599137306,0.026591530069708824,2.4181644916534424,0.10130095481872559,-0.22795253992080688,-0.20477183163166046,449.7081604003906,378.4453125,168.07275390625,0.07327509671449661,0.04544913396239281,2.3750643730163574,0.0,0.0,0.0,0,0
1789051592.3798642,41.787586207996355,TRACK,FLOW,/home/eunseop/nrs_imitation/checkpoints/flow/polishing/single_cam/20260910_90deg_rel_single/20260910_1606,430.8695373535156,394.00506591796875,178.48123168945312,0.00801551528275013,0.026187743991613388,2.419198989868164,0.3800341486930847,-0.6809834241867065,-0.7807202935218811,449.7081604003906,378.4453125,168.07275390625,0.07327509671449661,0.04544913396239281,2.3750643730163574,0.0,0.0,0.0,0,0
1789051592.7699056,42.17762837299961,TRACK,FLOW,/home/eunseop/nrs_imitation/checkpoints/flow/polishing/single_cam/20260910_90deg_rel_single/20260910_1606,431.0248718261719,395.0494079589844,178.94264221191406,0.0019958163611590862,0.025327570736408234,2.4218311309814453,-0.13332347571849823,-0.21565952897071838,-0.08557907491922379,455.900634765625,375.6225891113281,169.10336303710938,0.05607477203011513,0.05178539454936981,2.3994555473327637,0.0,0.0,0.0,0,0
1789051593.0571847,42.46490681999421,TRACK,FLOW,/home/eunseop/nrs_imitation/checkpoints/flow/polishing/single_cam/20260910_90deg_rel_single/20260910_1606,431.1960144042969,397.94146728515625,180.03787231445312,-0.007849294692277908,0.022265197709202766,2.4272444248199463,0.05608932673931122,-0.16526952385902405,-0.1729724258184433,455.900634765625,375.6225891113281,169.10336303710938,0.05607477203011513,0.05178539454936981,2.3994555473327637,0.0,0.0,0.0,0,0
1789051593.4847646,42.89248694900016,TRACK,FLOW,/home/eunseop/nrs_imitation/checkpoints/flow/polishing/single_cam/20260910_90deg_rel_single/20260910_1606,429.98004150390625,400.7921142578125,177.17376708984375,-0.0010146257700398564,0.022868065163493156,2.427713394165039,0.1404251903295517,-0.05097966268658638,-0.31081637740135193,455.900634765625,375.6225891113281,169.10336303710938,0.05607477203011513,0.05178539454936981,2.3994555473327637,0.0,0.0,0.0,0,0
1789051594.5806105,43.9883329509903,TRACK,FLOW,/home/eunseop/nrs_imitation/checkpoints/flow/polishing/single_cam/20260910_90deg_rel_single/20260910_1606,428.4761657714844,406.1834716796875,173.37513732910156,0.022525997832417488,0.030377719551324844,2.428616762161255,0.21236729621887207,-1.2443468570709229,42.96558380126953,455.900634765625,375.6225891113281,169.10336303710938,0.05607477203011513,0.05178539454936981,2.3994555473327637,0.0,0.0,0.0,1,0
1789051594.5808055,43.98852737300331,TRACK,FLOW,/home/eunseop/nrs_imitation/checkpoints/flow/polishing/single_cam/20260910_90deg_rel_single/20260910_1606,428.4761657714844,406.1834716796875,173.37513732910156,0.022525997832417488,0.030377719551324844,2.428616762161255,0.21236729621887207,-1.2443468570709229,42.96558380126953,428.4761657714844,406.1834716796875,173.37513732910156,0.022525997832417488,0.030377719551324844,2.428616762161255,0.0,0.0,2.9018263816833496,1,0
1789051594.90552,44.313242318996345,TRACK,FLOW,/home/eunseop/nrs_imitation/checkpoints/flow/polishing/single_cam/20260910_90deg_rel_single/20260910_1606,429.3578796386719,405.5905456542969,173.6111602783203,0.03035120479762554,0.03769973665475845,2.4300551414489746,-10.579411506652832,-4.248954772949219,45.359867095947266,455.900634765625,375.6225891113281,169.10336303710938,0.05607477203011513,0.05178539454936981,2.3994555473327637,0.0,0.0,0.0,1,0
1789051595.0682526,44.47597461398982,TRACK,FLOW,/home/eunseop/nrs_imitation/checkpoints/flow/polishing/single_cam/20260910_90deg_rel_single/20260910_1606,430.17669677734375,404.24786376953125,174.42715454101562,0.031476233154535294,0.040117617696523666,2.4304141998291016,-5.147571086883545,-1.3740253448486328,15.85067367553711,430.17669677734375,404.24786376953125,174.42715454101562,0.031476233154535294,0.040117617696523666,2.4304141998291016,0.0,0.0,-0.5705041885375977,1,0
1789051595.3914425,44.79916434499319,TRACK,FLOW,/home/eunseop/nrs_imitation/checkpoints/flow/polishing/single_cam/20260910_90deg_rel_single/20260910_1606,432.439208984375,402.0357666015625,175.2432403564453,0.032551925629377365,0.0418713353574276,2.4287381172180176,-0.6178495287895203,-0.22689542174339294,2.692944288253784,455.900634765625,375.6225891113281,169.10336303710938,0.05607477203011513,0.05178539454936981,2.3994555473327637,0.0,0.0,0.0,1,0
1789051595.6631777,45.070900569000514,TRACK,FLOW,/home/eunseop/nrs_imitation/checkpoints/flow/polishing/single_cam/20260910_90deg_rel_single/20260910_1606,434.1790771484375,400.1390075683594,175.45941162109375,0.03435022756457329,0.04300914332270622,2.427182674407959,-0.4060596227645874,-0.24067910015583038,0.7998988032341003,455.900634765625,375.6225891113281,169.10336303710938,0.05607477203011513,0.05178539454936981,2.3994555473327637,0.0,0.0,0.0,0,0
1789051595.7156568,45.123378593998495,TRACK,FLOW,/home/eunseop/nrs_imitation/checkpoints/flow/polishing/single_cam/20260910_90deg_rel_single/20260910_1606,434.1790771484375,400.1390075683594,175.45941162109375,0.03435022756457329,0.04300914332270622,2.427182674407959,-0.4060596227645874,-0.24067910015583038,0.7998988032341003,434.1790771484375,400.1390075683594,175.45941162109375,0.03435022756457329,0.04300914332270622,2.427182674407959,0.0,0.0,0.0,0,0
1789051595.9354694,45.34319117300038,TRACK,FLOW,/home/eunseop/nrs_imitation/checkpoints/flow/polishing/single_cam/20260910_90deg_rel_single/20260910_1606,436.1965026855469,397.69708251953125,175.90103149414062,0.03609103336930275,0.045457612723112106,2.425029754638672,0.6829541325569153,-0.21415875852108002,-1.3825066089630127,455.900634765625,375.6225891113281,169.10336303710938,0.05607477203011513,0.05178539454936981,2.3994555473327637,0.0,0.0,0.0,0,0
1789051596.2414515,45.64917382899148,TRACK,FLOW,/home/eunseop/nrs_imitation/checkpoints/flow/polishing/single_cam/20260910_90deg_rel_single/20260910_1606,437.92578125,395.42193603515625,176.54051208496094,0.038570936769247055,0.04675305634737015,2.422248601913452,0.6639664173126221,-0.3257042467594147,-0.8766893148422241,455.900634765625,375.6225891113281,169.10336303710938,0.05607477203011513,0.05178539454936981,2.3994555473327637,0.0,0.0,0.0,0,0
1789051596.51019,45.91791244299384,TRACK,FLOW,/home/eunseop/nrs_imitation/checkpoints/flow/polishing/single_cam/20260910_90deg_rel_single/20260910_1606,439.7225036621094,393.661865234375,176.29087829589844,0.040067099034786224,0.047507304698228836,2.4201977252960205,0.5008900165557861,-0.15354907512664795,-0.9719601273536682,455.900634765625,375.6225891113281,169.10336303710938,0.05607477203011513,0.05178539454936981,2.3994555473327637,0.0,0.0,0.0,0,0
1789051596.851958,46.25968027100316,TRACK,FLOW,/home/eunseop/nrs_imitation/checkpoints/flow/polishing/single_cam/20260910_90deg_rel_single/20260910_1606,441.8836364746094,390.9660949707031,175.64857482910156,0.04268408566713333,0.04849573224782944,2.4170899391174316,-0.6644410490989685,-0.5241456031799316,2.2474489212036133,461.08477783203125,371.4679870605469,168.8202667236328,0.06394276767969131,0.052884843200445175,2.3896515369415283,0.0,0.0,0.0,0,0
1789051597.0029156,46.41063726399443,TRACK,FLOW,/home/eunseop/nrs_imitation/checkpoints/flow/polishing/single_cam/20260910_90deg_rel_single/20260910_1606,442.8813781738281,389.7934265136719,175.3516082763672,0.0436316542327404,0.04880690202116966,2.415836811065674,-1.5147390365600586,0.06313058733940125,5.575300693511963,442.8813781738281,389.7934265136719,175.3516082763672,0.0436316542327404,0.04880690202116966,2.415836811065674,0.0,0.0,-0.5374999046325684,1,0
1789051597.3221626,46.72988512000302,TRACK,FLOW,/home/eunseop/nrs_imitation/checkpoints/flow/polishing/single_cam/20260910_90deg_rel_single/20260910_1606,444.3469543457031,387.8655700683594,175.0307159423828,0.0458933487534523,0.0492030531167984,2.413978338241577,-3.1295595169067383,-0.1418788880109787,12.018383979797363,461.3893737792969,371.2646484375,168.87823486328125,0.0641457736492157,0.05278309807181358,2.3891189098358154,0.0,0.0,0.0,1,0
1789051597.4825144,46.890236423991155,TRACK,FLOW,/home/eunseop/nrs_imitation/checkpoints/flow/polishing/single_cam/20260910_90deg_rel_single/20260910_1606,445.19024658203125,386.3428955078125,174.98170471191406,0.04742017760872841,0.05081600323319435,2.4126529693603516,-2.36625599861145,-0.4015398323535919,9.523477554321289,445.19024658203125,386.3428955078125,174.98170471191406,0.04742017760872841,0.05081600323319435,2.4126529693603516,0.0,0.0,26.852678298950195,1,0
1789051597.6449583,47.052680637993035,TRACK,FLOW,/home/eunseop/nrs_imitation/checkpoints/flow/polishing/single_cam/20260910_90deg_rel_single/20260910_1606,446.4331359863281,385.3503112792969,175.32684326171875,0.04881845787167549,0.05106453597545624,2.4109153747558594,-0.509012758731842,-0.0615570954978466,3.1315886974334717,461.3893737792969,371.2646484375,168.87823486328125,0.0641457736492157,0.05278309807181358,2.3891189098358154,0.0,0.0,0.0,1,0
1789051597.8068671,47.2145889379899,TRACK,FLOW,/home/eunseop/nrs_imitation/checkpoints/flow/polishing/single_cam/20260910_90deg_rel_single/20260910_1606,447.5685119628906,384.3875732421875,175.71807861328125,0.050301842391490936,0.050907980650663376,2.409050226211548,0.1947246789932251,-0.27511799335479736,-0.09413046389818192,447.5685119628906,384.3875732421875,175.71807861328125,0.050301842391490936,0.050907980650663376,2.409050226211548,0.0,0.0,0.0,0,0
1789051597.9300363,47.337758269000915,TRACK,FLOW,/home/eunseop/nrs_imitation/checkpoints/flow/polishing/single_cam/20260910_90deg_rel_single/20260910_1606,448.77587890625,383.4036865234375,175.6966094970703,0.052059441804885864,0.05105108022689819,2.4070963859558105,-0.7564550638198853,0.42000794410705566,2.2394587993621826,461.3893737792969,371.2646484375,168.87823486328125,0.0641457736492157,0.05278309807181358,2.3891189098358154,0.0,0.0,0.0,0,0
1789051599.8302,49.23792194199632,TRACK,FLOW,/home/eunseop/nrs_imitation/checkpoints/flow/polishing/single_cam/20260910_90deg_rel_single/20260910_1606,451.59002685546875,378.5992736816406,175.2447967529297,0.05398692935705185,0.051654767245054245,2.40435791015625,-1.4917559623718262,-0.2643025517463684,5.040485382080078,451.59002685546875,378.5992736816406,175.2447967529297,0.05398692935705185,0.051654767245054245,2.40435791015625,0.0,0.0,28.096906661987305,1,0
1789051600.0492156,49.456937376991846,TRACK,FLOW,/home/eunseop/nrs_imitation/checkpoints/flow/polishing/single_cam/20260910_90deg_rel_single/20260910_1606,453.3613586425781,377.44921875,175.2356414794922,0.05367013439536095,0.05216853320598602,2.4044368267059326,-1.3233859539031982,-0.16856074333190918,5.946807384490967,461.3893737792969,371.2646484375,168.87823486328125,0.0641457736492157,0.05278309807181358,2.3891189098358154,0.0,0.0,0.0,1,0
1789051600.5192258,49.926947736996226,TRACK,FLOW,/home/eunseop/nrs_imitation/checkpoints/flow/polishing/single_cam/20260910_90deg_rel_single/20260910_1606,455.4283752441406,375.5453186035156,175.21495056152344,0.05585680156946182,0.051987286657094955,2.3995742797851562,-1.4292696714401245,-0.22397558391094208,5.244124412536621,455.4283752441406,375.5453186035156,175.21495056152344,0.05585680156946182,0.051987286657094955,2.3995742797851562,0.0,0.0,27.74172019958496,1,0
1789051600.8253605,50.233083015002194,TRACK,FLOW,/home/eunseop/nrs_imitation/checkpoints/flow/polishing/single_cam/20260910_90deg_rel_single/20260910_1606,455.4686279296875,375.56512451171875,175.2474365234375,0.05599481239914894,0.05181944742798805,2.399524688720703,-1.3809456825256348,-0.17318035662174225,5.351956844329834,461.3893737792969,371.2646484375,168.87823486328125,0.0641457736492157,0.05278309807181358,2.3891189098358154,0.0,0.0,0.0,1,0
1789051601.04126,50.44898179300071,TRACK,FLOW,/home/eunseop/nrs_imitation/checkpoints/flow/polishing/single_cam/20260910_90deg_rel_single/20260910_1606,457.0959777832031,374.2349853515625,174.6150360107422,0.06066378578543663,0.053521327674388885,2.396564245223999,-6.471779823303223,-0.35045215487480164,23.401203155517578,457.0959777832031,374.2349853515625,174.6150360107422,0.06066378578543663,0.053521327674388885,2.396564245223999,0.0,0.0,26.543704986572266,1,0
1789051601.4735227,50.88124510999478,TRACK,FLOW,/home/eunseop/nrs_imitation/checkpoints/flow/polishing/single_cam/20260910_90deg_rel_single/20260910_1606,459.4009094238281,371.9273376464844,174.55784606933594,0.06307414919137955,0.05326014384627342,2.391423225402832,-6.52527379989624,-0.6194618940353394,24.93244171142578,459.8998718261719,368.8930969238281,169.25106811523438,0.08022698014974594,0.05141599848866463,2.3849050998687744,0.0,0.0,0.0,1,0
1789051601.6900065,51.0977284249966,TRACK,FLOW,/home/eunseop/nrs_imitation/checkpoints/flow/polishing/single_cam/20260910_90deg_rel_single/20260910_1606,460.210205078125,371.0786437988281,174.574951171875,0.06383901089429855,0.05293743312358856,2.3892085552215576,-6.111530780792236,-0.5277670621871948,24.37376594543457,460.210205078125,371.0786437988281,174.574951171875,0.06383901089429855,0.05293743312358856,2.3892085552215576,0.0,0.0,25.428651809692383,1,0
1789051601.9069073,51.314629268992576,TRACK,FLOW,/home/eunseop/nrs_imitation/checkpoints/flow/polishing/single_cam/20260910_90deg_rel_single/20260910_1606,460.1513671875,371.2354736328125,174.53903198242188,0.06434109061956406,0.05235081538558006,2.3891775608062744,-5.463520526885986,-0.5200346112251282,26.501977920532227,459.8998718261719,368.8930969238281,169.25106811523438,0.08022698014974594,0.05141599848866463,2.3849050998687744,0.0,0.0,0.0,1,0
1789051602.3905685,51.79829076699389,TRACK,FLOW,/home/eunseop/nrs_imitation/checkpoints/flow/polishing/single_cam/20260910_90deg_rel_single/20260910_1606,458.7713928222656,368.95587158203125,174.35008239746094,0.07966437190771103,0.050855427980422974,2.384845018386841,-0.5044658184051514,1.8190667629241943,26.429424285888672,459.8998718261719,368.8930969238281,169.25106811523438,0.08022698014974594,0.05141599848866463,2.3849050998687744,0.0,0.0,0.0,1,0
1789051602.7517183,52.159441021998646,TRACK,FLOW,/home/eunseop/nrs_imitation/checkpoints/flow/polishing/single_cam/20260910_90deg_rel_single/20260910_1606,458.55450439453125,368.8148498535156,174.3103485107422,0.08038643002510071,0.05150534212589264,2.3849234580993652,0.5574894547462463,1.6933833360671997,23.338600158691406,459.8998718261719,368.8930969238281,169.25106811523438,0.08022698014974594,0.05141599848866463,2.3849050998687744,0.0,0.0,0.0,1,0
1789051604.3016832,53.7094053549954,TRACK,FLOW,/home/eunseop/nrs_imitation/checkpoints/flow/polishing/single_cam/20260910_90deg_rel_single/20260910_1606,458.6715087890625,368.9046936035156,174.30271911621094,0.08038417994976044,0.05153251066803932,2.3849587440490723,-0.8298935890197754,1.4841411113739014,26.039339065551758,459.8998718261719,368.8930969238281,169.25106811523438,0.08022698014974594,0.05141599848866463,2.3849050998687744,0.0,0.0,0.0,1,0
1789051604.733488,54.14121033599076,TRACK,FLOW,/home/eunseop/nrs_imitation/checkpoints/flow/polishing/single_cam/20260910_90deg_rel_single/20260910_1606,458.7581787109375,369.00799560546875,174.33030700683594,0.08034930378198624,0.051414187997579575,2.384903907775879,-1.273033618927002,0.4838721454143524,25.365751266479492,459.8998718261719,368.8930969238281,169.25106811523438,0.08022698014974594,0.05141599848866463,2.3849050998687744,0.0,0.0,0.0,1,0
1789051605.201019,54.60874110698933,TRACK,FLOW,/home/eunseop/nrs_imitation/checkpoints/flow/polishing/single_cam/20260910_90deg_rel_single/20260910_1606,458.7720031738281,369.0245361328125,174.31759643554688,0.08031854778528214,0.051470931619405746,2.3849639892578125,-1.4335861206054688,0.6388251781463623,25.685222625732422,458.7720031738281,369.0245361328125,174.31759643554688,0.08031854778528214,0.051470931619405746,2.3849639892578125,0.0,0.0,24.541032791137695,1,0
1789051605.380521,54.78824283299036,TRACK,FLOW,/home/eunseop/nrs_imitation/checkpoints/flow/polishing/single_cam/20260910_90deg_rel_single/20260910_1606,458.75665283203125,369.0305480957031,174.33294677734375,0.08039822429418564,0.051415618509054184,2.384913444519043,-1.2006120681762695,0.5084552764892578,25.724918365478516,445.2593688964844,372.14447021484375,192.67913818359375,0.057710494846105576,0.0010037407046183944,2.3525807857513428,0.0,0.0,0.0,1,0
1789051605.9382665,55.34598854499927,TRACK,FLOW,/home/eunseop/nrs_imitation/checkpoints/flow/polishing/single_cam/20260910_90deg_rel_single/20260910_1606,458.7767333984375,369.0748596191406,174.36817932128906,0.08032330125570297,0.05128049850463867,2.3848612308502197,-1.173331379890442,0.42155659198760986,24.24211311340332,443.944091796875,372.8479919433594,192.83908081054688,0.05901426449418068,-0.00029847706900909543,2.351274251937866,0.0,0.0,0.0,1,0
1789051607.3354595,56.74318183999276,TRACK,FLOW,/home/eunseop/nrs_imitation/checkpoints/flow/polishing/single_cam/20260910_90deg_rel_single/20260910_1606,458.3500671386719,365.9903564453125,174.04171752929688,0.062492769211530685,0.0477704219520092,2.3828823566436768,-6.328980445861816,1.6381840705871582,39.11159133911133,443.39129638671875,373.1981506347656,192.92079162597656,0.059553083032369614,-0.0009116667788475752,2.350781202316284,0.0,0.0,0.0,1,0
1789051607.5159273,56.92364941300184,TRACK,FLOW,/home/eunseop/nrs_imitation/checkpoints/flow/polishing/single_cam/20260910_90deg_rel_single/20260910_1606,465.0423889160156,357.9178466796875,174.4923858642578,0.05285456404089928,0.04545009136199951,2.3739027976989746,-4.882635116577148,0.18193279206752777,18.635875701904297,465.0423889160156,357.9178466796875,174.4923858642578,0.05285456404089928,0.04545009136199951,2.3739027976989746,0.0,0.0,18.61852264404297,1,0
1789051607.8746278,57.282350597990444,TRACK,FLOW,/home/eunseop/nrs_imitation/checkpoints/flow/polishing/single_cam/20260910_90deg_rel_single/20260910_1606,466.9967041015625,355.7931823730469,174.70758056640625,0.0492260716855526,0.04384678229689598,2.3711657524108887,-3.2957119941711426,-0.06883532553911209,12.60598373413086,443.39129638671875,373.1981506347656,192.92079162597656,0.059553083032369614,-0.0009116667788475752,2.350781202316284,0.0,0.0,0.0,1,0
1789051608.3100836,57.717806100990856,TRACK,FLOW,/home/eunseop/nrs_imitation/checkpoints/flow/polishing/single_cam/20260910_90deg_rel_single/20260910_1606,468.4256591796875,354.9339904785156,174.06678771972656,0.04564446955919266,0.03935181349515915,2.369196653366089,-6.6715192794799805,-1.4265397787094116,37.40601348876953,443.39129638671875,373.1981506347656,192.92079162597656,0.059553083032369614,-0.0009116667788475752,2.350781202316284,0.0,0.0,0.0,1,0
1789051608.650916,58.05863812399912,TRACK,FLOW,/home/eunseop/nrs_imitation/checkpoints/flow/polishing/single_cam/20260910_90deg_rel_single/20260910_1606,468.0027160644531,355.265625,173.90989685058594,0.043380722403526306,0.033938657492399216,2.3659846782684326,-1.7329356670379639,-1.18157160282135,31.42222785949707,443.39129638671875,373.1981506347656,192.92079162597656,0.059553083032369614,-0.0009116667788475752,2.350781202316284,0.0,0.0,0.0,1,0
1789051609.2977061,58.70542834099615,TRACK,FLOW,/home/eunseop/nrs_imitation/checkpoints/flow/polishing/single_cam/20260910_90deg_rel_single/20260910_1606,465.6073303222656,357.6294250488281,173.71144104003906,0.04304167255759239,0.027518905699253082,2.3642160892486572,2.899927854537964,-0.6042731404304504,33.981319427490234,428.6378173828125,371.43048095703125,175.3376007080078,0.06332552433013916,0.011746279895305634,2.347768545150757,0.0,0.0,0.0,1,0
1789051609.2978983,58.705620077991625,TRACK,FLOW,/home/eunseop/nrs_imitation/checkpoints/flow/polishing/single_cam/20260910_90deg_rel_single/20260910_1606,465.6073303222656,357.6294250488281,173.71144104003906,0.04304167255759239,0.027518905699253082,2.3642160892486572,2.899927854537964,-0.6042731404304504,33.981319427490234,465.6073303222656,357.6294250488281,173.71144104003906,0.04304167255759239,0.027518905699253082,2.3642160892486572,0.0,0.0,2.8950624465942383,1,0
1789051610.0179524,59.42567430899362,TRACK,FLOW,/home/eunseop/nrs_imitation/checkpoints/flow/polishing/single_cam/20260910_90deg_rel_single/20260910_1606,461.2500915527344,360.9403076171875,173.95529174804688,0.04524986818432808,0.020589902997016907,2.362551689147949,6.256133556365967,0.2582753896713257,16.988636016845703,433.4065856933594,367.3674011230469,174.92373657226562,0.07467415183782578,0.016069399192929268,2.337256669998169,0.0,0.0,0.0,1,0
1789051610.377975,59.78569762299594,TRACK,FLOW,/home/eunseop/nrs_imitation/checkpoints/flow/polishing/single_cam/20260910_90deg_rel_single/20260910_1606,458.4808044433594,362.55859375,174.5924530029297,0.04703677073121071,0.018374016508460045,2.3618147373199463,2.0644946098327637,-0.4320165812969208,3.190894603729248,433.64605712890625,367.2305603027344,174.9575958251953,0.07503173500299454,0.016188282519578934,2.3366785049438477,0.0,0.0,0.0,1,0
1789051610.594636,60.00235794899345,TRACK,FLOW,/home/eunseop/nrs_imitation/checkpoints/flow/polishing/single_cam/20260910_90deg_rel_single/20260910_1606,457.1539611816406,363.5812072753906,175.08712768554688,0.04780149832367897,0.016340715810656548,2.361464500427246,0.9703724980354309,-0.3613778054714203,0.6195196509361267,457.1539611816406,363.5812072753906,175.08712768554688,0.04780149832367897,0.016340715810656548,2.361464500427246,0.0,0.0,0.0,0,0
1789051610.7742867,60.182008730989764,TRACK,FLOW,/home/eunseop/nrs_imitation/checkpoints/flow/polishing/single_cam/20260910_90deg_rel_single/20260910_1606,455.6997985839844,364.78802490234375,175.4080810546875,0.048268139362335205,0.01399423461407423,2.360682725906372,1.074556589126587,-0.5414613485336304,-1.09756338596344,433.64605712890625,367.2305603027344,174.9575958251953,0.07503173500299454,0.016188282519578934,2.3366785049438477,0.0,0.0,0.0,0,0
1789051612.2468343,61.654555993998656,TRACK,FLOW,/home/eunseop/nrs_imitation/checkpoints/flow/polishing/single_cam/20260910_90deg_rel_single/20260910_1606,444.1891174316406,372.3804016113281,180.67312622070312,0.05796956643462181,0.0005748108378611505,2.3521177768707275,0.3444932699203491,-0.16347810626029968,-0.339336097240448,433.64605712890625,367.2305603027344,174.9575958251953,0.07503173500299454,0.016188282519578934,2.3366785049438477,0.0,0.0,0.0,0,0
1789051612.515835,61.92355712399876,TRACK,FLOW,/home/eunseop/nrs_imitation/checkpoints/flow/polishing/single_cam/20260910_90deg_rel_single/20260910_1606,442.8472900390625,373.2554626464844,182.01426696777344,0.057924576103687286,-0.00084596814122051,2.3512187004089355,1.8023042678833008,-1.2297008037567139,-1.3514351844787598,433.64605712890625,367.2305603027344,174.9575958251953,0.07503173500299454,0.016188282519578934,2.3366785049438477,0.0,0.0,0.0,0,0
1789051612.6838522,62.09157407499151,TRACK,FLOW,/home/eunseop/nrs_imitation/checkpoints/flow/polishing/single_cam/20260910_90deg_rel_single/20260910_1606,444.212890625,375.3685607910156,184.18789672851562,0.013593407347798347,-0.0038640459533780813,2.3639473915100098,0.2641477584838867,-0.23704926669597626,-0.6649977564811707,433.64605712890625,367.2305603027344,174.9575958251953,0.07503173500299454,0.016188282519578934,2.3366785049438477,0.0,0.0,0.0,0,0
1789051612.843759,62.251480922001065,TRACK,FLOW,/home/eunseop/nrs_imitation/checkpoints/flow/polishing/single_cam/20260910_90deg_rel_single/20260910_1606,443.8709716796875,376.7850036621094,184.84783935546875,0.011759035289287567,-0.0046873558312654495,2.3642537593841553,-0.5427648425102234,-0.29668933153152466,0.4006924331188202,433.64605712890625,367.2305603027344,174.9575958251953,0.07503173500299454,0.016188282519578934,2.3366785049438477,0.0,0.0,0.0,0,0
1789051612.8997493,62.30747146299109,TRACK,FLOW,/home/eunseop/nrs_imitation/checkpoints/flow/polishing/single_cam/20260910_90deg_rel_single/20260910_1606,443.7247009277344,377.306640625,185.0691680908203,0.011257920414209366,-0.005012284964323044,2.3642311096191406,0.012520491145551205,-0.6086693406105042,0.18742094933986664,433.64605712890625,367.2305603027344,174.9575958251953,0.07503173500299454,0.016188282519578934,2.3366785049438477,0.0,0.0,0.0,0,0
1789051613.2342734,62.641995608995785,TRACK,FLOW,/home/eunseop/nrs_imitation/checkpoints/flow/polishing/single_cam/20260910_90deg_rel_single/20260910_1606,443.3051452636719,378.114990234375,185.2605438232422,0.010725959204137325,-0.005352891515940428,2.3641350269317627,0.012263787910342216,-0.5736142992973328,-0.08669974654912949,433.64605712890625,367.2305603027344,174.9575958251953,0.07503173500299454,0.016188282519578934,2.3366785049438477,0.0,0.0,0.0,0,0
1789051613.7211215,63.128843835991574,TRACK,FLOW,/home/eunseop/nrs_imitation/checkpoints/flow/polishing/single_cam/20260910_90deg_rel_single/20260910_1606,440.8406066894531,381.7689514160156,185.82635498046875,0.009187274612486362,-0.005714470986276865,2.3645615577697754,0.1403840184211731,-0.19049346446990967,-0.1426815539598465,446.47967529296875,380.24169921875,169.19383239746094,0.0703834742307663,0.03913326561450958,2.3797197341918945,0.0,0.0,0.0,0,0
1789051614.3297043,63.737426362000406,TRACK,FLOW,/home/eunseop/nrs_imitation/checkpoints/flow/polishing/single_cam/20260910_90deg_rel_single/20260910_1606,436.7393798828125,384.32843017578125,184.7001953125,0.010394733399152756,-0.004410123452544212,2.3662118911743164,-0.2422410100698471,0.30070191621780396,0.0408904105424881,446.47967529296875,380.24169921875,169.19383239746094,0.0703834742307663,0.03913326561450958,2.3797197341918945,0.0,0.0,0.0,0,0
1789051614.922444,64.33016599999974,TRACK,FLOW,/home/eunseop/nrs_imitation/checkpoints/flow/polishing/single_cam/20260910_90deg_rel_single/20260910_1606,432.630126953125,384.6988830566406,182.47537231445312,0.014613935723900795,-0.003067442448809743,2.3658623695373535,-0.3424381613731384,0.04471622407436371,-0.27278226613998413,446.47967529296875,380.24169921875,169.19383239746094,0.0703834742307663,0.03913326561450958,2.3797197341918945,0.0,0.0,0.0,0,0
1789051616.322885,65.73060731799342,TRACK,FLOW,/home/eunseop/nrs_imitation/checkpoints/flow/polishing/single_cam/20260910_90deg_rel_single/20260910_1606,425.1216125488281,377.7230224609375,175.5762176513672,0.04493614658713341,0.004788591526448727,2.3521180152893066,-0.40177199244499207,-0.021264631301164627,1.033586025238037,446.47967529296875,380.24169921875,169.19383239746094,0.0703834742307663,0.03913326561450958,2.3797197341918945,0.0,0.0,0.0,0,0
1789051616.502129,65.9098511429911,TRACK,FLOW,/home/eunseop/nrs_imitation/checkpoints/flow/polishing/single_cam/20260910_90deg_rel_single/20260910_1606,425.316650390625,376.368408203125,175.01947021484375,0.049397289752960205,0.0056966980919241905,2.3507332801818848,-1.0917251110076904,-0.421840637922287,6.702702045440674,425.316650390625,376.368408203125,175.01947021484375,0.049397289752960205,0.0056966980919241905,2.3507332801818848,0.0,0.0,-0.6945364475250244,1,0
1789051616.878809,66.28653161399416,TRACK,FLOW,/home/eunseop/nrs_imitation/checkpoints/flow/polishing/single_cam/20260910_90deg_rel_single/20260910_1606,426.5318298339844,373.32672119140625,174.3910369873047,0.05786170810461044,0.009457250125706196,2.3490805625915527,-5.316412925720215,-0.47218865156173706,19.64720916748047,446.47967529296875,380.24169921875,169.19383239746094,0.0703834742307663,0.03913326561450958,2.3797197341918945,0.0,0.0,0.0,1,0
1789051617.0763419,66.48406370299926,TRACK,FLOW,/home/eunseop/nrs_imitation/checkpoints/flow/polishing/single_cam/20260910_90deg_rel_single/20260910_1606,427.4335632324219,372.154296875,174.50027465820312,0.061096563935279846,0.01102449744939804,2.3488433361053467,-4.96444034576416,-0.47414150834083557,17.061166763305664,427.4335632324219,372.154296875,174.50027465820312,0.061096563935279846,0.01102449744939804,2.3488433361053467,0.0,0.0,25.277435302734375,1,0
1789051617.23993,66.64765241800342,TRACK,FLOW,/home/eunseop/nrs_imitation/checkpoints/flow/polishing/single_cam/20260910_90deg_rel_single/20260910_1606,428.5769958496094,370.76611328125,174.50335693359375,0.0647151917219162,0.012608611024916172,2.3467421531677246,-4.0171051025390625,-0.22758731245994568,13.59202766418457,446.47967529296875,380.24169921875,169.19383239746094,0.0703834742307663,0.03913326561450958,2.3797197341918945,0.0,0.0,0.0,1,0
1789051617.4660933,66.87381495199224,TRACK,FLOW,/home/eunseop/nrs_imitation/checkpoints/flow/polishing/single_cam/20260910_90deg_rel_single/20260910_1606,431.154296875,368.4477233886719,174.63308715820312,0.07145951688289642,0.014992903918027878,2.341153860092163,-3.0495190620422363,-0.44370487332344055,11.023791313171387,431.154296875,368.4477233886719,174.63308715820312,0.07145951688289642,0.014992903918027878,2.341153860092163,0.0,0.0,24.3808650970459,1,0
1789051617.800309,67.20803205299308,TRACK,FLOW,/home/eunseop/nrs_imitation/checkpoints/flow/polishing/single_cam/20260910_90deg_rel_single/20260910_1606,432.2083435058594,367.6445007324219,174.71644592285156,0.07341670989990234,0.015708301216363907,2.338517904281616,-3.448758840560913,-0.46762004494667053,10.83351993560791,443.75921630859375,371.07220458984375,170.525146484375,0.10536191612482071,0.03690037131309509,2.340919017791748,0.0,0.0,0.0,1,0
1789051618.126401,67.53412319900235,TRACK,FLOW,/home/eunseop/nrs_imitation/checkpoints/flow/polishing/single_cam/20260910_90deg_rel_single/20260910_1606,432.83935546875,367.1409606933594,174.7238311767578,0.07465288788080215,0.016019515693187714,2.336825370788574,-2.3236305713653564,-0.6932193636894226,10.501771926879883,443.75921630859375,371.07220458984375,170.525146484375,0.10536191612482071,0.03690037131309509,2.340919017791748,0.0,0.0,0.0,1,0
1789051619.6337779,69.04149985899858,TRACK,FLOW,/home/eunseop/nrs_imitation/checkpoints/flow/polishing/single_cam/20260910_90deg_rel_single/20260910_1606,438.68890380859375,375.93939208984375,173.33921813964844,0.07176665961742401,0.03250359743833542,2.367527961730957,-20.18756103515625,-2.68166184425354,68.01314544677734,443.75921630859375,371.07220458984375,170.525146484375,0.10536191612482071,0.03690037131309509,2.340919017791748,0.0,0.0,0.0,1,0
1789051620.0105476,69.41826971300179,TRACK,FLOW,/home/eunseop/nrs_imitation/checkpoints/flow/polishing/single_cam/20260910_90deg_rel_single/20260910_1606,440.22821044921875,378.11944580078125,173.36685180664062,0.07081498950719833,0.0364273265004158,2.3750534057617188,-19.87649917602539,-3.0657665729522705,67.66238403320312,443.75921630859375,371.07220458984375,170.525146484375,0.10536191612482071,0.03690037131309509,2.340919017791748,0.0,0.0,0.0,1,0
1789051620.3239367,69.73165854500257,TRACK,FLOW,/home/eunseop/nrs_imitation/checkpoints/flow/polishing/single_cam/20260910_90deg_rel_single/20260910_1606,440.4458923339844,378.5858459472656,173.9374237060547,0.07303871214389801,0.039207227528095245,2.3768198490142822,-5.189099311828613,-2.360887050628662,27.212804794311523,443.75921630859375,371.07220458984375,170.525146484375,0.10536191612482071,0.03690037131309509,2.340919017791748,0.0,0.0,0.0,1,0
1789051620.678515,70.08623683299811,TRACK,FLOW,/home/eunseop/nrs_imitation/checkpoints/flow/polishing/single_cam/20260910_90deg_rel_single/20260910_1606,440.16180419921875,378.01275634765625,174.15182495117188,0.07588167488574982,0.038529325276613235,2.373709201812744,-2.809842109680176,-0.5887420773506165,18.453243255615234,443.75921630859375,371.07220458984375,170.525146484375,0.10536191612482071,0.03690037131309509,2.340919017791748,0.0,0.0,0.0,1,0
1789051620.9853399,70.3930620780011,TRACK,FLOW,/home/eunseop/nrs_imitation/checkpoints/flow/polishing/single_cam/20260910_90deg_rel_single/20260910_1606,438.712158203125,375.23468017578125,174.03944396972656,0.08878425508737564,0.036335140466690063,2.3597960472106934,-0.20418092608451843,0.9798977971076965,23.893293380737305,443.75921630859375,371.07220458984375,170.525146484375,0.10536191612482071,0.03690037131309509,2.340919017791748,0.0,0.0,0.0,1,0
1789051621.1478903,70.55561245999706,TRACK,FLOW,/home/eunseop/nrs_imitation/checkpoints/flow/polishing/single_cam/20260910_90deg_rel_single/20260910_1606,437.3029479980469,372.5168151855469,174.1053466796875,0.1001904159784317,0.0356975793838501,2.347588300704956,-1.0572752952575684,1.1622811555862427,23.23621940612793,443.75921630859375,371.07220458984375,170.525146484375,0.10536191612482071,0.03690037131309509,2.340919017791748,0.0,0.0,0.0,1,0
1789051621.5067606,70.9144856990024,TRACK,FLOW,/home/eunseop/nrs_imitation/checkpoints/flow/polishing/single_cam/20260910_90deg_rel_single/20260910_1606,437.7216796875,371.4184875488281,174.11512756347656,0.1037469208240509,0.03652562201023102,2.3441431522369385,-6.999113082885742,-0.43974176049232483,29.688173294067383,443.75921630859375,371.07220458984375,170.525146484375,0.10536191612482071,0.03690037131309509,2.340919017791748,0.0,0.0,0.0,1,0
1789051621.7043505,71.11207243299577,TRACK,FLOW,/home/eunseop/nrs_imitation/checkpoints/flow/polishing/single_cam/20260910_90deg_rel_single/20260910_1606,439.1442565917969,370.3760681152344,174.32337951660156,0.10505855083465576,0.037520550191402435,2.3409554958343506,-5.712947368621826,-1.28579580783844,22.03917694091797,439.1442565917969,370.3760681152344,174.32337951660156,0.10505855083465576,0.037520550191402435,2.3409554958343506,0.0,0.0,2.385310173034668,1,0
1789051622.0299976,71.43771953099349,TRACK,FLOW,/home/eunseop/nrs_imitation/checkpoints/flow/polishing/single_cam/20260910_90deg_rel_single/20260910_1606,439.33721923828125,370.5640869140625,174.2935333251953,0.10526420921087265,0.03694452717900276,2.34093976020813,-6.217548370361328,-1.5115433931350708,24.14548110961914,469.9056091308594,351.2764892578125,169.34336853027344,0.08114133775234222,0.043094757944345474,2.34736704826355,0.0,0.0,0.0,1,0
1789051622.5826774,71.99039979999361,TRACK,FLOW,/home/eunseop/nrs_imitation/checkpoints/flow/polishing/single_cam/20260910_90deg_rel_single/20260910_1606,439.64630126953125,370.55487060546875,174.62710571289062,0.1053059995174408,0.037015825510025024,2.3408634662628174,-2.8211374282836914,-0.7105804681777954,10.16845417022705,470.0246887207031,351.1861267089844,169.44329833984375,0.08133457601070404,0.04294447973370552,2.346897840499878,0.0,0.0,0.0,1,0
1789051622.8698342,72.27755654299108,TRACK,FLOW,/home/eunseop/nrs_imitation/checkpoints/flow/polishing/single_cam/20260910_90deg_rel_single/20260910_1606,442.4692687988281,371.6974182128906,174.7008819580078,0.09606073051691055,0.039446767419576645,2.353785514831543,-2.9178266525268555,-1.053632140159607,11.561777114868164,470.0246887207031,351.1861267089844,169.44329833984375,0.08133457601070404,0.04294447973370552,2.346897840499878,0.0,0.0,0.0,1,0
1789051622.8756104,72.28333226499672,TRACK,FLOW,/home/eunseop/nrs_imitation/checkpoints/flow/polishing/single_cam/20260910_90deg_rel_single/20260910_1606,444.19378662109375,372.4219665527344,174.5887908935547,0.08979570865631104,0.041028063744306564,2.3625688552856445,-4.0049519538879395,-1.6207211017608643,14.56167984008789,444.19378662109375,372.4219665527344,174.5887908935547,0.08979570865631104,0.041028063744306564,2.3625688552856445,0.0,0.0,25.182498931884766,1,0
1789051623.6949348,73.10265667199565,TRACK,FLOW,/home/eunseop/nrs_imitation/checkpoints/flow/polishing/single_cam/20260910_90deg_rel_single/20260910_1606,450.0342712402344,372.6177978515625,174.2760009765625,0.07366347312927246,0.04508257657289505,2.3826191425323486,-7.933132171630859,-1.4499152898788452,28.902713775634766,470.0246887207031,351.1861267089844,169.44329833984375,0.08133457601070404,0.04294447973370552,2.346897840499878,0.0,0.0,0.0,1,0
1789051624.0162747,73.42399677500362,TRACK,FLOW,/home/eunseop/nrs_imitation/checkpoints/flow/polishing/single_cam/20260910_90deg_rel_single/20260910_1606,450.9707336425781,371.35748291015625,174.18397521972656,0.07322835922241211,0.045727480202913284,2.3812105655670166,-8.479896545410156,-1.3566137552261353,30.900104522705078,470.0246887207031,351.1861267089844,169.44329833984375,0.08133457601070404,0.04294447973370552,2.346897840499878,0.0,0.0,0.0,1,0
1789051624.016544,73.42426580000028,TRACK,FLOW,/home/eunseop/nrs_imitation/checkpoints/flow/polishing/single_cam/20260910_90deg_rel_single/20260910_1606,450.9707336425781,371.35748291015625,174.18397521972656,0.07322835922241211,0.045727480202913284,2.3812105655670166,-8.479896545410156,-1.3566137552261353,30.900104522705078,450.9707336425781,371.35748291015625,174.18397521972656,0.07322835922241211,0.045727480202913284,2.3812105655670166,0.0,0.0,25.641164779663086,1,0
1789051624.319189,73.72691073399619,TRACK,FLOW,/home/eunseop/nrs_imitation/checkpoints/flow/polishing/single_cam/20260910_90deg_rel_single/20260910_1606,452.51434326171875,369.0244445800781,174.13616943359375,0.07315782457590103,0.0465233288705349,2.3782618045806885,-8.962039947509766,-0.5435344576835632,33.75965118408203,470.0246887207031,351.1861267089844,169.44329833984375,0.08133457601070404,0.04294447973370552,2.346897840499878,0.0,0.0,0.0,1,0
1789051624.3236403,73.73136212400277,TRACK,FLOW,/home/eunseop/nrs_imitation/checkpoints/flow/polishing/single_cam/20260910_90deg_rel_single/20260910_1606,453.88861083984375,367.02276611328125,174.10740661621094,0.07336053252220154,0.046933867037296295,2.3755862712860107,-9.7997465133667,-0.6304500102996826,36.25320816040039,453.88861083984375,367.02276611328125,174.10740661621094,0.07336053252220154,0.046933867037296295,2.3755862712860107,0.0,0.0,6.222341060638428,1,0
1789051624.643253,74.05097532799118,TRACK,FLOW,/home/eunseop/nrs_imitation/checkpoints/flow/polishing/single_cam/20260910_90deg_rel_single/20260910_1606,454.3563537597656,366.32757568359375,174.07745361328125,0.07350891083478928,0.04710576310753822,2.3747377395629883,-9.293414115905762,-0.8521000742912292,37.31605529785156,470.0246887207031,351.1861267089844,169.44329833984375,0.08133457601070404,0.04294447973370552,2.346897840499878,0.0,0.0,0.0,1,0
1789051624.6439288,74.0516506290005,TRACK,FLOW,/home/eunseop/nrs_imitation/checkpoints/flow/polishing/single_cam/20260910_90deg_rel_single/20260910_1606,455.20306396484375,365.0693359375,174.08590698242188,0.07363571971654892,0.047514960169792175,2.3732504844665527,-10.38162612915039,-0.8891271948814392,38.6954460144043,455.20306396484375,365.0693359375,174.08590698242188,0.07363571971654892,0.047514960169792175,2.3732504844665527,0.0,0.0,26.056909561157227,1,0
1789051624.787877,74.19559903799382,TRACK,FLOW,/home/eunseop/nrs_imitation/checkpoints/flow/polishing/single_cam/20260910_90deg_rel_single/20260910_1606,456.0339660644531,363.8768310546875,174.14013671875,0.073693186044693,0.04784053936600685,2.3715643882751465,-9.259103775024414,-0.3472854495048523,34.50785446166992,470.0246887207031,351.1861267089844,169.44329833984375,0.08133457601070404,0.04294447973370552,2.346897840499878,0.0,0.0,0.0,1,0
1789051624.788079,74.19580105399655,TRACK,FLOW,/home/eunseop/nrs_imitation/checkpoints/flow/polishing/single_cam/20260910_90deg_rel_single/20260910_1606,456.0339660644531,363.8768310546875,174.14013671875,0.073693186044693,0.04784053936600685,2.3715643882751465,-9.259103775024414,-0.3472854495048523,34.50785446166992,456.0339660644531,363.8768310546875,174.14013671875,0.073693186044693,0.04784053936600685,2.3715643882751465,0.0,0.0,27.142580032348633,1,0
1789051625.1112735,74.5189951939974,TRACK,FLOW,/home/eunseop/nrs_imitation/checkpoints/flow/polishing/single_cam/20260910_90deg_rel_single/20260910_1606,456.9156799316406,362.7308044433594,174.2025909423828,0.07373889535665512,0.04782942309975624,2.370103597640991,-7.745979309082031,-0.342541366815567,29.3325138092041,470.0246887207031,351.1861267089844,169.44329833984375,0.08133457601070404,0.04294447973370552,2.346897840499878,0.0,0.0,0.0,1,0
1789051625.1157935,74.52351544599514,TRACK,FLOW,/home/eunseop/nrs_imitation/checkpoints/flow/polishing/single_cam/20260910_90deg_rel_single/20260910_1606,458.3973693847656,360.9552917480469,174.28799438476562,0.07370724529027939,0.04773249104619026,2.3677520751953125,-6.9033589363098145,-0.31195563077926636,26.391983032226562,458.3973693847656,360.9552917480469,174.28799438476562,0.07370724529027939,0.04773249104619026,2.3677520751953125,0.0,0.0,26.536863327026367,1,0
1789051625.259925,74.66764667499228,TRACK,FLOW,/home/eunseop/nrs_imitation/checkpoints/flow/polishing/single_cam/20260910_90deg_rel_single/20260910_1606,459.2725524902344,359.7956237792969,174.26773071289062,0.07380279898643494,0.04770426079630852,2.3663737773895264,-6.556556701660156,-0.6875168085098267,25.243379592895508,470.0246887207031,351.1861267089844,169.44329833984375,0.08133457601070404,0.04294447973370552,2.346897840499878,0.0,0.0,0.0,1,0
1789051625.2600808,74.66780276299687,TRACK,FLOW,/home/eunseop/nrs_imitation/checkpoints/flow/polishing/single_cam/20260910_90deg_rel_single/20260910_1606,459.2725524902344,359.7956237792969,174.26773071289062,0.07380279898643494,0.04770426079630852,2.3663737773895264,-6.556556701660156,-0.6875168085098267,25.243379592895508,459.2725524902344,359.7956237792969,174.26773071289062,0.07380279898643494,0.04770426079630852,2.3663737773895264,0.0,0.0,27.384546279907227,1,0
1789051625.7778957,75.18561760699959,TRACK,FLOW,/home/eunseop/nrs_imitation/checkpoints/flow/polishing/single_cam/20260910_90deg_rel_single/20260910_1606,461.19818115234375,357.3157958984375,174.29991149902344,0.0745994821190834,0.047121334820985794,2.3628604412078857,-6.751691818237305,0.06965629011392593,25.5226993560791,456.3177795410156,369.67498779296875,173.0132293701172,0.041548021137714386,0.037726327776908875,2.4010426998138428,0.0,0.0,0.0,1,0
1789051625.9387326,75.34645468399685,TRACK,FLOW,/home/eunseop/nrs_imitation/checkpoints/flow/polishing/single_cam/20260910_90deg_rel_single/20260910_1606,461.8284912109375,356.38775634765625,174.28176879882812,0.07523471117019653,0.04677587002515793,2.361668109893799,-7.046438694000244,-0.16665615141391754,27.049997329711914,461.8284912109375,356.38775634765625,174.28176879882812,0.07523471117019653,0.04677587002515793,2.361668109893799,0.0,0.0,7.087626934051514,1,0
1789051626.3164062,75.72412851899571,TRACK,FLOW,/home/eunseop/nrs_imitation/checkpoints/flow/polishing/single_cam/20260910_90deg_rel_single/20260910_1606,463.9238586425781,353.02679443359375,174.34156799316406,0.07784843444824219,0.045799657702445984,2.3554320335388184,-6.214423656463623,0.4762197434902191,24.22620964050293,449.1817626953125,367.29876708984375,185.7738037109375,0.04919307306408882,0.018942594528198242,2.368624448776245,0.0,0.0,0.0,1,0
1789051627.5019398,76.90966222499264,TRACK,FLOW,/home/eunseop/nrs_imitation/checkpoints/flow/polishing/single_cam/20260910_90deg_rel_single/20260910_1606,465.43017578125,352.5516052246094,175.9050750732422,0.07522730529308319,0.043411411345005035,2.353437900543213,0.26472511887550354,0.2710416316986084,-0.49809303879737854,448.8955383300781,367.45172119140625,186.01266479492188,0.049248043447732925,0.01844874955713749,2.3680553436279297,0.0,0.0,0.0,0,0
1789051627.5022185,76.90994016599143,TRACK,FLOW,/home/eunseop/nrs_imitation/checkpoints/flow/polishing/single_cam/20260910_90deg_rel_single/20260910_1606,465.43017578125,352.5516052246094,175.9050750732422,0.07522730529308319,0.043411411345005035,2.353437900543213,0.26472511887550354,0.2710416316986084,-0.49809303879737854,465.43017578125,352.5516052246094,175.9050750732422,0.07522730529308319,0.043411411345005035,2.353437900543213,0.0,0.0,0.0,0,0
1789051627.7916226,77.1993445979897,TRACK,FLOW,/home/eunseop/nrs_imitation/checkpoints/flow/polishing/single_cam/20260910_90deg_rel_single/20260910_1606,464.2508544921875,354.2872314453125,177.11331176757812,0.06802409142255783,0.043946169316768646,2.3608899116516113,0.6566436290740967,-0.5364102125167847,-1.085728406906128,448.8955383300781,367.45172119140625,186.01266479492188,0.049248043447732925,0.01844874955713749,2.3680553436279297,0.0,0.0,0.0,0,0
1789051628.1164074,77.52412935999746,TRACK,FLOW,/home/eunseop/nrs_imitation/checkpoints/flow/polishing/single_cam/20260910_90deg_rel_single/20260910_1606,462.89129638671875,356.3996887207031,178.312255859375,0.06009794399142265,0.04435838386416435,2.36922287940979,0.02561449073255062,-0.2030249536037445,-0.41527700424194336,448.8955383300781,367.45172119140625,186.01266479492188,0.049248043447732925,0.01844874955713749,2.3680553436279297,0.0,0.0,0.0,0,0
1789051628.4067445,77.81446675499319,TRACK,FLOW,/home/eunseop/nrs_imitation/checkpoints/flow/polishing/single_cam/20260910_90deg_rel_single/20260910_1606,461.5763244628906,358.12939453125,179.4093017578125,0.052761662751436234,0.04538026824593544,2.3769190311431885,0.4062255620956421,-0.14535756409168243,-0.07552821934223175,448.8955383300781,367.45172119140625,186.01266479492188,0.049248043447732925,0.01844874955713749,2.3680553436279297,0.0,0.0,0.0,0,0
1789051628.8199503,78.22767231999023,TRACK,FLOW,/home/eunseop/nrs_imitation/checkpoints/flow/polishing/single_cam/20260910_90deg_rel_single/20260910_1606,459.6351013183594,360.978271484375,181.73707580566406,0.04225803539156914,0.045990895479917526,2.388040065765381,0.3789127767086029,0.021621933206915855,-0.6540995240211487,448.8955383300781,367.45172119140625,186.01266479492188,0.049248043447732925,0.01844874955713749,2.3680553436279297,0.0,0.0,0.0,0,0
1789051629.0914989,78.49922078500094,TRACK,FLOW,/home/eunseop/nrs_imitation/checkpoints/flow/polishing/single_cam/20260910_90deg_rel_single/20260910_1606,458.79058837890625,362.51934814453125,183.37890625,0.03865437209606171,0.043267201632261276,2.3895773887634277,0.8250229954719543,-0.33204859495162964,-0.6482530832290649,448.8955383300781,367.45172119140625,186.01266479492188,0.049248043447732925,0.01844874955713749,2.3680553436279297,0.0,0.0,0.0,0,0
1789051629.4334369,78.84115865999775,TRACK,FLOW,/home/eunseop/nrs_imitation/checkpoints/flow/polishing/single_cam/20260910_90deg_rel_single/20260910_1606,457.80963134765625,364.46240234375,184.90472412109375,0.03529179468750954,0.03946691378951073,2.3900928497314453,0.31785401701927185,0.028010454028844833,-1.0443284511566162,448.8955383300781,367.45172119140625,186.01266479492188,0.049248043447732925,0.01844874955713749,2.3680553436279297,0.0,0.0,0.0,0,0
1789051629.7403255,79.14804726900184,TRACK,FLOW,/home/eunseop/nrs_imitation/checkpoints/flow/polishing/single_cam/20260910_90deg_rel_single/20260910_1606,456.1351318359375,366.76983642578125,185.73123168945312,0.03250381350517273,0.036400966346263885,2.3900182247161865,0.4281367063522339,-0.3171641528606415,0.001493148854933679,448.8955383300781,367.45172119140625,186.01266479492188,0.049248043447732925,0.01844874955713749,2.3680553436279297,0.0,0.0,0.0,0,0
1789051630.192305,79.60002704299404,TRACK,FLOW,/home/eunseop/nrs_imitation/checkpoints/flow/polishing/single_cam/20260910_90deg_rel_single/20260910_1606,453.9366760253906,370.20562744140625,185.5539093017578,0.029761845245957375,0.03310154378414154,2.3908209800720215,-0.38327261805534363,-0.13985313475131989,0.38728058338165283,433.4715576171875,395.13665771484375,170.09664916992188,0.06736816465854645,0.03133748844265938,2.4211249351501465,0.0,0.0,0.0,0,0
1789051630.8217187,80.2294405339926,TRACK,FLOW,/home/eunseop/nrs_imitation/checkpoints/flow/polishing/single_cam/20260910_90deg_rel_single/20260910_1606,450.865478515625,374.2331237792969,182.97879028320312,0.031099965795874596,0.03125991299748421,2.394723892211914,0.852210283279419,-0.2481410652399063,-1.0489540100097656,442.75616455078125,382.68109130859375,170.37525939941406,0.09701885282993317,0.04559875652194023,2.4021224975585938,0.0,0.0,0.0,0,0
1789051631.543106,80.95082790098968,TRACK,FLOW,/home/eunseop/nrs_imitation/checkpoints/flow/polishing/single_cam/20260910_90deg_rel_single/20260910_1606,450.2377624511719,375.51953125,175.4525146484375,0.04042660817503929,0.035577528178691864,2.4054267406463623,-0.37018999457359314,0.2671814262866974,3.111701250076294,450.2377624511719,375.51953125,175.4525146484375,0.04042660817503929,0.035577528178691864,2.4054267406463623,0.0,0.0,23.697063446044922,1,0
1789051632.4414065,81.84912905200326,TRACK,FLOW,/home/eunseop/nrs_imitation/checkpoints/flow/polishing/single_cam/20260910_90deg_rel_single/20260910_1606,450.2585144042969,375.4921569824219,175.4070587158203,0.040488101541996,0.03560660406947136,2.405520439147949,-1.176998496055603,-0.12114077061414719,4.5556769371032715,442.75616455078125,382.68109130859375,170.37525939941406,0.09701885282993317,0.04559875652194023,2.4021224975585938,0.0,0.0,0.0,1,0
1789051632.5850878,81.99280950998946,TRACK,FLOW,/home/eunseop/nrs_imitation/checkpoints/flow/polishing/single_cam/20260910_90deg_rel_single/20260910_1606,455.1964416503906,369.8397521972656,174.71629333496094,0.04154931381344795,0.03734792396426201,2.401216506958008,-3.7523772716522217,-0.1568157821893692,15.534631729125977,455.1964416503906,369.8397521972656,174.71629333496094,0.04154931381344795,0.03734792396426201,2.401216506958008,0.0,0.0,24.025056838989258,1,0
1789051632.6914153,82.09913718799362,TRACK,FLOW,/home/eunseop/nrs_imitation/checkpoints/flow/polishing/single_cam/20260910_90deg_rel_single/20260910_1606,456.0022277832031,368.7533264160156,174.6334991455078,0.041640277951955795,0.037387099117040634,2.399766445159912,-4.278870582580566,-0.11974562704563141,17.4769287109375,442.75616455078125,382.68109130859375,170.37525939941406,0.09701885282993317,0.04559875652194023,2.4021224975585938,0.0,0.0,0.0,1,0
1789051632.834926,82.24264769098954,TRACK,FLOW,/home/eunseop/nrs_imitation/checkpoints/flow/polishing/single_cam/20260910_90deg_rel_single/20260910_1606,456.52532958984375,367.9156188964844,174.53831481933594,0.04172520712018013,0.03735422343015671,2.3981611728668213,-5.207812786102295,0.09263723343610764,20.96954345703125,456.52532958984375,367.9156188964844,174.53831481933594,0.04172520712018013,0.03735422343015671,2.3981611728668213,0.0,0.0,-0.7588837146759033,1,0
1789051632.9782352,82.3859571399953,TRACK,FLOW,/home/eunseop/nrs_imitation/checkpoints/flow/polishing/single_cam/20260910_90deg_rel_single/20260910_1606,457.042236328125,366.6925354003906,174.5254364013672,0.04228521138429642,0.037338096648454666,2.3958113193511963,-4.303251266479492,-0.061247989535331726,18.45403480529785,442.75616455078125,382.68109130859375,170.37525939941406,0.09701885282993317,0.04559875652194023,2.4021224975585938,0.0,0.0,0.0,1,0
1789051633.2651575,82.67288020899286,TRACK,FLOW,/home/eunseop/nrs_imitation/checkpoints/flow/polishing/single_cam/20260910_90deg_rel_single/20260910_1606,457.5072326660156,364.98675537109375,174.3944549560547,0.043914251029491425,0.03512122482061386,2.390688896179199,-4.1302690505981445,0.8862373232841492,21.00389289855957,442.75616455078125,382.68109130859375,170.37525939941406,0.09701885282993317,0.04559875652194023,2.4021224975585938,0.0,0.0,0.0,1,0
1789051633.5159853,82.92370687999937,TRACK,FLOW,/home/eunseop/nrs_imitation/checkpoints/flow/polishing/single_cam/20260910_90deg_rel_single/20260910_1606,457.0803527832031,364.65203857421875,173.87254333496094,0.044314708560705185,0.031141992658376694,2.386032819747925,-2.068716049194336,-0.0702664703130722,36.78977584838867,442.75616455078125,382.68109130859375,170.37525939941406,0.09701885282993317,0.04559875652194023,2.4021224975585938,0.0,0.0,0.0,1,0
1789051633.678528,83.0862502099917,TRACK,FLOW,/home/eunseop/nrs_imitation/checkpoints/flow/polishing/single_cam/20260910_90deg_rel_single/20260910_1606,455.48150634765625,364.1840515136719,175.193115234375,0.04572329297661781,0.03131493553519249,2.3835666179656982,0.8588018417358398,-0.20127160847187042,0.688633382320404,455.48150634765625,364.1840515136719,175.193115234375,0.04572329297661781,0.03131493553519249,2.3835666179656982,0.0,0.0,0.0,0,0
1789051633.6837673,83.09148902600282,TRACK,FLOW,/home/eunseop/nrs_imitation/checkpoints/flow/polishing/single_cam/20260910_90deg_rel_single/20260910_1606,454.4638977050781,364.7641906738281,176.4538116455078,0.046063318848609924,0.028638800606131554,2.381801128387451,0.02565622702240944,-0.2524220645427704,0.003609428880736232,442.75616455078125,382.68109130859375,170.37525939941406,0.09701885282993317,0.04559875652194023,2.4021224975585938,0.0,0.0,0.0,0,0
1789051633.8277795,83.23550189999514,TRACK,FLOW,/home/eunseop/nrs_imitation/checkpoints/flow/polishing/single_cam/20260910_90deg_rel_single/20260910_1606,453.5272216796875,364.8724060058594,177.224609375,0.04653802141547203,0.0278529804199934,2.379713535308838,-0.10281471163034439,-0.42910709977149963,-0.5692330002784729,442.75616455078125,382.68109130859375,170.37525939941406,0.09701885282993317,0.04559875652194023,2.4021224975585938,0.0,0.0,0.0,0,0
1789051634.1121328,83.51985471599619,TRACK,FLOW,/home/eunseop/nrs_imitation/checkpoints/flow/polishing/single_cam/20260910_90deg_rel_single/20260910_1606,453.0408020019531,364.9757080078125,177.82958984375,0.04679632559418678,0.027078740298748016,2.378591299057007,-0.09010538458824158,-0.2017625868320465,-0.19949595630168915,442.75616455078125,382.68109130859375,170.37525939941406,0.09701885282993317,0.04559875652194023,2.4021224975585938,0.0,0.0,0.0,0,0
1789051634.7257705,84.13349231900065,TRACK,FLOW,/home/eunseop/nrs_imitation/checkpoints/flow/polishing/single_cam/20260910_90deg_rel_single/20260910_1606,449.5938720703125,366.8154296875,181.80825805664062,0.048652224242687225,0.0205041766166687,2.3713560104370117,0.8026289343833923,-0.28978267312049866,-1.5492045879364014,434.4982604980469,377.0002746582031,173.2904815673828,0.08804124593734741,0.028056442737579346,2.3581812381744385,0.0,0.0,0.0,0,0
1789051635.0492651,84.45698780899693,TRACK,FLOW,/home/eunseop/nrs_imitation/checkpoints/flow/polishing/single_cam/20260910_90deg_rel_single/20260910_1606,448.30096435546875,367.288330078125,183.11654663085938,0.04895331338047981,0.01854807697236538,2.3681538105010986,0.17915301024913788,-0.19200719892978668,-0.4214995503425598,434.4982604980469,377.0002746582031,173.2904815673828,0.08804124593734741,0.028056442737579346,2.3581812381744385,0.0,0.0,0.0,0,0
1789051635.5892625,84.99698457599152,TRACK,FLOW,/home/eunseop/nrs_imitation/checkpoints/flow/polishing/single_cam/20260910_90deg_rel_single/20260910_1606,448.341552734375,367.2058410644531,186.01625061035156,0.04479052126407623,0.017537498846650124,2.369603157043457,0.6129225492477417,-0.2604306638240814,-1.0814480781555176,434.4982604980469,377.0002746582031,173.2904815673828,0.08804124593734741,0.028056442737579346,2.3581812381744385,0.0,0.0,0.0,0,0
1789051636.0757182,85.48344006299158,TRACK,FLOW,/home/eunseop/nrs_imitation/checkpoints/flow/polishing/single_cam/20260910_90deg_rel_single/20260910_1606,448.66766357421875,367.5587158203125,191.3436737060547,0.035445354878902435,0.014827825129032135,2.3724162578582764,0.08535145223140717,-0.15951351821422577,-0.572008490562439,434.4982604980469,377.0002746582031,173.2904815673828,0.08804124593734741,0.028056442737579346,2.3581812381744385,0.0,0.0,0.0,0,0
1789051637.208019,86.61574086999462,TRACK,FLOW,/home/eunseop/nrs_imitation/checkpoints/flow/polishing/single_cam/20260910_90deg_rel_single/20260910_1606,443.4195251464844,377.02825927734375,191.99078369140625,0.02249104157090187,0.009562318213284016,2.387002468109131,0.35902169346809387,-0.08771195262670517,-0.36638057231903076,434.4982604980469,377.0002746582031,173.2904815673828,0.08804124593734741,0.028056442737579346,2.3581812381744385,0.0,0.0,0.0,0,0
1789051637.2677448,86.67546687400318,TRACK,FLOW,/home/eunseop/nrs_imitation/checkpoints/flow/polishing/single_cam/20260910_90deg_rel_single/20260910_1606,442.6110534667969,379.02862548828125,191.24014282226562,0.020871639251708984,0.009892548434436321,2.3902981281280518,0.18016643822193146,0.10754411667585373,-0.7199333310127258,434.4982604980469,377.0002746582031,173.2904815673828,0.08804124593734741,0.028056442737579346,2.3581812381744385,0.0,0.0,0.0,0,0
1789051637.8227375,87.23045965199708,TRACK,FLOW,/home/eunseop/nrs_imitation/checkpoints/flow/polishing/single_cam/20260910_90deg_rel_single/20260910_1606,442.1116638183594,381.11181640625,190.18663024902344,0.019734973087906837,0.010600047186017036,2.3937649726867676,0.1774136871099472,0.23151859641075134,-0.4534836411476135,434.4982604980469,377.0002746582031,173.2904815673828,0.08804124593734741,0.028056442737579346,2.3581812381744385,0.0,0.0,0.0,0,0
1789051638.378218,87.7859402729955,TRACK,FLOW,/home/eunseop/nrs_imitation/checkpoints/flow/polishing/single_cam/20260910_90deg_rel_single/20260910_1606,440.3464050292969,384.8224792480469,188.0018768310547,0.019720038399100304,0.012300923466682434,2.399868965148926,-0.5518298149108887,-0.22358191013336182,0.17060492932796478,434.4982604980469,377.0002746582031,173.2904815673828,0.08804124593734741,0.028056442737579346,2.3581812381744385,0.0,0.0,0.0,0,0
1789051639.0070162,88.41473804200359,TRACK,FLOW,/home/eunseop/nrs_imitation/checkpoints/flow/polishing/single_cam/20260910_90deg_rel_single/20260910_1606,437.9339904785156,389.05535888671875,184.87379455566406,0.023067738860845566,0.01412907149642706,2.406815528869629,1.0816168785095215,-0.06374973803758621,-1.30866277217865,451.6722106933594,379.2671203613281,168.82052612304688,0.08764097839593887,0.050239820033311844,2.4023661613464355,0.0,0.0,0.0,0,0
1789051639.5277462,88.93546857900219,TRACK,FLOW,/home/eunseop/nrs_imitation/checkpoints/flow/polishing/single_cam/20260910_90deg_rel_single/20260910_1606,435.8023681640625,392.5220642089844,181.5373077392578,0.028944460675120354,0.015808748081326485,2.4133942127227783,0.19400547444820404,-0.5333747267723083,-0.24562957882881165,451.6722106933594,379.2671203613281,168.82052612304688,0.08764097839593887,0.050239820033311844,2.4023661613464355,0.0,0.0,0.0,0,0
1789051641.5785542,90.98627632900025,TRACK,FLOW,/home/eunseop/nrs_imitation/checkpoints/flow/polishing/single_cam/20260910_90deg_rel_single/20260910_1606,435.0651550292969,391.18328857421875,174.5181427001953,0.07687697559595108,0.03686383366584778,2.4168918132781982,-2.7158217430114746,-0.13968779146671295,12.934473037719727,451.6722106933594,379.2671203613281,168.82052612304688,0.08764097839593887,0.050239820033311844,2.4023661613464355,0.0,0.0,0.0,1,0
1789051641.5787165,90.9864381889929,TRACK,FLOW,/home/eunseop/nrs_imitation/checkpoints/flow/polishing/single_cam/20260910_90deg_rel_single/20260910_1606,435.0651550292969,391.18328857421875,174.5181427001953,0.07687697559595108,0.03686383366584778,2.4168918132781982,-2.7158217430114746,-0.13968779146671295,12.934473037719727,435.0651550292969,391.18328857421875,174.5181427001953,0.07687697559595108,0.03686383366584778,2.4168918132781982,0.0,0.0,-0.06722116470336914,1,0
1789051642.367724,91.77544612099882,TRACK,FLOW,/home/eunseop/nrs_imitation/checkpoints/flow/polishing/single_cam/20260910_90deg_rel_single/20260910_1606,439.1405029296875,385.7223205566406,175.067138671875,0.08890113234519958,0.04224378243088722,2.4099676609039307,-1.4431238174438477,-0.1380748301744461,5.0882463455200195,451.6722106933594,379.2671203613281,168.82052612304688,0.08764097839593887,0.050239820033311844,2.4023661613464355,0.0,0.0,0.0,1,0
1789051642.602706,92.01042782199511,TRACK,FLOW,/home/eunseop/nrs_imitation/checkpoints/flow/polishing/single_cam/20260910_90deg_rel_single/20260910_1606,441.1609191894531,383.7537536621094,175.87689208984375,0.09389540553092957,0.04427209496498108,2.4054675102233887,0.21142971515655518,0.028611214831471443,-0.1720784306526184,441.1609191894531,383.7537536621094,175.87689208984375,0.09389540553092957,0.04427209496498108,2.4054675102233887,0.0,0.0,0.0,0,0
1789051642.8870358,92.29475826799171,TRACK,FLOW,/home/eunseop/nrs_imitation/checkpoints/flow/polishing/single_cam/20260910_90deg_rel_single/20260910_1606,442.25933837890625,382.4918212890625,176.7131805419922,0.09669572114944458,0.04565618932247162,2.402181625366211,1.5772839784622192,-0.3316865563392639,-2.5659468173980713,454.5137023925781,372.2079162597656,170.25424194335938,0.10966289043426514,0.05449654161930084,2.3761110305786133,0.0,0.0,0.0,0,0
1789051643.3534002,92.76112264799303,TRACK,FLOW,/home/eunseop/nrs_imitation/checkpoints/flow/polishing/single_cam/20260910_90deg_rel_single/20260910_1606,441.7052001953125,381.97381591796875,177.98379516601562,0.09614929556846619,0.043498456478118896,2.3971385955810547,-0.05026882141828537,-0.17070291936397552,-1.1664832830429077,454.7760009765625,372.0302429199219,170.31320190429688,0.10995043069124222,0.054525766521692276,2.3755757808685303,0.0,0.0,0.0,0,0
1789051643.8066933,93.21441618999233,TRACK,FLOW,/home/eunseop/nrs_imitation/checkpoints/flow/polishing/single_cam/20260910_90deg_rel_single/20260910_1606,438.2864074707031,379.5152893066406,178.35267639160156,0.09248087555170059,0.03666776791214943,2.379183292388916,0.24931371212005615,-0.5839766263961792,-0.5220237374305725,454.7760009765625,372.0302429199219,170.31320190429688,0.10995043069124222,0.054525766521692276,2.3755757808685303,0.0,0.0,0.0,0,0
1789051645.836451,95.24417284299852,TRACK,FLOW,/home/eunseop/nrs_imitation/checkpoints/flow/polishing/single_cam/20260910_90deg_rel_single/20260910_1606,442.6775817871094,383.42315673828125,174.2316436767578,0.08094184845685959,0.04392992705106735,2.404388904571533,-8.385645866394043,-2.6818385124206543,34.57978439331055,454.7760009765625,372.0302429199219,170.31320190429688,0.10995043069124222,0.054525766521692276,2.3755757808685303,0.0,0.0,0.0,1,0
1789051645.836645,95.24436659399362,TRACK,FLOW,/home/eunseop/nrs_imitation/checkpoints/flow/polishing/single_cam/20260910_90deg_rel_single/20260910_1606,442.6775817871094,383.42315673828125,174.2316436767578,0.08094184845685959,0.04392992705106735,2.404388904571533,-8.385645866394043,-2.6818385124206543,34.57978439331055,442.6775817871094,383.42315673828125,174.2316436767578,0.08094184845685959,0.04392992705106735,2.404388904571533,0.0,0.0,25.153865814208984,1,0
1789051646.5361526,95.94387428199116,TRACK,FLOW,/home/eunseop/nrs_imitation/checkpoints/flow/polishing/single_cam/20260910_90deg_rel_single/20260910_1606,447.1403503417969,381.8231506347656,175.1315460205078,0.08296103775501251,0.049340423196554184,2.4095637798309326,-1.166062593460083,-0.5527238845825195,5.3915791511535645,454.7760009765625,372.0302429199219,170.31320190429688,0.10995043069124222,0.054525766521692276,2.3755757808685303,0.0,0.0,0.0,1,0
1789051646.7522721,96.15999383298913,TRACK,FLOW,/home/eunseop/nrs_imitation/checkpoints/flow/polishing/single_cam/20260910_90deg_rel_single/20260910_1606,448.8262634277344,380.5732727050781,175.2843475341797,0.08502740412950516,0.04968075081706047,2.4066741466522217,-1.4894243478775024,-0.24154947698116302,4.5096282958984375,448.8262634277344,380.5732727050781,175.2843475341797,0.08502740412950516,0.04968075081706047,2.4066741466522217,0.0,0.0,26.38118553161621,1,0
1789051647.2547107,96.66243303299416,TRACK,FLOW,/home/eunseop/nrs_imitation/checkpoints/flow/polishing/single_cam/20260910_90deg_rel_single/20260910_1606,450.67626953125,379.0220947265625,174.71726989746094,0.08836399763822556,0.049485206604003906,2.4017062187194824,-3.739529848098755,-1.2174564599990845,19.35236930847168,461.50128173828125,367.2221374511719,169.56057739257812,0.09946587681770325,0.06034739688038826,2.3855161666870117,0.0,0.0,0.0,1,0
1789051647.4516768,96.85939879500074,TRACK,FLOW,/home/eunseop/nrs_imitation/checkpoints/flow/polishing/single_cam/20260910_90deg_rel_single/20260910_1606,449.423583984375,376.7385559082031,174.35813903808594,0.09983742237091064,0.05293365567922592,2.3904333114624023,-0.6112893223762512,1.2101889848709106,24.512680053710938,449.423583984375,376.7385559082031,174.35813903808594,0.09983742237091064,0.05293365567922592,2.3904333114624023,0.0,0.0,27.379804611206055,1,0
1789051647.7188752,97.12659733000328,TRACK,FLOW,/home/eunseop/nrs_imitation/checkpoints/flow/polishing/single_cam/20260910_90deg_rel_single/20260910_1606,449.67181396484375,375.0744934082031,174.43959045410156,0.10490032285451889,0.05478733032941818,2.3846123218536377,-6.1047444343566895,0.14697344601154327,30.09622573852539,461.7812805175781,367.036865234375,169.6172332763672,0.0996738076210022,0.06035096198320389,2.384923219680786,0.0,0.0,0.0,1,0
1789051648.151311,97.55903299700003,TRACK,FLOW,/home/eunseop/nrs_imitation/checkpoints/flow/polishing/single_cam/20260910_90deg_rel_single/20260910_1606,452.8260803222656,372.1926574707031,174.64712524414062,0.10924140363931656,0.05427180603146553,2.376538038253784,-5.2561540603637695,-1.1429941654205322,23.335323333740234,461.7812805175781,367.036865234375,169.6172332763672,0.0996738076210022,0.06035096198320389,2.384923219680786,0.0,0.0,0.0,1,0
1789051648.5804493,97.98817118999432,TRACK,FLOW,/home/eunseop/nrs_imitation/checkpoints/flow/polishing/single_cam/20260910_90deg_rel_single/20260910_1606,454.2926940917969,371.6380615234375,174.15628051757812,0.09882061928510666,0.05815650150179863,2.391890287399292,-14.65688419342041,-4.199918746948242,51.17349624633789,461.7812805175781,367.036865234375,169.6172332763672,0.0996738076210022,0.06035096198320389,2.384923219680786,0.0,0.0,0.0,1,0
1789051649.193815,98.6015372230031,TRACK,FLOW,/home/eunseop/nrs_imitation/checkpoints/flow/polishing/single_cam/20260910_90deg_rel_single/20260910_1606,457.6524963378906,367.55426025390625,174.5843505859375,0.09800179302692413,0.06102727726101875,2.3887031078338623,-5.581722259521484,-1.3639570474624634,21.554550170898438,461.7812805175781,367.036865234375,169.6172332763672,0.0996738076210022,0.06035096198320389,2.384923219680786,0.0,0.0,0.0,1,0
1789051650.7176697,100.12539171500248,TRACK,FLOW,/home/eunseop/nrs_imitation/checkpoints/flow/polishing/single_cam/20260910_90deg_rel_single/20260910_1606,458.7554016113281,366.43353271484375,174.48721313476562,0.09959864616394043,0.06042499467730522,2.384889841079712,-4.76675271987915,-0.3960484266281128,27.75105094909668,461.7812805175781,367.036865234375,169.6172332763672,0.0996738076210022,0.06035096198320389,2.384923219680786,0.0,0.0,0.0,1,0
1789051650.9761162,100.383837906993,TRACK,FLOW,/home/eunseop/nrs_imitation/checkpoints/flow/polishing/single_cam/20260910_90deg_rel_single/20260910_1606,458.69512939453125,366.4723205566406,174.47845458984375,0.0996321439743042,0.06043744832277298,2.385007619857788,-4.569859027862549,-0.580258846282959,27.68996238708496,458.69512939453125,366.4723205566406,174.47845458984375,0.0996321439743042,0.06043744832277298,2.385007619857788,0.0,0.0,21.917572021484375,1,0
1789051651.1311693,100.53889164199063,TRACK,FLOW,/home/eunseop/nrs_imitation/checkpoints/flow/polishing/single_cam/20260910_90deg_rel_single/20260910_1606,458.7203369140625,366.49188232421875,174.50828552246094,0.09957483410835266,0.06040646880865097,2.385024070739746,-4.309432029724121,-0.5506995320320129,28.065399169921875,446.80517578125,373.50616455078125,194.54458618164062,0.04298162832856178,0.015028798021376133,2.369396686553955,0.0,0.0,0.0,1,0
1789051652.799368,102.20708995599125,TRACK,FLOW,/home/eunseop/nrs_imitation/checkpoints/flow/polishing/single_cam/20260910_90deg_rel_single/20260910_1606,461.1490478515625,359.6182556152344,174.4100799560547,0.059411656111478806,0.05650445073843002,2.392200469970703,-5.430790424346924,-0.32206809520721436,21.24993133544922,434.9720764160156,380.4562683105469,194.29391479492188,0.05763634666800499,0.005021468736231327,2.3623046875,0.0,0.0,0.0,1,0
1789051652.7995415,102.2072633279895,TRACK,FLOW,/home/eunseop/nrs_imitation/checkpoints/flow/polishing/single_cam/20260910_90deg_rel_single/20260910_1606,461.1490478515625,359.6182556152344,174.4100799560547,0.059411656111478806,0.05650445073843002,2.392200469970703,-5.430790424346924,-0.32206809520721436,21.24993133544922,461.1490478515625,359.6182556152344,174.4100799560547,0.059411656111478806,0.05650445073843002,2.392200469970703,0.0,0.0,24.309247970581055,1,0
1789051653.1430922,102.55081402500218,TRACK,FLOW,/home/eunseop/nrs_imitation/checkpoints/flow/polishing/single_cam/20260910_90deg_rel_single/20260910_1606,463.87432861328125,357.82476806640625,174.55482482910156,0.05498345196247101,0.05394739657640457,2.388427495956421,-5.663298606872559,-1.3084126710891724,20.524803161621094,434.9720764160156,380.4562683105469,194.29391479492188,0.05763634666800499,0.005021468736231327,2.3623046875,0.0,0.0,0.0,1,0
1789051653.575569,102.98329096399539,TRACK,FLOW,/home/eunseop/nrs_imitation/checkpoints/flow/polishing/single_cam/20260910_90deg_rel_single/20260910_1606,466.19683837890625,355.48870849609375,174.6235809326172,0.04726322740316391,0.05257515236735344,2.3856289386749268,-3.27890682220459,-0.18095459043979645,12.796770095825195,434.9720764160156,380.4562683105469,194.29391479492188,0.05763634666800499,0.005021468736231327,2.3623046875,0.0,0.0,0.0,1,0
1789051653.575715,102.98343694300274,TRACK,FLOW,/home/eunseop/nrs_imitation/checkpoints/flow/polishing/single_cam/20260910_90deg_rel_single/20260910_1606,466.19683837890625,355.48870849609375,174.6235809326172,0.04726322740316391,0.05257515236735344,2.3856289386749268,-3.27890682220459,-0.18095459043979645,12.796770095825195,466.19683837890625,355.48870849609375,174.6235809326172,0.04726322740316391,0.05257515236735344,2.3856289386749268,0.0,0.0,19.46636390686035,1,0
1789051654.133654,103.5413758319919,TRACK,FLOW,/home/eunseop/nrs_imitation/checkpoints/flow/polishing/single_cam/20260910_90deg_rel_single/20260910_1606,467.8203430175781,354.1793212890625,174.27029418945312,0.03521455451846123,0.04961284250020981,2.3839282989501953,-4.785460472106934,-1.0602295398712158,17.59564208984375,434.9720764160156,380.4562683105469,194.29391479492188,0.05763634666800499,0.005021468736231327,2.3623046875,0.0,0.0,0.0,1,0
1789051654.3488033,103.75652523999452,TRACK,FLOW,/home/eunseop/nrs_imitation/checkpoints/flow/polishing/single_cam/20260910_90deg_rel_single/20260910_1606,467.7842102050781,354.1400146484375,175.0565185546875,0.03241569548845291,0.04925894737243652,2.383086681365967,-0.9508114457130432,-0.690254271030426,4.540377140045166,467.7842102050781,354.1400146484375,175.0565185546875,0.03241569548845291,0.04925894737243652,2.383086681365967,0.0,0.0,12.212387084960938,1,0
1789051654.5278995,103.93562146999466,TRACK,FLOW,/home/eunseop/nrs_imitation/checkpoints/flow/polishing/single_cam/20260910_90deg_rel_single/20260910_1606,467.5061950683594,354.30035400390625,174.6467742919922,0.029706383123993874,0.047604430466890335,2.382699966430664,1.1985384225845337,-0.27942702174186707,5.248313903808594,434.9720764160156,380.4562683105469,194.29391479492188,0.05763634666800499,0.005021468736231327,2.3623046875,0.0,0.0,0.0,1,0
1789051654.720114,104.12783618998947,TRACK,FLOW,/home/eunseop/nrs_imitation/checkpoints/flow/polishing/single_cam/20260910_90deg_rel_single/20260910_1606,467.6883544921875,355.28692626953125,173.8522186279297,0.02769024297595024,0.04438871890306473,2.3820371627807617,-3.885282039642334,-1.168619990348816,39.82996368408203,467.6883544921875,355.28692626953125,173.8522186279297,0.02769024297595024,0.04438871890306473,2.3820371627807617,0.0,0.0,19.46636390686035,1,0
1789051654.9005566,104.30827889499778,TRACK,FLOW,/home/eunseop/nrs_imitation/checkpoints/flow/polishing/single_cam/20260910_90deg_rel_single/20260910_1606,466.84527587890625,355.5029602050781,174.77728271484375,0.02697191946208477,0.04453020542860031,2.3811135292053223,1.4049558639526367,-0.5434461832046509,3.2183780670166016,434.9720764160156,380.4562683105469,194.29391479492188,0.05763634666800499,0.005021468736231327,2.3623046875,0.0,0.0,0.0,1,0
1789051655.2779756,104.68569855399255,TRACK,FLOW,/home/eunseop/nrs_imitation/checkpoints/flow/polishing/single_cam/20260910_90deg_rel_single/20260910_1606,465.57293701171875,357.1899719238281,174.455810546875,0.024714123457670212,0.04049002379179001,2.3789429664611816,2.97110652923584,-0.8290729522705078,8.485633850097656,415.2236328125,381.9205322265625,197.36651611328125,0.02347395196557045,-0.021917609497904778,2.3399791717529297,0.0,0.0,0.0,1,0
1789051655.2782252,104.6859469589981,TRACK,FLOW,/home/eunseop/nrs_imitation/checkpoints/flow/polishing/single_cam/20260910_90deg_rel_single/20260910_1606,465.57293701171875,357.1899719238281,174.455810546875,0.024714123457670212,0.04049002379179001,2.3789429664611816,2.97110652923584,-0.8290729522705078,8.485633850097656,465.57293701171875,357.1899719238281,174.455810546875,0.024714123457670212,0.04049002379179001,2.3789429664611816,0.0,0.0,22.358413696289062,1,0
1789051655.6389945,105.04671692800184,TRACK,FLOW,/home/eunseop/nrs_imitation/checkpoints/flow/polishing/single_cam/20260910_90deg_rel_single/20260910_1606,463.8988342285156,359.0928955078125,173.98228454589844,0.024855144321918488,0.03704648092389107,2.377488374710083,4.198235988616943,-1.6026549339294434,19.867881774902344,415.2236328125,381.9205322265625,197.36651611328125,0.02347395196557045,-0.021917609497904778,2.3399791717529297,0.0,0.0,0.0,1,0
1789051655.853989,105.26171100800275,TRACK,FLOW,/home/eunseop/nrs_imitation/checkpoints/flow/polishing/single_cam/20260910_90deg_rel_single/20260910_1606,463.03643798828125,359.7830505371094,174.03086853027344,0.02547091618180275,0.03591201454401016,2.377019166946411,5.404876708984375,-0.6700869202613831,13.548314094543457,463.03643798828125,359.7830505371094,174.03086853027344,0.02547091618180275,0.03591201454401016,2.377019166946411,0.0,0.0,21.318965911865234,1,0
1789051655.9815032,105.3892249519995,TRACK,FLOW,/home/eunseop/nrs_imitation/checkpoints/flow/polishing/single_cam/20260910_90deg_rel_single/20260910_1606,461.9589538574219,361.23333740234375,173.82931518554688,0.026441479101777077,0.033384259790182114,2.376270294189453,5.1261186599731445,-0.14539313316345215,24.09906578063965,415.2236328125,381.9205322265625,197.36651611328125,0.02347395196557045,-0.021917609497904778,2.3399791717529297,0.0,0.0,0.0,1,0
1789051656.3445542,105.7522765629983,TRACK,FLOW,/home/eunseop/nrs_imitation/checkpoints/flow/polishing/single_cam/20260910_90deg_rel_single/20260910_1606,459.85540771484375,362.9287109375,173.95272827148438,0.028574340045452118,0.030644236132502556,2.3752474784851074,5.291625499725342,-0.5371673703193665,15.727554321289062,459.85540771484375,362.9287109375,173.95272827148438,0.028574340045452118,0.030644236132502556,2.3752474784851074,0.0,0.0,20.797245025634766,1,0
1789051656.5079954,105.91571742299129,TRACK,FLOW,/home/eunseop/nrs_imitation/checkpoints/flow/polishing/single_cam/20260910_90deg_rel_single/20260910_1606,458.72265625,363.88165283203125,173.98060607910156,0.03003820590674877,0.028953609988093376,2.374575614929199,5.058533668518066,-0.3739376366138458,15.91124439239502,415.2236328125,381.9205322265625,197.36651611328125,0.02347395196557045,-0.021917609497904778,2.3399791717529297,0.0,0.0,0.0,1,0
1789051656.8684375,106.27615933500056,TRACK,FLOW,/home/eunseop/nrs_imitation/checkpoints/flow/polishing/single_cam/20260910_90deg_rel_single/20260910_1606,456.3426513671875,365.8845520019531,173.9530029296875,0.03285086154937744,0.025564044713974,2.3737387657165527,4.860010147094727,-1.1573878526687622,15.048874855041504,415.2236328125,381.9205322265625,197.36651611328125,0.02347395196557045,-0.021917609497904778,2.3399791717529297,0.0,0.0,0.0,1,0
1789051658.2508593,107.65858136399765,TRACK,FLOW,/home/eunseop/nrs_imitation/checkpoints/flow/polishing/single_cam/20260910_90deg_rel_single/20260910_1606,446.5075988769531,373.229248046875,173.76795959472656,0.04303352162241936,0.015095864422619343,2.369370698928833,6.826413154602051,-0.20700649917125702,19.411161422729492,415.2236328125,381.9205322265625,197.36651611328125,0.02347395196557045,-0.021917609497904778,2.3399791717529297,0.0,0.0,0.0,1,0
1789051658.7189062,108.12662843900034,TRACK,FLOW,/home/eunseop/nrs_imitation/checkpoints/flow/polishing/single_cam/20260910_90deg_rel_single/20260910_1606,442.476318359375,376.0378723144531,173.74417114257812,0.048072848469018936,0.011201108805835247,2.3668854236602783,6.196071147918701,0.20232968032360077,21.258312225341797,415.2236328125,381.9205322265625,197.36651611328125,0.02347395196557045,-0.021917609497904778,2.3399791717529297,0.0,0.0,0.0,1,0
1789051659.0796852,108.48740678399918,TRACK,FLOW,/home/eunseop/nrs_imitation/checkpoints/flow/polishing/single_cam/20260910_90deg_rel_single/20260910_1606,439.6568603515625,377.9472961425781,173.70762634277344,0.05199020728468895,0.008796346373856068,2.3655431270599365,6.526796817779541,-0.19201980531215668,20.904727935791016,439.6568603515625,377.9472961425781,173.70762634277344,0.05199020728468895,0.008796346373856068,2.3655431270599365,0.0,0.0,1.4070954322814941,1,0
1789051659.2418323,108.64955399199971,TRACK,FLOW,/home/eunseop/nrs_imitation/checkpoints/flow/polishing/single_cam/20260910_90deg_rel_single/20260910_1606,438.1704406738281,378.9064025878906,173.71743774414062,0.0540461391210556,0.007459741551429033,2.3647825717926025,6.832404136657715,0.17840991914272308,20.44976043701172,415.2236328125,381.9205322265625,197.36651611328125,0.02347395196557045,-0.021917609497904778,2.3399791717529297,0.0,0.0,0.0,1,0
1789051659.4204028,108.82812458799162,TRACK,FLOW,/home/eunseop/nrs_imitation/checkpoints/flow/polishing/single_cam/20260910_90deg_rel_single/20260910_1606,436.4098815917969,379.97113037109375,173.73773193359375,0.05620627477765083,0.005825245752930641,2.363219976425171,6.4415669441223145,0.18155232071876526,21.0527286529541,436.4098815917969,379.97113037109375,173.73773193359375,0.05620627477765083,0.005825245752930641,2.363219976425171,0.0,0.0,2.795344352722168,1,0
1789051659.6005619,109.00828387199726,TRACK,FLOW,/home/eunseop/nrs_imitation/checkpoints/flow/polishing/single_cam/20260910_90deg_rel_single/20260910_1606,435.7825012207031,380.3111267089844,173.75038146972656,0.057019442319869995,0.0052889673970639706,2.3624889850616455,5.936734199523926,-0.27753782272338867,19.40520668029785,451.6925048828125,374.6210021972656,166.8550567626953,0.0631437599658966,0.03860259801149368,2.378793478012085,0.0,0.0,0.0,1,0
1789051660.1772287,109.58495117998973,TRACK,FLOW,/home/eunseop/nrs_imitation/checkpoints/flow/polishing/single_cam/20260910_90deg_rel_single/20260910_1606,433.9341735839844,379.6684265136719,175.48348999023438,0.035685304552316666,-0.0010489232372492552,2.3601033687591553,1.2739362716674805,-0.8198058009147644,-0.4430572986602783,464.8139953613281,359.5811767578125,167.58193969726562,0.07488368451595306,0.038200631737709045,2.3544652462005615,0.0,0.0,0.0,0,0
1789051660.1775093,109.5852310850023,TRACK,FLOW,/home/eunseop/nrs_imitation/checkpoints/flow/polishing/single_cam/20260910_90deg_rel_single/20260910_1606,433.9341735839844,379.6684265136719,175.48348999023438,0.035685304552316666,-0.0010489232372492552,2.3601033687591553,1.2739362716674805,-0.8198058009147644,-0.4430572986602783,433.9341735839844,379.6684265136719,175.48348999023438,0.035685304552316666,-0.0010489232372492552,2.3601033687591553,0.0,0.0,0.0,0,0
1789051661.3937936,110.801515551997,TRACK,FLOW,/home/eunseop/nrs_imitation/checkpoints/flow/polishing/single_cam/20260910_90deg_rel_single/20260910_1606,431.3857727050781,378.9350891113281,177.6585693359375,0.0019784499891102314,-0.012829451821744442,2.3555264472961426,1.7595897912979126,-0.8374027609825134,-0.849095344543457,465.0607604980469,359.41302490234375,167.6484375,0.07512006163597107,0.038129158318042755,2.3540079593658447,0.0,0.0,0.0,0,0
1789051661.8259811,111.23370307098958,TRACK,FLOW,/home/eunseop/nrs_imitation/checkpoints/flow/polishing/single_cam/20260910_90deg_rel_single/20260910_1606,418.8562927246094,381.7715148925781,180.91116333007812,0.018878182396292686,-0.020620454102754593,2.343731641769409,1.013218879699707,-0.335227370262146,-0.20113417506217957,465.0607604980469,359.41302490234375,167.6484375,0.07512006163597107,0.038129158318042755,2.3540079593658447,0.0,0.0,0.0,0,0
1789051662.0999506,111.50767239400011,TRACK,FLOW,/home/eunseop/nrs_imitation/checkpoints/flow/polishing/single_cam/20260910_90deg_rel_single/20260910_1606,415.9245910644531,381.80047607421875,182.78758239746094,0.023215141147375107,-0.0213049054145813,2.340175151824951,0.689653754234314,-0.4250045120716095,0.01465726736932993,465.0607604980469,359.41302490234375,167.6484375,0.07512006163597107,0.038129158318042755,2.3540079593658447,0.0,0.0,0.0,0,0
1789051662.1558115,111.56353334999585,TRACK,FLOW,/home/eunseop/nrs_imitation/checkpoints/flow/polishing/single_cam/20260910_90deg_rel_single/20260910_1606,415.92718505859375,381.7866516113281,183.06680297851562,0.023299936205148697,-0.021348698064684868,2.3400909900665283,-0.10154398530721664,-0.42858943343162537,0.4395231604576111,465.0607604980469,359.41302490234375,167.6484375,0.07512006163597107,0.038129158318042755,2.3540079593658447,0.0,0.0,0.0,0,0
1789051662.4718976,111.87961991399061,TRACK,FLOW,/home/eunseop/nrs_imitation/checkpoints/flow/polishing/single_cam/20260910_90deg_rel_single/20260910_1606,415.9090576171875,381.9900817871094,183.54257202148438,0.02358338050544262,-0.021717295050621033,2.340283155441284,-0.22222037613391876,-0.9552374482154846,0.8009909987449646,465.0607604980469,359.41302490234375,167.6484375,0.07512006163597107,0.038129158318042755,2.3540079593658447,0.0,0.0,0.0,0,0
1789051662.7786598,112.18638215199462,TRACK,FLOW,/home/eunseop/nrs_imitation/checkpoints/flow/polishing/single_cam/20260910_90deg_rel_single/20260910_1606,417.3886413574219,382.2065734863281,182.7073974609375,0.028060568496584892,-0.018722740933299065,2.344428539276123,0.03232201188802719,-0.32315582036972046,0.3120589256286621,465.0607604980469,359.41302490234375,167.6484375,0.07512006163597107,0.038129158318042755,2.3540079593658447,0.0,0.0,0.0,0,0
1789051663.1171598,112.52488186499977,TRACK,FLOW,/home/eunseop/nrs_imitation/checkpoints/flow/polishing/single_cam/20260910_90deg_rel_single/20260910_1606,418.87188720703125,382.1022033691406,181.19644165039062,0.03232189267873764,-0.014943310990929604,2.348827600479126,0.8764601349830627,-0.18710491061210632,-0.6766636967658997,465.0607604980469,359.41302490234375,167.6484375,0.07512006163597107,0.038129158318042755,2.3540079593658447,0.0,0.0,0.0,0,0
1789051663.4412675,112.84898950500065,TRACK,FLOW,/home/eunseop/nrs_imitation/checkpoints/flow/polishing/single_cam/20260910_90deg_rel_single/20260910_1606,420.7040710449219,382.2333984375,179.66488647460938,0.03735844045877457,-0.011207310482859612,2.3537368774414062,0.7626199722290039,-0.32277265191078186,-0.9092958569526672,465.0607604980469,359.41302490234375,167.6484375,0.07512006163597107,0.038129158318042755,2.3540079593658447,0.0,0.0,0.0,0,0
1789051663.7826302,113.19035196199547,TRACK,FLOW,/home/eunseop/nrs_imitation/checkpoints/flow/polishing/single_cam/20260910_90deg_rel_single/20260910_1606,422.6468811035156,382.2883605957031,177.44778442382812,0.043300338089466095,-0.006402680184692144,2.359410524368286,0.5950371026992798,-0.19441662728786469,-0.9276490807533264,440.04998779296875,376.31976318359375,170.69630432128906,0.0916568860411644,0.03499390929937363,2.3512990474700928,0.0,0.0,0.0,0,0
1789051664.091943,113.49966528700315,TRACK,FLOW,/home/eunseop/nrs_imitation/checkpoints/flow/polishing/single_cam/20260910_90deg_rel_single/20260910_1606,424.1659240722656,382.4444580078125,175.926025390625,0.04775022342801094,-0.0031349705532193184,2.3637900352478027,0.5487335920333862,-0.6073906421661377,-1.0364956855773926,440.04998779296875,376.31976318359375,170.69630432128906,0.0916568860411644,0.03499390929937363,2.3512990474700928,0.0,0.0,0.0,0,0
1789051664.2561197,113.66384166399075,TRACK,FLOW,/home/eunseop/nrs_imitation/checkpoints/flow/polishing/single_cam/20260910_90deg_rel_single/20260910_1606,424.89813232421875,382.4894714355469,175.09832763671875,0.04997305944561958,-0.0015051801456138492,2.3658828735351562,-0.9960829019546509,-0.5054439306259155,5.968357563018799,424.89813232421875,382.4894714355469,175.09832763671875,0.04997305944561958,-0.0015051801456138492,2.3658828735351562,0.0,0.0,22.937013626098633,1,0
1789051664.3785884,113.78631176699128,TRACK,FLOW,/home/eunseop/nrs_imitation/checkpoints/flow/polishing/single_cam/20260910_90deg_rel_single/20260910_1606,425.8252868652344,382.7184143066406,174.47500610351562,0.05247703194618225,-0.00017174374079331756,2.368448495864868,-4.084041118621826,-1.4869428873062134,17.581100463867188,440.04998779296875,376.31976318359375,170.69630432128906,0.0916568860411644,0.03499390929937363,2.3512990474700928,0.0,0.0,0.0,1,0
1789051665.775236,115.18295756999578,TRACK,FLOW,/home/eunseop/nrs_imitation/checkpoints/flow/polishing/single_cam/20260910_90deg_rel_single/20260910_1606,426.7336120605469,391.46502685546875,172.598876953125,0.05910424143075943,0.007259785197675228,2.3854527473449707,-24.41998863220215,-10.103083610534668,98.910400390625,426.7336120605469,391.46502685546875,172.598876953125,0.05910424143075943,0.007259785197675228,2.3854527473449707,0.0,0.0,20.436864852905273,1,0
1789051665.95515,115.36287162499502,TRACK,FLOW,/home/eunseop/nrs_imitation/checkpoints/flow/polishing/single_cam/20260910_90deg_rel_single/20260910_1606,426.7228088378906,391.33599853515625,172.90621948242188,0.058969706296920776,0.008714353665709496,2.387622117996216,-19.062952041625977,-3.7260453701019287,76.58489227294922,440.04998779296875,376.31976318359375,170.69630432128906,0.0916568860411644,0.03499390929937363,2.3512990474700928,0.0,0.0,0.0,1,0
1789051666.2585385,115.66626037399692,TRACK,FLOW,/home/eunseop/nrs_imitation/checkpoints/flow/polishing/single_cam/20260910_90deg_rel_single/20260910_1606,428.01043701171875,392.4510498046875,172.83595275878906,0.05926801264286041,0.013295573182404041,2.3913159370422363,-25.475862503051758,-6.009875774383545,77.03551483154297,428.01043701171875,392.4510498046875,172.83595275878906,0.05926801264286041,0.013295573182404041,2.3913159370422363,0.0,0.0,18.222427368164062,1,0
1789051666.4551523,115.86287453799741,TRACK,FLOW,/home/eunseop/nrs_imitation/checkpoints/flow/polishing/single_cam/20260910_90deg_rel_single/20260910_1606,428.7117614746094,392.9023742675781,172.52764892578125,0.05982763692736626,0.015811823308467865,2.392545700073242,-27.980924606323242,-10.096553802490234,75.77909088134766,440.04998779296875,376.31976318359375,170.69630432128906,0.0916568860411644,0.03499390929937363,2.3512990474700928,0.0,0.0,0.0,1,0
1789051666.8289125,116.23663444499834,TRACK,FLOW,/home/eunseop/nrs_imitation/checkpoints/flow/polishing/single_cam/20260910_90deg_rel_single/20260910_1606,430.70831298828125,391.7871398925781,172.03997802734375,0.06191665306687355,0.0230319332331419,2.395320177078247,-28.27176284790039,-29.110876083374023,31.81330680847168,440.04998779296875,376.31976318359375,170.69630432128906,0.0916568860411644,0.03499390929937363,2.3512990474700928,0.0,0.0,0.0,1,0
1789051666.8819764,116.28969798400067,TRACK,FLOW,/home/eunseop/nrs_imitation/checkpoints/flow/polishing/single_cam/20260910_90deg_rel_single/20260910_1606,431.37750244140625,390.7079772949219,171.89329528808594,0.06307214498519897,0.024264365434646606,2.395293712615967,-33.43759536743164,-34.67601013183594,23.04999351501465,431.37750244140625,390.7079772949219,171.89329528808594,0.06307214498519897,0.024264365434646606,2.395293712615967,0.0,0.0,21.67640495300293,1,0
1789051667.0278406,116.4355622419971,TRACK,FLOW,/home/eunseop/nrs_imitation/checkpoints/flow/polishing/single_cam/20260910_90deg_rel_single/20260910_1606,431.8966369628906,389.12420654296875,171.93792724609375,0.0642191618680954,0.02540660835802555,2.3950281143188477,-53.39736557006836,-28.236995697021484,43.20375061035156,440.04998779296875,376.31976318359375,170.69630432128906,0.0916568860411644,0.03499390929937363,2.3512990474700928,0.0,0.0,0.0,1,0
1789051667.1717849,116.57950677999179,TRACK,FLOW,/home/eunseop/nrs_imitation/checkpoints/flow/polishing/single_cam/20260910_90deg_rel_single/20260910_1606,431.6235046386719,386.5793762207031,172.40255737304688,0.06310093402862549,0.026100026443600655,2.394153594970703,-27.832035064697266,0.4420578181743622,102.52775573730469,440.04998779296875,376.31976318359375,170.69630432128906,0.0916568860411644,0.03499390929937363,2.3512990474700928,0.0,0.0,0.0,1,0
1789051667.1719668,116.57968855799118,TRACK,FLOW,/home/eunseop/nrs_imitation/checkpoints/flow/polishing/single_cam/20260910_90deg_rel_single/20260910_1606,431.6235046386719,386.5793762207031,172.40255737304688,0.06310093402862549,0.026100026443600655,2.394153594970703,-27.832035064697266,0.4420578181743622,102.52775573730469,431.6235046386719,386.5793762207031,172.40255737304688,0.06310093402862549,0.026100026443600655,2.394153594970703,0.0,0.0,22.46658706665039,1,0
1789051667.9815423,117.38926603599975,TRACK,FLOW,/home/eunseop/nrs_imitation/checkpoints/flow/polishing/single_cam/20260910_90deg_rel_single/20260910_1606,432.88812255859375,383.611328125,172.5191192626953,0.06377801299095154,0.03029586561024189,2.391127347946167,-29.67344856262207,-3.1041369438171387,98.90835571289062,473.6136474609375,353.143310546875,170.61929321289062,0.03333337977528572,0.05228336155414581,2.3973090648651123,0.0,0.0,0.0,1,0
1789051668.249441,117.65716287099349,TRACK,FLOW,/home/eunseop/nrs_imitation/checkpoints/flow/polishing/single_cam/20260910_90deg_rel_single/20260910_1606,433.33380126953125,380.5466003417969,173.01834106445312,0.06422196328639984,0.03632473200559616,2.388984441757202,-17.304353713989258,-0.7241339683532715,65.53858947753906,433.33380126953125,380.5466003417969,173.01834106445312,0.06422196328639984,0.03632473200559616,2.388984441757202,0.0,0.0,20.025503158569336,1,0
1789051668.60631,118.01403176599706,TRACK,FLOW,/home/eunseop/nrs_imitation/checkpoints/flow/polishing/single_cam/20260910_90deg_rel_single/20260910_1606,436.0187683105469,378.28802490234375,173.7252960205078,0.06141860410571098,0.037256281822919846,2.3871898651123047,-8.929349899291992,-1.5248675346374512,31.00478744506836,473.6136474609375,353.143310546875,170.61929321289062,0.03333337977528572,0.05228336155414581,2.3973090648651123,0.0,0.0,0.0,1,0
1789051669.1447275,118.55244977299299,TRACK,FLOW,/home/eunseop/nrs_imitation/checkpoints/flow/polishing/single_cam/20260910_90deg_rel_single/20260910_1606,441.10931396484375,374.4127502441406,174.0792694091797,0.06184132769703865,0.03782542049884796,2.381805896759033,-6.187719345092773,-0.987945556640625,21.15359115600586,473.6136474609375,353.143310546875,170.61929321289062,0.03333337977528572,0.05228336155414581,2.3973090648651123,0.0,0.0,0.0,1,0
1789051669.1449304,118.55265204899479,TRACK,FLOW,/home/eunseop/nrs_imitation/checkpoints/flow/polishing/single_cam/20260910_90deg_rel_single/20260910_1606,441.10931396484375,374.4127502441406,174.0792694091797,0.06184132769703865,0.03782542049884796,2.381805896759033,-6.187719345092773,-0.987945556640625,21.15359115600586,441.10931396484375,374.4127502441406,174.0792694091797,0.06184132769703865,0.03782542049884796,2.381805896759033,0.0,0.0,22.14204978942871,1,0
1789051669.7939527,119.20167487500294,TRACK,FLOW,/home/eunseop/nrs_imitation/checkpoints/flow/polishing/single_cam/20260910_90deg_rel_single/20260910_1606,445.4390563964844,370.41986083984375,174.0971221923828,0.0638178214430809,0.03913233056664467,2.376260280609131,-6.398844242095947,-0.8910737633705139,21.566089630126953,473.6136474609375,353.143310546875,170.61929321289062,0.03333337977528572,0.05228336155414581,2.3973090648651123,0.0,0.0,0.0,1,0
1789051670.0437684,119.45149018100346,TRACK,FLOW,/home/eunseop/nrs_imitation/checkpoints/flow/polishing/single_cam/20260910_90deg_rel_single/20260910_1606,447.951904296875,368.0811462402344,174.07376098632812,0.06497406959533691,0.03933845832943916,2.3730547428131104,-6.616049289703369,-0.4185298979282379,23.803451538085938,447.951904296875,368.0811462402344,174.07376098632812,0.06497406959533691,0.03933845832943916,2.3730547428131104,0.0,0.0,22.964920043945312,1,0
1789051670.6202514,120.02797477699642,TRACK,FLOW,/home/eunseop/nrs_imitation/checkpoints/flow/polishing/single_cam/20260910_90deg_rel_single/20260910_1606,451.3914489746094,364.5492248535156,174.1160430908203,0.06726337969303131,0.03963188827037811,2.3689420223236084,-6.751377582550049,-1.035817265510559,23.678930282592773,473.6136474609375,353.143310546875,170.61929321289062,0.03333337977528572,0.05228336155414581,2.3973090648651123,0.0,0.0,0.0,1,0
1789051670.8728871,120.28060917300172,TRACK,FLOW,/home/eunseop/nrs_imitation/checkpoints/flow/polishing/single_cam/20260910_90deg_rel_single/20260910_1606,453.75439453125,362.3694763183594,174.1842803955078,0.06941739469766617,0.039827197790145874,2.36523699760437,-6.263593673706055,-0.13179853558540344,21.31756591796875,453.75439453125,362.3694763183594,174.1842803955078,0.06941739469766617,0.039827197790145874,2.36523699760437,0.0,0.0,23.38093376159668,1,0
1789051672.580186,121.98790795399691,TRACK,FLOW,/home/eunseop/nrs_imitation/checkpoints/flow/polishing/single_cam/20260910_90deg_rel_single/20260910_1606,455.7208251953125,360.7289733886719,174.20774841308594,0.07108904421329498,0.03944578394293785,2.361802816390991,-5.693557262420654,-0.6514967679977417,21.169784545898438,473.6136474609375,353.143310546875,170.61929321289062,0.03333337977528572,0.05228336155414581,2.3973090648651123,0.0,0.0,0.0,1,0
1789051672.9376726,122.34539460099768,TRACK,FLOW,/home/eunseop/nrs_imitation/checkpoints/flow/polishing/single_cam/20260910_90deg_rel_single/20260910_1606,453.6418151855469,363.787109375,173.92665100097656,0.08023972809314728,0.037180203944444656,2.353100538253784,5.401367664337158,-0.5086743831634521,20.354351043701172,453.6418151855469,363.787109375,173.92665100097656,0.08023972809314728,0.037180203944444656,2.353100538253784,0.0,0.0,20.081159591674805,1,0
1789051673.1542387,122.5619607809931,TRACK,FLOW,/home/eunseop/nrs_imitation/checkpoints/flow/polishing/single_cam/20260910_90deg_rel_single/20260910_1606,452.19573974609375,365.0375061035156,173.8586883544922,0.0813802182674408,0.037138599902391434,2.3529744148254395,6.115131855010986,-0.3204815983772278,20.7916316986084,445.7925720214844,378.2260437011719,180.38275146484375,0.0323510617017746,0.023587463423609734,2.3845903873443604,0.0,0.0,0.0,1,0
1789051674.986767,124.39448891399661,TRACK,FLOW,/home/eunseop/nrs_imitation/checkpoints/flow/polishing/single_cam/20260910_90deg_rel_single/20260910_1606,440.0678405761719,375.1724853515625,173.95614624023438,0.09100130200386047,0.03512979671359062,2.3513972759246826,5.117776393890381,-0.6470024585723877,17.063720703125,453.48052978515625,362.15386962890625,174.1687469482422,0.06456858664751053,0.030442427843809128,2.3609564304351807,0.0,0.0,0.0,1,0
1789051674.9869719,124.39469361500232,TRACK,FLOW,/home/eunseop/nrs_imitation/checkpoints/flow/polishing/single_cam/20260910_90deg_rel_single/20260910_1606,440.0678405761719,375.1724853515625,173.95614624023438,0.09100130200386047,0.03512979671359062,2.3513972759246826,5.117776393890381,-0.6470024585723877,17.063720703125,440.0678405761719,375.1724853515625,173.95614624023438,0.09100130200386047,0.03512979671359062,2.3513972759246826,0.0,0.0,14.52379035949707,1,0
1789051675.670701,125.07842300800257,TRACK,FLOW,/home/eunseop/nrs_imitation/checkpoints/flow/polishing/single_cam/20260910_90deg_rel_single/20260910_1606,441.61822509765625,376.9745788574219,173.94696044921875,0.07664347440004349,0.03951901197433472,2.3738200664520264,-6.738766670227051,-2.6652991771698,28.549055099487305,453.52545166015625,362.0670471191406,174.27322387695312,0.06483323127031326,0.03039615973830223,2.360367774963379,0.0,0.0,0.0,1,0
1789051676.18862,125.5963420879998,TRACK,FLOW,/home/eunseop/nrs_imitation/checkpoints/flow/polishing/single_cam/20260910_90deg_rel_single/20260910_1606,445.7724304199219,379.2431640625,174.03323364257812,0.04601890593767166,0.04771442338824272,2.4174435138702393,-5.5181169509887695,-2.0834827423095703,24.618131637573242,453.52545166015625,362.0670471191406,174.27322387695312,0.06483323127031326,0.03039615973830223,2.360367774963379,0.0,0.0,0.0,1,0
1789051676.1888049,125.59652672099764,TRACK,FLOW,/home/eunseop/nrs_imitation/checkpoints/flow/polishing/single_cam/20260910_90deg_rel_single/20260910_1606,445.7724304199219,379.2431640625,174.03323364257812,0.04601890593767166,0.04771442338824272,2.4174435138702393,-5.5181169509887695,-2.0834827423095703,24.618131637573242,445.7724304199219,379.2431640625,174.03323364257812,0.04601890593767166,0.04771442338824272,2.4174435138702393,0.0,0.0,15.909709930419922,1,0
1789051676.6229432,126.03066572800162,TRACK,FLOW,/home/eunseop/nrs_imitation/checkpoints/flow/polishing/single_cam/20260910_90deg_rel_single/20260910_1606,448.7611389160156,379.3621826171875,174.09877014160156,0.030438140034675598,0.05177062004804611,2.43941068649292,-7.749094486236572,-1.8586007356643677,26.113073348999023,453.52545166015625,362.0670471191406,174.27322387695312,0.06483323127031326,0.03039615973830223,2.360367774963379,0.0,0.0,0.0,1,0
1789051676.8392806,126.24700247899455,TRACK,FLOW,/home/eunseop/nrs_imitation/checkpoints/flow/polishing/single_cam/20260910_90deg_rel_single/20260910_1606,450.25372314453125,377.79949951171875,174.1509246826172,0.029743749648332596,0.05244520306587219,2.4381542205810547,-6.715956211090088,-0.7741514444351196,24.457962036132812,450.25372314453125,377.79949951171875,174.1509246826172,0.029743749648332596,0.05244520306587219,2.4381542205810547,0.0,0.0,12.714672088623047,1,0
1789051677.056901,126.4646235669934,TRACK,FLOW,/home/eunseop/nrs_imitation/checkpoints/flow/polishing/single_cam/20260910_90deg_rel_single/20260910_1606,451.98565673828125,375.7230224609375,174.16680908203125,0.029429400339722633,0.05350193381309509,2.43570876121521,-6.432451248168945,-0.4904363453388214,24.679401397705078,470.2882995605469,353.8592529296875,185.92367553710938,0.010121885687112808,0.04552813991904259,2.3917078971862793,0.0,0.0,0.0,1,0
1789051677.2725081,126.68023000299581,TRACK,FLOW,/home/eunseop/nrs_imitation/checkpoints/flow/polishing/single_cam/20260910_90deg_rel_single/20260910_1606,452.8566589355469,374.54486083984375,174.1480255126953,0.02921156957745552,0.053966522216796875,2.4345736503601074,-5.9627366065979,-0.6775367259979248,24.196596145629883,452.8566589355469,374.54486083984375,174.1480255126953,0.02921156957745552,0.053966522216796875,2.4345736503601074,0.0,0.0,8.148483276367188,1,0
1789051678.9822352,128.38995713699842,TRACK,FLOW,/home/eunseop/nrs_imitation/checkpoints/flow/polishing/single_cam/20260910_90deg_rel_single/20260910_1606,463.8511962890625,362.1763916015625,174.6832733154297,0.028723495081067085,0.054724257439374924,2.418020248413086,-1.8330721855163574,0.12255116552114487,8.097284317016602,470.1875915527344,354.03240966796875,186.26673889160156,0.010112582705914974,0.045044057071208954,2.3912501335144043,0.0,0.0,0.0,1,0
1789051679.1254425,128.53316427700338,TRACK,FLOW,/home/eunseop/nrs_imitation/checkpoints/flow/polishing/single_cam/20260910_90deg_rel_single/20260910_1606,465.1856384277344,360.55181884765625,174.70428466796875,0.02868093177676201,0.0546049028635025,2.4155495166778564,-1.9693827629089355,-0.15360844135284424,8.031404495239258,465.1856384277344,360.55181884765625,174.70428466796875,0.02868093177676201,0.0546049028635025,2.4155495166778564,0.0,0.0,24.841344833374023,1,0
1789051679.5937243,129.00144620999345,TRACK,FLOW,/home/eunseop/nrs_imitation/checkpoints/flow/polishing/single_cam/20260910_90deg_rel_single/20260910_1606,467.285400390625,357.9095458984375,174.74069213867188,0.02922937087714672,0.0542118065059185,2.41168212890625,-2.2925095558166504,-0.25007322430610657,6.817832946777344,470.1875915527344,354.03240966796875,186.26673889160156,0.010112582705914974,0.045044057071208954,2.3912501335144043,0.0,0.0,0.0,1,0
1789051680.1694982,129.57722033199389,TRACK,FLOW,/home/eunseop/nrs_imitation/checkpoints/flow/polishing/single_cam/20260910_90deg_rel_single/20260910_1606,471.59393310546875,353.16650390625,174.3933868408203,0.032795313745737076,0.05209201201796532,2.399055242538452,-5.386187553405762,0.013884195126593113,22.624448776245117,470.1875915527344,354.03240966796875,186.26673889160156,0.010112582705914974,0.045044057071208954,2.3912501335144043,0.0,0.0,0.0,1,0
1789051680.6352673,130.0429895319976,TRACK,FLOW,/home/eunseop/nrs_imitation/checkpoints/flow/polishing/single_cam/20260910_90deg_rel_single/20260910_1606,471.5804748535156,352.90130615234375,174.30667114257812,0.0334508903324604,0.05197528377175331,2.3969171047210693,-2.563612937927246,-0.4165117144584656,21.692766189575195,470.1875915527344,354.03240966796875,186.26673889160156,0.010112582705914974,0.045044057071208954,2.3912501335144043,0.0,0.0,0.0,1,0
1789051681.2663887,130.67411084999912,TRACK,FLOW,/home/eunseop/nrs_imitation/checkpoints/flow/polishing/single_cam/20260910_90deg_rel_single/20260910_1606,467.0019836425781,355.3211364746094,173.83216857910156,0.0390760600566864,0.04672323912382126,2.386200428009033,7.3610992431640625,0.4166886508464813,23.364646911621094,436.2958679199219,381.729736328125,184.078125,0.011167828924953938,0.010231182910501957,2.3862175941467285,0.0,0.0,0.0,1,0
1789051681.2666194,130.67434112999763,TRACK,FLOW,/home/eunseop/nrs_imitation/checkpoints/flow/polishing/single_cam/20260910_90deg_rel_single/20260910_1606,467.0019836425781,355.3211364746094,173.83216857910156,0.0390760600566864,0.04672323912382126,2.386200428009033,7.3610992431640625,0.4166886508464813,23.364646911621094,467.0019836425781,355.3211364746094,173.83216857910156,0.0390760600566864,0.04672323912382126,2.386200428009033,0.0,0.0,6.736203670501709,1,0
1789051681.699569,131.10729132499546,TRACK,FLOW,/home/eunseop/nrs_imitation/checkpoints/flow/polishing/single_cam/20260910_90deg_rel_single/20260910_1606,464.50567626953125,356.7779541015625,173.75411987304688,0.042130447924137115,0.043253667652606964,2.380321502685547,7.0037617683410645,-0.265336811542511,20.619274139404297,434.9521179199219,365.3884582519531,176.53317260742188,0.06197679415345192,0.014179972931742668,2.351825475692749,0.0,0.0,0.0,1,0
1789051682.3228078,131.7305296429986,TRACK,FLOW,/home/eunseop/nrs_imitation/checkpoints/flow/polishing/single_cam/20260910_90deg_rel_single/20260910_1606,461.34130859375,359.32012939453125,174.79225158691406,0.042112335562705994,0.03791898488998413,2.374872922897339,1.4645453691482544,-0.5344275832176208,2.4222235679626465,461.34130859375,359.32012939453125,174.79225158691406,0.042112335562705994,0.03791898488998413,2.374872922897339,0.0,0.0,5.020719051361084,1,0
1789051682.755646,132.16336786399188,TRACK,FLOW,/home/eunseop/nrs_imitation/checkpoints/flow/polishing/single_cam/20260910_90deg_rel_single/20260910_1606,460.453125,361.2568359375,176.36917114257812,0.0370047502219677,0.03316934406757355,2.3739264011383057,1.1873563528060913,-0.4317505657672882,-0.8258572816848755,460.453125,361.2568359375,176.36917114257812,0.0370047502219677,0.03316934406757355,2.3739264011383057,0.0,0.0,0.0,0,0
1789051683.114524,132.52224600600312,TRACK,FLOW,/home/eunseop/nrs_imitation/checkpoints/flow/polishing/single_cam/20260910_90deg_rel_single/20260910_1606,459.1188659667969,363.7253723144531,178.16983032226562,0.031068501994013786,0.02861691825091839,2.372103214263916,0.05147195979952812,-0.36534759402275085,0.18114185333251953,435.0887451171875,365.25244140625,176.5767822265625,0.06234883517026901,0.01416311226785183,2.351165533065796,0.0,0.0,0.0,0,0
1789051683.4894693,132.89719178600353,TRACK,FLOW,/home/eunseop/nrs_imitation/checkpoints/flow/polishing/single_cam/20260910_90deg_rel_single/20260910_1606,457.6031799316406,366.4486389160156,179.46006774902344,0.02542976103723049,0.024781621992588043,2.370532989501953,0.9774377942085266,-0.3035374581813812,-0.6837660670280457,435.0887451171875,365.25244140625,176.5767822265625,0.06234883517026901,0.01416311226785183,2.351165533065796,0.0,0.0,0.0,0,0
1789051684.9839964,134.39171861899376,TRACK,FLOW,/home/eunseop/nrs_imitation/checkpoints/flow/polishing/single_cam/20260910_90deg_rel_single/20260910_1606,449.463134765625,377.5544128417969,184.872802734375,0.019117720425128937,0.016990674659609795,2.370368242263794,0.38140735030174255,-0.7675650119781494,0.04821791127324104,435.0887451171875,365.25244140625,176.5767822265625,0.06234883517026901,0.01416311226785183,2.351165533065796,0.0,0.0,0.0,0,0
1789051685.5755353,134.9832577240013,TRACK,FLOW,/home/eunseop/nrs_imitation/checkpoints/flow/polishing/single_cam/20260910_90deg_rel_single/20260910_1606,446.19354248046875,380.5216369628906,183.3673095703125,0.022345608100295067,0.01679840311408043,2.3773303031921387,0.2250678688287735,-0.36294445395469666,-0.5101593136787415,434.9624938964844,395.5661315917969,168.71475219726562,0.05069063976407051,0.034342508763074875,2.4104223251342773,0.0,0.0,0.0,0,0
1789051686.1501932,135.55791534599848,TRACK,FLOW,/home/eunseop/nrs_imitation/checkpoints/flow/polishing/single_cam/20260910_90deg_rel_single/20260910_1606,445.067626953125,379.9067077636719,178.9945831298828,0.027540840208530426,0.020536569878458977,2.384103775024414,1.1166679859161377,-0.36997950077056885,-0.9531079530715942,448.8468017578125,377.74517822265625,169.52276611328125,0.07582112401723862,0.044697411358356476,2.3839659690856934,0.0,0.0,0.0,0,0
1789051686.889087,136.29680868099967,TRACK,FLOW,/home/eunseop/nrs_imitation/checkpoints/flow/polishing/single_cam/20260910_90deg_rel_single/20260910_1606,446.78021240234375,375.7711181640625,174.7091522216797,0.03710940480232239,0.025464531034231186,2.3831565380096436,-2.4649710655212402,-0.37188464403152466,11.121379852294922,446.78021240234375,375.7711181640625,174.7091522216797,0.03710940480232239,0.025464531034231186,2.3831565380096436,0.0,0.0,25.682510375976562,1,0
1789051687.0969985,136.50472043799527,TRACK,FLOW,/home/eunseop/nrs_imitation/checkpoints/flow/polishing/single_cam/20260910_90deg_rel_single/20260910_1606,448.3075256347656,372.438720703125,174.12855529785156,0.04339189827442169,0.028043491765856743,2.3806838989257812,-5.554754257202148,0.36329522728919983,27.991769790649414,448.3075256347656,372.438720703125,174.12855529785156,0.04339189827442169,0.028043491765856743,2.3806838989257812,0.0,0.0,25.29975700378418,1,0
1789051688.2770412,137.68476318799367,TRACK,FLOW,/home/eunseop/nrs_imitation/checkpoints/flow/polishing/single_cam/20260910_90deg_rel_single/20260910_1606,448.3114929199219,372.4035949707031,174.12081909179688,0.04361129179596901,0.028080729767680168,2.380653142929077,-5.9322123527526855,-0.17391091585159302,27.524017333984375,449.0788269042969,377.5787658691406,169.60052490234375,0.07614784687757492,0.044800613075494766,2.3835561275482178,0.0,0.0,0.0,1,0
1789051688.6042402,138.0119619749894,TRACK,FLOW,/home/eunseop/nrs_imitation/checkpoints/flow/polishing/single_cam/20260910_90deg_rel_single/20260910_1606,451.9695739746094,362.2457275390625,174.21653747558594,0.06305486708879471,0.031856387853622437,2.363830327987671,-2.518563747406006,0.4785657823085785,18.091941833496094,449.0788269042969,377.5787658691406,169.60052490234375,0.07614784687757492,0.044800613075494766,2.3835561275482178,0.0,0.0,0.0,1,0
1789051689.2153623,138.62308423199283,TRACK,FLOW,/home/eunseop/nrs_imitation/checkpoints/flow/polishing/single_cam/20260910_90deg_rel_single/20260910_1606,453.7665710449219,363.1019287109375,173.3500213623047,0.05395853891968727,0.037599362432956696,2.3798863887786865,-23.493099212646484,-5.434317111968994,68.05265045166016,449.0788269042969,377.5787658691406,169.60052490234375,0.07614784687757492,0.044800613075494766,2.3835561275482178,0.0,0.0,0.0,1,0
1789051689.5561848,138.96390664599312,TRACK,FLOW,/home/eunseop/nrs_imitation/checkpoints/flow/polishing/single_cam/20260910_90deg_rel_single/20260910_1606,455.5601501464844,364.07562255859375,172.85130310058594,0.039017293602228165,0.04799359664320946,2.4057557582855225,-26.117990493774414,-9.806915283203125,67.80252838134766,449.0788269042969,377.5787658691406,169.60052490234375,0.07614784687757492,0.044800613075494766,2.3835561275482178,0.0,0.0,0.0,1,0
1789051689.7716413,139.17936320799345,TRACK,FLOW,/home/eunseop/nrs_imitation/checkpoints/flow/polishing/single_cam/20260910_90deg_rel_single/20260910_1606,456.7064208984375,364.6260986328125,172.5256805419922,0.02925032563507557,0.05477897822856903,2.4228553771972656,-28.66761589050293,-12.908185958862305,69.71429443359375,456.7064208984375,364.6260986328125,172.5256805419922,0.02925032563507557,0.05477897822856903,2.4228553771972656,0.0,0.0,21.53228187561035,1,0
1789051690.0971837,139.5049057580036,TRACK,FLOW,/home/eunseop/nrs_imitation/checkpoints/flow/polishing/single_cam/20260910_90deg_rel_single/20260910_1606,457.85211181640625,364.37744140625,172.39410400390625,0.02127489633858204,0.06038859859108925,2.436439275741577,-29.20235252380371,-13.82165241241455,54.030372619628906,468.7518615722656,355.46087646484375,173.83006286621094,0.02234637178480625,0.05006963387131691,2.4130091667175293,0.0,0.0,0.0,1,0
1789051690.3112955,139.7190172289993,TRACK,FLOW,/home/eunseop/nrs_imitation/checkpoints/flow/polishing/single_cam/20260910_90deg_rel_single/20260910_1606,458.3854675292969,362.6880187988281,172.71783447265625,0.021408071741461754,0.06041742488741875,2.4347386360168457,-32.08991622924805,-13.965921401977539,79.40426635742188,458.3854675292969,362.6880187988281,172.71783447265625,0.021408071741461754,0.06041742488741875,2.4347386360168457,0.0,0.0,22.042646408081055,1,0
1789051690.6539702,140.0616920140019,TRACK,FLOW,/home/eunseop/nrs_imitation/checkpoints/flow/polishing/single_cam/20260910_90deg_rel_single/20260910_1606,459.38525390625,359.53851318359375,173.40866088867188,0.020165665075182915,0.06220511719584465,2.431515693664551,-14.880831718444824,-1.4001458883285522,52.8514289855957,468.75830078125,355.412109375,174.02020263671875,0.022405417636036873,0.049982354044914246,2.4124693870544434,0.0,0.0,0.0,1,0
1789051690.887743,140.295464883995,TRACK,FLOW,/home/eunseop/nrs_imitation/checkpoints/flow/polishing/single_cam/20260910_90deg_rel_single/20260910_1606,460.8874816894531,357.8107604980469,173.78274536132812,0.017793219536542892,0.06301669031381607,2.4303464889526367,-9.847243309020996,-0.7855021357536316,33.06059646606445,460.8874816894531,357.8107604980469,173.78274536132812,0.017793219536542892,0.06301669031381607,2.4303464889526367,0.0,0.0,23.2674560546875,1,0
1789051690.997088,140.40481090800313,TRACK,FLOW,/home/eunseop/nrs_imitation/checkpoints/flow/polishing/single_cam/20260910_90deg_rel_single/20260910_1606,462.7153625488281,356.3674011230469,174.27487182617188,0.016341010108590126,0.06250528246164322,2.4283463954925537,-4.990537166595459,-0.6778336763381958,15.316529273986816,468.75830078125,355.412109375,174.02020263671875,0.022405417636036873,0.049982354044914246,2.4124693870544434,0.0,0.0,0.0,1,0
1789051691.1772892,140.58501096499094,TRACK,FLOW,/home/eunseop/nrs_imitation/checkpoints/flow/polishing/single_cam/20260910_90deg_rel_single/20260910_1606,464.1173095703125,355.3709411621094,174.41006469726562,0.015686752274632454,0.06185845658183098,2.4266140460968018,-4.375651836395264,-0.759154200553894,13.925126075744629,464.1173095703125,355.3709411621094,174.41006469726562,0.015686752274632454,0.06185845658183098,2.4266140460968018,0.0,0.0,10.654853820800781,1,0
1789051691.3559058,140.76362937799422,TRACK,FLOW,/home/eunseop/nrs_imitation/checkpoints/flow/polishing/single_cam/20260910_90deg_rel_single/20260910_1606,465.0912780761719,354.9167785644531,174.18365478515625,0.01511818915605545,0.06090505048632622,2.4254441261291504,-8.590977668762207,-1.0449949502944946,27.44341278076172,468.75830078125,355.412109375,174.02020263671875,0.022405417636036873,0.049982354044914246,2.4124693870544434,0.0,0.0,0.0,1,0
1789051691.5353203,140.94304235099116,TRACK,FLOW,/home/eunseop/nrs_imitation/checkpoints/flow/polishing/single_cam/20260910_90deg_rel_single/20260910_1606,466.1627197265625,353.5998840332031,174.10098266601562,0.014548227190971375,0.061006151139736176,2.423243999481201,-7.858803749084473,0.011140836402773857,27.105899810791016,466.1627197265625,353.5998840332031,174.10098266601562,0.014548227190971375,0.061006151139736176,2.423243999481201,0.0,0.0,11.927444458007812,1,0
1789051692.8147874,142.2225096809998,TRACK,FLOW,/home/eunseop/nrs_imitation/checkpoints/flow/polishing/single_cam/20260910_90deg_rel_single/20260910_1606,468.3352966308594,350.6233825683594,174.7000274658203,0.014011417515575886,0.06187671422958374,2.4176602363586426,-1.6828136444091797,-0.11227285116910934,6.696508884429932,468.75830078125,355.412109375,174.02020263671875,0.022405417636036873,0.049982354044914246,2.4124693870544434,0.0,0.0,0.0,1,0
1789051692.9781942,142.38591617099883,TRACK,FLOW,/home/eunseop/nrs_imitation/checkpoints/flow/polishing/single_cam/20260910_90deg_rel_single/20260910_1606,468.4479675292969,349.8439636230469,176.55374145507812,0.00960591807961464,0.0531480498611927,2.4015986919403076,1.7919416427612305,-0.8340242505073547,-0.33455586433410645,468.4479675292969,349.8439636230469,176.55374145507812,0.00960591807961464,0.0531480498611927,2.4015986919403076,0.0,0.0,0.0,0,0
1789051693.1562314,142.56395322299795,TRACK,FLOW,/home/eunseop/nrs_imitation/checkpoints/flow/polishing/single_cam/20260910_90deg_rel_single/20260910_1606,467.93487548828125,350.30389404296875,175.96945190429688,0.009771623648703098,0.05118555948138237,2.3986399173736572,0.6009688973426819,-0.4488329589366913,0.14355869591236115,468.75830078125,355.412109375,174.02020263671875,0.022405417636036873,0.049982354044914246,2.4124693870544434,0.0,0.0,0.0,0,0
1789051693.533577,142.9412987449905,TRACK,FLOW,/home/eunseop/nrs_imitation/checkpoints/flow/polishing/single_cam/20260910_90deg_rel_single/20260910_1606,467.4806213378906,351.5694274902344,176.7246551513672,0.00993593130260706,0.04819266125559807,2.3950538635253906,-1.2018002271652222,1.2646013498306274,0.42085564136505127,468.75830078125,355.412109375,174.02020263671875,0.022405417636036873,0.049982354044914246,2.4124693870544434,0.0,0.0,0.0,0,0
1789051693.8943574,143.30207928699383,TRACK,FLOW,/home/eunseop/nrs_imitation/checkpoints/flow/polishing/single_cam/20260910_90deg_rel_single/20260910_1606,466.8997802734375,352.7308349609375,176.80519104003906,0.01000154111534357,0.04490485414862633,2.3914482593536377,-0.3183920979499817,0.21890747547149658,0.039283689111471176,417.9322204589844,380.0625305175781,195.7295684814453,-0.002847282914444804,-0.013720404356718063,2.341503143310547,0.0,0.0,0.0,0,0
1789051695.2562919,144.66401398599555,TRACK,FLOW,/home/eunseop/nrs_imitation/checkpoints/flow/polishing/single_cam/20260910_90deg_rel_single/20260910_1606,460.0618591308594,360.37353515625,177.91461181640625,0.01966249756515026,0.028957100585103035,2.3931355476379395,0.4537276327610016,-0.28338608145713806,0.172779843211174,401.45440673828125,372.2198486328125,182.88174438476562,0.07565753161907196,-0.006169488653540611,2.318372964859009,0.0,0.0,0.0,0,0
1789051695.8664072,145.2741297629982,TRACK,FLOW,/home/eunseop/nrs_imitation/checkpoints/flow/polishing/single_cam/20260910_90deg_rel_single/20260910_1606,457.3644714355469,364.86602783203125,182.71163940429688,0.013144624419510365,0.020975308492779732,2.395240068435669,0.1473538875579834,-0.817082405090332,0.30772581696510315,401.8495788574219,372.2438049316406,182.75807189941406,0.07616250216960907,-0.005794363096356392,2.3181159496307373,0.0,0.0,0.0,0,0
1789051696.373688,145.78141015399888,TRACK,FLOW,/home/eunseop/nrs_imitation/checkpoints/flow/polishing/single_cam/20260910_90deg_rel_single/20260910_1606,455.4018859863281,368.5313415527344,185.61289978027344,0.008734147064387798,0.016229303553700447,2.3962457180023193,-0.7712863087654114,-0.3962312936782837,-0.09694409370422363,401.8495788574219,372.2438049316406,182.75807189941406,0.07616250216960907,-0.005794363096356392,2.3181159496307373,0.0,0.0,0.0,0,0
1789051696.7858596,146.19358165899757,TRACK,FLOW,/home/eunseop/nrs_imitation/checkpoints/flow/polishing/single_cam/20260910_90deg_rel_single/20260910_1606,453.2898254394531,372.01751708984375,187.6844482421875,0.005634983070194721,0.013002370484173298,2.3958747386932373,0.7479652166366577,-0.2784987986087799,-0.5858656167984009,401.8495788574219,372.2438049316406,182.75807189941406,0.07616250216960907,-0.005794363096356392,2.3181159496307373,0.0,0.0,0.0,0,0
1789051697.146003,146.55372566499864,TRACK,FLOW,/home/eunseop/nrs_imitation/checkpoints/flow/polishing/single_cam/20260910_90deg_rel_single/20260910_1606,451.64642333984375,374.51800537109375,188.6480255126953,0.0037301157135516405,0.011316264048218727,2.3955464363098145,0.29568150639533997,-0.4923533797264099,0.32717010378837585,401.8495788574219,372.2438049316406,182.75807189941406,0.07616250216960907,-0.005794363096356392,2.3181159496307373,0.0,0.0,0.0,0,0
1789051697.4516416,146.85936377299367,TRACK,FLOW,/home/eunseop/nrs_imitation/checkpoints/flow/polishing/single_cam/20260910_90deg_rel_single/20260910_1606,449.9708557128906,376.78387451171875,189.28988647460938,0.0026309480890631676,0.00979578122496605,2.394458055496216,0.00792890228331089,-0.2919515371322632,-0.014549809508025646,401.8495788574219,372.2438049316406,182.75807189941406,0.07616250216960907,-0.005794363096356392,2.3181159496307373,0.0,0.0,0.0,0,0
1789051697.9363918,147.34411441099655,TRACK,FLOW,/home/eunseop/nrs_imitation/checkpoints/flow/polishing/single_cam/20260910_90deg_rel_single/20260910_1606,447.3332214355469,379.706787109375,189.42132568359375,0.0019853657577186823,0.00896281935274601,2.3941650390625,0.506515383720398,-0.4765288531780243,-0.17113777995109558,401.8495788574219,372.2438049316406,182.75807189941406,0.07616250216960907,-0.005794363096356392,2.3181159496307373,0.0,0.0,0.0,0,0
1789051698.5169575,147.92468055499194,TRACK,FLOW,/home/eunseop/nrs_imitation/checkpoints/flow/polishing/single_cam/20260910_90deg_rel_single/20260910_1606,443.0472106933594,382.94293212890625,188.0391845703125,0.0017432206077501178,0.008896811865270138,2.3947644233703613,1.0553756952285767,0.010414001531898975,-1.1126863956451416,444.5278015136719,385.74420166015625,167.86294555664062,0.06244140863418579,0.04129951074719429,2.4151527881622314,0.0,0.0,0.0,0,0
1789051698.9448335,148.35255537299963,TRACK,FLOW,/home/eunseop/nrs_imitation/checkpoints/flow/polishing/single_cam/20260910_90deg_rel_single/20260910_1606,439.9718322753906,383.2669372558594,185.66261291503906,0.003150566713884473,0.009333250112831593,2.3931591510772705,-0.30167943239212036,0.07122180610895157,0.3218824565410614,452.0680236816406,377.78704833984375,168.73558044433594,0.07369416952133179,0.044771116226911545,2.4006755352020264,0.0,0.0,0.0,0,0
1789051700.178923,149.58664490599767,TRACK,FLOW,/home/eunseop/nrs_imitation/checkpoints/flow/polishing/single_cam/20260910_90deg_rel_single/20260910_1606,436.4201965332031,381.858154296875,182.9486083984375,0.009544910863041878,0.010131943970918655,2.3876562118530273,1.3635283708572388,0.13732771575450897,-0.9596362113952637,452.3270263671875,377.6022644042969,168.80975341796875,0.07396403700113297,0.04488241672515869,2.40021014213562,0.0,0.0,0.0,0,0
1789051700.4861374,149.89386021099926,TRACK,FLOW,/home/eunseop/nrs_imitation/checkpoints/flow/polishing/single_cam/20260910_90deg_rel_single/20260910_1606,431.7998962402344,375.36285400390625,177.98548889160156,0.03162534534931183,0.011359123513102531,2.371861219406128,0.6513550877571106,-0.03943561390042305,-0.5745999813079834,452.3270263671875,377.6022644042969,168.80975341796875,0.07396403700113297,0.04488241672515869,2.40021014213562,0.0,0.0,0.0,0,0
1789051700.7015123,150.10923493899463,TRACK,FLOW,/home/eunseop/nrs_imitation/checkpoints/flow/polishing/single_cam/20260910_90deg_rel_single/20260910_1606,431.8392639160156,373.1578674316406,177.0632781982422,0.03836160525679588,0.011420690454542637,2.368703603744507,-0.46552935242652893,-0.27006691694259644,0.3297160267829895,452.3270263671875,377.6022644042969,168.80975341796875,0.07396403700113297,0.04488241672515869,2.40021014213562,0.0,0.0,0.0,0,0
1789051700.8678722,150.2755945359968,TRACK,FLOW,/home/eunseop/nrs_imitation/checkpoints/flow/polishing/single_cam/20260910_90deg_rel_single/20260910_1606,432.43499755859375,370.40850830078125,176.1231231689453,0.046911921352148056,0.01204441487789154,2.3661601543426514,0.4938313663005829,-0.03676709160208702,-0.5436114072799683,452.3270263671875,377.6022644042969,168.80975341796875,0.07396403700113297,0.04488241672515869,2.40021014213562,0.0,0.0,0.0,0,0
1789051701.1873245,150.59504654599004,TRACK,FLOW,/home/eunseop/nrs_imitation/checkpoints/flow/polishing/single_cam/20260910_90deg_rel_single/20260910_1606,432.66278076171875,369.5326843261719,175.8626251220703,0.048917654901742935,0.012583144940435886,2.3649678230285645,0.3726964294910431,-0.5334687232971191,0.00040252108010463417,452.3270263671875,377.6022644042969,168.80975341796875,0.07396403700113297,0.04488241672515869,2.40021014213562,0.0,0.0,0.0,0,0
1789051701.6537328,151.06145479599945,TRACK,FLOW,/home/eunseop/nrs_imitation/checkpoints/flow/polishing/single_cam/20260910_90deg_rel_single/20260910_1606,434.544921875,365.538818359375,175.63748168945312,0.06061370298266411,0.014159854501485825,2.3534181118011475,-0.15591312944889069,-0.33558306097984314,0.18181182444095612,452.3270263671875,377.6022644042969,168.80975341796875,0.07396403700113297,0.04488241672515869,2.40021014213562,0.0,0.0,0.0,0,0
1789051702.1207037,151.52842549300112,TRACK,FLOW,/home/eunseop/nrs_imitation/checkpoints/flow/polishing/single_cam/20260910_90deg_rel_single/20260910_1606,434.9313659667969,366.0200500488281,177.61842346191406,0.05753578990697861,0.013334088958799839,2.351928949356079,0.26303908228874207,-0.6393334865570068,-0.33191943168640137,452.3270263671875,377.6022644042969,168.80975341796875,0.07396403700113297,0.04488241672515869,2.40021014213562,0.0,0.0,0.0,0,0
1789051702.482191,151.88991337000334,TRACK,FLOW,/home/eunseop/nrs_imitation/checkpoints/flow/polishing/single_cam/20260910_90deg_rel_single/20260910_1606,434.8686828613281,367.7328186035156,181.153076171875,0.048278551548719406,0.01129475049674511,2.352797269821167,-0.08189820498228073,-0.21899643540382385,-0.3584473133087158,429.06195068359375,375.4436950683594,173.8189239501953,0.10525635629892349,0.02242000587284565,2.3343429565429688,0.0,0.0,0.0,0,0
1789051702.9159715,152.3236937210022,TRACK,FLOW,/home/eunseop/nrs_imitation/checkpoints/flow/polishing/single_cam/20260910_90deg_rel_single/20260910_1606,434.8410949707031,369.6900634765625,185.0052947998047,0.03779425844550133,0.009369025938212872,2.3541510105133057,0.5500572919845581,-0.2747938930988312,-0.5150108933448792,429.06195068359375,375.4436950683594,173.8189239501953,0.10525635629892349,0.02242000587284565,2.3343429565429688,0.0,0.0,0.0,0,0
1789051703.2437975,152.6515192099905,TRACK,FLOW,/home/eunseop/nrs_imitation/checkpoints/flow/polishing/single_cam/20260910_90deg_rel_single/20260910_1606,434.7058410644531,372.12908935546875,189.92047119140625,0.024934986606240273,0.00684545049443841,2.355550765991211,0.7619961500167847,-0.34058064222335815,-0.7513261437416077,429.06195068359375,375.4436950683594,173.8189239501953,0.10525635629892349,0.02242000587284565,2.3343429565429688,0.0,0.0,0.0,0,0
1789051704.5326567,153.94037923199357,TRACK,FLOW,/home/eunseop/nrs_imitation/checkpoints/flow/polishing/single_cam/20260910_90deg_rel_single/20260910_1606,427.245849609375,379.4303283691406,189.07296752929688,0.025021301582455635,-0.001606079051271081,2.36691951751709,-0.16176941990852356,-0.43802744150161743,0.5424308180809021,429.06195068359375,375.4436950683594,173.8189239501953,0.10525635629892349,0.02242000587284565,2.3343429565429688,0.0,0.0,0.0,0,0
1789051705.0512128,154.45893475299818,TRACK,FLOW,/home/eunseop/nrs_imitation/checkpoints/flow/polishing/single_cam/20260910_90deg_rel_single/20260910_1606,426.3910217285156,381.70361328125,187.58810424804688,0.025433126837015152,-0.0012445455649867654,2.3710203170776367,0.006135213188827038,-0.787695586681366,-0.20427800714969635,429.06195068359375,375.4436950683594,173.8189239501953,0.10525635629892349,0.02242000587284565,2.3343429565429688,0.0,0.0,0.0,0,0
1789051705.5548522,154.96257437599706,TRACK,FLOW,/home/eunseop/nrs_imitation/checkpoints/flow/polishing/single_cam/20260910_90deg_rel_single/20260910_1606,426.2521057128906,385.2973327636719,185.010498046875,0.025816654786467552,0.00038069309084676206,2.3783462047576904,1.0020920038223267,-0.7655810117721558,-1.4174555540084839,429.06195068359375,375.4436950683594,173.8189239501953,0.10525635629892349,0.02242000587284565,2.3343429565429688,0.0,0.0,0.0,0,0
1789051705.9860585,155.39378094799758,TRACK,FLOW,/home/eunseop/nrs_imitation/checkpoints/flow/polishing/single_cam/20260910_90deg_rel_single/20260910_1606,427.2348327636719,389.1509094238281,182.2205047607422,0.02651422843337059,0.0035405969247221947,2.386329174041748,-0.4233178496360779,-0.8291635513305664,0.5772929787635803,429.06195068359375,375.4436950683594,173.8189239501953,0.10525635629892349,0.02242000587284565,2.3343429565429688,0.0,0.0,0.0,0,0
1789051706.45539,155.8631118379999,TRACK,FLOW,/home/eunseop/nrs_imitation/checkpoints/flow/polishing/single_cam/20260910_90deg_rel_single/20260910_1606,428.8044128417969,392.7222900390625,178.95147705078125,0.028828172013163567,0.008206247352063656,2.394083261489868,0.8331320881843567,-0.5283458232879639,-0.9887545108795166,436.0299072265625,394.803466796875,168.0341339111328,0.06695786118507385,0.040779706090688705,2.411651849746704,0.0,0.0,0.0,0,0
1789051707.0476236,156.45534537298954,TRACK,FLOW,/home/eunseop/nrs_imitation/checkpoints/flow/polishing/single_cam/20260910_90deg_rel_single/20260910_1606,429.9010925292969,396.7305908203125,174.9691619873047,0.03377995640039444,0.01522349938750267,2.402122974395752,-0.08080814778804779,-0.7523988485336304,6.2745866775512695,451.81585693359375,376.03338623046875,168.6680450439453,0.08519753068685532,0.04714738950133324,2.383572578430176,0.0,0.0,0.0,1,0
1789051707.0478284,156.45555026498914,TRACK,FLOW,/home/eunseop/nrs_imitation/checkpoints/flow/polishing/single_cam/20260910_90deg_rel_single/20260910_1606,429.9010925292969,396.7305908203125,174.9691619873047,0.03377995640039444,0.01522349938750267,2.402122974395752,-0.08080814778804779,-0.7523988485336304,6.2745866775512695,429.9010925292969,396.7305908203125,174.9691619873047,0.03377995640039444,0.01522349938750267,2.402122974395752,0.0,0.0,24.314441680908203,1,0
1789051707.5156305,156.92335234300117,TRACK,FLOW,/home/eunseop/nrs_imitation/checkpoints/flow/polishing/single_cam/20260910_90deg_rel_single/20260910_1606,430.81390380859375,398.7602233886719,174.5972137451172,0.04411136731505394,0.027136124670505524,2.411792278289795,-1.6418920755386353,-1.266151785850525,7.794239044189453,430.81390380859375,398.7602233886719,174.5972137451172,0.04411136731505394,0.027136124670505524,2.411792278289795,0.0,0.0,6.727802753448486,1,0
1789051708.9171708,158.3248925299995,TRACK,FLOW,/home/eunseop/nrs_imitation/checkpoints/flow/polishing/single_cam/20260910_90deg_rel_single/20260910_1606,430.8681945800781,398.64483642578125,174.6923828125,0.044295065104961395,0.027767421677708626,2.411848545074463,-1.5641558170318604,-1.1779210567474365,6.924908638000488,452.10455322265625,375.848388671875,168.7296142578125,0.08544789254665375,0.04718942195177078,2.383085250854492,0.0,0.0,0.0,1,0
1789051709.168356,158.57607764400018,TRACK,FLOW,/home/eunseop/nrs_imitation/checkpoints/flow/polishing/single_cam/20260910_90deg_rel_single/20260910_1606,438.18310546875,389.6693115234375,174.79637145996094,0.05730707198381424,0.03893359377980232,2.4033010005950928,-2.5169055461883545,-0.6652138829231262,8.442986488342285,438.18310546875,389.6693115234375,174.79637145996094,0.05730707198381424,0.03893359377980232,2.4033010005950928,0.0,0.0,26.542497634887695,1,0
1789051709.383646,158.79136779200053,TRACK,FLOW,/home/eunseop/nrs_imitation/checkpoints/flow/polishing/single_cam/20260910_90deg_rel_single/20260910_1606,439.66339111328125,387.68280029296875,174.86720275878906,0.05928055942058563,0.03996274992823601,2.4009363651275635,-1.4607402086257935,-0.6288602948188782,6.497899055480957,452.10455322265625,375.848388671875,168.7296142578125,0.08544789254665375,0.04718942195177078,2.383085250854492,0.0,0.0,0.0,1,0
1789051709.7442305,159.15195223399496,TRACK,FLOW,/home/eunseop/nrs_imitation/checkpoints/flow/polishing/single_cam/20260910_90deg_rel_single/20260910_1606,442.03765869140625,384.35772705078125,174.8587188720703,0.06353394687175751,0.041472598910331726,2.3969411849975586,-1.8685812950134277,-0.38801124691963196,8.533535957336426,442.03765869140625,384.35772705078125,174.8587188720703,0.06353394687175751,0.041472598910331726,2.3969411849975586,0.0,0.0,27.6710262298584,1,0
1789051709.8166306,159.2243523740035,TRACK,FLOW,/home/eunseop/nrs_imitation/checkpoints/flow/polishing/single_cam/20260910_90deg_rel_single/20260910_1606,443.3080749511719,382.8040771484375,174.71353149414062,0.06580108404159546,0.04218684509396553,2.3951141834259033,-2.3526766300201416,-0.1969791203737259,12.864255905151367,452.10455322265625,375.848388671875,168.7296142578125,0.08544789254665375,0.04718942195177078,2.383085250854492,0.0,0.0,0.0,1,0
1789051709.963926,159.37164819499594,TRACK,FLOW,/home/eunseop/nrs_imitation/checkpoints/flow/polishing/single_cam/20260910_90deg_rel_single/20260910_1606,444.6527099609375,381.2075500488281,174.57447814941406,0.06836653500795364,0.043018583208322525,2.3922624588012695,-4.129849433898926,-0.9095101952552795,17.210384368896484,452.10455322265625,375.848388671875,168.7296142578125,0.08544789254665375,0.04718942195177078,2.383085250854492,0.0,0.0,0.0,1,0
1789051709.9641237,159.37184542199248,TRACK,FLOW,/home/eunseop/nrs_imitation/checkpoints/flow/polishing/single_cam/20260910_90deg_rel_single/20260910_1606,444.6527099609375,381.2075500488281,174.57447814941406,0.06836653500795364,0.043018583208322525,2.3922624588012695,-4.129849433898926,-0.9095101952552795,17.210384368896484,444.6527099609375,381.2075500488281,174.57447814941406,0.06836653500795364,0.043018583208322525,2.3922624588012695,0.0,0.0,26.67540740966797,1,0
1789051710.1722865,159.5800083840004,TRACK,FLOW,/home/eunseop/nrs_imitation/checkpoints/flow/polishing/single_cam/20260910_90deg_rel_single/20260910_1606,445.4044494628906,380.3510437011719,174.4703369140625,0.07020741701126099,0.042975082993507385,2.3906917572021484,-5.419033527374268,-0.9477413296699524,22.32892417907715,452.10455322265625,375.848388671875,168.7296142578125,0.08544789254665375,0.04718942195177078,2.383085250854492,0.0,0.0,0.0,1,0
1789051710.179598,159.58731993299443,TRACK,FLOW,/home/eunseop/nrs_imitation/checkpoints/flow/polishing/single_cam/20260910_90deg_rel_single/20260910_1606,445.90966796875,379.7728271484375,174.41493225097656,0.0710720419883728,0.0432681143283844,2.389366626739502,-6.6934967041015625,-1.2976958751678467,23.97115707397461,445.90966796875,379.7728271484375,174.41493225097656,0.0710720419883728,0.0432681143283844,2.389366626739502,0.0,0.0,27.738752365112305,1,0
1789051710.3717744,159.77949613999226,TRACK,FLOW,/home/eunseop/nrs_imitation/checkpoints/flow/polishing/single_cam/20260910_90deg_rel_single/20260910_1606,447.0271911621094,378.4532775878906,174.39508056640625,0.07366684824228287,0.044169243425130844,2.3865976333618164,-6.518756866455078,-0.9621348977088928,24.382713317871094,452.10455322265625,375.848388671875,168.7296142578125,0.08544789254665375,0.04718942195177078,2.383085250854492,0.0,0.0,0.0,1,0
1789051710.4541588,159.8618807890016,TRACK,FLOW,/home/eunseop/nrs_imitation/checkpoints/flow/polishing/single_cam/20260910_90deg_rel_single/20260910_1606,447.1875305175781,378.2649230957031,174.36868286132812,0.07390326261520386,0.04428858309984207,2.3862249851226807,-5.854541301727295,-0.1868583709001541,24.41469955444336,447.1875305175781,378.2649230957031,174.36868286132812,0.07390326261520386,0.04428858309984207,2.3862249851226807,0.0,0.0,2.8956990242004395,1,0
1789051710.5992873,160.00701103999745,TRACK,FLOW,/home/eunseop/nrs_imitation/checkpoints/flow/polishing/single_cam/20260910_90deg_rel_single/20260910_1606,447.2724304199219,378.1715087890625,174.40982055664062,0.07403267920017242,0.04427509382367134,2.3859567642211914,-6.95847225189209,-0.7720416784286499,24.48881721496582,476.6933898925781,348.764404296875,169.63409423828125,0.05711142718791962,0.046183645725250244,2.362537384033203,0.0,0.0,0.0,1,0
1789051710.8057983,160.21352052000293,TRACK,FLOW,/home/eunseop/nrs_imitation/checkpoints/flow/polishing/single_cam/20260910_90deg_rel_single/20260910_1606,448.3019104003906,377.2979736328125,174.45773315429688,0.06387315690517426,0.04593571275472641,2.3977911472320557,-4.926568984985352,-1.541050672531128,21.185962677001953,448.3019104003906,377.2979736328125,174.45773315429688,0.06387315690517426,0.04593571275472641,2.3977911472320557,0.0,0.0,4.560412883758545,1,0
1789051712.106745,161.5144693339971,TRACK,FLOW,/home/eunseop/nrs_imitation/checkpoints/flow/polishing/single_cam/20260910_90deg_rel_single/20260910_1606,448.4898986816406,377.2567443847656,174.44741821289062,0.05816499888896942,0.04655756056308746,2.4043750762939453,-6.019889831542969,-1.3276945352554321,22.170955657958984,476.7913513183594,348.68304443359375,169.74403381347656,0.057341087609529495,0.04603080078959465,2.3620388507843018,0.0,0.0,0.0,1,0
1789051712.3035111,161.71123286099464,TRACK,FLOW,/home/eunseop/nrs_imitation/checkpoints/flow/polishing/single_cam/20260910_90deg_rel_single/20260910_1606,456.9166564941406,369.8880920410156,174.76719665527344,0.016117895022034645,0.052891697734594345,2.444791316986084,-1.6875336170196533,-0.3005621135234833,8.186454772949219,456.9166564941406,369.8880920410156,174.76719665527344,0.016117895022034645,0.052891697734594345,2.444791316986084,0.0,0.0,6.361606121063232,1,0
1789051712.5021567,161.90987866799696,TRACK,FLOW,/home/eunseop/nrs_imitation/checkpoints/flow/polishing/single_cam/20260910_90deg_rel_single/20260910_1606,458.22161865234375,368.4802551269531,174.78829956054688,0.016386425122618675,0.05324247479438782,2.4430863857269287,-2.45902943611145,-0.1634727418422699,8.3739595413208,476.7913513183594,348.68304443359375,169.74403381347656,0.057341087609529495,0.04603080078959465,2.3620388507843018,0.0,0.0,0.0,1,0
1789051712.8405294,162.24825122399488,TRACK,FLOW,/home/eunseop/nrs_imitation/checkpoints/flow/polishing/single_cam/20260910_90deg_rel_single/20260910_1606,460.74127197265625,365.9665222167969,174.9224853515625,0.01668696105480194,0.053457994014024734,2.4396626949310303,-1.340724229812622,-0.6089785099029541,5.376768112182617,460.74127197265625,365.9665222167969,174.9224853515625,0.01668696105480194,0.053457994014024734,2.4396626949310303,0.0,0.0,26.676685333251953,1,0
1789051713.0916343,162.49935600599565,TRACK,FLOW,/home/eunseop/nrs_imitation/checkpoints/flow/polishing/single_cam/20260910_90deg_rel_single/20260910_1606,462.3965759277344,364.1277160644531,175.0250244140625,0.016822459176182747,0.05331624671816826,2.4371776580810547,-1.2498397827148438,-0.34583601355552673,4.701573371887207,476.7913513183594,348.68304443359375,169.74403381347656,0.057341087609529495,0.04603080078959465,2.3620388507843018,0.0,0.0,0.0,1,0
1789051713.2704568,162.67817897399073,TRACK,FLOW,/home/eunseop/nrs_imitation/checkpoints/flow/polishing/single_cam/20260910_90deg_rel_single/20260910_1606,463.6933288574219,362.7777404785156,175.04672241210938,0.016929447650909424,0.05325281247496605,2.4350011348724365,-1.079638957977295,-0.2907557487487793,4.690713405609131,463.6933288574219,362.7777404785156,175.04672241210938,0.016929447650909424,0.05325281247496605,2.4350011348724365,0.0,0.0,27.036426544189453,1,0
1789051713.647355,163.05507742799819,TRACK,FLOW,/home/eunseop/nrs_imitation/checkpoints/flow/polishing/single_cam/20260910_90deg_rel_single/20260910_1606,465.81280517578125,360.2478332519531,174.5596160888672,0.017670324072241783,0.051987942308187485,2.43009877204895,-4.986407279968262,-0.3388444185256958,20.842531204223633,476.7913513183594,348.68304443359375,169.74403381347656,0.057341087609529495,0.04603080078959465,2.3620388507843018,0.0,0.0,0.0,1,0
1789051714.0440571,163.4517792330007,TRACK,FLOW,/home/eunseop/nrs_imitation/checkpoints/flow/polishing/single_cam/20260910_90deg_rel_single/20260910_1606,467.0809631347656,356.90142822265625,174.35203552246094,0.019494445994496346,0.051545001566410065,2.4227044582366943,-4.363118648529053,0.7849397659301758,22.420106887817383,476.7913513183594,348.68304443359375,169.74403381347656,0.057341087609529495,0.04603080078959465,2.3620388507843018,0.0,0.0,0.0,1,0
1789051714.0442402,163.45196191199648,TRACK,FLOW,/home/eunseop/nrs_imitation/checkpoints/flow/polishing/single_cam/20260910_90deg_rel_single/20260910_1606,467.0809631347656,356.90142822265625,174.35203552246094,0.019494445994496346,0.051545001566410065,2.4227044582366943,-4.363118648529053,0.7849397659301758,22.420106887817383,467.0809631347656,356.90142822265625,174.35203552246094,0.019494445994496346,0.051545001566410065,2.4227044582366943,0.0,0.0,27.598875045776367,1,0
1789051714.4394355,163.8471575290023,TRACK,FLOW,/home/eunseop/nrs_imitation/checkpoints/flow/polishing/single_cam/20260910_90deg_rel_single/20260910_1606,467.3667297363281,355.4317321777344,173.72952270507812,0.021601790562272072,0.0487728975713253,2.4131197929382324,-7.466717720031738,-0.500137448310852,49.856693267822266,476.7913513183594,348.68304443359375,169.74403381347656,0.057341087609529495,0.04603080078959465,2.3620388507843018,0.0,0.0,0.0,1,0
1789051714.8168573,164.22457928299264,TRACK,FLOW,/home/eunseop/nrs_imitation/checkpoints/flow/polishing/single_cam/20260910_90deg_rel_single/20260910_1606,466.3726806640625,355.2304382324219,174.40736389160156,0.021540628746151924,0.04878632724285126,2.4091732501983643,2.5057945251464844,0.9020540118217468,10.633398056030273,439.56781005859375,380.3546142578125,198.3466796875,-0.01648751273751259,0.013650176115334034,2.3937623500823975,0.0,0.0,0.0,1,0
1789051714.8170288,164.2247504900006,TRACK,FLOW,/home/eunseop/nrs_imitation/checkpoints/flow/polishing/single_cam/20260910_90deg_rel_single/20260910_1606,466.3726806640625,355.2304382324219,174.40736389160156,0.021540628746151924,0.04878632724285126,2.4091732501983643,2.5057945251464844,0.9020540118217468,10.633398056030273,466.3726806640625,355.2304382324219,174.40736389160156,0.021540628746151924,0.04878632724285126,2.4091732501983643,0.0,0.0,23.266218185424805,1,0
1789051715.5910816,164.99880400799157,TRACK,FLOW,/home/eunseop/nrs_imitation/checkpoints/flow/polishing/single_cam/20260910_90deg_rel_single/20260910_1606,463.27935791015625,356.93011474609375,174.01492309570312,0.0158267542719841,0.04069219157099724,2.3944599628448486,4.874099254608154,-0.5041081309318542,11.06277847290039,423.8514709472656,383.41217041015625,196.4517822265625,0.013701205141842365,-0.002510937862098217,2.3715708255767822,0.0,0.0,0.0,1,0
1789051716.0058002,165.41352221000125,TRACK,FLOW,/home/eunseop/nrs_imitation/checkpoints/flow/polishing/single_cam/20260910_90deg_rel_single/20260910_1606,461.536376953125,358.033935546875,174.0576629638672,0.012222161516547203,0.03517153486609459,2.385030508041382,4.139230728149414,-0.2256048321723938,9.388965606689453,423.8514709472656,383.41217041015625,196.4517822265625,0.013701205141842365,-0.002510937862098217,2.3715708255767822,0.0,0.0,0.0,1,0
1789051716.399158,165.8068799719913,TRACK,FLOW,/home/eunseop/nrs_imitation/checkpoints/flow/polishing/single_cam/20260910_90deg_rel_single/20260910_1606,460.3145446777344,359.3838806152344,173.34854125976562,0.008786913938820362,0.029835155233740807,2.3782894611358643,2.194157600402832,-0.29571667313575745,46.59349060058594,423.8514709472656,383.41217041015625,196.4517822265625,0.013701205141842365,-0.002510937862098217,2.3715708255767822,0.0,0.0,0.0,1,0
1789051716.3994865,165.80720822999137,TRACK,FLOW,/home/eunseop/nrs_imitation/checkpoints/flow/polishing/single_cam/20260910_90deg_rel_single/20260910_1606,460.3145446777344,359.3838806152344,173.34854125976562,0.008786913938820362,0.029835155233740807,2.3782894611358643,2.194157600402832,-0.29571667313575745,46.59349060058594,460.3145446777344,359.3838806152344,173.34854125976562,0.008786913938820362,0.029835155233740807,2.3782894611358643,0.0,0.0,24.46451759338379,1,0
1789051717.995016,167.40273797400005,TRACK,FLOW,/home/eunseop/nrs_imitation/checkpoints/flow/polishing/single_cam/20260910_90deg_rel_single/20260910_1606,457.9795227050781,361.3084411621094,173.73895263671875,0.0070838420651853085,0.026792313903570175,2.3788468837738037,5.448904991149902,-1.0810890197753906,18.131900787353516,423.8514709472656,383.41217041015625,196.4517822265625,0.013701205141842365,-0.002510937862098217,2.3715708255767822,0.0,0.0,0.0,1,0
1789051718.2104127,167.61813470699417,TRACK,FLOW,/home/eunseop/nrs_imitation/checkpoints/flow/polishing/single_cam/20260910_90deg_rel_single/20260910_1606,450.4944152832031,370.603759765625,173.71563720703125,-0.00498005049303174,0.013348833657801151,2.3775994777679443,4.33279275894165,-1.3161182403564453,20.89457130432129,450.4944152832031,370.603759765625,173.71563720703125,-0.00498005049303174,0.013348833657801151,2.3775994777679443,0.0,0.0,0.4301886558532715,1,0
1789051718.587931,167.9956539299892,TRACK,FLOW,/home/eunseop/nrs_imitation/checkpoints/flow/polishing/single_cam/20260910_90deg_rel_single/20260910_1606,448.7955627441406,373.5072937011719,173.78512573242188,-0.009106755256652832,0.010070985183119774,2.375062942504883,3.141345500946045,-1.2724696397781372,16.51709747314453,423.8514709472656,383.41217041015625,196.4517822265625,0.013701205141842365,-0.002510937862098217,2.3715708255767822,0.0,0.0,0.0,1,0
1789051718.9662588,168.37398150700028,TRACK,FLOW,/home/eunseop/nrs_imitation/checkpoints/flow/polishing/single_cam/20260910_90deg_rel_single/20260910_1606,446.8923034667969,376.8307189941406,174.17396545410156,-0.01384139247238636,0.006033238023519516,2.3708271980285645,2.7029471397399902,-1.1118062734603882,6.906064510345459,453.1473388671875,375.3294372558594,167.82211303710938,0.022884491831064224,0.03938332200050354,2.3976492881774902,0.0,0.0,0.0,1,0
1789051718.9665596,168.3742815309961,TRACK,FLOW,/home/eunseop/nrs_imitation/checkpoints/flow/polishing/single_cam/20260910_90deg_rel_single/20260910_1606,446.8923034667969,376.8307189941406,174.17396545410156,-0.01384139247238636,0.006033238023519516,2.3708271980285645,2.7029471397399902,-1.1118062734603882,6.906064510345459,446.8923034667969,376.8307189941406,174.17396545410156,-0.01384139247238636,0.006033238023519516,2.3708271980285645,0.0,0.0,26.94446563720703,1,0
1789051719.5978684,169.0055910509982,TRACK,FLOW,/home/eunseop/nrs_imitation/checkpoints/flow/polishing/single_cam/20260910_90deg_rel_single/20260910_1606,443.1665344238281,380.375244140625,174.8545684814453,-0.01813453435897827,0.001047828933224082,2.36592960357666,1.4509133100509644,-0.6709747314453125,1.8271472454071045,464.48187255859375,362.5197448730469,168.9642791748047,0.03360447287559509,0.038290251046419144,2.3764874935150146,0.0,0.0,0.0,1,0
1789051719.7779484,169.18567022199568,TRACK,FLOW,/home/eunseop/nrs_imitation/checkpoints/flow/polishing/single_cam/20260910_90deg_rel_single/20260910_1606,441.48443603515625,381.2811584472656,174.63832092285156,-0.01856195367872715,-0.0007457778556272388,2.364750623703003,2.435885190963745,-0.6300786137580872,4.0721049308776855,441.48443603515625,381.2811584472656,174.63832092285156,-0.01856195367872715,-0.0007457778556272388,2.364750623703003,0.0,0.0,25.57828712463379,1,0
1789051720.1558676,169.56358972999442,TRACK,FLOW,/home/eunseop/nrs_imitation/checkpoints/flow/polishing/single_cam/20260910_90deg_rel_single/20260910_1606,438.5003662109375,382.25396728515625,173.6349639892578,-0.019573314115405083,-0.004639045335352421,2.3623874187469482,7.728445053100586,0.49619558453559875,22.315093994140625,438.5003662109375,382.25396728515625,173.6349639892578,-0.019573314115405083,-0.004639045335352421,2.3623874187469482,0.0,0.0,24.690637588500977,1,0
1789051720.3890736,169.79679585299164,TRACK,FLOW,/home/eunseop/nrs_imitation/checkpoints/flow/polishing/single_cam/20260910_90deg_rel_single/20260910_1606,436.82275390625,382.3172302246094,173.3894805908203,-0.019640926271677017,-0.005887859500944614,2.360997200012207,9.587181091308594,0.9779893159866333,27.982147216796875,464.6996765136719,362.3530578613281,169.04188537597656,0.0337645597755909,0.03821877762675285,2.3760526180267334,0.0,0.0,0.0,1,0
1789051720.5866578,169.99437954000314,TRACK,FLOW,/home/eunseop/nrs_imitation/checkpoints/flow/polishing/single_cam/20260910_90deg_rel_single/20260910_1606,434.7591552734375,382.3558044433594,173.24737548828125,-0.018546950072050095,-0.007418681867420673,2.358837127685547,11.539078712463379,1.3460907936096191,30.559192657470703,434.7591552734375,382.3558044433594,173.24737548828125,-0.018546950072050095,-0.007418681867420673,2.358837127685547,0.0,0.0,23.202133178710938,1,0
1789051720.766349,170.17407371499576,TRACK,FLOW,/home/eunseop/nrs_imitation/checkpoints/flow/polishing/single_cam/20260910_90deg_rel_single/20260910_1606,433.01837158203125,382.156005859375,173.10964965820312,-0.017265379428863525,-0.00833940226584673,2.356827735900879,11.624486923217773,1.3061559200286865,34.299171447753906,464.6996765136719,362.3530578613281,169.04188537597656,0.0337645597755909,0.03821877762675285,2.3760526180267334,0.0,0.0,0.0,1,0
1789051722.2198188,171.62754045600013,TRACK,FLOW,/home/eunseop/nrs_imitation/checkpoints/flow/polishing/single_cam/20260910_90deg_rel_single/20260910_1606,429.5553894042969,381.6969909667969,173.1595001220703,-0.014099066145718098,-0.01039679441601038,2.3527050018310547,10.368596076965332,1.2491828203201294,31.790130615234375,429.5553894042969,381.6969909667969,173.1595001220703,-0.014099066145718098,-0.01039679441601038,2.3527050018310547,0.0,0.0,1.9071264266967773,1,0
1789051722.3815777,171.7892996009905,TRACK,FLOW,/home/eunseop/nrs_imitation/checkpoints/flow/polishing/single_cam/20260910_90deg_rel_single/20260910_1606,419.2926940917969,381.1913146972656,173.1520233154297,0.00086456403369084,-0.018427355214953423,2.337395191192627,8.296345710754395,1.3805636167526245,30.51078987121582,464.6996765136719,362.3530578613281,169.04188537597656,0.0337645597755909,0.03821877762675285,2.3760526180267334,0.0,0.0,0.0,1,0
1789051722.705794,172.11351608599944,TRACK,FLOW,/home/eunseop/nrs_imitation/checkpoints/flow/polishing/single_cam/20260910_90deg_rel_single/20260910_1606,416.6133117675781,380.98199462890625,173.12631225585938,0.005466184578835964,-0.020741518586874008,2.333608865737915,9.486462593078613,0.9590405225753784,30.909948348999023,416.6133117675781,380.98199462890625,173.12631225585938,0.005466184578835964,-0.020741518586874008,2.333608865737915,0.0,0.0,0.4864640235900879,1,0
1789051722.7078068,172.11552858399227,TRACK,FLOW,/home/eunseop/nrs_imitation/checkpoints/flow/polishing/single_cam/20260910_90deg_rel_single/20260910_1606,414.6428527832031,380.8038635253906,173.21975708007812,0.00905585940927267,-0.022249596193432808,2.330981731414795,8.252676963806152,1.267107605934143,28.765687942504883,464.6996765136719,362.3530578613281,169.04188537597656,0.0337645597755909,0.03821877762675285,2.3760526180267334,0.0,0.0,0.0,1,0
1789051723.1369393,172.5446612169908,TRACK,FLOW,/home/eunseop/nrs_imitation/checkpoints/flow/polishing/single_cam/20260910_90deg_rel_single/20260910_1606,412.90582275390625,380.60870361328125,173.2598419189453,0.012304982170462608,-0.023395922034978867,2.3287110328674316,7.816531658172607,1.2565789222717285,24.291061401367188,412.90582275390625,380.60870361328125,173.2598419189453,0.012304982170462608,-0.023395922034978867,2.3287110328674316,0.0,0.0,2.3230843544006348,1,0
1789051723.3007286,172.7084507440013,TRACK,FLOW,/home/eunseop/nrs_imitation/checkpoints/flow/polishing/single_cam/20260910_90deg_rel_single/20260910_1606,411.52081298828125,380.4820861816406,173.3254852294922,0.015106611885130405,-0.024485202506184578,2.326977491378784,7.172842025756836,1.0194263458251953,23.50421714782715,468.35205078125,354.7465515136719,166.7737579345703,0.05731004849076271,0.03544234484434128,2.344947099685669,0.0,0.0,0.0,1,0
1789051723.4999025,172.90762469200126,TRACK,FLOW,/home/eunseop/nrs_imitation/checkpoints/flow/polishing/single_cam/20260910_90deg_rel_single/20260910_1606,408.0165100097656,379.9072265625,173.29031372070312,0.022174667567014694,-0.026253219693899155,2.3230626583099365,6.744416236877441,1.1465137004852295,25.815505981445312,468.5736083984375,354.5902404785156,166.84376525878906,0.05747877433896065,0.035311564803123474,2.344548463821411,0.0,0.0,0.0,1,0
1789051723.8957725,173.30349429999478,TRACK,FLOW,/home/eunseop/nrs_imitation/checkpoints/flow/polishing/single_cam/20260910_90deg_rel_single/20260910_1606,406.30419921875,379.53143310546875,173.19374084472656,0.026069171726703644,-0.026964571326971054,2.3214423656463623,6.903662204742432,1.07961106300354,28.45461082458496,468.5736083984375,354.5902404785156,166.84376525878906,0.05747877433896065,0.035311564803123474,2.344548463821411,0.0,0.0,0.0,1,0
1789051724.2730994,173.68082147699897,TRACK,FLOW,/home/eunseop/nrs_imitation/checkpoints/flow/polishing/single_cam/20260910_90deg_rel_single/20260910_1606,402.98345947265625,378.76824951171875,172.9432830810547,0.03510918840765953,-0.027923261746764183,2.318830728530884,8.81339168548584,1.2833657264709473,38.77685546875,468.5736083984375,354.5902404785156,166.84376525878906,0.05747877433896065,0.035311564803123474,2.344548463821411,0.0,0.0,0.0,1,0
1789051724.632748,174.0404699849896,TRACK,FLOW,/home/eunseop/nrs_imitation/checkpoints/flow/polishing/single_cam/20260910_90deg_rel_single/20260910_1606,401.0445861816406,378.1470031738281,172.3024139404297,0.04747721552848816,-0.028556231409311295,2.3180456161499023,14.222840309143066,1.9857630729675293,60.474884033203125,468.5736083984375,354.5902404785156,166.84376525878906,0.05747877433896065,0.035311564803123474,2.344548463821411,0.0,0.0,0.0,1,0
1789051726.1856945,175.59341654500167,TRACK,FLOW,/home/eunseop/nrs_imitation/checkpoints/flow/polishing/single_cam/20260910_90deg_rel_single/20260910_1606,403.06231689453125,378.017578125,172.20907592773438,0.0676695704460144,-0.024975690990686417,2.3194587230682373,-15.558785438537598,-5.934256553649902,92.15129852294922,468.5736083984375,354.5902404785156,166.84376525878906,0.05747877433896065,0.035311564803123474,2.344548463821411,0.0,0.0,0.0,1,0
1789051726.3646965,175.77241896800115,TRACK,FLOW,/home/eunseop/nrs_imitation/checkpoints/flow/polishing/single_cam/20260910_90deg_rel_single/20260910_1606,407.8550720214844,384.0154724121094,182.22201538085938,0.06898219883441925,-0.036594241857528687,2.3196353912353516,1.0754623413085938,-0.1087244302034378,-0.21284610033035278,407.8550720214844,384.0154724121094,182.22201538085938,0.06898219883441925,-0.036594241857528687,2.3196353912353516,0.0,0.0,0.0,0,0
1789051726.6536655,176.06138796499,TRACK,FLOW,/home/eunseop/nrs_imitation/checkpoints/flow/polishing/single_cam/20260910_90deg_rel_single/20260910_1606,407.8656921386719,383.9953918457031,182.08795166015625,0.06890837848186493,-0.03667652606964111,2.319685459136963,-1.2615443468093872,0.7183741331100464,3.4068942070007324,468.5736083984375,354.5902404785156,166.84376525878906,0.05747877433896065,0.035311564803123474,2.344548463821411,0.0,0.0,0.0,1,0
1789051726.9768798,176.38460296699486,TRACK,FLOW,/home/eunseop/nrs_imitation/checkpoints/flow/polishing/single_cam/20260910_90deg_rel_single/20260910_1606,407.7912902832031,383.8804626464844,181.96751403808594,0.06897654384374619,-0.03613283485174179,2.319641351699829,0.35593679547309875,-1.1695287227630615,-2.5474143028259277,468.5736083984375,354.5902404785156,166.84376525878906,0.05747877433896065,0.035311564803123474,2.344548463821411,0.0,0.0,0.0,0,0
1789051727.1806452,176.58836702100234,TRACK,FLOW,/home/eunseop/nrs_imitation/checkpoints/flow/polishing/single_cam/20260910_90deg_rel_single/20260910_1606,407.9389953613281,384.13916015625,182.33140563964844,0.06889107078313828,-0.037088457494974136,2.319667100906372,0.4316186010837555,0.5431960225105286,-1.22101891040802,428.4908752441406,375.05572509765625,171.90045166015625,0.11869894713163376,0.027059463784098625,2.315479040145874,0.0,0.0,0.0,0,0
1789051727.295443,176.7031649319979,TRACK,FLOW,/home/eunseop/nrs_imitation/checkpoints/flow/polishing/single_cam/20260910_90deg_rel_single/20260910_1606,407.9070129394531,384.1371765136719,182.22470092773438,0.0688927099108696,-0.03708668053150177,2.3197031021118164,0.05234235152602196,3.1351959705352783,3.4264440536499023,407.9070129394531,384.1371765136719,182.22470092773438,0.0688927099108696,-0.03708668053150177,2.3197031021118164,0.0,0.0,10.68773078918457,1,0
1789051728.5404952,177.9482169559924,TRACK,FLOW,/home/eunseop/nrs_imitation/checkpoints/flow/polishing/single_cam/20260910_90deg_rel_single/20260910_1606,407.87261962890625,384.04010009765625,182.26783752441406,0.06895475834608078,-0.036867905408144,2.3196513652801514,0.6922472715377808,0.03003680519759655,0.16391967236995697,428.4908752441406,375.05572509765625,171.90045166015625,0.11869894713163376,0.027059463784098625,2.315479040145874,0.0,0.0,0.0,0,0
1789051728.684687,178.09240906599734,TRACK,FLOW,/home/eunseop/nrs_imitation/checkpoints/flow/polishing/single_cam/20260910_90deg_rel_single/20260910_1606,407.866943359375,384.0221862792969,182.2484588623047,0.06895410269498825,-0.036775652319192886,2.319650173187256,0.5744413137435913,-0.027515791356563568,-0.07364952564239502,407.866943359375,384.0221862792969,182.2484588623047,0.06895410269498825,-0.036775652319192886,2.319650173187256,0.0,0.0,0.0,0,0
1789051728.8639166,178.27163873300015,TRACK,FLOW,/home/eunseop/nrs_imitation/checkpoints/flow/polishing/single_cam/20260910_90deg_rel_single/20260910_1606,407.8042297363281,383.9287109375,182.0791778564453,0.06898684799671173,-0.036367569118738174,2.319716215133667,1.1898167133331299,-0.9292559623718262,-2.6751232147216797,428.4908752441406,375.05572509765625,171.90045166015625,0.11869894713163376,0.027059463784098625,2.315479040145874,0.0,0.0,0.0,0,0
1789051729.139874,178.54759599399404,TRACK,FLOW,/home/eunseop/nrs_imitation/checkpoints/flow/polishing/single_cam/20260910_90deg_rel_single/20260910_1606,407.9351806640625,384.14825439453125,182.3779754638672,0.06886076927185059,-0.03719191998243332,2.3197407722473145,0.5040174722671509,0.06174355000257492,3.2591071128845215,428.4908752441406,375.05572509765625,171.90045166015625,0.11869894713163376,0.027059463784098625,2.315479040145874,0.0,0.0,0.0,1,0
1789051729.1400425,178.54776423500152,TRACK,FLOW,/home/eunseop/nrs_imitation/checkpoints/flow/polishing/single_cam/20260910_90deg_rel_single/20260910_1606,407.9351806640625,384.14825439453125,182.3779754638672,0.06886076927185059,-0.03719191998243332,2.3197407722473145,0.5040174722671509,0.06174355000257492,3.2591071128845215,407.9351806640625,384.14825439453125,182.3779754638672,0.06886076927185059,-0.03719191998243332,2.3197407722473145,0.0,0.0,10.68773078918457,1,0
1789051729.2997918,178.70751393899263,TRACK,FLOW,/home/eunseop/nrs_imitation/checkpoints/flow/polishing/single_cam/20260910_90deg_rel_single/20260910_1606,407.9044494628906,384.1426086425781,182.3466033935547,0.06897301226854324,-0.03705374151468277,2.3196654319763184,0.7259817719459534,0.03177069127559662,0.9164249897003174,428.4908752441406,375.05572509765625,171.90045166015625,0.11869894713163376,0.027059463784098625,2.315479040145874,0.0,0.0,0.0,0,0
1789051729.2999935,178.70771540400165,TRACK,FLOW,/home/eunseop/nrs_imitation/checkpoints/flow/polishing/single_cam/20260910_90deg_rel_single/20260910_1606,407.9044494628906,384.1426086425781,182.3466033935547,0.06897301226854324,-0.03705374151468277,2.3196654319763184,0.7259817719459534,0.03177069127559662,0.9164249897003174,407.9044494628906,384.1426086425781,182.3466033935547,0.06897301226854324,-0.03705374151468277,2.3196654319763184,0.0,0.0,0.0,0,0
