run_id,logger_seq,source_seq,source_stamp_ns,receipt_ros_ns,receipt_monotonic_ns,stamp_basis,source_clock,frame_id,source,validity,inference_id,plan_id,command_id,action_index,command_stage,command_mode,semantic_frame,orientation_unit,position_unit,force_unit,x,y,z,rx,ry,rz,fx,fy,fz,limited,limiting_reason,execution_status,raw_values,details
E1_on_r02_20260917T180946_1789636186200651410_aqclx4_k,8,,,1789636186206913226,1675147610506,receipt_only_no_header,,,/ur10skku/targetP,valid,,,,,controller_reported_target,targetP,robot_base,rotvec_rad,mm,,445.00000000000017,394.49999999999994,220.0,1.112407017783246e-16,2.751216575085989e-17,2.3561944901923444,,,,,,not_physical_completion,"[445.00000000000017, 394.49999999999994, 220.0, 1.112407017783246e-16, 2.751216575085989e-17, 2.3561944901923444]","{""command_id_unavailable"": true, ""final_internal_force_setpoint_verified"": false}"
E1_on_r02_20260917T180946_1789636186200651410_aqclx4_k,9,,,1789636186207124017,1675147821327,receipt_only_no_header,,,/ur10skku/targetF,valid,,,,,controller_reported_target,targetF,runtime_force_coordinate_unknown,,,N,,,,,,,0.0,0.0,0.0,,,not_physical_completion,"[0.0, 0.0, 0.0, 0.0, 0.0, 0.0]","{""command_id_unavailable"": true, ""final_internal_force_setpoint_verified"": false}"
E1_on_r02_20260917T180946_1789636186200651410_aqclx4_k,26,,,1789636186214112996,1675154810837,receipt_only_no_header,,,/ur10skku/cmdMotion,valid,,,1,,node_sent,cmdMotion,pose:robot_base; force:controller_config_dependent,rotvec_rad,mm,N,445.0677185058594,394.4934387207031,220.0302276611328,-0.00010422628110973164,-0.00011943052231799811,2.3561630249023438,0.0,0.0,0.0,False,,sent_not_verified_executed,"[445.0677185058594, 394.4934387207031, 220.0302276611328, -0.00010422628110973164, -0.00011943052231799811, 2.3561630249023438, 0.0, 0.0, 0.0]","{""target_velocity_mm_s"": null, ""force_xy_cmd_enable"": false, ""limiting_scope"": ""this send boundary; earlier force changes have policy_force_postprocess events"", ""contact_gate"": false, ""action_index_note"": ""unknown for interpolation/aggregation/non-policy commands"", ""final_controller_setpoint"": null}"
E1_on_r02_20260917T180946_1789636186200651410_aqclx4_k,29,,,1789636186214218016,1675154915586,receipt_only_no_header,,,/ur10skku/targetP,valid,,,,,controller_reported_target,targetP,robot_base,rotvec_rad,mm,,445.00000000000017,394.49999999999994,220.0,1.112407017783246e-16,2.751216575085989e-17,2.3561944901923444,,,,,,not_physical_completion,"[445.00000000000017, 394.49999999999994, 220.0, 1.112407017783246e-16, 2.751216575085989e-17, 2.3561944901923444]","{""command_id_unavailable"": true, ""final_internal_force_setpoint_verified"": false}"
E1_on_r02_20260917T180946_1789636186200651410_aqclx4_k,30,,,1789636186214256239,1675154952887,receipt_only_no_header,,,/ur10skku/targetF,valid,,,,,controller_reported_target,targetF,runtime_force_coordinate_unknown,,,N,,,,,,,0.0,0.0,0.0,,,not_physical_completion,"[0.0, 0.0, 0.0, 0.0, 0.0, 0.0]","{""command_id_unavailable"": true, ""final_internal_force_setpoint_verified"": false}"
E1_on_r02_20260917T180946_1789636186200651410_aqclx4_k,53,,,1789636186222322197,1675163019407,receipt_only_no_header,,,/ur10skku/targetP,valid,,,,,controller_reported_target,targetP,robot_base,rotvec_rad,mm,,445.0677185058594,394.4934387207031,220.0302276611328,-0.00010422628110973164,-0.00011943052231799811,2.3561630249023438,,,,,,not_physical_completion,"[445.0677185058594, 394.4934387207031, 220.0302276611328, -0.00010422628110973164, -0.00011943052231799811, 2.3561630249023438]","{""command_id_unavailable"": true, ""final_internal_force_setpoint_verified"": false}"
E1_on_r02_20260917T180946_1789636186200651410_aqclx4_k,54,,,1789636186222419743,1675163116742,receipt_only_no_header,,,/ur10skku/targetF,valid,,,,,controller_reported_target,targetF,runtime_force_coordinate_unknown,,,N,,,,,,,0.0,0.0,0.0,,,not_physical_completion,"[0.0, 0.0, 0.0, 0.0, 0.0, 0.0]","{""command_id_unavailable"": true, ""final_internal_force_setpoint_verified"": false}"
E1_on_r02_20260917T180946_1789636186200651410_aqclx4_k,56,,,1789636186223015156,1675163714048,receipt_only_no_header,,,/singleArm_cmd/single_arm_command,valid,,,2,,node_sent,PTP,pose:robot_base; force:controller_config_dependent,rotvec_components_deg,mm,N,468.45733642578125,356.9775085449219,214.15731811523438,-9.206616401672363,0.8161619305610657,134.96826171875,,,,,,sent_not_verified_executed,"[468.45733642578125, 356.9775085449219, 214.15731811523438, -9.206616401672363, 0.8161619305610657, 134.96826171875]","{""target_velocity_mm_s"": 20.0, ""force_xy_cmd_enable"": false, ""limiting_scope"": ""this send boundary; earlier force changes have policy_force_postprocess events"", ""contact_gate"": false, ""action_index_note"": ""unknown for interpolation/aggregation/non-policy commands"", ""final_controller_setpoint"": null}"
E1_on_r02_20260917T180946_1789636186200651410_aqclx4_k,77,,,1789636186230154151,1675170854035,receipt_only_no_header,,,/ur10skku/targetP,valid,,,,,controller_reported_target,targetP,robot_base,rotvec_rad,mm,,445.0677185058594,394.4934387207031,220.0302276611328,-0.00010422628110973164,-0.00011943052231799811,2.3561630249023438,,,,,,not_physical_completion,"[445.0677185058594, 394.4934387207031, 220.0302276611328, -0.00010422628110973164, -0.00011943052231799811, 2.3561630249023438]","{""command_id_unavailable"": true, ""final_internal_force_setpoint_verified"": false}"
E1_on_r02_20260917T180946_1789636186200651410_aqclx4_k,78,,,1789636186230208093,1675170905002,receipt_only_no_header,,,/ur10skku/targetF,valid,,,,,controller_reported_target,targetF,runtime_force_coordinate_unknown,,,N,,,,,,,0.0,0.0,0.0,,,not_physical_completion,"[0.0, 0.0, 0.0, 0.0, 0.0, 0.0]","{""command_id_unavailable"": true, ""final_internal_force_setpoint_verified"": false}"
E1_on_r02_20260917T180946_1789636186200651410_aqclx4_k,88,,,1789636186243691000,1675184388289,receipt_only_no_header,,,/ur10skku/targetP,valid,,,,,controller_reported_target,targetP,robot_base,rotvec_rad,mm,,445.0677185058594,394.4934387207031,220.0302276611328,-0.00010422628110973164,-0.00011943052231799811,2.3561630249023438,,,,,,not_physical_completion,"[445.0677185058594, 394.4934387207031, 220.0302276611328, -0.00010422628110973164, -0.00011943052231799811, 2.3561630249023438]","{""command_id_unavailable"": true, ""final_internal_force_setpoint_verified"": false}"
E1_on_r02_20260917T180946_1789636186200651410_aqclx4_k,89,,,1789636186243730094,1675184426592,receipt_only_no_header,,,/ur10skku/targetF,valid,,,,,controller_reported_target,targetF,runtime_force_coordinate_unknown,,,N,,,,,,,0.0,0.0,0.0,,,not_physical_completion,"[0.0, 0.0, 0.0, 0.0, 0.0, 0.0]","{""command_id_unavailable"": true, ""final_internal_force_setpoint_verified"": false}"
E1_on_r02_20260917T180946_1789636186200651410_aqclx4_k,107,,,1789636186245854677,1675186551325,receipt_only_no_header,,,/ur10skku/targetP,valid,,,,,controller_reported_target,targetP,robot_base,rotvec_rad,mm,,445.0677185058594,394.4934387207031,220.0302276611328,-0.00010422628110973164,-0.00011943052231799811,2.3561630249023438,,,,,,not_physical_completion,"[445.0677185058594, 394.4934387207031, 220.0302276611328, -0.00010422628110973164, -0.00011943052231799811, 2.3561630249023438]","{""command_id_unavailable"": true, ""final_internal_force_setpoint_verified"": false}"
E1_on_r02_20260917T180946_1789636186200651410_aqclx4_k,111,,,1789636186246236704,1675186933162,receipt_only_no_header,,,/ur10skku/targetF,valid,,,,,controller_reported_target,targetF,runtime_force_coordinate_unknown,,,N,,,,,,,0.0,0.0,0.0,,,not_physical_completion,"[0.0, 0.0, 0.0, 0.0, 0.0, 0.0]","{""command_id_unavailable"": true, ""final_internal_force_setpoint_verified"": false}"
E1_on_r02_20260917T180946_1789636186200651410_aqclx4_k,142,,,1789636186254268928,1675194966859,receipt_only_no_header,,,/ur10skku/targetP,valid,,,,,controller_reported_target,targetP,robot_base,rotvec_rad,mm,,445.0677185058594,394.4934387207031,220.0302276611328,-0.00010422628110973164,-0.00011943052231799811,2.3561630249023438,,,,,,not_physical_completion,"[445.0677185058594, 394.4934387207031, 220.0302276611328, -0.00010422628110973164, -0.00011943052231799811, 2.3561630249023438]","{""command_id_unavailable"": true, ""final_internal_force_setpoint_verified"": false}"
E1_on_r02_20260917T180946_1789636186200651410_aqclx4_k,143,,,1789636186254425286,1675195122695,receipt_only_no_header,,,/ur10skku/targetF,valid,,,,,controller_reported_target,targetF,runtime_force_coordinate_unknown,,,N,,,,,,,0.0,0.0,0.0,,,not_physical_completion,"[0.0, 0.0, 0.0, 0.0, 0.0, 0.0]","{""command_id_unavailable"": true, ""final_internal_force_setpoint_verified"": false}"
E1_on_r02_20260917T180946_1789636186200651410_aqclx4_k,163,,,1789636186262047780,1675202744869,receipt_only_no_header,,,/ur10skku/targetP,valid,,,,,controller_reported_target,targetP,robot_base,rotvec_rad,mm,,445.04495887736545,394.4923344017009,220.01263854808008,-8.137601671501791e-05,-7.71400506134221e-05,2.3561870130464277,,,,,,not_physical_completion,"[445.04495887736545, 394.4923344017009, 220.01263854808008, -8.137601671501791e-05, -7.71400506134221e-05, 2.3561870130464277]","{""command_id_unavailable"": true, ""final_internal_force_setpoint_verified"": false}"
E1_on_r02_20260917T180946_1789636186200651410_aqclx4_k,164,,,1789636186262082065,1675202778674,receipt_only_no_header,,,/ur10skku/targetF,valid,,,,,controller_reported_target,targetF,runtime_force_coordinate_unknown,,,N,,,,,,,0.0,0.0,0.0,,,not_physical_completion,"[0.0, 0.0, 0.0, 0.0, 0.0, 0.0]","{""command_id_unavailable"": true, ""final_internal_force_setpoint_verified"": false}"
E1_on_r02_20260917T180946_1789636186200651410_aqclx4_k,187,,,1789636186270770218,1675211467377,receipt_only_no_header,,,/ur10skku/targetP,valid,,,,,controller_reported_target,targetP,robot_base,rotvec_rad,mm,,445.04495887736545,394.4923344017009,220.01263854808008,-8.137601671501791e-05,-7.71400506134221e-05,2.3561870130464277,,,,,,not_physical_completion,"[445.04495887736545, 394.4923344017009, 220.01263854808008, -8.137601671501791e-05, -7.71400506134221e-05, 2.3561870130464277]","{""command_id_unavailable"": true, ""final_internal_force_setpoint_verified"": false}"
E1_on_r02_20260917T180946_1789636186200651410_aqclx4_k,188,,,1789636186270804473,1675211500981,receipt_only_no_header,,,/ur10skku/targetF,valid,,,,,controller_reported_target,targetF,runtime_force_coordinate_unknown,,,N,,,,,,,0.0,0.0,0.0,,,not_physical_completion,"[0.0, 0.0, 0.0, 0.0, 0.0, 0.0]","{""command_id_unavailable"": true, ""final_internal_force_setpoint_verified"": false}"
E1_on_r02_20260917T180946_1789636186200651410_aqclx4_k,206,,,1789636186278213321,1675218910941,receipt_only_no_header,,,/ur10skku/targetP,valid,,,,,controller_reported_target,targetP,robot_base,rotvec_rad,mm,,445.04495887736545,394.4923344017009,220.01263854808008,-8.137601671501791e-05,-7.71400506134221e-05,2.3561870130464277,,,,,,not_physical_completion,"[445.04495887736545, 394.4923344017009, 220.01263854808008, -8.137601671501791e-05, -7.71400506134221e-05, 2.3561870130464277]","{""command_id_unavailable"": true, ""final_internal_force_setpoint_verified"": false}"
E1_on_r02_20260917T180946_1789636186200651410_aqclx4_k,207,,,1789636186278250332,1675218946730,receipt_only_no_header,,,/ur10skku/targetF,valid,,,,,controller_reported_target,targetF,runtime_force_coordinate_unknown,,,N,,,,,,,0.0,0.0,0.0,,,not_physical_completion,"[0.0, 0.0, 0.0, 0.0, 0.0, 0.0]","{""command_id_unavailable"": true, ""final_internal_force_setpoint_verified"": false}"
E1_on_r02_20260917T180946_1789636186200651410_aqclx4_k,228,,,1789636186286291924,1675226989524,receipt_only_no_header,,,/ur10skku/targetP,valid,,,,,controller_reported_target,targetP,robot_base,rotvec_rad,mm,,445.04495887736545,394.4923344017009,220.01263854808008,-8.137601671501791e-05,-7.71400506134221e-05,2.3561870130464277,,,,,,not_physical_completion,"[445.04495887736545, 394.4923344017009, 220.01263854808008, -8.137601671501791e-05, -7.71400506134221e-05, 2.3561870130464277]","{""command_id_unavailable"": true, ""final_internal_force_setpoint_verified"": false}"
E1_on_r02_20260917T180946_1789636186200651410_aqclx4_k,229,,,1789636186286329836,1675227026224,receipt_only_no_header,,,/ur10skku/targetF,valid,,,,,controller_reported_target,targetF,runtime_force_coordinate_unknown,,,N,,,,,,,0.0,0.0,0.0,,,not_physical_completion,"[0.0, 0.0, 0.0, 0.0, 0.0, 0.0]","{""command_id_unavailable"": true, ""final_internal_force_setpoint_verified"": false}"
E1_on_r02_20260917T180946_1789636186200651410_aqclx4_k,248,,,1789636186293894641,1675234591990,receipt_only_no_header,,,/ur10skku/targetP,valid,,,,,controller_reported_target,targetP,robot_base,rotvec_rad,mm,,445.04495887736545,394.4923344017009,220.01263854808008,-8.137601671501791e-05,-7.71400506134221e-05,2.3561870130464277,,,,,,not_physical_completion,"[445.04495887736545, 394.4923344017009, 220.01263854808008, -8.137601671501791e-05, -7.71400506134221e-05, 2.3561870130464277]","{""command_id_unavailable"": true, ""final_internal_force_setpoint_verified"": false}"
E1_on_r02_20260917T180946_1789636186200651410_aqclx4_k,249,,,1789636186293930890,1675234627137,receipt_only_no_header,,,/ur10skku/targetF,valid,,,,,controller_reported_target,targetF,runtime_force_coordinate_unknown,,,N,,,,,,,0.0,0.0,0.0,,,not_physical_completion,"[0.0, 0.0, 0.0, 0.0, 0.0, 0.0]","{""command_id_unavailable"": true, ""final_internal_force_setpoint_verified"": false}"
E1_on_r02_20260917T180946_1789636186200651410_aqclx4_k,260,,,1789636186326595336,1675267291834,receipt_only_no_header,,,/ur10skku/targetP,valid,,,,,controller_reported_target,targetP,robot_base,rotvec_rad,mm,,445.04495887736545,394.4923344017009,220.01263854808008,-8.137601671501791e-05,-7.71400506134221e-05,2.3561870130464277,,,,,,not_physical_completion,"[445.04495887736545, 394.4923344017009, 220.01263854808008, -8.137601671501791e-05, -7.71400506134221e-05, 2.3561870130464277]","{""command_id_unavailable"": true, ""final_internal_force_setpoint_verified"": false}"
E1_on_r02_20260917T180946_1789636186200651410_aqclx4_k,261,,,1789636186326627207,1675267323715,receipt_only_no_header,,,/ur10skku/targetF,valid,,,,,controller_reported_target,targetF,runtime_force_coordinate_unknown,,,N,,,,,,,0.0,0.0,0.0,,,not_physical_completion,"[0.0, 0.0, 0.0, 0.0, 0.0, 0.0]","{""command_id_unavailable"": true, ""final_internal_force_setpoint_verified"": false}"
E1_on_r02_20260917T180946_1789636186200651410_aqclx4_k,267,,,1789636186327296210,1675267992357,receipt_only_no_header,,,/ur10skku/targetP,valid,,,,,controller_reported_target,targetP,robot_base,rotvec_rad,mm,,445.04495887736545,394.4923344017009,220.01263854808008,-8.137601671501791e-05,-7.71400506134221e-05,2.3561870130464277,,,,,,not_physical_completion,"[445.04495887736545, 394.4923344017009, 220.01263854808008, -8.137601671501791e-05, -7.71400506134221e-05, 2.3561870130464277]","{""command_id_unavailable"": true, ""final_internal_force_setpoint_verified"": false}"
E1_on_r02_20260917T180946_1789636186200651410_aqclx4_k,268,,,1789636186327327960,1675268024178,receipt_only_no_header,,,/ur10skku/targetF,valid,,,,,controller_reported_target,targetF,runtime_force_coordinate_unknown,,,N,,,,,,,0.0,0.0,0.0,,,not_physical_completion,"[0.0, 0.0, 0.0, 0.0, 0.0, 0.0]","{""command_id_unavailable"": true, ""final_internal_force_setpoint_verified"": false}"
E1_on_r02_20260917T180946_1789636186200651410_aqclx4_k,302,,,1789636186435726179,1675376422667,receipt_only_no_header,,,/ur10skku/targetP,valid,,,,,controller_reported_target,targetP,robot_base,rotvec_rad,mm,,445.04495887736545,394.4923344017009,220.01263854808008,-8.137601671501791e-05,-7.71400506134221e-05,2.3561870130464277,,,,,,not_physical_completion,"[445.04495887736545, 394.4923344017009, 220.01263854808008, -8.137601671501791e-05, -7.71400506134221e-05, 2.3561870130464277]","{""command_id_unavailable"": true, ""final_internal_force_setpoint_verified"": false}"
E1_on_r02_20260917T180946_1789636186200651410_aqclx4_k,303,,,1789636186435759532,1675376455940,receipt_only_no_header,,,/ur10skku/targetF,valid,,,,,controller_reported_target,targetF,runtime_force_coordinate_unknown,,,N,,,,,,,0.0,0.0,0.0,,,not_physical_completion,"[0.0, 0.0, 0.0, 0.0, 0.0, 0.0]","{""command_id_unavailable"": true, ""final_internal_force_setpoint_verified"": false}"
E1_on_r02_20260917T180946_1789636186200651410_aqclx4_k,307,,,1789636186436245748,1675376942276,receipt_only_no_header,,,/ur10skku/targetP,valid,,,,,controller_reported_target,targetP,robot_base,rotvec_rad,mm,,445.04495887736545,394.4923344017009,220.01263854808008,-8.137601671501791e-05,-7.71400506134221e-05,2.3561870130464277,,,,,,not_physical_completion,"[445.04495887736545, 394.4923344017009, 220.01263854808008, -8.137601671501791e-05, -7.71400506134221e-05, 2.3561870130464277]","{""command_id_unavailable"": true, ""final_internal_force_setpoint_verified"": false}"
E1_on_r02_20260917T180946_1789636186200651410_aqclx4_k,308,,,1789636186436276135,1675376972373,receipt_only_no_header,,,/ur10skku/targetF,valid,,,,,controller_reported_target,targetF,runtime_force_coordinate_unknown,,,N,,,,,,,0.0,0.0,0.0,,,not_physical_completion,"[0.0, 0.0, 0.0, 0.0, 0.0, 0.0]","{""command_id_unavailable"": true, ""final_internal_force_setpoint_verified"": false}"
E1_on_r02_20260917T180946_1789636186200651410_aqclx4_k,340,,,1789636186469768187,1675410464664,receipt_only_no_header,,,/ur10skku/targetP,valid,,,,,controller_reported_target,targetP,robot_base,rotvec_rad,mm,,445.04495887736545,394.4923344017009,220.01263854808008,-8.137601671501791e-05,-7.71400506134221e-05,2.3561870130464277,,,,,,not_physical_completion,"[445.04495887736545, 394.4923344017009, 220.01263854808008, -8.137601671501791e-05, -7.71400506134221e-05, 2.3561870130464277]","{""command_id_unavailable"": true, ""final_internal_force_setpoint_verified"": false}"
E1_on_r02_20260917T180946_1789636186200651410_aqclx4_k,341,,,1789636186469801089,1675410497848,receipt_only_no_header,,,/ur10skku/targetF,valid,,,,,controller_reported_target,targetF,runtime_force_coordinate_unknown,,,N,,,,,,,0.0,0.0,0.0,,,not_physical_completion,"[0.0, 0.0, 0.0, 0.0, 0.0, 0.0]","{""command_id_unavailable"": true, ""final_internal_force_setpoint_verified"": false}"
E1_on_r02_20260917T180946_1789636186200651410_aqclx4_k,347,,,1789636186470468639,1675411164797,receipt_only_no_header,,,/ur10skku/targetP,valid,,,,,controller_reported_target,targetP,robot_base,rotvec_rad,mm,,445.04495887736545,394.4923344017009,220.01263854808008,-8.137601671501791e-05,-7.71400506134221e-05,2.3561870130464277,,,,,,not_physical_completion,"[445.04495887736545, 394.4923344017009, 220.01263854808008, -8.137601671501791e-05, -7.71400506134221e-05, 2.3561870130464277]","{""command_id_unavailable"": true, ""final_internal_force_setpoint_verified"": false}"
E1_on_r02_20260917T180946_1789636186200651410_aqclx4_k,348,,,1789636186470497154,1675411193311,receipt_only_no_header,,,/ur10skku/targetF,valid,,,,,controller_reported_target,targetF,runtime_force_coordinate_unknown,,,N,,,,,,,0.0,0.0,0.0,,,not_physical_completion,"[0.0, 0.0, 0.0, 0.0, 0.0, 0.0]","{""command_id_unavailable"": true, ""final_internal_force_setpoint_verified"": false}"
E1_on_r02_20260917T180946_1789636186200651410_aqclx4_k,353,,,1789636186470847370,1675411543598,receipt_only_no_header,,,/ur10skku/targetP,valid,,,,,controller_reported_target,targetP,robot_base,rotvec_rad,mm,,445.04495887736545,394.4923344017009,220.01263854808008,-8.137601671501791e-05,-7.71400506134221e-05,2.3561870130464277,,,,,,not_physical_completion,"[445.04495887736545, 394.4923344017009, 220.01263854808008, -8.137601671501791e-05, -7.71400506134221e-05, 2.3561870130464277]","{""command_id_unavailable"": true, ""final_internal_force_setpoint_verified"": false}"
E1_on_r02_20260917T180946_1789636186200651410_aqclx4_k,354,,,1789636186470875594,1675411571751,receipt_only_no_header,,,/ur10skku/targetF,valid,,,,,controller_reported_target,targetF,runtime_force_coordinate_unknown,,,N,,,,,,,0.0,0.0,0.0,,,not_physical_completion,"[0.0, 0.0, 0.0, 0.0, 0.0, 0.0]","{""command_id_unavailable"": true, ""final_internal_force_setpoint_verified"": false}"
E1_on_r02_20260917T180946_1789636186200651410_aqclx4_k,359,,,1789636186471568061,1675412264259,receipt_only_no_header,,,/ur10skku/targetP,valid,,,,,controller_reported_target,targetP,robot_base,rotvec_rad,mm,,445.04495887736545,394.4923344017009,220.01263854808008,-8.137601671501791e-05,-7.71400506134221e-05,2.3561870130464277,,,,,,not_physical_completion,"[445.04495887736545, 394.4923344017009, 220.01263854808008, -8.137601671501791e-05, -7.71400506134221e-05, 2.3561870130464277]","{""command_id_unavailable"": true, ""final_internal_force_setpoint_verified"": false}"
E1_on_r02_20260917T180946_1789636186200651410_aqclx4_k,360,,,1789636186471595884,1675412292022,receipt_only_no_header,,,/ur10skku/targetF,valid,,,,,controller_reported_target,targetF,runtime_force_coordinate_unknown,,,N,,,,,,,0.0,0.0,0.0,,,not_physical_completion,"[0.0, 0.0, 0.0, 0.0, 0.0, 0.0]","{""command_id_unavailable"": true, ""final_internal_force_setpoint_verified"": false}"
E1_on_r02_20260917T180946_1789636186200651410_aqclx4_k,366,,,1789636186472011976,1675412708153,receipt_only_no_header,,,/ur10skku/targetP,valid,,,,,controller_reported_target,targetP,robot_base,rotvec_rad,mm,,445.04495887736545,394.4923344017009,220.01263854808008,-8.137601671501791e-05,-7.71400506134221e-05,2.3561870130464277,,,,,,not_physical_completion,"[445.04495887736545, 394.4923344017009, 220.01263854808008, -8.137601671501791e-05, -7.71400506134221e-05, 2.3561870130464277]","{""command_id_unavailable"": true, ""final_internal_force_setpoint_verified"": false}"
E1_on_r02_20260917T180946_1789636186200651410_aqclx4_k,367,,,1789636186472038697,1675412734804,receipt_only_no_header,,,/ur10skku/targetF,valid,,,,,controller_reported_target,targetF,runtime_force_coordinate_unknown,,,N,,,,,,,0.0,0.0,0.0,,,not_physical_completion,"[0.0, 0.0, 0.0, 0.0, 0.0, 0.0]","{""command_id_unavailable"": true, ""final_internal_force_setpoint_verified"": false}"
E1_on_r02_20260917T180946_1789636186200651410_aqclx4_k,373,,,1789636186472407779,1675413103997,receipt_only_no_header,,,/ur10skku/targetP,valid,,,,,controller_reported_target,targetP,robot_base,rotvec_rad,mm,,445.04495887736545,394.4923344017009,220.01263854808008,-8.137601671501791e-05,-7.71400506134221e-05,2.3561870130464277,,,,,,not_physical_completion,"[445.04495887736545, 394.4923344017009, 220.01263854808008, -8.137601671501791e-05, -7.71400506134221e-05, 2.3561870130464277]","{""command_id_unavailable"": true, ""final_internal_force_setpoint_verified"": false}"
E1_on_r02_20260917T180946_1789636186200651410_aqclx4_k,374,,,1789636186472436494,1675413132761,receipt_only_no_header,,,/ur10skku/targetF,valid,,,,,controller_reported_target,targetF,runtime_force_coordinate_unknown,,,N,,,,,,,0.0,0.0,0.0,,,not_physical_completion,"[0.0, 0.0, 0.0, 0.0, 0.0, 0.0]","{""command_id_unavailable"": true, ""final_internal_force_setpoint_verified"": false}"
E1_on_r02_20260917T180946_1789636186200651410_aqclx4_k,380,,,1789636186473203544,1675413899811,receipt_only_no_header,,,/ur10skku/targetP,valid,,,,,controller_reported_target,targetP,robot_base,rotvec_rad,mm,,445.04495887736545,394.4923344017009,220.01263854808008,-8.137601671501791e-05,-7.71400506134221e-05,2.3561870130464277,,,,,,not_physical_completion,"[445.04495887736545, 394.4923344017009, 220.01263854808008, -8.137601671501791e-05, -7.71400506134221e-05, 2.3561870130464277]","{""command_id_unavailable"": true, ""final_internal_force_setpoint_verified"": false}"
E1_on_r02_20260917T180946_1789636186200651410_aqclx4_k,381,,,1789636186473231337,1675413927484,receipt_only_no_header,,,/ur10skku/targetF,valid,,,,,controller_reported_target,targetF,runtime_force_coordinate_unknown,,,N,,,,,,,0.0,0.0,0.0,,,not_physical_completion,"[0.0, 0.0, 0.0, 0.0, 0.0, 0.0]","{""command_id_unavailable"": true, ""final_internal_force_setpoint_verified"": false}"
E1_on_r02_20260917T180946_1789636186200651410_aqclx4_k,385,,,1789636186473539263,1675414235771,receipt_only_no_header,,,/ur10skku/targetP,valid,,,,,controller_reported_target,targetP,robot_base,rotvec_rad,mm,,445.04495887736545,394.4923344017009,220.01263854808008,-8.137601671501791e-05,-7.71400506134221e-05,2.3561870130464277,,,,,,not_physical_completion,"[445.04495887736545, 394.4923344017009, 220.01263854808008, -8.137601671501791e-05, -7.71400506134221e-05, 2.3561870130464277]","{""command_id_unavailable"": true, ""final_internal_force_setpoint_verified"": false}"
E1_on_r02_20260917T180946_1789636186200651410_aqclx4_k,386,,,1789636186473566645,1675414262862,receipt_only_no_header,,,/ur10skku/targetF,valid,,,,,controller_reported_target,targetF,runtime_force_coordinate_unknown,,,N,,,,,,,0.0,0.0,0.0,,,not_physical_completion,"[0.0, 0.0, 0.0, 0.0, 0.0, 0.0]","{""command_id_unavailable"": true, ""final_internal_force_setpoint_verified"": false}"
E1_on_r02_20260917T180946_1789636186200651410_aqclx4_k,390,,,1789636186474106963,1675414803411,receipt_only_no_header,,,/ur10skku/targetP,valid,,,,,controller_reported_target,targetP,robot_base,rotvec_rad,mm,,445.04495887736545,394.4923344017009,220.01263854808008,-8.137601671501791e-05,-7.71400506134221e-05,2.3561870130464277,,,,,,not_physical_completion,"[445.04495887736545, 394.4923344017009, 220.01263854808008, -8.137601671501791e-05, -7.71400506134221e-05, 2.3561870130464277]","{""command_id_unavailable"": true, ""final_internal_force_setpoint_verified"": false}"
E1_on_r02_20260917T180946_1789636186200651410_aqclx4_k,391,,,1789636186474133754,1675414830052,receipt_only_no_header,,,/ur10skku/targetF,valid,,,,,controller_reported_target,targetF,runtime_force_coordinate_unknown,,,N,,,,,,,0.0,0.0,0.0,,,not_physical_completion,"[0.0, 0.0, 0.0, 0.0, 0.0, 0.0]","{""command_id_unavailable"": true, ""final_internal_force_setpoint_verified"": false}"
E1_on_r02_20260917T180946_1789636186200651410_aqclx4_k,394,,,1789636186474357039,1675415053306,receipt_only_no_header,,,/ur10skku/targetP,valid,,,,,controller_reported_target,targetP,robot_base,rotvec_rad,mm,,445.04495887736545,394.4923344017009,220.01263854808008,-8.137601671501791e-05,-7.71400506134221e-05,2.3561870130464277,,,,,,not_physical_completion,"[445.04495887736545, 394.4923344017009, 220.01263854808008, -8.137601671501791e-05, -7.71400506134221e-05, 2.3561870130464277]","{""command_id_unavailable"": true, ""final_internal_force_setpoint_verified"": false}"
E1_on_r02_20260917T180946_1789636186200651410_aqclx4_k,395,,,1789636186474383740,1675415079887,receipt_only_no_header,,,/ur10skku/targetF,valid,,,,,controller_reported_target,targetF,runtime_force_coordinate_unknown,,,N,,,,,,,0.0,0.0,0.0,,,not_physical_completion,"[0.0, 0.0, 0.0, 0.0, 0.0, 0.0]","{""command_id_unavailable"": true, ""final_internal_force_setpoint_verified"": false}"
E1_on_r02_20260917T180946_1789636186200651410_aqclx4_k,398,,,1789636186474744316,1675415440704,receipt_only_no_header,,,/ur10skku/targetP,valid,,,,,controller_reported_target,targetP,robot_base,rotvec_rad,mm,,445.04495887736545,394.4923344017009,220.01263854808008,-8.137601671501791e-05,-7.71400506134221e-05,2.3561870130464277,,,,,,not_physical_completion,"[445.04495887736545, 394.4923344017009, 220.01263854808008, -8.137601671501791e-05, -7.71400506134221e-05, 2.3561870130464277]","{""command_id_unavailable"": true, ""final_internal_force_setpoint_verified"": false}"
E1_on_r02_20260917T180946_1789636186200651410_aqclx4_k,399,,,1789636186474771628,1675415467925,receipt_only_no_header,,,/ur10skku/targetF,valid,,,,,controller_reported_target,targetF,runtime_force_coordinate_unknown,,,N,,,,,,,0.0,0.0,0.0,,,not_physical_completion,"[0.0, 0.0, 0.0, 0.0, 0.0, 0.0]","{""command_id_unavailable"": true, ""final_internal_force_setpoint_verified"": false}"
E1_on_r02_20260917T180946_1789636186200651410_aqclx4_k,401,,,1789636186474964284,1675415660532,receipt_only_no_header,,,/ur10skku/targetP,valid,,,,,controller_reported_target,targetP,robot_base,rotvec_rad,mm,,445.04495887736545,394.4923344017009,220.01263854808008,-8.137601671501791e-05,-7.71400506134221e-05,2.3561870130464277,,,,,,not_physical_completion,"[445.04495887736545, 394.4923344017009, 220.01263854808008, -8.137601671501791e-05, -7.71400506134221e-05, 2.3561870130464277]","{""command_id_unavailable"": true, ""final_internal_force_setpoint_verified"": false}"
E1_on_r02_20260917T180946_1789636186200651410_aqclx4_k,402,,,1789636186474991095,1675415687243,receipt_only_no_header,,,/ur10skku/targetF,valid,,,,,controller_reported_target,targetF,runtime_force_coordinate_unknown,,,N,,,,,,,0.0,0.0,0.0,,,not_physical_completion,"[0.0, 0.0, 0.0, 0.0, 0.0, 0.0]","{""command_id_unavailable"": true, ""final_internal_force_setpoint_verified"": false}"
E1_on_r02_20260917T180946_1789636186200651410_aqclx4_k,431,,,1789636186502566327,1675443267925,receipt_only_no_header,,,/ur10skku/targetP,valid,,,,,controller_reported_target,targetP,robot_base,rotvec_rad,mm,,445.04495887736545,394.4923344017009,220.01263854808008,-8.137601671501791e-05,-7.71400506134221e-05,2.3561870130464277,,,,,,not_physical_completion,"[445.04495887736545, 394.4923344017009, 220.01263854808008, -8.137601671501791e-05, -7.71400506134221e-05, 2.3561870130464277]","{""command_id_unavailable"": true, ""final_internal_force_setpoint_verified"": false}"
E1_on_r02_20260917T180946_1789636186200651410_aqclx4_k,435,,,1789636186502903379,1675443599766,receipt_only_no_header,,,/ur10skku/targetP,valid,,,,,controller_reported_target,targetP,robot_base,rotvec_rad,mm,,445.04495887736545,394.4923344017009,220.01263854808008,-8.137601671501791e-05,-7.71400506134221e-05,2.3561870130464277,,,,,,not_physical_completion,"[445.04495887736545, 394.4923344017009, 220.01263854808008, -8.137601671501791e-05, -7.71400506134221e-05, 2.3561870130464277]","{""command_id_unavailable"": true, ""final_internal_force_setpoint_verified"": false}"
E1_on_r02_20260917T180946_1789636186200651410_aqclx4_k,436,,,1789636186502933937,1675443630284,receipt_only_no_header,,,/ur10skku/targetF,valid,,,,,controller_reported_target,targetF,runtime_force_coordinate_unknown,,,N,,,,,,,0.0,0.0,0.0,,,not_physical_completion,"[0.0, 0.0, 0.0, 0.0, 0.0, 0.0]","{""command_id_unavailable"": true, ""final_internal_force_setpoint_verified"": false}"
E1_on_r02_20260917T180946_1789636186200651410_aqclx4_k,440,,,1789636186503317637,1675444013974,receipt_only_no_header,,,/ur10skku/targetP,valid,,,,,controller_reported_target,targetP,robot_base,rotvec_rad,mm,,445.04495887736545,394.4923344017009,220.01263854808008,-8.137601671501791e-05,-7.71400506134221e-05,2.3561870130464277,,,,,,not_physical_completion,"[445.04495887736545, 394.4923344017009, 220.01263854808008, -8.137601671501791e-05, -7.71400506134221e-05, 2.3561870130464277]","{""command_id_unavailable"": true, ""final_internal_force_setpoint_verified"": false}"
E1_on_r02_20260917T180946_1789636186200651410_aqclx4_k,441,,,1789636186503346602,1675444042809,receipt_only_no_header,,,/ur10skku/targetF,valid,,,,,controller_reported_target,targetF,runtime_force_coordinate_unknown,,,N,,,,,,,0.0,0.0,0.0,,,not_physical_completion,"[0.0, 0.0, 0.0, 0.0, 0.0, 0.0]","{""command_id_unavailable"": true, ""final_internal_force_setpoint_verified"": false}"
E1_on_r02_20260917T180946_1789636186200651410_aqclx4_k,445,,,1789636186503660599,1675444356797,receipt_only_no_header,,,/ur10skku/targetP,valid,,,,,controller_reported_target,targetP,robot_base,rotvec_rad,mm,,445.04495887736545,394.4923344017009,220.01263854808008,-8.137601671501791e-05,-7.71400506134221e-05,2.3561870130464277,,,,,,not_physical_completion,"[445.04495887736545, 394.4923344017009, 220.01263854808008, -8.137601671501791e-05, -7.71400506134221e-05, 2.3561870130464277]","{""command_id_unavailable"": true, ""final_internal_force_setpoint_verified"": false}"
E1_on_r02_20260917T180946_1789636186200651410_aqclx4_k,446,,,1789636186503688903,1675444384970,receipt_only_no_header,,,/ur10skku/targetF,valid,,,,,controller_reported_target,targetF,runtime_force_coordinate_unknown,,,N,,,,,,,0.0,0.0,0.0,,,not_physical_completion,"[0.0, 0.0, 0.0, 0.0, 0.0, 0.0]","{""command_id_unavailable"": true, ""final_internal_force_setpoint_verified"": false}"
E1_on_r02_20260917T180946_1789636186200651410_aqclx4_k,448,,,1789636186503934971,1675444631520,receipt_only_no_header,,,/ur10skku/targetP,valid,,,,,controller_reported_target,targetP,robot_base,rotvec_rad,mm,,445.04495887736545,394.4923344017009,220.01263854808008,-8.137601671501791e-05,-7.71400506134221e-05,2.3561870130464277,,,,,,not_physical_completion,"[445.04495887736545, 394.4923344017009, 220.01263854808008, -8.137601671501791e-05, -7.71400506134221e-05, 2.3561870130464277]","{""command_id_unavailable"": true, ""final_internal_force_setpoint_verified"": false}"
E1_on_r02_20260917T180946_1789636186200651410_aqclx4_k,449,,,1789636186503963666,1675444659914,receipt_only_no_header,,,/ur10skku/targetF,valid,,,,,controller_reported_target,targetF,runtime_force_coordinate_unknown,,,N,,,,,,,0.0,0.0,0.0,,,not_physical_completion,"[0.0, 0.0, 0.0, 0.0, 0.0, 0.0]","{""command_id_unavailable"": true, ""final_internal_force_setpoint_verified"": false}"
E1_on_r02_20260917T180946_1789636186200651410_aqclx4_k,451,,,1789636186504187592,1675444884912,receipt_only_no_header,,,/ur10skku/targetP,valid,,,,,controller_reported_target,targetP,robot_base,rotvec_rad,mm,,445.04495887736545,394.4923344017009,220.01263854808008,-8.137601671501791e-05,-7.71400506134221e-05,2.3561870130464277,,,,,,not_physical_completion,"[445.04495887736545, 394.4923344017009, 220.01263854808008, -8.137601671501791e-05, -7.71400506134221e-05, 2.3561870130464277]","{""command_id_unavailable"": true, ""final_internal_force_setpoint_verified"": false}"
E1_on_r02_20260917T180946_1789636186200651410_aqclx4_k,452,,,1789636186504228129,1675444925128,receipt_only_no_header,,,/ur10skku/targetF,valid,,,,,controller_reported_target,targetF,runtime_force_coordinate_unknown,,,N,,,,,,,0.0,0.0,0.0,,,not_physical_completion,"[0.0, 0.0, 0.0, 0.0, 0.0, 0.0]","{""command_id_unavailable"": true, ""final_internal_force_setpoint_verified"": false}"
E1_on_r02_20260917T180946_1789636186200651410_aqclx4_k,454,,,1789636186504560241,1675445257481,receipt_only_no_header,,,/ur10skku/targetP,valid,,,,,controller_reported_target,targetP,robot_base,rotvec_rad,mm,,445.04495887736545,394.4923344017009,220.01263854808008,-8.137601671501791e-05,-7.71400506134221e-05,2.3561870130464277,,,,,,not_physical_completion,"[445.04495887736545, 394.4923344017009, 220.01263854808008, -8.137601671501791e-05, -7.71400506134221e-05, 2.3561870130464277]","{""command_id_unavailable"": true, ""final_internal_force_setpoint_verified"": false}"
E1_on_r02_20260917T180946_1789636186200651410_aqclx4_k,455,,,1789636186504600037,1675445297136,receipt_only_no_header,,,/ur10skku/targetF,valid,,,,,controller_reported_target,targetF,runtime_force_coordinate_unknown,,,N,,,,,,,0.0,0.0,0.0,,,not_physical_completion,"[0.0, 0.0, 0.0, 0.0, 0.0, 0.0]","{""command_id_unavailable"": true, ""final_internal_force_setpoint_verified"": false}"
E1_on_r02_20260917T180946_1789636186200651410_aqclx4_k,457,,,1789636186504846215,1675445543445,receipt_only_no_header,,,/ur10skku/targetP,valid,,,,,controller_reported_target,targetP,robot_base,rotvec_rad,mm,,445.04495887736545,394.4923344017009,220.01263854808008,-8.137601671501791e-05,-7.71400506134221e-05,2.3561870130464277,,,,,,not_physical_completion,"[445.04495887736545, 394.4923344017009, 220.01263854808008, -8.137601671501791e-05, -7.71400506134221e-05, 2.3561870130464277]","{""command_id_unavailable"": true, ""final_internal_force_setpoint_verified"": false}"
E1_on_r02_20260917T180946_1789636186200651410_aqclx4_k,458,,,1789636186504886051,1675445583100,receipt_only_no_header,,,/ur10skku/targetF,valid,,,,,controller_reported_target,targetF,runtime_force_coordinate_unknown,,,N,,,,,,,0.0,0.0,0.0,,,not_physical_completion,"[0.0, 0.0, 0.0, 0.0, 0.0, 0.0]","{""command_id_unavailable"": true, ""final_internal_force_setpoint_verified"": false}"
E1_on_r02_20260917T180946_1789636186200651410_aqclx4_k,487,,,1789636186536491212,1675477190816,receipt_only_no_header,,,/ur10skku/targetF,valid,,,,,controller_reported_target,targetF,runtime_force_coordinate_unknown,,,N,,,,,,,0.0,0.0,0.0,,,not_physical_completion,"[0.0, 0.0, 0.0, 0.0, 0.0, 0.0]","{""command_id_unavailable"": true, ""final_internal_force_setpoint_verified"": false}"
E1_on_r02_20260917T180946_1789636186200651410_aqclx4_k,491,,,1789636186536907945,1675477604683,receipt_only_no_header,,,/ur10skku/targetP,valid,,,,,controller_reported_target,targetP,robot_base,rotvec_rad,mm,,445.04495887736545,394.4923344017009,220.01263854808008,-8.137601671501791e-05,-7.71400506134221e-05,2.3561870130464277,,,,,,not_physical_completion,"[445.04495887736545, 394.4923344017009, 220.01263854808008, -8.137601671501791e-05, -7.71400506134221e-05, 2.3561870130464277]","{""command_id_unavailable"": true, ""final_internal_force_setpoint_verified"": false}"
E1_on_r02_20260917T180946_1789636186200651410_aqclx4_k,492,,,1789636186536939205,1675477635502,receipt_only_no_header,,,/ur10skku/targetF,valid,,,,,controller_reported_target,targetF,runtime_force_coordinate_unknown,,,N,,,,,,,0.0,0.0,0.0,,,not_physical_completion,"[0.0, 0.0, 0.0, 0.0, 0.0, 0.0]","{""command_id_unavailable"": true, ""final_internal_force_setpoint_verified"": false}"
E1_on_r02_20260917T180946_1789636186200651410_aqclx4_k,496,,,1789636186537352772,1675478049119,receipt_only_no_header,,,/ur10skku/targetP,valid,,,,,controller_reported_target,targetP,robot_base,rotvec_rad,mm,,445.04495887736545,394.4923344017009,220.01263854808008,-8.137601671501791e-05,-7.71400506134221e-05,2.3561870130464277,,,,,,not_physical_completion,"[445.04495887736545, 394.4923344017009, 220.01263854808008, -8.137601671501791e-05, -7.71400506134221e-05, 2.3561870130464277]","{""command_id_unavailable"": true, ""final_internal_force_setpoint_verified"": false}"
E1_on_r02_20260917T180946_1789636186200651410_aqclx4_k,497,,,1789636186537381556,1675478077884,receipt_only_no_header,,,/ur10skku/targetF,valid,,,,,controller_reported_target,targetF,runtime_force_coordinate_unknown,,,N,,,,,,,0.0,0.0,0.0,,,not_physical_completion,"[0.0, 0.0, 0.0, 0.0, 0.0, 0.0]","{""command_id_unavailable"": true, ""final_internal_force_setpoint_verified"": false}"
E1_on_r02_20260917T180946_1789636186200651410_aqclx4_k,501,,,1789636186537915172,1675478611549,receipt_only_no_header,,,/ur10skku/targetP,valid,,,,,controller_reported_target,targetP,robot_base,rotvec_rad,mm,,445.04495887736545,394.4923344017009,220.01263854808008,-8.137601671501791e-05,-7.71400506134221e-05,2.3561870130464277,,,,,,not_physical_completion,"[445.04495887736545, 394.4923344017009, 220.01263854808008, -8.137601671501791e-05, -7.71400506134221e-05, 2.3561870130464277]","{""command_id_unavailable"": true, ""final_internal_force_setpoint_verified"": false}"
E1_on_r02_20260917T180946_1789636186200651410_aqclx4_k,502,,,1789636186537944427,1675478640715,receipt_only_no_header,,,/ur10skku/targetF,valid,,,,,controller_reported_target,targetF,runtime_force_coordinate_unknown,,,N,,,,,,,0.0,0.0,0.0,,,not_physical_completion,"[0.0, 0.0, 0.0, 0.0, 0.0, 0.0]","{""command_id_unavailable"": true, ""final_internal_force_setpoint_verified"": false}"
E1_on_r02_20260917T180946_1789636186200651410_aqclx4_k,526,,,1789636186632069816,1675572766374,receipt_only_no_header,,,/ur10skku/targetP,valid,,,,,controller_reported_target,targetP,robot_base,rotvec_rad,mm,,445.04495887736545,394.4923344017009,220.01263854808008,-8.137601671501791e-05,-7.71400506134221e-05,2.3561870130464277,,,,,,not_physical_completion,"[445.04495887736545, 394.4923344017009, 220.01263854808008, -8.137601671501791e-05, -7.71400506134221e-05, 2.3561870130464277]","{""command_id_unavailable"": true, ""final_internal_force_setpoint_verified"": false}"
E1_on_r02_20260917T180946_1789636186200651410_aqclx4_k,527,,,1789636186632102829,1675572799167,receipt_only_no_header,,,/ur10skku/targetF,valid,,,,,controller_reported_target,targetF,runtime_force_coordinate_unknown,,,N,,,,,,,0.0,0.0,0.0,,,not_physical_completion,"[0.0, 0.0, 0.0, 0.0, 0.0, 0.0]","{""command_id_unavailable"": true, ""final_internal_force_setpoint_verified"": false}"
E1_on_r02_20260917T180946_1789636186200651410_aqclx4_k,533,,,1789636186632737397,1675573433704,receipt_only_no_header,,,/ur10skku/targetP,valid,,,,,controller_reported_target,targetP,robot_base,rotvec_rad,mm,,445.04495887736545,394.4923344017009,220.01263854808008,-8.137601671501791e-05,-7.71400506134221e-05,2.3561870130464277,,,,,,not_physical_completion,"[445.04495887736545, 394.4923344017009, 220.01263854808008, -8.137601671501791e-05, -7.71400506134221e-05, 2.3561870130464277]","{""command_id_unavailable"": true, ""final_internal_force_setpoint_verified"": false}"
E1_on_r02_20260917T180946_1789636186200651410_aqclx4_k,534,,,1789636186632766422,1675573462569,receipt_only_no_header,,,/ur10skku/targetF,valid,,,,,controller_reported_target,targetF,runtime_force_coordinate_unknown,,,N,,,,,,,0.0,0.0,0.0,,,not_physical_completion,"[0.0, 0.0, 0.0, 0.0, 0.0, 0.0]","{""command_id_unavailable"": true, ""final_internal_force_setpoint_verified"": false}"
E1_on_r02_20260917T180946_1789636186200651410_aqclx4_k,540,,,1789636186633138209,1675573834497,receipt_only_no_header,,,/ur10skku/targetP,valid,,,,,controller_reported_target,targetP,robot_base,rotvec_rad,mm,,445.04495887736545,394.4923344017009,220.01263854808008,-8.137601671501791e-05,-7.71400506134221e-05,2.3561870130464277,,,,,,not_physical_completion,"[445.04495887736545, 394.4923344017009, 220.01263854808008, -8.137601671501791e-05, -7.71400506134221e-05, 2.3561870130464277]","{""command_id_unavailable"": true, ""final_internal_force_setpoint_verified"": false}"
E1_on_r02_20260917T180946_1789636186200651410_aqclx4_k,541,,,1789636186633165712,1675573862270,receipt_only_no_header,,,/ur10skku/targetF,valid,,,,,controller_reported_target,targetF,runtime_force_coordinate_unknown,,,N,,,,,,,0.0,0.0,0.0,,,not_physical_completion,"[0.0, 0.0, 0.0, 0.0, 0.0, 0.0]","{""command_id_unavailable"": true, ""final_internal_force_setpoint_verified"": false}"
E1_on_r02_20260917T180946_1789636186200651410_aqclx4_k,545,,,1789636186633771174,1675574467411,receipt_only_no_header,,,/ur10skku/targetP,valid,,,,,controller_reported_target,targetP,robot_base,rotvec_rad,mm,,445.04495887736545,394.4923344017009,220.01263854808008,-8.137601671501791e-05,-7.71400506134221e-05,2.3561870130464277,,,,,,not_physical_completion,"[445.04495887736545, 394.4923344017009, 220.01263854808008, -8.137601671501791e-05, -7.71400506134221e-05, 2.3561870130464277]","{""command_id_unavailable"": true, ""final_internal_force_setpoint_verified"": false}"
E1_on_r02_20260917T180946_1789636186200651410_aqclx4_k,546,,,1789636186633798696,1675574494984,receipt_only_no_header,,,/ur10skku/targetF,valid,,,,,controller_reported_target,targetF,runtime_force_coordinate_unknown,,,N,,,,,,,0.0,0.0,0.0,,,not_physical_completion,"[0.0, 0.0, 0.0, 0.0, 0.0, 0.0]","{""command_id_unavailable"": true, ""final_internal_force_setpoint_verified"": false}"
E1_on_r02_20260917T180946_1789636186200651410_aqclx4_k,550,,,1789636186634090221,1675574786549,receipt_only_no_header,,,/ur10skku/targetP,valid,,,,,controller_reported_target,targetP,robot_base,rotvec_rad,mm,,445.04495887736545,394.4923344017009,220.01263854808008,-8.137601671501791e-05,-7.71400506134221e-05,2.3561870130464277,,,,,,not_physical_completion,"[445.04495887736545, 394.4923344017009, 220.01263854808008, -8.137601671501791e-05, -7.71400506134221e-05, 2.3561870130464277]","{""command_id_unavailable"": true, ""final_internal_force_setpoint_verified"": false}"
E1_on_r02_20260917T180946_1789636186200651410_aqclx4_k,551,,,1789636186634118044,1675574814552,receipt_only_no_header,,,/ur10skku/targetF,valid,,,,,controller_reported_target,targetF,runtime_force_coordinate_unknown,,,N,,,,,,,0.0,0.0,0.0,,,not_physical_completion,"[0.0, 0.0, 0.0, 0.0, 0.0, 0.0]","{""command_id_unavailable"": true, ""final_internal_force_setpoint_verified"": false}"
E1_on_r02_20260917T180946_1789636186200651410_aqclx4_k,555,,,1789636186634606513,1675575302901,receipt_only_no_header,,,/ur10skku/targetP,valid,,,,,controller_reported_target,targetP,robot_base,rotvec_rad,mm,,445.04495887736545,394.4923344017009,220.01263854808008,-8.137601671501791e-05,-7.71400506134221e-05,2.3561870130464277,,,,,,not_physical_completion,"[445.04495887736545, 394.4923344017009, 220.01263854808008, -8.137601671501791e-05, -7.71400506134221e-05, 2.3561870130464277]","{""command_id_unavailable"": true, ""final_internal_force_setpoint_verified"": false}"
E1_on_r02_20260917T180946_1789636186200651410_aqclx4_k,556,,,1789636186634635058,1675575331205,receipt_only_no_header,,,/ur10skku/targetF,valid,,,,,controller_reported_target,targetF,runtime_force_coordinate_unknown,,,N,,,,,,,0.0,0.0,0.0,,,not_physical_completion,"[0.0, 0.0, 0.0, 0.0, 0.0, 0.0]","{""command_id_unavailable"": true, ""final_internal_force_setpoint_verified"": false}"
E1_on_r02_20260917T180946_1789636186200651410_aqclx4_k,560,,,1789636186635150799,1675575847227,receipt_only_no_header,,,/ur10skku/targetP,valid,,,,,controller_reported_target,targetP,robot_base,rotvec_rad,mm,,445.04495887736545,394.4923344017009,220.01263854808008,-8.137601671501791e-05,-7.71400506134221e-05,2.3561870130464277,,,,,,not_physical_completion,"[445.04495887736545, 394.4923344017009, 220.01263854808008, -8.137601671501791e-05, -7.71400506134221e-05, 2.3561870130464277]","{""command_id_unavailable"": true, ""final_internal_force_setpoint_verified"": false}"
E1_on_r02_20260917T180946_1789636186200651410_aqclx4_k,561,,,1789636186635178552,1675575874689,receipt_only_no_header,,,/ur10skku/targetF,valid,,,,,controller_reported_target,targetF,runtime_force_coordinate_unknown,,,N,,,,,,,0.0,0.0,0.0,,,not_physical_completion,"[0.0, 0.0, 0.0, 0.0, 0.0, 0.0]","{""command_id_unavailable"": true, ""final_internal_force_setpoint_verified"": false}"
E1_on_r02_20260917T180946_1789636186200651410_aqclx4_k,565,,,1789636186635593511,1675576289789,receipt_only_no_header,,,/ur10skku/targetP,valid,,,,,controller_reported_target,targetP,robot_base,rotvec_rad,mm,,445.04495887736545,394.4923344017009,220.01263854808008,-8.137601671501791e-05,-7.71400506134221e-05,2.3561870130464277,,,,,,not_physical_completion,"[445.04495887736545, 394.4923344017009, 220.01263854808008, -8.137601671501791e-05, -7.71400506134221e-05, 2.3561870130464277]","{""command_id_unavailable"": true, ""final_internal_force_setpoint_verified"": false}"
E1_on_r02_20260917T180946_1789636186200651410_aqclx4_k,566,,,1789636186635620914,1675576317151,receipt_only_no_header,,,/ur10skku/targetF,valid,,,,,controller_reported_target,targetF,runtime_force_coordinate_unknown,,,N,,,,,,,0.0,0.0,0.0,,,not_physical_completion,"[0.0, 0.0, 0.0, 0.0, 0.0, 0.0]","{""command_id_unavailable"": true, ""final_internal_force_setpoint_verified"": false}"
E1_on_r02_20260917T180946_1789636186200651410_aqclx4_k,570,,,1789636186635904132,1675576600390,receipt_only_no_header,,,/ur10skku/targetP,valid,,,,,controller_reported_target,targetP,robot_base,rotvec_rad,mm,,445.04495887736545,394.4923344017009,220.01263854808008,-8.137601671501791e-05,-7.71400506134221e-05,2.3561870130464277,,,,,,not_physical_completion,"[445.04495887736545, 394.4923344017009, 220.01263854808008, -8.137601671501791e-05, -7.71400506134221e-05, 2.3561870130464277]","{""command_id_unavailable"": true, ""final_internal_force_setpoint_verified"": false}"
E1_on_r02_20260917T180946_1789636186200651410_aqclx4_k,571,,,1789636186635931094,1675576627231,receipt_only_no_header,,,/ur10skku/targetF,valid,,,,,controller_reported_target,targetF,runtime_force_coordinate_unknown,,,N,,,,,,,0.0,0.0,0.0,,,not_physical_completion,"[0.0, 0.0, 0.0, 0.0, 0.0, 0.0]","{""command_id_unavailable"": true, ""final_internal_force_setpoint_verified"": false}"
E1_on_r02_20260917T180946_1789636186200651410_aqclx4_k,574,,,1789636186636330664,1675577026922,receipt_only_no_header,,,/ur10skku/targetP,valid,,,,,controller_reported_target,targetP,robot_base,rotvec_rad,mm,,445.04495887736545,394.4923344017009,220.01263854808008,-8.137601671501791e-05,-7.71400506134221e-05,2.3561870130464277,,,,,,not_physical_completion,"[445.04495887736545, 394.4923344017009, 220.01263854808008, -8.137601671501791e-05, -7.71400506134221e-05, 2.3561870130464277]","{""command_id_unavailable"": true, ""final_internal_force_setpoint_verified"": false}"
E1_on_r02_20260917T180946_1789636186200651410_aqclx4_k,575,,,1789636186636357465,1675577053582,receipt_only_no_header,,,/ur10skku/targetF,valid,,,,,controller_reported_target,targetF,runtime_force_coordinate_unknown,,,N,,,,,,,0.0,0.0,0.0,,,not_physical_completion,"[0.0, 0.0, 0.0, 0.0, 0.0, 0.0]","{""command_id_unavailable"": true, ""final_internal_force_setpoint_verified"": false}"
E1_on_r02_20260917T180946_1789636186200651410_aqclx4_k,601,,,1789636186694995396,1675635699669,receipt_only_no_header,,,/ur10skku/targetP,valid,,,,,controller_reported_target,targetP,robot_base,rotvec_rad,mm,,445.04495887736545,394.4923344017009,220.01263854808008,-8.137601671501791e-05,-7.71400506134221e-05,2.3561870130464277,,,,,,not_physical_completion,"[445.04495887736545, 394.4923344017009, 220.01263854808008, -8.137601671501791e-05, -7.71400506134221e-05, 2.3561870130464277]","{""command_id_unavailable"": true, ""final_internal_force_setpoint_verified"": false}"
E1_on_r02_20260917T180946_1789636186200651410_aqclx4_k,604,,,1789636186695562495,1675636259334,receipt_only_no_header,,,/ur10skku/targetP,valid,,,,,controller_reported_target,targetP,robot_base,rotvec_rad,mm,,445.04495887736545,394.4923344017009,220.01263854808008,-8.137601671501791e-05,-7.71400506134221e-05,2.3561870130464277,,,,,,not_physical_completion,"[445.04495887736545, 394.4923344017009, 220.01263854808008, -8.137601671501791e-05, -7.71400506134221e-05, 2.3561870130464277]","{""command_id_unavailable"": true, ""final_internal_force_setpoint_verified"": false}"
E1_on_r02_20260917T180946_1789636186200651410_aqclx4_k,605,,,1789636186695596650,1675636293298,receipt_only_no_header,,,/ur10skku/targetF,valid,,,,,controller_reported_target,targetF,runtime_force_coordinate_unknown,,,N,,,,,,,0.0,0.0,0.0,,,not_physical_completion,"[0.0, 0.0, 0.0, 0.0, 0.0, 0.0]","{""command_id_unavailable"": true, ""final_internal_force_setpoint_verified"": false}"
E1_on_r02_20260917T180946_1789636186200651410_aqclx4_k,609,,,1789636186696029173,1675636725701,receipt_only_no_header,,,/ur10skku/targetP,valid,,,,,controller_reported_target,targetP,robot_base,rotvec_rad,mm,,445.04495887736545,394.4923344017009,220.01263854808008,-8.137601671501791e-05,-7.71400506134221e-05,2.3561870130464277,,,,,,not_physical_completion,"[445.04495887736545, 394.4923344017009, 220.01263854808008, -8.137601671501791e-05, -7.71400506134221e-05, 2.3561870130464277]","{""command_id_unavailable"": true, ""final_internal_force_setpoint_verified"": false}"
E1_on_r02_20260917T180946_1789636186200651410_aqclx4_k,610,,,1789636186696059130,1675636755387,receipt_only_no_header,,,/ur10skku/targetF,valid,,,,,controller_reported_target,targetF,runtime_force_coordinate_unknown,,,N,,,,,,,0.0,0.0,0.0,,,not_physical_completion,"[0.0, 0.0, 0.0, 0.0, 0.0, 0.0]","{""command_id_unavailable"": true, ""final_internal_force_setpoint_verified"": false}"
E1_on_r02_20260917T180946_1789636186200651410_aqclx4_k,613,,,1789636186696328983,1675637025652,receipt_only_no_header,,,/ur10skku/targetP,valid,,,,,controller_reported_target,targetP,robot_base,rotvec_rad,mm,,445.04495887736545,394.4923344017009,220.01263854808008,-8.137601671501791e-05,-7.71400506134221e-05,2.3561870130464277,,,,,,not_physical_completion,"[445.04495887736545, 394.4923344017009, 220.01263854808008, -8.137601671501791e-05, -7.71400506134221e-05, 2.3561870130464277]","{""command_id_unavailable"": true, ""final_internal_force_setpoint_verified"": false}"
E1_on_r02_20260917T180946_1789636186200651410_aqclx4_k,614,,,1789636186696356816,1675637052994,receipt_only_no_header,,,/ur10skku/targetF,valid,,,,,controller_reported_target,targetF,runtime_force_coordinate_unknown,,,N,,,,,,,0.0,0.0,0.0,,,not_physical_completion,"[0.0, 0.0, 0.0, 0.0, 0.0, 0.0]","{""command_id_unavailable"": true, ""final_internal_force_setpoint_verified"": false}"
E1_on_r02_20260917T180946_1789636186200651410_aqclx4_k,617,,,1789636186696848462,1675637544830,receipt_only_no_header,,,/ur10skku/targetP,valid,,,,,controller_reported_target,targetP,robot_base,rotvec_rad,mm,,445.04495887736545,394.4923344017009,220.01263854808008,-8.137601671501791e-05,-7.71400506134221e-05,2.3561870130464277,,,,,,not_physical_completion,"[445.04495887736545, 394.4923344017009, 220.01263854808008, -8.137601671501791e-05, -7.71400506134221e-05, 2.3561870130464277]","{""command_id_unavailable"": true, ""final_internal_force_setpoint_verified"": false}"
E1_on_r02_20260917T180946_1789636186200651410_aqclx4_k,618,,,1789636186696876876,1675637572973,receipt_only_no_header,,,/ur10skku/targetF,valid,,,,,controller_reported_target,targetF,runtime_force_coordinate_unknown,,,N,,,,,,,0.0,0.0,0.0,,,not_physical_completion,"[0.0, 0.0, 0.0, 0.0, 0.0, 0.0]","{""command_id_unavailable"": true, ""final_internal_force_setpoint_verified"": false}"
E1_on_r02_20260917T180946_1789636186200651410_aqclx4_k,621,,,1789636186697108236,1675637804634,receipt_only_no_header,,,/ur10skku/targetP,valid,,,,,controller_reported_target,targetP,robot_base,rotvec_rad,mm,,445.04495887736545,394.4923344017009,220.01263854808008,-8.137601671501791e-05,-7.71400506134221e-05,2.3561870130464277,,,,,,not_physical_completion,"[445.04495887736545, 394.4923344017009, 220.01263854808008, -8.137601671501791e-05, -7.71400506134221e-05, 2.3561870130464277]","{""command_id_unavailable"": true, ""final_internal_force_setpoint_verified"": false}"
E1_on_r02_20260917T180946_1789636186200651410_aqclx4_k,622,,,1789636186697135949,1675637832237,receipt_only_no_header,,,/ur10skku/targetF,valid,,,,,controller_reported_target,targetF,runtime_force_coordinate_unknown,,,N,,,,,,,0.0,0.0,0.0,,,not_physical_completion,"[0.0, 0.0, 0.0, 0.0, 0.0, 0.0]","{""command_id_unavailable"": true, ""final_internal_force_setpoint_verified"": false}"
E1_on_r02_20260917T180946_1789636186200651410_aqclx4_k,624,,,1789636186697443123,1675638139431,receipt_only_no_header,,,/ur10skku/targetF,valid,,,,,controller_reported_target,targetF,runtime_force_coordinate_unknown,,,N,,,,,,,0.0,0.0,0.0,,,not_physical_completion,"[0.0, 0.0, 0.0, 0.0, 0.0, 0.0]","{""command_id_unavailable"": true, ""final_internal_force_setpoint_verified"": false}"
E1_on_r02_20260917T180946_1789636186200651410_aqclx4_k,643,,,1789636186729109391,1675669805758,receipt_only_no_header,,,/ur10skku/targetP,valid,,,,,controller_reported_target,targetP,robot_base,rotvec_rad,mm,,445.04495887736545,394.4923344017009,220.01263854808008,-8.137601671501791e-05,-7.71400506134221e-05,2.3561870130464277,,,,,,not_physical_completion,"[445.04495887736545, 394.4923344017009, 220.01263854808008, -8.137601671501791e-05, -7.71400506134221e-05, 2.3561870130464277]","{""command_id_unavailable"": true, ""final_internal_force_setpoint_verified"": false}"
E1_on_r02_20260917T180946_1789636186200651410_aqclx4_k,653,,,1789636186729908581,1675670604769,receipt_only_no_header,,,/ur10skku/targetP,valid,,,,,controller_reported_target,targetP,robot_base,rotvec_rad,mm,,445.04495887736545,394.4923344017009,220.01263854808008,-8.137601671501791e-05,-7.71400506134221e-05,2.3561870130464277,,,,,,not_physical_completion,"[445.04495887736545, 394.4923344017009, 220.01263854808008, -8.137601671501791e-05, -7.71400506134221e-05, 2.3561870130464277]","{""command_id_unavailable"": true, ""final_internal_force_setpoint_verified"": false}"
E1_on_r02_20260917T180946_1789636186200651410_aqclx4_k,654,,,1789636186729936895,1675670633002,receipt_only_no_header,,,/ur10skku/targetF,valid,,,,,controller_reported_target,targetF,runtime_force_coordinate_unknown,,,N,,,,,,,0.0,0.0,0.0,,,not_physical_completion,"[0.0, 0.0, 0.0, 0.0, 0.0, 0.0]","{""command_id_unavailable"": true, ""final_internal_force_setpoint_verified"": false}"
E1_on_r02_20260917T180946_1789636186200651410_aqclx4_k,658,,,1789636186730195397,1675670891675,receipt_only_no_header,,,/ur10skku/targetP,valid,,,,,controller_reported_target,targetP,robot_base,rotvec_rad,mm,,445.04495887736545,394.4923344017009,220.01263854808008,-8.137601671501791e-05,-7.71400506134221e-05,2.3561870130464277,,,,,,not_physical_completion,"[445.04495887736545, 394.4923344017009, 220.01263854808008, -8.137601671501791e-05, -7.71400506134221e-05, 2.3561870130464277]","{""command_id_unavailable"": true, ""final_internal_force_setpoint_verified"": false}"
E1_on_r02_20260917T180946_1789636186200651410_aqclx4_k,659,,,1789636186730223160,1675670919367,receipt_only_no_header,,,/ur10skku/targetF,valid,,,,,controller_reported_target,targetF,runtime_force_coordinate_unknown,,,N,,,,,,,0.0,0.0,0.0,,,not_physical_completion,"[0.0, 0.0, 0.0, 0.0, 0.0, 0.0]","{""command_id_unavailable"": true, ""final_internal_force_setpoint_verified"": false}"
E1_on_r02_20260917T180946_1789636186200651410_aqclx4_k,663,,,1789636186730575901,1675671272239,receipt_only_no_header,,,/ur10skku/targetP,valid,,,,,controller_reported_target,targetP,robot_base,rotvec_rad,mm,,445.04495887736545,394.4923344017009,220.01263854808008,-8.137601671501791e-05,-7.71400506134221e-05,2.3561870130464277,,,,,,not_physical_completion,"[445.04495887736545, 394.4923344017009, 220.01263854808008, -8.137601671501791e-05, -7.71400506134221e-05, 2.3561870130464277]","{""command_id_unavailable"": true, ""final_internal_force_setpoint_verified"": false}"
E1_on_r02_20260917T180946_1789636186200651410_aqclx4_k,664,,,1789636186730603393,1675671299641,receipt_only_no_header,,,/ur10skku/targetF,valid,,,,,controller_reported_target,targetF,runtime_force_coordinate_unknown,,,N,,,,,,,0.0,0.0,0.0,,,not_physical_completion,"[0.0, 0.0, 0.0, 0.0, 0.0, 0.0]","{""command_id_unavailable"": true, ""final_internal_force_setpoint_verified"": false}"
E1_on_r02_20260917T180946_1789636186200651410_aqclx4_k,666,,,1789636186730739092,1675671435459,receipt_only_no_header,,,/ur10skku/targetP,valid,,,,,controller_reported_target,targetP,robot_base,rotvec_rad,mm,,445.04495887736545,394.4923344017009,220.01263854808008,-8.137601671501791e-05,-7.71400506134221e-05,2.3561870130464277,,,,,,not_physical_completion,"[445.04495887736545, 394.4923344017009, 220.01263854808008, -8.137601671501791e-05, -7.71400506134221e-05, 2.3561870130464277]","{""command_id_unavailable"": true, ""final_internal_force_setpoint_verified"": false}"
E1_on_r02_20260917T180946_1789636186200651410_aqclx4_k,667,,,1789636186730765833,1675671462020,receipt_only_no_header,,,/ur10skku/targetF,valid,,,,,controller_reported_target,targetF,runtime_force_coordinate_unknown,,,N,,,,,,,0.0,0.0,0.0,,,not_physical_completion,"[0.0, 0.0, 0.0, 0.0, 0.0, 0.0]","{""command_id_unavailable"": true, ""final_internal_force_setpoint_verified"": false}"
E1_on_r02_20260917T180946_1789636186200651410_aqclx4_k,671,,,1789636186731089408,1675671785776,receipt_only_no_header,,,/ur10skku/targetP,valid,,,,,controller_reported_target,targetP,robot_base,rotvec_rad,mm,,445.04495887736545,394.4923344017009,220.01263854808008,-8.137601671501791e-05,-7.71400506134221e-05,2.3561870130464277,,,,,,not_physical_completion,"[445.04495887736545, 394.4923344017009, 220.01263854808008, -8.137601671501791e-05, -7.71400506134221e-05, 2.3561870130464277]","{""command_id_unavailable"": true, ""final_internal_force_setpoint_verified"": false}"
E1_on_r02_20260917T180946_1789636186200651410_aqclx4_k,672,,,1789636186731117281,1675671813719,receipt_only_no_header,,,/ur10skku/targetF,valid,,,,,controller_reported_target,targetF,runtime_force_coordinate_unknown,,,N,,,,,,,0.0,0.0,0.0,,,not_physical_completion,"[0.0, 0.0, 0.0, 0.0, 0.0, 0.0]","{""command_id_unavailable"": true, ""final_internal_force_setpoint_verified"": false}"
E1_on_r02_20260917T180946_1789636186200651410_aqclx4_k,676,,,1789636186731414938,1675672111386,receipt_only_no_header,,,/ur10skku/targetP,valid,,,,,controller_reported_target,targetP,robot_base,rotvec_rad,mm,,445.04495887736545,394.4923344017009,220.01263854808008,-8.137601671501791e-05,-7.71400506134221e-05,2.3561870130464277,,,,,,not_physical_completion,"[445.04495887736545, 394.4923344017009, 220.01263854808008, -8.137601671501791e-05, -7.71400506134221e-05, 2.3561870130464277]","{""command_id_unavailable"": true, ""final_internal_force_setpoint_verified"": false}"
E1_on_r02_20260917T180946_1789636186200651410_aqclx4_k,677,,,1789636186731442620,1675672138728,receipt_only_no_header,,,/ur10skku/targetF,valid,,,,,controller_reported_target,targetF,runtime_force_coordinate_unknown,,,N,,,,,,,0.0,0.0,0.0,,,not_physical_completion,"[0.0, 0.0, 0.0, 0.0, 0.0, 0.0]","{""command_id_unavailable"": true, ""final_internal_force_setpoint_verified"": false}"
E1_on_r02_20260917T180946_1789636186200651410_aqclx4_k,681,,,1789636186731744555,1675672441193,receipt_only_no_header,,,/ur10skku/targetP,valid,,,,,controller_reported_target,targetP,robot_base,rotvec_rad,mm,,445.04495887736545,394.4923344017009,220.01263854808008,-8.137601671501791e-05,-7.71400506134221e-05,2.3561870130464277,,,,,,not_physical_completion,"[445.04495887736545, 394.4923344017009, 220.01263854808008, -8.137601671501791e-05, -7.71400506134221e-05, 2.3561870130464277]","{""command_id_unavailable"": true, ""final_internal_force_setpoint_verified"": false}"
E1_on_r02_20260917T180946_1789636186200651410_aqclx4_k,682,,,1789636186731773039,1675672469297,receipt_only_no_header,,,/ur10skku/targetF,valid,,,,,controller_reported_target,targetF,runtime_force_coordinate_unknown,,,N,,,,,,,0.0,0.0,0.0,,,not_physical_completion,"[0.0, 0.0, 0.0, 0.0, 0.0, 0.0]","{""command_id_unavailable"": true, ""final_internal_force_setpoint_verified"": false}"
E1_on_r02_20260917T180946_1789636186200651410_aqclx4_k,684,,,1789636186731908036,1675672604354,receipt_only_no_header,,,/ur10skku/targetP,valid,,,,,controller_reported_target,targetP,robot_base,rotvec_rad,mm,,445.04495887736545,394.4923344017009,220.01263854808008,-8.137601671501791e-05,-7.71400506134221e-05,2.3561870130464277,,,,,,not_physical_completion,"[445.04495887736545, 394.4923344017009, 220.01263854808008, -8.137601671501791e-05, -7.71400506134221e-05, 2.3561870130464277]","{""command_id_unavailable"": true, ""final_internal_force_setpoint_verified"": false}"
E1_on_r02_20260917T180946_1789636186200651410_aqclx4_k,685,,,1789636186731935318,1675672631445,receipt_only_no_header,,,/ur10skku/targetF,valid,,,,,controller_reported_target,targetF,runtime_force_coordinate_unknown,,,N,,,,,,,0.0,0.0,0.0,,,not_physical_completion,"[0.0, 0.0, 0.0, 0.0, 0.0, 0.0]","{""command_id_unavailable"": true, ""final_internal_force_setpoint_verified"": false}"
E1_on_r02_20260917T180946_1789636186200651410_aqclx4_k,689,,,1789636186732453734,1675673158929,receipt_only_no_header,,,/ur10skku/targetF,valid,,,,,controller_reported_target,targetF,runtime_force_coordinate_unknown,,,N,,,,,,,0.0,0.0,0.0,,,not_physical_completion,"[0.0, 0.0, 0.0, 0.0, 0.0, 0.0]","{""command_id_unavailable"": true, ""final_internal_force_setpoint_verified"": false}"
E1_on_r02_20260917T180946_1789636186200651410_aqclx4_k,712,,,1789636186814749123,1675755446833,receipt_only_no_header,,,/ur10skku/targetP,valid,,,,,controller_reported_target,targetP,robot_base,rotvec_rad,mm,,445.04495887736545,394.4923344017009,220.01263854808008,-8.137601671501791e-05,-7.71400506134221e-05,2.3561870130464277,,,,,,not_physical_completion,"[445.04495887736545, 394.4923344017009, 220.01263854808008, -8.137601671501791e-05, -7.71400506134221e-05, 2.3561870130464277]","{""command_id_unavailable"": true, ""final_internal_force_setpoint_verified"": false}"
E1_on_r02_20260917T180946_1789636186200651410_aqclx4_k,713,,,1789636186814789009,1675755485997,receipt_only_no_header,,,/ur10skku/targetF,valid,,,,,controller_reported_target,targetF,runtime_force_coordinate_unknown,,,N,,,,,,,0.0,0.0,0.0,,,not_physical_completion,"[0.0, 0.0, 0.0, 0.0, 0.0, 0.0]","{""command_id_unavailable"": true, ""final_internal_force_setpoint_verified"": false}"
E1_on_r02_20260917T180946_1789636186200651410_aqclx4_k,715,,,1789636186820345983,1675761045306,receipt_only_no_header,,,/ur10skku/targetP,valid,,,,,controller_reported_target,targetP,robot_base,rotvec_rad,mm,,445.04495887736545,394.4923344017009,220.01263854808008,-8.137601671501791e-05,-7.71400506134221e-05,2.3561870130464277,,,,,,not_physical_completion,"[445.04495887736545, 394.4923344017009, 220.01263854808008, -8.137601671501791e-05, -7.71400506134221e-05, 2.3561870130464277]","{""command_id_unavailable"": true, ""final_internal_force_setpoint_verified"": false}"
E1_on_r02_20260917T180946_1789636186200651410_aqclx4_k,716,,,1789636186820412138,1675761110941,receipt_only_no_header,,,/ur10skku/targetF,valid,,,,,controller_reported_target,targetF,runtime_force_coordinate_unknown,,,N,,,,,,,0.0,0.0,0.0,,,not_physical_completion,"[0.0, 0.0, 0.0, 0.0, 0.0, 0.0]","{""command_id_unavailable"": true, ""final_internal_force_setpoint_verified"": false}"
E1_on_r02_20260917T180946_1789636186200651410_aqclx4_k,718,,,1789636186821624305,1675762320933,receipt_only_no_header,,,/ur10skku/targetP,valid,,,,,controller_reported_target,targetP,robot_base,rotvec_rad,mm,,445.04495887736545,394.4923344017009,220.01263854808008,-8.137601671501791e-05,-7.71400506134221e-05,2.3561870130464277,,,,,,not_physical_completion,"[445.04495887736545, 394.4923344017009, 220.01263854808008, -8.137601671501791e-05, -7.71400506134221e-05, 2.3561870130464277]","{""command_id_unavailable"": true, ""final_internal_force_setpoint_verified"": false}"
E1_on_r02_20260917T180946_1789636186200651410_aqclx4_k,719,,,1789636186821656126,1675762352543,receipt_only_no_header,,,/ur10skku/targetF,valid,,,,,controller_reported_target,targetF,runtime_force_coordinate_unknown,,,N,,,,,,,0.0,0.0,0.0,,,not_physical_completion,"[0.0, 0.0, 0.0, 0.0, 0.0, 0.0]","{""command_id_unavailable"": true, ""final_internal_force_setpoint_verified"": false}"
E1_on_r02_20260917T180946_1789636186200651410_aqclx4_k,723,,,1789636186822218886,1675762915404,receipt_only_no_header,,,/ur10skku/targetP,valid,,,,,controller_reported_target,targetP,robot_base,rotvec_rad,mm,,445.04495887736545,394.4923344017009,220.01263854808008,-8.137601671501791e-05,-7.71400506134221e-05,2.3561870130464277,,,,,,not_physical_completion,"[445.04495887736545, 394.4923344017009, 220.01263854808008, -8.137601671501791e-05, -7.71400506134221e-05, 2.3561870130464277]","{""command_id_unavailable"": true, ""final_internal_force_setpoint_verified"": false}"
E1_on_r02_20260917T180946_1789636186200651410_aqclx4_k,724,,,1789636186822247351,1675762943668,receipt_only_no_header,,,/ur10skku/targetF,valid,,,,,controller_reported_target,targetF,runtime_force_coordinate_unknown,,,N,,,,,,,0.0,0.0,0.0,,,not_physical_completion,"[0.0, 0.0, 0.0, 0.0, 0.0, 0.0]","{""command_id_unavailable"": true, ""final_internal_force_setpoint_verified"": false}"
E1_on_r02_20260917T180946_1789636186200651410_aqclx4_k,728,,,1789636186822601575,1675763298032,receipt_only_no_header,,,/ur10skku/targetP,valid,,,,,controller_reported_target,targetP,robot_base,rotvec_rad,mm,,445.04495887736545,394.4923344017009,220.01263854808008,-8.137601671501791e-05,-7.71400506134221e-05,2.3561870130464277,,,,,,not_physical_completion,"[445.04495887736545, 394.4923344017009, 220.01263854808008, -8.137601671501791e-05, -7.71400506134221e-05, 2.3561870130464277]","{""command_id_unavailable"": true, ""final_internal_force_setpoint_verified"": false}"
E1_on_r02_20260917T180946_1789636186200651410_aqclx4_k,729,,,1789636186822629297,1675763325395,receipt_only_no_header,,,/ur10skku/targetF,valid,,,,,controller_reported_target,targetF,runtime_force_coordinate_unknown,,,N,,,,,,,0.0,0.0,0.0,,,not_physical_completion,"[0.0, 0.0, 0.0, 0.0, 0.0, 0.0]","{""command_id_unavailable"": true, ""final_internal_force_setpoint_verified"": false}"
E1_on_r02_20260917T180946_1789636186200651410_aqclx4_k,763,,,1789636186843622946,1675784322900,receipt_only_no_header,,,/ur10skku/targetP,valid,,,,,controller_reported_target,targetP,robot_base,rotvec_rad,mm,,445.04495887736545,394.4923344017009,220.01263854808008,-8.137601671501791e-05,-7.71400506134221e-05,2.3561870130464277,,,,,,not_physical_completion,"[445.04495887736545, 394.4923344017009, 220.01263854808008, -8.137601671501791e-05, -7.71400506134221e-05, 2.3561870130464277]","{""command_id_unavailable"": true, ""final_internal_force_setpoint_verified"": false}"
E1_on_r02_20260917T180946_1789636186200651410_aqclx4_k,765,,,1789636186844046852,1675784745374,receipt_only_no_header,,,/ur10skku/targetP,valid,,,,,controller_reported_target,targetP,robot_base,rotvec_rad,mm,,445.04495887736545,394.4923344017009,220.01263854808008,-8.137601671501791e-05,-7.71400506134221e-05,2.3561870130464277,,,,,,not_physical_completion,"[445.04495887736545, 394.4923344017009, 220.01263854808008, -8.137601671501791e-05, -7.71400506134221e-05, 2.3561870130464277]","{""command_id_unavailable"": true, ""final_internal_force_setpoint_verified"": false}"
E1_on_r02_20260917T180946_1789636186200651410_aqclx4_k,766,,,1789636186844104442,1675784802473,receipt_only_no_header,,,/ur10skku/targetF,valid,,,,,controller_reported_target,targetF,runtime_force_coordinate_unknown,,,N,,,,,,,0.0,0.0,0.0,,,not_physical_completion,"[0.0, 0.0, 0.0, 0.0, 0.0, 0.0]","{""command_id_unavailable"": true, ""final_internal_force_setpoint_verified"": false}"
E1_on_r02_20260917T180946_1789636186200651410_aqclx4_k,770,,,1789636186844508000,1675785204358,receipt_only_no_header,,,/ur10skku/targetP,valid,,,,,controller_reported_target,targetP,robot_base,rotvec_rad,mm,,445.04495887736545,394.4923344017009,220.01263854808008,-8.137601671501791e-05,-7.71400506134221e-05,2.3561870130464277,,,,,,not_physical_completion,"[445.04495887736545, 394.4923344017009, 220.01263854808008, -8.137601671501791e-05, -7.71400506134221e-05, 2.3561870130464277]","{""command_id_unavailable"": true, ""final_internal_force_setpoint_verified"": false}"
E1_on_r02_20260917T180946_1789636186200651410_aqclx4_k,771,,,1789636186844536214,1675785232792,receipt_only_no_header,,,/ur10skku/targetF,valid,,,,,controller_reported_target,targetF,runtime_force_coordinate_unknown,,,N,,,,,,,0.0,0.0,0.0,,,not_physical_completion,"[0.0, 0.0, 0.0, 0.0, 0.0, 0.0]","{""command_id_unavailable"": true, ""final_internal_force_setpoint_verified"": false}"
E1_on_r02_20260917T180946_1789636186200651410_aqclx4_k,775,,,1789636186845017299,1675785713677,receipt_only_no_header,,,/ur10skku/targetP,valid,,,,,controller_reported_target,targetP,robot_base,rotvec_rad,mm,,445.04495887736545,394.4923344017009,220.01263854808008,-8.137601671501791e-05,-7.71400506134221e-05,2.3561870130464277,,,,,,not_physical_completion,"[445.04495887736545, 394.4923344017009, 220.01263854808008, -8.137601671501791e-05, -7.71400506134221e-05, 2.3561870130464277]","{""command_id_unavailable"": true, ""final_internal_force_setpoint_verified"": false}"
E1_on_r02_20260917T180946_1789636186200651410_aqclx4_k,776,,,1789636186845045783,1675785741931,receipt_only_no_header,,,/ur10skku/targetF,valid,,,,,controller_reported_target,targetF,runtime_force_coordinate_unknown,,,N,,,,,,,0.0,0.0,0.0,,,not_physical_completion,"[0.0, 0.0, 0.0, 0.0, 0.0, 0.0]","{""command_id_unavailable"": true, ""final_internal_force_setpoint_verified"": false}"
E1_on_r02_20260917T180946_1789636186200651410_aqclx4_k,780,,,1789636186845442789,1675786139006,receipt_only_no_header,,,/ur10skku/targetF,valid,,,,,controller_reported_target,targetF,runtime_force_coordinate_unknown,,,N,,,,,,,0.0,0.0,0.0,,,not_physical_completion,"[0.0, 0.0, 0.0, 0.0, 0.0, 0.0]","{""command_id_unavailable"": true, ""final_internal_force_setpoint_verified"": false}"
E1_on_r02_20260917T180946_1789636186200651410_aqclx4_k,790,,,1789636186892591767,1675833288856,receipt_only_no_header,,,/ur10skku/targetP,valid,,,,,controller_reported_target,targetP,robot_base,rotvec_rad,mm,,445.04495887736545,394.4923344017009,220.01263854808008,-8.137601671501791e-05,-7.71400506134221e-05,2.3561870130464277,,,,,,not_physical_completion,"[445.04495887736545, 394.4923344017009, 220.01263854808008, -8.137601671501791e-05, -7.71400506134221e-05, 2.3561870130464277]","{""command_id_unavailable"": true, ""final_internal_force_setpoint_verified"": false}"
E1_on_r02_20260917T180946_1789636186200651410_aqclx4_k,791,,,1789636186892625792,1675833322220,receipt_only_no_header,,,/ur10skku/targetF,valid,,,,,controller_reported_target,targetF,runtime_force_coordinate_unknown,,,N,,,,,,,0.0,0.0,0.0,,,not_physical_completion,"[0.0, 0.0, 0.0, 0.0, 0.0, 0.0]","{""command_id_unavailable"": true, ""final_internal_force_setpoint_verified"": false}"
E1_on_r02_20260917T180946_1789636186200651410_aqclx4_k,795,,,1789636186893394575,1675834091163,receipt_only_no_header,,,/ur10skku/targetP,valid,,,,,controller_reported_target,targetP,robot_base,rotvec_rad,mm,,445.04495887736545,394.4923344017009,220.01263854808008,-8.137601671501791e-05,-7.71400506134221e-05,2.3561870130464277,,,,,,not_physical_completion,"[445.04495887736545, 394.4923344017009, 220.01263854808008, -8.137601671501791e-05, -7.71400506134221e-05, 2.3561870130464277]","{""command_id_unavailable"": true, ""final_internal_force_setpoint_verified"": false}"
E1_on_r02_20260917T180946_1789636186200651410_aqclx4_k,796,,,1789636186893423811,1675834120268,receipt_only_no_header,,,/ur10skku/targetF,valid,,,,,controller_reported_target,targetF,runtime_force_coordinate_unknown,,,N,,,,,,,0.0,0.0,0.0,,,not_physical_completion,"[0.0, 0.0, 0.0, 0.0, 0.0, 0.0]","{""command_id_unavailable"": true, ""final_internal_force_setpoint_verified"": false}"
E1_on_r02_20260917T180946_1789636186200651410_aqclx4_k,800,,,1789636186893853909,1675834550287,receipt_only_no_header,,,/ur10skku/targetP,valid,,,,,controller_reported_target,targetP,robot_base,rotvec_rad,mm,,445.04495887736545,394.4923344017009,220.01263854808008,-8.137601671501791e-05,-7.71400506134221e-05,2.3561870130464277,,,,,,not_physical_completion,"[445.04495887736545, 394.4923344017009, 220.01263854808008, -8.137601671501791e-05, -7.71400506134221e-05, 2.3561870130464277]","{""command_id_unavailable"": true, ""final_internal_force_setpoint_verified"": false}"
E1_on_r02_20260917T180946_1789636186200651410_aqclx4_k,801,,,1789636186893881812,1675834578029,receipt_only_no_header,,,/ur10skku/targetF,valid,,,,,controller_reported_target,targetF,runtime_force_coordinate_unknown,,,N,,,,,,,0.0,0.0,0.0,,,not_physical_completion,"[0.0, 0.0, 0.0, 0.0, 0.0, 0.0]","{""command_id_unavailable"": true, ""final_internal_force_setpoint_verified"": false}"
E1_on_r02_20260917T180946_1789636186200651410_aqclx4_k,818,,,1789636186926808718,1675867505106,receipt_only_no_header,,,/ur10skku/targetP,valid,,,,,controller_reported_target,targetP,robot_base,rotvec_rad,mm,,445.04495887736545,394.4923344017009,220.01263854808008,-8.137601671501791e-05,-7.71400506134221e-05,2.3561870130464277,,,,,,not_physical_completion,"[445.04495887736545, 394.4923344017009, 220.01263854808008, -8.137601671501791e-05, -7.71400506134221e-05, 2.3561870130464277]","{""command_id_unavailable"": true, ""final_internal_force_setpoint_verified"": false}"
E1_on_r02_20260917T180946_1789636186200651410_aqclx4_k,819,,,1789636186926841631,1675867538078,receipt_only_no_header,,,/ur10skku/targetF,valid,,,,,controller_reported_target,targetF,runtime_force_coordinate_unknown,,,N,,,,,,,0.0,0.0,0.0,,,not_physical_completion,"[0.0, 0.0, 0.0, 0.0, 0.0, 0.0]","{""command_id_unavailable"": true, ""final_internal_force_setpoint_verified"": false}"
E1_on_r02_20260917T180946_1789636186200651410_aqclx4_k,825,,,1789636186927449507,1675868145695,receipt_only_no_header,,,/ur10skku/targetP,valid,,,,,controller_reported_target,targetP,robot_base,rotvec_rad,mm,,445.04495887736545,394.4923344017009,220.01263854808008,-8.137601671501791e-05,-7.71400506134221e-05,2.3561870130464277,,,,,,not_physical_completion,"[445.04495887736545, 394.4923344017009, 220.01263854808008, -8.137601671501791e-05, -7.71400506134221e-05, 2.3561870130464277]","{""command_id_unavailable"": true, ""final_internal_force_setpoint_verified"": false}"
E1_on_r02_20260917T180946_1789636186200651410_aqclx4_k,826,,,1789636186927477491,1675868173618,receipt_only_no_header,,,/ur10skku/targetF,valid,,,,,controller_reported_target,targetF,runtime_force_coordinate_unknown,,,N,,,,,,,0.0,0.0,0.0,,,not_physical_completion,"[0.0, 0.0, 0.0, 0.0, 0.0, 0.0]","{""command_id_unavailable"": true, ""final_internal_force_setpoint_verified"": false}"
E1_on_r02_20260917T180946_1789636186200651410_aqclx4_k,832,,,1789636186927932246,1675868628423,receipt_only_no_header,,,/ur10skku/targetP,valid,,,,,controller_reported_target,targetP,robot_base,rotvec_rad,mm,,445.04495887736545,394.4923344017009,220.01263854808008,-8.137601671501791e-05,-7.71400506134221e-05,2.3561870130464277,,,,,,not_physical_completion,"[445.04495887736545, 394.4923344017009, 220.01263854808008, -8.137601671501791e-05, -7.71400506134221e-05, 2.3561870130464277]","{""command_id_unavailable"": true, ""final_internal_force_setpoint_verified"": false}"
E1_on_r02_20260917T180946_1789636186200651410_aqclx4_k,833,,,1789636186927959858,1675868655956,receipt_only_no_header,,,/ur10skku/targetF,valid,,,,,controller_reported_target,targetF,runtime_force_coordinate_unknown,,,N,,,,,,,0.0,0.0,0.0,,,not_physical_completion,"[0.0, 0.0, 0.0, 0.0, 0.0, 0.0]","{""command_id_unavailable"": true, ""final_internal_force_setpoint_verified"": false}"
E1_on_r02_20260917T180946_1789636186200651410_aqclx4_k,839,,,1789636186928439581,1675869135809,receipt_only_no_header,,,/ur10skku/targetP,valid,,,,,controller_reported_target,targetP,robot_base,rotvec_rad,mm,,445.04495887736545,394.4923344017009,220.01263854808008,-8.137601671501791e-05,-7.71400506134221e-05,2.3561870130464277,,,,,,not_physical_completion,"[445.04495887736545, 394.4923344017009, 220.01263854808008, -8.137601671501791e-05, -7.71400506134221e-05, 2.3561870130464277]","{""command_id_unavailable"": true, ""final_internal_force_setpoint_verified"": false}"
E1_on_r02_20260917T180946_1789636186200651410_aqclx4_k,840,,,1789636186928467084,1675869163111,receipt_only_no_header,,,/ur10skku/targetF,valid,,,,,controller_reported_target,targetF,runtime_force_coordinate_unknown,,,N,,,,,,,0.0,0.0,0.0,,,not_physical_completion,"[0.0, 0.0, 0.0, 0.0, 0.0, 0.0]","{""command_id_unavailable"": true, ""final_internal_force_setpoint_verified"": false}"
E1_on_r02_20260917T180946_1789636186200651410_aqclx4_k,846,,,1789636186929139042,1675869835200,receipt_only_no_header,,,/ur10skku/targetP,valid,,,,,controller_reported_target,targetP,robot_base,rotvec_rad,mm,,445.04495887736545,394.4923344017009,220.01263854808008,-8.137601671501791e-05,-7.71400506134221e-05,2.3561870130464277,,,,,,not_physical_completion,"[445.04495887736545, 394.4923344017009, 220.01263854808008, -8.137601671501791e-05, -7.71400506134221e-05, 2.3561870130464277]","{""command_id_unavailable"": true, ""final_internal_force_setpoint_verified"": false}"
E1_on_r02_20260917T180946_1789636186200651410_aqclx4_k,847,,,1789636186929165933,1675869862031,receipt_only_no_header,,,/ur10skku/targetF,valid,,,,,controller_reported_target,targetF,runtime_force_coordinate_unknown,,,N,,,,,,,0.0,0.0,0.0,,,not_physical_completion,"[0.0, 0.0, 0.0, 0.0, 0.0, 0.0]","{""command_id_unavailable"": true, ""final_internal_force_setpoint_verified"": false}"
E1_on_r02_20260917T180946_1789636186200651410_aqclx4_k,853,,,1789636186929522261,1675870218399,receipt_only_no_header,,,/ur10skku/targetP,valid,,,,,controller_reported_target,targetP,robot_base,rotvec_rad,mm,,445.04495887736545,394.4923344017009,220.01263854808008,-8.137601671501791e-05,-7.71400506134221e-05,2.3561870130464277,,,,,,not_physical_completion,"[445.04495887736545, 394.4923344017009, 220.01263854808008, -8.137601671501791e-05, -7.71400506134221e-05, 2.3561870130464277]","{""command_id_unavailable"": true, ""final_internal_force_setpoint_verified"": false}"
E1_on_r02_20260917T180946_1789636186200651410_aqclx4_k,854,,,1789636186929549193,1675870245280,receipt_only_no_header,,,/ur10skku/targetF,valid,,,,,controller_reported_target,targetF,runtime_force_coordinate_unknown,,,N,,,,,,,0.0,0.0,0.0,,,not_physical_completion,"[0.0, 0.0, 0.0, 0.0, 0.0, 0.0]","{""command_id_unavailable"": true, ""final_internal_force_setpoint_verified"": false}"
E1_on_r02_20260917T180946_1789636186200651410_aqclx4_k,860,,,1789636186930191835,1675870888033,receipt_only_no_header,,,/ur10skku/targetP,valid,,,,,controller_reported_target,targetP,robot_base,rotvec_rad,mm,,445.04495887736545,394.4923344017009,220.01263854808008,-8.137601671501791e-05,-7.71400506134221e-05,2.3561870130464277,,,,,,not_physical_completion,"[445.04495887736545, 394.4923344017009, 220.01263854808008, -8.137601671501791e-05, -7.71400506134221e-05, 2.3561870130464277]","{""command_id_unavailable"": true, ""final_internal_force_setpoint_verified"": false}"
E1_on_r02_20260917T180946_1789636186200651410_aqclx4_k,861,,,1789636186930220079,1675870916567,receipt_only_no_header,,,/ur10skku/targetF,valid,,,,,controller_reported_target,targetF,runtime_force_coordinate_unknown,,,N,,,,,,,0.0,0.0,0.0,,,not_physical_completion,"[0.0, 0.0, 0.0, 0.0, 0.0, 0.0]","{""command_id_unavailable"": true, ""final_internal_force_setpoint_verified"": false}"
E1_on_r02_20260917T180946_1789636186200651410_aqclx4_k,865,,,1789636186930546811,1675871243068,receipt_only_no_header,,,/ur10skku/targetP,valid,,,,,controller_reported_target,targetP,robot_base,rotvec_rad,mm,,445.04495887736545,394.4923344017009,220.01263854808008,-8.137601671501791e-05,-7.71400506134221e-05,2.3561870130464277,,,,,,not_physical_completion,"[445.04495887736545, 394.4923344017009, 220.01263854808008, -8.137601671501791e-05, -7.71400506134221e-05, 2.3561870130464277]","{""command_id_unavailable"": true, ""final_internal_force_setpoint_verified"": false}"
E1_on_r02_20260917T180946_1789636186200651410_aqclx4_k,866,,,1789636186930574143,1675871270330,receipt_only_no_header,,,/ur10skku/targetF,valid,,,,,controller_reported_target,targetF,runtime_force_coordinate_unknown,,,N,,,,,,,0.0,0.0,0.0,,,not_physical_completion,"[0.0, 0.0, 0.0, 0.0, 0.0, 0.0]","{""command_id_unavailable"": true, ""final_internal_force_setpoint_verified"": false}"
E1_on_r02_20260917T180946_1789636186200651410_aqclx4_k,870,,,1789636186931095004,1675871791312,receipt_only_no_header,,,/ur10skku/targetP,valid,,,,,controller_reported_target,targetP,robot_base,rotvec_rad,mm,,445.04495887736545,394.4923344017009,220.01263854808008,-8.137601671501791e-05,-7.71400506134221e-05,2.3561870130464277,,,,,,not_physical_completion,"[445.04495887736545, 394.4923344017009, 220.01263854808008, -8.137601671501791e-05, -7.71400506134221e-05, 2.3561870130464277]","{""command_id_unavailable"": true, ""final_internal_force_setpoint_verified"": false}"
E1_on_r02_20260917T180946_1789636186200651410_aqclx4_k,871,,,1789636186931122426,1675871818644,receipt_only_no_header,,,/ur10skku/targetF,valid,,,,,controller_reported_target,targetF,runtime_force_coordinate_unknown,,,N,,,,,,,0.0,0.0,0.0,,,not_physical_completion,"[0.0, 0.0, 0.0, 0.0, 0.0, 0.0]","{""command_id_unavailable"": true, ""final_internal_force_setpoint_verified"": false}"
E1_on_r02_20260917T180946_1789636186200651410_aqclx4_k,875,,,1789636186931498031,1675872194369,receipt_only_no_header,,,/ur10skku/targetP,valid,,,,,controller_reported_target,targetP,robot_base,rotvec_rad,mm,,445.04495887736545,394.4923344017009,220.01263854808008,-8.137601671501791e-05,-7.71400506134221e-05,2.3561870130464277,,,,,,not_physical_completion,"[445.04495887736545, 394.4923344017009, 220.01263854808008, -8.137601671501791e-05, -7.71400506134221e-05, 2.3561870130464277]","{""command_id_unavailable"": true, ""final_internal_force_setpoint_verified"": false}"
E1_on_r02_20260917T180946_1789636186200651410_aqclx4_k,876,,,1789636186931526235,1675872222402,receipt_only_no_header,,,/ur10skku/targetF,valid,,,,,controller_reported_target,targetF,runtime_force_coordinate_unknown,,,N,,,,,,,0.0,0.0,0.0,,,not_physical_completion,"[0.0, 0.0, 0.0, 0.0, 0.0, 0.0]","{""command_id_unavailable"": true, ""final_internal_force_setpoint_verified"": false}"
E1_on_r02_20260917T180946_1789636186200651410_aqclx4_k,878,,,1789636186931802901,1675872499429,receipt_only_no_header,,,/ur10skku/targetP,valid,,,,,controller_reported_target,targetP,robot_base,rotvec_rad,mm,,445.04495887736545,394.4923344017009,220.01263854808008,-8.137601671501791e-05,-7.71400506134221e-05,2.3561870130464277,,,,,,not_physical_completion,"[445.04495887736545, 394.4923344017009, 220.01263854808008, -8.137601671501791e-05, -7.71400506134221e-05, 2.3561870130464277]","{""command_id_unavailable"": true, ""final_internal_force_setpoint_verified"": false}"
E1_on_r02_20260917T180946_1789636186200651410_aqclx4_k,879,,,1789636186931837507,1675872534736,receipt_only_no_header,,,/ur10skku/targetF,valid,,,,,controller_reported_target,targetF,runtime_force_coordinate_unknown,,,N,,,,,,,0.0,0.0,0.0,,,not_physical_completion,"[0.0, 0.0, 0.0, 0.0, 0.0, 0.0]","{""command_id_unavailable"": true, ""final_internal_force_setpoint_verified"": false}"
E1_on_r02_20260917T180946_1789636186200651410_aqclx4_k,881,,,1789636186932073426,1675872769683,receipt_only_no_header,,,/ur10skku/targetP,valid,,,,,controller_reported_target,targetP,robot_base,rotvec_rad,mm,,445.04495887736545,394.4923344017009,220.01263854808008,-8.137601671501791e-05,-7.71400506134221e-05,2.3561870130464277,,,,,,not_physical_completion,"[445.04495887736545, 394.4923344017009, 220.01263854808008, -8.137601671501791e-05, -7.71400506134221e-05, 2.3561870130464277]","{""command_id_unavailable"": true, ""final_internal_force_setpoint_verified"": false}"
E1_on_r02_20260917T180946_1789636186200651410_aqclx4_k,882,,,1789636186932099345,1675872795472,receipt_only_no_header,,,/ur10skku/targetF,valid,,,,,controller_reported_target,targetF,runtime_force_coordinate_unknown,,,N,,,,,,,0.0,0.0,0.0,,,not_physical_completion,"[0.0, 0.0, 0.0, 0.0, 0.0, 0.0]","{""command_id_unavailable"": true, ""final_internal_force_setpoint_verified"": false}"
E1_on_r02_20260917T180946_1789636186200651410_aqclx4_k,884,,,1789636186932241856,1675872938104,receipt_only_no_header,,,/ur10skku/targetP,valid,,,,,controller_reported_target,targetP,robot_base,rotvec_rad,mm,,445.04495887736545,394.4923344017009,220.01263854808008,-8.137601671501791e-05,-7.71400506134221e-05,2.3561870130464277,,,,,,not_physical_completion,"[445.04495887736545, 394.4923344017009, 220.01263854808008, -8.137601671501791e-05, -7.71400506134221e-05, 2.3561870130464277]","{""command_id_unavailable"": true, ""final_internal_force_setpoint_verified"": false}"
E1_on_r02_20260917T180946_1789636186200651410_aqclx4_k,885,,,1789636186932267816,1675872964013,receipt_only_no_header,,,/ur10skku/targetF,valid,,,,,controller_reported_target,targetF,runtime_force_coordinate_unknown,,,N,,,,,,,0.0,0.0,0.0,,,not_physical_completion,"[0.0, 0.0, 0.0, 0.0, 0.0, 0.0]","{""command_id_unavailable"": true, ""final_internal_force_setpoint_verified"": false}"
E1_on_r02_20260917T180946_1789636186200651410_aqclx4_k,887,,,1789636186932466955,1675873163202,receipt_only_no_header,,,/ur10skku/targetP,valid,,,,,controller_reported_target,targetP,robot_base,rotvec_rad,mm,,445.04495887736545,394.4923344017009,220.01263854808008,-8.137601671501791e-05,-7.71400506134221e-05,2.3561870130464277,,,,,,not_physical_completion,"[445.04495887736545, 394.4923344017009, 220.01263854808008, -8.137601671501791e-05, -7.71400506134221e-05, 2.3561870130464277]","{""command_id_unavailable"": true, ""final_internal_force_setpoint_verified"": false}"
E1_on_r02_20260917T180946_1789636186200651410_aqclx4_k,888,,,1789636186932492513,1675873188691,receipt_only_no_header,,,/ur10skku/targetF,valid,,,,,controller_reported_target,targetF,runtime_force_coordinate_unknown,,,N,,,,,,,0.0,0.0,0.0,,,not_physical_completion,"[0.0, 0.0, 0.0, 0.0, 0.0, 0.0]","{""command_id_unavailable"": true, ""final_internal_force_setpoint_verified"": false}"
E1_on_r02_20260917T180946_1789636186200651410_aqclx4_k,936,,,1789636187011731596,1675952428735,receipt_only_no_header,,,/ur10skku/targetP,valid,,,,,controller_reported_target,targetP,robot_base,rotvec_rad,mm,,445.04495887736545,394.4923344017009,220.01263854808008,-8.137601671501791e-05,-7.71400506134221e-05,2.3561870130464277,,,,,,not_physical_completion,"[445.04495887736545, 394.4923344017009, 220.01263854808008, -8.137601671501791e-05, -7.71400506134221e-05, 2.3561870130464277]","{""command_id_unavailable"": true, ""final_internal_force_setpoint_verified"": false}"
E1_on_r02_20260917T180946_1789636186200651410_aqclx4_k,937,,,1789636187011765871,1675952462429,receipt_only_no_header,,,/ur10skku/targetF,valid,,,,,controller_reported_target,targetF,runtime_force_coordinate_unknown,,,N,,,,,,,0.0,0.0,0.0,,,not_physical_completion,"[0.0, 0.0, 0.0, 0.0, 0.0, 0.0]","{""command_id_unavailable"": true, ""final_internal_force_setpoint_verified"": false}"
E1_on_r02_20260917T180946_1789636186200651410_aqclx4_k,941,,,1789636187012147948,1675952844476,receipt_only_no_header,,,/ur10skku/targetP,valid,,,,,controller_reported_target,targetP,robot_base,rotvec_rad,mm,,445.04495887736545,394.4923344017009,220.01263854808008,-8.137601671501791e-05,-7.71400506134221e-05,2.3561870130464277,,,,,,not_physical_completion,"[445.04495887736545, 394.4923344017009, 220.01263854808008, -8.137601671501791e-05, -7.71400506134221e-05, 2.3561870130464277]","{""command_id_unavailable"": true, ""final_internal_force_setpoint_verified"": false}"
E1_on_r02_20260917T180946_1789636186200651410_aqclx4_k,942,,,1789636187012177224,1675952873752,receipt_only_no_header,,,/ur10skku/targetF,valid,,,,,controller_reported_target,targetF,runtime_force_coordinate_unknown,,,N,,,,,,,0.0,0.0,0.0,,,not_physical_completion,"[0.0, 0.0, 0.0, 0.0, 0.0, 0.0]","{""command_id_unavailable"": true, ""final_internal_force_setpoint_verified"": false}"
E1_on_r02_20260917T180946_1789636186200651410_aqclx4_k,953,,,1789636187026580351,1675967277330,receipt_only_no_header,,,/ur10skku/targetP,valid,,,,,controller_reported_target,targetP,robot_base,rotvec_rad,mm,,445.04495887736545,394.4923344017009,220.01263854808008,-8.137601671501791e-05,-7.71400506134221e-05,2.3561870130464277,,,,,,not_physical_completion,"[445.04495887736545, 394.4923344017009, 220.01263854808008, -8.137601671501791e-05, -7.71400506134221e-05, 2.3561870130464277]","{""command_id_unavailable"": true, ""final_internal_force_setpoint_verified"": false}"
E1_on_r02_20260917T180946_1789636186200651410_aqclx4_k,954,,,1789636187026614015,1675967310824,receipt_only_no_header,,,/ur10skku/targetF,valid,,,,,controller_reported_target,targetF,runtime_force_coordinate_unknown,,,N,,,,,,,0.0,0.0,0.0,,,not_physical_completion,"[0.0, 0.0, 0.0, 0.0, 0.0, 0.0]","{""command_id_unavailable"": true, ""final_internal_force_setpoint_verified"": false}"
E1_on_r02_20260917T180946_1789636186200651410_aqclx4_k,958,,,1789636187026969922,1675967666621,receipt_only_no_header,,,/ur10skku/targetP,valid,,,,,controller_reported_target,targetP,robot_base,rotvec_rad,mm,,445.04495887736545,394.4923344017009,220.01263854808008,-8.137601671501791e-05,-7.71400506134221e-05,2.3561870130464277,,,,,,not_physical_completion,"[445.04495887736545, 394.4923344017009, 220.01263854808008, -8.137601671501791e-05, -7.71400506134221e-05, 2.3561870130464277]","{""command_id_unavailable"": true, ""final_internal_force_setpoint_verified"": false}"
E1_on_r02_20260917T180946_1789636186200651410_aqclx4_k,959,,,1789636187027000360,1675967696838,receipt_only_no_header,,,/ur10skku/targetF,valid,,,,,controller_reported_target,targetF,runtime_force_coordinate_unknown,,,N,,,,,,,0.0,0.0,0.0,,,not_physical_completion,"[0.0, 0.0, 0.0, 0.0, 0.0, 0.0]","{""command_id_unavailable"": true, ""final_internal_force_setpoint_verified"": false}"
E1_on_r02_20260917T180946_1789636186200651410_aqclx4_k,965,,,1789636187027719378,1675968415766,receipt_only_no_header,,,/ur10skku/targetP,valid,,,,,controller_reported_target,targetP,robot_base,rotvec_rad,mm,,445.04495887736545,394.4923344017009,220.01263854808008,-8.137601671501791e-05,-7.71400506134221e-05,2.3561870130464277,,,,,,not_physical_completion,"[445.04495887736545, 394.4923344017009, 220.01263854808008, -8.137601671501791e-05, -7.71400506134221e-05, 2.3561870130464277]","{""command_id_unavailable"": true, ""final_internal_force_setpoint_verified"": false}"
E1_on_r02_20260917T180946_1789636186200651410_aqclx4_k,966,,,1789636187027747432,1675968443519,receipt_only_no_header,,,/ur10skku/targetF,valid,,,,,controller_reported_target,targetF,runtime_force_coordinate_unknown,,,N,,,,,,,0.0,0.0,0.0,,,not_physical_completion,"[0.0, 0.0, 0.0, 0.0, 0.0, 0.0]","{""command_id_unavailable"": true, ""final_internal_force_setpoint_verified"": false}"
E1_on_r02_20260917T180946_1789636186200651410_aqclx4_k,969,,,1789636187028113789,1675968810086,receipt_only_no_header,,,/ur10skku/targetP,valid,,,,,controller_reported_target,targetP,robot_base,rotvec_rad,mm,,445.04495887736545,394.4923344017009,220.01263854808008,-8.137601671501791e-05,-7.71400506134221e-05,2.3561870130464277,,,,,,not_physical_completion,"[445.04495887736545, 394.4923344017009, 220.01263854808008, -8.137601671501791e-05, -7.71400506134221e-05, 2.3561870130464277]","{""command_id_unavailable"": true, ""final_internal_force_setpoint_verified"": false}"
E1_on_r02_20260917T180946_1789636186200651410_aqclx4_k,970,,,1789636187028140500,1675968836717,receipt_only_no_header,,,/ur10skku/targetF,valid,,,,,controller_reported_target,targetF,runtime_force_coordinate_unknown,,,N,,,,,,,0.0,0.0,0.0,,,not_physical_completion,"[0.0, 0.0, 0.0, 0.0, 0.0, 0.0]","{""command_id_unavailable"": true, ""final_internal_force_setpoint_verified"": false}"
E1_on_r02_20260917T180946_1789636186200651410_aqclx4_k,972,,,1789636187028390525,1675969086883,receipt_only_no_header,,,/ur10skku/targetP,valid,,,,,controller_reported_target,targetP,robot_base,rotvec_rad,mm,,445.04495887736545,394.4923344017009,220.01263854808008,-8.137601671501791e-05,-7.71400506134221e-05,2.3561870130464277,,,,,,not_physical_completion,"[445.04495887736545, 394.4923344017009, 220.01263854808008, -8.137601671501791e-05, -7.71400506134221e-05, 2.3561870130464277]","{""command_id_unavailable"": true, ""final_internal_force_setpoint_verified"": false}"
E1_on_r02_20260917T180946_1789636186200651410_aqclx4_k,980,,,1789636187043074768,1675983774582,receipt_only_no_header,,,/ur10skku/targetF,valid,,,,,controller_reported_target,targetF,runtime_force_coordinate_unknown,,,N,,,,,,,0.0,0.0,0.0,,,not_physical_completion,"[0.0, 0.0, 0.0, 0.0, 0.0, 0.0]","{""command_id_unavailable"": true, ""final_internal_force_setpoint_verified"": false}"
E1_on_r02_20260917T180946_1789636186200651410_aqclx4_k,983,,,1789636187043703564,1675984399952,receipt_only_no_header,,,/ur10skku/targetP,valid,,,,,controller_reported_target,targetP,robot_base,rotvec_rad,mm,,445.04495887736545,394.4923344017009,220.01263854808008,-8.137601671501791e-05,-7.71400506134221e-05,2.3561870130464277,,,,,,not_physical_completion,"[445.04495887736545, 394.4923344017009, 220.01263854808008, -8.137601671501791e-05, -7.71400506134221e-05, 2.3561870130464277]","{""command_id_unavailable"": true, ""final_internal_force_setpoint_verified"": false}"
E1_on_r02_20260917T180946_1789636186200651410_aqclx4_k,984,,,1789636187043731818,1675984428216,receipt_only_no_header,,,/ur10skku/targetF,valid,,,,,controller_reported_target,targetF,runtime_force_coordinate_unknown,,,N,,,,,,,0.0,0.0,0.0,,,not_physical_completion,"[0.0, 0.0, 0.0, 0.0, 0.0, 0.0]","{""command_id_unavailable"": true, ""final_internal_force_setpoint_verified"": false}"
E1_on_r02_20260917T180946_1789636186200651410_aqclx4_k,988,,,1789636187044188447,1675984884824,receipt_only_no_header,,,/ur10skku/targetP,valid,,,,,controller_reported_target,targetP,robot_base,rotvec_rad,mm,,445.04495887736545,394.4923344017009,220.01263854808008,-8.137601671501791e-05,-7.71400506134221e-05,2.3561870130464277,,,,,,not_physical_completion,"[445.04495887736545, 394.4923344017009, 220.01263854808008, -8.137601671501791e-05, -7.71400506134221e-05, 2.3561870130464277]","{""command_id_unavailable"": true, ""final_internal_force_setpoint_verified"": false}"
E1_on_r02_20260917T180946_1789636186200651410_aqclx4_k,989,,,1789636187044215658,1675984911766,receipt_only_no_header,,,/ur10skku/targetF,valid,,,,,controller_reported_target,targetF,runtime_force_coordinate_unknown,,,N,,,,,,,0.0,0.0,0.0,,,not_physical_completion,"[0.0, 0.0, 0.0, 0.0, 0.0, 0.0]","{""command_id_unavailable"": true, ""final_internal_force_setpoint_verified"": false}"
E1_on_r02_20260917T180946_1789636186200651410_aqclx4_k,993,,,1789636187044514407,1675985210825,receipt_only_no_header,,,/ur10skku/targetP,valid,,,,,controller_reported_target,targetP,robot_base,rotvec_rad,mm,,445.04495887736545,394.4923344017009,220.01263854808008,-8.137601671501791e-05,-7.71400506134221e-05,2.3561870130464277,,,,,,not_physical_completion,"[445.04495887736545, 394.4923344017009, 220.01263854808008, -8.137601671501791e-05, -7.71400506134221e-05, 2.3561870130464277]","{""command_id_unavailable"": true, ""final_internal_force_setpoint_verified"": false}"
E1_on_r02_20260917T180946_1789636186200651410_aqclx4_k,994,,,1789636187044541779,1675985237886,receipt_only_no_header,,,/ur10skku/targetF,valid,,,,,controller_reported_target,targetF,runtime_force_coordinate_unknown,,,N,,,,,,,0.0,0.0,0.0,,,not_physical_completion,"[0.0, 0.0, 0.0, 0.0, 0.0, 0.0]","{""command_id_unavailable"": true, ""final_internal_force_setpoint_verified"": false}"
E1_on_r02_20260917T180946_1789636186200651410_aqclx4_k,998,,,1789636187045049295,1675985745592,receipt_only_no_header,,,/ur10skku/targetP,valid,,,,,controller_reported_target,targetP,robot_base,rotvec_rad,mm,,445.04495887736545,394.4923344017009,220.01263854808008,-8.137601671501791e-05,-7.71400506134221e-05,2.3561870130464277,,,,,,not_physical_completion,"[445.04495887736545, 394.4923344017009, 220.01263854808008, -8.137601671501791e-05, -7.71400506134221e-05, 2.3561870130464277]","{""command_id_unavailable"": true, ""final_internal_force_setpoint_verified"": false}"
E1_on_r02_20260917T180946_1789636186200651410_aqclx4_k,999,,,1789636187045077278,1675985773365,receipt_only_no_header,,,/ur10skku/targetF,valid,,,,,controller_reported_target,targetF,runtime_force_coordinate_unknown,,,N,,,,,,,0.0,0.0,0.0,,,not_physical_completion,"[0.0, 0.0, 0.0, 0.0, 0.0, 0.0]","{""command_id_unavailable"": true, ""final_internal_force_setpoint_verified"": false}"
E1_on_r02_20260917T180946_1789636186200651410_aqclx4_k,1015,,,1789636187110221519,1676050918558,receipt_only_no_header,,,/ur10skku/targetP,valid,,,,,controller_reported_target,targetP,robot_base,rotvec_rad,mm,,445.04495887736545,394.4923344017009,220.01263854808008,-8.137601671501791e-05,-7.71400506134221e-05,2.3561870130464277,,,,,,not_physical_completion,"[445.04495887736545, 394.4923344017009, 220.01263854808008, -8.137601671501791e-05, -7.71400506134221e-05, 2.3561870130464277]","{""command_id_unavailable"": true, ""final_internal_force_setpoint_verified"": false}"
E1_on_r02_20260917T180946_1789636186200651410_aqclx4_k,1016,,,1789636187110258369,1676050955278,receipt_only_no_header,,,/ur10skku/targetF,valid,,,,,controller_reported_target,targetF,runtime_force_coordinate_unknown,,,N,,,,,,,0.0,0.0,0.0,,,not_physical_completion,"[0.0, 0.0, 0.0, 0.0, 0.0, 0.0]","{""command_id_unavailable"": true, ""final_internal_force_setpoint_verified"": false}"
E1_on_r02_20260917T180946_1789636186200651410_aqclx4_k,1020,,,1789636187111102936,1676051803222,receipt_only_no_header,,,/ur10skku/targetP,valid,,,,,controller_reported_target,targetP,robot_base,rotvec_rad,mm,,445.04495887736545,394.4923344017009,220.01263854808008,-8.137601671501791e-05,-7.71400506134221e-05,2.3561870130464277,,,,,,not_physical_completion,"[445.04495887736545, 394.4923344017009, 220.01263854808008, -8.137601671501791e-05, -7.71400506134221e-05, 2.3561870130464277]","{""command_id_unavailable"": true, ""final_internal_force_setpoint_verified"": false}"
E1_on_r02_20260917T180946_1789636186200651410_aqclx4_k,1021,,,1789636187111173821,1676051873776,receipt_only_no_header,,,/ur10skku/targetF,valid,,,,,controller_reported_target,targetF,runtime_force_coordinate_unknown,,,N,,,,,,,0.0,0.0,0.0,,,not_physical_completion,"[0.0, 0.0, 0.0, 0.0, 0.0, 0.0]","{""command_id_unavailable"": true, ""final_internal_force_setpoint_verified"": false}"
E1_on_r02_20260917T180946_1789636186200651410_aqclx4_k,1025,,,1789636187111673452,1676052372214,receipt_only_no_header,,,/ur10skku/targetP,valid,,,,,controller_reported_target,targetP,robot_base,rotvec_rad,mm,,445.04495887736545,394.4923344017009,220.01263854808008,-8.137601671501791e-05,-7.71400506134221e-05,2.3561870130464277,,,,,,not_physical_completion,"[445.04495887736545, 394.4923344017009, 220.01263854808008, -8.137601671501791e-05, -7.71400506134221e-05, 2.3561870130464277]","{""command_id_unavailable"": true, ""final_internal_force_setpoint_verified"": false}"
E1_on_r02_20260917T180946_1789636186200651410_aqclx4_k,1026,,,1789636187111732374,1676052430335,receipt_only_no_header,,,/ur10skku/targetF,valid,,,,,controller_reported_target,targetF,runtime_force_coordinate_unknown,,,N,,,,,,,0.0,0.0,0.0,,,not_physical_completion,"[0.0, 0.0, 0.0, 0.0, 0.0, 0.0]","{""command_id_unavailable"": true, ""final_internal_force_setpoint_verified"": false}"
E1_on_r02_20260917T180946_1789636186200651410_aqclx4_k,1029,,,1789636187112158726,1676052855193,receipt_only_no_header,,,/ur10skku/targetP,valid,,,,,controller_reported_target,targetP,robot_base,rotvec_rad,mm,,445.04495887736545,394.4923344017009,220.01263854808008,-8.137601671501791e-05,-7.71400506134221e-05,2.3561870130464277,,,,,,not_physical_completion,"[445.04495887736545, 394.4923344017009, 220.01263854808008, -8.137601671501791e-05, -7.71400506134221e-05, 2.3561870130464277]","{""command_id_unavailable"": true, ""final_internal_force_setpoint_verified"": false}"
E1_on_r02_20260917T180946_1789636186200651410_aqclx4_k,1041,,,1789636187143204742,1676083902903,receipt_only_no_header,,,/ur10skku/targetF,valid,,,,,controller_reported_target,targetF,runtime_force_coordinate_unknown,,,N,,,,,,,0.0,0.0,0.0,,,not_physical_completion,"[0.0, 0.0, 0.0, 0.0, 0.0, 0.0]","{""command_id_unavailable"": true, ""final_internal_force_setpoint_verified"": false}"
E1_on_r02_20260917T180946_1789636186200651410_aqclx4_k,1046,,,1789636187143901097,1676084599168,receipt_only_no_header,,,/ur10skku/targetP,valid,,,,,controller_reported_target,targetP,robot_base,rotvec_rad,mm,,445.04495887736545,394.4923344017009,220.01263854808008,-8.137601671501791e-05,-7.71400506134221e-05,2.3561870130464277,,,,,,not_physical_completion,"[445.04495887736545, 394.4923344017009, 220.01263854808008, -8.137601671501791e-05, -7.71400506134221e-05, 2.3561870130464277]","{""command_id_unavailable"": true, ""final_internal_force_setpoint_verified"": false}"
E1_on_r02_20260917T180946_1789636186200651410_aqclx4_k,1047,,,1789636187143947475,1676084644765,receipt_only_no_header,,,/ur10skku/targetF,valid,,,,,controller_reported_target,targetF,runtime_force_coordinate_unknown,,,N,,,,,,,0.0,0.0,0.0,,,not_physical_completion,"[0.0, 0.0, 0.0, 0.0, 0.0, 0.0]","{""command_id_unavailable"": true, ""final_internal_force_setpoint_verified"": false}"
E1_on_r02_20260917T180946_1789636186200651410_aqclx4_k,1051,,,1789636187144202501,1676084898989,receipt_only_no_header,,,/ur10skku/targetP,valid,,,,,controller_reported_target,targetP,robot_base,rotvec_rad,mm,,445.04495887736545,394.4923344017009,220.01263854808008,-8.137601671501791e-05,-7.71400506134221e-05,2.3561870130464277,,,,,,not_physical_completion,"[445.04495887736545, 394.4923344017009, 220.01263854808008, -8.137601671501791e-05, -7.71400506134221e-05, 2.3561870130464277]","{""command_id_unavailable"": true, ""final_internal_force_setpoint_verified"": false}"
E1_on_r02_20260917T180946_1789636186200651410_aqclx4_k,1052,,,1789636187144230544,1676084926882,receipt_only_no_header,,,/ur10skku/targetF,valid,,,,,controller_reported_target,targetF,runtime_force_coordinate_unknown,,,N,,,,,,,0.0,0.0,0.0,,,not_physical_completion,"[0.0, 0.0, 0.0, 0.0, 0.0, 0.0]","{""command_id_unavailable"": true, ""final_internal_force_setpoint_verified"": false}"
E1_on_r02_20260917T180946_1789636186200651410_aqclx4_k,1058,,,1789636187144686301,1676085382539,receipt_only_no_header,,,/ur10skku/targetP,valid,,,,,controller_reported_target,targetP,robot_base,rotvec_rad,mm,,445.04495887736545,394.4923344017009,220.01263854808008,-8.137601671501791e-05,-7.71400506134221e-05,2.3561870130464277,,,,,,not_physical_completion,"[445.04495887736545, 394.4923344017009, 220.01263854808008, -8.137601671501791e-05, -7.71400506134221e-05, 2.3561870130464277]","{""command_id_unavailable"": true, ""final_internal_force_setpoint_verified"": false}"
E1_on_r02_20260917T180946_1789636186200651410_aqclx4_k,1059,,,1789636187144713673,1676085409841,receipt_only_no_header,,,/ur10skku/targetF,valid,,,,,controller_reported_target,targetF,runtime_force_coordinate_unknown,,,N,,,,,,,0.0,0.0,0.0,,,not_physical_completion,"[0.0, 0.0, 0.0, 0.0, 0.0, 0.0]","{""command_id_unavailable"": true, ""final_internal_force_setpoint_verified"": false}"
E1_on_r02_20260917T180946_1789636186200651410_aqclx4_k,1065,,,1789636187145243201,1676085939518,receipt_only_no_header,,,/ur10skku/targetP,valid,,,,,controller_reported_target,targetP,robot_base,rotvec_rad,mm,,445.04495887736545,394.4923344017009,220.01263854808008,-8.137601671501791e-05,-7.71400506134221e-05,2.3561870130464277,,,,,,not_physical_completion,"[445.04495887736545, 394.4923344017009, 220.01263854808008, -8.137601671501791e-05, -7.71400506134221e-05, 2.3561870130464277]","{""command_id_unavailable"": true, ""final_internal_force_setpoint_verified"": false}"
E1_on_r02_20260917T180946_1789636186200651410_aqclx4_k,1066,,,1789636187145270593,1676085966720,receipt_only_no_header,,,/ur10skku/targetF,valid,,,,,controller_reported_target,targetF,runtime_force_coordinate_unknown,,,N,,,,,,,0.0,0.0,0.0,,,not_physical_completion,"[0.0, 0.0, 0.0, 0.0, 0.0, 0.0]","{""command_id_unavailable"": true, ""final_internal_force_setpoint_verified"": false}"
E1_on_r02_20260917T180946_1789636186200651410_aqclx4_k,1070,,,1789636187145932953,1676086629321,receipt_only_no_header,,,/ur10skku/targetP,valid,,,,,controller_reported_target,targetP,robot_base,rotvec_rad,mm,,445.04495887736545,394.4923344017009,220.01263854808008,-8.137601671501791e-05,-7.71400506134221e-05,2.3561870130464277,,,,,,not_physical_completion,"[445.04495887736545, 394.4923344017009, 220.01263854808008, -8.137601671501791e-05, -7.71400506134221e-05, 2.3561870130464277]","{""command_id_unavailable"": true, ""final_internal_force_setpoint_verified"": false}"
E1_on_r02_20260917T180946_1789636186200651410_aqclx4_k,1071,,,1789636187145960175,1676086656312,receipt_only_no_header,,,/ur10skku/targetF,valid,,,,,controller_reported_target,targetF,runtime_force_coordinate_unknown,,,N,,,,,,,0.0,0.0,0.0,,,not_physical_completion,"[0.0, 0.0, 0.0, 0.0, 0.0, 0.0]","{""command_id_unavailable"": true, ""final_internal_force_setpoint_verified"": false}"
E1_on_r02_20260917T180946_1789636186200651410_aqclx4_k,1075,,,1789636187146255036,1676086951454,receipt_only_no_header,,,/ur10skku/targetP,valid,,,,,controller_reported_target,targetP,robot_base,rotvec_rad,mm,,445.04495887736545,394.4923344017009,220.01263854808008,-8.137601671501791e-05,-7.71400506134221e-05,2.3561870130464277,,,,,,not_physical_completion,"[445.04495887736545, 394.4923344017009, 220.01263854808008, -8.137601671501791e-05, -7.71400506134221e-05, 2.3561870130464277]","{""command_id_unavailable"": true, ""final_internal_force_setpoint_verified"": false}"
E1_on_r02_20260917T180946_1789636186200651410_aqclx4_k,1076,,,1789636187146281166,1676086977313,receipt_only_no_header,,,/ur10skku/targetF,valid,,,,,controller_reported_target,targetF,runtime_force_coordinate_unknown,,,N,,,,,,,0.0,0.0,0.0,,,not_physical_completion,"[0.0, 0.0, 0.0, 0.0, 0.0, 0.0]","{""command_id_unavailable"": true, ""final_internal_force_setpoint_verified"": false}"
E1_on_r02_20260917T180946_1789636186200651410_aqclx4_k,1080,,,1789636187146919310,1676087615768,receipt_only_no_header,,,/ur10skku/targetP,valid,,,,,controller_reported_target,targetP,robot_base,rotvec_rad,mm,,445.04495887736545,394.4923344017009,220.01263854808008,-8.137601671501791e-05,-7.71400506134221e-05,2.3561870130464277,,,,,,not_physical_completion,"[445.04495887736545, 394.4923344017009, 220.01263854808008, -8.137601671501791e-05, -7.71400506134221e-05, 2.3561870130464277]","{""command_id_unavailable"": true, ""final_internal_force_setpoint_verified"": false}"
E1_on_r02_20260917T180946_1789636186200651410_aqclx4_k,1081,,,1789636187146945951,1676087642068,receipt_only_no_header,,,/ur10skku/targetF,valid,,,,,controller_reported_target,targetF,runtime_force_coordinate_unknown,,,N,,,,,,,0.0,0.0,0.0,,,not_physical_completion,"[0.0, 0.0, 0.0, 0.0, 0.0, 0.0]","{""command_id_unavailable"": true, ""final_internal_force_setpoint_verified"": false}"
E1_on_r02_20260917T180946_1789636186200651410_aqclx4_k,1085,,,1789636187147230272,1676087926489,receipt_only_no_header,,,/ur10skku/targetP,valid,,,,,controller_reported_target,targetP,robot_base,rotvec_rad,mm,,445.04495887736545,394.4923344017009,220.01263854808008,-8.137601671501791e-05,-7.71400506134221e-05,2.3561870130464277,,,,,,not_physical_completion,"[445.04495887736545, 394.4923344017009, 220.01263854808008, -8.137601671501791e-05, -7.71400506134221e-05, 2.3561870130464277]","{""command_id_unavailable"": true, ""final_internal_force_setpoint_verified"": false}"
E1_on_r02_20260917T180946_1789636186200651410_aqclx4_k,1086,,,1789636187147256301,1676087952379,receipt_only_no_header,,,/ur10skku/targetF,valid,,,,,controller_reported_target,targetF,runtime_force_coordinate_unknown,,,N,,,,,,,0.0,0.0,0.0,,,not_physical_completion,"[0.0, 0.0, 0.0, 0.0, 0.0, 0.0]","{""command_id_unavailable"": true, ""final_internal_force_setpoint_verified"": false}"
E1_on_r02_20260917T180946_1789636186200651410_aqclx4_k,1090,,,1789636187147624422,1676088320649,receipt_only_no_header,,,/ur10skku/targetP,valid,,,,,controller_reported_target,targetP,robot_base,rotvec_rad,mm,,445.04495887736545,394.4923344017009,220.01263854808008,-8.137601671501791e-05,-7.71400506134221e-05,2.3561870130464277,,,,,,not_physical_completion,"[445.04495887736545, 394.4923344017009, 220.01263854808008, -8.137601671501791e-05, -7.71400506134221e-05, 2.3561870130464277]","{""command_id_unavailable"": true, ""final_internal_force_setpoint_verified"": false}"
E1_on_r02_20260917T180946_1789636186200651410_aqclx4_k,1091,,,1789636187147650592,1676088346679,receipt_only_no_header,,,/ur10skku/targetF,valid,,,,,controller_reported_target,targetF,runtime_force_coordinate_unknown,,,N,,,,,,,0.0,0.0,0.0,,,not_physical_completion,"[0.0, 0.0, 0.0, 0.0, 0.0, 0.0]","{""command_id_unavailable"": true, ""final_internal_force_setpoint_verified"": false}"
E1_on_r02_20260917T180946_1789636186200651410_aqclx4_k,1093,,,1789636187147852877,1676088549154,receipt_only_no_header,,,/ur10skku/targetP,valid,,,,,controller_reported_target,targetP,robot_base,rotvec_rad,mm,,445.04495887736545,394.4923344017009,220.01263854808008,-8.137601671501791e-05,-7.71400506134221e-05,2.3561870130464277,,,,,,not_physical_completion,"[445.04495887736545, 394.4923344017009, 220.01263854808008, -8.137601671501791e-05, -7.71400506134221e-05, 2.3561870130464277]","{""command_id_unavailable"": true, ""final_internal_force_setpoint_verified"": false}"
E1_on_r02_20260917T180946_1789636186200651410_aqclx4_k,1117,,,1789636187207716990,1676148414099,receipt_only_no_header,,,/ur10skku/targetF,valid,,,,,controller_reported_target,targetF,runtime_force_coordinate_unknown,,,N,,,,,,,0.0,0.0,0.0,,,not_physical_completion,"[0.0, 0.0, 0.0, 0.0, 0.0, 0.0]","{""command_id_unavailable"": true, ""final_internal_force_setpoint_verified"": false}"
E1_on_r02_20260917T180946_1789636186200651410_aqclx4_k,1120,,,1789636187207903756,1676148600524,receipt_only_no_header,,,/ur10skku/targetP,valid,,,,,controller_reported_target,targetP,robot_base,rotvec_rad,mm,,445.04495887736545,394.4923344017009,220.01263854808008,-8.137601671501791e-05,-7.71400506134221e-05,2.3561870130464277,,,,,,not_physical_completion,"[445.04495887736545, 394.4923344017009, 220.01263854808008, -8.137601671501791e-05, -7.71400506134221e-05, 2.3561870130464277]","{""command_id_unavailable"": true, ""final_internal_force_setpoint_verified"": false}"
E1_on_r02_20260917T180946_1789636186200651410_aqclx4_k,1121,,,1789636187207932330,1676148628517,receipt_only_no_header,,,/ur10skku/targetF,valid,,,,,controller_reported_target,targetF,runtime_force_coordinate_unknown,,,N,,,,,,,0.0,0.0,0.0,,,not_physical_completion,"[0.0, 0.0, 0.0, 0.0, 0.0, 0.0]","{""command_id_unavailable"": true, ""final_internal_force_setpoint_verified"": false}"
E1_on_r02_20260917T180946_1789636186200651410_aqclx4_k,1123,,,1789636187208070303,1676148766881,receipt_only_no_header,,,/ur10skku/targetP,valid,,,,,controller_reported_target,targetP,robot_base,rotvec_rad,mm,,445.04495887736545,394.4923344017009,220.01263854808008,-8.137601671501791e-05,-7.71400506134221e-05,2.3561870130464277,,,,,,not_physical_completion,"[445.04495887736545, 394.4923344017009, 220.01263854808008, -8.137601671501791e-05, -7.71400506134221e-05, 2.3561870130464277]","{""command_id_unavailable"": true, ""final_internal_force_setpoint_verified"": false}"
E1_on_r02_20260917T180946_1789636186200651410_aqclx4_k,1124,,,1789636187208097755,1676148793902,receipt_only_no_header,,,/ur10skku/targetF,valid,,,,,controller_reported_target,targetF,runtime_force_coordinate_unknown,,,N,,,,,,,0.0,0.0,0.0,,,not_physical_completion,"[0.0, 0.0, 0.0, 0.0, 0.0, 0.0]","{""command_id_unavailable"": true, ""final_internal_force_setpoint_verified"": false}"
E1_on_r02_20260917T180946_1789636186200651410_aqclx4_k,1126,,,1789636187208228484,1676148924751,receipt_only_no_header,,,/ur10skku/targetP,valid,,,,,controller_reported_target,targetP,robot_base,rotvec_rad,mm,,445.04495887736545,394.4923344017009,220.01263854808008,-8.137601671501791e-05,-7.71400506134221e-05,2.3561870130464277,,,,,,not_physical_completion,"[445.04495887736545, 394.4923344017009, 220.01263854808008, -8.137601671501791e-05, -7.71400506134221e-05, 2.3561870130464277]","{""command_id_unavailable"": true, ""final_internal_force_setpoint_verified"": false}"
E1_on_r02_20260917T180946_1789636186200651410_aqclx4_k,1127,,,1789636187208255174,1676148951492,receipt_only_no_header,,,/ur10skku/targetF,valid,,,,,controller_reported_target,targetF,runtime_force_coordinate_unknown,,,N,,,,,,,0.0,0.0,0.0,,,not_physical_completion,"[0.0, 0.0, 0.0, 0.0, 0.0, 0.0]","{""command_id_unavailable"": true, ""final_internal_force_setpoint_verified"": false}"
E1_on_r02_20260917T180946_1789636186200651410_aqclx4_k,1150,,,1789636187241482772,1676182181945,receipt_only_no_header,,,/ur10skku/targetP,valid,,,,,controller_reported_target,targetP,robot_base,rotvec_rad,mm,,445.04495887736545,394.4923344017009,220.01263854808008,-8.137601671501791e-05,-7.71400506134221e-05,2.3561870130464277,,,,,,not_physical_completion,"[445.04495887736545, 394.4923344017009, 220.01263854808008, -8.137601671501791e-05, -7.71400506134221e-05, 2.3561870130464277]","{""command_id_unavailable"": true, ""final_internal_force_setpoint_verified"": false}"
E1_on_r02_20260917T180946_1789636186200651410_aqclx4_k,1153,,,1789636187241981371,1676182679763,receipt_only_no_header,,,/ur10skku/targetP,valid,,,,,controller_reported_target,targetP,robot_base,rotvec_rad,mm,,445.04495887736545,394.4923344017009,220.01263854808008,-8.137601671501791e-05,-7.71400506134221e-05,2.3561870130464277,,,,,,not_physical_completion,"[445.04495887736545, 394.4923344017009, 220.01263854808008, -8.137601671501791e-05, -7.71400506134221e-05, 2.3561870130464277]","{""command_id_unavailable"": true, ""final_internal_force_setpoint_verified"": false}"
E1_on_r02_20260917T180946_1789636186200651410_aqclx4_k,1154,,,1789636187242037258,1676182734667,receipt_only_no_header,,,/ur10skku/targetF,valid,,,,,controller_reported_target,targetF,runtime_force_coordinate_unknown,,,N,,,,,,,0.0,0.0,0.0,,,not_physical_completion,"[0.0, 0.0, 0.0, 0.0, 0.0, 0.0]","{""command_id_unavailable"": true, ""final_internal_force_setpoint_verified"": false}"
E1_on_r02_20260917T180946_1789636186200651410_aqclx4_k,1158,,,1789636187242441366,1676183137834,receipt_only_no_header,,,/ur10skku/targetP,valid,,,,,controller_reported_target,targetP,robot_base,rotvec_rad,mm,,445.04495887736545,394.4923344017009,220.01263854808008,-8.137601671501791e-05,-7.71400506134221e-05,2.3561870130464277,,,,,,not_physical_completion,"[445.04495887736545, 394.4923344017009, 220.01263854808008, -8.137601671501791e-05, -7.71400506134221e-05, 2.3561870130464277]","{""command_id_unavailable"": true, ""final_internal_force_setpoint_verified"": false}"
E1_on_r02_20260917T180946_1789636186200651410_aqclx4_k,1159,,,1789636187242468608,1676183164786,receipt_only_no_header,,,/ur10skku/targetF,valid,,,,,controller_reported_target,targetF,runtime_force_coordinate_unknown,,,N,,,,,,,0.0,0.0,0.0,,,not_physical_completion,"[0.0, 0.0, 0.0, 0.0, 0.0, 0.0]","{""command_id_unavailable"": true, ""final_internal_force_setpoint_verified"": false}"
E1_on_r02_20260917T180946_1789636186200651410_aqclx4_k,1161,,,1789636187242604296,1676183300624,receipt_only_no_header,,,/ur10skku/targetP,valid,,,,,controller_reported_target,targetP,robot_base,rotvec_rad,mm,,445.04495887736545,394.4923344017009,220.01263854808008,-8.137601671501791e-05,-7.71400506134221e-05,2.3561870130464277,,,,,,not_physical_completion,"[445.04495887736545, 394.4923344017009, 220.01263854808008, -8.137601671501791e-05, -7.71400506134221e-05, 2.3561870130464277]","{""command_id_unavailable"": true, ""final_internal_force_setpoint_verified"": false}"
E1_on_r02_20260917T180946_1789636186200651410_aqclx4_k,1162,,,1789636187242630767,1676183327165,receipt_only_no_header,,,/ur10skku/targetF,valid,,,,,controller_reported_target,targetF,runtime_force_coordinate_unknown,,,N,,,,,,,0.0,0.0,0.0,,,not_physical_completion,"[0.0, 0.0, 0.0, 0.0, 0.0, 0.0]","{""command_id_unavailable"": true, ""final_internal_force_setpoint_verified"": false}"
E1_on_r02_20260917T180946_1789636186200651410_aqclx4_k,1166,,,1789636187242937460,1676183633748,receipt_only_no_header,,,/ur10skku/targetP,valid,,,,,controller_reported_target,targetP,robot_base,rotvec_rad,mm,,445.04495887736545,394.4923344017009,220.01263854808008,-8.137601671501791e-05,-7.71400506134221e-05,2.3561870130464277,,,,,,not_physical_completion,"[445.04495887736545, 394.4923344017009, 220.01263854808008, -8.137601671501791e-05, -7.71400506134221e-05, 2.3561870130464277]","{""command_id_unavailable"": true, ""final_internal_force_setpoint_verified"": false}"
E1_on_r02_20260917T180946_1789636186200651410_aqclx4_k,1167,,,1789636187242963901,1676183659988,receipt_only_no_header,,,/ur10skku/targetF,valid,,,,,controller_reported_target,targetF,runtime_force_coordinate_unknown,,,N,,,,,,,0.0,0.0,0.0,,,not_physical_completion,"[0.0, 0.0, 0.0, 0.0, 0.0, 0.0]","{""command_id_unavailable"": true, ""final_internal_force_setpoint_verified"": false}"
E1_on_r02_20260917T180946_1789636186200651410_aqclx4_k,1171,,,1789636187243300090,1676183996448,receipt_only_no_header,,,/ur10skku/targetP,valid,,,,,controller_reported_target,targetP,robot_base,rotvec_rad,mm,,445.04495887736545,394.4923344017009,220.01263854808008,-8.137601671501791e-05,-7.71400506134221e-05,2.3561870130464277,,,,,,not_physical_completion,"[445.04495887736545, 394.4923344017009, 220.01263854808008, -8.137601671501791e-05, -7.71400506134221e-05, 2.3561870130464277]","{""command_id_unavailable"": true, ""final_internal_force_setpoint_verified"": false}"
E1_on_r02_20260917T180946_1789636186200651410_aqclx4_k,1172,,,1789636187243329516,1676184025894,receipt_only_no_header,,,/ur10skku/targetF,valid,,,,,controller_reported_target,targetF,runtime_force_coordinate_unknown,,,N,,,,,,,0.0,0.0,0.0,,,not_physical_completion,"[0.0, 0.0, 0.0, 0.0, 0.0, 0.0]","{""command_id_unavailable"": true, ""final_internal_force_setpoint_verified"": false}"
E1_on_r02_20260917T180946_1789636186200651410_aqclx4_k,1176,,,1789636187243756008,1676184452266,receipt_only_no_header,,,/ur10skku/targetP,valid,,,,,controller_reported_target,targetP,robot_base,rotvec_rad,mm,,445.04495887736545,394.4923344017009,220.01263854808008,-8.137601671501791e-05,-7.71400506134221e-05,2.3561870130464277,,,,,,not_physical_completion,"[445.04495887736545, 394.4923344017009, 220.01263854808008, -8.137601671501791e-05, -7.71400506134221e-05, 2.3561870130464277]","{""command_id_unavailable"": true, ""final_internal_force_setpoint_verified"": false}"
E1_on_r02_20260917T180946_1789636186200651410_aqclx4_k,1177,,,1789636187243782669,1676184478886,receipt_only_no_header,,,/ur10skku/targetF,valid,,,,,controller_reported_target,targetF,runtime_force_coordinate_unknown,,,N,,,,,,,0.0,0.0,0.0,,,not_physical_completion,"[0.0, 0.0, 0.0, 0.0, 0.0, 0.0]","{""command_id_unavailable"": true, ""final_internal_force_setpoint_verified"": false}"
E1_on_r02_20260917T180946_1789636186200651410_aqclx4_k,1179,,,1789636187243921072,1676184617400,receipt_only_no_header,,,/ur10skku/targetF,valid,,,,,controller_reported_target,targetF,runtime_force_coordinate_unknown,,,N,,,,,,,0.0,0.0,0.0,,,not_physical_completion,"[0.0, 0.0, 0.0, 0.0, 0.0, 0.0]","{""command_id_unavailable"": true, ""final_internal_force_setpoint_verified"": false}"
E1_on_r02_20260917T180946_1789636186200651410_aqclx4_k,1201,,,1789636187306532063,1676247229352,receipt_only_no_header,,,/ur10skku/targetP,valid,,,,,controller_reported_target,targetP,robot_base,rotvec_rad,mm,,445.04495887736545,394.4923344017009,220.01263854808008,-8.137601671501791e-05,-7.71400506134221e-05,2.3561870130464277,,,,,,not_physical_completion,"[445.04495887736545, 394.4923344017009, 220.01263854808008, -8.137601671501791e-05, -7.71400506134221e-05, 2.3561870130464277]","{""command_id_unavailable"": true, ""final_internal_force_setpoint_verified"": false}"
E1_on_r02_20260917T180946_1789636186200651410_aqclx4_k,1202,,,1789636187306566548,1676247263257,receipt_only_no_header,,,/ur10skku/targetF,valid,,,,,controller_reported_target,targetF,runtime_force_coordinate_unknown,,,N,,,,,,,0.0,0.0,0.0,,,not_physical_completion,"[0.0, 0.0, 0.0, 0.0, 0.0, 0.0]","{""command_id_unavailable"": true, ""final_internal_force_setpoint_verified"": false}"
E1_on_r02_20260917T180946_1789636186200651410_aqclx4_k,1206,,,1789636187307178182,1676247874770,receipt_only_no_header,,,/ur10skku/targetP,valid,,,,,controller_reported_target,targetP,robot_base,rotvec_rad,mm,,445.04495887736545,394.4923344017009,220.01263854808008,-8.137601671501791e-05,-7.71400506134221e-05,2.3561870130464277,,,,,,not_physical_completion,"[445.04495887736545, 394.4923344017009, 220.01263854808008, -8.137601671501791e-05, -7.71400506134221e-05, 2.3561870130464277]","{""command_id_unavailable"": true, ""final_internal_force_setpoint_verified"": false}"
E1_on_r02_20260917T180946_1789636186200651410_aqclx4_k,1207,,,1789636187307207127,1676247903455,receipt_only_no_header,,,/ur10skku/targetF,valid,,,,,controller_reported_target,targetF,runtime_force_coordinate_unknown,,,N,,,,,,,0.0,0.0,0.0,,,not_physical_completion,"[0.0, 0.0, 0.0, 0.0, 0.0, 0.0]","{""command_id_unavailable"": true, ""final_internal_force_setpoint_verified"": false}"
E1_on_r02_20260917T180946_1789636186200651410_aqclx4_k,1226,,,1789636187340274951,1676280971479,receipt_only_no_header,,,/ur10skku/targetP,valid,,,,,controller_reported_target,targetP,robot_base,rotvec_rad,mm,,445.04495887736545,394.4923344017009,220.01263854808008,-8.137601671501791e-05,-7.71400506134221e-05,2.3561870130464277,,,,,,not_physical_completion,"[445.04495887736545, 394.4923344017009, 220.01263854808008, -8.137601671501791e-05, -7.71400506134221e-05, 2.3561870130464277]","{""command_id_unavailable"": true, ""final_internal_force_setpoint_verified"": false}"
E1_on_r02_20260917T180946_1789636186200651410_aqclx4_k,1227,,,1789636187340307954,1676281004732,receipt_only_no_header,,,/ur10skku/targetF,valid,,,,,controller_reported_target,targetF,runtime_force_coordinate_unknown,,,N,,,,,,,0.0,0.0,0.0,,,not_physical_completion,"[0.0, 0.0, 0.0, 0.0, 0.0, 0.0]","{""command_id_unavailable"": true, ""final_internal_force_setpoint_verified"": false}"
E1_on_r02_20260917T180946_1789636186200651410_aqclx4_k,1231,,,1789636187340915119,1676281611657,receipt_only_no_header,,,/ur10skku/targetP,valid,,,,,controller_reported_target,targetP,robot_base,rotvec_rad,mm,,445.04495887736545,394.4923344017009,220.01263854808008,-8.137601671501791e-05,-7.71400506134221e-05,2.3561870130464277,,,,,,not_physical_completion,"[445.04495887736545, 394.4923344017009, 220.01263854808008, -8.137601671501791e-05, -7.71400506134221e-05, 2.3561870130464277]","{""command_id_unavailable"": true, ""final_internal_force_setpoint_verified"": false}"
E1_on_r02_20260917T180946_1789636186200651410_aqclx4_k,1232,,,1789636187340943974,1676281640262,receipt_only_no_header,,,/ur10skku/targetF,valid,,,,,controller_reported_target,targetF,runtime_force_coordinate_unknown,,,N,,,,,,,0.0,0.0,0.0,,,not_physical_completion,"[0.0, 0.0, 0.0, 0.0, 0.0, 0.0]","{""command_id_unavailable"": true, ""final_internal_force_setpoint_verified"": false}"
E1_on_r02_20260917T180946_1789636186200651410_aqclx4_k,1236,,,1789636187341205211,1676281901569,receipt_only_no_header,,,/ur10skku/targetP,valid,,,,,controller_reported_target,targetP,robot_base,rotvec_rad,mm,,445.04495887736545,394.4923344017009,220.01263854808008,-8.137601671501791e-05,-7.71400506134221e-05,2.3561870130464277,,,,,,not_physical_completion,"[445.04495887736545, 394.4923344017009, 220.01263854808008, -8.137601671501791e-05, -7.71400506134221e-05, 2.3561870130464277]","{""command_id_unavailable"": true, ""final_internal_force_setpoint_verified"": false}"
E1_on_r02_20260917T180946_1789636186200651410_aqclx4_k,1237,,,1789636187341233635,1676281929783,receipt_only_no_header,,,/ur10skku/targetF,valid,,,,,controller_reported_target,targetF,runtime_force_coordinate_unknown,,,N,,,,,,,0.0,0.0,0.0,,,not_physical_completion,"[0.0, 0.0, 0.0, 0.0, 0.0, 0.0]","{""command_id_unavailable"": true, ""final_internal_force_setpoint_verified"": false}"
E1_on_r02_20260917T180946_1789636186200651410_aqclx4_k,1239,,,1789636187341591266,1676282287934,receipt_only_no_header,,,/ur10skku/targetP,valid,,,,,controller_reported_target,targetP,robot_base,rotvec_rad,mm,,445.04495887736545,394.4923344017009,220.01263854808008,-8.137601671501791e-05,-7.71400506134221e-05,2.3561870130464277,,,,,,not_physical_completion,"[445.04495887736545, 394.4923344017009, 220.01263854808008, -8.137601671501791e-05, -7.71400506134221e-05, 2.3561870130464277]","{""command_id_unavailable"": true, ""final_internal_force_setpoint_verified"": false}"
E1_on_r02_20260917T180946_1789636186200651410_aqclx4_k,1240,,,1789636187341618538,1676282314936,receipt_only_no_header,,,/ur10skku/targetF,valid,,,,,controller_reported_target,targetF,runtime_force_coordinate_unknown,,,N,,,,,,,0.0,0.0,0.0,,,not_physical_completion,"[0.0, 0.0, 0.0, 0.0, 0.0, 0.0]","{""command_id_unavailable"": true, ""final_internal_force_setpoint_verified"": false}"
E1_on_r02_20260917T180946_1789636186200651410_aqclx4_k,1244,,,1789636187341916014,1676282612251,receipt_only_no_header,,,/ur10skku/targetP,valid,,,,,controller_reported_target,targetP,robot_base,rotvec_rad,mm,,445.04495887736545,394.4923344017009,220.01263854808008,-8.137601671501791e-05,-7.71400506134221e-05,2.3561870130464277,,,,,,not_physical_completion,"[445.04495887736545, 394.4923344017009, 220.01263854808008, -8.137601671501791e-05, -7.71400506134221e-05, 2.3561870130464277]","{""command_id_unavailable"": true, ""final_internal_force_setpoint_verified"": false}"
E1_on_r02_20260917T180946_1789636186200651410_aqclx4_k,1245,,,1789636187341942594,1676282638672,receipt_only_no_header,,,/ur10skku/targetF,valid,,,,,controller_reported_target,targetF,runtime_force_coordinate_unknown,,,N,,,,,,,0.0,0.0,0.0,,,not_physical_completion,"[0.0, 0.0, 0.0, 0.0, 0.0, 0.0]","{""command_id_unavailable"": true, ""final_internal_force_setpoint_verified"": false}"
E1_on_r02_20260917T180946_1789636186200651410_aqclx4_k,1249,,,1789636187342282080,1676282978508,receipt_only_no_header,,,/ur10skku/targetP,valid,,,,,controller_reported_target,targetP,robot_base,rotvec_rad,mm,,445.04495887736545,394.4923344017009,220.01263854808008,-8.137601671501791e-05,-7.71400506134221e-05,2.3561870130464277,,,,,,not_physical_completion,"[445.04495887736545, 394.4923344017009, 220.01263854808008, -8.137601671501791e-05, -7.71400506134221e-05, 2.3561870130464277]","{""command_id_unavailable"": true, ""final_internal_force_setpoint_verified"": false}"
E1_on_r02_20260917T180946_1789636186200651410_aqclx4_k,1250,,,1789636187342311086,1676283007203,receipt_only_no_header,,,/ur10skku/targetF,valid,,,,,controller_reported_target,targetF,runtime_force_coordinate_unknown,,,N,,,,,,,0.0,0.0,0.0,,,not_physical_completion,"[0.0, 0.0, 0.0, 0.0, 0.0, 0.0]","{""command_id_unavailable"": true, ""final_internal_force_setpoint_verified"": false}"
E1_on_r02_20260917T180946_1789636186200651410_aqclx4_k,1254,,,1789636187342953147,1676283649695,receipt_only_no_header,,,/ur10skku/targetP,valid,,,,,controller_reported_target,targetP,robot_base,rotvec_rad,mm,,445.04495887736545,394.4923344017009,220.01263854808008,-8.137601671501791e-05,-7.71400506134221e-05,2.3561870130464277,,,,,,not_physical_completion,"[445.04495887736545, 394.4923344017009, 220.01263854808008, -8.137601671501791e-05, -7.71400506134221e-05, 2.3561870130464277]","{""command_id_unavailable"": true, ""final_internal_force_setpoint_verified"": false}"
E1_on_r02_20260917T180946_1789636186200651410_aqclx4_k,1255,,,1789636187342979748,1676283675995,receipt_only_no_header,,,/ur10skku/targetF,valid,,,,,controller_reported_target,targetF,runtime_force_coordinate_unknown,,,N,,,,,,,0.0,0.0,0.0,,,not_physical_completion,"[0.0, 0.0, 0.0, 0.0, 0.0, 0.0]","{""command_id_unavailable"": true, ""final_internal_force_setpoint_verified"": false}"
E1_on_r02_20260917T180946_1789636186200651410_aqclx4_k,1259,,,1789636187343267495,1676283963833,receipt_only_no_header,,,/ur10skku/targetP,valid,,,,,controller_reported_target,targetP,robot_base,rotvec_rad,mm,,445.04495887736545,394.4923344017009,220.01263854808008,-8.137601671501791e-05,-7.71400506134221e-05,2.3561870130464277,,,,,,not_physical_completion,"[445.04495887736545, 394.4923344017009, 220.01263854808008, -8.137601671501791e-05, -7.71400506134221e-05, 2.3561870130464277]","{""command_id_unavailable"": true, ""final_internal_force_setpoint_verified"": false}"
E1_on_r02_20260917T180946_1789636186200651410_aqclx4_k,1260,,,1789636187343293315,1676283989472,receipt_only_no_header,,,/ur10skku/targetF,valid,,,,,controller_reported_target,targetF,runtime_force_coordinate_unknown,,,N,,,,,,,0.0,0.0,0.0,,,not_physical_completion,"[0.0, 0.0, 0.0, 0.0, 0.0, 0.0]","{""command_id_unavailable"": true, ""final_internal_force_setpoint_verified"": false}"
E1_on_r02_20260917T180946_1789636186200651410_aqclx4_k,1264,,,1789636187343726799,1676284423107,receipt_only_no_header,,,/ur10skku/targetP,valid,,,,,controller_reported_target,targetP,robot_base,rotvec_rad,mm,,445.04495887736545,394.4923344017009,220.01263854808008,-8.137601671501791e-05,-7.71400506134221e-05,2.3561870130464277,,,,,,not_physical_completion,"[445.04495887736545, 394.4923344017009, 220.01263854808008, -8.137601671501791e-05, -7.71400506134221e-05, 2.3561870130464277]","{""command_id_unavailable"": true, ""final_internal_force_setpoint_verified"": false}"
E1_on_r02_20260917T180946_1789636186200651410_aqclx4_k,1265,,,1789636187343753150,1676284449347,receipt_only_no_header,,,/ur10skku/targetF,valid,,,,,controller_reported_target,targetF,runtime_force_coordinate_unknown,,,N,,,,,,,0.0,0.0,0.0,,,not_physical_completion,"[0.0, 0.0, 0.0, 0.0, 0.0, 0.0]","{""command_id_unavailable"": true, ""final_internal_force_setpoint_verified"": false}"
E1_on_r02_20260917T180946_1789636186200651410_aqclx4_k,1269,,,1789636187344120609,1676284816886,receipt_only_no_header,,,/ur10skku/targetP,valid,,,,,controller_reported_target,targetP,robot_base,rotvec_rad,mm,,445.04495887736545,394.4923344017009,220.01263854808008,-8.137601671501791e-05,-7.71400506134221e-05,2.3561870130464277,,,,,,not_physical_completion,"[445.04495887736545, 394.4923344017009, 220.01263854808008, -8.137601671501791e-05, -7.71400506134221e-05, 2.3561870130464277]","{""command_id_unavailable"": true, ""final_internal_force_setpoint_verified"": false}"
E1_on_r02_20260917T180946_1789636186200651410_aqclx4_k,1270,,,1789636187344146177,1676284842245,receipt_only_no_header,,,/ur10skku/targetF,valid,,,,,controller_reported_target,targetF,runtime_force_coordinate_unknown,,,N,,,,,,,0.0,0.0,0.0,,,not_physical_completion,"[0.0, 0.0, 0.0, 0.0, 0.0, 0.0]","{""command_id_unavailable"": true, ""final_internal_force_setpoint_verified"": false}"
E1_on_r02_20260917T180946_1789636186200651410_aqclx4_k,1274,,,1789636187344568050,1676285264248,receipt_only_no_header,,,/ur10skku/targetP,valid,,,,,controller_reported_target,targetP,robot_base,rotvec_rad,mm,,445.04495887736545,394.4923344017009,220.01263854808008,-8.137601671501791e-05,-7.71400506134221e-05,2.3561870130464277,,,,,,not_physical_completion,"[445.04495887736545, 394.4923344017009, 220.01263854808008, -8.137601671501791e-05, -7.71400506134221e-05, 2.3561870130464277]","{""command_id_unavailable"": true, ""final_internal_force_setpoint_verified"": false}"
E1_on_r02_20260917T180946_1789636186200651410_aqclx4_k,1275,,,1789636187344593749,1676285289916,receipt_only_no_header,,,/ur10skku/targetF,valid,,,,,controller_reported_target,targetF,runtime_force_coordinate_unknown,,,N,,,,,,,0.0,0.0,0.0,,,not_physical_completion,"[0.0, 0.0, 0.0, 0.0, 0.0, 0.0]","{""command_id_unavailable"": true, ""final_internal_force_setpoint_verified"": false}"
E1_on_r02_20260917T180946_1789636186200651410_aqclx4_k,1296,,,1789636187371346616,1676312043044,receipt_only_no_header,,,/ur10skku/targetP,valid,,,,,controller_reported_target,targetP,robot_base,rotvec_rad,mm,,445.04495887736545,394.4923344017009,220.01263854808008,-8.137601671501791e-05,-7.71400506134221e-05,2.3561870130464277,,,,,,not_physical_completion,"[445.04495887736545, 394.4923344017009, 220.01263854808008, -8.137601671501791e-05, -7.71400506134221e-05, 2.3561870130464277]","{""command_id_unavailable"": true, ""final_internal_force_setpoint_verified"": false}"
E1_on_r02_20260917T180946_1789636186200651410_aqclx4_k,1297,,,1789636187371376123,1676312072330,receipt_only_no_header,,,/ur10skku/targetF,valid,,,,,controller_reported_target,targetF,runtime_force_coordinate_unknown,,,N,,,,,,,0.0,0.0,0.0,,,not_physical_completion,"[0.0, 0.0, 0.0, 0.0, 0.0, 0.0]","{""command_id_unavailable"": true, ""final_internal_force_setpoint_verified"": false}"
E1_on_r02_20260917T180946_1789636186200651410_aqclx4_k,1301,,,1789636187371966957,1676312663264,receipt_only_no_header,,,/ur10skku/targetP,valid,,,,,controller_reported_target,targetP,robot_base,rotvec_rad,mm,,445.04495887736545,394.4923344017009,220.01263854808008,-8.137601671501791e-05,-7.71400506134221e-05,2.3561870130464277,,,,,,not_physical_completion,"[445.04495887736545, 394.4923344017009, 220.01263854808008, -8.137601671501791e-05, -7.71400506134221e-05, 2.3561870130464277]","{""command_id_unavailable"": true, ""final_internal_force_setpoint_verified"": false}"
E1_on_r02_20260917T180946_1789636186200651410_aqclx4_k,1302,,,1789636187371995571,1676312691759,receipt_only_no_header,,,/ur10skku/targetF,valid,,,,,controller_reported_target,targetF,runtime_force_coordinate_unknown,,,N,,,,,,,0.0,0.0,0.0,,,not_physical_completion,"[0.0, 0.0, 0.0, 0.0, 0.0, 0.0]","{""command_id_unavailable"": true, ""final_internal_force_setpoint_verified"": false}"
E1_on_r02_20260917T180946_1789636186200651410_aqclx4_k,1304,,,1789636187372295141,1676312991609,receipt_only_no_header,,,/ur10skku/targetP,valid,,,,,controller_reported_target,targetP,robot_base,rotvec_rad,mm,,445.04495887736545,394.4923344017009,220.01263854808008,-8.137601671501791e-05,-7.71400506134221e-05,2.3561870130464277,,,,,,not_physical_completion,"[445.04495887736545, 394.4923344017009, 220.01263854808008, -8.137601671501791e-05, -7.71400506134221e-05, 2.3561870130464277]","{""command_id_unavailable"": true, ""final_internal_force_setpoint_verified"": false}"
E1_on_r02_20260917T180946_1789636186200651410_aqclx4_k,1305,,,1789636187372328845,1676313025223,receipt_only_no_header,,,/ur10skku/targetF,valid,,,,,controller_reported_target,targetF,runtime_force_coordinate_unknown,,,N,,,,,,,0.0,0.0,0.0,,,not_physical_completion,"[0.0, 0.0, 0.0, 0.0, 0.0, 0.0]","{""command_id_unavailable"": true, ""final_internal_force_setpoint_verified"": false}"
E1_on_r02_20260917T180946_1789636186200651410_aqclx4_k,1307,,,1789636187372606955,1676313304715,receipt_only_no_header,,,/ur10skku/targetP,valid,,,,,controller_reported_target,targetP,robot_base,rotvec_rad,mm,,445.04495887736545,394.4923344017009,220.01263854808008,-8.137601671501791e-05,-7.71400506134221e-05,2.3561870130464277,,,,,,not_physical_completion,"[445.04495887736545, 394.4923344017009, 220.01263854808008, -8.137601671501791e-05, -7.71400506134221e-05, 2.3561870130464277]","{""command_id_unavailable"": true, ""final_internal_force_setpoint_verified"": false}"
E1_on_r02_20260917T180946_1789636186200651410_aqclx4_k,1308,,,1789636187372662060,1676313359359,receipt_only_no_header,,,/ur10skku/targetF,valid,,,,,controller_reported_target,targetF,runtime_force_coordinate_unknown,,,N,,,,,,,0.0,0.0,0.0,,,not_physical_completion,"[0.0, 0.0, 0.0, 0.0, 0.0, 0.0]","{""command_id_unavailable"": true, ""final_internal_force_setpoint_verified"": false}"
E1_on_r02_20260917T180946_1789636186200651410_aqclx4_k,1338,,,1789636187437285710,1676377982408,receipt_only_no_header,,,/ur10skku/targetP,valid,,,,,controller_reported_target,targetP,robot_base,rotvec_rad,mm,,445.04495887736545,394.4923344017009,220.01263854808008,-8.137601671501791e-05,-7.71400506134221e-05,2.3561870130464277,,,,,,not_physical_completion,"[445.04495887736545, 394.4923344017009, 220.01263854808008, -8.137601671501791e-05, -7.71400506134221e-05, 2.3561870130464277]","{""command_id_unavailable"": true, ""final_internal_force_setpoint_verified"": false}"
E1_on_r02_20260917T180946_1789636186200651410_aqclx4_k,1339,,,1789636187437323231,1676378019699,receipt_only_no_header,,,/ur10skku/targetF,valid,,,,,controller_reported_target,targetF,runtime_force_coordinate_unknown,,,N,,,,,,,0.0,0.0,0.0,,,not_physical_completion,"[0.0, 0.0, 0.0, 0.0, 0.0, 0.0]","{""command_id_unavailable"": true, ""final_internal_force_setpoint_verified"": false}"
E1_on_r02_20260917T180946_1789636186200651410_aqclx4_k,1343,,,1789636187437788557,1676378485325,receipt_only_no_header,,,/ur10skku/targetP,valid,,,,,controller_reported_target,targetP,robot_base,rotvec_rad,mm,,445.04495887736545,394.4923344017009,220.01263854808008,-8.137601671501791e-05,-7.71400506134221e-05,2.3561870130464277,,,,,,not_physical_completion,"[445.04495887736545, 394.4923344017009, 220.01263854808008, -8.137601671501791e-05, -7.71400506134221e-05, 2.3561870130464277]","{""command_id_unavailable"": true, ""final_internal_force_setpoint_verified"": false}"
E1_on_r02_20260917T180946_1789636186200651410_aqclx4_k,1344,,,1789636187437820818,1676378517266,receipt_only_no_header,,,/ur10skku/targetF,valid,,,,,controller_reported_target,targetF,runtime_force_coordinate_unknown,,,N,,,,,,,0.0,0.0,0.0,,,not_physical_completion,"[0.0, 0.0, 0.0, 0.0, 0.0, 0.0]","{""command_id_unavailable"": true, ""final_internal_force_setpoint_verified"": false}"
E1_on_r02_20260917T180946_1789636186200651410_aqclx4_k,1348,,,1789636187438211471,1676378907879,receipt_only_no_header,,,/ur10skku/targetP,valid,,,,,controller_reported_target,targetP,robot_base,rotvec_rad,mm,,445.04495887736545,394.4923344017009,220.01263854808008,-8.137601671501791e-05,-7.71400506134221e-05,2.3561870130464277,,,,,,not_physical_completion,"[445.04495887736545, 394.4923344017009, 220.01263854808008, -8.137601671501791e-05, -7.71400506134221e-05, 2.3561870130464277]","{""command_id_unavailable"": true, ""final_internal_force_setpoint_verified"": false}"
E1_on_r02_20260917T180946_1789636186200651410_aqclx4_k,1349,,,1789636187438240917,1676378937175,receipt_only_no_header,,,/ur10skku/targetF,valid,,,,,controller_reported_target,targetF,runtime_force_coordinate_unknown,,,N,,,,,,,0.0,0.0,0.0,,,not_physical_completion,"[0.0, 0.0, 0.0, 0.0, 0.0, 0.0]","{""command_id_unavailable"": true, ""final_internal_force_setpoint_verified"": false}"
E1_on_r02_20260917T180946_1789636186200651410_aqclx4_k,1351,,,1789636187438397245,1676379093623,receipt_only_no_header,,,/ur10skku/targetP,valid,,,,,controller_reported_target,targetP,robot_base,rotvec_rad,mm,,445.04495887736545,394.4923344017009,220.01263854808008,-8.137601671501791e-05,-7.71400506134221e-05,2.3561870130464277,,,,,,not_physical_completion,"[445.04495887736545, 394.4923344017009, 220.01263854808008, -8.137601671501791e-05, -7.71400506134221e-05, 2.3561870130464277]","{""command_id_unavailable"": true, ""final_internal_force_setpoint_verified"": false}"
E1_on_r02_20260917T180946_1789636186200651410_aqclx4_k,1352,,,1789636187438425018,1676379121265,receipt_only_no_header,,,/ur10skku/targetF,valid,,,,,controller_reported_target,targetF,runtime_force_coordinate_unknown,,,N,,,,,,,0.0,0.0,0.0,,,not_physical_completion,"[0.0, 0.0, 0.0, 0.0, 0.0, 0.0]","{""command_id_unavailable"": true, ""final_internal_force_setpoint_verified"": false}"
E1_on_r02_20260917T180946_1789636186200651410_aqclx4_k,1369,,,1789636187471020092,1676411716380,receipt_only_no_header,,,/ur10skku/targetP,valid,,,,,controller_reported_target,targetP,robot_base,rotvec_rad,mm,,445.04495887736545,394.4923344017009,220.01263854808008,-8.137601671501791e-05,-7.71400506134221e-05,2.3561870130464277,,,,,,not_physical_completion,"[445.04495887736545, 394.4923344017009, 220.01263854808008, -8.137601671501791e-05, -7.71400506134221e-05, 2.3561870130464277]","{""command_id_unavailable"": true, ""final_internal_force_setpoint_verified"": false}"
E1_on_r02_20260917T180946_1789636186200651410_aqclx4_k,1370,,,1789636187471049598,1676411745756,receipt_only_no_header,,,/ur10skku/targetF,valid,,,,,controller_reported_target,targetF,runtime_force_coordinate_unknown,,,N,,,,,,,0.0,0.0,0.0,,,not_physical_completion,"[0.0, 0.0, 0.0, 0.0, 0.0, 0.0]","{""command_id_unavailable"": true, ""final_internal_force_setpoint_verified"": false}"
E1_on_r02_20260917T180946_1789636186200651410_aqclx4_k,1376,,,1789636187471629552,1676412325920,receipt_only_no_header,,,/ur10skku/targetP,valid,,,,,controller_reported_target,targetP,robot_base,rotvec_rad,mm,,445.04495887736545,394.4923344017009,220.01263854808008,-8.137601671501791e-05,-7.71400506134221e-05,2.3561870130464277,,,,,,not_physical_completion,"[445.04495887736545, 394.4923344017009, 220.01263854808008, -8.137601671501791e-05, -7.71400506134221e-05, 2.3561870130464277]","{""command_id_unavailable"": true, ""final_internal_force_setpoint_verified"": false}"
E1_on_r02_20260917T180946_1789636186200651410_aqclx4_k,1377,,,1789636187471658888,1676412355125,receipt_only_no_header,,,/ur10skku/targetF,valid,,,,,controller_reported_target,targetF,runtime_force_coordinate_unknown,,,N,,,,,,,0.0,0.0,0.0,,,not_physical_completion,"[0.0, 0.0, 0.0, 0.0, 0.0, 0.0]","{""command_id_unavailable"": true, ""final_internal_force_setpoint_verified"": false}"
E1_on_r02_20260917T180946_1789636186200651410_aqclx4_k,1381,,,1789636187472159330,1676412855708,receipt_only_no_header,,,/ur10skku/targetP,valid,,,,,controller_reported_target,targetP,robot_base,rotvec_rad,mm,,445.04495887736545,394.4923344017009,220.01263854808008,-8.137601671501791e-05,-7.71400506134221e-05,2.3561870130464277,,,,,,not_physical_completion,"[445.04495887736545, 394.4923344017009, 220.01263854808008, -8.137601671501791e-05, -7.71400506134221e-05, 2.3561870130464277]","{""command_id_unavailable"": true, ""final_internal_force_setpoint_verified"": false}"
E1_on_r02_20260917T180946_1789636186200651410_aqclx4_k,1382,,,1789636187472188566,1676412884643,receipt_only_no_header,,,/ur10skku/targetF,valid,,,,,controller_reported_target,targetF,runtime_force_coordinate_unknown,,,N,,,,,,,0.0,0.0,0.0,,,not_physical_completion,"[0.0, 0.0, 0.0, 0.0, 0.0, 0.0]","{""command_id_unavailable"": true, ""final_internal_force_setpoint_verified"": false}"
E1_on_r02_20260917T180946_1789636186200651410_aqclx4_k,1386,,,1789636187472522040,1676413218648,receipt_only_no_header,,,/ur10skku/targetP,valid,,,,,controller_reported_target,targetP,robot_base,rotvec_rad,mm,,445.04495887736545,394.4923344017009,220.01263854808008,-8.137601671501791e-05,-7.71400506134221e-05,2.3561870130464277,,,,,,not_physical_completion,"[445.04495887736545, 394.4923344017009, 220.01263854808008, -8.137601671501791e-05, -7.71400506134221e-05, 2.3561870130464277]","{""command_id_unavailable"": true, ""final_internal_force_setpoint_verified"": false}"
E1_on_r02_20260917T180946_1789636186200651410_aqclx4_k,1387,,,1789636187472552127,1676413248245,receipt_only_no_header,,,/ur10skku/targetF,valid,,,,,controller_reported_target,targetF,runtime_force_coordinate_unknown,,,N,,,,,,,0.0,0.0,0.0,,,not_physical_completion,"[0.0, 0.0, 0.0, 0.0, 0.0, 0.0]","{""command_id_unavailable"": true, ""final_internal_force_setpoint_verified"": false}"
E1_on_r02_20260917T180946_1789636186200651410_aqclx4_k,1391,,,1789636187473100741,1676413797830,receipt_only_no_header,,,/ur10skku/targetP,valid,,,,,controller_reported_target,targetP,robot_base,rotvec_rad,mm,,445.04495887736545,394.4923344017009,220.01263854808008,-8.137601671501791e-05,-7.71400506134221e-05,2.3561870130464277,,,,,,not_physical_completion,"[445.04495887736545, 394.4923344017009, 220.01263854808008, -8.137601671501791e-05, -7.71400506134221e-05, 2.3561870130464277]","{""command_id_unavailable"": true, ""final_internal_force_setpoint_verified"": false}"
E1_on_r02_20260917T180946_1789636186200651410_aqclx4_k,1392,,,1789636187473131931,1676413828298,receipt_only_no_header,,,/ur10skku/targetF,valid,,,,,controller_reported_target,targetF,runtime_force_coordinate_unknown,,,N,,,,,,,0.0,0.0,0.0,,,not_physical_completion,"[0.0, 0.0, 0.0, 0.0, 0.0, 0.0]","{""command_id_unavailable"": true, ""final_internal_force_setpoint_verified"": false}"
E1_on_r02_20260917T180946_1789636186200651410_aqclx4_k,1396,,,1789636187473513356,1676414209985,receipt_only_no_header,,,/ur10skku/targetP,valid,,,,,controller_reported_target,targetP,robot_base,rotvec_rad,mm,,445.04495887736545,394.4923344017009,220.01263854808008,-8.137601671501791e-05,-7.71400506134221e-05,2.3561870130464277,,,,,,not_physical_completion,"[445.04495887736545, 394.4923344017009, 220.01263854808008, -8.137601671501791e-05, -7.71400506134221e-05, 2.3561870130464277]","{""command_id_unavailable"": true, ""final_internal_force_setpoint_verified"": false}"
E1_on_r02_20260917T180946_1789636186200651410_aqclx4_k,1397,,,1789636187473541700,1676414237928,receipt_only_no_header,,,/ur10skku/targetF,valid,,,,,controller_reported_target,targetF,runtime_force_coordinate_unknown,,,N,,,,,,,0.0,0.0,0.0,,,not_physical_completion,"[0.0, 0.0, 0.0, 0.0, 0.0, 0.0]","{""command_id_unavailable"": true, ""final_internal_force_setpoint_verified"": false}"
E1_on_r02_20260917T180946_1789636186200651410_aqclx4_k,1400,,,1789636187473923818,1676414620275,receipt_only_no_header,,,/ur10skku/targetP,valid,,,,,controller_reported_target,targetP,robot_base,rotvec_rad,mm,,445.04495887736545,394.4923344017009,220.01263854808008,-8.137601671501791e-05,-7.71400506134221e-05,2.3561870130464277,,,,,,not_physical_completion,"[445.04495887736545, 394.4923344017009, 220.01263854808008, -8.137601671501791e-05, -7.71400506134221e-05, 2.3561870130464277]","{""command_id_unavailable"": true, ""final_internal_force_setpoint_verified"": false}"
E1_on_r02_20260917T180946_1789636186200651410_aqclx4_k,1401,,,1789636187473951881,1676414648158,receipt_only_no_header,,,/ur10skku/targetF,valid,,,,,controller_reported_target,targetF,runtime_force_coordinate_unknown,,,N,,,,,,,0.0,0.0,0.0,,,not_physical_completion,"[0.0, 0.0, 0.0, 0.0, 0.0, 0.0]","{""command_id_unavailable"": true, ""final_internal_force_setpoint_verified"": false}"
E1_on_r02_20260917T180946_1789636186200651410_aqclx4_k,1404,,,1789636187474262282,1676414958699,receipt_only_no_header,,,/ur10skku/targetP,valid,,,,,controller_reported_target,targetP,robot_base,rotvec_rad,mm,,445.04495887736545,394.4923344017009,220.01263854808008,-8.137601671501791e-05,-7.71400506134221e-05,2.3561870130464277,,,,,,not_physical_completion,"[445.04495887736545, 394.4923344017009, 220.01263854808008, -8.137601671501791e-05, -7.71400506134221e-05, 2.3561870130464277]","{""command_id_unavailable"": true, ""final_internal_force_setpoint_verified"": false}"
E1_on_r02_20260917T180946_1789636186200651410_aqclx4_k,1405,,,1789636187474289373,1676414985500,receipt_only_no_header,,,/ur10skku/targetF,valid,,,,,controller_reported_target,targetF,runtime_force_coordinate_unknown,,,N,,,,,,,0.0,0.0,0.0,,,not_physical_completion,"[0.0, 0.0, 0.0, 0.0, 0.0, 0.0]","{""command_id_unavailable"": true, ""final_internal_force_setpoint_verified"": false}"
E1_on_r02_20260917T180946_1789636186200651410_aqclx4_k,1430,,,1789636187535628804,1676476328578,receipt_only_no_header,,,/ur10skku/targetP,valid,,,,,controller_reported_target,targetP,robot_base,rotvec_rad,mm,,445.04495887736545,394.4923344017009,220.01263854808008,-8.137601671501791e-05,-7.71400506134221e-05,2.3561870130464277,,,,,,not_physical_completion,"[445.04495887736545, 394.4923344017009, 220.01263854808008, -8.137601671501791e-05, -7.71400506134221e-05, 2.3561870130464277]","{""command_id_unavailable"": true, ""final_internal_force_setpoint_verified"": false}"
E1_on_r02_20260917T180946_1789636186200651410_aqclx4_k,1435,,,1789636187536413457,1676477111478,receipt_only_no_header,,,/ur10skku/targetP,valid,,,,,controller_reported_target,targetP,robot_base,rotvec_rad,mm,,445.04495887736545,394.4923344017009,220.01263854808008,-8.137601671501791e-05,-7.71400506134221e-05,2.3561870130464277,,,,,,not_physical_completion,"[445.04495887736545, 394.4923344017009, 220.01263854808008, -8.137601671501791e-05, -7.71400506134221e-05, 2.3561870130464277]","{""command_id_unavailable"": true, ""final_internal_force_setpoint_verified"": false}"
E1_on_r02_20260917T180946_1789636186200651410_aqclx4_k,1436,,,1789636187536468883,1676477166673,receipt_only_no_header,,,/ur10skku/targetF,valid,,,,,controller_reported_target,targetF,runtime_force_coordinate_unknown,,,N,,,,,,,0.0,0.0,0.0,,,not_physical_completion,"[0.0, 0.0, 0.0, 0.0, 0.0, 0.0]","{""command_id_unavailable"": true, ""final_internal_force_setpoint_verified"": false}"
E1_on_r02_20260917T180946_1789636186200651410_aqclx4_k,1442,,,1789636187537250199,1676477946597,receipt_only_no_header,,,/ur10skku/targetP,valid,,,,,controller_reported_target,targetP,robot_base,rotvec_rad,mm,,445.04495887736545,394.4923344017009,220.01263854808008,-8.137601671501791e-05,-7.71400506134221e-05,2.3561870130464277,,,,,,not_physical_completion,"[445.04495887736545, 394.4923344017009, 220.01263854808008, -8.137601671501791e-05, -7.71400506134221e-05, 2.3561870130464277]","{""command_id_unavailable"": true, ""final_internal_force_setpoint_verified"": false}"
E1_on_r02_20260917T180946_1789636186200651410_aqclx4_k,1443,,,1789636187537278623,1676477974911,receipt_only_no_header,,,/ur10skku/targetF,valid,,,,,controller_reported_target,targetF,runtime_force_coordinate_unknown,,,N,,,,,,,0.0,0.0,0.0,,,not_physical_completion,"[0.0, 0.0, 0.0, 0.0, 0.0, 0.0]","{""command_id_unavailable"": true, ""final_internal_force_setpoint_verified"": false}"
E1_on_r02_20260917T180946_1789636186200651410_aqclx4_k,1449,,,1789636187537837767,1676478534075,receipt_only_no_header,,,/ur10skku/targetP,valid,,,,,controller_reported_target,targetP,robot_base,rotvec_rad,mm,,445.04495887736545,394.4923344017009,220.01263854808008,-8.137601671501791e-05,-7.71400506134221e-05,2.3561870130464277,,,,,,not_physical_completion,"[445.04495887736545, 394.4923344017009, 220.01263854808008, -8.137601671501791e-05, -7.71400506134221e-05, 2.3561870130464277]","{""command_id_unavailable"": true, ""final_internal_force_setpoint_verified"": false}"
E1_on_r02_20260917T180946_1789636186200651410_aqclx4_k,1450,,,1789636187537865440,1676478561637,receipt_only_no_header,,,/ur10skku/targetF,valid,,,,,controller_reported_target,targetF,runtime_force_coordinate_unknown,,,N,,,,,,,0.0,0.0,0.0,,,not_physical_completion,"[0.0, 0.0, 0.0, 0.0, 0.0, 0.0]","{""command_id_unavailable"": true, ""final_internal_force_setpoint_verified"": false}"
E1_on_r02_20260917T180946_1789636186200651410_aqclx4_k,1456,,,1789636187538399637,1676479095904,receipt_only_no_header,,,/ur10skku/targetP,valid,,,,,controller_reported_target,targetP,robot_base,rotvec_rad,mm,,445.04495887736545,394.4923344017009,220.01263854808008,-8.137601671501791e-05,-7.71400506134221e-05,2.3561870130464277,,,,,,not_physical_completion,"[445.04495887736545, 394.4923344017009, 220.01263854808008, -8.137601671501791e-05, -7.71400506134221e-05, 2.3561870130464277]","{""command_id_unavailable"": true, ""final_internal_force_setpoint_verified"": false}"
E1_on_r02_20260917T180946_1789636186200651410_aqclx4_k,1457,,,1789636187538427199,1676479123336,receipt_only_no_header,,,/ur10skku/targetF,valid,,,,,controller_reported_target,targetF,runtime_force_coordinate_unknown,,,N,,,,,,,0.0,0.0,0.0,,,not_physical_completion,"[0.0, 0.0, 0.0, 0.0, 0.0, 0.0]","{""command_id_unavailable"": true, ""final_internal_force_setpoint_verified"": false}"
E1_on_r02_20260917T180946_1789636186200651410_aqclx4_k,1461,,,1789636187538745695,1676479442053,receipt_only_no_header,,,/ur10skku/targetP,valid,,,,,controller_reported_target,targetP,robot_base,rotvec_rad,mm,,445.04495887736545,394.4923344017009,220.01263854808008,-8.137601671501791e-05,-7.71400506134221e-05,2.3561870130464277,,,,,,not_physical_completion,"[445.04495887736545, 394.4923344017009, 220.01263854808008, -8.137601671501791e-05, -7.71400506134221e-05, 2.3561870130464277]","{""command_id_unavailable"": true, ""final_internal_force_setpoint_verified"": false}"
E1_on_r02_20260917T180946_1789636186200651410_aqclx4_k,1462,,,1789636187538773518,1676479469715,receipt_only_no_header,,,/ur10skku/targetF,valid,,,,,controller_reported_target,targetF,runtime_force_coordinate_unknown,,,N,,,,,,,0.0,0.0,0.0,,,not_physical_completion,"[0.0, 0.0, 0.0, 0.0, 0.0, 0.0]","{""command_id_unavailable"": true, ""final_internal_force_setpoint_verified"": false}"
E1_on_r02_20260917T180946_1789636186200651410_aqclx4_k,1466,,,1789636187539183688,1676479879936,receipt_only_no_header,,,/ur10skku/targetP,valid,,,,,controller_reported_target,targetP,robot_base,rotvec_rad,mm,,445.04495887736545,394.4923344017009,220.01263854808008,-8.137601671501791e-05,-7.71400506134221e-05,2.3561870130464277,,,,,,not_physical_completion,"[445.04495887736545, 394.4923344017009, 220.01263854808008, -8.137601671501791e-05, -7.71400506134221e-05, 2.3561870130464277]","{""command_id_unavailable"": true, ""final_internal_force_setpoint_verified"": false}"
E1_on_r02_20260917T180946_1789636186200651410_aqclx4_k,1467,,,1789636187539211521,1676479907709,receipt_only_no_header,,,/ur10skku/targetF,valid,,,,,controller_reported_target,targetF,runtime_force_coordinate_unknown,,,N,,,,,,,0.0,0.0,0.0,,,not_physical_completion,"[0.0, 0.0, 0.0, 0.0, 0.0, 0.0]","{""command_id_unavailable"": true, ""final_internal_force_setpoint_verified"": false}"
E1_on_r02_20260917T180946_1789636186200651410_aqclx4_k,1471,,,1789636187539871878,1676480568366,receipt_only_no_header,,,/ur10skku/targetP,valid,,,,,controller_reported_target,targetP,robot_base,rotvec_rad,mm,,445.04495887736545,394.4923344017009,220.01263854808008,-8.137601671501791e-05,-7.71400506134221e-05,2.3561870130464277,,,,,,not_physical_completion,"[445.04495887736545, 394.4923344017009, 220.01263854808008, -8.137601671501791e-05, -7.71400506134221e-05, 2.3561870130464277]","{""command_id_unavailable"": true, ""final_internal_force_setpoint_verified"": false}"
E1_on_r02_20260917T180946_1789636186200651410_aqclx4_k,1472,,,1789636187539903168,1676480599455,receipt_only_no_header,,,/ur10skku/targetF,valid,,,,,controller_reported_target,targetF,runtime_force_coordinate_unknown,,,N,,,,,,,0.0,0.0,0.0,,,not_physical_completion,"[0.0, 0.0, 0.0, 0.0, 0.0, 0.0]","{""command_id_unavailable"": true, ""final_internal_force_setpoint_verified"": false}"
E1_on_r02_20260917T180946_1789636186200651410_aqclx4_k,1476,,,1789636187540800535,1676481496923,receipt_only_no_header,,,/ur10skku/targetP,valid,,,,,controller_reported_target,targetP,robot_base,rotvec_rad,mm,,445.04495887736545,394.4923344017009,220.01263854808008,-8.137601671501791e-05,-7.71400506134221e-05,2.3561870130464277,,,,,,not_physical_completion,"[445.04495887736545, 394.4923344017009, 220.01263854808008, -8.137601671501791e-05, -7.71400506134221e-05, 2.3561870130464277]","{""command_id_unavailable"": true, ""final_internal_force_setpoint_verified"": false}"
E1_on_r02_20260917T180946_1789636186200651410_aqclx4_k,1477,,,1789636187540828108,1676481524355,receipt_only_no_header,,,/ur10skku/targetF,valid,,,,,controller_reported_target,targetF,runtime_force_coordinate_unknown,,,N,,,,,,,0.0,0.0,0.0,,,not_physical_completion,"[0.0, 0.0, 0.0, 0.0, 0.0, 0.0]","{""command_id_unavailable"": true, ""final_internal_force_setpoint_verified"": false}"
E1_on_r02_20260917T180946_1789636186200651410_aqclx4_k,1480,,,1789636187541067663,1676481763871,receipt_only_no_header,,,/ur10skku/targetP,valid,,,,,controller_reported_target,targetP,robot_base,rotvec_rad,mm,,445.04495887736545,394.4923344017009,220.01263854808008,-8.137601671501791e-05,-7.71400506134221e-05,2.3561870130464277,,,,,,not_physical_completion,"[445.04495887736545, 394.4923344017009, 220.01263854808008, -8.137601671501791e-05, -7.71400506134221e-05, 2.3561870130464277]","{""command_id_unavailable"": true, ""final_internal_force_setpoint_verified"": false}"
E1_on_r02_20260917T180946_1789636186200651410_aqclx4_k,1481,,,1789636187541094064,1676481790211,receipt_only_no_header,,,/ur10skku/targetF,valid,,,,,controller_reported_target,targetF,runtime_force_coordinate_unknown,,,N,,,,,,,0.0,0.0,0.0,,,not_physical_completion,"[0.0, 0.0, 0.0, 0.0, 0.0, 0.0]","{""command_id_unavailable"": true, ""final_internal_force_setpoint_verified"": false}"
E1_on_r02_20260917T180946_1789636186200651410_aqclx4_k,1498,,,1789636187569296058,1676509995121,receipt_only_no_header,,,/ur10skku/targetF,valid,,,,,controller_reported_target,targetF,runtime_force_coordinate_unknown,,,N,,,,,,,0.0,0.0,0.0,,,not_physical_completion,"[0.0, 0.0, 0.0, 0.0, 0.0, 0.0]","{""command_id_unavailable"": true, ""final_internal_force_setpoint_verified"": false}"
E1_on_r02_20260917T180946_1789636186200651410_aqclx4_k,1503,,,1789636187569979329,1676510676237,receipt_only_no_header,,,/ur10skku/targetP,valid,,,,,controller_reported_target,targetP,robot_base,rotvec_rad,mm,,445.04495887736545,394.4923344017009,220.01263854808008,-8.137601671501791e-05,-7.71400506134221e-05,2.3561870130464277,,,,,,not_physical_completion,"[445.04495887736545, 394.4923344017009, 220.01263854808008, -8.137601671501791e-05, -7.71400506134221e-05, 2.3561870130464277]","{""command_id_unavailable"": true, ""final_internal_force_setpoint_verified"": false}"
E1_on_r02_20260917T180946_1789636186200651410_aqclx4_k,1504,,,1789636187570010317,1676510706445,receipt_only_no_header,,,/ur10skku/targetF,valid,,,,,controller_reported_target,targetF,runtime_force_coordinate_unknown,,,N,,,,,,,0.0,0.0,0.0,,,not_physical_completion,"[0.0, 0.0, 0.0, 0.0, 0.0, 0.0]","{""command_id_unavailable"": true, ""final_internal_force_setpoint_verified"": false}"
E1_on_r02_20260917T180946_1789636186200651410_aqclx4_k,1508,,,1789636187570606312,1676511302669,receipt_only_no_header,,,/ur10skku/targetP,valid,,,,,controller_reported_target,targetP,robot_base,rotvec_rad,mm,,445.04495887736545,394.4923344017009,220.01263854808008,-8.137601671501791e-05,-7.71400506134221e-05,2.3561870130464277,,,,,,not_physical_completion,"[445.04495887736545, 394.4923344017009, 220.01263854808008, -8.137601671501791e-05, -7.71400506134221e-05, 2.3561870130464277]","{""command_id_unavailable"": true, ""final_internal_force_setpoint_verified"": false}"
E1_on_r02_20260917T180946_1789636186200651410_aqclx4_k,1509,,,1789636187570633343,1676511329611,receipt_only_no_header,,,/ur10skku/targetF,valid,,,,,controller_reported_target,targetF,runtime_force_coordinate_unknown,,,N,,,,,,,0.0,0.0,0.0,,,not_physical_completion,"[0.0, 0.0, 0.0, 0.0, 0.0, 0.0]","{""command_id_unavailable"": true, ""final_internal_force_setpoint_verified"": false}"
E1_on_r02_20260917T180946_1789636186200651410_aqclx4_k,1513,,,1789636187571018566,1676511714854,receipt_only_no_header,,,/ur10skku/targetP,valid,,,,,controller_reported_target,targetP,robot_base,rotvec_rad,mm,,445.04495887736545,394.4923344017009,220.01263854808008,-8.137601671501791e-05,-7.71400506134221e-05,2.3561870130464277,,,,,,not_physical_completion,"[445.04495887736545, 394.4923344017009, 220.01263854808008, -8.137601671501791e-05, -7.71400506134221e-05, 2.3561870130464277]","{""command_id_unavailable"": true, ""final_internal_force_setpoint_verified"": false}"
E1_on_r02_20260917T180946_1789636186200651410_aqclx4_k,1514,,,1789636187571045257,1676511741324,receipt_only_no_header,,,/ur10skku/targetF,valid,,,,,controller_reported_target,targetF,runtime_force_coordinate_unknown,,,N,,,,,,,0.0,0.0,0.0,,,not_physical_completion,"[0.0, 0.0, 0.0, 0.0, 0.0, 0.0]","{""command_id_unavailable"": true, ""final_internal_force_setpoint_verified"": false}"
E1_on_r02_20260917T180946_1789636186200651410_aqclx4_k,1518,,,1789636187571538115,1676512234433,receipt_only_no_header,,,/ur10skku/targetP,valid,,,,,controller_reported_target,targetP,robot_base,rotvec_rad,mm,,445.04495887736545,394.4923344017009,220.01263854808008,-8.137601671501791e-05,-7.71400506134221e-05,2.3561870130464277,,,,,,not_physical_completion,"[445.04495887736545, 394.4923344017009, 220.01263854808008, -8.137601671501791e-05, -7.71400506134221e-05, 2.3561870130464277]","{""command_id_unavailable"": true, ""final_internal_force_setpoint_verified"": false}"
E1_on_r02_20260917T180946_1789636186200651410_aqclx4_k,1533,,,1789636187600904926,1676541605272,receipt_only_no_header,,,/ur10skku/targetF,valid,,,,,controller_reported_target,targetF,runtime_force_coordinate_unknown,,,N,,,,,,,0.0,0.0,0.0,,,not_physical_completion,"[0.0, 0.0, 0.0, 0.0, 0.0, 0.0]","{""command_id_unavailable"": true, ""final_internal_force_setpoint_verified"": false}"
E1_on_r02_20260917T180946_1789636186200651410_aqclx4_k,1536,,,1789636187601381904,1676542078743,receipt_only_no_header,,,/ur10skku/targetP,valid,,,,,controller_reported_target,targetP,robot_base,rotvec_rad,mm,,445.04495887736545,394.4923344017009,220.01263854808008,-8.137601671501791e-05,-7.71400506134221e-05,2.3561870130464277,,,,,,not_physical_completion,"[445.04495887736545, 394.4923344017009, 220.01263854808008, -8.137601671501791e-05, -7.71400506134221e-05, 2.3561870130464277]","{""command_id_unavailable"": true, ""final_internal_force_setpoint_verified"": false}"
E1_on_r02_20260917T180946_1789636186200651410_aqclx4_k,1537,,,1789636187601413424,1676542109691,receipt_only_no_header,,,/ur10skku/targetF,valid,,,,,controller_reported_target,targetF,runtime_force_coordinate_unknown,,,N,,,,,,,0.0,0.0,0.0,,,not_physical_completion,"[0.0, 0.0, 0.0, 0.0, 0.0, 0.0]","{""command_id_unavailable"": true, ""final_internal_force_setpoint_verified"": false}"
E1_on_r02_20260917T180946_1789636186200651410_aqclx4_k,1539,,,1789636187601556656,1676542252774,receipt_only_no_header,,,/ur10skku/targetP,valid,,,,,controller_reported_target,targetP,robot_base,rotvec_rad,mm,,445.04495887736545,394.4923344017009,220.01263854808008,-8.137601671501791e-05,-7.71400506134221e-05,2.3561870130464277,,,,,,not_physical_completion,"[445.04495887736545, 394.4923344017009, 220.01263854808008, -8.137601671501791e-05, -7.71400506134221e-05, 2.3561870130464277]","{""command_id_unavailable"": true, ""final_internal_force_setpoint_verified"": false}"
E1_on_r02_20260917T180946_1789636186200651410_aqclx4_k,1540,,,1789636187601583528,1676542279755,receipt_only_no_header,,,/ur10skku/targetF,valid,,,,,controller_reported_target,targetF,runtime_force_coordinate_unknown,,,N,,,,,,,0.0,0.0,0.0,,,not_physical_completion,"[0.0, 0.0, 0.0, 0.0, 0.0, 0.0]","{""command_id_unavailable"": true, ""final_internal_force_setpoint_verified"": false}"
E1_on_r02_20260917T180946_1789636186200651410_aqclx4_k,1544,,,1789636187602062970,1676542759348,receipt_only_no_header,,,/ur10skku/targetP,valid,,,,,controller_reported_target,targetP,robot_base,rotvec_rad,mm,,445.04495887736545,394.4923344017009,220.01263854808008,-8.137601671501791e-05,-7.71400506134221e-05,2.3561870130464277,,,,,,not_physical_completion,"[445.04495887736545, 394.4923344017009, 220.01263854808008, -8.137601671501791e-05, -7.71400506134221e-05, 2.3561870130464277]","{""command_id_unavailable"": true, ""final_internal_force_setpoint_verified"": false}"
E1_on_r02_20260917T180946_1789636186200651410_aqclx4_k,1545,,,1789636187602091434,1676542788192,receipt_only_no_header,,,/ur10skku/targetF,valid,,,,,controller_reported_target,targetF,runtime_force_coordinate_unknown,,,N,,,,,,,0.0,0.0,0.0,,,not_physical_completion,"[0.0, 0.0, 0.0, 0.0, 0.0, 0.0]","{""command_id_unavailable"": true, ""final_internal_force_setpoint_verified"": false}"
E1_on_r02_20260917T180946_1789636186200651410_aqclx4_k,1571,,,1789636187666714473,1676607414147,receipt_only_no_header,,,/ur10skku/targetP,valid,,,,,controller_reported_target,targetP,robot_base,rotvec_rad,mm,,445.04495887736545,394.4923344017009,220.01263854808008,-8.137601671501791e-05,-7.71400506134221e-05,2.3561870130464277,,,,,,not_physical_completion,"[445.04495887736545, 394.4923344017009, 220.01263854808008, -8.137601671501791e-05, -7.71400506134221e-05, 2.3561870130464277]","{""command_id_unavailable"": true, ""final_internal_force_setpoint_verified"": false}"
E1_on_r02_20260917T180946_1789636186200651410_aqclx4_k,1575,,,1789636187667202241,1676607898769,receipt_only_no_header,,,/ur10skku/targetP,valid,,,,,controller_reported_target,targetP,robot_base,rotvec_rad,mm,,445.04495887736545,394.4923344017009,220.01263854808008,-8.137601671501791e-05,-7.71400506134221e-05,2.3561870130464277,,,,,,not_physical_completion,"[445.04495887736545, 394.4923344017009, 220.01263854808008, -8.137601671501791e-05, -7.71400506134221e-05, 2.3561870130464277]","{""command_id_unavailable"": true, ""final_internal_force_setpoint_verified"": false}"
E1_on_r02_20260917T180946_1789636186200651410_aqclx4_k,1576,,,1789636187667232078,1676607928295,receipt_only_no_header,,,/ur10skku/targetF,valid,,,,,controller_reported_target,targetF,runtime_force_coordinate_unknown,,,N,,,,,,,0.0,0.0,0.0,,,not_physical_completion,"[0.0, 0.0, 0.0, 0.0, 0.0, 0.0]","{""command_id_unavailable"": true, ""final_internal_force_setpoint_verified"": false}"
E1_on_r02_20260917T180946_1789636186200651410_aqclx4_k,1578,,,1789636187667391762,1676608088340,receipt_only_no_header,,,/ur10skku/targetF,valid,,,,,controller_reported_target,targetF,runtime_force_coordinate_unknown,,,N,,,,,,,0.0,0.0,0.0,,,not_physical_completion,"[0.0, 0.0, 0.0, 0.0, 0.0, 0.0]","{""command_id_unavailable"": true, ""final_internal_force_setpoint_verified"": false}"
E1_on_r02_20260917T180946_1789636186200651410_aqclx4_k,1585,,,1789636187700824340,1676641524254,receipt_only_no_header,,,/ur10skku/targetP,valid,,,,,controller_reported_target,targetP,robot_base,rotvec_rad,mm,,445.04495887736545,394.4923344017009,220.01263854808008,-8.137601671501791e-05,-7.71400506134221e-05,2.3561870130464277,,,,,,not_physical_completion,"[445.04495887736545, 394.4923344017009, 220.01263854808008, -8.137601671501791e-05, -7.71400506134221e-05, 2.3561870130464277]","{""command_id_unavailable"": true, ""final_internal_force_setpoint_verified"": false}"
E1_on_r02_20260917T180946_1789636186200651410_aqclx4_k,1587,,,1789636187733837670,1676674537063,receipt_only_no_header,,,/ur10skku/targetF,valid,,,,,controller_reported_target,targetF,runtime_force_coordinate_unknown,,,N,,,,,,,0.0,0.0,0.0,,,not_physical_completion,"[0.0, 0.0, 0.0, 0.0, 0.0, 0.0]","{""command_id_unavailable"": true, ""final_internal_force_setpoint_verified"": false}"
E1_on_r02_20260917T180946_1789636186200651410_aqclx4_k,1592,,,1789636187734383589,1676675079926,receipt_only_no_header,,,/ur10skku/targetP,valid,,,,,controller_reported_target,targetP,robot_base,rotvec_rad,mm,,445.04495887736545,394.4923344017009,220.01263854808008,-8.137601671501791e-05,-7.71400506134221e-05,2.3561870130464277,,,,,,not_physical_completion,"[445.04495887736545, 394.4923344017009, 220.01263854808008, -8.137601671501791e-05, -7.71400506134221e-05, 2.3561870130464277]","{""command_id_unavailable"": true, ""final_internal_force_setpoint_verified"": false}"
E1_on_r02_20260917T180946_1789636186200651410_aqclx4_k,1593,,,1789636187734412724,1676675108992,receipt_only_no_header,,,/ur10skku/targetF,valid,,,,,controller_reported_target,targetF,runtime_force_coordinate_unknown,,,N,,,,,,,0.0,0.0,0.0,,,not_physical_completion,"[0.0, 0.0, 0.0, 0.0, 0.0, 0.0]","{""command_id_unavailable"": true, ""final_internal_force_setpoint_verified"": false}"
E1_on_r02_20260917T180946_1789636186200651410_aqclx4_k,1599,,,1789636187735039307,1676675735644,receipt_only_no_header,,,/ur10skku/targetP,valid,,,,,controller_reported_target,targetP,robot_base,rotvec_rad,mm,,445.04495887736545,394.4923344017009,220.01263854808008,-8.137601671501791e-05,-7.71400506134221e-05,2.3561870130464277,,,,,,not_physical_completion,"[445.04495887736545, 394.4923344017009, 220.01263854808008, -8.137601671501791e-05, -7.71400506134221e-05, 2.3561870130464277]","{""command_id_unavailable"": true, ""final_internal_force_setpoint_verified"": false}"
E1_on_r02_20260917T180946_1789636186200651410_aqclx4_k,1600,,,1789636187735068582,1676675764830,receipt_only_no_header,,,/ur10skku/targetF,valid,,,,,controller_reported_target,targetF,runtime_force_coordinate_unknown,,,N,,,,,,,0.0,0.0,0.0,,,not_physical_completion,"[0.0, 0.0, 0.0, 0.0, 0.0, 0.0]","{""command_id_unavailable"": true, ""final_internal_force_setpoint_verified"": false}"
E1_on_r02_20260917T180946_1789636186200651410_aqclx4_k,1606,,,1789636187735538627,1676676234904,receipt_only_no_header,,,/ur10skku/targetP,valid,,,,,controller_reported_target,targetP,robot_base,rotvec_rad,mm,,445.04495887736545,394.4923344017009,220.01263854808008,-8.137601671501791e-05,-7.71400506134221e-05,2.3561870130464277,,,,,,not_physical_completion,"[445.04495887736545, 394.4923344017009, 220.01263854808008, -8.137601671501791e-05, -7.71400506134221e-05, 2.3561870130464277]","{""command_id_unavailable"": true, ""final_internal_force_setpoint_verified"": false}"
E1_on_r02_20260917T180946_1789636186200651410_aqclx4_k,1607,,,1789636187735566159,1676676262286,receipt_only_no_header,,,/ur10skku/targetF,valid,,,,,controller_reported_target,targetF,runtime_force_coordinate_unknown,,,N,,,,,,,0.0,0.0,0.0,,,not_physical_completion,"[0.0, 0.0, 0.0, 0.0, 0.0, 0.0]","{""command_id_unavailable"": true, ""final_internal_force_setpoint_verified"": false}"
E1_on_r02_20260917T180946_1789636186200651410_aqclx4_k,1612,,,1789636187735954859,1676676651066,receipt_only_no_header,,,/ur10skku/targetP,valid,,,,,controller_reported_target,targetP,robot_base,rotvec_rad,mm,,445.04495887736545,394.4923344017009,220.01263854808008,-8.137601671501791e-05,-7.71400506134221e-05,2.3561870130464277,,,,,,not_physical_completion,"[445.04495887736545, 394.4923344017009, 220.01263854808008, -8.137601671501791e-05, -7.71400506134221e-05, 2.3561870130464277]","{""command_id_unavailable"": true, ""final_internal_force_setpoint_verified"": false}"
E1_on_r02_20260917T180946_1789636186200651410_aqclx4_k,1613,,,1789636187735983183,1676676679190,receipt_only_no_header,,,/ur10skku/targetF,valid,,,,,controller_reported_target,targetF,runtime_force_coordinate_unknown,,,N,,,,,,,0.0,0.0,0.0,,,not_physical_completion,"[0.0, 0.0, 0.0, 0.0, 0.0, 0.0]","{""command_id_unavailable"": true, ""final_internal_force_setpoint_verified"": false}"
E1_on_r02_20260917T180946_1789636186200651410_aqclx4_k,1617,,,1789636187736498603,1676677194951,receipt_only_no_header,,,/ur10skku/targetP,valid,,,,,controller_reported_target,targetP,robot_base,rotvec_rad,mm,,445.04495887736545,394.4923344017009,220.01263854808008,-8.137601671501791e-05,-7.71400506134221e-05,2.3561870130464277,,,,,,not_physical_completion,"[445.04495887736545, 394.4923344017009, 220.01263854808008, -8.137601671501791e-05, -7.71400506134221e-05, 2.3561870130464277]","{""command_id_unavailable"": true, ""final_internal_force_setpoint_verified"": false}"
E1_on_r02_20260917T180946_1789636186200651410_aqclx4_k,1618,,,1789636187736526667,1676677223215,receipt_only_no_header,,,/ur10skku/targetF,valid,,,,,controller_reported_target,targetF,runtime_force_coordinate_unknown,,,N,,,,,,,0.0,0.0,0.0,,,not_physical_completion,"[0.0, 0.0, 0.0, 0.0, 0.0, 0.0]","{""command_id_unavailable"": true, ""final_internal_force_setpoint_verified"": false}"
E1_on_r02_20260917T180946_1789636186200651410_aqclx4_k,1621,,,1789636187737110578,1676677806966,receipt_only_no_header,,,/ur10skku/targetP,valid,,,,,controller_reported_target,targetP,robot_base,rotvec_rad,mm,,445.04495887736545,394.4923344017009,220.01263854808008,-8.137601671501791e-05,-7.71400506134221e-05,2.3561870130464277,,,,,,not_physical_completion,"[445.04495887736545, 394.4923344017009, 220.01263854808008, -8.137601671501791e-05, -7.71400506134221e-05, 2.3561870130464277]","{""command_id_unavailable"": true, ""final_internal_force_setpoint_verified"": false}"
E1_on_r02_20260917T180946_1789636186200651410_aqclx4_k,1622,,,1789636187737138751,1676677834849,receipt_only_no_header,,,/ur10skku/targetF,valid,,,,,controller_reported_target,targetF,runtime_force_coordinate_unknown,,,N,,,,,,,0.0,0.0,0.0,,,not_physical_completion,"[0.0, 0.0, 0.0, 0.0, 0.0, 0.0]","{""command_id_unavailable"": true, ""final_internal_force_setpoint_verified"": false}"
E1_on_r02_20260917T180946_1789636186200651410_aqclx4_k,1625,,,1789636187737398265,1676678094673,receipt_only_no_header,,,/ur10skku/targetP,valid,,,,,controller_reported_target,targetP,robot_base,rotvec_rad,mm,,445.04495887736545,394.4923344017009,220.01263854808008,-8.137601671501791e-05,-7.71400506134221e-05,2.3561870130464277,,,,,,not_physical_completion,"[445.04495887736545, 394.4923344017009, 220.01263854808008, -8.137601671501791e-05, -7.71400506134221e-05, 2.3561870130464277]","{""command_id_unavailable"": true, ""final_internal_force_setpoint_verified"": false}"
E1_on_r02_20260917T180946_1789636186200651410_aqclx4_k,1626,,,1789636187737426168,1676678122256,receipt_only_no_header,,,/ur10skku/targetF,valid,,,,,controller_reported_target,targetF,runtime_force_coordinate_unknown,,,N,,,,,,,0.0,0.0,0.0,,,not_physical_completion,"[0.0, 0.0, 0.0, 0.0, 0.0, 0.0]","{""command_id_unavailable"": true, ""final_internal_force_setpoint_verified"": false}"
E1_on_r02_20260917T180946_1789636186200651410_aqclx4_k,1630,,,1789636187737928905,1676678625343,receipt_only_no_header,,,/ur10skku/targetP,valid,,,,,controller_reported_target,targetP,robot_base,rotvec_rad,mm,,445.04495887736545,394.4923344017009,220.01263854808008,-8.137601671501791e-05,-7.71400506134221e-05,2.3561870130464277,,,,,,not_physical_completion,"[445.04495887736545, 394.4923344017009, 220.01263854808008, -8.137601671501791e-05, -7.71400506134221e-05, 2.3561870130464277]","{""command_id_unavailable"": true, ""final_internal_force_setpoint_verified"": false}"
E1_on_r02_20260917T180946_1789636186200651410_aqclx4_k,1631,,,1789636187737957860,1676678654118,receipt_only_no_header,,,/ur10skku/targetF,valid,,,,,controller_reported_target,targetF,runtime_force_coordinate_unknown,,,N,,,,,,,0.0,0.0,0.0,,,not_physical_completion,"[0.0, 0.0, 0.0, 0.0, 0.0, 0.0]","{""command_id_unavailable"": true, ""final_internal_force_setpoint_verified"": false}"
E1_on_r02_20260917T180946_1789636186200651410_aqclx4_k,1635,,,1789636187738365917,1676679062344,receipt_only_no_header,,,/ur10skku/targetP,valid,,,,,controller_reported_target,targetP,robot_base,rotvec_rad,mm,,445.04495887736545,394.4923344017009,220.01263854808008,-8.137601671501791e-05,-7.71400506134221e-05,2.3561870130464277,,,,,,not_physical_completion,"[445.04495887736545, 394.4923344017009, 220.01263854808008, -8.137601671501791e-05, -7.71400506134221e-05, 2.3561870130464277]","{""command_id_unavailable"": true, ""final_internal_force_setpoint_verified"": false}"
E1_on_r02_20260917T180946_1789636186200651410_aqclx4_k,1664,,,1789636187768184518,1676708880886,receipt_only_no_header,,,/ur10skku/targetP,valid,,,,,controller_reported_target,targetP,robot_base,rotvec_rad,mm,,445.04495887736545,394.4923344017009,220.01263854808008,-8.137601671501791e-05,-7.71400506134221e-05,2.3561870130464277,,,,,,not_physical_completion,"[445.04495887736545, 394.4923344017009, 220.01263854808008, -8.137601671501791e-05, -7.71400506134221e-05, 2.3561870130464277]","{""command_id_unavailable"": true, ""final_internal_force_setpoint_verified"": false}"
E1_on_r02_20260917T180946_1789636186200651410_aqclx4_k,1665,,,1789636187768213443,1676708909681,receipt_only_no_header,,,/ur10skku/targetF,valid,,,,,controller_reported_target,targetF,runtime_force_coordinate_unknown,,,N,,,,,,,0.0,0.0,0.0,,,not_physical_completion,"[0.0, 0.0, 0.0, 0.0, 0.0, 0.0]","{""command_id_unavailable"": true, ""final_internal_force_setpoint_verified"": false}"
E1_on_r02_20260917T180946_1789636186200651410_aqclx4_k,1672,,,1789636187768770884,1676709467091,receipt_only_no_header,,,/ur10skku/targetP,valid,,,,,controller_reported_target,targetP,robot_base,rotvec_rad,mm,,445.04495887736545,394.4923344017009,220.01263854808008,-8.137601671501791e-05,-7.71400506134221e-05,2.3561870130464277,,,,,,not_physical_completion,"[445.04495887736545, 394.4923344017009, 220.01263854808008, -8.137601671501791e-05, -7.71400506134221e-05, 2.3561870130464277]","{""command_id_unavailable"": true, ""final_internal_force_setpoint_verified"": false}"
E1_on_r02_20260917T180946_1789636186200651410_aqclx4_k,1673,,,1789636187768798977,1676709495195,receipt_only_no_header,,,/ur10skku/targetF,valid,,,,,controller_reported_target,targetF,runtime_force_coordinate_unknown,,,N,,,,,,,0.0,0.0,0.0,,,not_physical_completion,"[0.0, 0.0, 0.0, 0.0, 0.0, 0.0]","{""command_id_unavailable"": true, ""final_internal_force_setpoint_verified"": false}"
E1_on_r02_20260917T180946_1789636186200651410_aqclx4_k,1677,,,1789636187769157720,1676709854078,receipt_only_no_header,,,/ur10skku/targetP,valid,,,,,controller_reported_target,targetP,robot_base,rotvec_rad,mm,,445.04495887736545,394.4923344017009,220.01263854808008,-8.137601671501791e-05,-7.71400506134221e-05,2.3561870130464277,,,,,,not_physical_completion,"[445.04495887736545, 394.4923344017009, 220.01263854808008, -8.137601671501791e-05, -7.71400506134221e-05, 2.3561870130464277]","{""command_id_unavailable"": true, ""final_internal_force_setpoint_verified"": false}"
E1_on_r02_20260917T180946_1789636186200651410_aqclx4_k,1678,,,1789636187769186364,1676709882522,receipt_only_no_header,,,/ur10skku/targetF,valid,,,,,controller_reported_target,targetF,runtime_force_coordinate_unknown,,,N,,,,,,,0.0,0.0,0.0,,,not_physical_completion,"[0.0, 0.0, 0.0, 0.0, 0.0, 0.0]","{""command_id_unavailable"": true, ""final_internal_force_setpoint_verified"": false}"
E1_on_r02_20260917T180946_1789636186200651410_aqclx4_k,1686,,,1789636187769946952,1676710643379,receipt_only_no_header,,,/ur10skku/targetP,valid,,,,,controller_reported_target,targetP,robot_base,rotvec_rad,mm,,445.04495887736545,394.4923344017009,220.01263854808008,-8.137601671501791e-05,-7.71400506134221e-05,2.3561870130464277,,,,,,not_physical_completion,"[445.04495887736545, 394.4923344017009, 220.01263854808008, -8.137601671501791e-05, -7.71400506134221e-05, 2.3561870130464277]","{""command_id_unavailable"": true, ""final_internal_force_setpoint_verified"": false}"
E1_on_r02_20260917T180946_1789636186200651410_aqclx4_k,1687,,,1789636187769975937,1676710672345,receipt_only_no_header,,,/ur10skku/targetF,valid,,,,,controller_reported_target,targetF,runtime_force_coordinate_unknown,,,N,,,,,,,0.0,0.0,0.0,,,not_physical_completion,"[0.0, 0.0, 0.0, 0.0, 0.0, 0.0]","{""command_id_unavailable"": true, ""final_internal_force_setpoint_verified"": false}"
E1_on_r02_20260917T180946_1789636186200651410_aqclx4_k,1689,,,1789636187770122275,1676710818673,receipt_only_no_header,,,/ur10skku/targetP,valid,,,,,controller_reported_target,targetP,robot_base,rotvec_rad,mm,,445.04495887736545,394.4923344017009,220.01263854808008,-8.137601671501791e-05,-7.71400506134221e-05,2.3561870130464277,,,,,,not_physical_completion,"[445.04495887736545, 394.4923344017009, 220.01263854808008, -8.137601671501791e-05, -7.71400506134221e-05, 2.3561870130464277]","{""command_id_unavailable"": true, ""final_internal_force_setpoint_verified"": false}"
E1_on_r02_20260917T180946_1789636186200651410_aqclx4_k,1690,,,1789636187770149748,1676710845835,receipt_only_no_header,,,/ur10skku/targetF,valid,,,,,controller_reported_target,targetF,runtime_force_coordinate_unknown,,,N,,,,,,,0.0,0.0,0.0,,,not_physical_completion,"[0.0, 0.0, 0.0, 0.0, 0.0, 0.0]","{""command_id_unavailable"": true, ""final_internal_force_setpoint_verified"": false}"
E1_on_r02_20260917T180946_1789636186200651410_aqclx4_k,1694,,,1789636187770408079,1676711104407,receipt_only_no_header,,,/ur10skku/targetP,valid,,,,,controller_reported_target,targetP,robot_base,rotvec_rad,mm,,445.04495887736545,394.4923344017009,220.01263854808008,-8.137601671501791e-05,-7.71400506134221e-05,2.3561870130464277,,,,,,not_physical_completion,"[445.04495887736545, 394.4923344017009, 220.01263854808008, -8.137601671501791e-05, -7.71400506134221e-05, 2.3561870130464277]","{""command_id_unavailable"": true, ""final_internal_force_setpoint_verified"": false}"
E1_on_r02_20260917T180946_1789636186200651410_aqclx4_k,1695,,,1789636187770435902,1676711132069,receipt_only_no_header,,,/ur10skku/targetF,valid,,,,,controller_reported_target,targetF,runtime_force_coordinate_unknown,,,N,,,,,,,0.0,0.0,0.0,,,not_physical_completion,"[0.0, 0.0, 0.0, 0.0, 0.0, 0.0]","{""command_id_unavailable"": true, ""final_internal_force_setpoint_verified"": false}"
E1_on_r02_20260917T180946_1789636186200651410_aqclx4_k,1697,,,1789636187771034772,1676711731169,receipt_only_no_header,,,/ur10skku/targetP,valid,,,,,controller_reported_target,targetP,robot_base,rotvec_rad,mm,,445.04495887736545,394.4923344017009,220.01263854808008,-8.137601671501791e-05,-7.71400506134221e-05,2.3561870130464277,,,,,,not_physical_completion,"[445.04495887736545, 394.4923344017009, 220.01263854808008, -8.137601671501791e-05, -7.71400506134221e-05, 2.3561870130464277]","{""command_id_unavailable"": true, ""final_internal_force_setpoint_verified"": false}"
E1_on_r02_20260917T180946_1789636186200651410_aqclx4_k,1698,,,1789636187771062064,1676711758071,receipt_only_no_header,,,/ur10skku/targetF,valid,,,,,controller_reported_target,targetF,runtime_force_coordinate_unknown,,,N,,,,,,,0.0,0.0,0.0,,,not_physical_completion,"[0.0, 0.0, 0.0, 0.0, 0.0, 0.0]","{""command_id_unavailable"": true, ""final_internal_force_setpoint_verified"": false}"
E1_on_r02_20260917T180946_1789636186200651410_aqclx4_k,1701,,,1789636187771336285,1676712032773,receipt_only_no_header,,,/ur10skku/targetP,valid,,,,,controller_reported_target,targetP,robot_base,rotvec_rad,mm,,445.04495887736545,394.4923344017009,220.01263854808008,-8.137601671501791e-05,-7.71400506134221e-05,2.3561870130464277,,,,,,not_physical_completion,"[445.04495887736545, 394.4923344017009, 220.01263854808008, -8.137601671501791e-05, -7.71400506134221e-05, 2.3561870130464277]","{""command_id_unavailable"": true, ""final_internal_force_setpoint_verified"": false}"
E1_on_r02_20260917T180946_1789636186200651410_aqclx4_k,1702,,,1789636187771364910,1676712061197,receipt_only_no_header,,,/ur10skku/targetF,valid,,,,,controller_reported_target,targetF,runtime_force_coordinate_unknown,,,N,,,,,,,0.0,0.0,0.0,,,not_physical_completion,"[0.0, 0.0, 0.0, 0.0, 0.0, 0.0]","{""command_id_unavailable"": true, ""final_internal_force_setpoint_verified"": false}"
E1_on_r02_20260917T180946_1789636186200651410_aqclx4_k,1704,,,1789636187771998636,1676712695013,receipt_only_no_header,,,/ur10skku/targetF,valid,,,,,controller_reported_target,targetF,runtime_force_coordinate_unknown,,,N,,,,,,,0.0,0.0,0.0,,,not_physical_completion,"[0.0, 0.0, 0.0, 0.0, 0.0, 0.0]","{""command_id_unavailable"": true, ""final_internal_force_setpoint_verified"": false}"
E1_on_r02_20260917T180946_1789636186200651410_aqclx4_k,1725,,,1789636187801907599,1676742606231,receipt_only_no_header,,,/ur10skku/targetP,valid,,,,,controller_reported_target,targetP,robot_base,rotvec_rad,mm,,445.04495887736545,394.4923344017009,220.01263854808008,-8.137601671501791e-05,-7.71400506134221e-05,2.3561870130464277,,,,,,not_physical_completion,"[445.04495887736545, 394.4923344017009, 220.01263854808008, -8.137601671501791e-05, -7.71400506134221e-05, 2.3561870130464277]","{""command_id_unavailable"": true, ""final_internal_force_setpoint_verified"": false}"
E1_on_r02_20260917T180946_1789636186200651410_aqclx4_k,1726,,,1789636187801967262,1676742665393,receipt_only_no_header,,,/ur10skku/targetF,valid,,,,,controller_reported_target,targetF,runtime_force_coordinate_unknown,,,N,,,,,,,0.0,0.0,0.0,,,not_physical_completion,"[0.0, 0.0, 0.0, 0.0, 0.0, 0.0]","{""command_id_unavailable"": true, ""final_internal_force_setpoint_verified"": false}"
E1_on_r02_20260917T180946_1789636186200651410_aqclx4_k,1730,,,1789636187802610686,1676743307445,receipt_only_no_header,,,/ur10skku/targetP,valid,,,,,controller_reported_target,targetP,robot_base,rotvec_rad,mm,,445.04495887736545,394.4923344017009,220.01263854808008,-8.137601671501791e-05,-7.71400506134221e-05,2.3561870130464277,,,,,,not_physical_completion,"[445.04495887736545, 394.4923344017009, 220.01263854808008, -8.137601671501791e-05, -7.71400506134221e-05, 2.3561870130464277]","{""command_id_unavailable"": true, ""final_internal_force_setpoint_verified"": false}"
E1_on_r02_20260917T180946_1789636186200651410_aqclx4_k,1731,,,1789636187802639852,1676743336250,receipt_only_no_header,,,/ur10skku/targetF,valid,,,,,controller_reported_target,targetF,runtime_force_coordinate_unknown,,,N,,,,,,,0.0,0.0,0.0,,,not_physical_completion,"[0.0, 0.0, 0.0, 0.0, 0.0, 0.0]","{""command_id_unavailable"": true, ""final_internal_force_setpoint_verified"": false}"
E1_on_r02_20260917T180946_1789636186200651410_aqclx4_k,1735,,,1789636187803205178,1676743901585,receipt_only_no_header,,,/ur10skku/targetP,valid,,,,,controller_reported_target,targetP,robot_base,rotvec_rad,mm,,445.04495887736545,394.4923344017009,220.01263854808008,-8.137601671501791e-05,-7.71400506134221e-05,2.3561870130464277,,,,,,not_physical_completion,"[445.04495887736545, 394.4923344017009, 220.01263854808008, -8.137601671501791e-05, -7.71400506134221e-05, 2.3561870130464277]","{""command_id_unavailable"": true, ""final_internal_force_setpoint_verified"": false}"
E1_on_r02_20260917T180946_1789636186200651410_aqclx4_k,1736,,,1789636187803233361,1676743929468,receipt_only_no_header,,,/ur10skku/targetF,valid,,,,,controller_reported_target,targetF,runtime_force_coordinate_unknown,,,N,,,,,,,0.0,0.0,0.0,,,not_physical_completion,"[0.0, 0.0, 0.0, 0.0, 0.0, 0.0]","{""command_id_unavailable"": true, ""final_internal_force_setpoint_verified"": false}"
E1_on_r02_20260917T180946_1789636186200651410_aqclx4_k,1740,,,1789636187803567888,1676744264185,receipt_only_no_header,,,/ur10skku/targetP,valid,,,,,controller_reported_target,targetP,robot_base,rotvec_rad,mm,,445.04495887736545,394.4923344017009,220.01263854808008,-8.137601671501791e-05,-7.71400506134221e-05,2.3561870130464277,,,,,,not_physical_completion,"[445.04495887736545, 394.4923344017009, 220.01263854808008, -8.137601671501791e-05, -7.71400506134221e-05, 2.3561870130464277]","{""command_id_unavailable"": true, ""final_internal_force_setpoint_verified"": false}"
E1_on_r02_20260917T180946_1789636186200651410_aqclx4_k,1741,,,1789636187803594739,1676744290986,receipt_only_no_header,,,/ur10skku/targetF,valid,,,,,controller_reported_target,targetF,runtime_force_coordinate_unknown,,,N,,,,,,,0.0,0.0,0.0,,,not_physical_completion,"[0.0, 0.0, 0.0, 0.0, 0.0, 0.0]","{""command_id_unavailable"": true, ""final_internal_force_setpoint_verified"": false}"
E1_on_r02_20260917T180946_1789636186200651410_aqclx4_k,1753,,,1789636187931378815,1676872076175,receipt_only_no_header,,,/ur10skku/targetP,valid,,,,,controller_reported_target,targetP,robot_base,rotvec_rad,mm,,445.04495887736545,394.4923344017009,220.01263854808008,-8.137601671501791e-05,-7.71400506134221e-05,2.3561870130464277,,,,,,not_physical_completion,"[445.04495887736545, 394.4923344017009, 220.01263854808008, -8.137601671501791e-05, -7.71400506134221e-05, 2.3561870130464277]","{""command_id_unavailable"": true, ""final_internal_force_setpoint_verified"": false}"
E1_on_r02_20260917T180946_1789636186200651410_aqclx4_k,1754,,,1789636187931417659,1676872114157,receipt_only_no_header,,,/ur10skku/targetF,valid,,,,,controller_reported_target,targetF,runtime_force_coordinate_unknown,,,N,,,,,,,0.0,0.0,0.0,,,not_physical_completion,"[0.0, 0.0, 0.0, 0.0, 0.0, 0.0]","{""command_id_unavailable"": true, ""final_internal_force_setpoint_verified"": false}"
E1_on_r02_20260917T180946_1789636186200651410_aqclx4_k,1758,,,1789636187932264781,1676872961730,receipt_only_no_header,,,/ur10skku/targetP,valid,,,,,controller_reported_target,targetP,robot_base,rotvec_rad,mm,,445.04495887736545,394.4923344017009,220.01263854808008,-8.137601671501791e-05,-7.71400506134221e-05,2.3561870130464277,,,,,,not_physical_completion,"[445.04495887736545, 394.4923344017009, 220.01263854808008, -8.137601671501791e-05, -7.71400506134221e-05, 2.3561870130464277]","{""command_id_unavailable"": true, ""final_internal_force_setpoint_verified"": false}"
E1_on_r02_20260917T180946_1789636186200651410_aqclx4_k,1759,,,1789636187932294778,1676872990945,receipt_only_no_header,,,/ur10skku/targetF,valid,,,,,controller_reported_target,targetF,runtime_force_coordinate_unknown,,,N,,,,,,,0.0,0.0,0.0,,,not_physical_completion,"[0.0, 0.0, 0.0, 0.0, 0.0, 0.0]","{""command_id_unavailable"": true, ""final_internal_force_setpoint_verified"": false}"
E1_on_r02_20260917T180946_1789636186200651410_aqclx4_k,1763,,,1789636187932973369,1676873670138,receipt_only_no_header,,,/ur10skku/targetP,valid,,,,,controller_reported_target,targetP,robot_base,rotvec_rad,mm,,445.04563504711416,394.4912509410263,220.01246944135278,-8.861323822200718e-05,-7.649467959413084e-05,2.356187162496764,,,,,,not_physical_completion,"[445.04563504711416, 394.4912509410263, 220.01246944135278, -8.861323822200718e-05, -7.649467959413084e-05, 2.356187162496764]","{""command_id_unavailable"": true, ""final_internal_force_setpoint_verified"": false}"
E1_on_r02_20260917T180946_1789636186200651410_aqclx4_k,1764,,,1789636187933004338,1676873700876,receipt_only_no_header,,,/ur10skku/targetF,valid,,,,,controller_reported_target,targetF,runtime_force_coordinate_unknown,,,N,,,,,,,0.0,0.0,0.0,,,not_physical_completion,"[0.0, 0.0, 0.0, 0.0, 0.0, 0.0]","{""command_id_unavailable"": true, ""final_internal_force_setpoint_verified"": false}"
E1_on_r02_20260917T180946_1789636186200651410_aqclx4_k,1768,,,1789636187933329136,1676874025444,receipt_only_no_header,,,/ur10skku/targetP,valid,,,,,controller_reported_target,targetP,robot_base,rotvec_rad,mm,,445.04698738661153,394.4890840196772,220.01213122789818,-0.00010300713674272298,-7.521112001770935e-05,2.3561874596875336,,,,,,not_physical_completion,"[445.04698738661153, 394.4890840196772, 220.01213122789818, -0.00010300713674272298, -7.521112001770935e-05, 2.3561874596875336]","{""command_id_unavailable"": true, ""final_internal_force_setpoint_verified"": false}"
E1_on_r02_20260917T180946_1789636186200651410_aqclx4_k,1769,,,1789636187933357540,1676874053788,receipt_only_no_header,,,/ur10skku/targetF,valid,,,,,controller_reported_target,targetF,runtime_force_coordinate_unknown,,,N,,,,,,,0.0,0.0,0.0,,,not_physical_completion,"[0.0, 0.0, 0.0, 0.0, 0.0, 0.0]","{""command_id_unavailable"": true, ""final_internal_force_setpoint_verified"": false}"
E1_on_r02_20260917T180946_1789636186200651410_aqclx4_k,1773,,,1789636187933911364,1676874608493,receipt_only_no_header,,,/ur10skku/targetP,valid,,,,,controller_reported_target,targetP,robot_base,rotvec_rad,mm,,445.0490158958576,394.4858336376535,220.01162390771628,-0.00012447895650575958,-7.329639483746349e-05,2.356187902900759,,,,,,not_physical_completion,"[445.0490158958576, 394.4858336376535, 220.01162390771628, -0.00012447895650575958, -7.329639483746349e-05, 2.356187902900759]","{""command_id_unavailable"": true, ""final_internal_force_setpoint_verified"": false}"
E1_on_r02_20260917T180946_1789636186200651410_aqclx4_k,1774,,,1789636187933941181,1676874637929,receipt_only_no_header,,,/ur10skku/targetF,valid,,,,,controller_reported_target,targetF,runtime_force_coordinate_unknown,,,N,,,,,,,0.0,0.0,0.0,,,not_physical_completion,"[0.0, 0.0, 0.0, 0.0, 0.0, 0.0]","{""command_id_unavailable"": true, ""final_internal_force_setpoint_verified"": false}"
E1_on_r02_20260917T180946_1789636186200651410_aqclx4_k,1778,,,1789636187934236012,1676874932340,receipt_only_no_header,,,/ur10skku/targetP,valid,,,,,controller_reported_target,targetP,robot_base,rotvec_rad,mm,,445.05172057485237,394.48149979495525,220.01094748080706,-0.00015295168144377082,-7.07573718690094e-05,2.3561884904110175,,,,,,not_physical_completion,"[445.05172057485237, 394.48149979495525, 220.01094748080706, -0.00015295168144377082, -7.07573718690094e-05, 2.3561884904110175]","{""command_id_unavailable"": true, ""final_internal_force_setpoint_verified"": false}"
E1_on_r02_20260917T180946_1789636186200651410_aqclx4_k,1779,,,1789636187934263865,1676874959982,receipt_only_no_header,,,/ur10skku/targetF,valid,,,,,controller_reported_target,targetF,runtime_force_coordinate_unknown,,,N,,,,,,,0.0,0.0,0.0,,,not_physical_completion,"[0.0, 0.0, 0.0, 0.0, 0.0, 0.0]","{""command_id_unavailable"": true, ""final_internal_force_setpoint_verified"": false}"
E1_on_r02_20260917T180946_1789636186200651410_aqclx4_k,1783,,,1789636187934823550,1676875520198,receipt_only_no_header,,,/ur10skku/targetP,valid,,,,,controller_reported_target,targetP,robot_base,rotvec_rad,mm,,445.05510142359583,394.4760824915824,220.01010194717054,-0.00018834998788306795,-6.760076800918098e-05,2.356189220486033,,,,,,not_physical_completion,"[445.05510142359583, 394.4760824915824, 220.01010194717054, -0.00018834998788306795, -6.760076800918098e-05, 2.356189220486033]","{""command_id_unavailable"": true, ""final_internal_force_setpoint_verified"": false}"
E1_on_r02_20260917T180946_1789636186200651410_aqclx4_k,1784,,,1789636187934852365,1676875548702,receipt_only_no_header,,,/ur10skku/targetF,valid,,,,,controller_reported_target,targetF,runtime_force_coordinate_unknown,,,N,,,,,,,0.0,0.0,0.0,,,not_physical_completion,"[0.0, 0.0, 0.0, 0.0, 0.0, 0.0]","{""command_id_unavailable"": true, ""final_internal_force_setpoint_verified"": false}"
E1_on_r02_20260917T180946_1789636186200651410_aqclx4_k,1788,,,1789636187935249881,1676875946349,receipt_only_no_header,,,/ur10skku/targetP,valid,,,,,controller_reported_target,targetP,robot_base,rotvec_rad,mm,,445.05915844208795,394.46958172753506,220.00908730680672,-0.00023060019887038595,-6.383315330894273e-05,2.3561900913872376,,,,,,not_physical_completion,"[445.05915844208795, 394.46958172753506, 220.00908730680672, -0.00023060019887038595, -6.383315330894273e-05, 2.3561900913872376]","{""command_id_unavailable"": true, ""final_internal_force_setpoint_verified"": false}"
E1_on_r02_20260917T180946_1789636186200651410_aqclx4_k,1789,,,1789636187935278656,1676875974883,receipt_only_no_header,,,/ur10skku/targetF,valid,,,,,controller_reported_target,targetF,runtime_force_coordinate_unknown,,,N,,,,,,,0.0,0.0,0.0,,,not_physical_completion,"[0.0, 0.0, 0.0, 0.0, 0.0, 0.0]","{""command_id_unavailable"": true, ""final_internal_force_setpoint_verified"": false}"
E1_on_r02_20260917T180946_1789636186200651410_aqclx4_k,1812,,,1789636187941265388,1676881961846,receipt_only_no_header,,,/ur10skku/targetP,valid,,,,,controller_reported_target,targetP,robot_base,rotvec_rad,mm,,445.0638916303288,394.4619975028131,220.0079035597156,-0.00027963024006994385,-5.9460954906270575e-05,2.356191101370291,,,,,,not_physical_completion,"[445.0638916303288, 394.4619975028131, 220.0079035597156, -0.00027963024006994385, -5.9460954906270575e-05, 2.356191101370291]","{""command_id_unavailable"": true, ""final_internal_force_setpoint_verified"": false}"
E1_on_r02_20260917T180946_1789636186200651410_aqclx4_k,1813,,,1789636187941295685,1676881992023,receipt_only_no_header,,,/ur10skku/targetF,valid,,,,,controller_reported_target,targetF,runtime_force_coordinate_unknown,,,N,,,,,,,0.0,0.0,0.0,,,not_physical_completion,"[0.0, 0.0, 0.0, 0.0, 0.0, 0.0]","{""command_id_unavailable"": true, ""final_internal_force_setpoint_verified"": false}"
E1_on_r02_20260917T180946_1789636186200651410_aqclx4_k,1817,,,1789636187941791679,1676882488067,receipt_only_no_header,,,/ur10skku/targetP,valid,,,,,controller_reported_target,targetP,robot_base,rotvec_rad,mm,,445.06930098831833,394.4533298174166,220.00655070589718,-0.0003353695971670983,-5.4490460824682153e-05,2.3561922486855837,,,,,,not_physical_completion,"[445.06930098831833, 394.4533298174166, 220.00655070589718, -0.0003353695971670983, -5.4490460824682153e-05, 2.3561922486855837]","{""command_id_unavailable"": true, ""final_internal_force_setpoint_verified"": false}"
E1_on_r02_20260917T180946_1789636186200651410_aqclx4_k,1822,,,1789636187974743052,1676915442776,receipt_only_no_header,,,/ur10skku/targetF,valid,,,,,controller_reported_target,targetF,runtime_force_coordinate_unknown,,,N,,,,,,,0.0,0.0,0.0,,,not_physical_completion,"[0.0, 0.0, 0.0, 0.0, 0.0, 0.0]","{""command_id_unavailable"": true, ""final_internal_force_setpoint_verified"": false}"
E1_on_r02_20260917T180946_1789636186200651410_aqclx4_k,1826,,,1789636187975221252,1676915918180,receipt_only_no_header,,,/ur10skku/targetP,valid,,,,,controller_reported_target,targetP,robot_base,rotvec_rad,mm,,445.07538651605654,394.4435786713455,220.00502874535147,-0.00039774927471788915,-4.8927823642828854e-05,2.3561935315786915,,,,,,not_physical_completion,"[445.07538651605654, 394.4435786713455, 220.00502874535147, -0.00039774927471788915, -4.8927823642828854e-05, 2.3561935315786915]","{""command_id_unavailable"": true, ""final_internal_force_setpoint_verified"": false}"
E1_on_r02_20260917T180946_1789636186200651410_aqclx4_k,1827,,,1789636187975253553,1676915949871,receipt_only_no_header,,,/ur10skku/targetF,valid,,,,,controller_reported_target,targetF,runtime_force_coordinate_unknown,,,N,,,,,,,0.0,0.0,0.0,,,not_physical_completion,"[0.0, 0.0, 0.0, 0.0, 0.0, 0.0]","{""command_id_unavailable"": true, ""final_internal_force_setpoint_verified"": false}"
E1_on_r02_20260917T180946_1789636186200651410_aqclx4_k,1831,,,1789636187975763694,1676916460112,receipt_only_no_header,,,/ur10skku/targetP,valid,,,,,controller_reported_target,targetP,robot_base,rotvec_rad,mm,,445.08214821354346,394.4327440645999,220.00333767807845,-0.0004667017563866194,-4.277906404030968e-05,2.3561949482908204,,,,,,not_physical_completion,"[445.08214821354346, 394.4327440645999, 220.00333767807845, -0.0004667017563866194, -4.277906404030968e-05, 2.3561949482908204]","{""command_id_unavailable"": true, ""final_internal_force_setpoint_verified"": false}"
E1_on_r02_20260917T180946_1789636186200651410_aqclx4_k,1832,,,1789636187975793340,1676916489728,receipt_only_no_header,,,/ur10skku/targetF,valid,,,,,controller_reported_target,targetF,runtime_force_coordinate_unknown,,,N,,,,,,,0.0,0.0,0.0,,,not_physical_completion,"[0.0, 0.0, 0.0, 0.0, 0.0, 0.0]","{""command_id_unavailable"": true, ""final_internal_force_setpoint_verified"": false}"
E1_on_r02_20260917T180946_1789636186200651410_aqclx4_k,1836,,,1789636187976135000,1676916831238,receipt_only_no_header,,,/ur10skku/targetP,valid,,,,,controller_reported_target,targetP,robot_base,rotvec_rad,mm,,445.08958608077904,394.4208259971797,220.00147750407814,-0.0005421609665163005,-3.605007422462619e-05,2.356196497059211,,,,,,not_physical_completion,"[445.08958608077904, 394.4208259971797, 220.00147750407814, -0.0005421609665163005, -3.605007422462619e-05, 2.356196497059211]","{""command_id_unavailable"": true, ""final_internal_force_setpoint_verified"": false}"
E1_on_r02_20260917T180946_1789636186200651410_aqclx4_k,1837,,,1789636187976162382,1676916858670,receipt_only_no_header,,,/ur10skku/targetF,valid,,,,,controller_reported_target,targetF,runtime_force_coordinate_unknown,,,N,,,,,,,0.0,0.0,0.0,,,not_physical_completion,"[0.0, 0.0, 0.0, 0.0, 0.0, 0.0]","{""command_id_unavailable"": true, ""final_internal_force_setpoint_verified"": false}"
E1_on_r02_20260917T180946_1789636186200651410_aqclx4_k,1841,,,1789636187976766402,1676917463701,receipt_only_no_header,,,/ur10skku/targetP,valid,,,,,controller_reported_target,targetP,robot_base,rotvec_rad,mm,,445.09770011776334,394.4078244690849,219.9994482233505,-0.000624062232979345,-2.8746621243971216e-05,2.356198176117527,,,,,,not_physical_completion,"[445.09770011776334, 394.4078244690849, 219.9994482233505, -0.000624062232979345, -2.8746621243971216e-05, 2.356198176117527]","{""command_id_unavailable"": true, ""final_internal_force_setpoint_verified"": false}"
E1_on_r02_20260917T180946_1789636186200651410_aqclx4_k,1842,,,1789636187976801699,1676917498297,receipt_only_no_header,,,/ur10skku/targetF,valid,,,,,controller_reported_target,targetF,runtime_force_coordinate_unknown,,,N,,,,,,,0.0,0.0,0.0,,,not_physical_completion,"[0.0, 0.0, 0.0, 0.0, 0.0, 0.0]","{""command_id_unavailable"": true, ""final_internal_force_setpoint_verified"": false}"
E1_on_r02_20260917T180946_1789636186200651410_aqclx4_k,1846,,,1789636187977236416,1676917932954,receipt_only_no_header,,,/ur10skku/targetP,valid,,,,,controller_reported_target,targetP,robot_base,rotvec_rad,mm,,445.1064903244963,394.39373948031556,219.99724983589556,-0.0007123422512583029,-2.087435019032795e-05,2.356199983696215,,,,,,not_physical_completion,"[445.1064903244963, 394.39373948031556, 219.99724983589556, -0.0007123422512583029, -2.087435019032795e-05, 2.356199983696215]","{""command_id_unavailable"": true, ""final_internal_force_setpoint_verified"": false}"
E1_on_r02_20260917T180946_1789636186200651410_aqclx4_k,1847,,,1789636187977265722,1676917962009,receipt_only_no_header,,,/ur10skku/targetF,valid,,,,,controller_reported_target,targetF,runtime_force_coordinate_unknown,,,N,,,,,,,0.0,0.0,0.0,,,not_physical_completion,"[0.0, 0.0, 0.0, 0.0, 0.0, 0.0]","{""command_id_unavailable"": true, ""final_internal_force_setpoint_verified"": false}"
E1_on_r02_20260917T180946_1789636186200651410_aqclx4_k,1851,,,1789636187977571824,1676918268222,receipt_only_no_header,,,/ur10skku/targetP,valid,,,,,controller_reported_target,targetP,robot_base,rotvec_rad,mm,,445.11595670097796,394.3785710308717,219.99488234171332,-0.0008069390497087287,-1.2438787297152214e-05,2.356201918022842,,,,,,not_physical_completion,"[445.11595670097796, 394.3785710308717, 219.99488234171332, -0.0008069390497087287, -1.2438787297152214e-05, 2.356201918022842]","{""command_id_unavailable"": true, ""final_internal_force_setpoint_verified"": false}"
E1_on_r02_20260917T180946_1789636186200651410_aqclx4_k,1852,,,1789636187977599928,1676918296215,receipt_only_no_header,,,/ur10skku/targetF,valid,,,,,controller_reported_target,targetF,runtime_force_coordinate_unknown,,,N,,,,,,,0.0,0.0,0.0,,,not_physical_completion,"[0.0, 0.0, 0.0, 0.0, 0.0, 0.0]","{""command_id_unavailable"": true, ""final_internal_force_setpoint_verified"": false}"
E1_on_r02_20260917T180946_1789636186200651410_aqclx4_k,1856,,,1789636187978102374,1676918798762,receipt_only_no_header,,,/ur10skku/targetP,valid,,,,,controller_reported_target,targetP,robot_base,rotvec_rad,mm,,445.12609924720834,394.3623191207532,219.99234574080378,-0.0009077919559584349,-3.4453429357170564e-06,2.356203977322417,,,,,,not_physical_completion,"[445.12609924720834, 394.3623191207532, 219.99234574080378, -0.0009077919559584349, -3.4453429357170564e-06, 2.356203977322417]","{""command_id_unavailable"": true, ""final_internal_force_setpoint_verified"": false}"
E1_on_r02_20260917T180946_1789636186200651410_aqclx4_k,1857,,,1789636187978129786,1676918825973,receipt_only_no_header,,,/ur10skku/targetF,valid,,,,,controller_reported_target,targetF,runtime_force_coordinate_unknown,,,N,,,,,,,0.0,0.0,0.0,,,not_physical_completion,"[0.0, 0.0, 0.0, 0.0, 0.0, 0.0]","{""command_id_unavailable"": true, ""final_internal_force_setpoint_verified"": false}"
E1_on_r02_20260917T180946_1789636186200651410_aqclx4_k,1861,,,1789636187978426591,1676919122908,receipt_only_no_header,,,/ur10skku/targetP,valid,,,,,controller_reported_target,targetP,robot_base,rotvec_rad,mm,,445.1369179631874,394.3449837499602,219.98964003316695,-0.0010148415643994543,6.100685485985187e-06,2.3562061598176784,,,,,,not_physical_completion,"[445.1369179631874, 394.3449837499602, 219.98964003316695, -0.0010148415643994543, 6.100685485985187e-06, 2.3562061598176784]","{""command_id_unavailable"": true, ""final_internal_force_setpoint_verified"": false}"
E1_on_r02_20260917T180946_1789636186200651410_aqclx4_k,1862,,,1789636187978452781,1676919148898,receipt_only_no_header,,,/ur10skku/targetF,valid,,,,,controller_reported_target,targetF,runtime_force_coordinate_unknown,,,N,,,,,,,0.0,0.0,0.0,,,not_physical_completion,"[0.0, 0.0, 0.0, 0.0, 0.0, 0.0]","{""command_id_unavailable"": true, ""final_internal_force_setpoint_verified"": false}"
E1_on_r02_20260917T180946_1789636186200651410_aqclx4_k,1866,,,1789636187978899130,1676919595388,receipt_only_no_header,,,/ur10skku/targetP,valid,,,,,controller_reported_target,targetP,robot_base,rotvec_rad,mm,,445.14841284891514,394.3265649184926,219.98676521880282,-0.0011280297047309832,1.6194110718062242e-05,2.356208463729383,,,,,,not_physical_completion,"[445.14841284891514, 394.3265649184926, 219.98676521880282, -0.0011280297047309832, 1.6194110718062242e-05, 2.356208463729383]","{""command_id_unavailable"": true, ""final_internal_force_setpoint_verified"": false}"
E1_on_r02_20260917T180946_1789636186200651410_aqclx4_k,1867,,,1789636187978924909,1676919621086,receipt_only_no_header,,,/ur10skku/targetF,valid,,,,,controller_reported_target,targetF,runtime_force_coordinate_unknown,,,N,,,,,,,0.0,0.0,0.0,,,not_physical_completion,"[0.0, 0.0, 0.0, 0.0, 0.0, 0.0]","{""command_id_unavailable"": true, ""final_internal_force_setpoint_verified"": false}"
E1_on_r02_20260917T180946_1789636186200651410_aqclx4_k,1871,,,1789636187979364836,1676920061064,receipt_only_no_header,,,/ur10skku/targetP,valid,,,,,controller_reported_target,targetP,robot_base,rotvec_rad,mm,,445.16058390439156,394.30706262635044,219.98372129771138,-0.0012472994115134337,2.6829852953707285e-05,2.3562108872765553,,,,,,not_physical_completion,"[445.16058390439156, 394.30706262635044, 219.98372129771138, -0.0012472994115134337, 2.6829852953707285e-05, 2.3562108872765553]","{""command_id_unavailable"": true, ""final_internal_force_setpoint_verified"": false}"
E1_on_r02_20260917T180946_1789636186200651410_aqclx4_k,1872,,,1789636187979390645,1676920086662,receipt_only_no_header,,,/ur10skku/targetF,valid,,,,,controller_reported_target,targetF,runtime_force_coordinate_unknown,,,N,,,,,,,0.0,0.0,0.0,,,not_physical_completion,"[0.0, 0.0, 0.0, 0.0, 0.0, 0.0]","{""command_id_unavailable"": true, ""final_internal_force_setpoint_verified"": false}"
E1_on_r02_20260917T180946_1789636186200651410_aqclx4_k,1874,,,1789636187979634339,1676920330516,receipt_only_no_header,,,/ur10skku/targetP,valid,,,,,controller_reported_target,targetP,robot_base,rotvec_rad,mm,,445.1734311296167,394.28647687353373,219.98050826989262,-0.0013725948946954874,3.800293720095204e-05,2.3562134286767336,,,,,,not_physical_completion,"[445.1734311296167, 394.28647687353373, 219.98050826989262, -0.0013725948946954874, 3.800293720095204e-05, 2.3562134286767336]","{""command_id_unavailable"": true, ""final_internal_force_setpoint_verified"": false}"
E1_on_r02_20260917T180946_1789636186200651410_aqclx4_k,1875,,,1789636187979660308,1676920356456,receipt_only_no_header,,,/ur10skku/targetF,valid,,,,,controller_reported_target,targetF,runtime_force_coordinate_unknown,,,N,,,,,,,0.0,0.0,0.0,,,not_physical_completion,"[0.0, 0.0, 0.0, 0.0, 0.0, 0.0]","{""command_id_unavailable"": true, ""final_internal_force_setpoint_verified"": false}"
E1_on_r02_20260917T180946_1789636186200651410_aqclx4_k,1900,,,1789636188008878366,1676949578251,receipt_only_no_header,,,/ur10skku/targetP,valid,,,,,controller_reported_target,targetP,robot_base,rotvec_rad,mm,,445.1869545245905,394.26480766004244,219.97712613534657,-0.0015038615110777233,4.970849073793873e-05,2.3562160861461954,,,,,,not_physical_completion,"[445.1869545245905, 394.26480766004244, 219.97712613534657, -0.0015038615110777233, 4.970849073793873e-05, 2.3562160861461954]","{""command_id_unavailable"": true, ""final_internal_force_setpoint_verified"": false}"
E1_on_r02_20260917T180946_1789636186200651410_aqclx4_k,1901,,,1789636188008934774,1676949632524,receipt_only_no_header,,,/ur10skku/targetF,valid,,,,,controller_reported_target,targetF,runtime_force_coordinate_unknown,,,N,,,,,,,0.0,0.0,0.0,,,not_physical_completion,"[0.0, 0.0, 0.0, 0.0, 0.0, 0.0]","{""command_id_unavailable"": true, ""final_internal_force_setpoint_verified"": false}"
E1_on_r02_20260917T180946_1789636186200651410_aqclx4_k,1907,,,1789636188056463885,1676997164170,receipt_only_no_header,,,/ur10skku/targetP,valid,,,,,controller_reported_target,targetP,robot_base,rotvec_rad,mm,,445.201154089313,394.24205498587656,219.9735748940732,-0.001641045736677964,6.194174064860357e-05,2.356218857900164,,,,,,not_physical_completion,"[445.201154089313, 394.24205498587656, 219.9735748940732, -0.001641045736677964, 6.194174064860357e-05, 2.356218857900164]","{""command_id_unavailable"": true, ""final_internal_force_setpoint_verified"": false}"
E1_on_r02_20260917T180946_1789636186200651410_aqclx4_k,1912,,,1789636188056994645,1676997691003,receipt_only_no_header,,,/ur10skku/targetP,valid,,,,,controller_reported_target,targetP,robot_base,rotvec_rad,mm,,445.2160298237842,394.21821885103617,219.96985454607255,-0.001784095139965027,7.469801143579992e-05,2.356221742153005,,,,,,not_physical_completion,"[445.2160298237842, 394.21821885103617, 219.96985454607255, -0.001784095139965027, 7.469801143579992e-05, 2.356221742153005]","{""command_id_unavailable"": true, ""final_internal_force_setpoint_verified"": false}"
E1_on_r02_20260917T180946_1789636186200651410_aqclx4_k,1913,,,1789636188057024352,1676997720529,receipt_only_no_header,,,/ur10skku/targetF,valid,,,,,controller_reported_target,targetF,runtime_force_coordinate_unknown,,,N,,,,,,,0.0,0.0,0.0,,,not_physical_completion,"[0.0, 0.0, 0.0, 0.0, 0.0, 0.0]","{""command_id_unavailable"": true, ""final_internal_force_setpoint_verified"": false}"
E1_on_r02_20260917T180946_1789636186200651410_aqclx4_k,1917,,,1789636188057599666,1676998295924,receipt_only_no_header,,,/ur10skku/targetP,valid,,,,,controller_reported_target,targetP,robot_base,rotvec_rad,mm,,445.2315817280041,394.1932992555212,219.9659650913446,-0.0019329583559289764,8.797272270901681e-05,2.356224737118406,,,,,,not_physical_completion,"[445.2315817280041, 394.1932992555212, 219.9659650913446, -0.0019329583559289764, 8.797272270901681e-05, 2.356224737118406]","{""command_id_unavailable"": true, ""final_internal_force_setpoint_verified"": false}"
E1_on_r02_20260917T180946_1789636186200651410_aqclx4_k,1918,,,1789636188057626818,1676998323076,receipt_only_no_header,,,/ur10skku/targetF,valid,,,,,controller_reported_target,targetF,runtime_force_coordinate_unknown,,,N,,,,,,,0.0,0.0,0.0,,,not_physical_completion,"[0.0, 0.0, 0.0, 0.0, 0.0, 0.0]","{""command_id_unavailable"": true, ""final_internal_force_setpoint_verified"": false}"
E1_on_r02_20260917T180946_1789636186200651410_aqclx4_k,1922,,,1789636188057918343,1676998614550,receipt_only_no_header,,,/ur10skku/targetP,valid,,,,,controller_reported_target,targetP,robot_base,rotvec_rad,mm,,445.24780980197266,394.16729619933164,219.96190652988935,-0.002087585060957358,0.00010176138694397104,2.356227841009542,,,,,,not_physical_completion,"[445.24780980197266, 394.16729619933164, 219.96190652988935, -0.002087585060957358, 0.00010176138694397104, 2.356227841009542]","{""command_id_unavailable"": true, ""final_internal_force_setpoint_verified"": false}"
E1_on_r02_20260917T180946_1789636186200651410_aqclx4_k,1923,,,1789636188057945484,1676998641612,receipt_only_no_header,,,/ur10skku/targetF,valid,,,,,controller_reported_target,targetF,runtime_force_coordinate_unknown,,,N,,,,,,,0.0,0.0,0.0,,,not_physical_completion,"[0.0, 0.0, 0.0, 0.0, 0.0, 0.0]","{""command_id_unavailable"": true, ""final_internal_force_setpoint_verified"": false}"
E1_on_r02_20260917T180946_1789636186200651410_aqclx4_k,1927,,,1789636188058460945,1676999157293,receipt_only_no_header,,,/ur10skku/targetP,valid,,,,,controller_reported_target,targetP,robot_base,rotvec_rad,mm,,445.2647140456899,394.14020968246757,219.9576788617068,-0.0022479259484881903,0.00011605960731146703,2.3562310520392327,,,,,,not_physical_completion,"[445.2647140456899, 394.14020968246757, 219.9576788617068, -0.0022479259484881903, 0.00011605960731146703, 2.3562310520392327]","{""command_id_unavailable"": true, ""final_internal_force_setpoint_verified"": false}"
E1_on_r02_20260917T180946_1789636186200651410_aqclx4_k,1928,,,1789636188058487806,1676999183844,receipt_only_no_header,,,/ur10skku/targetF,valid,,,,,controller_reported_target,targetF,runtime_force_coordinate_unknown,,,N,,,,,,,0.0,0.0,0.0,,,not_physical_completion,"[0.0, 0.0, 0.0, 0.0, 0.0, 0.0]","{""command_id_unavailable"": true, ""final_internal_force_setpoint_verified"": false}"
E1_on_r02_20260917T180946_1789636186200651410_aqclx4_k,1931,,,1789636188058812264,1676999508591,receipt_only_no_header,,,/ur10skku/targetF,valid,,,,,controller_reported_target,targetF,runtime_force_coordinate_unknown,,,N,,,,,,,0.0,0.0,0.0,,,not_physical_completion,"[0.0, 0.0, 0.0, 0.0, 0.0, 0.0]","{""command_id_unavailable"": true, ""final_internal_force_setpoint_verified"": false}"
E1_on_r02_20260917T180946_1789636186200651410_aqclx4_k,1942,,,1789636188138608866,1677079311104,receipt_only_no_header,,,/ur10skku/targetP,valid,,,,,controller_reported_target,targetP,robot_base,rotvec_rad,mm,,445.2822944591559,394.1120397049289,219.95328208679695,-0.0024139327054117357,0.0001308630755730287,2.356234368420078,,,,,,not_physical_completion,"[445.2822944591559, 394.1120397049289, 219.95328208679695, -0.0024139327054117357, 0.0001308630755730287, 2.356234368420078]","{""command_id_unavailable"": true, ""final_internal_force_setpoint_verified"": false}"
E1_on_r02_20260917T180946_1789636186200651410_aqclx4_k,1943,,,1789636188138678157,1677079375327,receipt_only_no_header,,,/ur10skku/targetF,valid,,,,,controller_reported_target,targetF,runtime_force_coordinate_unknown,,,N,,,,,,,0.0,0.0,0.0,,,not_physical_completion,"[0.0, 0.0, 0.0, 0.0, 0.0, 0.0]","{""command_id_unavailable"": true, ""final_internal_force_setpoint_verified"": false}"
E1_on_r02_20260917T180946_1789636186200651410_aqclx4_k,1948,,,1789636188139493960,1677080191971,receipt_only_no_header,,,/ur10skku/targetP,valid,,,,,controller_reported_target,targetP,robot_base,rotvec_rad,mm,,445.3005510423705,394.0827862667157,219.94871620515977,-0.0025855579891942405,0.00014616757004091353,2.356237788364595,,,,,,not_physical_completion,"[445.3005510423705, 394.0827862667157, 219.94871620515977, -0.0025855579891942405, 0.00014616757004091353, 2.356237788364595]","{""command_id_unavailable"": true, ""final_internal_force_setpoint_verified"": false}"
E1_on_r02_20260917T180946_1789636186200651410_aqclx4_k,1949,,,1789636188139549856,1677080247687,receipt_only_no_header,,,/ur10skku/targetF,valid,,,,,controller_reported_target,targetF,runtime_force_coordinate_unknown,,,N,,,,,,,0.0,0.0,0.0,,,not_physical_completion,"[0.0, 0.0, 0.0, 0.0, 0.0, 0.0]","{""command_id_unavailable"": true, ""final_internal_force_setpoint_verified"": false}"
E1_on_r02_20260917T180946_1789636186200651410_aqclx4_k,1953,,,1789636188140083582,1677080780050,receipt_only_no_header,,,/ur10skku/targetP,valid,,,,,controller_reported_target,targetP,robot_base,rotvec_rad,mm,,445.31948379533384,394.0524493678279,219.9439812167953,-0.002762755405697965,0.00016196895360021823,2.356241310085333,,,,,,not_physical_completion,"[445.31948379533384, 394.0524493678279, 219.9439812167953, -0.002762755405697965, 0.00016196895360021823, 2.356241310085333]","{""command_id_unavailable"": true, ""final_internal_force_setpoint_verified"": false}"
E1_on_r02_20260917T180946_1789636186200651410_aqclx4_k,1954,,,1789636188140112617,1677080809175,receipt_only_no_header,,,/ur10skku/targetF,valid,,,,,controller_reported_target,targetF,runtime_force_coordinate_unknown,,,N,,,,,,,0.0,0.0,0.0,,,not_physical_completion,"[0.0, 0.0, 0.0, 0.0, 0.0, 0.0]","{""command_id_unavailable"": true, ""final_internal_force_setpoint_verified"": false}"
E1_on_r02_20260917T180946_1789636186200651410_aqclx4_k,1958,,,1789636188140420212,1677081116740,receipt_only_no_header,,,/ur10skku/targetP,valid,,,,,controller_reported_target,targetP,robot_base,rotvec_rad,mm,,445.3390927180459,394.02102900826554,219.93907712170352,-0.0029454794876728925,0.0001782631717908814,2.3562449317949814,,,,,,not_physical_completion,"[445.3390927180459, 394.02102900826554, 219.93907712170352, -0.0029454794876728925, 0.0001782631717908814, 2.3562449317949814]","{""command_id_unavailable"": true, ""final_internal_force_setpoint_verified"": false}"
E1_on_r02_20260917T180946_1789636186200651410_aqclx4_k,1959,,,1789636188140449278,1677081145715,receipt_only_no_header,,,/ur10skku/targetF,valid,,,,,controller_reported_target,targetF,runtime_force_coordinate_unknown,,,N,,,,,,,0.0,0.0,0.0,,,not_physical_completion,"[0.0, 0.0, 0.0, 0.0, 0.0, 0.0]","{""command_id_unavailable"": true, ""final_internal_force_setpoint_verified"": false}"
E1_on_r02_20260917T180946_1789636186200651410_aqclx4_k,1963,,,1789636188140888233,1677081585051,receipt_only_no_header,,,/ur10skku/targetP,valid,,,,,controller_reported_target,targetP,robot_base,rotvec_rad,mm,,445.3593778105066,393.98852518802863,219.93400391988445,-0.003133685673896536,0.00019504625094748048,2.3562486517064696,,,,,,not_physical_completion,"[445.3593778105066, 393.98852518802863, 219.93400391988445, -0.003133685673896536, 0.00019504625094748048, 2.3562486517064696]","{""command_id_unavailable"": true, ""final_internal_force_setpoint_verified"": false}"
E1_on_r02_20260917T180946_1789636186200651410_aqclx4_k,1964,,,1789636188140917589,1677081614147,receipt_only_no_header,,,/ur10skku/targetF,valid,,,,,controller_reported_target,targetF,runtime_force_coordinate_unknown,,,N,,,,,,,0.0,0.0,0.0,,,not_physical_completion,"[0.0, 0.0, 0.0, 0.0, 0.0, 0.0]","{""command_id_unavailable"": true, ""final_internal_force_setpoint_verified"": false}"
E1_on_r02_20260917T180946_1789636186200651410_aqclx4_k,1978,,,1789636188172710156,1677113408968,receipt_only_no_header,,,/ur10skku/targetP,valid,,,,,controller_reported_target,targetP,robot_base,rotvec_rad,mm,,445.380339072716,393.95493790711714,219.92876161133807,-0.0033273302889391962,0.00021231429639480365,2.356252468033057,,,,,,not_physical_completion,"[445.380339072716, 393.95493790711714, 219.92876161133807, -0.0033273302889391962, 0.00021231429639480365, 2.356252468033057]","{""command_id_unavailable"": true, ""final_internal_force_setpoint_verified"": false}"
E1_on_r02_20260917T180946_1789636186200651410_aqclx4_k,1984,,,1789636188173636508,1677114334780,receipt_only_no_header,,,/ur10skku/targetP,valid,,,,,controller_reported_target,targetP,robot_base,rotvec_rad,mm,,445.4019765046741,393.9202671655311,219.9233501960644,-0.003526370523533017,0.00023006349069726494,2.3562563789884114,,,,,,not_physical_completion,"[445.4019765046741, 393.9202671655311, 219.9233501960644, -0.003526370523533017, 0.00023006349069726494, 2.3562563789884114]","{""command_id_unavailable"": true, ""final_internal_force_setpoint_verified"": false}"
E1_on_r02_20260917T180946_1789636186200651410_aqclx4_k,1985,,,1789636188173695531,1677114393441,receipt_only_no_header,,,/ur10skku/targetF,valid,,,,,controller_reported_target,targetF,runtime_force_coordinate_unknown,,,N,,,,,,,0.0,0.0,0.0,,,not_physical_completion,"[0.0, 0.0, 0.0, 0.0, 0.0, 0.0]","{""command_id_unavailable"": true, ""final_internal_force_setpoint_verified"": false}"
E1_on_r02_20260917T180946_1789636186200651410_aqclx4_k,1991,,,1789636188174215570,1677114911748,receipt_only_no_header,,,/ur10skku/targetP,valid,,,,,controller_reported_target,targetP,robot_base,rotvec_rad,mm,,445.4242901063809,393.8845129632705,219.91776967406344,-0.0037307644155239916,0.00024829009196030436,2.3562603827866804,,,,,,not_physical_completion,"[445.4242901063809, 393.8845129632705, 219.91776967406344, -0.0037307644155239916, 0.00024829009196030436, 2.3562603827866804]","{""command_id_unavailable"": true, ""final_internal_force_setpoint_verified"": false}"
E1_on_r02_20260917T180946_1789636186200651410_aqclx4_k,1992,,,1789636188174243564,1677114939691,receipt_only_no_header,,,/ur10skku/targetF,valid,,,,,controller_reported_target,targetF,runtime_force_coordinate_unknown,,,N,,,,,,,0.0,0.0,0.0,,,not_physical_completion,"[0.0, 0.0, 0.0, 0.0, 0.0, 0.0]","{""command_id_unavailable"": true, ""final_internal_force_setpoint_verified"": false}"
E1_on_r02_20260917T180946_1789636186200651410_aqclx4_k,1998,,,1789636188174751801,1677115448098,receipt_only_no_header,,,/ur10skku/targetP,valid,,,,,controller_reported_target,targetP,robot_base,rotvec_rad,mm,,445.44727987783637,393.8476753003353,219.91202004533514,-0.003940470831386979,0.00026699043218199504,2.356264477642554,,,,,,not_physical_completion,"[445.44727987783637, 393.8476753003353, 219.91202004533514, -0.003940470831386979, 0.00026699043218199504, 2.356264477642554]","{""command_id_unavailable"": true, ""final_internal_force_setpoint_verified"": false}"
E1_on_r02_20260917T180946_1789636186200651410_aqclx4_k,1999,,,1789636188174780104,1677115476372,receipt_only_no_header,,,/ur10skku/targetF,valid,,,,,controller_reported_target,targetF,runtime_force_coordinate_unknown,,,N,,,,,,,0.0,0.0,0.0,,,not_physical_completion,"[0.0, 0.0, 0.0, 0.0, 0.0, 0.0]","{""command_id_unavailable"": true, ""final_internal_force_setpoint_verified"": false}"
E1_on_r02_20260917T180946_1789636186200651410_aqclx4_k,2005,,,1789636188175587190,1677116283478,receipt_only_no_header,,,/ur10skku/targetP,valid,,,,,controller_reported_target,targetP,robot_base,rotvec_rad,mm,,445.47094581904054,393.80975417672556,219.90610130987955,-0.004155449448284562,0.00028616091565314633,2.3562686617713204,,,,,,not_physical_completion,"[445.47094581904054, 393.80975417672556, 219.90610130987955, -0.004155449448284562, 0.00028616091565314633, 2.3562686617713204]","{""command_id_unavailable"": true, ""final_internal_force_setpoint_verified"": false}"
E1_on_r02_20260917T180946_1789636186200651410_aqclx4_k,2006,,,1789636188175614973,1677116311130,receipt_only_no_header,,,/ur10skku/targetF,valid,,,,,controller_reported_target,targetF,runtime_force_coordinate_unknown,,,N,,,,,,,0.0,0.0,0.0,,,not_physical_completion,"[0.0, 0.0, 0.0, 0.0, 0.0, 0.0]","{""command_id_unavailable"": true, ""final_internal_force_setpoint_verified"": false}"
E1_on_r02_20260917T180946_1789636186200651410_aqclx4_k,2012,,,1789636188176143349,1677116839536,receipt_only_no_header,,,/ur10skku/targetP,valid,,,,,controller_reported_target,targetP,robot_base,rotvec_rad,mm,,445.4952879299934,393.77074959244123,219.90001346769665,-0.004375660736651349,0.00030579801740426437,2.3562729333889147,,,,,,not_physical_completion,"[445.4952879299934, 393.77074959244123, 219.90001346769665, -0.004375660736651349, 0.00030579801740426437, 2.3562729333889147]","{""command_id_unavailable"": true, ""final_internal_force_setpoint_verified"": false}"
E1_on_r02_20260917T180946_1789636186200651410_aqclx4_k,2013,,,1789636188176171312,1677116867359,receipt_only_no_header,,,/ur10skku/targetF,valid,,,,,controller_reported_target,targetF,runtime_force_coordinate_unknown,,,N,,,,,,,0.0,0.0,0.0,,,not_physical_completion,"[0.0, 0.0, 0.0, 0.0, 0.0, 0.0]","{""command_id_unavailable"": true, ""final_internal_force_setpoint_verified"": false}"
E1_on_r02_20260917T180946_1789636186200651410_aqclx4_k,2019,,,1789636188176760884,1677117457221,receipt_only_no_header,,,/ur10skku/targetP,valid,,,,,controller_reported_target,targetP,robot_base,rotvec_rad,mm,,445.52030621069497,393.7306615474824,219.89375651878646,-0.004601065943286071,0.000325898281697795,2.3562772907119562,,,,,,not_physical_completion,"[445.52030621069497, 393.7306615474824, 219.89375651878646, -0.004601065943286071, 0.000325898281697795, 2.3562772907119562]","{""command_id_unavailable"": true, ""final_internal_force_setpoint_verified"": false}"
E1_on_r02_20260917T180946_1789636186200651410_aqclx4_k,2020,,,1789636188176788306,1677117484463,receipt_only_no_header,,,/ur10skku/targetF,valid,,,,,controller_reported_target,targetF,runtime_force_coordinate_unknown,,,N,,,,,,,0.0,0.0,0.0,,,not_physical_completion,"[0.0, 0.0, 0.0, 0.0, 0.0, 0.0]","{""command_id_unavailable"": true, ""final_internal_force_setpoint_verified"": false}"
E1_on_r02_20260917T180946_1789636186200651410_aqclx4_k,2025,,,1789636188177129084,1677117825332,receipt_only_no_header,,,/ur10skku/targetP,valid,,,,,controller_reported_target,targetP,robot_base,rotvec_rad,mm,,445.54600066114523,393.68949004184896,219.88733046314897,-0.004831627074934497,0.0003464583205641356,2.356281731957788,,,,,,not_physical_completion,"[445.54600066114523, 393.68949004184896, 219.88733046314897, -0.004831627074934497, 0.0003464583205641356, 2.356281731957788]","{""command_id_unavailable"": true, ""final_internal_force_setpoint_verified"": false}"
E1_on_r02_20260917T180946_1789636186200651410_aqclx4_k,2026,,,1789636188177155464,1677117851562,receipt_only_no_header,,,/ur10skku/targetF,valid,,,,,controller_reported_target,targetF,runtime_force_coordinate_unknown,,,N,,,,,,,0.0,0.0,0.0,,,not_physical_completion,"[0.0, 0.0, 0.0, 0.0, 0.0, 0.0]","{""command_id_unavailable"": true, ""final_internal_force_setpoint_verified"": false}"
E1_on_r02_20260917T180946_1789636186200651410_aqclx4_k,2030,,,1789636188177512995,1677118209443,receipt_only_no_header,,,/ur10skku/targetP,valid,,,,,controller_reported_target,targetP,robot_base,rotvec_rad,mm,,445.57237128134415,393.64723507554095,219.88073530078418,-0.005067306882346896,0.0003674748123799647,2.3562862553444957,,,,,,not_physical_completion,"[445.57237128134415, 393.64723507554095, 219.88073530078418, -0.005067306882346896, 0.0003674748123799647, 2.3562862553444957]","{""command_id_unavailable"": true, ""final_internal_force_setpoint_verified"": false}"
E1_on_r02_20260917T180946_1789636186200651410_aqclx4_k,2031,,,1789636188177540297,1677118236484,receipt_only_no_header,,,/ur10skku/targetF,valid,,,,,controller_reported_target,targetF,runtime_force_coordinate_unknown,,,N,,,,,,,0.0,0.0,0.0,,,not_physical_completion,"[0.0, 0.0, 0.0, 0.0, 0.0, 0.0]","{""command_id_unavailable"": true, ""final_internal_force_setpoint_verified"": false}"
E1_on_r02_20260917T180946_1789636186200651410_aqclx4_k,2034,,,1789636188178060006,1677118756424,receipt_only_no_header,,,/ur10skku/targetP,valid,,,,,controller_reported_target,targetP,robot_base,rotvec_rad,mm,,445.5994180712918,393.60389664855836,219.8739710316921,-0.005308068844794397,0.00038894450048749304,2.356290859090939,,,,,,not_physical_completion,"[445.5994180712918, 393.60389664855836, 219.8739710316921, -0.005308068844794397, 0.00038894450048749304, 2.356290859090939]","{""command_id_unavailable"": true, ""final_internal_force_setpoint_verified"": false}"
E1_on_r02_20260917T180946_1789636186200651410_aqclx4_k,2035,,,1789636188178088891,1677118785349,receipt_only_no_header,,,/ur10skku/targetF,valid,,,,,controller_reported_target,targetF,runtime_force_coordinate_unknown,,,N,,,,,,,0.0,0.0,0.0,,,not_physical_completion,"[0.0, 0.0, 0.0, 0.0, 0.0, 0.0]","{""command_id_unavailable"": true, ""final_internal_force_setpoint_verified"": false}"
E1_on_r02_20260917T180946_1789636186200651410_aqclx4_k,2038,,,1789636188178411876,1677119108183,receipt_only_no_header,,,/ur10skku/targetP,valid,,,,,controller_reported_target,targetP,robot_base,rotvec_rad,mm,,445.62714103098807,393.55947476090125,219.8670376558727,-0.005553877155029164,0.0004108641918532939,2.3562955414167566,,,,,,not_physical_completion,"[445.62714103098807, 393.55947476090125, 219.8670376558727, -0.005553877155029164, 0.0004108641918532939, 2.3562955414167566]","{""command_id_unavailable"": true, ""final_internal_force_setpoint_verified"": false}"
E1_on_r02_20260917T180946_1789636186200651410_aqclx4_k,2039,,,1789636188178440079,1677119136247,receipt_only_no_header,,,/ur10skku/targetF,valid,,,,,controller_reported_target,targetF,runtime_force_coordinate_unknown,,,N,,,,,,,0.0,0.0,0.0,,,not_physical_completion,"[0.0, 0.0, 0.0, 0.0, 0.0, 0.0]","{""command_id_unavailable"": true, ""final_internal_force_setpoint_verified"": false}"
E1_on_r02_20260917T180946_1789636186200651410_aqclx4_k,2041,,,1789636188178679304,1677119375692,receipt_only_no_header,,,/ur10skku/targetP,valid,,,,,controller_reported_target,targetP,robot_base,rotvec_rad,mm,,445.6555401604331,393.51396941256957,219.859935173326,-0.005804696704674016,0.0004332307557654263,2.356300300542382,,,,,,not_physical_completion,"[445.6555401604331, 393.51396941256957, 219.859935173326, -0.005804696704674016, 0.0004332307557654263, 2.356300300542382]","{""command_id_unavailable"": true, ""final_internal_force_setpoint_verified"": false}"
E1_on_r02_20260917T180946_1789636186200651410_aqclx4_k,2042,,,1789636188178706526,1677119402724,receipt_only_no_header,,,/ur10skku/targetF,valid,,,,,controller_reported_target,targetF,runtime_force_coordinate_unknown,,,N,,,,,,,0.0,0.0,0.0,,,not_physical_completion,"[0.0, 0.0, 0.0, 0.0, 0.0, 0.0]","{""command_id_unavailable"": true, ""final_internal_force_setpoint_verified"": false}"
E1_on_r02_20260917T180946_1789636186200651410_aqclx4_k,2044,,,1789636188178940682,1677119637120,receipt_only_no_header,,,/ur10skku/targetP,valid,,,,,controller_reported_target,targetP,robot_base,rotvec_rad,mm,,445.6846154596268,393.4673806035633,219.85266358405198,-0.006060493070027493,0.0004560411225676083,2.356305134689048,,,,,,not_physical_completion,"[445.6846154596268, 393.4673806035633, 219.85266358405198, -0.006060493070027493, 0.0004560411225676083, 2.356305134689048]","{""command_id_unavailable"": true, ""final_internal_force_setpoint_verified"": false}"
E1_on_r02_20260917T180946_1789636186200651410_aqclx4_k,2045,,,1789636188178968865,1677119664993,receipt_only_no_header,,,/ur10skku/targetF,valid,,,,,controller_reported_target,targetF,runtime_force_coordinate_unknown,,,N,,,,,,,0.0,0.0,0.0,,,not_physical_completion,"[0.0, 0.0, 0.0, 0.0, 0.0, 0.0]","{""command_id_unavailable"": true, ""final_internal_force_setpoint_verified"": false}"
E1_on_r02_20260917T180946_1789636186200651410_aqclx4_k,2047,,,1789636188179165650,1677119861887,receipt_only_no_header,,,/ur10skku/targetF,valid,,,,,controller_reported_target,targetF,runtime_force_coordinate_unknown,,,N,,,,,,,0.0,0.0,0.0,,,not_physical_completion,"[0.0, 0.0, 0.0, 0.0, 0.0, 0.0]","{""command_id_unavailable"": true, ""final_internal_force_setpoint_verified"": false}"
E1_on_r02_20260917T180946_1789636186200651410_aqclx4_k,2073,,,1789636188206463634,1677147160372,receipt_only_no_header,,,/ur10skku/targetP,valid,,,,,controller_reported_target,targetP,robot_base,rotvec_rad,mm,,445.7143669285692,393.4197083338825,219.84522288805067,-0.006321232498271091,0.00047929228242925227,2.35631004207878,,,,,,not_physical_completion,"[445.7143669285692, 393.4197083338825, 219.84522288805067, -0.006321232498271091, 0.00047929228242925227, 2.35631004207878]","{""command_id_unavailable"": true, ""final_internal_force_setpoint_verified"": false}"
E1_on_r02_20260917T180946_1789636186200651410_aqclx4_k,2074,,,1789636188206495655,1677147192043,receipt_only_no_header,,,/ur10skku/targetF,valid,,,,,controller_reported_target,targetF,runtime_force_coordinate_unknown,,,N,,,,,,,0.0,0.0,0.0,,,not_physical_completion,"[0.0, 0.0, 0.0, 0.0, 0.0, 0.0]","{""command_id_unavailable"": true, ""final_internal_force_setpoint_verified"": false}"
E1_on_r02_20260917T180946_1789636186200651410_aqclx4_k,2077,,,1789636188206780437,1677147476985,receipt_only_no_header,,,/ur10skku/targetP,valid,,,,,controller_reported_target,targetP,robot_base,rotvec_rad,mm,,445.74479456726027,393.37095260352714,219.83761308532206,-0.006586881894065764,0.0005029812841502139,2.356315020934397,,,,,,not_physical_completion,"[445.74479456726027, 393.37095260352714, 219.83761308532206, -0.006586881894065764, 0.0005029812841502139, 2.356315020934397]","{""command_id_unavailable"": true, ""final_internal_force_setpoint_verified"": false}"
E1_on_r02_20260917T180946_1789636186200651410_aqclx4_k,2081,,,1789636188239741087,1677180448486,receipt_only_no_header,,,/ur10skku/targetF,valid,,,,,controller_reported_target,targetF,runtime_force_coordinate_unknown,,,N,,,,,,,0.0,0.0,0.0,,,not_physical_completion,"[0.0, 0.0, 0.0, 0.0, 0.0, 0.0]","{""command_id_unavailable"": true, ""final_internal_force_setpoint_verified"": false}"
E1_on_r02_20260917T180946_1789636186200651410_aqclx4_k,2084,,,1789636188240158942,1677180855841,receipt_only_no_header,,,/ur10skku/targetP,valid,,,,,controller_reported_target,targetP,robot_base,rotvec_rad,mm,,445.7758983757,393.3211134124972,219.82983417586615,-0.006857408806525366,0.0005271052339991536,2.3563200694794957,,,,,,not_physical_completion,"[445.7758983757, 393.3211134124972, 219.82983417586615, -0.006857408806525366, 0.0005271052339991536, 2.3563200694794957]","{""command_id_unavailable"": true, ""final_internal_force_setpoint_verified"": false}"
E1_on_r02_20260917T180946_1789636186200651410_aqclx4_k,2085,,,1789636188240191384,1677180887842,receipt_only_no_header,,,/ur10skku/targetF,valid,,,,,controller_reported_target,targetF,runtime_force_coordinate_unknown,,,N,,,,,,,0.0,0.0,0.0,,,not_physical_completion,"[0.0, 0.0, 0.0, 0.0, 0.0, 0.0]","{""command_id_unavailable"": true, ""final_internal_force_setpoint_verified"": false}"
E1_on_r02_20260917T180946_1789636186200651410_aqclx4_k,2089,,,1789636188240671337,1677181367935,receipt_only_no_header,,,/ur10skku/targetP,valid,,,,,controller_reported_target,targetP,robot_base,rotvec_rad,mm,,445.8076783538885,393.2701907607927,219.82188615968295,-0.007132781416555109,0.0005516612945844493,2.356325185938438,,,,,,not_physical_completion,"[445.8076783538885, 393.2701907607927, 219.82188615968295, -0.007132781416555109, 0.0005516612945844493, 2.356325185938438]","{""command_id_unavailable"": true, ""final_internal_force_setpoint_verified"": false}"
E1_on_r02_20260917T180946_1789636186200651410_aqclx4_k,2090,,,1789636188240701815,1677181398203,receipt_only_no_header,,,/ur10skku/targetF,valid,,,,,controller_reported_target,targetF,runtime_force_coordinate_unknown,,,N,,,,,,,0.0,0.0,0.0,,,not_physical_completion,"[0.0, 0.0, 0.0, 0.0, 0.0, 0.0]","{""command_id_unavailable"": true, ""final_internal_force_setpoint_verified"": false}"
E1_on_r02_20260917T180946_1789636186200651410_aqclx4_k,2094,,,1789636188241198791,1677181895239,receipt_only_no_header,,,/ur10skku/targetP,valid,,,,,controller_reported_target,targetP,robot_base,rotvec_rad,mm,,445.8401345018257,393.2181846484136,219.81376903677244,-0.0074129685245436115,0.0005766466837566415,2.3563303685363306,,,,,,not_physical_completion,"[445.8401345018257, 393.2181846484136, 219.81376903677244, -0.0074129685245436115, 0.0005766466837566415, 2.3563303685363306]","{""command_id_unavailable"": true, ""final_internal_force_setpoint_verified"": false}"
E1_on_r02_20260917T180946_1789636186200651410_aqclx4_k,2095,,,1789636188241228818,1677181925126,receipt_only_no_header,,,/ur10skku/targetF,valid,,,,,controller_reported_target,targetF,runtime_force_coordinate_unknown,,,N,,,,,,,0.0,0.0,0.0,,,not_physical_completion,"[0.0, 0.0, 0.0, 0.0, 0.0, 0.0]","{""command_id_unavailable"": true, ""final_internal_force_setpoint_verified"": false}"
E1_on_r02_20260917T180946_1789636186200651410_aqclx4_k,2099,,,1789636188241528148,1677182224435,receipt_only_no_header,,,/ur10skku/targetP,valid,,,,,controller_reported_target,targetP,robot_base,rotvec_rad,mm,,445.8732668195115,393.16509507536,219.80548280713464,-0.007697939538397538,0.0006020586735414257,2.356335615499002,,,,,,not_physical_completion,"[445.8732668195115, 393.16509507536, 219.80548280713464, -0.007697939538397538, 0.0006020586735414257, 2.356335615499002]","{""command_id_unavailable"": true, ""final_internal_force_setpoint_verified"": false}"
E1_on_r02_20260917T180946_1789636186200651410_aqclx4_k,2100,,,1789636188241555860,1677182251978,receipt_only_no_header,,,/ur10skku/targetF,valid,,,,,controller_reported_target,targetF,runtime_force_coordinate_unknown,,,N,,,,,,,0.0,0.0,0.0,,,not_physical_completion,"[0.0, 0.0, 0.0, 0.0, 0.0, 0.0]","{""command_id_unavailable"": true, ""final_internal_force_setpoint_verified"": false}"
E1_on_r02_20260917T180946_1789636186200651410_aqclx4_k,2104,,,1789636188242002851,1677182699319,receipt_only_no_header,,,/ur10skku/targetP,valid,,,,,controller_reported_target,targetP,robot_base,rotvec_rad,mm,,445.90707530694607,393.1109220416318,219.7970274707695,-0.007987664461908184,0.0006278945891022505,2.356340925052973,,,,,,not_physical_completion,"[445.90707530694607, 393.1109220416318, 219.7970274707695, -0.007987664461908184, 0.0006278945891022505, 2.356340925052973]","{""command_id_unavailable"": true, ""final_internal_force_setpoint_verified"": false}"
E1_on_r02_20260917T180946_1789636186200651410_aqclx4_k,2115,,,1789636188273395266,1677214098727,receipt_only_no_header,,,/ur10skku/targetF,valid,,,,,controller_reported_target,targetF,runtime_force_coordinate_unknown,,,N,,,,,,,0.0,0.0,0.0,,,not_physical_completion,"[0.0, 0.0, 0.0, 0.0, 0.0, 0.0]","{""command_id_unavailable"": true, ""final_internal_force_setpoint_verified"": false}"
E1_on_r02_20260917T180946_1789636186200651410_aqclx4_k,2117,,,1789636188273677082,1677214374973,receipt_only_no_header,,,/ur10skku/targetP,valid,,,,,controller_reported_target,targetP,robot_base,rotvec_rad,mm,,445.9415599641293,393.055665547229,219.78840302767708,-0.00828211388343985,0.0006541518077316076,2.3563462954254284,,,,,,not_physical_completion,"[445.9415599641293, 393.055665547229, 219.78840302767708, -0.00828211388343985, 0.0006541518077316076, 2.3563462954254284]","{""command_id_unavailable"": true, ""final_internal_force_setpoint_verified"": false}"
E1_on_r02_20260917T180946_1789636186200651410_aqclx4_k,2118,,,1789636188273723441,1677214421081,receipt_only_no_header,,,/ur10skku/targetF,valid,,,,,controller_reported_target,targetF,runtime_force_coordinate_unknown,,,N,,,,,,,0.0,0.0,0.0,,,not_physical_completion,"[0.0, 0.0, 0.0, 0.0, 0.0, 0.0]","{""command_id_unavailable"": true, ""final_internal_force_setpoint_verified"": false}"
E1_on_r02_20260917T180946_1789636186200651410_aqclx4_k,2120,,,1789636188274053338,1677214751049,receipt_only_no_header,,,/ur10skku/targetP,valid,,,,,controller_reported_target,targetP,robot_base,rotvec_rad,mm,,445.9767207910612,392.9993255921517,219.77960947785735,-0.008581258964930142,0.0006808277578701389,2.356351724844178,,,,,,not_physical_completion,"[445.9767207910612, 392.9993255921517, 219.77960947785735, -0.008581258964930142, 0.0006808277578701389, 2.356351724844178]","{""command_id_unavailable"": true, ""final_internal_force_setpoint_verified"": false}"
E1_on_r02_20260917T180946_1789636186200651410_aqclx4_k,2121,,,1789636188274096450,1677214793720,receipt_only_no_header,,,/ur10skku/targetF,valid,,,,,controller_reported_target,targetF,runtime_force_coordinate_unknown,,,N,,,,,,,0.0,0.0,0.0,,,not_physical_completion,"[0.0, 0.0, 0.0, 0.0, 0.0, 0.0]","{""command_id_unavailable"": true, ""final_internal_force_setpoint_verified"": false}"
E1_on_r02_20260917T180946_1789636186200651410_aqclx4_k,2125,,,1789636188274795080,1677215491498,receipt_only_no_header,,,/ur10skku/targetP,valid,,,,,controller_reported_target,targetP,robot_base,rotvec_rad,mm,,446.0125577877418,392.9419021763998,219.77064682131032,-0.00888507143119274,0.0007079199181527176,2.356357211537622,,,,,,not_physical_completion,"[446.0125577877418, 392.9419021763998, 219.77064682131032, -0.00888507143119274, 0.0007079199181527176, 2.356357211537622]","{""command_id_unavailable"": true, ""final_internal_force_setpoint_verified"": false}"
E1_on_r02_20260917T180946_1789636186200651410_aqclx4_k,2126,,,1789636188274823754,1677215519992,receipt_only_no_header,,,/ur10skku/targetF,valid,,,,,controller_reported_target,targetF,runtime_force_coordinate_unknown,,,N,,,,,,,0.0,0.0,0.0,,,not_physical_completion,"[0.0, 0.0, 0.0, 0.0, 0.0, 0.0]","{""command_id_unavailable"": true, ""final_internal_force_setpoint_verified"": false}"
E1_on_r02_20260917T180946_1789636186200651410_aqclx4_k,2130,,,1789636188275221712,1677215918260,receipt_only_no_header,,,/ur10skku/targetP,valid,,,,,controller_reported_target,targetP,robot_base,rotvec_rad,mm,,446.0490709541711,392.88339529997336,219.761515058036,-0.009193523559513514,0.0007354258164806866,2.356362753734707,,,,,,not_physical_completion,"[446.0490709541711, 392.88339529997336, 219.761515058036, -0.009193523559513514, 0.0007354258164806866, 2.356362753734707]","{""command_id_unavailable"": true, ""final_internal_force_setpoint_verified"": false}"
E1_on_r02_20260917T180946_1789636186200651410_aqclx4_k,2131,,,1789636188275250246,1677215946543,receipt_only_no_header,,,/ur10skku/targetF,valid,,,,,controller_reported_target,targetF,runtime_force_coordinate_unknown,,,N,,,,,,,0.0,0.0,0.0,,,not_physical_completion,"[0.0, 0.0, 0.0, 0.0, 0.0, 0.0]","{""command_id_unavailable"": true, ""final_internal_force_setpoint_verified"": false}"
E1_on_r02_20260917T180946_1789636186200651410_aqclx4_k,2133,,,1789636188275403327,1677216099825,receipt_only_no_header,,,/ur10skku/targetP,valid,,,,,controller_reported_target,targetP,robot_base,rotvec_rad,mm,,446.0862602903491,392.8238049628723,219.75221418803437,-0.009506588169531219,0.0007633430291194757,2.3563683496648804,,,,,,not_physical_completion,"[446.0862602903491, 392.8238049628723, 219.75221418803437, -0.009506588169531219, 0.0007633430291194757, 2.3563683496648804]","{""command_id_unavailable"": true, ""final_internal_force_setpoint_verified"": false}"
E1_on_r02_20260917T180946_1789636186200651410_aqclx4_k,2134,,,1789636188275431741,1677216128109,receipt_only_no_header,,,/ur10skku/targetF,valid,,,,,controller_reported_target,targetF,runtime_force_coordinate_unknown,,,N,,,,,,,0.0,0.0,0.0,,,not_physical_completion,"[0.0, 0.0, 0.0, 0.0, 0.0, 0.0]","{""command_id_unavailable"": true, ""final_internal_force_setpoint_verified"": false}"
E1_on_r02_20260917T180946_1789636186200651410_aqclx4_k,2138,,,1789636188275736581,1677216433089,receipt_only_no_header,,,/ur10skku/targetP,valid,,,,,controller_reported_target,targetP,robot_base,rotvec_rad,mm,,446.1241257962758,392.76313116509675,219.74274421130545,-0.00982423861339427,0.000791669179820837,2.356373997558043,,,,,,not_physical_completion,"[446.1241257962758, 392.76313116509675, 219.74274421130545, -0.00982423861339427, 0.000791669179820837, 2.356373997558043]","{""command_id_unavailable"": true, ""final_internal_force_setpoint_verified"": false}"
E1_on_r02_20260917T180946_1789636186200651410_aqclx4_k,2139,,,1789636188275763052,1677216459239,receipt_only_no_header,,,/ur10skku/targetF,valid,,,,,controller_reported_target,targetF,runtime_force_coordinate_unknown,,,N,,,,,,,0.0,0.0,0.0,,,not_physical_completion,"[0.0, 0.0, 0.0, 0.0, 0.0, 0.0]","{""command_id_unavailable"": true, ""final_internal_force_setpoint_verified"": false}"
E1_on_r02_20260917T180946_1789636186200651410_aqclx4_k,2143,,,1789636188276195685,1677216892163,receipt_only_no_header,,,/ur10skku/targetP,valid,,,,,controller_reported_target,targetP,robot_base,rotvec_rad,mm,,446.1626674719512,392.7013739066466,219.7331051278492,-0.010146448766185487,0.0008204019389689773,2.356379695644498,,,,,,not_physical_completion,"[446.1626674719512, 392.7013739066466, 219.7331051278492, -0.010146448766185487, 0.0008204019389689773, 2.356379695644498]","{""command_id_unavailable"": true, ""final_internal_force_setpoint_verified"": false}"
E1_on_r02_20260917T180946_1789636186200651410_aqclx4_k,2169,,,1789636188365330897,1677306027996,receipt_only_no_header,,,/ur10skku/targetP,valid,,,,,controller_reported_target,targetP,robot_base,rotvec_rad,mm,,446.20188531737523,392.6385331875219,219.72329693766565,-0.010473193016606869,0.0008495390227498793,2.3563854421548944,,,,,,not_physical_completion,"[446.20188531737523, 392.6385331875219, 219.72329693766565, -0.010473193016606869, 0.0008495390227498793, 2.3563854421548944]","{""command_id_unavailable"": true, ""final_internal_force_setpoint_verified"": false}"
E1_on_r02_20260917T180946_1789636186200651410_aqclx4_k,2170,,,1789636188365368649,1677306065257,receipt_only_no_header,,,/ur10skku/targetF,valid,,,,,controller_reported_target,targetF,runtime_force_coordinate_unknown,,,N,,,,,,,0.0,0.0,0.0,,,not_physical_completion,"[0.0, 0.0, 0.0, 0.0, 0.0, 0.0]","{""command_id_unavailable"": true, ""final_internal_force_setpoint_verified"": false}"
E1_on_r02_20260917T180946_1789636186200651410_aqclx4_k,2172,,,1789636188366988461,1677307685179,receipt_only_no_header,,,/ur10skku/targetP,valid,,,,,controller_reported_target,targetP,robot_base,rotvec_rad,mm,,446.241779332548,392.5746090077226,219.7133196407548,-0.01080444625791694,0.0008790781923431435,2.3563912353201757,,,,,,not_physical_completion,"[446.241779332548, 392.5746090077226, 219.7133196407548, -0.01080444625791694, 0.0008790781923431435, 2.3563912353201757]","{""command_id_unavailable"": true, ""final_internal_force_setpoint_verified"": false}"
E1_on_r02_20260917T180946_1789636186200651410_aqclx4_k,2173,,,1789636188367019019,1677307715417,receipt_only_no_header,,,/ur10skku/targetF,valid,,,,,controller_reported_target,targetF,runtime_force_coordinate_unknown,,,N,,,,,,,0.0,0.0,0.0,,,not_physical_completion,"[0.0, 0.0, 0.0, 0.0, 0.0, 0.0]","{""command_id_unavailable"": true, ""final_internal_force_setpoint_verified"": false}"
E1_on_r02_20260917T180946_1789636186200651410_aqclx4_k,2177,,,1789636188367696388,1677308393197,receipt_only_no_header,,,/ur10skku/targetP,valid,,,,,controller_reported_target,targetP,robot_base,rotvec_rad,mm,,446.2823495174694,392.50960136724876,219.70317323711666,-0.011140183879113206,0.0009090172531356905,2.356397073371512,,,,,,not_physical_completion,"[446.2823495174694, 392.50960136724876, 219.70317323711666, -0.011140183879113206, 0.0009090172531356905, 2.356397073371512]","{""command_id_unavailable"": true, ""final_internal_force_setpoint_verified"": false}"
E1_on_r02_20260917T180946_1789636186200651410_aqclx4_k,2178,,,1789636188367727377,1677308423865,receipt_only_no_header,,,/ur10skku/targetF,valid,,,,,controller_reported_target,targetF,runtime_force_coordinate_unknown,,,N,,,,,,,0.0,0.0,0.0,,,not_physical_completion,"[0.0, 0.0, 0.0, 0.0, 0.0, 0.0]","{""command_id_unavailable"": true, ""final_internal_force_setpoint_verified"": false}"
E1_on_r02_20260917T180946_1789636186200651410_aqclx4_k,2182,,,1789636188368187583,1677308884191,receipt_only_no_header,,,/ur10skku/targetP,valid,,,,,controller_reported_target,targetP,robot_base,rotvec_rad,mm,,446.32359587213955,392.44351026610036,219.6928577267512,-0.0114803817563528,0.0009393540539567031,2.356402954540246,,,,,,not_physical_completion,"[446.32359587213955, 392.44351026610036, 219.6928577267512, -0.0114803817563528, 0.0009393540539567031, 2.356402954540246]","{""command_id_unavailable"": true, ""final_internal_force_setpoint_verified"": false}"
E1_on_r02_20260917T180946_1789636186200651410_aqclx4_k,2183,,,1789636188368218131,1677308914438,receipt_only_no_header,,,/ur10skku/targetF,valid,,,,,controller_reported_target,targetF,runtime_force_coordinate_unknown,,,N,,,,,,,0.0,0.0,0.0,,,not_physical_completion,"[0.0, 0.0, 0.0, 0.0, 0.0, 0.0]","{""command_id_unavailable"": true, ""final_internal_force_setpoint_verified"": false}"
E1_on_r02_20260917T180946_1789636186200651410_aqclx4_k,2187,,,1789636188368542348,1677309238896,receipt_only_no_header,,,/ur10skku/targetP,valid,,,,,controller_reported_target,targetP,robot_base,rotvec_rad,mm,,446.3655183965584,392.3763357042774,219.68237310965847,-0.01182501624460447,0.000970086486333196,2.3564088770578238,,,,,,not_physical_completion,"[446.3655183965584, 392.3763357042774, 219.68237310965847, -0.01182501624460447, 0.000970086486333196, 2.3564088770578238]","{""command_id_unavailable"": true, ""final_internal_force_setpoint_verified"": false}"
E1_on_r02_20260917T180946_1789636186200651410_aqclx4_k,2188,,,1789636188368571633,1677309267841,receipt_only_no_header,,,/ur10skku/targetF,valid,,,,,controller_reported_target,targetF,runtime_force_coordinate_unknown,,,N,,,,,,,0.0,0.0,0.0,,,not_physical_completion,"[0.0, 0.0, 0.0, 0.0, 0.0, 0.0]","{""command_id_unavailable"": true, ""final_internal_force_setpoint_verified"": false}"
E1_on_r02_20260917T180946_1789636186200651410_aqclx4_k,2192,,,1789636188369118835,1677309815703,receipt_only_no_header,,,/ur10skku/targetP,valid,,,,,controller_reported_target,targetP,robot_base,rotvec_rad,mm,,446.4081170907259,392.3080776817798,219.67171938583843,-0.012174064169525342,0.001001212483765634,2.356414839155728,,,,,,not_physical_completion,"[446.4081170907259, 392.3080776817798, 219.67171938583843, -0.012174064169525342, 0.001001212483765634, 2.356414839155728]","{""command_id_unavailable"": true, ""final_internal_force_setpoint_verified"": false}"
E1_on_r02_20260917T180946_1789636186200651410_aqclx4_k,2193,,,1789636188369149733,1677309846051,receipt_only_no_header,,,/ur10skku/targetF,valid,,,,,controller_reported_target,targetF,runtime_force_coordinate_unknown,,,N,,,,,,,0.0,0.0,0.0,,,not_physical_completion,"[0.0, 0.0, 0.0, 0.0, 0.0, 0.0]","{""command_id_unavailable"": true, ""final_internal_force_setpoint_verified"": false}"
E1_on_r02_20260917T180946_1789636186200651410_aqclx4_k,2197,,,1789636188369451748,1677310148076,receipt_only_no_header,,,/ur10skku/targetP,valid,,,,,controller_reported_target,targetP,robot_base,rotvec_rad,mm,,446.45139195464213,392.23873619860774,219.6608965552911,-0.012527502819556141,0.0010327300210230272,2.35642083906541,,,,,,not_physical_completion,"[446.45139195464213, 392.23873619860774, 219.6608965552911, -0.012527502819556141, 0.0010327300210230272, 2.35642083906541]","{""command_id_unavailable"": true, ""final_internal_force_setpoint_verified"": false}"
E1_on_r02_20260917T180946_1789636186200651410_aqclx4_k,2198,,,1789636188369479942,1677310176269,receipt_only_no_header,,,/ur10skku/targetF,valid,,,,,controller_reported_target,targetF,runtime_force_coordinate_unknown,,,N,,,,,,,0.0,0.0,0.0,,,not_physical_completion,"[0.0, 0.0, 0.0, 0.0, 0.0, 0.0]","{""command_id_unavailable"": true, ""final_internal_force_setpoint_verified"": false}"
E1_on_r02_20260917T180946_1789636186200651410_aqclx4_k,2202,,,1789636188370028446,1677310725405,receipt_only_no_header,,,/ur10skku/targetP,valid,,,,,controller_reported_target,targetP,robot_base,rotvec_rad,mm,,446.495342988307,392.1683112547611,219.64990461801642,-0.012885309938228806,0.001064637113456969,2.356426875018215,,,,,,not_physical_completion,"[446.495342988307, 392.1683112547611, 219.64990461801642, -0.012885309938228806, 0.001064637113456969, 2.356426875018215]","{""command_id_unavailable"": true, ""final_internal_force_setpoint_verified"": false}"
E1_on_r02_20260917T180946_1789636186200651410_aqclx4_k,2203,,,1789636188370058022,1677310755011,receipt_only_no_header,,,/ur10skku/targetF,valid,,,,,controller_reported_target,targetF,runtime_force_coordinate_unknown,,,N,,,,,,,0.0,0.0,0.0,,,not_physical_completion,"[0.0, 0.0, 0.0, 0.0, 0.0, 0.0]","{""command_id_unavailable"": true, ""final_internal_force_setpoint_verified"": false}"
E1_on_r02_20260917T180946_1789636186200651410_aqclx4_k,2227,,,1789636188388984206,1677329683409,receipt_only_no_header,,,/ur10skku/targetF,valid,,,,,controller_reported_target,targetF,runtime_force_coordinate_unknown,,,N,,,,,,,0.0,0.0,0.0,,,not_physical_completion,"[0.0, 0.0, 0.0, 0.0, 0.0, 0.0]","{""command_id_unavailable"": true, ""final_internal_force_setpoint_verified"": false}"
E1_on_r02_20260917T180946_1789636186200651410_aqclx4_k,2231,,,1789636188389647669,1677330344147,receipt_only_no_header,,,/ur10skku/targetP,valid,,,,,controller_reported_target,targetP,robot_base,rotvec_rad,mm,,446.5399701917206,392.09680285023984,219.63874357401446,-0.013247463716680554,0.0010969318163340832,2.3564329452453143,,,,,,not_physical_completion,"[446.5399701917206, 392.09680285023984, 219.63874357401446, -0.013247463716680554, 0.0010969318163340832, 2.3564329452453143]","{""command_id_unavailable"": true, ""final_internal_force_setpoint_verified"": false}"
E1_on_r02_20260917T180946_1789636186200651410_aqclx4_k,2232,,,1789636188389676804,1677330372901,receipt_only_no_header,,,/ur10skku/targetF,valid,,,,,controller_reported_target,targetF,runtime_force_coordinate_unknown,,,N,,,,,,,0.0,0.0,0.0,,,not_physical_completion,"[0.0, 0.0, 0.0, 0.0, 0.0, 0.0]","{""command_id_unavailable"": true, ""final_internal_force_setpoint_verified"": false}"
E1_on_r02_20260917T180946_1789636186200651410_aqclx4_k,2236,,,1789636188390125889,1677330822106,receipt_only_no_header,,,/ur10skku/targetP,valid,,,,,controller_reported_target,targetP,robot_base,rotvec_rad,mm,,446.58527356488287,392.0242109850441,219.6274134232852,-0.013613942786368743,0.001129612224186379,2.356439047977622,,,,,,not_physical_completion,"[446.58527356488287, 392.0242109850441, 219.6274134232852, -0.013613942786368743, 0.001129612224186379, 2.356439047977622]","{""command_id_unavailable"": true, ""final_internal_force_setpoint_verified"": false}"
E1_on_r02_20260917T180946_1789636186200651410_aqclx4_k,2237,,,1789636188390153651,1677330849759,receipt_only_no_header,,,/ur10skku/targetF,valid,,,,,controller_reported_target,targetF,runtime_force_coordinate_unknown,,,N,,,,,,,0.0,0.0,0.0,,,not_physical_completion,"[0.0, 0.0, 0.0, 0.0, 0.0, 0.0]","{""command_id_unavailable"": true, ""final_internal_force_setpoint_verified"": false}"
E1_on_r02_20260917T180946_1789636186200651410_aqclx4_k,2241,,,1789636188390528525,1677331225063,receipt_only_no_header,,,/ur10skku/targetP,valid,,,,,controller_reported_target,targetP,robot_base,rotvec_rad,mm,,446.63125310779384,391.95053565917374,219.61591416582863,-0.013984726211981074,0.0011626764701790193,2.356445181445721,,,,,,not_physical_completion,"[446.63125310779384, 391.95053565917374, 219.61591416582863, -0.013984726211981074, 0.0011626764701790193, 2.356445181445721]","{""command_id_unavailable"": true, ""final_internal_force_setpoint_verified"": false}"
E1_on_r02_20260917T180946_1789636186200651410_aqclx4_k,2242,,,1789636188390557760,1677331254088,receipt_only_no_header,,,/ur10skku/targetF,valid,,,,,controller_reported_target,targetF,runtime_force_coordinate_unknown,,,N,,,,,,,0.0,0.0,0.0,,,not_physical_completion,"[0.0, 0.0, 0.0, 0.0, 0.0, 0.0]","{""command_id_unavailable"": true, ""final_internal_force_setpoint_verified"": false}"
E1_on_r02_20260917T180946_1789636186200651410_aqclx4_k,2246,,,1789636188391020842,1677331717299,receipt_only_no_header,,,/ur10skku/targetP,valid,,,,,controller_reported_target,targetP,robot_base,rotvec_rad,mm,,446.6779088204535,391.8757768726288,219.60424580164477,-0.014359793484535774,0.0011961227254950418,2.3564513438797836,,,,,,not_physical_completion,"[446.6779088204535, 391.8757768726288, 219.60424580164477, -0.014359793484535774, 0.0011961227254950418, 2.3564513438797836]","{""command_id_unavailable"": true, ""final_internal_force_setpoint_verified"": false}"
E1_on_r02_20260917T180946_1789636186200651410_aqclx4_k,2247,,,1789636188391049175,1677331745423,receipt_only_no_header,,,/ur10skku/targetF,valid,,,,,controller_reported_target,targetF,runtime_force_coordinate_unknown,,,N,,,,,,,0.0,0.0,0.0,,,not_physical_completion,"[0.0, 0.0, 0.0, 0.0, 0.0, 0.0]","{""command_id_unavailable"": true, ""final_internal_force_setpoint_verified"": false}"
E1_on_r02_20260917T180946_1789636186200651410_aqclx4_k,2251,,,1789636188391600154,1677332296552,receipt_only_no_header,,,/ur10skku/targetP,valid,,,,,controller_reported_target,targetP,robot_base,rotvec_rad,mm,,446.72524070286187,391.7999346254093,219.5924083307336,-0.014739124514666732,0.0012299491987365601,2.356457533509485,,,,,,not_physical_completion,"[446.72524070286187, 391.7999346254093, 219.5924083307336, -0.014739124514666732, 0.0012299491987365601, 2.356457533509485]","{""command_id_unavailable"": true, ""final_internal_force_setpoint_verified"": false}"
E1_on_r02_20260917T180946_1789636186200651410_aqclx4_k,2252,,,1789636188391628808,1677332324986,receipt_only_no_header,,,/ur10skku/targetF,valid,,,,,controller_reported_target,targetF,runtime_force_coordinate_unknown,,,N,,,,,,,0.0,0.0,0.0,,,not_physical_completion,"[0.0, 0.0, 0.0, 0.0, 0.0, 0.0]","{""command_id_unavailable"": true, ""final_internal_force_setpoint_verified"": false}"
E1_on_r02_20260917T180946_1789636186200651410_aqclx4_k,2266,,,1789636188453311623,1677394008943,receipt_only_no_header,,,/ur10skku/targetP,valid,,,,,controller_reported_target,targetP,robot_base,rotvec_rad,mm,,446.7732487550189,391.7230089175153,219.58040175309515,-0.0151226996260886,0.001264154135342024,2.3564637485639257,,,,,,not_physical_completion,"[446.7732487550189, 391.7230089175153, 219.58040175309515, -0.0151226996260886, 0.001264154135342024, 2.3564637485639257]","{""command_id_unavailable"": true, ""final_internal_force_setpoint_verified"": false}"
E1_on_r02_20260917T180946_1789636186200651410_aqclx4_k,2271,,,1789636188453851761,1677394547938,receipt_only_no_header,,,/ur10skku/targetP,valid,,,,,controller_reported_target,targetP,robot_base,rotvec_rad,mm,,446.82193297692464,391.6449997489467,219.56822606872936,-0.015510499549237089,0.0012987358170190972,2.3564699872715402,,,,,,not_physical_completion,"[446.82193297692464, 391.6449997489467, 219.56822606872936, -0.015510499549237089, 0.0012987358170190972, 2.3564699872715402]","{""command_id_unavailable"": true, ""final_internal_force_setpoint_verified"": false}"
E1_on_r02_20260917T180946_1789636186200651410_aqclx4_k,2272,,,1789636188453881818,1677394578035,receipt_only_no_header,,,/ur10skku/targetF,valid,,,,,controller_reported_target,targetF,runtime_force_coordinate_unknown,,,N,,,,,,,0.0,0.0,0.0,,,not_physical_completion,"[0.0, 0.0, 0.0, 0.0, 0.0, 0.0]","{""command_id_unavailable"": true, ""final_internal_force_setpoint_verified"": false}"
E1_on_r02_20260917T180946_1789636186200651410_aqclx4_k,2278,,,1789636188454345049,1677395041487,receipt_only_no_header,,,/ur10skku/targetP,valid,,,,,controller_reported_target,targetP,robot_base,rotvec_rad,mm,,446.8712933685791,391.5659071197035,219.55588127763627,-0.01590250541507995,0.0013336925611927555,2.3564762478600114,,,,,,not_physical_completion,"[446.8712933685791, 391.5659071197035, 219.55588127763627, -0.01590250541507995, 0.0013336925611927555, 2.3564762478600114]","{""command_id_unavailable"": true, ""final_internal_force_setpoint_verified"": false}"
E1_on_r02_20260917T180946_1789636186200651410_aqclx4_k,2279,,,1789636188454374586,1677395070733,receipt_only_no_header,,,/ur10skku/targetF,valid,,,,,controller_reported_target,targetF,runtime_force_coordinate_unknown,,,N,,,,,,,0.0,0.0,0.0,,,not_physical_completion,"[0.0, 0.0, 0.0, 0.0, 0.0, 0.0]","{""command_id_unavailable"": true, ""final_internal_force_setpoint_verified"": false}"
E1_on_r02_20260917T180946_1789636186200651410_aqclx4_k,2284,,,1789636188454822809,1677395519166,receipt_only_no_header,,,/ur10skku/targetP,valid,,,,,controller_reported_target,targetP,robot_base,rotvec_rad,mm,,446.92132992998216,391.48573102978577,219.5433673798159,-0.016298698749094093,0.0013690227204682058,2.3564825285561812,,,,,,not_physical_completion,"[446.92132992998216, 391.48573102978577, 219.5433673798159, -0.016298698749094093, 0.0013690227204682058, 2.3564825285561812]","{""command_id_unavailable"": true, ""final_internal_force_setpoint_verified"": false}"
E1_on_r02_20260917T180946_1789636186200651410_aqclx4_k,2285,,,1789636188454851633,1677395547921,receipt_only_no_header,,,/ur10skku/targetF,valid,,,,,controller_reported_target,targetF,runtime_force_coordinate_unknown,,,N,,,,,,,0.0,0.0,0.0,,,not_physical_completion,"[0.0, 0.0, 0.0, 0.0, 0.0, 0.0]","{""command_id_unavailable"": true, ""final_internal_force_setpoint_verified"": false}"
E1_on_r02_20260917T180946_1789636186200651410_aqclx4_k,2290,,,1789636188455562276,1677396258553,receipt_only_no_header,,,/ur10skku/targetP,valid,,,,,controller_reported_target,targetP,robot_base,rotvec_rad,mm,,446.97204266113397,391.4044714791935,219.5306843752682,-0.016699061465404615,0.0014047246821082345,2.35648882758596,,,,,,not_physical_completion,"[446.97204266113397, 391.4044714791935, 219.5306843752682, -0.016699061465404615, 0.0014047246821082345, 2.35648882758596]","{""command_id_unavailable"": true, ""final_internal_force_setpoint_verified"": false}"
E1_on_r02_20260917T180946_1789636186200651410_aqclx4_k,2291,,,1789636188455589808,1677396285895,receipt_only_no_header,,,/ur10skku/targetF,valid,,,,,controller_reported_target,targetF,runtime_force_coordinate_unknown,,,N,,,,,,,0.0,0.0,0.0,,,not_physical_completion,"[0.0, 0.0, 0.0, 0.0, 0.0, 0.0]","{""command_id_unavailable"": true, ""final_internal_force_setpoint_verified"": false}"
E1_on_r02_20260917T180946_1789636186200651410_aqclx4_k,2293,,,1789636188455862537,1677396558774,receipt_only_no_header,,,/ur10skku/targetP,valid,,,,,controller_reported_target,targetP,robot_base,rotvec_rad,mm,,447.0234315620345,391.32212846792663,219.51783226399323,-0.017103575861081605,0.0014407968675246353,2.3564951431742314,,,,,,not_physical_completion,"[447.0234315620345, 391.32212846792663, 219.51783226399323, -0.017103575861081605, 0.0014407968675246353, 2.3564951431742314]","{""command_id_unavailable"": true, ""final_internal_force_setpoint_verified"": false}"
E1_on_r02_20260917T180946_1789636186200651410_aqclx4_k,2294,,,1789636188455889007,1677396585145,receipt_only_no_header,,,/ur10skku/targetF,valid,,,,,controller_reported_target,targetF,runtime_force_coordinate_unknown,,,N,,,,,,,0.0,0.0,0.0,,,not_physical_completion,"[0.0, 0.0, 0.0, 0.0, 0.0, 0.0]","{""command_id_unavailable"": true, ""final_internal_force_setpoint_verified"": false}"
E1_on_r02_20260917T180946_1789636186200651410_aqclx4_k,2298,,,1789636188456253571,1677396950049,receipt_only_no_header,,,/ur10skku/targetP,valid,,,,,controller_reported_target,targetP,robot_base,rotvec_rad,mm,,447.07549663268367,391.2387019959852,219.50481104599095,-0.01751222461059069,0.0014772377317833392,2.3565014735447605,,,,,,not_physical_completion,"[447.07549663268367, 391.2387019959852, 219.50481104599095, -0.01751222461059069, 0.0014772377317833392, 2.3565014735447605]","{""command_id_unavailable"": true, ""final_internal_force_setpoint_verified"": false}"
E1_on_r02_20260917T180946_1789636186200651410_aqclx4_k,2299,,,1789636188456282536,1677396978764,receipt_only_no_header,,,/ur10skku/targetF,valid,,,,,controller_reported_target,targetF,runtime_force_coordinate_unknown,,,N,,,,,,,0.0,0.0,0.0,,,not_physical_completion,"[0.0, 0.0, 0.0, 0.0, 0.0, 0.0]","{""command_id_unavailable"": true, ""final_internal_force_setpoint_verified"": false}"
E1_on_r02_20260917T180946_1789636186200651410_aqclx4_k,2303,,,1789636188456730729,1677397427067,receipt_only_no_header,,,/ur10skku/targetP,valid,,,,,controller_reported_target,targetP,robot_base,rotvec_rad,mm,,447.12823787308156,391.1541920633692,219.49162072126137,-0.017924990760393503,0.0015140457631229183,2.3565078169200957,,,,,,not_physical_completion,"[447.12823787308156, 391.1541920633692, 219.49162072126137, -0.017924990760393503, 0.0015140457631229183, 2.3565078169200957]","{""command_id_unavailable"": true, ""final_internal_force_setpoint_verified"": false}"
E1_on_r02_20260917T180946_1789636186200651410_aqclx4_k,2304,,,1789636188456758953,1677397455080,receipt_only_no_header,,,/ur10skku/targetF,valid,,,,,controller_reported_target,targetF,runtime_force_coordinate_unknown,,,N,,,,,,,0.0,0.0,0.0,,,not_physical_completion,"[0.0, 0.0, 0.0, 0.0, 0.0, 0.0]","{""command_id_unavailable"": true, ""final_internal_force_setpoint_verified"": false}"
E1_on_r02_20260917T180946_1789636186200651410_aqclx4_k,2308,,,1789636188457177970,1677397874378,receipt_only_no_header,,,/ur10skku/targetP,valid,,,,,controller_reported_target,targetP,robot_base,rotvec_rad,mm,,447.1816552832281,391.06859867007864,219.4782612898045,-0.0183418577236943,0.0015512194824861207,2.3565141715214697,,,,,,not_physical_completion,"[447.1816552832281, 391.06859867007864, 219.4782612898045, -0.0183418577236943, 0.0015512194824861207, 2.3565141715214697]","{""command_id_unavailable"": true, ""final_internal_force_setpoint_verified"": false}"
E1_on_r02_20260917T180946_1789636186200651410_aqclx4_k,2309,,,1789636188457206544,1677397902872,receipt_only_no_header,,,/ur10skku/targetF,valid,,,,,controller_reported_target,targetF,runtime_force_coordinate_unknown,,,N,,,,,,,0.0,0.0,0.0,,,not_physical_completion,"[0.0, 0.0, 0.0, 0.0, 0.0, 0.0]","{""command_id_unavailable"": true, ""final_internal_force_setpoint_verified"": false}"
E1_on_r02_20260917T180946_1789636186200651410_aqclx4_k,2313,,,1789636188457633266,1677398329674,receipt_only_no_header,,,/ur10skku/targetF,valid,,,,,controller_reported_target,targetF,runtime_force_coordinate_unknown,,,N,,,,,,,0.0,0.0,0.0,,,not_physical_completion,"[0.0, 0.0, 0.0, 0.0, 0.0, 0.0]","{""command_id_unavailable"": true, ""final_internal_force_setpoint_verified"": false}"
E1_on_r02_20260917T180946_1789636186200651410_aqclx4_k,2335,,,1789636188487132559,1677427829318,receipt_only_no_header,,,/ur10skku/targetP,valid,,,,,controller_reported_target,targetP,robot_base,rotvec_rad,mm,,447.2357488631234,390.9819218161135,219.4647327516203,-0.01876280927532917,0.0015887574430641202,2.356520535568705,,,,,,not_physical_completion,"[447.2357488631234, 390.9819218161135, 219.4647327516203, -0.01876280927532917, 0.0015887574430641202, 2.356520535568705]","{""command_id_unavailable"": true, ""final_internal_force_setpoint_verified"": false}"
E1_on_r02_20260917T180946_1789636186200651410_aqclx4_k,2339,,,1789636188487630046,1677428326564,receipt_only_no_header,,,/ur10skku/targetP,valid,,,,,controller_reported_target,targetP,robot_base,rotvec_rad,mm,,447.2905186127673,390.89416150147383,219.4510351067088,-0.01918782954679432,0.001626658229853171,2.356526907280106,,,,,,not_physical_completion,"[447.2905186127673, 390.89416150147383, 219.4510351067088, -0.01918782954679432, 0.001626658229853171, 2.356526907280106]","{""command_id_unavailable"": true, ""final_internal_force_setpoint_verified"": false}"
E1_on_r02_20260917T180946_1789636186200651410_aqclx4_k,2340,,,1789636188487659251,1677428355479,receipt_only_no_header,,,/ur10skku/targetF,valid,,,,,controller_reported_target,targetF,runtime_force_coordinate_unknown,,,N,,,,,,,0.0,0.0,0.0,,,not_physical_completion,"[0.0, 0.0, 0.0, 0.0, 0.0, 0.0]","{""command_id_unavailable"": true, ""final_internal_force_setpoint_verified"": false}"
E1_on_r02_20260917T180946_1789636186200651410_aqclx4_k,2344,,,1789636188488149134,1677428845561,receipt_only_no_header,,,/ur10skku/targetP,valid,,,,,controller_reported_target,targetP,robot_base,rotvec_rad,mm,,447.34596453215994,390.80531772615956,219.43716835506999,-0.019616903021410108,0.0016649204592233645,2.356533284872361,,,,,,not_physical_completion,"[447.34596453215994, 390.80531772615956, 219.43716835506999, -0.019616903021410108, 0.0016649204592233645, 2.356533284872361]","{""command_id_unavailable"": true, ""final_internal_force_setpoint_verified"": false}"
E1_on_r02_20260917T180946_1789636186200651410_aqclx4_k,2345,,,1789636188488176596,1677428872753,receipt_only_no_header,,,/ur10skku/targetF,valid,,,,,controller_reported_target,targetF,runtime_force_coordinate_unknown,,,N,,,,,,,0.0,0.0,0.0,,,not_physical_completion,"[0.0, 0.0, 0.0, 0.0, 0.0, 0.0]","{""command_id_unavailable"": true, ""final_internal_force_setpoint_verified"": false}"
E1_on_r02_20260917T180946_1789636186200651410_aqclx4_k,2349,,,1789636188488434767,1677429131325,receipt_only_no_header,,,/ur10skku/targetP,valid,,,,,controller_reported_target,targetP,robot_base,rotvec_rad,mm,,447.4020866213013,390.71539049017076,219.4231324967039,-0.020050014529617518,0.001703542778499199,2.3565396665604372,,,,,,not_physical_completion,"[447.4020866213013, 390.71539049017076, 219.4231324967039, -0.020050014529617518, 0.001703542778499199, 2.3565396665604372]","{""command_id_unavailable"": true, ""final_internal_force_setpoint_verified"": false}"
E1_on_r02_20260917T180946_1789636186200651410_aqclx4_k,2350,,,1789636188488461789,1677429158026,receipt_only_no_header,,,/ur10skku/targetF,valid,,,,,controller_reported_target,targetF,runtime_force_coordinate_unknown,,,N,,,,,,,0.0,0.0,0.0,,,not_physical_completion,"[0.0, 0.0, 0.0, 0.0, 0.0, 0.0]","{""command_id_unavailable"": true, ""final_internal_force_setpoint_verified"": false}"
E1_on_r02_20260917T180946_1789636186200651410_aqclx4_k,2352,,,1789636188488806194,1677429502542,receipt_only_no_header,,,/ur10skku/targetP,valid,,,,,controller_reported_target,targetP,robot_base,rotvec_rad,mm,,447.4588848801913,390.6243797935074,219.4089275316105,-0.02048714924440402,0.0017425238655516871,2.356546050557473,,,,,,not_physical_completion,"[447.4588848801913, 390.6243797935074, 219.4089275316105, -0.02048714924440402, 0.0017425238655516871, 2.356546050557473]","{""command_id_unavailable"": true, ""final_internal_force_setpoint_verified"": false}"
E1_on_r02_20260917T180946_1789636186200651410_aqclx4_k,2353,,,1789636188488832344,1677429528591,receipt_only_no_header,,,/ur10skku/targetF,valid,,,,,controller_reported_target,targetF,runtime_force_coordinate_unknown,,,N,,,,,,,0.0,0.0,0.0,,,not_physical_completion,"[0.0, 0.0, 0.0, 0.0, 0.0, 0.0]","{""command_id_unavailable"": true, ""final_internal_force_setpoint_verified"": false}"
E1_on_r02_20260917T180946_1789636186200651410_aqclx4_k,2357,,,1789636188489122826,1677429819154,receipt_only_no_header,,,/ur10skku/targetF,valid,,,,,controller_reported_target,targetF,runtime_force_coordinate_unknown,,,N,,,,,,,0.0,0.0,0.0,,,not_physical_completion,"[0.0, 0.0, 0.0, 0.0, 0.0, 0.0]","{""command_id_unavailable"": true, ""final_internal_force_setpoint_verified"": false}"
E1_on_r02_20260917T180946_1789636186200651410_aqclx4_k,2372,,,1789636188553630666,1677494327725,receipt_only_no_header,,,/ur10skku/targetP,valid,,,,,controller_reported_target,targetP,robot_base,rotvec_rad,mm,,447.51635930883003,390.53228563616943,219.3945534597898,-0.02092829267685576,0.0017818624284017238,2.356552435074673,,,,,,not_physical_completion,"[447.51635930883003, 390.53228563616943, 219.3945534597898, -0.02092829267685576, 0.0017818624284017238, 2.356552435074673]","{""command_id_unavailable"": true, ""final_internal_force_setpoint_verified"": false}"
E1_on_r02_20260917T180946_1789636186200651410_aqclx4_k,2373,,,1789636188553668498,1677494365387,receipt_only_no_header,,,/ur10skku/targetF,valid,,,,,controller_reported_target,targetF,runtime_force_coordinate_unknown,,,N,,,,,,,0.0,0.0,0.0,,,not_physical_completion,"[0.0, 0.0, 0.0, 0.0, 0.0, 0.0]","{""command_id_unavailable"": true, ""final_internal_force_setpoint_verified"": false}"
E1_on_r02_20260917T180946_1789636186200651410_aqclx4_k,2377,,,1789636188554060915,1677494757774,receipt_only_no_header,,,/ur10skku/targetP,valid,,,,,controller_reported_target,targetP,robot_base,rotvec_rad,mm,,447.5745099072174,390.4391080181569,219.3800102812418,-0.021373430671833074,0.0018215572048344618,2.3565588183211976,,,,,,not_physical_completion,"[447.5745099072174, 390.4391080181569, 219.3800102812418, -0.021373430671833074, 0.0018215572048344618, 2.3565588183211976]","{""command_id_unavailable"": true, ""final_internal_force_setpoint_verified"": false}"
E1_on_r02_20260917T180946_1789636186200651410_aqclx4_k,2378,,,1789636188554095952,1677494792440,receipt_only_no_header,,,/ur10skku/targetF,valid,,,,,controller_reported_target,targetF,runtime_force_coordinate_unknown,,,N,,,,,,,0.0,0.0,0.0,,,not_physical_completion,"[0.0, 0.0, 0.0, 0.0, 0.0, 0.0]","{""command_id_unavailable"": true, ""final_internal_force_setpoint_verified"": false}"
E1_on_r02_20260917T180946_1789636186200651410_aqclx4_k,2382,,,1789636188554732242,1677495429051,receipt_only_no_header,,,/ur10skku/targetP,valid,,,,,controller_reported_target,targetP,robot_base,rotvec_rad,mm,,447.6333366753535,390.34484693946985,219.36529799596647,-0.02182254940376664,0.0018616069620244352,2.356565198504053,,,,,,not_physical_completion,"[447.6333366753535, 390.34484693946985, 219.36529799596647, -0.02182254940376664, 0.0018616069620244352, 2.356565198504053]","{""command_id_unavailable"": true, ""final_internal_force_setpoint_verified"": false}"
E1_on_r02_20260917T180946_1789636186200651410_aqclx4_k,2383,,,1789636188554766718,1677495463396,receipt_only_no_header,,,/ur10skku/targetF,valid,,,,,controller_reported_target,targetF,runtime_force_coordinate_unknown,,,N,,,,,,,0.0,0.0,0.0,,,not_physical_completion,"[0.0, 0.0, 0.0, 0.0, 0.0, 0.0]","{""command_id_unavailable"": true, ""final_internal_force_setpoint_verified"": false}"
E1_on_r02_20260917T180946_1789636186200651410_aqclx4_k,2386,,,1789636188555072289,1677495768948,receipt_only_no_header,,,/ur10skku/targetP,valid,,,,,controller_reported_target,targetP,robot_base,rotvec_rad,mm,,447.6928396132383,390.2495024001082,219.35041660396385,-0.022275635372571437,0.0019020104961711935,2.3565715738279795,,,,,,not_physical_completion,"[447.6928396132383, 390.2495024001082, 219.35041660396385, -0.022275635372571437, 0.0019020104961711935, 2.3565715738279795]","{""command_id_unavailable"": true, ""final_internal_force_setpoint_verified"": false}"
E1_on_r02_20260917T180946_1789636186200651410_aqclx4_k,2387,,,1789636188555103258,1677495799706,receipt_only_no_header,,,/ur10skku/targetF,valid,,,,,controller_reported_target,targetF,runtime_force_coordinate_unknown,,,N,,,,,,,0.0,0.0,0.0,,,not_physical_completion,"[0.0, 0.0, 0.0, 0.0, 0.0, 0.0]","{""command_id_unavailable"": true, ""final_internal_force_setpoint_verified"": false}"
E1_on_r02_20260917T180946_1789636186200651410_aqclx4_k,2398,,,1789636188586382629,1677527083215,receipt_only_no_header,,,/ur10skku/targetP,valid,,,,,controller_reported_target,targetP,robot_base,rotvec_rad,mm,,447.75301872087175,390.153074400072,219.33536610523393,-0.022732675399675894,0.0019427666321452067,2.3565779424953393,,,,,,not_physical_completion,"[447.75301872087175, 390.153074400072, 219.33536610523393, -0.022732675399675894, 0.0019427666321452067, 2.3565779424953393]","{""command_id_unavailable"": true, ""final_internal_force_setpoint_verified"": false}"
E1_on_r02_20260917T180946_1789636186200651410_aqclx4_k,2399,,,1789636188586459886,1677527158818,receipt_only_no_header,,,/ur10skku/targetF,valid,,,,,controller_reported_target,targetF,runtime_force_coordinate_unknown,,,N,,,,,,,0.0,0.0,0.0,,,not_physical_completion,"[0.0, 0.0, 0.0, 0.0, 0.0, 0.0]","{""command_id_unavailable"": true, ""final_internal_force_setpoint_verified"": false}"
E1_on_r02_20260917T180946_1789636186200651410_aqclx4_k,2403,,,1789636188587014682,1677527711600,receipt_only_no_header,,,/ur10skku/targetP,valid,,,,,controller_reported_target,targetP,robot_base,rotvec_rad,mm,,447.81387399825394,390.05556293936127,219.3201464997767,-0.023193656624163696,0.001983874223143815,2.3565843027059983,,,,,,not_physical_completion,"[447.81387399825394, 390.05556293936127, 219.3201464997767, -0.023193656624163696, 0.001983874223143815, 2.3565843027059983]","{""command_id_unavailable"": true, ""final_internal_force_setpoint_verified"": false}"
E1_on_r02_20260917T180946_1789636186200651410_aqclx4_k,2404,,,1789636188587050971,1677527747679,receipt_only_no_header,,,/ur10skku/targetF,valid,,,,,controller_reported_target,targetF,runtime_force_coordinate_unknown,,,N,,,,,,,0.0,0.0,0.0,,,not_physical_completion,"[0.0, 0.0, 0.0, 0.0, 0.0, 0.0]","{""command_id_unavailable"": true, ""final_internal_force_setpoint_verified"": false}"
E1_on_r02_20260917T180946_1789636186200651410_aqclx4_k,2408,,,1789636188587807149,1677528504239,receipt_only_no_header,,,/ur10skku/targetP,valid,,,,,controller_reported_target,targetP,robot_base,rotvec_rad,mm,,447.8754054453848,389.95696801797595,219.3047577875922,-0.02365856649902582,0.002025332150357012,2.3565906526572125,,,,,,not_physical_completion,"[447.8754054453848, 389.95696801797595, 219.3047577875922, -0.02365856649902582, 0.002025332150357012, 2.3565906526572125]","{""command_id_unavailable"": true, ""final_internal_force_setpoint_verified"": false}"
E1_on_r02_20260917T180946_1789636186200651410_aqclx4_k,2409,,,1789636188587842787,1677528539355,receipt_only_no_header,,,/ur10skku/targetF,valid,,,,,controller_reported_target,targetF,runtime_force_coordinate_unknown,,,N,,,,,,,0.0,0.0,0.0,,,not_physical_completion,"[0.0, 0.0, 0.0, 0.0, 0.0, 0.0]","{""command_id_unavailable"": true, ""final_internal_force_setpoint_verified"": false}"
E1_on_r02_20260917T180946_1789636186200651410_aqclx4_k,2413,,,1789636188588350523,1677529047322,receipt_only_no_header,,,/ur10skku/targetP,valid,,,,,controller_reported_target,targetP,robot_base,rotvec_rad,mm,,447.93761306226435,389.85728963591606,219.28919996868038,-0.024127392787520317,0.002067139322642834,2.35659699054351,,,,,,not_physical_completion,"[447.93761306226435, 389.85728963591606, 219.28919996868038, -0.024127392787520317, 0.002067139322642834, 2.35659699054351]","{""command_id_unavailable"": true, ""final_internal_force_setpoint_verified"": false}"
E1_on_r02_20260917T180946_1789636186200651410_aqclx4_k,2414,,,1789636188588385229,1677529081878,receipt_only_no_header,,,/ur10skku/targetF,valid,,,,,controller_reported_target,targetF,runtime_force_coordinate_unknown,,,N,,,,,,,0.0,0.0,0.0,,,not_physical_completion,"[0.0, 0.0, 0.0, 0.0, 0.0, 0.0]","{""command_id_unavailable"": true, ""final_internal_force_setpoint_verified"": false}"
E1_on_r02_20260917T180946_1789636186200651410_aqclx4_k,2418,,,1789636188588805559,1677529502749,receipt_only_no_header,,,/ur10skku/targetP,valid,,,,,controller_reported_target,targetP,robot_base,rotvec_rad,mm,,448.00049684889257,389.7565277931816,219.27347304304126,-0.024600123559637716,0.0021092946762121647,2.35660331455657,,,,,,not_physical_completion,"[448.00049684889257, 389.7565277931816, 219.27347304304126, -0.024600123559637716, 0.0021092946762121647, 2.35660331455657]","{""command_id_unavailable"": true, ""final_internal_force_setpoint_verified"": false}"
E1_on_r02_20260917T180946_1789636186200651410_aqclx4_k,2419,,,1789636188588840616,1677529537304,receipt_only_no_header,,,/ur10skku/targetF,valid,,,,,controller_reported_target,targetF,runtime_force_coordinate_unknown,,,N,,,,,,,0.0,0.0,0.0,,,not_physical_completion,"[0.0, 0.0, 0.0, 0.0, 0.0, 0.0]","{""command_id_unavailable"": true, ""final_internal_force_setpoint_verified"": false}"
E1_on_r02_20260917T180946_1789636186200651410_aqclx4_k,2423,,,1789636188589278108,1677529975228,receipt_only_no_header,,,/ur10skku/targetP,valid,,,,,controller_reported_target,targetP,robot_base,rotvec_rad,mm,,448.0640568052695,389.6546824897726,219.25757701067485,-0.025076747188669684,0.0021517971743227554,2.356609622885104,,,,,,not_physical_completion,"[448.0640568052695, 389.6546824897726, 219.25757701067485, -0.025076747188669684, 0.0021517971743227554, 2.356609622885104]","{""command_id_unavailable"": true, ""final_internal_force_setpoint_verified"": false}"
E1_on_r02_20260917T180946_1789636186200651410_aqclx4_k,2424,,,1789636188589315710,1677530012318,receipt_only_no_header,,,/ur10skku/targetF,valid,,,,,controller_reported_target,targetF,runtime_force_coordinate_unknown,,,N,,,,,,,0.0,0.0,0.0,,,not_physical_completion,"[0.0, 0.0, 0.0, 0.0, 0.0, 0.0]","{""command_id_unavailable"": true, ""final_internal_force_setpoint_verified"": false}"
E1_on_r02_20260917T180946_1789636186200651410_aqclx4_k,2428,,,1789636188590038646,1677530735464,receipt_only_no_header,,,/ur10skku/targetP,valid,,,,,controller_reported_target,targetP,robot_base,rotvec_rad,mm,,448.1282929313951,389.551753725689,219.2415118715811,-0.02555725234787887,0.0021946458069822612,2.3566159137147302,,,,,,not_physical_completion,"[448.1282929313951, 389.551753725689, 219.2415118715811, -0.02555725234787887, 0.0021946458069822612, 2.3566159137147302]","{""command_id_unavailable"": true, ""final_internal_force_setpoint_verified"": false}"
E1_on_r02_20260917T180946_1789636186200651410_aqclx4_k,2429,,,1789636188590074083,1677530770832,receipt_only_no_header,,,/ur10skku/targetF,valid,,,,,controller_reported_target,targetF,runtime_force_coordinate_unknown,,,N,,,,,,,0.0,0.0,0.0,,,not_physical_completion,"[0.0, 0.0, 0.0, 0.0, 0.0, 0.0]","{""command_id_unavailable"": true, ""final_internal_force_setpoint_verified"": false}"
E1_on_r02_20260917T180946_1789636186200651410_aqclx4_k,2433,,,1789636188590600735,1677531297674,receipt_only_no_header,,,/ur10skku/targetP,valid,,,,,controller_reported_target,targetP,robot_base,rotvec_rad,mm,,448.1932052272694,389.4477415009309,219.22527762576007,-0.02604162800726792,0.0022378395906601247,2.3566221852278533,,,,,,not_physical_completion,"[448.1932052272694, 389.4477415009309, 219.22527762576007, -0.02604162800726792, 0.0022378395906601247, 2.3566221852278533]","{""command_id_unavailable"": true, ""final_internal_force_setpoint_verified"": false}"
E1_on_r02_20260917T180946_1789636186200651410_aqclx4_k,2457,,,1789636188652118265,1677592814662,receipt_only_no_header,,,/ur10skku/targetP,valid,,,,,controller_reported_target,targetP,robot_base,rotvec_rad,mm,,448.2587936928924,389.34264581549814,219.20887427321173,-0.02652986343044556,0.0022813775680081147,2.356628435603535,,,,,,not_physical_completion,"[448.2587936928924, 389.34264581549814, 219.20887427321173, -0.02652986343044556, 0.0022813775680081147, 2.356628435603535]","{""command_id_unavailable"": true, ""final_internal_force_setpoint_verified"": false}"
E1_on_r02_20260917T180946_1789636186200651410_aqclx4_k,2458,,,1789636188652150015,1677592846112,receipt_only_no_header,,,/ur10skku/targetF,valid,,,,,controller_reported_target,targetF,runtime_force_coordinate_unknown,,,N,,,,,,,0.0,0.0,0.0,,,not_physical_completion,"[0.0, 0.0, 0.0, 0.0, 0.0, 0.0]","{""command_id_unavailable"": true, ""final_internal_force_setpoint_verified"": false}"
E1_on_r02_20260917T180946_1789636186200651410_aqclx4_k,2464,,,1789636188652897547,1677593593915,receipt_only_no_header,,,/ur10skku/targetP,valid,,,,,controller_reported_target,targetP,robot_base,rotvec_rad,mm,,448.3250583282641,389.2364666693909,219.1923018139361,-0.02702194817158794,0.0023252588075893593,2.3566346630173705,,,,,,not_physical_completion,"[448.3250583282641, 389.2364666693909, 219.1923018139361, -0.02702194817158794, 0.0023252588075893593, 2.3566346630173705]","{""command_id_unavailable"": true, ""final_internal_force_setpoint_verified"": false}"
E1_on_r02_20260917T180946_1789636186200651410_aqclx4_k,2465,,,1789636188652925661,1677593621818,receipt_only_no_header,,,/ur10skku/targetF,valid,,,,,controller_reported_target,targetF,runtime_force_coordinate_unknown,,,N,,,,,,,0.0,0.0,0.0,,,not_physical_completion,"[0.0, 0.0, 0.0, 0.0, 0.0, 0.0]","{""command_id_unavailable"": true, ""final_internal_force_setpoint_verified"": false}"
E1_on_r02_20260917T180946_1789636186200651410_aqclx4_k,2470,,,1789636188653387660,1677594083898,receipt_only_no_header,,,/ur10skku/targetP,valid,,,,,controller_reported_target,targetP,robot_base,rotvec_rad,mm,,448.3919991333845,389.12920406260906,219.17556024793316,-0.02751787207249335,0.0023694824036157064,2.356640865641358,,,,,,not_physical_completion,"[448.3919991333845, 389.12920406260906, 219.17556024793316, -0.02751787207249335, 0.0023694824036157064, 2.356640865641358]","{""command_id_unavailable"": true, ""final_internal_force_setpoint_verified"": false}"
E1_on_r02_20260917T180946_1789636186200651410_aqclx4_k,2471,,,1789636188653414972,1677594111149,receipt_only_no_header,,,/ur10skku/targetF,valid,,,,,controller_reported_target,targetF,runtime_force_coordinate_unknown,,,N,,,,,,,0.0,0.0,0.0,,,not_physical_completion,"[0.0, 0.0, 0.0, 0.0, 0.0, 0.0]","{""command_id_unavailable"": true, ""final_internal_force_setpoint_verified"": false}"
E1_on_r02_20260917T180946_1789636186200651410_aqclx4_k,2475,,,1789636188653849499,1677594546668,receipt_only_no_header,,,/ur10skku/targetP,valid,,,,,controller_reported_target,targetP,robot_base,rotvec_rad,mm,,448.45961610825356,389.02085799515265,219.15864957520293,-0.02801762525972846,0.002414047475693245,2.3566470416437677,,,,,,not_physical_completion,"[448.45961610825356, 389.02085799515265, 219.15864957520293, -0.02801762525972846, 0.002414047475693245, 2.3566470416437677]","{""command_id_unavailable"": true, ""final_internal_force_setpoint_verified"": false}"
E1_on_r02_20260917T180946_1789636186200651410_aqclx4_k,2476,,,1789636188653889214,1677594586223,receipt_only_no_header,,,/ur10skku/targetF,valid,,,,,controller_reported_target,targetF,runtime_force_coordinate_unknown,,,N,,,,,,,0.0,0.0,0.0,,,not_physical_completion,"[0.0, 0.0, 0.0, 0.0, 0.0, 0.0]","{""command_id_unavailable"": true, ""final_internal_force_setpoint_verified"": false}"
E1_on_r02_20260917T180946_1789636186200651410_aqclx4_k,2479,,,1789636188654202901,1677594900391,receipt_only_no_header,,,/ur10skku/targetP,valid,,,,,controller_reported_target,targetP,robot_base,rotvec_rad,mm,,448.5279092528713,388.91142846702166,219.1415697957454,-0.028521198141864514,0.0024589531685758497,2.3566531891890112,,,,,,not_physical_completion,"[448.5279092528713, 388.91142846702166, 219.1415697957454, -0.028521198141864514, 0.0024589531685758497, 2.3566531891890112]","{""command_id_unavailable"": true, ""final_internal_force_setpoint_verified"": false}"
E1_on_r02_20260917T180946_1789636186200651410_aqclx4_k,2480,,,1789636188654245683,1677594943052,receipt_only_no_header,,,/ur10skku/targetF,valid,,,,,controller_reported_target,targetF,runtime_force_coordinate_unknown,,,N,,,,,,,0.0,0.0,0.0,,,not_physical_completion,"[0.0, 0.0, 0.0, 0.0, 0.0, 0.0]","{""command_id_unavailable"": true, ""final_internal_force_setpoint_verified"": false}"
E1_on_r02_20260917T180946_1789636186200651410_aqclx4_k,2483,,,1789636188654595408,1677595291676,receipt_only_no_header,,,/ur10skku/targetF,valid,,,,,controller_reported_target,targetF,runtime_force_coordinate_unknown,,,N,,,,,,,0.0,0.0,0.0,,,not_physical_completion,"[0.0, 0.0, 0.0, 0.0, 0.0, 0.0]","{""command_id_unavailable"": true, ""final_internal_force_setpoint_verified"": false}"
E1_on_r02_20260917T180946_1789636186200651410_aqclx4_k,2494,,,1789636188685331795,1677626031459,receipt_only_no_header,,,/ur10skku/targetP,valid,,,,,controller_reported_target,targetP,robot_base,rotvec_rad,mm,,448.59687856723775,388.80091547821615,219.12432090956054,-0.02902858140680163,0.0025041986519265796,2.3566593064375088,,,,,,not_physical_completion,"[448.59687856723775, 388.80091547821615, 219.12432090956054, -0.02902858140680163, 0.0025041986519265796, 2.3566593064375088]","{""command_id_unavailable"": true, ""final_internal_force_setpoint_verified"": false}"
E1_on_r02_20260917T180946_1789636186200651410_aqclx4_k,2498,,,1789636188685928260,1677626624718,receipt_only_no_header,,,/ur10skku/targetP,valid,,,,,controller_reported_target,targetP,robot_base,rotvec_rad,mm,,448.6665240513529,388.68931902873607,219.10690291664838,-0.029539766019179813,0.002549783120086813,2.356665391545552,,,,,,not_physical_completion,"[448.6665240513529, 388.68931902873607, 219.10690291664838, -0.029539766019179813, 0.002549783120086813, 2.356665391545552]","{""command_id_unavailable"": true, ""final_internal_force_setpoint_verified"": false}"
E1_on_r02_20260917T180946_1789636186200651410_aqclx4_k,2499,,,1789636188685958408,1677626654615,receipt_only_no_header,,,/ur10skku/targetF,valid,,,,,controller_reported_target,targetF,runtime_force_coordinate_unknown,,,N,,,,,,,0.0,0.0,0.0,,,not_physical_completion,"[0.0, 0.0, 0.0, 0.0, 0.0, 0.0]","{""command_id_unavailable"": true, ""final_internal_force_setpoint_verified"": false}"
E1_on_r02_20260917T180946_1789636186200651410_aqclx4_k,2505,,,1789636188686319525,1677627016043,receipt_only_no_header,,,/ur10skku/targetP,valid,,,,,controller_reported_target,targetP,robot_base,rotvec_rad,mm,,448.73684570521675,388.5766391185814,219.08931581700892,-0.03005474321787497,0.0025957057918529567,2.356671442665168,,,,,,not_physical_completion,"[448.73684570521675, 388.5766391185814, 219.08931581700892, -0.03005474321787497, 0.0025957057918529567, 2.356671442665168]","{""command_id_unavailable"": true, ""final_internal_force_setpoint_verified"": false}"
E1_on_r02_20260917T180946_1789636186200651410_aqclx4_k,2506,,,1789636188686351516,1677627047974,receipt_only_no_header,,,/ur10skku/targetF,valid,,,,,controller_reported_target,targetF,runtime_force_coordinate_unknown,,,N,,,,,,,0.0,0.0,0.0,,,not_physical_completion,"[0.0, 0.0, 0.0, 0.0, 0.0, 0.0]","{""command_id_unavailable"": true, ""final_internal_force_setpoint_verified"": false}"
E1_on_r02_20260917T180946_1789636186200651410_aqclx4_k,2511,,,1789636188687069161,1677627766150,receipt_only_no_header,,,/ur10skku/targetP,valid,,,,,controller_reported_target,targetP,robot_base,rotvec_rad,mm,,448.80784352882927,388.46287574775215,219.07155961064217,-0.03057350451357855,0.0026419659102606234,2.3566774579439826,,,,,,not_physical_completion,"[448.80784352882927, 388.46287574775215, 219.07155961064217, -0.03057350451357855, 0.0026419659102606234, 2.3566774579439826]","{""command_id_unavailable"": true, ""final_internal_force_setpoint_verified"": false}"
E1_on_r02_20260917T180946_1789636186200651410_aqclx4_k,2512,,,1789636188687098717,1677627795476,receipt_only_no_header,,,/ur10skku/targetF,valid,,,,,controller_reported_target,targetF,runtime_force_coordinate_unknown,,,N,,,,,,,0.0,0.0,0.0,,,not_physical_completion,"[0.0, 0.0, 0.0, 0.0, 0.0, 0.0]","{""command_id_unavailable"": true, ""final_internal_force_setpoint_verified"": false}"
E1_on_r02_20260917T180946_1789636186200651410_aqclx4_k,2516,,,1789636188687406613,1677628102981,receipt_only_no_header,,,/ur10skku/targetP,valid,,,,,controller_reported_target,targetP,robot_base,rotvec_rad,mm,,448.8795175221905,388.3480289162484,219.05363429754811,-0.031096041686459356,0.0026885627423761205,2.356683435525078,,,,,,not_physical_completion,"[448.8795175221905, 388.3480289162484, 219.05363429754811, -0.031096041686459356, 0.0026885627423761205, 2.356683435525078]","{""command_id_unavailable"": true, ""final_internal_force_setpoint_verified"": false}"
E1_on_r02_20260917T180946_1789636186200651410_aqclx4_k,2517,,,1789636188687433004,1677628129191,receipt_only_no_header,,,/ur10skku/targetF,valid,,,,,controller_reported_target,targetF,runtime_force_coordinate_unknown,,,N,,,,,,,0.0,0.0,0.0,,,not_physical_completion,"[0.0, 0.0, 0.0, 0.0, 0.0, 0.0]","{""command_id_unavailable"": true, ""final_internal_force_setpoint_verified"": false}"
E1_on_r02_20260917T180946_1789636186200651410_aqclx4_k,2521,,,1789636188687937143,1677628633521,receipt_only_no_header,,,/ur10skku/targetP,valid,,,,,controller_reported_target,targetP,robot_base,rotvec_rad,mm,,448.9518676853004,388.23209862407003,219.03553987772676,-0.03162234678390614,0.0027354955790951582,2.3566893735468506,,,,,,not_physical_completion,"[448.9518676853004, 388.23209862407003, 219.03553987772676, -0.03162234678390614, 0.0027354955790951582, 2.3566893735468506]","{""command_id_unavailable"": true, ""final_internal_force_setpoint_verified"": false}"
E1_on_r02_20260917T180946_1789636186200651410_aqclx4_k,2522,,,1789636188687964916,1677628661103,receipt_only_no_header,,,/ur10skku/targetF,valid,,,,,controller_reported_target,targetF,runtime_force_coordinate_unknown,,,N,,,,,,,0.0,0.0,0.0,,,not_physical_completion,"[0.0, 0.0, 0.0, 0.0, 0.0, 0.0]","{""command_id_unavailable"": true, ""final_internal_force_setpoint_verified"": false}"
E1_on_r02_20260917T180946_1789636186200651410_aqclx4_k,2526,,,1789636188688383923,1677629080301,receipt_only_no_header,,,/ur10skku/targetP,valid,,,,,controller_reported_target,targetP,robot_base,rotvec_rad,mm,,449.024894018159,388.1150848712171,219.0172763511781,-0.032152412118349724,0.002782763734948644,2.356695270142871,,,,,,not_physical_completion,"[449.024894018159, 388.1150848712171, 219.0172763511781, -0.032152412118349724, 0.002782763734948644, 2.356695270142871]","{""command_id_unavailable"": true, ""final_internal_force_setpoint_verified"": false}"
E1_on_r02_20260917T180946_1789636186200651410_aqclx4_k,2527,,,1789636188688411796,1677629108504,receipt_only_no_header,,,/ur10skku/targetF,valid,,,,,controller_reported_target,targetF,runtime_force_coordinate_unknown,,,N,,,,,,,0.0,0.0,0.0,,,not_physical_completion,"[0.0, 0.0, 0.0, 0.0, 0.0, 0.0]","{""command_id_unavailable"": true, ""final_internal_force_setpoint_verified"": false}"
E1_on_r02_20260917T180946_1789636186200651410_aqclx4_k,2531,,,1789636188688764327,1677629460755,receipt_only_no_header,,,/ur10skku/targetP,valid,,,,,controller_reported_target,targetP,robot_base,rotvec_rad,mm,,449.09859652076625,387.9969876576896,218.99884371790216,-0.03268623026516331,0.0028303665479154434,2.3567011234417325,,,,,,not_physical_completion,"[449.09859652076625, 387.9969876576896, 218.99884371790216, -0.03268623026516331, 0.0028303665479154434, 2.3567011234417325]","{""command_id_unavailable"": true, ""final_internal_force_setpoint_verified"": false}"
E1_on_r02_20260917T180946_1789636186200651410_aqclx4_k,2532,,,1789636188688792280,1677629488457,receipt_only_no_header,,,/ur10skku/targetF,valid,,,,,controller_reported_target,targetF,runtime_force_coordinate_unknown,,,N,,,,,,,0.0,0.0,0.0,,,not_physical_completion,"[0.0, 0.0, 0.0, 0.0, 0.0, 0.0]","{""command_id_unavailable"": true, ""final_internal_force_setpoint_verified"": false}"
E1_on_r02_20260917T180946_1789636186200651410_aqclx4_k,2536,,,1789636188689293854,1677629990332,receipt_only_no_header,,,/ur10skku/targetP,valid,,,,,controller_reported_target,targetP,robot_base,rotvec_rad,mm,,449.1729751931222,387.8778069834876,218.98024197789888,-0.03322379406063983,0.002878303379242021,2.356706931566911,,,,,,not_physical_completion,"[449.1729751931222, 387.8778069834876, 218.98024197789888, -0.03322379406063983, 0.002878303379242021, 2.356706931566911]","{""command_id_unavailable"": true, ""final_internal_force_setpoint_verified"": false}"
E1_on_r02_20260917T180946_1789636186200651410_aqclx4_k,2537,,,1789636188689329512,1677630026181,receipt_only_no_header,,,/ur10skku/targetF,valid,,,,,controller_reported_target,targetF,runtime_force_coordinate_unknown,,,N,,,,,,,0.0,0.0,0.0,,,not_physical_completion,"[0.0, 0.0, 0.0, 0.0, 0.0, 0.0]","{""command_id_unavailable"": true, ""final_internal_force_setpoint_verified"": false}"
E1_on_r02_20260917T180946_1789636186200651410_aqclx4_k,2541,,,1789636188689620446,1677630316663,receipt_only_no_header,,,/ur10skku/targetP,valid,,,,,controller_reported_target,targetP,robot_base,rotvec_rad,mm,,449.2480300352269,387.75754284861097,218.9614711311683,-0.033765096600045105,0.002926573613268836,2.35671269263661,,,,,,not_physical_completion,"[449.2480300352269, 387.75754284861097, 218.9614711311683, -0.033765096600045105, 0.002926573613268836, 2.35671269263661]","{""command_id_unavailable"": true, ""final_internal_force_setpoint_verified"": false}"
E1_on_r02_20260917T180946_1789636186200651410_aqclx4_k,2542,,,1789636188689646345,1677630342603,receipt_only_no_header,,,/ur10skku/targetF,valid,,,,,controller_reported_target,targetF,runtime_force_coordinate_unknown,,,N,,,,,,,0.0,0.0,0.0,,,not_physical_completion,"[0.0, 0.0, 0.0, 0.0, 0.0, 0.0]","{""command_id_unavailable"": true, ""final_internal_force_setpoint_verified"": false}"
E1_on_r02_20260917T180946_1789636186200651410_aqclx4_k,2546,,,1789636188690188697,1677630885526,receipt_only_no_header,,,/ur10skku/targetP,valid,,,,,controller_reported_target,targetP,robot_base,rotvec_rad,mm,,449.32376104708027,387.6361952530598,218.94253117771044,-0.034310131235745785,0.0029751766572634042,2.3567184047636136,,,,,,not_physical_completion,"[449.32376104708027, 387.6361952530598, 218.94253117771044, -0.034310131235745785, 0.0029751766572634042, 2.3567184047636136]","{""command_id_unavailable"": true, ""final_internal_force_setpoint_verified"": false}"
E1_on_r02_20260917T180946_1789636186200651410_aqclx4_k,2547,,,1789636188690217221,1677630913509,receipt_only_no_header,,,/ur10skku/targetF,valid,,,,,controller_reported_target,targetF,runtime_force_coordinate_unknown,,,N,,,,,,,0.0,0.0,0.0,,,not_physical_completion,"[0.0, 0.0, 0.0, 0.0, 0.0, 0.0]","{""command_id_unavailable"": true, ""final_internal_force_setpoint_verified"": false}"
E1_on_r02_20260917T180946_1789636186200651410_aqclx4_k,2575,,,1789636188752030754,1677692730549,receipt_only_no_header,,,/ur10skku/targetP,valid,,,,,controller_reported_target,targetP,robot_base,rotvec_rad,mm,,449.40016822868233,387.5137641968341,218.92342211752526,-0.034858891575410896,0.0030241119412599327,2.356724066055131,,,,,,not_physical_completion,"[449.40016822868233, 387.5137641968341, 218.92342211752526, -0.034858891575410896, 0.0030241119412599327, 2.356724066055131]","{""command_id_unavailable"": true, ""final_internal_force_setpoint_verified"": false}"
E1_on_r02_20260917T180946_1789636186200651410_aqclx4_k,2576,,,1789636188752099746,1677692798268,receipt_only_no_header,,,/ur10skku/targetF,valid,,,,,controller_reported_target,targetF,runtime_force_coordinate_unknown,,,N,,,,,,,0.0,0.0,0.0,,,not_physical_completion,"[0.0, 0.0, 0.0, 0.0, 0.0, 0.0]","{""command_id_unavailable"": true, ""final_internal_force_setpoint_verified"": false}"
E1_on_r02_20260917T180946_1789636186200651410_aqclx4_k,2580,,,1789636188752973559,1677693670698,receipt_only_no_header,,,/ur10skku/targetP,valid,,,,,controller_reported_target,targetP,robot_base,rotvec_rad,mm,,449.47725158003306,387.3902496799338,218.9041439506128,-0.035411371480286086,0.003073378917905426,2.356729674612643,,,,,,not_physical_completion,"[449.47725158003306, 387.3902496799338, 218.9041439506128, -0.035411371480286086, 0.003073378917905426, 2.356729674612643]","{""command_id_unavailable"": true, ""final_internal_force_setpoint_verified"": false}"
E1_on_r02_20260917T180946_1789636186200651410_aqclx4_k,2581,,,1789636188753008044,1677693704602,receipt_only_no_header,,,/ur10skku/targetF,valid,,,,,controller_reported_target,targetF,runtime_force_coordinate_unknown,,,N,,,,,,,0.0,0.0,0.0,,,not_physical_completion,"[0.0, 0.0, 0.0, 0.0, 0.0, 0.0]","{""command_id_unavailable"": true, ""final_internal_force_setpoint_verified"": false}"
E1_on_r02_20260917T180946_1789636186200651410_aqclx4_k,2583,,,1789636188753399679,1677694096388,receipt_only_no_header,,,/ur10skku/targetP,valid,,,,,controller_reported_target,targetP,robot_base,rotvec_rad,mm,,449.5550111011325,387.2656517023589,218.88469667697302,-0.03596756506353946,0.0031229770623121874,2.356735228531747,,,,,,not_physical_completion,"[449.5550111011325, 387.2656517023589, 218.88469667697302, -0.03596756506353946, 0.0031229770623121874, 2.356735228531747]","{""command_id_unavailable"": true, ""final_internal_force_setpoint_verified"": false}"
E1_on_r02_20260917T180946_1789636186200651410_aqclx4_k,2584,,,1789636188753431540,1677694128339,receipt_only_no_header,,,/ur10skku/targetF,valid,,,,,controller_reported_target,targetF,runtime_force_coordinate_unknown,,,N,,,,,,,0.0,0.0,0.0,,,not_physical_completion,"[0.0, 0.0, 0.0, 0.0, 0.0, 0.0]","{""command_id_unavailable"": true, ""final_internal_force_setpoint_verified"": false}"
E1_on_r02_20260917T180946_1789636186200651410_aqclx4_k,2588,,,1789636188753711513,1677694408111,receipt_only_no_header,,,/ur10skku/targetP,valid,,,,,controller_reported_target,targetP,robot_base,rotvec_rad,mm,,449.6334467919806,387.1399702641095,218.86508029660595,-0.03652746668867822,0.0031729058719166267,2.356740725901995,,,,,,not_physical_completion,"[449.6334467919806, 387.1399702641095, 218.86508029660595, -0.03652746668867822, 0.0031729058719166267, 2.356740725901995]","{""command_id_unavailable"": true, ""final_internal_force_setpoint_verified"": false}"
E1_on_r02_20260917T180946_1789636186200651410_aqclx4_k,2589,,,1789636188753742281,1677694438699,receipt_only_no_header,,,/ur10skku/targetF,valid,,,,,controller_reported_target,targetF,runtime_force_coordinate_unknown,,,N,,,,,,,0.0,0.0,0.0,,,not_physical_completion,"[0.0, 0.0, 0.0, 0.0, 0.0, 0.0]","{""command_id_unavailable"": true, ""final_internal_force_setpoint_verified"": false}"
E1_on_r02_20260917T180946_1789636186200651410_aqclx4_k,2593,,,1789636188754312546,1677695009886,receipt_only_no_header,,,/ur10skku/targetP,valid,,,,,controller_reported_target,targetP,robot_base,rotvec_rad,mm,,449.7125586525774,387.0132053651855,218.84529480951159,-0.037091070968035045,0.003223164866344289,2.3567461648067334,,,,,,not_physical_completion,"[449.7125586525774, 387.0132053651855, 218.84529480951159, -0.037091070968035045, 0.003223164866344289, 2.3567461648067334]","{""command_id_unavailable"": true, ""final_internal_force_setpoint_verified"": false}"
E1_on_r02_20260917T180946_1789636186200651410_aqclx4_k,2594,,,1789636188754345509,1677695042418,receipt_only_no_header,,,/ur10skku/targetF,valid,,,,,controller_reported_target,targetF,runtime_force_coordinate_unknown,,,N,,,,,,,0.0,0.0,0.0,,,not_physical_completion,"[0.0, 0.0, 0.0, 0.0, 0.0, 0.0]","{""command_id_unavailable"": true, ""final_internal_force_setpoint_verified"": false}"
E1_on_r02_20260917T180946_1789636186200651410_aqclx4_k,2598,,,1789636188754667632,1677695364050,receipt_only_no_header,,,/ur10skku/targetF,valid,,,,,controller_reported_target,targetF,runtime_force_coordinate_unknown,,,N,,,,,,,0.0,0.0,0.0,,,not_physical_completion,"[0.0, 0.0, 0.0, 0.0, 0.0, 0.0]","{""command_id_unavailable"": true, ""final_internal_force_setpoint_verified"": false}"
E1_on_r02_20260917T180946_1789636186200651410_aqclx4_k,2637,,,1789636188783899165,1677724596014,receipt_only_no_header,,,/ur10skku/targetP,valid,,,,,controller_reported_target,targetP,robot_base,rotvec_rad,mm,,449.7923466829229,386.88535700558697,218.8253402156899,-0.03765837276132359,0.003273753587281049,2.3567515433229436,,,,,,not_physical_completion,"[449.7923466829229, 386.88535700558697, 218.8253402156899, -0.03765837276132359, 0.003273753587281049, 2.3567515433229436]","{""command_id_unavailable"": true, ""final_internal_force_setpoint_verified"": false}"
E1_on_r02_20260917T180946_1789636186200651410_aqclx4_k,2638,,,1789636188783933461,1677724629939,receipt_only_no_header,,,/ur10skku/targetF,valid,,,,,controller_reported_target,targetF,runtime_force_coordinate_unknown,,,N,,,,,,,0.0,0.0,0.0,,,not_physical_completion,"[0.0, 0.0, 0.0, 0.0, 0.0, 0.0]","{""command_id_unavailable"": true, ""final_internal_force_setpoint_verified"": false}"
E1_on_r02_20260917T180946_1789636186200651410_aqclx4_k,2640,,,1789636188784237229,1677724933907,receipt_only_no_header,,,/ur10skku/targetP,valid,,,,,controller_reported_target,targetP,robot_base,rotvec_rad,mm,,449.8728108830171,386.75642518531384,218.8052165151409,-0.038229367174262,0.003324671598350366,2.356756859521073,,,,,,not_physical_completion,"[449.8728108830171, 386.75642518531384, 218.8052165151409, -0.038229367174262, 0.003324671598350366, 2.356756859521073]","{""command_id_unavailable"": true, ""final_internal_force_setpoint_verified"": false}"
E1_on_r02_20260917T180946_1789636186200651410_aqclx4_k,2641,,,1789636188784268127,1677724964545,receipt_only_no_header,,,/ur10skku/targetF,valid,,,,,controller_reported_target,targetF,runtime_force_coordinate_unknown,,,N,,,,,,,0.0,0.0,0.0,,,not_physical_completion,"[0.0, 0.0, 0.0, 0.0, 0.0, 0.0]","{""command_id_unavailable"": true, ""final_internal_force_setpoint_verified"": false}"
E1_on_r02_20260917T180946_1789636186200651410_aqclx4_k,2645,,,1789636188784734755,1677725432285,receipt_only_no_header,,,/ur10skku/targetP,valid,,,,,controller_reported_target,targetP,robot_base,rotvec_rad,mm,,449.95395125286,386.62640990436614,218.7849237078646,-0.038804049557263985,0.003375918484996575,2.3567621114648696,,,,,,not_physical_completion,"[449.95395125286, 386.62640990436614, 218.7849237078646, -0.038804049557263985, 0.003375918484996575, 2.3567621114648696]","{""command_id_unavailable"": true, ""final_internal_force_setpoint_verified"": false}"
E1_on_r02_20260917T180946_1789636186200651410_aqclx4_k,2646,,,1789636188784775192,1677725472121,receipt_only_no_header,,,/ur10skku/targetF,valid,,,,,controller_reported_target,targetF,runtime_force_coordinate_unknown,,,N,,,,,,,0.0,0.0,0.0,,,not_physical_completion,"[0.0, 0.0, 0.0, 0.0, 0.0, 0.0]","{""command_id_unavailable"": true, ""final_internal_force_setpoint_verified"": false}"
E1_on_r02_20260917T180946_1789636186200651410_aqclx4_k,2648,,,1789636188784955696,1677725652615,receipt_only_no_header,,,/ur10skku/targetP,valid,,,,,controller_reported_target,targetP,robot_base,rotvec_rad,mm,,450.03576779245157,386.4953111627439,218.76446179386102,-0.039382415504196466,0.0034274938543740964,2.3567672972112126,,,,,,not_physical_completion,"[450.03576779245157, 386.4953111627439, 218.76446179386102, -0.039382415504196466, 0.0034274938543740964, 2.3567672972112126]","{""command_id_unavailable"": true, ""final_internal_force_setpoint_verified"": false}"
E1_on_r02_20260917T180946_1789636186200651410_aqclx4_k,2649,,,1789636188784989901,1677725686569,receipt_only_no_header,,,/ur10skku/targetF,valid,,,,,controller_reported_target,targetF,runtime_force_coordinate_unknown,,,N,,,,,,,0.0,0.0,0.0,,,not_physical_completion,"[0.0, 0.0, 0.0, 0.0, 0.0, 0.0]","{""command_id_unavailable"": true, ""final_internal_force_setpoint_verified"": false}"
E1_on_r02_20260917T180946_1789636186200651410_aqclx4_k,2663,,,1789636188866449858,1677807148480,receipt_only_no_header,,,/ur10skku/targetP,valid,,,,,controller_reported_target,targetP,robot_base,rotvec_rad,mm,,450.11826050179184,386.3631289604471,218.74383077313013,-0.03996446085120331,0.0034793973352425555,2.356772414809941,,,,,,not_physical_completion,"[450.11826050179184, 386.3631289604471, 218.74383077313013, -0.03996446085120331, 0.0034793973352425555, 2.356772414809941]","{""command_id_unavailable"": true, ""final_internal_force_setpoint_verified"": false}"
E1_on_r02_20260917T180946_1789636186200651410_aqclx4_k,2664,,,1789636188866502157,1677807199818,receipt_only_no_header,,,/ur10skku/targetF,valid,,,,,controller_reported_target,targetF,runtime_force_coordinate_unknown,,,N,,,,,,,0.0,0.0,0.0,,,not_physical_completion,"[0.0, 0.0, 0.0, 0.0, 0.0, 0.0]","{""command_id_unavailable"": true, ""final_internal_force_setpoint_verified"": false}"
E1_on_r02_20260917T180946_1789636186200651410_aqclx4_k,2668,,,1789636188866827136,1677807524355,receipt_only_no_header,,,/ur10skku/targetP,valid,,,,,controller_reported_target,targetP,robot_base,rotvec_rad,mm,,450.20142938088077,386.22986329747573,218.72303064567194,-0.040550181675594314,0.003531628577867713,2.356777462303679,,,,,,not_physical_completion,"[450.20142938088077, 386.22986329747573, 218.72303064567194, -0.040550181675594314, 0.003531628577867713, 2.356777462303679]","{""command_id_unavailable"": true, ""final_internal_force_setpoint_verified"": false}"
E1_on_r02_20260917T180946_1789636186200651410_aqclx4_k,2669,,,1789636188866863194,1677807559923,receipt_only_no_header,,,/ur10skku/targetF,valid,,,,,controller_reported_target,targetF,runtime_force_coordinate_unknown,,,N,,,,,,,0.0,0.0,0.0,,,not_physical_completion,"[0.0, 0.0, 0.0, 0.0, 0.0, 0.0]","{""command_id_unavailable"": true, ""final_internal_force_setpoint_verified"": false}"
E1_on_r02_20260917T180946_1789636186200651410_aqclx4_k,2674,,,1789636188867748780,1677808445779,receipt_only_no_header,,,/ur10skku/targetP,valid,,,,,controller_reported_target,targetP,robot_base,rotvec_rad,mm,,450.2852744297184,386.09551417382977,218.70206141148645,-0.041139574294798996,0.003584187253928177,2.35678243772766,,,,,,not_physical_completion,"[450.2852744297184, 386.09551417382977, 218.70206141148645, -0.041139574294798996, 0.003584187253928177, 2.35678243772766]","{""command_id_unavailable"": true, ""final_internal_force_setpoint_verified"": false}"
E1_on_r02_20260917T180946_1789636186200651410_aqclx4_k,2675,,,1789636188867784808,1677808481456,receipt_only_no_header,,,/ur10skku/targetF,valid,,,,,controller_reported_target,targetF,runtime_force_coordinate_unknown,,,N,,,,,,,0.0,0.0,0.0,,,not_physical_completion,"[0.0, 0.0, 0.0, 0.0, 0.0, 0.0]","{""command_id_unavailable"": true, ""final_internal_force_setpoint_verified"": false}"
E1_on_r02_20260917T180946_1789636186200651410_aqclx4_k,2680,,,1789636188868871696,1677809568836,receipt_only_no_header,,,/ur10skku/targetP,valid,,,,,controller_reported_target,targetP,robot_base,rotvec_rad,mm,,450.3697956483048,385.9600815895093,218.68092307057364,-0.04173263526538453,0.0036370730564278305,2.356787339109548,,,,,,not_physical_completion,"[450.3697956483048, 385.9600815895093, 218.68092307057364, -0.04173263526538453, 0.0036370730564278305, 2.356787339109548]","{""command_id_unavailable"": true, ""final_internal_force_setpoint_verified"": false}"
E1_on_r02_20260917T180946_1789636186200651410_aqclx4_k,2681,,,1789636188868906112,1677809602880,receipt_only_no_header,,,/ur10skku/targetF,valid,,,,,controller_reported_target,targetF,runtime_force_coordinate_unknown,,,N,,,,,,,0.0,0.0,0.0,,,not_physical_completion,"[0.0, 0.0, 0.0, 0.0, 0.0, 0.0]","{""command_id_unavailable"": true, ""final_internal_force_setpoint_verified"": false}"
E1_on_r02_20260917T180946_1789636186200651410_aqclx4_k,2685,,,1789636188869742563,1677810439382,receipt_only_no_header,,,/ur10skku/targetP,valid,,,,,controller_reported_target,targetP,robot_base,rotvec_rad,mm,,450.45431686689113,385.8246490051888,218.65978472966083,-0.0423221226161018,0.0036896401875825408,2.356792106572748,,,,,,not_physical_completion,"[450.45431686689113, 385.8246490051888, 218.65978472966083, -0.0423221226161018, 0.0036896401875825408, 2.356792106572748]","{""command_id_unavailable"": true, ""final_internal_force_setpoint_verified"": false}"
E1_on_r02_20260917T180946_1789636186200651410_aqclx4_k,2686,,,1789636188869776067,1677810472665,receipt_only_no_header,,,/ur10skku/targetF,valid,,,,,controller_reported_target,targetF,runtime_force_coordinate_unknown,,,N,,,,,,,0.0,0.0,0.0,,,not_physical_completion,"[0.0, 0.0, 0.0, 0.0, 0.0, 0.0]","{""command_id_unavailable"": true, ""final_internal_force_setpoint_verified"": false}"
E1_on_r02_20260917T180946_1789636186200651410_aqclx4_k,2690,,,1789636188870477903,1677811174761,receipt_only_no_header,,,/ur10skku/targetP,valid,,,,,controller_reported_target,targetP,robot_base,rotvec_rad,mm,,450.5388380854775,385.6892164208683,218.63864638874801,-0.04290811391598343,0.0037418955644906516,2.356796742616969,,,,,,not_physical_completion,"[450.5388380854775, 385.6892164208683, 218.63864638874801, -0.04290811391598343, 0.0037418955644906516, 2.356796742616969]","{""command_id_unavailable"": true, ""final_internal_force_setpoint_verified"": false}"
E1_on_r02_20260917T180946_1789636186200651410_aqclx4_k,2691,,,1789636188870511326,1677811207874,receipt_only_no_header,,,/ur10skku/targetF,valid,,,,,controller_reported_target,targetF,runtime_force_coordinate_unknown,,,N,,,,,,,0.0,0.0,0.0,,,not_physical_completion,"[0.0, 0.0, 0.0, 0.0, 0.0, 0.0]","{""command_id_unavailable"": true, ""final_internal_force_setpoint_verified"": false}"
E1_on_r02_20260917T180946_1789636186200651410_aqclx4_k,2695,,,1789636188870912269,1677811609148,receipt_only_no_header,,,/ur10skku/targetP,valid,,,,,controller_reported_target,targetP,robot_base,rotvec_rad,mm,,450.62335930406385,385.55378383654784,218.6175080478352,-0.04349068518583303,0.0037938459661905686,2.3568012496644677,,,,,,not_physical_completion,"[450.62335930406385, 385.55378383654784, 218.6175080478352, -0.04349068518583303, 0.0037938459661905686, 2.3568012496644677]","{""command_id_unavailable"": true, ""final_internal_force_setpoint_verified"": false}"
E1_on_r02_20260917T180946_1789636186200651410_aqclx4_k,2696,,,1789636188870945913,1677811642561,receipt_only_no_header,,,/ur10skku/targetF,valid,,,,,controller_reported_target,targetF,runtime_force_coordinate_unknown,,,N,,,,,,,0.0,0.0,0.0,,,not_physical_completion,"[0.0, 0.0, 0.0, 0.0, 0.0, 0.0]","{""command_id_unavailable"": true, ""final_internal_force_setpoint_verified"": false}"
E1_on_r02_20260917T180946_1789636186200651410_aqclx4_k,2715,,,1789636188904171988,1677844868907,receipt_only_no_header,,,/ur10skku/targetP,valid,,,,,controller_reported_target,targetP,robot_base,rotvec_rad,mm,,450.7078805226502,385.41835125222735,218.5963697069224,-0.0440699109465485,0.003845498037969881,2.356805630062551,,,,,,not_physical_completion,"[450.7078805226502, 385.41835125222735, 218.5963697069224, -0.0440699109465485, 0.003845498037969881, 2.356805630062551]","{""command_id_unavailable"": true, ""final_internal_force_setpoint_verified"": false}"
E1_on_r02_20260917T180946_1789636186200651410_aqclx4_k,2719,,,1789636188904860709,1677845558619,receipt_only_no_header,,,/ur10skku/targetP,valid,,,,,controller_reported_target,targetP,robot_base,rotvec_rad,mm,,450.7924017412366,385.28291866790687,218.57523136600958,-0.04464586426579539,0.0038968582955273556,2.356809886085985,,,,,,not_physical_completion,"[450.7924017412366, 385.28291866790687, 218.57523136600958, -0.04464586426579539, 0.0038968582955273556, 2.356809886085985]","{""command_id_unavailable"": true, ""final_internal_force_setpoint_verified"": false}"
E1_on_r02_20260917T180946_1789636186200651410_aqclx4_k,2720,,,1789636188904898581,1677845595289,receipt_only_no_header,,,/ur10skku/targetF,valid,,,,,controller_reported_target,targetF,runtime_force_coordinate_unknown,,,N,,,,,,,0.0,0.0,0.0,,,not_physical_completion,"[0.0, 0.0, 0.0, 0.0, 0.0, 0.0]","{""command_id_unavailable"": true, ""final_internal_force_setpoint_verified"": false}"
E1_on_r02_20260917T180946_1789636186200651410_aqclx4_k,2724,,,1789636188905256051,1677845952719,receipt_only_no_header,,,/ur10skku/targetP,valid,,,,,controller_reported_target,targetP,robot_base,rotvec_rad,mm,,450.87692295982293,385.1474860835864,218.55409302509676,-0.045218616803100464,0.003947933128994052,2.356814019939301,,,,,,not_physical_completion,"[450.87692295982293, 385.1474860835864, 218.55409302509676, -0.045218616803100464, 0.003947933128994052, 2.356814019939301]","{""command_id_unavailable"": true, ""final_internal_force_setpoint_verified"": false}"
E1_on_r02_20260917T180946_1789636186200651410_aqclx4_k,2725,,,1789636188905286829,1677845983147,receipt_only_no_header,,,/ur10skku/targetF,valid,,,,,controller_reported_target,targetF,runtime_force_coordinate_unknown,,,N,,,,,,,0.0,0.0,0.0,,,not_physical_completion,"[0.0, 0.0, 0.0, 0.0, 0.0, 0.0]","{""command_id_unavailable"": true, ""final_internal_force_setpoint_verified"": false}"
E1_on_r02_20260917T180946_1789636186200651410_aqclx4_k,2729,,,1789636188905857636,1677846554023,receipt_only_no_header,,,/ur10skku/targetP,valid,,,,,controller_reported_target,targetP,robot_base,rotvec_rad,mm,,450.9614441784093,385.0120534992659,218.53295468418395,-0.04578823885343239,0.003998728806819543,2.3568180337590063,,,,,,not_physical_completion,"[450.9614441784093, 385.0120534992659, 218.53295468418395, -0.04578823885343239, 0.003998728806819543, 2.3568180337590063]","{""command_id_unavailable"": true, ""final_internal_force_setpoint_verified"": false}"
E1_on_r02_20260917T180946_1789636186200651410_aqclx4_k,2730,,,1789636188905886510,1677846582958,receipt_only_no_header,,,/ur10skku/targetF,valid,,,,,controller_reported_target,targetF,runtime_force_coordinate_unknown,,,N,,,,,,,0.0,0.0,0.0,,,not_physical_completion,"[0.0, 0.0, 0.0, 0.0, 0.0, 0.0]","{""command_id_unavailable"": true, ""final_internal_force_setpoint_verified"": false}"
E1_on_r02_20260917T180946_1789636186200651410_aqclx4_k,2732,,,1789636188906256204,1677846952682,receipt_only_no_header,,,/ur10skku/targetP,valid,,,,,controller_reported_target,targetP,robot_base,rotvec_rad,mm,,451.04596539699565,384.8766209149454,218.51181634327114,-0.04635479938933355,0.0040492514795289125,2.3568219296157125,,,,,,not_physical_completion,"[451.04596539699565, 384.8766209149454, 218.51181634327114, -0.04635479938933355, 0.0040492514795289125, 2.3568219296157125]","{""command_id_unavailable"": true, ""final_internal_force_setpoint_verified"": false}"
E1_on_r02_20260917T180946_1789636186200651410_aqclx4_k,2733,,,1789636188906284087,1677846980254,receipt_only_no_header,,,/ur10skku/targetF,valid,,,,,controller_reported_target,targetF,runtime_force_coordinate_unknown,,,N,,,,,,,0.0,0.0,0.0,,,not_physical_completion,"[0.0, 0.0, 0.0, 0.0, 0.0, 0.0]","{""command_id_unavailable"": true, ""final_internal_force_setpoint_verified"": false}"
E1_on_r02_20260917T180946_1789636186200651410_aqclx4_k,2737,,,1789636188906586492,1677847282750,receipt_only_no_header,,,/ur10skku/targetP,valid,,,,,controller_reported_target,targetP,robot_base,rotvec_rad,mm,,451.130486615582,384.74118833062494,218.49067800235832,-0.04691836610166337,0.004099507183355963,2.3568257095161695,,,,,,not_physical_completion,"[451.130486615582, 384.74118833062494, 218.49067800235832, -0.04691836610166337, 0.004099507183355963, 2.3568257095161695]","{""command_id_unavailable"": true, ""final_internal_force_setpoint_verified"": false}"
E1_on_r02_20260917T180946_1789636186200651410_aqclx4_k,2738,,,1789636188906613704,1677847309902,receipt_only_no_header,,,/ur10skku/targetF,valid,,,,,controller_reported_target,targetF,runtime_force_coordinate_unknown,,,N,,,,,,,0.0,0.0,0.0,,,not_physical_completion,"[0.0, 0.0, 0.0, 0.0, 0.0, 0.0]","{""command_id_unavailable"": true, ""final_internal_force_setpoint_verified"": false}"
E1_on_r02_20260917T180946_1789636186200651410_aqclx4_k,2742,,,1789636188907137621,1677847834019,receipt_only_no_header,,,/ur10skku/targetP,valid,,,,,controller_reported_target,targetP,robot_base,rotvec_rad,mm,,451.2150078341684,384.60575574630445,218.4695396614455,-0.04747900543901157,0.004149501843757804,2.356829375405223,,,,,,not_physical_completion,"[451.2150078341684, 384.60575574630445, 218.4695396614455, -0.04747900543901157, 0.004149501843757804, 2.356829375405223]","{""command_id_unavailable"": true, ""final_internal_force_setpoint_verified"": false}"
E1_on_r02_20260917T180946_1789636186200651410_aqclx4_k,2743,,,1789636188907165254,1677847861601,receipt_only_no_header,,,/ur10skku/targetF,valid,,,,,controller_reported_target,targetF,runtime_force_coordinate_unknown,,,N,,,,,,,0.0,0.0,0.0,,,not_physical_completion,"[0.0, 0.0, 0.0, 0.0, 0.0, 0.0]","{""command_id_unavailable"": true, ""final_internal_force_setpoint_verified"": false}"
E1_on_r02_20260917T180946_1789636186200651410_aqclx4_k,2747,,,1789636188907451017,1677848147295,receipt_only_no_header,,,/ur10skku/targetP,valid,,,,,controller_reported_target,targetP,robot_base,rotvec_rad,mm,,451.29952905275474,384.47032316198397,218.4484013205327,-0.048036782645836176,0.004199241278815723,2.3568329291676955,,,,,,not_physical_completion,"[451.29952905275474, 384.47032316198397, 218.4484013205327, -0.048036782645836176, 0.004199241278815723, 2.3568329291676955]","{""command_id_unavailable"": true, ""final_internal_force_setpoint_verified"": false}"
E1_on_r02_20260917T180946_1789636186200651410_aqclx4_k,2748,,,1789636188907478179,1677848174447,receipt_only_no_header,,,/ur10skku/targetF,valid,,,,,controller_reported_target,targetF,runtime_force_coordinate_unknown,,,N,,,,,,,0.0,0.0,0.0,,,not_physical_completion,"[0.0, 0.0, 0.0, 0.0, 0.0, 0.0]","{""command_id_unavailable"": true, ""final_internal_force_setpoint_verified"": false}"
E1_on_r02_20260917T180946_1789636186200651410_aqclx4_k,2768,,,1789636188932930352,1677873630096,receipt_only_no_header,,,/ur10skku/targetF,valid,,,,,controller_reported_target,targetF,runtime_force_coordinate_unknown,,,N,,,,,,,0.0,0.0,0.0,,,not_physical_completion,"[0.0, 0.0, 0.0, 0.0, 0.0, 0.0]","{""command_id_unavailable"": true, ""final_internal_force_setpoint_verified"": false}"
E1_on_r02_20260917T180946_1789636186200651410_aqclx4_k,2771,,,1789636188933501288,1677874198067,receipt_only_no_header,,,/ur10skku/targetP,valid,,,,,controller_reported_target,targetP,robot_base,rotvec_rad,mm,,451.3840502713411,384.3348905776635,218.42726297961988,-0.048591761799379296,0.004248731202527079,2.356836372630183,,,,,,not_physical_completion,"[451.3840502713411, 384.3348905776635, 218.42726297961988, -0.048591761799379296, 0.004248731202527079, 2.356836372630183]","{""command_id_unavailable"": true, ""final_internal_force_setpoint_verified"": false}"
E1_on_r02_20260917T180946_1789636186200651410_aqclx4_k,2772,,,1789636188933531636,1677874228004,receipt_only_no_header,,,/ur10skku/targetF,valid,,,,,controller_reported_target,targetF,runtime_force_coordinate_unknown,,,N,,,,,,,0.0,0.0,0.0,,,not_physical_completion,"[0.0, 0.0, 0.0, 0.0, 0.0, 0.0]","{""command_id_unavailable"": true, ""final_internal_force_setpoint_verified"": false}"
E1_on_r02_20260917T180946_1789636186200651410_aqclx4_k,2776,,,1789636188934067055,1677874763643,receipt_only_no_header,,,/ur10skku/targetP,valid,,,,,controller_reported_target,targetP,robot_base,rotvec_rad,mm,,451.46857148992746,384.199457993343,218.40612463870707,-0.04914400584541095,0.004297977227992672,2.356839707562793,,,,,,not_physical_completion,"[451.46857148992746, 384.199457993343, 218.40612463870707, -0.04914400584541095, 0.004297977227992672, 2.356839707562793]","{""command_id_unavailable"": true, ""final_internal_force_setpoint_verified"": false}"
E1_on_r02_20260917T180946_1789636186200651410_aqclx4_k,2777,,,1789636188934096381,1677874792598,receipt_only_no_header,,,/ur10skku/targetF,valid,,,,,controller_reported_target,targetF,runtime_force_coordinate_unknown,,,N,,,,,,,0.0,0.0,0.0,,,not_physical_completion,"[0.0, 0.0, 0.0, 0.0, 0.0, 0.0]","{""command_id_unavailable"": true, ""final_internal_force_setpoint_verified"": false}"
E1_on_r02_20260917T180946_1789636186200651410_aqclx4_k,2781,,,1789636188934447759,1677875144117,receipt_only_no_header,,,/ur10skku/targetP,valid,,,,,controller_reported_target,targetP,robot_base,rotvec_rad,mm,,451.5530927085138,384.0640254090225,218.38498629779426,-0.04969357663284886,0.0043469848705039015,2.3568429356808043,,,,,,not_physical_completion,"[451.5530927085138, 384.0640254090225, 218.38498629779426, -0.04969357663284886, 0.0043469848705039015, 2.3568429356808043]","{""command_id_unavailable"": true, ""final_internal_force_setpoint_verified"": false}"
E1_on_r02_20260917T180946_1789636186200651410_aqclx4_k,2792,,,1789636188966543913,1677907241574,receipt_only_no_header,,,/ur10skku/targetF,valid,,,,,controller_reported_target,targetF,runtime_force_coordinate_unknown,,,N,,,,,,,0.0,0.0,0.0,,,not_physical_completion,"[0.0, 0.0, 0.0, 0.0, 0.0, 0.0]","{""command_id_unavailable"": true, ""final_internal_force_setpoint_verified"": false}"
E1_on_r02_20260917T180946_1789636186200651410_aqclx4_k,2797,,,1789636188967055026,1677907751384,receipt_only_no_header,,,/ur10skku/targetP,valid,,,,,controller_reported_target,targetP,robot_base,rotvec_rad,mm,,451.6376139271002,383.92859282470204,218.36384795688144,-0.05024053494730032,0.004395759550533779,2.356846058646262,,,,,,not_physical_completion,"[451.6376139271002, 383.92859282470204, 218.36384795688144, -0.05024053494730032, 0.004395759550533779, 2.356846058646262]","{""command_id_unavailable"": true, ""final_internal_force_setpoint_verified"": false}"
E1_on_r02_20260917T180946_1789636186200651410_aqclx4_k,2798,,,1789636188967084622,1677907780830,receipt_only_no_header,,,/ur10skku/targetF,valid,,,,,controller_reported_target,targetF,runtime_force_coordinate_unknown,,,N,,,,,,,0.0,0.0,0.0,,,not_physical_completion,"[0.0, 0.0, 0.0, 0.0, 0.0, 0.0]","{""command_id_unavailable"": true, ""final_internal_force_setpoint_verified"": false}"
E1_on_r02_20260917T180946_1789636186200651410_aqclx4_k,2802,,,1789636188967524890,1677908221588,receipt_only_no_header,,,/ur10skku/targetP,valid,,,,,controller_reported_target,targetP,robot_base,rotvec_rad,mm,,451.72213514568654,383.79316024038155,218.34270961596863,-0.05078494054356978,0.004444306596635737,2.356849078069518,,,,,,not_physical_completion,"[451.72213514568654, 383.79316024038155, 218.34270961596863, -0.05078494054356978, 0.004444306596635737, 2.356849078069518]","{""command_id_unavailable"": true, ""final_internal_force_setpoint_verified"": false}"
E1_on_r02_20260917T180946_1789636186200651410_aqclx4_k,2803,,,1789636188967554466,1677908250824,receipt_only_no_header,,,/ur10skku/targetF,valid,,,,,controller_reported_target,targetF,runtime_force_coordinate_unknown,,,N,,,,,,,0.0,0.0,0.0,,,not_physical_completion,"[0.0, 0.0, 0.0, 0.0, 0.0, 0.0]","{""command_id_unavailable"": true, ""final_internal_force_setpoint_verified"": false}"
E1_on_r02_20260917T180946_1789636186200651410_aqclx4_k,2807,,,1789636188967880226,1677908576674,receipt_only_no_header,,,/ur10skku/targetP,valid,,,,,controller_reported_target,targetP,robot_base,rotvec_rad,mm,,451.8066563642729,383.65772765606107,218.32157127505582,-0.051326852177174184,0.004492631248253931,2.3568519955106986,,,,,,not_physical_completion,"[451.8066563642729, 383.65772765606107, 218.32157127505582, -0.051326852177174184, 0.004492631248253931, 2.3568519955106986]","{""command_id_unavailable"": true, ""final_internal_force_setpoint_verified"": false}"
E1_on_r02_20260917T180946_1789636186200651410_aqclx4_k,2808,,,1789636188967909251,1677908605749,receipt_only_no_header,,,/ur10skku/targetF,valid,,,,,controller_reported_target,targetF,runtime_force_coordinate_unknown,,,N,,,,,,,0.0,0.0,0.0,,,not_physical_completion,"[0.0, 0.0, 0.0, 0.0, 0.0, 0.0]","{""command_id_unavailable"": true, ""final_internal_force_setpoint_verified"": false}"
E1_on_r02_20260917T180946_1789636186200651410_aqclx4_k,2812,,,1789636188968547486,1677909244154,receipt_only_no_header,,,/ur10skku/targetP,valid,,,,,controller_reported_target,targetP,robot_base,rotvec_rad,mm,,451.89117758285926,383.5222950717406,218.300432934143,-0.05186632763490615,0.004540738658448663,2.356854812481125,,,,,,not_physical_completion,"[451.89117758285926, 383.5222950717406, 218.300432934143, -0.05186632763490615, 0.004540738658448663, 2.356854812481125]","{""command_id_unavailable"": true, ""final_internal_force_setpoint_verified"": false}"
E1_on_r02_20260917T180946_1789636186200651410_aqclx4_k,2813,,,1789636188968576391,1677909272669,receipt_only_no_header,,,/ur10skku/targetF,valid,,,,,controller_reported_target,targetF,runtime_force_coordinate_unknown,,,N,,,,,,,0.0,0.0,0.0,,,not_physical_completion,"[0.0, 0.0, 0.0, 0.0, 0.0, 0.0]","{""command_id_unavailable"": true, ""final_internal_force_setpoint_verified"": false}"
E1_on_r02_20260917T180946_1789636186200651410_aqclx4_k,2817,,,1789636188969023802,1677909720230,receipt_only_no_header,,,/ur10skku/targetP,valid,,,,,controller_reported_target,targetP,robot_base,rotvec_rad,mm,,451.9756988014456,383.3868624874201,218.2792945932302,-0.05240342376448327,0.004588633896540282,2.356857530444671,,,,,,not_physical_completion,"[451.9756988014456, 383.3868624874201, 218.2792945932302, -0.05240342376448327, 0.004588633896540282, 2.356857530444671]","{""command_id_unavailable"": true, ""final_internal_force_setpoint_verified"": false}"
E1_on_r02_20260917T180946_1789636186200651410_aqclx4_k,2818,,,1789636188969052737,1677909749015,receipt_only_no_header,,,/ur10skku/targetF,valid,,,,,controller_reported_target,targetF,runtime_force_coordinate_unknown,,,N,,,,,,,0.0,0.0,0.0,,,not_physical_completion,"[0.0, 0.0, 0.0, 0.0, 0.0, 0.0]","{""command_id_unavailable"": true, ""final_internal_force_setpoint_verified"": false}"
E1_on_r02_20260917T180946_1789636186200651410_aqclx4_k,2822,,,1789636188969366274,1677910062702,receipt_only_no_header,,,/ur10skku/targetP,valid,,,,,controller_reported_target,targetP,robot_base,rotvec_rad,mm,,452.060220020032,383.2514299030996,218.25815625231738,-0.0529381965033202,0.00463632195067489,2.3568601508190743,,,,,,not_physical_completion,"[452.060220020032, 383.2514299030996, 218.25815625231738, -0.0529381965033202, 0.00463632195067489, 2.3568601508190743]","{""command_id_unavailable"": true, ""final_internal_force_setpoint_verified"": false}"
E1_on_r02_20260917T180946_1789636186200651410_aqclx4_k,2823,,,1789636188969395009,1677910091216,receipt_only_no_header,,,/ur10skku/targetF,valid,,,,,controller_reported_target,targetF,runtime_force_coordinate_unknown,,,N,,,,,,,0.0,0.0,0.0,,,not_physical_completion,"[0.0, 0.0, 0.0, 0.0, 0.0, 0.0]","{""command_id_unavailable"": true, ""final_internal_force_setpoint_verified"": false}"
E1_on_r02_20260917T180946_1789636186200651410_aqclx4_k,2827,,,1789636188970006632,1677910702980,receipt_only_no_header,,,/ur10skku/targetP,valid,,,,,controller_reported_target,targetP,robot_base,rotvec_rad,mm,,452.14474123861834,383.11599731877914,218.23701791140456,-0.05347070090645871,0.0046838077303149395,2.356862674977187,,,,,,not_physical_completion,"[452.14474123861834, 383.11599731877914, 218.23701791140456, -0.05347070090645871, 0.0046838077303149395, 2.356862674977187]","{""command_id_unavailable"": true, ""final_internal_force_setpoint_verified"": false}"
E1_on_r02_20260917T180946_1789636186200651410_aqclx4_k,2828,,,1789636188970034986,1677910731224,receipt_only_no_header,,,/ur10skku/targetF,valid,,,,,controller_reported_target,targetF,runtime_force_coordinate_unknown,,,N,,,,,,,0.0,0.0,0.0,,,not_physical_completion,"[0.0, 0.0, 0.0, 0.0, 0.0, 0.0]","{""command_id_unavailable"": true, ""final_internal_force_setpoint_verified"": false}"
E1_on_r02_20260917T180946_1789636186200651410_aqclx4_k,2832,,,1789636188970463692,1677911160040,receipt_only_no_header,,,/ur10skku/targetP,valid,,,,,controller_reported_target,targetP,robot_base,rotvec_rad,mm,,452.2292624572047,382.98056473445865,218.21587957049175,-0.05400099117368939,0.004731096068657763,2.356865104248191,,,,,,not_physical_completion,"[452.2292624572047, 382.98056473445865, 218.21587957049175, -0.05400099117368939, 0.004731096068657763, 2.356865104248191]","{""command_id_unavailable"": true, ""final_internal_force_setpoint_verified"": false}"
E1_on_r02_20260917T180946_1789636186200651410_aqclx4_k,2833,,,1789636188970492237,1677911188434,receipt_only_no_header,,,/ur10skku/targetF,valid,,,,,controller_reported_target,targetF,runtime_force_coordinate_unknown,,,N,,,,,,,0.0,0.0,0.0,,,not_physical_completion,"[0.0, 0.0, 0.0, 0.0, 0.0, 0.0]","{""command_id_unavailable"": true, ""final_internal_force_setpoint_verified"": false}"
E1_on_r02_20260917T180946_1789636186200651410_aqclx4_k,2837,,,1789636188970905753,1677911602101,receipt_only_no_header,,,/ur10skku/targetP,valid,,,,,controller_reported_target,targetP,robot_base,rotvec_rad,mm,,452.31378367579106,382.84513215013817,218.19474122957894,-0.05452912067589701,0.004778191724984867,2.3568674399187524,,,,,,not_physical_completion,"[452.31378367579106, 382.84513215013817, 218.19474122957894, -0.05452912067589701, 0.004778191724984867, 2.3568674399187524]","{""command_id_unavailable"": true, ""final_internal_force_setpoint_verified"": false}"
E1_on_r02_20260917T180946_1789636186200651410_aqclx4_k,2838,,,1789636188970933476,1677911629724,receipt_only_no_header,,,/ur10skku/targetF,valid,,,,,controller_reported_target,targetF,runtime_force_coordinate_unknown,,,N,,,,,,,0.0,0.0,0.0,,,not_physical_completion,"[0.0, 0.0, 0.0, 0.0, 0.0, 0.0]","{""command_id_unavailable"": true, ""final_internal_force_setpoint_verified"": false}"
E1_on_r02_20260917T180946_1789636186200651410_aqclx4_k,2892,,,1789636189033891086,1677974587594,receipt_only_no_header,,,/ur10skku/targetP,valid,,,,,controller_reported_target,targetP,robot_base,rotvec_rad,mm,,452.3983048943774,382.7096995658177,218.17360288866612,-0.05505514198066055,0.004825099386944757,2.3568696832341383,,,,,,not_physical_completion,"[452.3983048943774, 382.7096995658177, 218.17360288866612, -0.05505514198066055, 0.004825099386944757, 2.3568696832341383]","{""command_id_unavailable"": true, ""final_internal_force_setpoint_verified"": false}"
E1_on_r02_20260917T180946_1789636186200651410_aqclx4_k,2893,,,1789636189033923477,1677974619855,receipt_only_no_header,,,/ur10skku/targetF,valid,,,,,controller_reported_target,targetF,runtime_force_coordinate_unknown,,,N,,,,,,,0.0,0.0,0.0,,,not_physical_completion,"[0.0, 0.0, 0.0, 0.0, 0.0, 0.0]","{""command_id_unavailable"": true, ""final_internal_force_setpoint_verified"": false}"
E1_on_r02_20260917T180946_1789636186200651410_aqclx4_k,2899,,,1789636189034640822,1677975337210,receipt_only_no_header,,,/ur10skku/targetP,valid,,,,,controller_reported_target,targetP,robot_base,rotvec_rad,mm,,452.4828261129638,382.5742669814972,218.1524645477533,-0.05557910687713753,0.0048718236727719666,2.3568718353992906,,,,,,not_physical_completion,"[452.4828261129638, 382.5742669814972, 218.1524645477533, -0.05557910687713753, 0.0048718236727719666, 2.3568718353992906]","{""command_id_unavailable"": true, ""final_internal_force_setpoint_verified"": false}"
E1_on_r02_20260917T180946_1789636186200651410_aqclx4_k,2900,,,1789636189034671210,1677975367377,receipt_only_no_header,,,/ur10skku/targetF,valid,,,,,controller_reported_target,targetF,runtime_force_coordinate_unknown,,,N,,,,,,,0.0,0.0,0.0,,,not_physical_completion,"[0.0, 0.0, 0.0, 0.0, 0.0, 0.0]","{""command_id_unavailable"": true, ""final_internal_force_setpoint_verified"": false}"
E1_on_r02_20260917T180946_1789636186200651410_aqclx4_k,2930,,,1789636189113169882,1678053866971,receipt_only_no_header,,,/ur10skku/targetP,valid,,,,,controller_reported_target,targetP,robot_base,rotvec_rad,mm,,452.56734733155014,382.4388343971767,218.1313262068405,-0.05610106640026095,0.004918369133444756,2.3568738975798538,,,,,,not_physical_completion,"[452.56734733155014, 382.4388343971767, 218.1313262068405, -0.05610106640026095, 0.004918369133444756, 2.3568738975798538]","{""command_id_unavailable"": true, ""final_internal_force_setpoint_verified"": false}"
E1_on_r02_20260917T180946_1789636186200651410_aqclx4_k,2931,,,1789636189113210830,1678053907548,receipt_only_no_header,,,/ur10skku/targetF,valid,,,,,controller_reported_target,targetF,runtime_force_coordinate_unknown,,,N,,,,,,,0.0,0.0,0.0,,,not_physical_completion,"[0.0, 0.0, 0.0, 0.0, 0.0, 0.0]","{""command_id_unavailable"": true, ""final_internal_force_setpoint_verified"": false}"
E1_on_r02_20260917T180946_1789636186200651410_aqclx4_k,2937,,,1789636189114186406,1678054883345,receipt_only_no_header,,,/ur10skku/targetP,valid,,,,,controller_reported_target,targetP,robot_base,rotvec_rad,mm,,452.6518685501365,382.30340181285624,218.11018786592768,-0.05662107085427599,0.0049647402547839635,2.356875870903166,,,,,,not_physical_completion,"[452.6518685501365, 382.30340181285624, 218.11018786592768, -0.05662107085427599, 0.0049647402547839635, 2.356875870903166]","{""command_id_unavailable"": true, ""final_internal_force_setpoint_verified"": false}"
E1_on_r02_20260917T180946_1789636186200651410_aqclx4_k,2938,,,1789636189114222796,1678054919474,receipt_only_no_header,,,/ur10skku/targetF,valid,,,,,controller_reported_target,targetF,runtime_force_coordinate_unknown,,,N,,,,,,,0.0,0.0,0.0,,,not_physical_completion,"[0.0, 0.0, 0.0, 0.0, 0.0, 0.0]","{""command_id_unavailable"": true, ""final_internal_force_setpoint_verified"": false}"
E1_on_r02_20260917T180946_1789636186200651410_aqclx4_k,2942,,,1789636189114893752,1678055590982,receipt_only_no_header,,,/ur10skku/targetP,valid,,,,,controller_reported_target,targetP,robot_base,rotvec_rad,mm,,452.73638976872286,382.16796922853575,218.08904952501487,-0.05713916983564285,0.005010941459495314,2.3568777564592094,,,,,,not_physical_completion,"[452.73638976872286, 382.16796922853575, 218.08904952501487, -0.05713916983564285, 0.005010941459495314, 2.3568777564592094]","{""command_id_unavailable"": true, ""final_internal_force_setpoint_verified"": false}"
E1_on_r02_20260917T180946_1789636186200651410_aqclx4_k,2943,,,1789636189114929320,1678055626038,receipt_only_no_header,,,/ur10skku/targetF,valid,,,,,controller_reported_target,targetF,runtime_force_coordinate_unknown,,,N,,,,,,,0.0,0.0,0.0,,,not_physical_completion,"[0.0, 0.0, 0.0, 0.0, 0.0, 0.0]","{""command_id_unavailable"": true, ""final_internal_force_setpoint_verified"": false}"
E1_on_r02_20260917T180946_1789636186200651410_aqclx4_k,2946,,,1789636189115458707,1678056156087,receipt_only_no_header,,,/ur10skku/targetP,valid,,,,,controller_reported_target,targetP,robot_base,rotvec_rad,mm,,452.8209109873092,382.03253664421527,218.06791118410206,-0.05765541225533053,0.005056977109157435,2.356879555301525,,,,,,not_physical_completion,"[452.8209109873092, 382.03253664421527, 218.06791118410206, -0.05765541225533053, 0.005056977109157435, 2.356879555301525]","{""command_id_unavailable"": true, ""final_internal_force_setpoint_verified"": false}"
E1_on_r02_20260917T180946_1789636186200651410_aqclx4_k,2947,,,1789636189115494345,1678056191124,receipt_only_no_header,,,/ur10skku/targetF,valid,,,,,controller_reported_target,targetF,runtime_force_coordinate_unknown,,,N,,,,,,,0.0,0.0,0.0,,,not_physical_completion,"[0.0, 0.0, 0.0, 0.0, 0.0, 0.0]","{""command_id_unavailable"": true, ""final_internal_force_setpoint_verified"": false}"
E1_on_r02_20260917T180946_1789636186200651410_aqclx4_k,2959,,,1789636189150906640,1678091603879,receipt_only_no_header,,,/ur10skku/targetP,valid,,,,,controller_reported_target,targetP,robot_base,rotvec_rad,mm,,452.9054322058956,381.8971040598948,218.04677284318925,-0.05816984636052582,0.005102851506157711,2.3568812684480918,,,,,,not_physical_completion,"[452.9054322058956, 381.8971040598948, 218.04677284318925, -0.05816984636052582, 0.005102851506157711, 2.3568812684480918]","{""command_id_unavailable"": true, ""final_internal_force_setpoint_verified"": false}"
E1_on_r02_20260917T180946_1789636186200651410_aqclx4_k,2963,,,1789636189156466790,1678097164871,receipt_only_no_header,,,/ur10skku/targetP,valid,,,,,controller_reported_target,targetP,robot_base,rotvec_rad,mm,,452.98995342448194,381.7616714755743,218.02563450227643,-0.05868251975578069,0.005148568895578061,2.3568828968821656,,,,,,not_physical_completion,"[452.98995342448194, 381.7616714755743, 218.02563450227643, -0.05868251975578069, 0.005148568895578061, 2.3568828968821656]","{""command_id_unavailable"": true, ""final_internal_force_setpoint_verified"": false}"
E1_on_r02_20260917T180946_1789636186200651410_aqclx4_k,2964,,,1789636189156524891,1678097223062,receipt_only_no_header,,,/ur10skku/targetF,valid,,,,,controller_reported_target,targetF,runtime_force_coordinate_unknown,,,N,,,,,,,0.0,0.0,0.0,,,not_physical_completion,"[0.0, 0.0, 0.0, 0.0, 0.0, 0.0]","{""command_id_unavailable"": true, ""final_internal_force_setpoint_verified"": false}"
E1_on_r02_20260917T180946_1789636186200651410_aqclx4_k,2968,,,1789636189158546367,1678099242715,receipt_only_no_header,,,/ur10skku/targetP,valid,,,,,controller_reported_target,targetP,robot_base,rotvec_rad,mm,,453.0744746430683,381.6262388912538,218.00449616136362,-0.05919347942362035,0.0051941334670326305,2.3568844415530967,,,,,,not_physical_completion,"[453.0744746430683, 381.6262388912538, 218.00449616136362, -0.05919347942362035, 0.0051941334670326305, 2.3568844415530967]","{""command_id_unavailable"": true, ""final_internal_force_setpoint_verified"": false}"
E1_on_r02_20260917T180946_1789636186200651410_aqclx4_k,2969,,,1789636189158575473,1678099271720,receipt_only_no_header,,,/ur10skku/targetF,valid,,,,,controller_reported_target,targetF,runtime_force_coordinate_unknown,,,N,,,,,,,0.0,0.0,0.0,,,not_physical_completion,"[0.0, 0.0, 0.0, 0.0, 0.0, 0.0]","{""command_id_unavailable"": true, ""final_internal_force_setpoint_verified"": false}"
E1_on_r02_20260917T180946_1789636186200651410_aqclx4_k,2973,,,1789636189159068230,1678099764628,receipt_only_no_header,,,/ur10skku/targetP,valid,,,,,controller_reported_target,targetP,robot_base,rotvec_rad,mm,,453.15899586165466,381.49080630693334,217.9833578204508,-0.059702771744633114,0.005239549356459263,2.356885903377102,,,,,,not_physical_completion,"[453.15899586165466, 381.49080630693334, 217.9833578204508, -0.059702771744633114, 0.005239549356459263, 2.356885903377102]","{""command_id_unavailable"": true, ""final_internal_force_setpoint_verified"": false}"
E1_on_r02_20260917T180946_1789636186200651410_aqclx4_k,2974,,,1789636189159095572,1678099791820,receipt_only_no_header,,,/ur10skku/targetF,valid,,,,,controller_reported_target,targetF,runtime_force_coordinate_unknown,,,N,,,,,,,0.0,0.0,0.0,,,not_physical_completion,"[0.0, 0.0, 0.0, 0.0, 0.0, 0.0]","{""command_id_unavailable"": true, ""final_internal_force_setpoint_verified"": false}"
E1_on_r02_20260917T180946_1789636186200651410_aqclx4_k,2978,,,1789636189159805734,1678100502482,receipt_only_no_header,,,/ur10skku/targetP,valid,,,,,controller_reported_target,targetP,robot_base,rotvec_rad,mm,,453.243517080241,381.35537372261285,217.962219479538,-0.06021044251706314,0.0052848206478666535,2.3568872832380166,,,,,,not_physical_completion,"[453.243517080241, 381.35537372261285, 217.962219479538, -0.06021044251706314, 0.0052848206478666535, 2.3568872832380166]","{""command_id_unavailable"": true, ""final_internal_force_setpoint_verified"": false}"
E1_on_r02_20260917T180946_1789636186200651410_aqclx4_k,2979,,,1789636189159834168,1678100530445,receipt_only_no_header,,,/ur10skku/targetF,valid,,,,,controller_reported_target,targetF,runtime_force_coordinate_unknown,,,N,,,,,,,0.0,0.0,0.0,,,not_physical_completion,"[0.0, 0.0, 0.0, 0.0, 0.0, 0.0]","{""command_id_unavailable"": true, ""final_internal_force_setpoint_verified"": false}"
E1_on_r02_20260917T180946_1789636186200651410_aqclx4_k,2983,,,1789636189160277351,1678100973619,receipt_only_no_header,,,/ur10skku/targetP,valid,,,,,controller_reported_target,targetP,robot_base,rotvec_rad,mm,,453.3280382988274,381.21994113829237,217.94108113862518,-0.06071653697592548,0.0053299513750389,2.3568885819880054,,,,,,not_physical_completion,"[453.3280382988274, 381.21994113829237, 217.94108113862518, -0.06071653697592548, 0.0053299513750389, 2.3568885819880054]","{""command_id_unavailable"": true, ""final_internal_force_setpoint_verified"": false}"
E1_on_r02_20260917T180946_1789636186200651410_aqclx4_k,2984,,,1789636189160304402,1678101000991,receipt_only_no_header,,,/ur10skku/targetF,valid,,,,,controller_reported_target,targetF,runtime_force_coordinate_unknown,,,N,,,,,,,0.0,0.0,0.0,,,not_physical_completion,"[0.0, 0.0, 0.0, 0.0, 0.0, 0.0]","{""command_id_unavailable"": true, ""final_internal_force_setpoint_verified"": false}"
E1_on_r02_20260917T180946_1789636186200651410_aqclx4_k,2988,,,1789636189160676691,1678101372988,receipt_only_no_header,,,/ur10skku/targetP,valid,,,,,controller_reported_target,targetP,robot_base,rotvec_rad,mm,,453.41255951741374,381.0845085539719,217.91994279771237,-0.06122109981166289,0.005374945523199187,2.356889800448259,,,,,,not_physical_completion,"[453.41255951741374, 381.0845085539719, 217.91994279771237, -0.06122109981166289, 0.005374945523199187, 2.356889800448259]","{""command_id_unavailable"": true, ""final_internal_force_setpoint_verified"": false}"
E1_on_r02_20260917T180946_1789636186200651410_aqclx4_k,2989,,,1789636189160703492,1678101399810,receipt_only_no_header,,,/ur10skku/targetF,valid,,,,,controller_reported_target,targetF,runtime_force_coordinate_unknown,,,N,,,,,,,0.0,0.0,0.0,,,not_physical_completion,"[0.0, 0.0, 0.0, 0.0, 0.0, 0.0]","{""command_id_unavailable"": true, ""final_internal_force_setpoint_verified"": false}"
E1_on_r02_20260917T180946_1789636186200651410_aqclx4_k,2993,,,1789636189161329132,1678102025480,receipt_only_no_header,,,/ur10skku/targetP,valid,,,,,controller_reported_target,targetP,robot_base,rotvec_rad,mm,,453.4970807360001,380.9490759696514,217.89880445679955,-0.06172417518836243,0.005419807030634225,2.35689093940965,,,,,,not_physical_completion,"[453.4970807360001, 380.9490759696514, 217.89880445679955, -0.06172417518836243, 0.005419807030634225, 2.35689093940965]","{""command_id_unavailable"": true, ""final_internal_force_setpoint_verified"": false}"
E1_on_r02_20260917T180946_1789636186200651410_aqclx4_k,2994,,,1789636189161356665,1678102052882,receipt_only_no_header,,,/ur10skku/targetF,valid,,,,,controller_reported_target,targetF,runtime_force_coordinate_unknown,,,N,,,,,,,0.0,0.0,0.0,,,not_physical_completion,"[0.0, 0.0, 0.0, 0.0, 0.0, 0.0]","{""command_id_unavailable"": true, ""final_internal_force_setpoint_verified"": false}"
E1_on_r02_20260917T180946_1789636186200651410_aqclx4_k,2998,,,1789636189161658028,1678102354316,receipt_only_no_header,,,/ur10skku/targetP,valid,,,,,controller_reported_target,targetP,robot_base,rotvec_rad,mm,,453.58160195458646,380.8136433853309,217.87766611588674,-0.062225806761549866,0.005464539790281038,2.3568919996333655,,,,,,not_physical_completion,"[453.58160195458646, 380.8136433853309, 217.87766611588674, -0.062225806761549866, 0.005464539790281038, 2.3568919996333655]","{""command_id_unavailable"": true, ""final_internal_force_setpoint_verified"": false}"
E1_on_r02_20260917T180946_1789636186200651410_aqclx4_k,2999,,,1789636189161684088,1678102380355,receipt_only_no_header,,,/ur10skku/targetF,valid,,,,,controller_reported_target,targetF,runtime_force_coordinate_unknown,,,N,,,,,,,0.0,0.0,0.0,,,not_physical_completion,"[0.0, 0.0, 0.0, 0.0, 0.0, 0.0]","{""command_id_unavailable"": true, ""final_internal_force_setpoint_verified"": false}"
E1_on_r02_20260917T180946_1789636186200651410_aqclx4_k,3003,,,1789636189162184971,1678102881309,receipt_only_no_header,,,/ur10skku/targetP,valid,,,,,controller_reported_target,targetP,robot_base,rotvec_rad,mm,,453.6661231731728,380.67821080101044,217.85652777497393,-0.06272603769557902,0.005509147651277622,2.356892981851519,,,,,,not_physical_completion,"[453.6661231731728, 380.67821080101044, 217.85652777497393, -0.06272603769557902, 0.005509147651277622, 2.356892981851519]","{""command_id_unavailable"": true, ""final_internal_force_setpoint_verified"": false}"
E1_on_r02_20260917T180946_1789636186200651410_aqclx4_k,3004,,,1789636189162211982,1678102908190,receipt_only_no_header,,,/ur10skku/targetF,valid,,,,,controller_reported_target,targetF,runtime_force_coordinate_unknown,,,N,,,,,,,0.0,0.0,0.0,,,not_physical_completion,"[0.0, 0.0, 0.0, 0.0, 0.0, 0.0]","{""command_id_unavailable"": true, ""final_internal_force_setpoint_verified"": false}"
E1_on_r02_20260917T180946_1789636186200651410_aqclx4_k,3008,,,1789636189162621211,1678103318581,receipt_only_no_header,,,/ur10skku/targetP,valid,,,,,controller_reported_target,targetP,robot_base,rotvec_rad,mm,,453.7506443917592,380.54277821668995,217.8353894340611,-0.06322491068063234,0.005553634420478946,2.3568938867677294,,,,,,not_physical_completion,"[453.7506443917592, 380.54277821668995, 217.8353894340611, -0.06322491068063234, 0.005553634420478946, 2.3568938867677294]","{""command_id_unavailable"": true, ""final_internal_force_setpoint_verified"": false}"
E1_on_r02_20260917T180946_1789636186200651410_aqclx4_k,3009,,,1789636189162657089,1678103353597,receipt_only_no_header,,,/ur10skku/targetF,valid,,,,,controller_reported_target,targetF,runtime_force_coordinate_unknown,,,N,,,,,,,0.0,0.0,0.0,,,not_physical_completion,"[0.0, 0.0, 0.0, 0.0, 0.0, 0.0]","{""command_id_unavailable"": true, ""final_internal_force_setpoint_verified"": false}"
E1_on_r02_20260917T180946_1789636186200651410_aqclx4_k,3035,,,1789636189179421169,1678120119831,receipt_only_no_header,,,/ur10skku/targetF,valid,,,,,controller_reported_target,targetF,runtime_force_coordinate_unknown,,,N,,,,,,,0.0,0.0,0.0,,,not_physical_completion,"[0.0, 0.0, 0.0, 0.0, 0.0, 0.0]","{""command_id_unavailable"": true, ""final_internal_force_setpoint_verified"": false}"
E1_on_r02_20260917T180946_1789636186200651410_aqclx4_k,3038,,,1789636189179832011,1678120528409,receipt_only_no_header,,,/ur10skku/targetP,valid,,,,,controller_reported_target,targetP,robot_base,rotvec_rad,mm,,453.83516561034554,380.40734563236947,217.8142510931483,-0.0637224679493487,0.005598003863939725,2.3568947150576793,,,,,,not_physical_completion,"[453.83516561034554, 380.40734563236947, 217.8142510931483, -0.0637224679493487, 0.005598003863939725, 2.3568947150576793]","{""command_id_unavailable"": true, ""final_internal_force_setpoint_verified"": false}"
E1_on_r02_20260917T180946_1789636186200651410_aqclx4_k,3039,,,1789636189179860695,1678120557023,receipt_only_no_header,,,/ur10skku/targetF,valid,,,,,controller_reported_target,targetF,runtime_force_coordinate_unknown,,,N,,,,,,,0.0,0.0,0.0,,,not_physical_completion,"[0.0, 0.0, 0.0, 0.0, 0.0, 0.0]","{""command_id_unavailable"": true, ""final_internal_force_setpoint_verified"": false}"
E1_on_r02_20260917T180946_1789636186200651410_aqclx4_k,3041,,,1789636189180196735,1678120893123,receipt_only_no_header,,,/ur10skku/targetP,valid,,,,,controller_reported_target,targetP,robot_base,rotvec_rad,mm,,453.9196868289319,380.271913048049,217.7931127522355,-0.06421875129309423,0.005642259708365319,2.356895467369652,,,,,,not_physical_completion,"[453.9196868289319, 380.271913048049, 217.7931127522355, -0.06421875129309423, 0.005642259708365319, 2.356895467369652]","{""command_id_unavailable"": true, ""final_internal_force_setpoint_verified"": false}"
E1_on_r02_20260917T180946_1789636186200651410_aqclx4_k,3042,,,1789636189180224618,1678120920775,receipt_only_no_header,,,/ur10skku/targetF,valid,,,,,controller_reported_target,targetF,runtime_force_coordinate_unknown,,,N,,,,,,,0.0,0.0,0.0,,,not_physical_completion,"[0.0, 0.0, 0.0, 0.0, 0.0, 0.0]","{""command_id_unavailable"": true, ""final_internal_force_setpoint_verified"": false}"
E1_on_r02_20260917T180946_1789636186200651410_aqclx4_k,3046,,,1789636189180477730,1678121174037,receipt_only_no_header,,,/ur10skku/targetP,valid,,,,,controller_reported_target,targetP,robot_base,rotvec_rad,mm,,454.00420804751826,380.1364804637285,217.77197441132267,-0.06471380207789028,0.005686405642532103,2.3568961443250402,,,,,,not_physical_completion,"[454.00420804751826, 380.1364804637285, 217.77197441132267, -0.06471380207789028, 0.005686405642532103, 2.3568961443250402]","{""command_id_unavailable"": true, ""final_internal_force_setpoint_verified"": false}"
E1_on_r02_20260917T180946_1789636186200651410_aqclx4_k,3047,,,1789636189180504220,1678121200357,receipt_only_no_header,,,/ur10skku/targetF,valid,,,,,controller_reported_target,targetF,runtime_force_coordinate_unknown,,,N,,,,,,,0.0,0.0,0.0,,,not_physical_completion,"[0.0, 0.0, 0.0, 0.0, 0.0, 0.0]","{""command_id_unavailable"": true, ""final_internal_force_setpoint_verified"": false}"
E1_on_r02_20260917T180946_1789636186200651410_aqclx4_k,3062,,,1789636189213626386,1678154322794,receipt_only_no_header,,,/ur10skku/targetP,valid,,,,,controller_reported_target,targetP,robot_base,rotvec_rad,mm,,454.0887292661046,380.001047879408,217.75083607040986,-0.06520766126001361,0.0057304453186785885,2.3568967465188364,,,,,,not_physical_completion,"[454.0887292661046, 380.001047879408, 217.75083607040986, -0.06520766126001361, 0.0057304453186785885, 2.3568967465188364]","{""command_id_unavailable"": true, ""final_internal_force_setpoint_verified"": false}"
E1_on_r02_20260917T180946_1789636186200651410_aqclx4_k,3063,,,1789636189213655411,1678154351589,receipt_only_no_header,,,/ur10skku/targetF,valid,,,,,controller_reported_target,targetF,runtime_force_coordinate_unknown,,,N,,,,,,,0.0,0.0,0.0,,,not_physical_completion,"[0.0, 0.0, 0.0, 0.0, 0.0, 0.0]","{""command_id_unavailable"": true, ""final_internal_force_setpoint_verified"": false}"
E1_on_r02_20260917T180946_1789636186200651410_aqclx4_k,3065,,,1789636189213790719,1678154487047,receipt_only_no_header,,,/ur10skku/targetP,valid,,,,,controller_reported_target,targetP,robot_base,rotvec_rad,mm,,454.173250484691,379.86561529508754,217.72969772949705,-0.06570036940128246,0.005774382353868529,2.3568972745201,,,,,,not_physical_completion,"[454.173250484691, 379.86561529508754, 217.72969772949705, -0.06570036940128246, 0.005774382353868529, 2.3568972745201]","{""command_id_unavailable"": true, ""final_internal_force_setpoint_verified"": false}"
E1_on_r02_20260917T180946_1789636186200651410_aqclx4_k,3066,,,1789636189213817129,1678154513327,receipt_only_no_header,,,/ur10skku/targetF,valid,,,,,controller_reported_target,targetF,runtime_force_coordinate_unknown,,,N,,,,,,,0.0,0.0,0.0,,,not_physical_completion,"[0.0, 0.0, 0.0, 0.0, 0.0, 0.0]","{""command_id_unavailable"": true, ""final_internal_force_setpoint_verified"": false}"
E1_on_r02_20260917T180946_1789636186200651410_aqclx4_k,3070,,,1789636189214340184,1678155036522,receipt_only_no_header,,,/ur10skku/targetP,valid,,,,,controller_reported_target,targetP,robot_base,rotvec_rad,mm,,454.25777170327734,379.73018271076705,217.70855938858423,-0.0661919666840419,0.00581822033132722,2.3568977288724056,,,,,,not_physical_completion,"[454.25777170327734, 379.73018271076705, 217.70855938858423, -0.0661919666840419, 0.00581822033132722, 2.3568977288724056]","{""command_id_unavailable"": true, ""final_internal_force_setpoint_verified"": false}"
E1_on_r02_20260917T180946_1789636186200651410_aqclx4_k,3071,,,1789636189214367156,1678155063353,receipt_only_no_header,,,/ur10skku/targetF,valid,,,,,controller_reported_target,targetF,runtime_force_coordinate_unknown,,,N,,,,,,,0.0,0.0,0.0,,,not_physical_completion,"[0.0, 0.0, 0.0, 0.0, 0.0, 0.0]","{""command_id_unavailable"": true, ""final_internal_force_setpoint_verified"": false}"
E1_on_r02_20260917T180946_1789636186200651410_aqclx4_k,3075,,,1789636189214694268,1678155390416,receipt_only_no_header,,,/ur10skku/targetP,valid,,,,,controller_reported_target,targetP,robot_base,rotvec_rad,mm,,454.3422929218637,379.59475012644657,217.68742104767142,-0.06668249292586159,0.005861962801752157,2.356898110094267,,,,,,not_physical_completion,"[454.3422929218637, 379.59475012644657, 217.68742104767142, -0.06668249292586159, 0.005861962801752157, 2.356898110094267]","{""command_id_unavailable"": true, ""final_internal_force_setpoint_verified"": false}"
E1_on_r02_20260917T180946_1789636186200651410_aqclx4_k,3088,,,1789636189266526768,1678207223557,receipt_only_no_header,,,/ur10skku/targetP,valid,,,,,controller_reported_target,targetP,robot_base,rotvec_rad,mm,,454.42681414045006,379.4593175421261,217.6662827067586,-0.06717198759395866,0.005905613284599167,2.356898418679546,,,,,,not_physical_completion,"[454.42681414045006, 379.4593175421261, 217.6662827067586, -0.06717198759395866, 0.005905613284599167, 2.356898418679546]","{""command_id_unavailable"": true, ""final_internal_force_setpoint_verified"": false}"
E1_on_r02_20260917T180946_1789636186200651410_aqclx4_k,3089,,,1789636189266559000,1678207255247,receipt_only_no_header,,,/ur10skku/targetF,valid,,,,,controller_reported_target,targetF,runtime_force_coordinate_unknown,,,N,,,,,,,0.0,0.0,0.0,,,not_physical_completion,"[0.0, 0.0, 0.0, 0.0, 0.0, 0.0]","{""command_id_unavailable"": true, ""final_internal_force_setpoint_verified"": false}"
E1_on_r02_20260917T180946_1789636186200651410_aqclx4_k,3091,,,1789636189267079370,1678207775688,receipt_only_no_header,,,/ur10skku/targetP,valid,,,,,controller_reported_target,targetP,robot_base,rotvec_rad,mm,,454.5113353590364,379.3238849578056,217.6451443658458,-0.06766048981935802,0.0059491752693451305,2.356898655097839,,,,,,not_physical_completion,"[454.5113353590364, 379.3238849578056, 217.6451443658458, -0.06766048981935802, 0.0059491752693451305, 2.356898655097839]","{""command_id_unavailable"": true, ""final_internal_force_setpoint_verified"": false}"
E1_on_r02_20260917T180946_1789636186200651410_aqclx4_k,3092,,,1789636189267107363,1678207803861,receipt_only_no_header,,,/ur10skku/targetF,valid,,,,,controller_reported_target,targetF,runtime_force_coordinate_unknown,,,N,,,,,,,0.0,0.0,0.0,,,not_physical_completion,"[0.0, 0.0, 0.0, 0.0, 0.0, 0.0]","{""command_id_unavailable"": true, ""final_internal_force_setpoint_verified"": false}"
E1_on_r02_20260917T180946_1789636186200651410_aqclx4_k,3096,,,1789636189267406883,1678208103381,receipt_only_no_header,,,/ur10skku/targetP,valid,,,,,controller_reported_target,targetP,robot_base,rotvec_rad,mm,,454.5958565776228,379.1884523734851,217.62400602493298,-0.06814803841080168,0.0059926522167283456,2.3568988197948455,,,,,,not_physical_completion,"[454.5958565776228, 379.1884523734851, 217.62400602493298, -0.06814803841080168, 0.0059926522167283456, 2.3568988197948455]","{""command_id_unavailable"": true, ""final_internal_force_setpoint_verified"": false}"
E1_on_r02_20260917T180946_1789636186200651410_aqclx4_k,3097,,,1789636189267437752,1678208134090,receipt_only_no_header,,,/ur10skku/targetF,valid,,,,,controller_reported_target,targetF,runtime_force_coordinate_unknown,,,N,,,,,,,0.0,0.0,0.0,,,not_physical_completion,"[0.0, 0.0, 0.0, 0.0, 0.0, 0.0]","{""command_id_unavailable"": true, ""final_internal_force_setpoint_verified"": false}"
E1_on_r02_20260917T180946_1789636186200651410_aqclx4_k,3101,,,1789636189268044587,1678208741596,receipt_only_no_header,,,/ur10skku/targetP,valid,,,,,controller_reported_target,targetP,robot_base,rotvec_rad,mm,,454.68037779620914,379.05301978916464,217.60286768402017,-0.06863467186841915,0.006036047559967551,2.356898913192717,,,,,,not_physical_completion,"[454.68037779620914, 379.05301978916464, 217.60286768402017, -0.06863467186841915, 0.006036047559967551, 2.356898913192717]","{""command_id_unavailable"": true, ""final_internal_force_setpoint_verified"": false}"
E1_on_r02_20260917T180946_1789636186200651410_aqclx4_k,3102,,,1789636189268078331,1678208774679,receipt_only_no_header,,,/ur10skku/targetF,valid,,,,,controller_reported_target,targetF,runtime_force_coordinate_unknown,,,N,,,,,,,0.0,0.0,0.0,,,not_physical_completion,"[0.0, 0.0, 0.0, 0.0, 0.0, 0.0]","{""command_id_unavailable"": true, ""final_internal_force_setpoint_verified"": false}"
E1_on_r02_20260917T180946_1789636186200651410_aqclx4_k,3106,,,1789636189268434098,1678209130716,receipt_only_no_header,,,/ur10skku/targetP,valid,,,,,controller_reported_target,targetP,robot_base,rotvec_rad,mm,,454.7648990147955,378.91758720484415,217.58172934310736,-0.06912042839716989,0.00607936470596064,2.356898935690396,,,,,,not_physical_completion,"[454.7648990147955, 378.91758720484415, 217.58172934310736, -0.06912042839716989, 0.00607936470596064, 2.356898935690396]","{""command_id_unavailable"": true, ""final_internal_force_setpoint_verified"": false}"
E1_on_r02_20260917T180946_1789636186200651410_aqclx4_k,3107,,,1789636189268462302,1678209158469,receipt_only_no_header,,,/ur10skku/targetF,valid,,,,,controller_reported_target,targetF,runtime_force_coordinate_unknown,,,N,,,,,,,0.0,0.0,0.0,,,not_physical_completion,"[0.0, 0.0, 0.0, 0.0, 0.0, 0.0]","{""command_id_unavailable"": true, ""final_internal_force_setpoint_verified"": false}"
E1_on_r02_20260917T180946_1789636186200651410_aqclx4_k,3119,,,1789636189353246434,1678293943943,receipt_only_no_header,,,/ur10skku/targetF,valid,,,,,controller_reported_target,targetF,runtime_force_coordinate_unknown,,,N,,,,,,,0.0,0.0,0.0,,,not_physical_completion,"[0.0, 0.0, 0.0, 0.0, 0.0, 0.0]","{""command_id_unavailable"": true, ""final_internal_force_setpoint_verified"": false}"
E1_on_r02_20260917T180946_1789636186200651410_aqclx4_k,3123,,,1789636189358855247,1678299553578,receipt_only_no_header,,,/ur10skku/targetP,valid,,,,,controller_reported_target,targetP,robot_base,rotvec_rad,mm,,454.84942023338186,378.78215462052367,217.56059100219454,-0.06960534592006865,0.006122607036464021,2.3568988876639216,,,,,,not_physical_completion,"[454.84942023338186, 378.78215462052367, 217.56059100219454, -0.06960534592006865, 0.006122607036464021, 2.3568988876639216]","{""command_id_unavailable"": true, ""final_internal_force_setpoint_verified"": false}"
E1_on_r02_20260917T180946_1789636186200651410_aqclx4_k,3124,,,1789636189358915030,1678299613151,receipt_only_no_header,,,/ur10skku/targetF,valid,,,,,controller_reported_target,targetF,runtime_force_coordinate_unknown,,,N,,,,,,,0.0,0.0,0.0,,,not_physical_completion,"[0.0, 0.0, 0.0, 0.0, 0.0, 0.0]","{""command_id_unavailable"": true, ""final_internal_force_setpoint_verified"": false}"
E1_on_r02_20260917T180946_1789636186200651410_aqclx4_k,3128,,,1789636189360365230,1678301065495,receipt_only_no_header,,,/ur10skku/targetP,valid,,,,,controller_reported_target,targetP,robot_base,rotvec_rad,mm,,454.9339414519682,378.6467220362032,217.53945266128173,-0.07008946209120454,0.006165777909253574,2.356898769466736,,,,,,not_physical_completion,"[454.9339414519682, 378.6467220362032, 217.53945266128173, -0.07008946209120454, 0.006165777909253574, 2.356898769466736]","{""command_id_unavailable"": true, ""final_internal_force_setpoint_verified"": false}"
E1_on_r02_20260917T180946_1789636186200651410_aqclx4_k,3129,,,1789636189360414934,1678301112034,receipt_only_no_header,,,/ur10skku/targetF,valid,,,,,controller_reported_target,targetF,runtime_force_coordinate_unknown,,,N,,,,,,,0.0,0.0,0.0,,,not_physical_completion,"[0.0, 0.0, 0.0, 0.0, 0.0, 0.0]","{""command_id_unavailable"": true, ""final_internal_force_setpoint_verified"": false}"
E1_on_r02_20260917T180946_1789636186200651410_aqclx4_k,3135,,,1789636189360977044,1678301673462,receipt_only_no_header,,,/ur10skku/targetP,valid,,,,,controller_reported_target,targetP,robot_base,rotvec_rad,mm,,455.0184626705546,378.5112894518827,217.51831432036892,-0.0705728143085642,0.006208880659268146,2.356898581429962,,,,,,not_physical_completion,"[455.0184626705546, 378.5112894518827, 217.51831432036892, -0.0705728143085642, 0.006208880659268146, 2.356898581429962]","{""command_id_unavailable"": true, ""final_internal_force_setpoint_verified"": false}"
E1_on_r02_20260917T180946_1789636186200651410_aqclx4_k,3136,,,1789636189361006470,1678301702878,receipt_only_no_header,,,/ur10skku/targetF,valid,,,,,controller_reported_target,targetF,runtime_force_coordinate_unknown,,,N,,,,,,,0.0,0.0,0.0,,,not_physical_completion,"[0.0, 0.0, 0.0, 0.0, 0.0, 0.0]","{""command_id_unavailable"": true, ""final_internal_force_setpoint_verified"": false}"
E1_on_r02_20260917T180946_1789636186200651410_aqclx4_k,3140,,,1789636189361231328,1678301927616,receipt_only_no_header,,,/ur10skku/targetP,valid,,,,,controller_reported_target,targetP,robot_base,rotvec_rad,mm,,455.10298388914094,378.3758568675622,217.4971759794561,-0.0710554397266691,0.006251918599736453,2.3568983238626715,,,,,,not_physical_completion,"[455.10298388914094, 378.3758568675622, 217.4971759794561, -0.0710554397266691, 0.006251918599736453, 2.3568983238626715]","{""command_id_unavailable"": true, ""final_internal_force_setpoint_verified"": false}"
E1_on_r02_20260917T180946_1789636186200651410_aqclx4_k,3141,,,1789636189361259171,1678301955479,receipt_only_no_header,,,/ur10skku/targetF,valid,,,,,controller_reported_target,targetF,runtime_force_coordinate_unknown,,,N,,,,,,,0.0,0.0,0.0,,,not_physical_completion,"[0.0, 0.0, 0.0, 0.0, 0.0, 0.0]","{""command_id_unavailable"": true, ""final_internal_force_setpoint_verified"": false}"
E1_on_r02_20260917T180946_1789636186200651410_aqclx4_k,3145,,,1789636189361697134,1678302394354,receipt_only_no_header,,,/ur10skku/targetP,valid,,,,,controller_reported_target,targetP,robot_base,rotvec_rad,mm,,455.1875051077273,378.24042428324174,217.4760376385433,-0.07153737526903677,0.006294895023288319,2.356897997052131,,,,,,not_physical_completion,"[455.1875051077273, 378.24042428324174, 217.4760376385433, -0.07153737526903677, 0.006294895023288319, 2.356897997052131]","{""command_id_unavailable"": true, ""final_internal_force_setpoint_verified"": false}"
E1_on_r02_20260917T180946_1789636186200651410_aqclx4_k,3146,,,1789636189361734485,1678302431074,receipt_only_no_header,,,/ur10skku/targetF,valid,,,,,controller_reported_target,targetF,runtime_force_coordinate_unknown,,,N,,,,,,,0.0,0.0,0.0,,,not_physical_completion,"[0.0, 0.0, 0.0, 0.0, 0.0, 0.0]","{""command_id_unavailable"": true, ""final_internal_force_setpoint_verified"": false}"
E1_on_r02_20260917T180946_1789636186200651410_aqclx4_k,3150,,,1789636189362072969,1678302769758,receipt_only_no_header,,,/ur10skku/targetP,valid,,,,,controller_reported_target,targetP,robot_base,rotvec_rad,mm,,455.27202632631366,378.10499169892125,217.45489929763048,-0.07201865764047584,0.006337813203051054,2.356897601264041,,,,,,not_physical_completion,"[455.27202632631366, 378.10499169892125, 217.45489929763048, -0.07201865764047584, 0.006337813203051054, 2.356897601264041]","{""command_id_unavailable"": true, ""final_internal_force_setpoint_verified"": false}"
E1_on_r02_20260917T180946_1789636186200651410_aqclx4_k,3151,,,1789636189362102946,1678302799244,receipt_only_no_header,,,/ur10skku/targetF,valid,,,,,controller_reported_target,targetF,runtime_force_coordinate_unknown,,,N,,,,,,,0.0,0.0,0.0,,,not_physical_completion,"[0.0, 0.0, 0.0, 0.0, 0.0, 0.0]","{""command_id_unavailable"": true, ""final_internal_force_setpoint_verified"": false}"
E1_on_r02_20260917T180946_1789636186200651410_aqclx4_k,3155,,,1789636189362417986,1678303114614,receipt_only_no_header,,,/ur10skku/targetP,valid,,,,,controller_reported_target,targetP,robot_base,rotvec_rad,mm,,455.3565475449,377.96955911460077,217.43376095671766,-0.07249932333922413,0.006380676393731859,2.356897136742751,,,,,,not_physical_completion,"[455.3565475449, 377.96955911460077, 217.43376095671766, -0.07249932333922413, 0.006380676393731859, 2.356897136742751]","{""command_id_unavailable"": true, ""final_internal_force_setpoint_verified"": false}"
E1_on_r02_20260917T180946_1789636186200651410_aqclx4_k,3156,,,1789636189362446480,1678303142938,receipt_only_no_header,,,/ur10skku/targetF,valid,,,,,controller_reported_target,targetF,runtime_force_coordinate_unknown,,,N,,,,,,,0.0,0.0,0.0,,,not_physical_completion,"[0.0, 0.0, 0.0, 0.0, 0.0, 0.0]","{""command_id_unavailable"": true, ""final_internal_force_setpoint_verified"": false}"
E1_on_r02_20260917T180946_1789636186200651410_aqclx4_k,3158,,,1789636189362587068,1678303283696,receipt_only_no_header,,,/ur10skku/targetP,valid,,,,,controller_reported_target,targetP,robot_base,rotvec_rad,mm,,455.4410687634864,377.8341265302803,217.41262261580485,-0.07297940866893887,0.00642348783268705,2.3568966037114647,,,,,,not_physical_completion,"[455.4410687634864, 377.8341265302803, 217.41262261580485, -0.07297940866893887, 0.00642348783268705, 2.3568966037114647]","{""command_id_unavailable"": true, ""final_internal_force_setpoint_verified"": false}"
E1_on_r02_20260917T180946_1789636186200651410_aqclx4_k,3159,,,1789636189362614430,1678303310868,receipt_only_no_header,,,/ur10skku/targetF,valid,,,,,controller_reported_target,targetF,runtime_force_coordinate_unknown,,,N,,,,,,,0.0,0.0,0.0,,,not_physical_completion,"[0.0, 0.0, 0.0, 0.0, 0.0, 0.0]","{""command_id_unavailable"": true, ""final_internal_force_setpoint_verified"": false}"
E1_on_r02_20260917T180946_1789636186200651410_aqclx4_k,3161,,,1789636189362878983,1678303575351,receipt_only_no_header,,,/ur10skku/targetP,valid,,,,,controller_reported_target,targetP,robot_base,rotvec_rad,mm,,455.52558998207274,377.6986939459598,217.39148427489204,-0.0734589497505485,0.006466250740978928,2.356896002372431,,,,,,not_physical_completion,"[455.52558998207274, 377.6986939459598, 217.39148427489204, -0.0734589497505485, 0.006466250740978928, 2.356896002372431]","{""command_id_unavailable"": true, ""final_internal_force_setpoint_verified"": false}"
E1_on_r02_20260917T180946_1789636186200651410_aqclx4_k,3162,,,1789636189362906415,1678303602653,receipt_only_no_header,,,/ur10skku/targetF,valid,,,,,controller_reported_target,targetF,runtime_force_coordinate_unknown,,,N,,,,,,,0.0,0.0,0.0,,,not_physical_completion,"[0.0, 0.0, 0.0, 0.0, 0.0, 0.0]","{""command_id_unavailable"": true, ""final_internal_force_setpoint_verified"": false}"
E1_on_r02_20260917T180946_1789636186200651410_aqclx4_k,3166,,,1789636189363207228,1678303903575,receipt_only_no_header,,,/ur10skku/targetP,valid,,,,,controller_reported_target,targetP,robot_base,rotvec_rad,mm,,455.6101112006591,377.5632613616393,217.37034593397922,-0.07393798253397445,0.006508968324421051,2.3568953329071163,,,,,,not_physical_completion,"[455.6101112006591, 377.5632613616393, 217.37034593397922, -0.07393798253397445, 0.006508968324421051, 2.3568953329071163]","{""command_id_unavailable"": true, ""final_internal_force_setpoint_verified"": false}"
E1_on_r02_20260917T180946_1789636186200651410_aqclx4_k,3167,,,1789636189363233738,1678303929966,receipt_only_no_header,,,/ur10skku/targetF,valid,,,,,controller_reported_target,targetF,runtime_force_coordinate_unknown,,,N,,,,,,,0.0,0.0,0.0,,,not_physical_completion,"[0.0, 0.0, 0.0, 0.0, 0.0, 0.0]","{""command_id_unavailable"": true, ""final_internal_force_setpoint_verified"": false}"
E1_on_r02_20260917T180946_1789636186200651410_aqclx4_k,3169,,,1789636189363382591,1678304078989,receipt_only_no_header,,,/ur10skku/targetP,valid,,,,,controller_reported_target,targetP,robot_base,rotvec_rad,mm,,455.69463241924547,377.42782877731884,217.3492075930664,-0.07441654280973191,0.006551643774612728,2.356894595476367,,,,,,not_physical_completion,"[455.69463241924547, 377.42782877731884, 217.3492075930664, -0.07441654280973191, 0.006551643774612728, 2.356894595476367]","{""command_id_unavailable"": true, ""final_internal_force_setpoint_verified"": false}"
E1_on_r02_20260917T180946_1789636186200651410_aqclx4_k,3170,,,1789636189363410585,1678304106662,receipt_only_no_header,,,/ur10skku/targetF,valid,,,,,controller_reported_target,targetF,runtime_force_coordinate_unknown,,,N,,,,,,,0.0,0.0,0.0,,,not_physical_completion,"[0.0, 0.0, 0.0, 0.0, 0.0, 0.0]","{""command_id_unavailable"": true, ""final_internal_force_setpoint_verified"": false}"
E1_on_r02_20260917T180946_1789636186200651410_aqclx4_k,3174,,,1789636189363708962,1678304405280,receipt_only_no_header,,,/ur10skku/targetP,valid,,,,,controller_reported_target,targetP,robot_base,rotvec_rad,mm,,455.7791536378318,377.29239619299835,217.3280692521536,-0.0748946662204178,0.006594280269963449,2.3568937902205542,,,,,,not_physical_completion,"[455.7791536378318, 377.29239619299835, 217.3280692521536, -0.0748946662204178, 0.006594280269963449, 2.3568937902205542]","{""command_id_unavailable"": true, ""final_internal_force_setpoint_verified"": false}"
E1_on_r02_20260917T180946_1789636186200651410_aqclx4_k,3175,,,1789636189363736254,1678304432312,receipt_only_no_header,,,/ur10skku/targetF,valid,,,,,controller_reported_target,targetF,runtime_force_coordinate_unknown,,,N,,,,,,,0.0,0.0,0.0,,,not_physical_completion,"[0.0, 0.0, 0.0, 0.0, 0.0, 0.0]","{""command_id_unavailable"": true, ""final_internal_force_setpoint_verified"": false}"
E1_on_r02_20260917T180946_1789636186200651410_aqclx4_k,3179,,,1789636189364430085,1678305126382,receipt_only_no_header,,,/ur10skku/targetP,valid,,,,,controller_reported_target,targetP,robot_base,rotvec_rad,mm,,455.8636748564182,377.15696360867787,217.30693091124078,-0.07537238827209469,0.006636880976708039,2.3568929172597097,,,,,,not_physical_completion,"[455.8636748564182, 377.15696360867787, 217.30693091124078, -0.07537238827209469, 0.006636880976708039, 2.3568929172597097]","{""command_id_unavailable"": true, ""final_internal_force_setpoint_verified"": false}"
E1_on_r02_20260917T180946_1789636186200651410_aqclx4_k,3180,,,1789636189364456084,1678305152332,receipt_only_no_header,,,/ur10skku/targetF,valid,,,,,controller_reported_target,targetF,runtime_force_coordinate_unknown,,,N,,,,,,,0.0,0.0,0.0,,,not_physical_completion,"[0.0, 0.0, 0.0, 0.0, 0.0, 0.0]","{""command_id_unavailable"": true, ""final_internal_force_setpoint_verified"": false}"
E1_on_r02_20260917T180946_1789636186200651410_aqclx4_k,3216,,,1789636189382083286,1678322782880,receipt_only_no_header,,,/ur10skku/targetP,valid,,,,,controller_reported_target,targetP,robot_base,rotvec_rad,mm,,455.94819607500455,377.0215310243574,217.28579257032797,-0.07584974434557866,0.006679449049913232,2.356891976693642,,,,,,not_physical_completion,"[455.94819607500455, 377.0215310243574, 217.28579257032797, -0.07584974434557866, 0.006679449049913232, 2.356891976693642]","{""command_id_unavailable"": true, ""final_internal_force_setpoint_verified"": false}"
E1_on_r02_20260917T180946_1789636186200651410_aqclx4_k,3221,,,1789636189382661857,1678323358315,receipt_only_no_header,,,/ur10skku/targetF,valid,,,,,controller_reported_target,targetF,runtime_force_coordinate_unknown,,,N,,,,,,,0.0,0.0,0.0,,,not_physical_completion,"[0.0, 0.0, 0.0, 0.0, 0.0, 0.0]","{""command_id_unavailable"": true, ""final_internal_force_setpoint_verified"": false}"
E1_on_r02_20260917T180946_1789636186200651410_aqclx4_k,3227,,,1789636189416024501,1678356720709,receipt_only_no_header,,,/ur10skku/targetP,valid,,,,,controller_reported_target,targetP,robot_base,rotvec_rad,mm,,456.0327172935909,376.8860984400369,217.26465422941516,-0.07632676970763914,0.006721987634476427,2.356890968602043,,,,,,not_physical_completion,"[456.0327172935909, 376.8860984400369, 217.26465422941516, -0.07632676970763914, 0.006721987634476427, 2.356890968602043]","{""command_id_unavailable"": true, ""final_internal_force_setpoint_verified"": false}"
E1_on_r02_20260917T180946_1789636186200651410_aqclx4_k,3228,,,1789636189416053507,1678356749704,receipt_only_no_header,,,/ur10skku/targetF,valid,,,,,controller_reported_target,targetF,runtime_force_coordinate_unknown,,,N,,,,,,,0.0,0.0,0.0,,,not_physical_completion,"[0.0, 0.0, 0.0, 0.0, 0.0, 0.0]","{""command_id_unavailable"": true, ""final_internal_force_setpoint_verified"": false}"
E1_on_r02_20260917T180946_1789636186200651410_aqclx4_k,3232,,,1789636189416630625,1678357327123,receipt_only_no_header,,,/ur10skku/targetP,valid,,,,,controller_reported_target,targetP,robot_base,rotvec_rad,mm,,456.11723851217727,376.7506658557164,217.24351588850234,-0.0768034995221192,0.006764499866117319,2.3568898930445803,,,,,,not_physical_completion,"[456.11723851217727, 376.7506658557164, 217.24351588850234, -0.0768034995221192, 0.006764499866117319, 2.3568898930445803]","{""command_id_unavailable"": true, ""final_internal_force_setpoint_verified"": false}"
E1_on_r02_20260917T180946_1789636186200651410_aqclx4_k,3233,,,1789636189416658658,1678357354966,receipt_only_no_header,,,/ur10skku/targetF,valid,,,,,controller_reported_target,targetF,runtime_force_coordinate_unknown,,,N,,,,,,,0.0,0.0,0.0,,,not_physical_completion,"[0.0, 0.0, 0.0, 0.0, 0.0, 0.0]","{""command_id_unavailable"": true, ""final_internal_force_setpoint_verified"": false}"
E1_on_r02_20260917T180946_1789636186200651410_aqclx4_k,3236,,,1789636189416922590,1678357618918,receipt_only_no_header,,,/ur10skku/targetP,valid,,,,,controller_reported_target,targetP,robot_base,rotvec_rad,mm,,456.2017597307636,376.61523327139594,217.22237754758953,-0.07727996886098365,0.006806988872363104,2.3568887500609783,,,,,,not_physical_completion,"[456.2017597307636, 376.61523327139594, 217.22237754758953, -0.07727996886098365, 0.006806988872363104, 2.3568887500609783]","{""command_id_unavailable"": true, ""final_internal_force_setpoint_verified"": false}"
E1_on_r02_20260917T180946_1789636186200651410_aqclx4_k,3237,,,1789636189416950944,1678357647182,receipt_only_no_header,,,/ur10skku/targetF,valid,,,,,controller_reported_target,targetF,runtime_force_coordinate_unknown,,,N,,,,,,,0.0,0.0,0.0,,,not_physical_completion,"[0.0, 0.0, 0.0, 0.0, 0.0, 0.0]","{""command_id_unavailable"": true, ""final_internal_force_setpoint_verified"": false}"
E1_on_r02_20260917T180946_1789636186200651410_aqclx4_k,3240,,,1789636189417210518,1678357906806,receipt_only_no_header,,,/ur10skku/targetP,valid,,,,,controller_reported_target,targetP,robot_base,rotvec_rad,mm,,456.28628094935,376.47980068707545,217.20123920667672,-0.07775621271530306,0.006849457773527992,2.35688753967108,,,,,,not_physical_completion,"[456.28628094935, 376.47980068707545, 217.20123920667672, -0.07775621271530306, 0.006849457773527992, 2.35688753967108]","{""command_id_unavailable"": true, ""final_internal_force_setpoint_verified"": false}"
E1_on_r02_20260917T180946_1789636186200651410_aqclx4_k,3241,,,1789636189417237430,1678357933507,receipt_only_no_header,,,/ur10skku/targetF,valid,,,,,controller_reported_target,targetF,runtime_force_coordinate_unknown,,,N,,,,,,,0.0,0.0,0.0,,,not_physical_completion,"[0.0, 0.0, 0.0, 0.0, 0.0, 0.0]","{""command_id_unavailable"": true, ""final_internal_force_setpoint_verified"": false}"
E1_on_r02_20260917T180946_1789636186200651410_aqclx4_k,3245,,,1789636189417730898,1678358427647,receipt_only_no_header,,,/ur10skku/targetP,valid,,,,,controller_reported_target,targetP,robot_base,rotvec_rad,mm,,456.37080216793635,376.34436810275497,217.1801008657639,-0.07823226600618167,0.00689190968368767,2.356886261874904,,,,,,not_physical_completion,"[456.37080216793635, 376.34436810275497, 217.1801008657639, -0.07823226600618167, 0.00689190968368767, 2.356886261874904]","{""command_id_unavailable"": true, ""final_internal_force_setpoint_verified"": false}"
E1_on_r02_20260917T180946_1789636186200651410_aqclx4_k,3254,,,1789636189449461668,1678390166672,receipt_only_no_header,,,/ur10skku/targetF,valid,,,,,controller_reported_target,targetF,runtime_force_coordinate_unknown,,,N,,,,,,,0.0,0.0,0.0,,,not_physical_completion,"[0.0, 0.0, 0.0, 0.0, 0.0, 0.0]","{""command_id_unavailable"": true, ""final_internal_force_setpoint_verified"": false}"
E1_on_r02_20260917T180946_1789636186200651410_aqclx4_k,3258,,,1789636189450333577,1678391038932,receipt_only_no_header,,,/ur10skku/targetP,valid,,,,,controller_reported_target,targetP,robot_base,rotvec_rad,mm,,456.4553233865227,376.2089355184345,217.1589625248511,-0.07870816359563626,0.006934347711649439,2.3568849166526813,,,,,,not_physical_completion,"[456.4553233865227, 376.2089355184345, 217.1589625248511, -0.07870816359563626, 0.006934347711649439, 2.3568849166526813]","{""command_id_unavailable"": true, ""final_internal_force_setpoint_verified"": false}"
E1_on_r02_20260917T180946_1789636186200651410_aqclx4_k,3259,,,1789636189450411455,1678391108745,receipt_only_no_header,,,/ur10skku/targetF,valid,,,,,controller_reported_target,targetF,runtime_force_coordinate_unknown,,,N,,,,,,,0.0,0.0,0.0,,,not_physical_completion,"[0.0, 0.0, 0.0, 0.0, 0.0, 0.0]","{""command_id_unavailable"": true, ""final_internal_force_setpoint_verified"": false}"
E1_on_r02_20260917T180946_1789636186200651410_aqclx4_k,3263,,,1789636189450752725,1678391449453,receipt_only_no_header,,,/ur10skku/targetP,valid,,,,,controller_reported_target,targetP,robot_base,rotvec_rad,mm,,456.53984460510907,376.073502934114,217.13782418393828,-0.07918394029743411,0.006976774961918676,2.3568835039648848,,,,,,not_physical_completion,"[456.53984460510907, 376.073502934114, 217.13782418393828, -0.07918394029743411, 0.006976774961918676, 2.3568835039648848]","{""command_id_unavailable"": true, ""final_internal_force_setpoint_verified"": false}"
E1_on_r02_20260917T180946_1789636186200651410_aqclx4_k,3264,,,1789636189450782351,1678391478679,receipt_only_no_header,,,/ur10skku/targetF,valid,,,,,controller_reported_target,targetF,runtime_force_coordinate_unknown,,,N,,,,,,,0.0,0.0,0.0,,,not_physical_completion,"[0.0, 0.0, 0.0, 0.0, 0.0, 0.0]","{""command_id_unavailable"": true, ""final_internal_force_setpoint_verified"": false}"
E1_on_r02_20260917T180946_1789636186200651410_aqclx4_k,3268,,,1789636189451267955,1678391964263,receipt_only_no_header,,,/ur10skku/targetP,valid,,,,,controller_reported_target,targetP,robot_base,rotvec_rad,mm,,456.6243658236954,375.9380703497935,217.11668584302546,-0.07965963088789756,0.007019194535662327,2.3568820237522417,,,,,,not_physical_completion,"[456.6243658236954, 375.9380703497935, 217.11668584302546, -0.07965963088789756, 0.007019194535662327, 2.3568820237522417]","{""command_id_unavailable"": true, ""final_internal_force_setpoint_verified"": false}"
E1_on_r02_20260917T180946_1789636186200651410_aqclx4_k,3269,,,1789636189451294455,1678391990693,receipt_only_no_header,,,/ur10skku/targetF,valid,,,,,controller_reported_target,targetF,runtime_force_coordinate_unknown,,,N,,,,,,,0.0,0.0,0.0,,,not_physical_completion,"[0.0, 0.0, 0.0, 0.0, 0.0, 0.0]","{""command_id_unavailable"": true, ""final_internal_force_setpoint_verified"": false}"
E1_on_r02_20260917T180946_1789636186200651410_aqclx4_k,3273,,,1789636189451693304,1678392389572,receipt_only_no_header,,,/ur10skku/targetP,valid,,,,,controller_reported_target,targetP,robot_base,rotvec_rad,mm,,456.7088870422818,375.80263776547304,217.09554750211265,-0.08013527011668237,0.007061609531670068,2.3568804759357365,,,,,,not_physical_completion,"[456.7088870422818, 375.80263776547304, 217.09554750211265, -0.08013527011668237, 0.007061609531670068, 2.3568804759357365]","{""command_id_unavailable"": true, ""final_internal_force_setpoint_verified"": false}"
E1_on_r02_20260917T180946_1789636186200651410_aqclx4_k,3274,,,1789636189451720055,1678392416343,receipt_only_no_header,,,/ur10skku/targetF,valid,,,,,controller_reported_target,targetF,runtime_force_coordinate_unknown,,,N,,,,,,,0.0,0.0,0.0,,,not_physical_completion,"[0.0, 0.0, 0.0, 0.0, 0.0, 0.0]","{""command_id_unavailable"": true, ""final_internal_force_setpoint_verified"": false}"
E1_on_r02_20260917T180946_1789636186200651410_aqclx4_k,3278,,,1789636189452163990,1678392860248,receipt_only_no_header,,,/ur10skku/targetP,valid,,,,,controller_reported_target,targetP,robot_base,rotvec_rad,mm,,456.79340826086815,375.66720518115255,217.07440916119984,-0.0806108927175377,0.007104023047313811,2.3568788604165993,,,,,,not_physical_completion,"[456.79340826086815, 375.66720518115255, 217.07440916119984, -0.0806108927175377, 0.007104023047313811, 2.3568788604165993]","{""command_id_unavailable"": true, ""final_internal_force_setpoint_verified"": false}"
E1_on_r02_20260917T180946_1789636186200651410_aqclx4_k,3279,,,1789636189452190951,1678392887008,receipt_only_no_header,,,/ur10skku/targetF,valid,,,,,controller_reported_target,targetF,runtime_force_coordinate_unknown,,,N,,,,,,,0.0,0.0,0.0,,,not_physical_completion,"[0.0, 0.0, 0.0, 0.0, 0.0, 0.0]","{""command_id_unavailable"": true, ""final_internal_force_setpoint_verified"": false}"
E1_on_r02_20260917T180946_1789636186200651410_aqclx4_k,3283,,,1789636189452588528,1678393285126,receipt_only_no_header,,,/ur10skku/targetP,valid,,,,,controller_reported_target,targetP,robot_base,rotvec_rad,mm,,456.8779294794545,375.53177259683207,217.05327082028703,-0.08108653341905507,0.007146438179506251,2.3568771770762798,,,,,,not_physical_completion,"[456.8779294794545, 375.53177259683207, 217.05327082028703, -0.08108653341905507, 0.007146438179506251, 2.3568771770762798]","{""command_id_unavailable"": true, ""final_internal_force_setpoint_verified"": false}"
E1_on_r02_20260917T180946_1789636186200651410_aqclx4_k,3284,,,1789636189452615549,1678393311767,receipt_only_no_header,,,/ur10skku/targetF,valid,,,,,controller_reported_target,targetF,runtime_force_coordinate_unknown,,,N,,,,,,,0.0,0.0,0.0,,,not_physical_completion,"[0.0, 0.0, 0.0, 0.0, 0.0, 0.0]","{""command_id_unavailable"": true, ""final_internal_force_setpoint_verified"": false}"
E1_on_r02_20260917T180946_1789636186200651410_aqclx4_k,3288,,,1789636189452949605,1678393645822,receipt_only_no_header,,,/ur10skku/targetP,valid,,,,,controller_reported_target,targetP,robot_base,rotvec_rad,mm,,456.96245069804087,375.3963400125116,217.0321324793742,-0.0815622269554136,0.007188858025659061,2.3568754257764124,,,,,,not_physical_completion,"[456.96245069804087, 375.3963400125116, 217.0321324793742, -0.0815622269554136, 0.007188858025659061, 2.3568754257764124]","{""command_id_unavailable"": true, ""final_internal_force_setpoint_verified"": false}"
E1_on_r02_20260917T180946_1789636186200651410_aqclx4_k,3289,,,1789636189452975785,1678393671832,receipt_only_no_header,,,/ur10skku/targetF,valid,,,,,controller_reported_target,targetF,runtime_force_coordinate_unknown,,,N,,,,,,,0.0,0.0,0.0,,,not_physical_completion,"[0.0, 0.0, 0.0, 0.0, 0.0, 0.0]","{""command_id_unavailable"": true, ""final_internal_force_setpoint_verified"": false}"
E1_on_r02_20260917T180946_1789636186200651410_aqclx4_k,3293,,,1789636189453401936,1678394098193,receipt_only_no_header,,,/ur10skku/targetP,valid,,,,,controller_reported_target,targetP,robot_base,rotvec_rad,mm,,457.04697191662723,375.2609074281911,217.0109941384614,-0.08203800807712931,0.0072312856846414655,2.356873606358767,,,,,,not_physical_completion,"[457.04697191662723, 375.2609074281911, 217.0109941384614, -0.08203800807712931, 0.0072312856846414655, 2.356873606358767]","{""command_id_unavailable"": true, ""final_internal_force_setpoint_verified"": false}"
E1_on_r02_20260917T180946_1789636186200651410_aqclx4_k,3294,,,1789636189453427815,1678394123852,receipt_only_no_header,,,/ur10skku/targetF,valid,,,,,controller_reported_target,targetF,runtime_force_coordinate_unknown,,,N,,,,,,,0.0,0.0,0.0,,,not_physical_completion,"[0.0, 0.0, 0.0, 0.0, 0.0, 0.0]","{""command_id_unavailable"": true, ""final_internal_force_setpoint_verified"": false}"
E1_on_r02_20260917T180946_1789636186200651410_aqclx4_k,3298,,,1789636189453840550,1678394536758,receipt_only_no_header,,,/ur10skku/targetP,valid,,,,,controller_reported_target,targetP,robot_base,rotvec_rad,mm,,457.1314931352136,375.1254748438706,216.98985579754859,-0.08251391156181549,0.007273724257739789,2.3568717186451837,,,,,,not_physical_completion,"[457.1314931352136, 375.1254748438706, 216.98985579754859, -0.08251391156181549, 0.007273724257739789, 2.3568717186451837]","{""command_id_unavailable"": true, ""final_internal_force_setpoint_verified"": false}"
E1_on_r02_20260917T180946_1789636186200651410_aqclx4_k,3299,,,1789636189453867031,1678394563078,receipt_only_no_header,,,/ur10skku/targetF,valid,,,,,controller_reported_target,targetF,runtime_force_coordinate_unknown,,,N,,,,,,,0.0,0.0,0.0,,,not_physical_completion,"[0.0, 0.0, 0.0, 0.0, 0.0, 0.0]","{""command_id_unavailable"": true, ""final_internal_force_setpoint_verified"": false}"
E1_on_r02_20260917T180946_1789636186200651410_aqclx4_k,3302,,,1789636189454114902,1678394811090,receipt_only_no_header,,,/ur10skku/targetP,valid,,,,,controller_reported_target,targetP,robot_base,rotvec_rad,mm,,457.21601435379995,374.99004225955014,216.96871745663577,-0.08298997222496222,0.007316176849618724,2.3568697624375,,,,,,not_physical_completion,"[457.21601435379995, 374.99004225955014, 216.96871745663577, -0.08298997222496222, 0.007316176849618724, 2.3568697624375]","{""command_id_unavailable"": true, ""final_internal_force_setpoint_verified"": false}"
E1_on_r02_20260917T180946_1789636186200651410_aqclx4_k,3303,,,1789636189454140802,1678394837039,receipt_only_no_header,,,/ur10skku/targetF,valid,,,,,controller_reported_target,targetF,runtime_force_coordinate_unknown,,,N,,,,,,,0.0,0.0,0.0,,,not_physical_completion,"[0.0, 0.0, 0.0, 0.0, 0.0, 0.0]","{""command_id_unavailable"": true, ""final_internal_force_setpoint_verified"": false}"
E1_on_r02_20260917T180946_1789636186200651410_aqclx4_k,3330,,,1789636189548005122,1678488702321,receipt_only_no_header,,,/ur10skku/targetP,valid,,,,,controller_reported_target,targetP,robot_base,rotvec_rad,mm,,457.3005355723863,374.85460967522965,216.94757911572296,-0.0834662249307417,0.007358646569284882,2.3568677375174603,,,,,,not_physical_completion,"[457.3005355723863, 374.85460967522965, 216.94757911572296, -0.0834662249307417, 0.007358646569284882, 2.3568677375174603]","{""command_id_unavailable"": true, ""final_internal_force_setpoint_verified"": false}"
E1_on_r02_20260917T180946_1789636186200651410_aqclx4_k,3331,,,1789636189548041942,1678488738430,receipt_only_no_header,,,/ur10skku/targetF,valid,,,,,controller_reported_target,targetF,runtime_force_coordinate_unknown,,,N,,,,,,,0.0,0.0,0.0,,,not_physical_completion,"[0.0, 0.0, 0.0, 0.0, 0.0, 0.0]","{""command_id_unavailable"": true, ""final_internal_force_setpoint_verified"": false}"
E1_on_r02_20260917T180946_1789636186200651410_aqclx4_k,3335,,,1789636189548404071,1678489100759,receipt_only_no_header,,,/ur10skku/targetP,valid,,,,,controller_reported_target,targetP,robot_base,rotvec_rad,mm,,457.38505679097267,374.71917709090917,216.92644077481015,-0.08394270460284768,0.0074011365310534235,2.3568656436466164,,,,,,not_physical_completion,"[457.38505679097267, 374.71917709090917, 216.92644077481015, -0.08394270460284768, 0.0074011365310534235, 2.3568656436466164]","{""command_id_unavailable"": true, ""final_internal_force_setpoint_verified"": false}"
E1_on_r02_20260917T180946_1789636186200651410_aqclx4_k,3336,,,1789636189548435080,1678489131778,receipt_only_no_header,,,/ur10skku/targetF,valid,,,,,controller_reported_target,targetF,runtime_force_coordinate_unknown,,,N,,,,,,,0.0,0.0,0.0,,,not_physical_completion,"[0.0, 0.0, 0.0, 0.0, 0.0, 0.0]","{""command_id_unavailable"": true, ""final_internal_force_setpoint_verified"": false}"
E1_on_r02_20260917T180946_1789636186200651410_aqclx4_k,3340,,,1789636189549036935,1678489733574,receipt_only_no_header,,,/ur10skku/targetP,valid,,,,,controller_reported_target,targetP,robot_base,rotvec_rad,mm,,457.46957800955903,374.5837445065887,216.90530243389733,-0.08441944623537628,0.00744364985551833,2.356863480566211,,,,,,not_physical_completion,"[457.46957800955903, 374.5837445065887, 216.90530243389733, -0.08441944623537628, 0.00744364985551833, 2.356863480566211]","{""command_id_unavailable"": true, ""final_internal_force_setpoint_verified"": false}"
E1_on_r02_20260917T180946_1789636186200651410_aqclx4_k,3341,,,1789636189549067544,1678489763901,receipt_only_no_header,,,/ur10skku/targetF,valid,,,,,controller_reported_target,targetF,runtime_force_coordinate_unknown,,,N,,,,,,,0.0,0.0,0.0,,,not_physical_completion,"[0.0, 0.0, 0.0, 0.0, 0.0, 0.0]","{""command_id_unavailable"": true, ""final_internal_force_setpoint_verified"": false}"
E1_on_r02_20260917T180946_1789636186200651410_aqclx4_k,3344,,,1789636189549414534,1678490112374,receipt_only_no_header,,,/ur10skku/targetP,valid,,,,,controller_reported_target,targetP,robot_base,rotvec_rad,mm,,457.5540992281454,374.4483119222682,216.88416409298452,-0.08489648490375548,0.007486189670527047,2.3568612479970485,,,,,,not_physical_completion,"[457.5540992281454, 374.4483119222682, 216.88416409298452, -0.08489648490375548, 0.007486189670527047, 2.3568612479970485]","{""command_id_unavailable"": true, ""final_internal_force_setpoint_verified"": false}"
E1_on_r02_20260917T180946_1789636186200651410_aqclx4_k,3365,,,1789636189580809114,1678521509249,receipt_only_no_header,,,/ur10skku/targetP,valid,,,,,controller_reported_target,targetP,robot_base,rotvec_rad,mm,,457.63862044673175,374.3128793379477,216.8630257520717,-0.08537385577573164,0.007528759112160224,2.3568589456393574,,,,,,not_physical_completion,"[457.63862044673175, 374.3128793379477, 216.8630257520717, -0.08537385577573164, 0.007528759112160224, 2.3568589456393574]","{""command_id_unavailable"": true, ""final_internal_force_setpoint_verified"": false}"
E1_on_r02_20260917T180946_1789636186200651410_aqclx4_k,3366,,,1789636189580882714,1678521581486,receipt_only_no_header,,,/ur10skku/targetF,valid,,,,,controller_reported_target,targetF,runtime_force_coordinate_unknown,,,N,,,,,,,0.0,0.0,0.0,,,not_physical_completion,"[0.0, 0.0, 0.0, 0.0, 0.0, 0.0]","{""command_id_unavailable"": true, ""final_internal_force_setpoint_verified"": false}"
E1_on_r02_20260917T180946_1789636186200651410_aqclx4_k,3370,,,1789636189581371073,1678522069615,receipt_only_no_header,,,/ur10skku/targetP,valid,,,,,controller_reported_target,targetP,robot_base,rotvec_rad,mm,,457.7231416653181,374.17744675362724,216.8418874111589,-0.08585159412242008,0.007571361325717135,2.356856573172632,,,,,,not_physical_completion,"[457.7231416653181, 374.17744675362724, 216.8418874111589, -0.08585159412242008, 0.007571361325717135, 2.356856573172632]","{""command_id_unavailable"": true, ""final_internal_force_setpoint_verified"": false}"
E1_on_r02_20260917T180946_1789636186200651410_aqclx4_k,3371,,,1789636189581434093,1678522132485,receipt_only_no_header,,,/ur10skku/targetF,valid,,,,,controller_reported_target,targetF,runtime_force_coordinate_unknown,,,N,,,,,,,0.0,0.0,0.0,,,not_physical_completion,"[0.0, 0.0, 0.0, 0.0, 0.0, 0.0]","{""command_id_unavailable"": true, ""final_internal_force_setpoint_verified"": false}"
E1_on_r02_20260917T180946_1789636186200651410_aqclx4_k,3375,,,1789636189581917964,1678522614652,receipt_only_no_header,,,/ur10skku/targetP,valid,,,,,controller_reported_target,targetP,robot_base,rotvec_rad,mm,,457.80766288390447,374.04201416930675,216.82074907024608,-0.08632973532942817,0.00761399946670758,2.356854130255466,,,,,,not_physical_completion,"[457.80766288390447, 374.04201416930675, 216.82074907024608, -0.08632973532942817, 0.00761399946670758, 2.356854130255466]","{""command_id_unavailable"": true, ""final_internal_force_setpoint_verified"": false}"
E1_on_r02_20260917T180946_1789636186200651410_aqclx4_k,3376,,,1789636189581949744,1678522646152,receipt_only_no_header,,,/ur10skku/targetF,valid,,,,,controller_reported_target,targetF,runtime_force_coordinate_unknown,,,N,,,,,,,0.0,0.0,0.0,,,not_physical_completion,"[0.0, 0.0, 0.0, 0.0, 0.0, 0.0]","{""command_id_unavailable"": true, ""final_internal_force_setpoint_verified"": false}"
E1_on_r02_20260917T180946_1789636186200651410_aqclx4_k,3380,,,1789636189582963654,1678523660292,receipt_only_no_header,,,/ur10skku/targetP,valid,,,,,controller_reported_target,targetP,robot_base,rotvec_rad,mm,,457.89218410249083,373.90658158498627,216.79961072933327,-0.08680831490805829,0.007656676701850926,2.356851616525366,,,,,,not_physical_completion,"[457.89218410249083, 373.90658158498627, 216.79961072933327, -0.08680831490805829, 0.007656676701850926, 2.356851616525366]","{""command_id_unavailable"": true, ""final_internal_force_setpoint_verified"": false}"
E1_on_r02_20260917T180946_1789636186200651410_aqclx4_k,3381,,,1789636189582995023,1678523691401,receipt_only_no_header,,,/ur10skku/targetF,valid,,,,,controller_reported_target,targetF,runtime_force_coordinate_unknown,,,N,,,,,,,0.0,0.0,0.0,,,not_physical_completion,"[0.0, 0.0, 0.0, 0.0, 0.0, 0.0]","{""command_id_unavailable"": true, ""final_internal_force_setpoint_verified"": false}"
E1_on_r02_20260917T180946_1789636186200651410_aqclx4_k,3385,,,1789636189583340160,1678524036758,receipt_only_no_header,,,/ur10skku/targetP,valid,,,,,controller_reported_target,targetP,robot_base,rotvec_rad,mm,,457.9767053210772,373.7711490006658,216.77847238842045,-0.08728736850659925,0.007699396210083007,2.35684903159856,,,,,,not_physical_completion,"[457.9767053210772, 373.7711490006658, 216.77847238842045, -0.08728736850659925, 0.007699396210083007, 2.35684903159856]","{""command_id_unavailable"": true, ""final_internal_force_setpoint_verified"": false}"
E1_on_r02_20260917T180946_1789636186200651410_aqclx4_k,3386,,,1789636189583372121,1678524068629,receipt_only_no_header,,,/ur10skku/targetF,valid,,,,,controller_reported_target,targetF,runtime_force_coordinate_unknown,,,N,,,,,,,0.0,0.0,0.0,,,not_physical_completion,"[0.0, 0.0, 0.0, 0.0, 0.0, 0.0]","{""command_id_unavailable"": true, ""final_internal_force_setpoint_verified"": false}"
E1_on_r02_20260917T180946_1789636186200651410_aqclx4_k,3390,,,1789636189583900747,1678524597335,receipt_only_no_header,,,/ur10skku/targetP,valid,,,,,controller_reported_target,targetP,robot_base,rotvec_rad,mm,,458.06122653966355,373.6357164163453,216.75733404750764,-0.08776693192171368,0.0077421611835716084,2.356846375069781,,,,,,not_physical_completion,"[458.06122653966355, 373.6357164163453, 216.75733404750764, -0.08776693192171368, 0.0077421611835716084, 2.356846375069781]","{""command_id_unavailable"": true, ""final_internal_force_setpoint_verified"": false}"
E1_on_r02_20260917T180946_1789636186200651410_aqclx4_k,3391,,,1789636189583931285,1678524627612,receipt_only_no_header,,,/ur10skku/targetF,valid,,,,,controller_reported_target,targetF,runtime_force_coordinate_unknown,,,N,,,,,,,0.0,0.0,0.0,,,not_physical_completion,"[0.0, 0.0, 0.0, 0.0, 0.0, 0.0]","{""command_id_unavailable"": true, ""final_internal_force_setpoint_verified"": false}"
E1_on_r02_20260917T180946_1789636186200651410_aqclx4_k,3395,,,1789636189584405277,1678525101975,receipt_only_no_header,,,/ur10skku/targetP,valid,,,,,controller_reported_target,targetP,robot_base,rotvec_rad,mm,,458.1457477582499,373.5002838320248,216.73619570659483,-0.08824704110993035,0.00778497482874129,2.356843646512046,,,,,,not_physical_completion,"[458.1457477582499, 373.5002838320248, 216.73619570659483, -0.08824704110993035, 0.00778497482874129, 2.356843646512046]","{""command_id_unavailable"": true, ""final_internal_force_setpoint_verified"": false}"
E1_on_r02_20260917T180946_1789636186200651410_aqclx4_k,3396,,,1789636189584436406,1678525133004,receipt_only_no_header,,,/ur10skku/targetF,valid,,,,,controller_reported_target,targetF,runtime_force_coordinate_unknown,,,N,,,,,,,0.0,0.0,0.0,,,not_physical_completion,"[0.0, 0.0, 0.0, 0.0, 0.0, 0.0]","{""command_id_unavailable"": true, ""final_internal_force_setpoint_verified"": false}"
E1_on_r02_20260917T180946_1789636186200651410_aqclx4_k,3400,,,1789636189585026739,1678525723448,receipt_only_no_header,,,/ur10skku/targetF,valid,,,,,controller_reported_target,targetF,runtime_force_coordinate_unknown,,,N,,,,,,,0.0,0.0,0.0,,,not_physical_completion,"[0.0, 0.0, 0.0, 0.0, 0.0, 0.0]","{""command_id_unavailable"": true, ""final_internal_force_setpoint_verified"": false}"
E1_on_r02_20260917T180946_1789636186200651410_aqclx4_k,3417,,,1789636189627976727,1678568681110,receipt_only_no_header,,,/ur10skku/targetP,valid,,,,,controller_reported_target,targetP,robot_base,rotvec_rad,mm,,458.23026897683627,373.36485124770434,216.71505736568201,-0.08872773219924907,0.00782784036730826,2.3568408454764116,,,,,,not_physical_completion,"[458.23026897683627, 373.36485124770434, 216.71505736568201, -0.08872773219924907, 0.00782784036730826, 2.3568408454764116]","{""command_id_unavailable"": true, ""final_internal_force_setpoint_verified"": false}"
E1_on_r02_20260917T180946_1789636186200651410_aqclx4_k,3422,,,1789636189628531693,1678569228151,receipt_only_no_header,,,/ur10skku/targetP,valid,,,,,controller_reported_target,targetP,robot_base,rotvec_rad,mm,,458.31479019542263,373.22941866338385,216.6939190247692,-0.08920904150086718,0.007870761037326096,2.3568379714917223,,,,,,not_physical_completion,"[458.31479019542263, 373.22941866338385, 216.6939190247692, -0.08920904150086718, 0.007870761037326096, 2.3568379714917223]","{""command_id_unavailable"": true, ""final_internal_force_setpoint_verified"": false}"
E1_on_r02_20260917T180946_1789636186200651410_aqclx4_k,3423,,,1789636189628562121,1678569258348,receipt_only_no_header,,,/ur10skku/targetF,valid,,,,,controller_reported_target,targetF,runtime_force_coordinate_unknown,,,N,,,,,,,0.0,0.0,0.0,,,not_physical_completion,"[0.0, 0.0, 0.0, 0.0, 0.0, 0.0]","{""command_id_unavailable"": true, ""final_internal_force_setpoint_verified"": false}"
E1_on_r02_20260917T180946_1789636186200651410_aqclx4_k,3429,,,1789636189629236154,1678569932311,receipt_only_no_header,,,/ur10skku/targetP,valid,,,,,controller_reported_target,targetP,robot_base,rotvec_rad,mm,,458.399311414009,373.09398607906337,216.6727806838564,-0.08969100552103643,0.007913740094243069,2.356835024064335,,,,,,not_physical_completion,"[458.399311414009, 373.09398607906337, 216.6727806838564, -0.08969100552103643, 0.007913740094243069, 2.356835024064335]","{""command_id_unavailable"": true, ""final_internal_force_setpoint_verified"": false}"
E1_on_r02_20260917T180946_1789636186200651410_aqclx4_k,3430,,,1789636189629264107,1678569960174,receipt_only_no_header,,,/ur10skku/targetF,valid,,,,,controller_reported_target,targetF,runtime_force_coordinate_unknown,,,N,,,,,,,0.0,0.0,0.0,,,not_physical_completion,"[0.0, 0.0, 0.0, 0.0, 0.0, 0.0]","{""command_id_unavailable"": true, ""final_internal_force_setpoint_verified"": false}"
E1_on_r02_20260917T180946_1789636186200651410_aqclx4_k,3436,,,1789636189629791951,1678570488068,receipt_only_no_header,,,/ur10skku/targetP,valid,,,,,controller_reported_target,targetP,robot_base,rotvec_rad,mm,,458.48383263259535,372.9585534947429,216.65164234294357,-0.0901736609730584,0.007956780811971867,2.356832002677838,,,,,,not_physical_completion,"[458.48383263259535, 372.9585534947429, 216.65164234294357, -0.0901736609730584, 0.007956780811971867, 2.356832002677838]","{""command_id_unavailable"": true, ""final_internal_force_setpoint_verified"": false}"
E1_on_r02_20260917T180946_1789636186200651410_aqclx4_k,3437,,,1789636189629819463,1678570515601,receipt_only_no_header,,,/ur10skku/targetF,valid,,,,,controller_reported_target,targetF,runtime_force_coordinate_unknown,,,N,,,,,,,0.0,0.0,0.0,,,not_physical_completion,"[0.0, 0.0, 0.0, 0.0, 0.0, 0.0]","{""command_id_unavailable"": true, ""final_internal_force_setpoint_verified"": false}"
E1_on_r02_20260917T180946_1789636186200651410_aqclx4_k,3443,,,1789636189630336157,1678571032384,receipt_only_no_header,,,/ur10skku/targetP,valid,,,,,controller_reported_target,targetP,robot_base,rotvec_rad,mm,,458.5683538511817,372.8231209104224,216.63050400203076,-0.09065704478942846,0.00799988648397251,2.356828906792744,,,,,,not_physical_completion,"[458.5683538511817, 372.8231209104224, 216.63050400203076, -0.09065704478942846, 0.00799988648397251, 2.356828906792744]","{""command_id_unavailable"": true, ""final_internal_force_setpoint_verified"": false}"
E1_on_r02_20260917T180946_1789636186200651410_aqclx4_k,3444,,,1789636189630363368,1678571059496,receipt_only_no_header,,,/ur10skku/targetF,valid,,,,,controller_reported_target,targetF,runtime_force_coordinate_unknown,,,N,,,,,,,0.0,0.0,0.0,,,not_physical_completion,"[0.0, 0.0, 0.0, 0.0, 0.0, 0.0]","{""command_id_unavailable"": true, ""final_internal_force_setpoint_verified"": false}"
E1_on_r02_20260917T180946_1789636186200651410_aqclx4_k,3449,,,1789636189630725187,1678571421585,receipt_only_no_header,,,/ur10skku/targetP,valid,,,,,controller_reported_target,targetP,robot_base,rotvec_rad,mm,,458.6528750697681,372.6876883261019,216.60936566111795,-0.09114119413413645,0.0080430604243493,2.3568257358461726,,,,,,not_physical_completion,"[458.6528750697681, 372.6876883261019, 216.60936566111795, -0.09114119413413645, 0.0080430604243493, 2.3568257358461726]","{""command_id_unavailable"": true, ""final_internal_force_setpoint_verified"": false}"
E1_on_r02_20260917T180946_1789636186200651410_aqclx4_k,3450,,,1789636189630751778,1678571448075,receipt_only_no_header,,,/ur10skku/targetF,valid,,,,,controller_reported_target,targetF,runtime_force_coordinate_unknown,,,N,,,,,,,0.0,0.0,0.0,,,not_physical_completion,"[0.0, 0.0, 0.0, 0.0, 0.0, 0.0]","{""command_id_unavailable"": true, ""final_internal_force_setpoint_verified"": false}"
E1_on_r02_20260917T180946_1789636186200651410_aqclx4_k,3454,,,1789636189631220860,1678571917198,receipt_only_no_header,,,/ur10skku/targetP,valid,,,,,controller_reported_target,targetP,robot_base,rotvec_rad,mm,,458.73739628835443,372.55225574178144,216.58822732020514,-0.09162614641513464,0.008086305968962626,2.3568224892515164,,,,,,not_physical_completion,"[458.73739628835443, 372.55225574178144, 216.58822732020514, -0.09162614641513464, 0.008086305968962626, 2.3568224892515164]","{""command_id_unavailable"": true, ""final_internal_force_setpoint_verified"": false}"
E1_on_r02_20260917T180946_1789636186200651410_aqclx4_k,3455,,,1789636189631247421,1678571943528,receipt_only_no_header,,,/ur10skku/targetF,valid,,,,,controller_reported_target,targetF,runtime_force_coordinate_unknown,,,N,,,,,,,0.0,0.0,0.0,,,not_physical_completion,"[0.0, 0.0, 0.0, 0.0, 0.0, 0.0]","{""command_id_unavailable"": true, ""final_internal_force_setpoint_verified"": false}"
E1_on_r02_20260917T180946_1789636186200651410_aqclx4_k,3459,,,1789636189631729258,1678572425525,receipt_only_no_header,,,/ur10skku/targetP,valid,,,,,controller_reported_target,targetP,robot_base,rotvec_rad,mm,,458.8219175069408,372.41682315746095,216.56708897929232,-0.0921119392969815,0.008129626476556504,2.3568191663980844,,,,,,not_physical_completion,"[458.8219175069408, 372.41682315746095, 216.56708897929232, -0.0921119392969815, 0.008129626476556504, 2.3568191663980844]","{""command_id_unavailable"": true, ""final_internal_force_setpoint_verified"": false}"
E1_on_r02_20260917T180946_1789636186200651410_aqclx4_k,3460,,,1789636189631755738,1678572451905,receipt_only_no_header,,,/ur10skku/targetF,valid,,,,,controller_reported_target,targetF,runtime_force_coordinate_unknown,,,N,,,,,,,0.0,0.0,0.0,,,not_physical_completion,"[0.0, 0.0, 0.0, 0.0, 0.0, 0.0]","{""command_id_unavailable"": true, ""final_internal_force_setpoint_verified"": false}"
E1_on_r02_20260917T180946_1789636186200651410_aqclx4_k,3463,,,1789636189631993621,1678572689858,receipt_only_no_header,,,/ur10skku/targetP,valid,,,,,controller_reported_target,targetP,robot_base,rotvec_rad,mm,,458.90643872552715,372.28139057314047,216.5459506383795,-0.09259861071367198,0.00817302532990272,2.356815766650737,,,,,,not_physical_completion,"[458.90643872552715, 372.28139057314047, 216.5459506383795, -0.09259861071367198, 0.00817302532990272, 2.356815766650737]","{""command_id_unavailable"": true, ""final_internal_force_setpoint_verified"": false}"
E1_on_r02_20260917T180946_1789636186200651410_aqclx4_k,3464,,,1789636189632019971,1678572716108,receipt_only_no_header,,,/ur10skku/targetF,valid,,,,,controller_reported_target,targetF,runtime_force_coordinate_unknown,,,N,,,,,,,0.0,0.0,0.0,,,not_physical_completion,"[0.0, 0.0, 0.0, 0.0, 0.0, 0.0]","{""command_id_unavailable"": true, ""final_internal_force_setpoint_verified"": false}"
E1_on_r02_20260917T180946_1789636186200651410_aqclx4_k,3467,,,1789636189632366470,1678573062878,receipt_only_no_header,,,/ur10skku/targetP,valid,,,,,controller_reported_target,targetP,robot_base,rotvec_rad,mm,,458.9909599441135,372.14595798882,216.5248122974667,-0.09308619888166413,0.008216505936962484,2.3568122893494974,,,,,,not_physical_completion,"[458.9909599441135, 372.14595798882, 216.5248122974667, -0.09308619888166413, 0.008216505936962484, 2.3568122893494974]","{""command_id_unavailable"": true, ""final_internal_force_setpoint_verified"": false}"
E1_on_r02_20260917T180946_1789636186200651410_aqclx4_k,3468,,,1789636189632392750,1678573088897,receipt_only_no_header,,,/ur10skku/targetF,valid,,,,,controller_reported_target,targetF,runtime_force_coordinate_unknown,,,N,,,,,,,0.0,0.0,0.0,,,not_physical_completion,"[0.0, 0.0, 0.0, 0.0, 0.0, 0.0]","{""command_id_unavailable"": true, ""final_internal_force_setpoint_verified"": false}"
E1_on_r02_20260917T180946_1789636186200651410_aqclx4_k,3470,,,1789636189632646152,1678573342340,receipt_only_no_header,,,/ur10skku/targetF,valid,,,,,controller_reported_target,targetF,runtime_force_coordinate_unknown,,,N,,,,,,,0.0,0.0,0.0,,,not_physical_completion,"[0.0, 0.0, 0.0, 0.0, 0.0, 0.0]","{""command_id_unavailable"": true, ""final_internal_force_setpoint_verified"": false}"
E1_on_r02_20260917T180946_1789636186200651410_aqclx4_k,3493,,,1789636189662262358,1678602960759,receipt_only_no_header,,,/ur10skku/targetP,valid,,,,,controller_reported_target,targetP,robot_base,rotvec_rad,mm,,459.0754811626999,372.0105254044995,216.50367395655388,-0.09357474231311212,0.008260071732066488,2.3568087338091375,,,,,,not_physical_completion,"[459.0754811626999, 372.0105254044995, 216.50367395655388, -0.09357474231311212, 0.008260071732066488, 2.3568087338091375]","{""command_id_unavailable"": true, ""final_internal_force_setpoint_verified"": false}"
E1_on_r02_20260917T180946_1789636186200651410_aqclx4_k,3494,,,1789636189662395411,1678603102108,receipt_only_no_header,,,/ur10skku/targetF,valid,,,,,controller_reported_target,targetF,runtime_force_coordinate_unknown,,,N,,,,,,,0.0,0.0,0.0,,,not_physical_completion,"[0.0, 0.0, 0.0, 0.0, 0.0, 0.0]","{""command_id_unavailable"": true, ""final_internal_force_setpoint_verified"": false}"
E1_on_r02_20260917T180946_1789636186200651410_aqclx4_k,3498,,,1789636189663110802,1678603807671,receipt_only_no_header,,,/ur10skku/targetP,valid,,,,,controller_reported_target,targetP,robot_base,rotvec_rad,mm,,459.16000238128623,371.875092820179,216.48253561564107,-0.09406427982931707,0.008303726177114413,2.3568050993187635,,,,,,not_physical_completion,"[459.16000238128623, 371.875092820179, 216.48253561564107, -0.09406427982931707, 0.008303726177114413, 2.3568050993187635]","{""command_id_unavailable"": true, ""final_internal_force_setpoint_verified"": false}"
E1_on_r02_20260917T180946_1789636186200651410_aqclx4_k,3499,,,1789636189663142212,1678603838409,receipt_only_no_header,,,/ur10skku/targetF,valid,,,,,controller_reported_target,targetF,runtime_force_coordinate_unknown,,,N,,,,,,,0.0,0.0,0.0,,,not_physical_completion,"[0.0, 0.0, 0.0, 0.0, 0.0, 0.0]","{""command_id_unavailable"": true, ""final_internal_force_setpoint_verified"": false}"
E1_on_r02_20260917T180946_1789636186200651410_aqclx4_k,3503,,,1789636189663419379,1678604115817,receipt_only_no_header,,,/ur10skku/targetP,valid,,,,,controller_reported_target,targetP,robot_base,rotvec_rad,mm,,459.2445235998726,371.73966023585854,216.46139727472826,-0.09455485057440591,0.008347472762794728,2.3568013851413645,,,,,,not_physical_completion,"[459.2445235998726, 371.73966023585854, 216.46139727472826, -0.09455485057440591, 0.008347472762794728, 2.3568013851413645]","{""command_id_unavailable"": true, ""final_internal_force_setpoint_verified"": false}"
E1_on_r02_20260917T180946_1789636186200651410_aqclx4_k,3504,,,1789636189663448164,1678604144682,receipt_only_no_header,,,/ur10skku/targetF,valid,,,,,controller_reported_target,targetF,runtime_force_coordinate_unknown,,,N,,,,,,,0.0,0.0,0.0,,,not_physical_completion,"[0.0, 0.0, 0.0, 0.0, 0.0, 0.0]","{""command_id_unavailable"": true, ""final_internal_force_setpoint_verified"": false}"
E1_on_r02_20260917T180946_1789636186200651410_aqclx4_k,3506,,,1789636189663911977,1678604608545,receipt_only_no_header,,,/ur10skku/targetP,valid,,,,,controller_reported_target,targetP,robot_base,rotvec_rad,mm,,459.32904481845895,371.60422765153805,216.44025893381544,-0.09504649402924986,0.0083913150098259,2.3567975905133496,,,,,,not_physical_completion,"[459.32904481845895, 371.60422765153805, 216.44025893381544, -0.09504649402924986, 0.0083913150098259, 2.3567975905133496]","{""command_id_unavailable"": true, ""final_internal_force_setpoint_verified"": false}"
E1_on_r02_20260917T180946_1789636186200651410_aqclx4_k,3507,,,1789636189663940621,1678604636899,receipt_only_no_header,,,/ur10skku/targetF,valid,,,,,controller_reported_target,targetF,runtime_force_coordinate_unknown,,,N,,,,,,,0.0,0.0,0.0,,,not_physical_completion,"[0.0, 0.0, 0.0, 0.0, 0.0, 0.0]","{""command_id_unavailable"": true, ""final_internal_force_setpoint_verified"": false}"
E1_on_r02_20260917T180946_1789636186200651410_aqclx4_k,3528,,,1789636189710913363,1678651610052,receipt_only_no_header,,,/ur10skku/targetP,valid,,,,,controller_reported_target,targetP,robot_base,rotvec_rad,mm,,459.4135660370453,371.46879506721757,216.41912059290263,-0.09553925002563428,0.008435256470219992,2.356793714644065,,,,,,not_physical_completion,"[459.4135660370453, 371.46879506721757, 216.41912059290263, -0.09553925002563428, 0.008435256470219992, 2.356793714644065]","{""command_id_unavailable"": true, ""final_internal_force_setpoint_verified"": false}"
E1_on_r02_20260917T180946_1789636186200651410_aqclx4_k,3529,,,1789636189710945124,1678651641642,receipt_only_no_header,,,/ur10skku/targetF,valid,,,,,controller_reported_target,targetF,runtime_force_coordinate_unknown,,,N,,,,,,,0.0,0.0,0.0,,,not_physical_completion,"[0.0, 0.0, 0.0, 0.0, 0.0, 0.0]","{""command_id_unavailable"": true, ""final_internal_force_setpoint_verified"": false}"
E1_on_r02_20260917T180946_1789636186200651410_aqclx4_k,3532,,,1789636189711448351,1678652144609,receipt_only_no_header,,,/ur10skku/targetP,valid,,,,,controller_reported_target,targetP,robot_base,rotvec_rad,mm,,459.4980872556317,371.3333624828971,216.39798225198982,-0.09603315876069106,0.008479300728569693,2.356789756715283,,,,,,not_physical_completion,"[459.4980872556317, 371.3333624828971, 216.39798225198982, -0.09603315876069106, 0.008479300728569693, 2.356789756715283]","{""command_id_unavailable"": true, ""final_internal_force_setpoint_verified"": false}"
E1_on_r02_20260917T180946_1789636186200651410_aqclx4_k,3533,,,1789636189711476184,1678652172532,receipt_only_no_header,,,/ur10skku/targetF,valid,,,,,controller_reported_target,targetF,runtime_force_coordinate_unknown,,,N,,,,,,,0.0,0.0,0.0,,,not_physical_completion,"[0.0, 0.0, 0.0, 0.0, 0.0, 0.0]","{""command_id_unavailable"": true, ""final_internal_force_setpoint_verified"": false}"
E1_on_r02_20260917T180946_1789636186200651410_aqclx4_k,3536,,,1789636189711747511,1678652443808,receipt_only_no_header,,,/ur10skku/targetP,valid,,,,,controller_reported_target,targetP,robot_base,rotvec_rad,mm,,459.58260847421803,371.1979298985766,216.376843911077,-0.09652826081160727,0.008523451403359961,2.356785715880679,,,,,,not_physical_completion,"[459.58260847421803, 371.1979298985766, 216.376843911077, -0.09652826081160727, 0.008523451403359961, 2.356785715880679]","{""command_id_unavailable"": true, ""final_internal_force_setpoint_verified"": false}"
E1_on_r02_20260917T180946_1789636186200651410_aqclx4_k,3543,,,1789636189773101689,1678713801654,receipt_only_no_header,,,/ur10skku/targetF,valid,,,,,controller_reported_target,targetF,runtime_force_coordinate_unknown,,,N,,,,,,,0.0,0.0,0.0,,,not_physical_completion,"[0.0, 0.0, 0.0, 0.0, 0.0, 0.0]","{""command_id_unavailable"": true, ""final_internal_force_setpoint_verified"": false}"
E1_on_r02_20260917T180946_1789636186200651410_aqclx4_k,3547,,,1789636189774029595,1678714726103,receipt_only_no_header,,,/ur10skku/targetP,valid,,,,,controller_reported_target,targetP,robot_base,rotvec_rad,mm,,459.6671296928044,371.0624973142561,216.3557055701642,-0.09702459715062098,0.008567712148305305,2.3567815912652814,,,,,,not_physical_completion,"[459.6671296928044, 371.0624973142561, 216.3557055701642, -0.09702459715062098, 0.008567712148305305, 2.3567815912652814]","{""command_id_unavailable"": true, ""final_internal_force_setpoint_verified"": false}"
E1_on_r02_20260917T180946_1789636186200651410_aqclx4_k,3548,,,1789636189774058480,1678714754687,receipt_only_no_header,,,/ur10skku/targetF,valid,,,,,controller_reported_target,targetF,runtime_force_coordinate_unknown,,,N,,,,,,,0.0,0.0,0.0,,,not_physical_completion,"[0.0, 0.0, 0.0, 0.0, 0.0, 0.0]","{""command_id_unavailable"": true, ""final_internal_force_setpoint_verified"": false}"
E1_on_r02_20260917T180946_1789636186200651410_aqclx4_k,3552,,,1789636189774618586,1678715315254,receipt_only_no_header,,,/ur10skku/targetP,valid,,,,,controller_reported_target,targetP,robot_base,rotvec_rad,mm,,459.75165091139075,370.92706472993564,216.33456722925138,-0.09752220916031866,0.008612086653713932,2.3567773819648945,,,,,,not_physical_completion,"[459.75165091139075, 370.92706472993564, 216.33456722925138, -0.09752220916031866, 0.008612086653713932, 2.3567773819648945]","{""command_id_unavailable"": true, ""final_internal_force_setpoint_verified"": false}"
E1_on_r02_20260917T180946_1789636186200651410_aqclx4_k,3553,,,1789636189774646268,1678715342666,receipt_only_no_header,,,/ur10skku/targetF,valid,,,,,controller_reported_target,targetF,runtime_force_coordinate_unknown,,,N,,,,,,,0.0,0.0,0.0,,,not_physical_completion,"[0.0, 0.0, 0.0, 0.0, 0.0, 0.0]","{""command_id_unavailable"": true, ""final_internal_force_setpoint_verified"": false}"
E1_on_r02_20260917T180946_1789636186200651410_aqclx4_k,3557,,,1789636189775115862,1678715812590,receipt_only_no_header,,,/ur10skku/targetP,valid,,,,,controller_reported_target,targetP,robot_base,rotvec_rad,mm,,459.8361721299771,370.79163214561515,216.31342888833856,-0.09802113864924716,0.008656578647879967,2.356773087045504,,,,,,not_physical_completion,"[459.8361721299771, 370.79163214561515, 216.31342888833856, -0.09802113864924716, 0.008656578647879967, 2.356773087045504]","{""command_id_unavailable"": true, ""final_internal_force_setpoint_verified"": false}"
E1_on_r02_20260917T180946_1789636186200651410_aqclx4_k,3558,,,1789636189775143244,1678715839441,receipt_only_no_header,,,/ur10skku/targetF,valid,,,,,controller_reported_target,targetF,runtime_force_coordinate_unknown,,,N,,,,,,,0.0,0.0,0.0,,,not_physical_completion,"[0.0, 0.0, 0.0, 0.0, 0.0, 0.0]","{""command_id_unavailable"": true, ""final_internal_force_setpoint_verified"": false}"
E1_on_r02_20260917T180946_1789636186200651410_aqclx4_k,3562,,,1789636189775441331,1678716138130,receipt_only_no_header,,,/ur10skku/targetP,valid,,,,,controller_reported_target,targetP,robot_base,rotvec_rad,mm,,459.9206933485635,370.65619956129467,216.29229054742575,-0.09852142786785416,0.008701191898504955,2.356768705542658,,,,,,not_physical_completion,"[459.9206933485635, 370.65619956129467, 216.29229054742575, -0.09852142786785416, 0.008701191898504955, 2.356768705542658]","{""command_id_unavailable"": true, ""final_internal_force_setpoint_verified"": false}"
E1_on_r02_20260917T180946_1789636186200651410_aqclx4_k,3563,,,1789636189775468793,1678716165161,receipt_only_no_header,,,/ur10skku/targetF,valid,,,,,controller_reported_target,targetF,runtime_force_coordinate_unknown,,,N,,,,,,,0.0,0.0,0.0,,,not_physical_completion,"[0.0, 0.0, 0.0, 0.0, 0.0, 0.0]","{""command_id_unavailable"": true, ""final_internal_force_setpoint_verified"": false}"
E1_on_r02_20260917T180946_1789636186200651410_aqclx4_k,3567,,,1789636189775975187,1678716671545,receipt_only_no_header,,,/ur10skku/targetP,valid,,,,,controller_reported_target,targetP,robot_base,rotvec_rad,mm,,460.00521456714984,370.5207669769742,216.27115220651294,-0.09902311952477148,0.008745930214149954,2.3567642364608163,,,,,,not_physical_completion,"[460.00521456714984, 370.5207669769742, 216.27115220651294, -0.09902311952477148, 0.008745930214149954, 2.3567642364608163]","{""command_id_unavailable"": true, ""final_internal_force_setpoint_verified"": false}"
E1_on_r02_20260917T180946_1789636186200651410_aqclx4_k,3568,,,1789636189776001758,1678716698015,receipt_only_no_header,,,/ur10skku/targetF,valid,,,,,controller_reported_target,targetF,runtime_force_coordinate_unknown,,,N,,,,,,,0.0,0.0,0.0,,,not_physical_completion,"[0.0, 0.0, 0.0, 0.0, 0.0, 0.0]","{""command_id_unavailable"": true, ""final_internal_force_setpoint_verified"": false}"
E1_on_r02_20260917T180946_1789636186200651410_aqclx4_k,3584,,,1789636189807028878,1678747725146,receipt_only_no_header,,,/ur10skku/targetP,valid,,,,,controller_reported_target,targetP,robot_base,rotvec_rad,mm,,460.0897357857362,370.3853343926537,216.25001386560012,-0.09952625680345643,0.008790797445719525,2.3567596787726806,,,,,,not_physical_completion,"[460.0897357857362, 370.3853343926537, 216.25001386560012, -0.09952625680345643, 0.008790797445719525, 2.3567596787726806]","{""command_id_unavailable"": true, ""final_internal_force_setpoint_verified"": false}"
E1_on_r02_20260917T180946_1789636186200651410_aqclx4_k,3585,,,1789636189807058094,1678747754281,receipt_only_no_header,,,/ur10skku/targetF,valid,,,,,controller_reported_target,targetF,runtime_force_coordinate_unknown,,,N,,,,,,,0.0,0.0,0.0,,,not_physical_completion,"[0.0, 0.0, 0.0, 0.0, 0.0, 0.0]","{""command_id_unavailable"": true, ""final_internal_force_setpoint_verified"": false}"
E1_on_r02_20260917T180946_1789636186200651410_aqclx4_k,3591,,,1789636189807553787,1678748250104,receipt_only_no_header,,,/ur10skku/targetP,valid,,,,,controller_reported_target,targetP,robot_base,rotvec_rad,mm,,460.17425700432256,370.2499018083332,216.2288755246873,-0.10003088337920635,0.008835797487979035,2.3567550314184924,,,,,,not_physical_completion,"[460.17425700432256, 370.2499018083332, 216.2288755246873, -0.10003088337920635, 0.008835797487979035, 2.3567550314184924]","{""command_id_unavailable"": true, ""final_internal_force_setpoint_verified"": false}"
E1_on_r02_20260917T180946_1789636186200651410_aqclx4_k,3592,,,1789636189807581750,1678748277957,receipt_only_no_header,,,/ur10skku/targetF,valid,,,,,controller_reported_target,targetF,runtime_force_coordinate_unknown,,,N,,,,,,,0.0,0.0,0.0,,,not_physical_completion,"[0.0, 0.0, 0.0, 0.0, 0.0, 0.0]","{""command_id_unavailable"": true, ""final_internal_force_setpoint_verified"": false}"
E1_on_r02_20260917T180946_1789636186200651410_aqclx4_k,3596,,,1789636189808132057,1678748828345,receipt_only_no_header,,,/ur10skku/targetP,valid,,,,,controller_reported_target,targetP,robot_base,rotvec_rad,mm,,460.2587782229089,370.11446922401274,216.2077371837745,-0.10053704343656215,0.008880934281106643,2.356750293305309,,,,,,not_physical_completion,"[460.2587782229089, 370.11446922401274, 216.2077371837745, -0.10053704343656215, 0.008880934281106643, 2.356750293305309]","{""command_id_unavailable"": true, ""final_internal_force_setpoint_verified"": false}"
E1_on_r02_20260917T180946_1789636186200651410_aqclx4_k,3597,,,1789636189808158718,1678748854915,receipt_only_no_header,,,/ur10skku/targetF,valid,,,,,controller_reported_target,targetF,runtime_force_coordinate_unknown,,,N,,,,,,,0.0,0.0,0.0,,,not_physical_completion,"[0.0, 0.0, 0.0, 0.0, 0.0, 0.0]","{""command_id_unavailable"": true, ""final_internal_force_setpoint_verified"": false}"
E1_on_r02_20260917T180946_1789636186200651410_aqclx4_k,3601,,,1789636189808457627,1678749153824,receipt_only_no_header,,,/ur10skku/targetP,valid,,,,,controller_reported_target,targetP,robot_base,rotvec_rad,mm,,460.3432994414953,369.97903663969225,216.18659884286168,-0.10104478168711815,0.008926211812281488,2.3567454633062423,,,,,,not_physical_completion,"[460.3432994414953, 369.97903663969225, 216.18659884286168, -0.10104478168711815, 0.008926211812281488, 2.3567454633062423]","{""command_id_unavailable"": true, ""final_internal_force_setpoint_verified"": false}"
E1_on_r02_20260917T180946_1789636186200651410_aqclx4_k,3602,,,1789636189808484127,1678749180254,receipt_only_no_header,,,/ur10skku/targetF,valid,,,,,controller_reported_target,targetF,runtime_force_coordinate_unknown,,,N,,,,,,,0.0,0.0,0.0,,,not_physical_completion,"[0.0, 0.0, 0.0, 0.0, 0.0, 0.0]","{""command_id_unavailable"": true, ""final_internal_force_setpoint_verified"": false}"
E1_on_r02_20260917T180946_1789636186200651410_aqclx4_k,3606,,,1789636189808919896,1678749616214,receipt_only_no_header,,,/ur10skku/targetP,valid,,,,,controller_reported_target,targetP,robot_base,rotvec_rad,mm,,460.42782066008164,369.84360405537177,216.16546050194887,-0.10155414338775423,0.008971634117309588,2.3567405402596764,,,,,,not_physical_completion,"[460.42782066008164, 369.84360405537177, 216.16546050194887, -0.10155414338775423, 0.008971634117309588, 2.3567405402596764]","{""command_id_unavailable"": true, ""final_internal_force_setpoint_verified"": false}"
E1_on_r02_20260917T180946_1789636186200651410_aqclx4_k,3607,,,1789636189808946036,1678749642083,receipt_only_no_header,,,/ur10skku/targetF,valid,,,,,controller_reported_target,targetF,runtime_force_coordinate_unknown,,,N,,,,,,,0.0,0.0,0.0,,,not_physical_completion,"[0.0, 0.0, 0.0, 0.0, 0.0, 0.0]","{""command_id_unavailable"": true, ""final_internal_force_setpoint_verified"": false}"
E1_on_r02_20260917T180946_1789636186200651410_aqclx4_k,3611,,,1789636189809274231,1678749970478,receipt_only_no_header,,,/ur10skku/targetP,valid,,,,,controller_reported_target,targetP,robot_base,rotvec_rad,mm,,460.512341878668,369.7081714710513,216.14432216103606,-0.10206517435930881,0.009017205282289012,2.3567355229684472,,,,,,not_physical_completion,"[460.512341878668, 369.7081714710513, 216.14432216103606, -0.10206517435930881, 0.009017205282289012, 2.3567355229684472]","{""command_id_unavailable"": true, ""final_internal_force_setpoint_verified"": false}"
E1_on_r02_20260917T180946_1789636186200651410_aqclx4_k,3612,,,1789636189809300501,1678749996738,receipt_only_no_header,,,/ur10skku/targetF,valid,,,,,controller_reported_target,targetF,runtime_force_coordinate_unknown,,,N,,,,,,,0.0,0.0,0.0,,,not_physical_completion,"[0.0, 0.0, 0.0, 0.0, 0.0, 0.0]","{""command_id_unavailable"": true, ""final_internal_force_setpoint_verified"": false}"
E1_on_r02_20260917T180946_1789636186200651410_aqclx4_k,3616,,,1789636189809634246,1678750330483,receipt_only_no_header,,,/ur10skku/targetP,valid,,,,,controller_reported_target,targetP,robot_base,rotvec_rad,mm,,460.59686309725436,369.5727388867308,216.12318382012324,-0.10257792100571118,0.009062929445316031,2.3567304101989963,,,,,,not_physical_completion,"[460.59686309725436, 369.5727388867308, 216.12318382012324, -0.10257792100571118, 0.009062929445316031, 2.3567304101989963]","{""command_id_unavailable"": true, ""final_internal_force_setpoint_verified"": false}"
E1_on_r02_20260917T180946_1789636186200651410_aqclx4_k,3617,,,1789636189809660916,1678750357034,receipt_only_no_header,,,/ur10skku/targetF,valid,,,,,controller_reported_target,targetF,runtime_force_coordinate_unknown,,,N,,,,,,,0.0,0.0,0.0,,,not_physical_completion,"[0.0, 0.0, 0.0, 0.0, 0.0, 0.0]","{""command_id_unavailable"": true, ""final_internal_force_setpoint_verified"": false}"
E1_on_r02_20260917T180946_1789636186200651410_aqclx4_k,3621,,,1789636189810208007,1678750905728,receipt_only_no_header,,,/ur10skku/targetP,valid,,,,,controller_reported_target,targetP,robot_base,rotvec_rad,mm,,460.6813843158407,369.4373063024103,216.10204547921043,-0.10309243033359165,0.009108810798233878,2.356725200680485,,,,,,not_physical_completion,"[460.6813843158407, 369.4373063024103, 216.10204547921043, -0.10309243033359165, 0.009108810798233878, 2.356725200680485]","{""command_id_unavailable"": true, ""final_internal_force_setpoint_verified"": false}"
E1_on_r02_20260917T180946_1789636186200651410_aqclx4_k,3622,,,1789636189810253123,1678750950663,receipt_only_no_header,,,/ur10skku/targetF,valid,,,,,controller_reported_target,targetF,runtime_force_coordinate_unknown,,,N,,,,,,,0.0,0.0,0.0,,,not_physical_completion,"[0.0, 0.0, 0.0, 0.0, 0.0, 0.0]","{""command_id_unavailable"": true, ""final_internal_force_setpoint_verified"": false}"
E1_on_r02_20260917T180946_1789636186200651410_aqclx4_k,3626,,,1789636189810726785,1678751423192,receipt_only_no_header,,,/ur10skku/targetP,valid,,,,,controller_reported_target,targetP,robot_base,rotvec_rad,mm,,460.7659055344271,369.30187371808984,216.08090713829762,-0.10360874997239004,0.009154853588425943,2.3567198931038793,,,,,,not_physical_completion,"[460.7659055344271, 369.30187371808984, 216.08090713829762, -0.10360874997239004, 0.009154853588425943, 2.3567198931038793]","{""command_id_unavailable"": true, ""final_internal_force_setpoint_verified"": false}"
E1_on_r02_20260917T180946_1789636186200651410_aqclx4_k,3627,,,1789636189810754337,1678751450544,receipt_only_no_header,,,/ur10skku/targetF,valid,,,,,controller_reported_target,targetF,runtime_force_coordinate_unknown,,,N,,,,,,,0.0,0.0,0.0,,,not_physical_completion,"[0.0, 0.0, 0.0, 0.0, 0.0, 0.0]","{""command_id_unavailable"": true, ""final_internal_force_setpoint_verified"": false}"
E1_on_r02_20260917T180946_1789636186200651410_aqclx4_k,3631,,,1789636189811135372,1678751831700,receipt_only_no_header,,,/ur10skku/targetP,valid,,,,,controller_reported_target,targetP,robot_base,rotvec_rad,mm,,460.85042675301344,369.16644113376935,216.0597687973848,-0.10412692819498262,0.009201062120655218,2.3567144861209974,,,,,,not_physical_completion,"[460.85042675301344, 369.16644113376935, 216.0597687973848, -0.10412692819498262, 0.009201062120655218, 2.3567144861209974]","{""command_id_unavailable"": true, ""final_internal_force_setpoint_verified"": false}"
E1_on_r02_20260917T180946_1789636186200651410_aqclx4_k,3651,,,1789636189822057525,1678762758061,receipt_only_no_header,,,/ur10skku/targetF,valid,,,,,controller_reported_target,targetF,runtime_force_coordinate_unknown,,,N,,,,,,,0.0,0.0,0.0,,,not_physical_completion,"[0.0, 0.0, 0.0, 0.0, 0.0, 0.0]","{""command_id_unavailable"": true, ""final_internal_force_setpoint_verified"": false}"
E1_on_r02_20260917T180946_1789636186200651410_aqclx4_k,3656,,,1789636189822562927,1678763261048,receipt_only_no_header,,,/ur10skku/targetP,valid,,,,,controller_reported_target,targetP,robot_base,rotvec_rad,mm,,460.9349479715998,369.03100854944887,216.038630456472,-0.10464701393884969,0.009247440758951921,2.3567089783435184,,,,,,not_physical_completion,"[460.9349479715998, 369.03100854944887, 216.038630456472, -0.10464701393884969, 0.009247440758951921, 2.3567089783435184]","{""command_id_unavailable"": true, ""final_internal_force_setpoint_verified"": false}"
E1_on_r02_20260917T180946_1789636186200651410_aqclx4_k,3657,,,1789636189822618092,1678763315892,receipt_only_no_header,,,/ur10skku/targetF,valid,,,,,controller_reported_target,targetF,runtime_force_coordinate_unknown,,,N,,,,,,,0.0,0.0,0.0,,,not_physical_completion,"[0.0, 0.0, 0.0, 0.0, 0.0, 0.0]","{""command_id_unavailable"": true, ""final_internal_force_setpoint_verified"": false}"
E1_on_r02_20260917T180946_1789636186200651410_aqclx4_k,3662,,,1789636189823101221,1678763797348,receipt_only_no_header,,,/ur10skku/targetP,valid,,,,,controller_reported_target,targetP,robot_base,rotvec_rad,mm,,461.01946919018616,368.8955759651284,216.01749211555918,-0.10516905682780486,0.009293993928551264,2.3567033683419556,,,,,,not_physical_completion,"[461.01946919018616, 368.8955759651284, 216.01749211555918, -0.10516905682780486, 0.009293993928551264, 2.3567033683419556]","{""command_id_unavailable"": true, ""final_internal_force_setpoint_verified"": false}"
E1_on_r02_20260917T180946_1789636186200651410_aqclx4_k,3663,,,1789636189823127421,1678763823448,receipt_only_no_header,,,/ur10skku/targetF,valid,,,,,controller_reported_target,targetF,runtime_force_coordinate_unknown,,,N,,,,,,,0.0,0.0,0.0,,,not_physical_completion,"[0.0, 0.0, 0.0, 0.0, 0.0, 0.0]","{""command_id_unavailable"": true, ""final_internal_force_setpoint_verified"": false}"
E1_on_r02_20260917T180946_1789636186200651410_aqclx4_k,3667,,,1789636189823736961,1678764433188,receipt_only_no_header,,,/ur10skku/targetP,valid,,,,,controller_reported_target,targetP,robot_base,rotvec_rad,mm,,461.1039904087725,368.7601433808079,215.99635377464637,-0.10569310719431066,0.009340726117883447,2.356697654644587,,,,,,not_physical_completion,"[461.1039904087725, 368.7601433808079, 215.99635377464637, -0.10569310719431066, 0.009340726117883447, 2.356697654644587]","{""command_id_unavailable"": true, ""final_internal_force_setpoint_verified"": false}"
E1_on_r02_20260917T180946_1789636186200651410_aqclx4_k,3668,,,1789636189823763171,1678764459308,receipt_only_no_header,,,/ur10skku/targetF,valid,,,,,controller_reported_target,targetF,runtime_force_coordinate_unknown,,,N,,,,,,,0.0,0.0,0.0,,,not_physical_completion,"[0.0, 0.0, 0.0, 0.0, 0.0, 0.0]","{""command_id_unavailable"": true, ""final_internal_force_setpoint_verified"": false}"
E1_on_r02_20260917T180946_1789636186200651410_aqclx4_k,3671,,,1789636189824024067,1678764720315,receipt_only_no_header,,,/ur10skku/targetP,valid,,,,,controller_reported_target,targetP,robot_base,rotvec_rad,mm,,461.1885116273589,368.6247107964874,215.97521543373355,-0.10621921610240359,0.00938764188061804,2.356691835736348,,,,,,not_physical_completion,"[461.1885116273589, 368.6247107964874, 215.97521543373355, -0.10621921610240359, 0.00938764188061804, 2.356691835736348]","{""command_id_unavailable"": true, ""final_internal_force_setpoint_verified"": false}"
E1_on_r02_20260917T180946_1789636186200651410_aqclx4_k,3672,,,1789636189824051179,1678764747466,receipt_only_no_header,,,/ur10skku/targetF,valid,,,,,controller_reported_target,targetF,runtime_force_coordinate_unknown,,,N,,,,,,,0.0,0.0,0.0,,,not_physical_completion,"[0.0, 0.0, 0.0, 0.0, 0.0, 0.0]","{""command_id_unavailable"": true, ""final_internal_force_setpoint_verified"": false}"
E1_on_r02_20260917T180946_1789636186200651410_aqclx4_k,3684,,,1789636189868680172,1678809380757,receipt_only_no_header,,,/ur10skku/targetP,valid,,,,,controller_reported_target,targetP,robot_base,rotvec_rad,mm,,461.27303284594524,368.48927821216694,215.95407709282074,-0.106747435371254,0.009434745837764987,2.3566859100576765,,,,,,not_physical_completion,"[461.27303284594524, 368.48927821216694, 215.95407709282074, -0.106747435371254, 0.009434745837764987, 2.3566859100576765]","{""command_id_unavailable"": true, ""final_internal_force_setpoint_verified"": false}"
E1_on_r02_20260917T180946_1789636186200651410_aqclx4_k,3688,,,1789636189869225029,1678809922138,receipt_only_no_header,,,/ur10skku/targetP,valid,,,,,controller_reported_target,targetP,robot_base,rotvec_rad,mm,,461.3575540645316,368.35384562784645,215.93293875190793,-0.10727781759938732,0.00948204267983453,2.3566798760033154,,,,,,not_physical_completion,"[461.3575540645316, 368.35384562784645, 215.93293875190793, -0.10727781759938732, 0.00948204267983453, 2.3566798760033154]","{""command_id_unavailable"": true, ""final_internal_force_setpoint_verified"": false}"
E1_on_r02_20260917T180946_1789636186200651410_aqclx4_k,3689,,,1789636189869258242,1678809954720,receipt_only_no_header,,,/ur10skku/targetF,valid,,,,,controller_reported_target,targetF,runtime_force_coordinate_unknown,,,N,,,,,,,0.0,0.0,0.0,,,not_physical_completion,"[0.0, 0.0, 0.0, 0.0, 0.0, 0.0]","{""command_id_unavailable"": true, ""final_internal_force_setpoint_verified"": false}"
E1_on_r02_20260917T180946_1789636186200651410_aqclx4_k,3695,,,1789636189869873132,1678810570792,receipt_only_no_header,,,/ur10skku/targetP,valid,,,,,controller_reported_target,targetP,robot_base,rotvec_rad,mm,,461.44207528311796,368.21841304352597,215.9118004109951,-0.10781041618959337,0.009529537169058572,2.356673731921071,,,,,,not_physical_completion,"[461.44207528311796, 368.21841304352597, 215.9118004109951, -0.10781041618959337, 0.009529537169058572, 2.356673731921071]","{""command_id_unavailable"": true, ""final_internal_force_setpoint_verified"": false}"
E1_on_r02_20260917T180946_1789636186200651410_aqclx4_k,3696,,,1789636189869914661,1678810611680,receipt_only_no_header,,,/ur10skku/targetF,valid,,,,,controller_reported_target,targetF,runtime_force_coordinate_unknown,,,N,,,,,,,0.0,0.0,0.0,,,not_physical_completion,"[0.0, 0.0, 0.0, 0.0, 0.0, 0.0]","{""command_id_unavailable"": true, ""final_internal_force_setpoint_verified"": false}"
E1_on_r02_20260917T180946_1789636186200651410_aqclx4_k,3700,,,1789636189870260759,1678810957207,receipt_only_no_header,,,/ur10skku/targetP,valid,,,,,controller_reported_target,targetP,robot_base,rotvec_rad,mm,,461.5265965017043,368.0829804592055,215.8906620700823,-0.1083452853745526,0.00957723414167589,2.3566674761105184,,,,,,not_physical_completion,"[461.5265965017043, 368.0829804592055, 215.8906620700823, -0.1083452853745526, 0.00957723414167589, 2.3566674761105184]","{""command_id_unavailable"": true, ""final_internal_force_setpoint_verified"": false}"
E1_on_r02_20260917T180946_1789636186200651410_aqclx4_k,3701,,,1789636189870289474,1678810985952,receipt_only_no_header,,,/ur10skku/targetF,valid,,,,,controller_reported_target,targetF,runtime_force_coordinate_unknown,,,N,,,,,,,0.0,0.0,0.0,,,not_physical_completion,"[0.0, 0.0, 0.0, 0.0, 0.0, 0.0]","{""command_id_unavailable"": true, ""final_internal_force_setpoint_verified"": false}"
E1_on_r02_20260917T180946_1789636186200651410_aqclx4_k,3705,,,1789636189870615164,1678811311572,receipt_only_no_header,,,/ur10skku/targetP,valid,,,,,controller_reported_target,targetP,robot_base,rotvec_rad,mm,,461.6111177202907,367.947547874885,215.8695237291695,-0.10888248024320853,0.00962513851028398,2.3566611068216585,,,,,,not_physical_completion,"[461.6111177202907, 367.947547874885, 215.8695237291695, -0.10888248024320853, 0.00962513851028398, 2.3566611068216585]","{""command_id_unavailable"": true, ""final_internal_force_setpoint_verified"": false}"
E1_on_r02_20260917T180946_1789636186200651410_aqclx4_k,3706,,,1789636189870643287,1678811339525,receipt_only_no_header,,,/ur10skku/targetF,valid,,,,,controller_reported_target,targetF,runtime_force_coordinate_unknown,,,N,,,,,,,0.0,0.0,0.0,,,not_physical_completion,"[0.0, 0.0, 0.0, 0.0, 0.0, 0.0]","{""command_id_unavailable"": true, ""final_internal_force_setpoint_verified"": false}"
E1_on_r02_20260917T180946_1789636186200651410_aqclx4_k,3708,,,1789636189870779416,1678811475784,receipt_only_no_header,,,/ur10skku/targetP,valid,,,,,controller_reported_target,targetP,robot_base,rotvec_rad,mm,,461.69563893887704,367.8121152905645,215.84838538825667,-0.10942205676791773,0.009673255266260167,2.3566546222535254,,,,,,not_physical_completion,"[461.69563893887704, 367.8121152905645, 215.84838538825667, -0.10942205676791773, 0.009673255266260167, 2.3566546222535254]","{""command_id_unavailable"": true, ""final_internal_force_setpoint_verified"": false}"
E1_on_r02_20260917T180946_1789636186200651410_aqclx4_k,3709,,,1789636189870807750,1678811503988,receipt_only_no_header,,,/ur10skku/targetF,valid,,,,,controller_reported_target,targetF,runtime_force_coordinate_unknown,,,N,,,,,,,0.0,0.0,0.0,,,not_physical_completion,"[0.0, 0.0, 0.0, 0.0, 0.0, 0.0]","{""command_id_unavailable"": true, ""final_internal_force_setpoint_verified"": false}"
E1_on_r02_20260917T180946_1789636186200651410_aqclx4_k,3711,,,1789636189870940413,1678811636891,receipt_only_no_header,,,/ur10skku/targetF,valid,,,,,controller_reported_target,targetF,runtime_force_coordinate_unknown,,,N,,,,,,,0.0,0.0,0.0,,,not_physical_completion,"[0.0, 0.0, 0.0, 0.0, 0.0, 0.0]","{""command_id_unavailable"": true, ""final_internal_force_setpoint_verified"": false}"
E1_on_r02_20260917T180946_1789636186200651410_aqclx4_k,3738,,,1789636189965219663,1678905917824,receipt_only_no_header,,,/ur10skku/targetP,valid,,,,,controller_reported_target,targetP,robot_base,rotvec_rad,mm,,461.7801601574634,367.67668270624404,215.82724704734386,-0.10996407183240918,0.00972158948225492,2.3566480205527323,,,,,,not_physical_completion,"[461.7801601574634, 367.67668270624404, 215.82724704734386, -0.10996407183240918, 0.00972158948225492, 2.3566480205527323]","{""command_id_unavailable"": true, ""final_internal_force_setpoint_verified"": false}"
E1_on_r02_20260917T180946_1789636186200651410_aqclx4_k,3739,,,1789636189965269918,1678905967338,receipt_only_no_header,,,/ur10skku/targetF,valid,,,,,controller_reported_target,targetF,runtime_force_coordinate_unknown,,,N,,,,,,,0.0,0.0,0.0,,,not_physical_completion,"[0.0, 0.0, 0.0, 0.0, 0.0, 0.0]","{""command_id_unavailable"": true, ""final_internal_force_setpoint_verified"": false}"
E1_on_r02_20260917T180946_1789636186200651410_aqclx4_k,3741,,,1789636189965758297,1678906455006,receipt_only_no_header,,,/ur10skku/targetP,valid,,,,,controller_reported_target,targetP,robot_base,rotvec_rad,mm,,461.86468137604976,367.54125012192355,215.80610870643105,-0.11050858326058684,0.009770146314760383,2.3566412998119692,,,,,,not_physical_completion,"[461.86468137604976, 367.54125012192355, 215.80610870643105, -0.11050858326058684, 0.009770146314760383, 2.3566412998119692]","{""command_id_unavailable"": true, ""final_internal_force_setpoint_verified"": false}"
E1_on_r02_20260917T180946_1789636186200651410_aqclx4_k,3742,,,1789636189965788685,1678906485283,receipt_only_no_header,,,/ur10skku/targetF,valid,,,,,controller_reported_target,targetF,runtime_force_coordinate_unknown,,,N,,,,,,,0.0,0.0,0.0,,,not_physical_completion,"[0.0, 0.0, 0.0, 0.0, 0.0, 0.0]","{""command_id_unavailable"": true, ""final_internal_force_setpoint_verified"": false}"
E1_on_r02_20260917T180946_1789636186200651410_aqclx4_k,3770,,,1789636189998939076,1678939635584,receipt_only_no_header,,,/ur10skku/targetP,valid,,,,,controller_reported_target,targetP,robot_base,rotvec_rad,mm,,461.9492025946361,367.40581753760307,215.78497036551823,-0.11105564984621083,0.009818931006757218,2.3566344580684344,,,,,,not_physical_completion,"[461.9492025946361, 367.40581753760307, 215.78497036551823, -0.11105564984621083, 0.009818931006757218, 2.3566344580684344]","{""command_id_unavailable"": true, ""final_internal_force_setpoint_verified"": false}"
E1_on_r02_20260917T180946_1789636186200651410_aqclx4_k,3771,,,1789636189998971427,1678939667865,receipt_only_no_header,,,/ur10skku/targetF,valid,,,,,controller_reported_target,targetF,runtime_force_coordinate_unknown,,,N,,,,,,,0.0,0.0,0.0,,,not_physical_completion,"[0.0, 0.0, 0.0, 0.0, 0.0, 0.0]","{""command_id_unavailable"": true, ""final_internal_force_setpoint_verified"": false}"
E1_on_r02_20260917T180946_1789636186200651410_aqclx4_k,3777,,,1789636189999612818,1678940309065,receipt_only_no_header,,,/ur10skku/targetP,valid,,,,,controller_reported_target,targetP,robot_base,rotvec_rad,mm,,462.0337238132225,367.2703849532826,215.76383202460542,-0.11160533138349342,0.009867948890443071,2.356627493302204,,,,,,not_physical_completion,"[462.0337238132225, 367.2703849532826, 215.76383202460542, -0.11160533138349342, 0.009867948890443071, 2.356627493302204]","{""command_id_unavailable"": true, ""final_internal_force_setpoint_verified"": false}"
E1_on_r02_20260917T180946_1789636186200651410_aqclx4_k,3778,,,1789636189999640911,1678940337108,receipt_only_no_header,,,/ur10skku/targetF,valid,,,,,controller_reported_target,targetF,runtime_force_coordinate_unknown,,,N,,,,,,,0.0,0.0,0.0,,,not_physical_completion,"[0.0, 0.0, 0.0, 0.0, 0.0, 0.0]","{""command_id_unavailable"": true, ""final_internal_force_setpoint_verified"": false}"
E1_on_r02_20260917T180946_1789636186200651410_aqclx4_k,3784,,,1789636190000218560,1678940914828,receipt_only_no_header,,,/ur10skku/targetP,valid,,,,,controller_reported_target,targetP,robot_base,rotvec_rad,mm,,462.11824503180884,367.1349523689621,215.7426936836926,-0.11215768869864887,0.009917205390046055,2.3566204034345466,,,,,,not_physical_completion,"[462.11824503180884, 367.1349523689621, 215.7426936836926, -0.11215768869864887, 0.009917205390046055, 2.3566204034345466]","{""command_id_unavailable"": true, ""final_internal_force_setpoint_verified"": false}"
E1_on_r02_20260917T180946_1789636186200651410_aqclx4_k,3785,,,1789636190000246163,1678940942480,receipt_only_no_header,,,/ur10skku/targetF,valid,,,,,controller_reported_target,targetF,runtime_force_coordinate_unknown,,,N,,,,,,,0.0,0.0,0.0,,,not_physical_completion,"[0.0, 0.0, 0.0, 0.0, 0.0, 0.0]","{""command_id_unavailable"": true, ""final_internal_force_setpoint_verified"": false}"
E1_on_r02_20260917T180946_1789636186200651410_aqclx4_k,3790,,,1789636190000631967,1678941328184,receipt_only_no_header,,,/ur10skku/targetP,valid,,,,,controller_reported_target,targetP,robot_base,rotvec_rad,mm,,462.2027662503952,366.9995197846416,215.7215553427798,-0.11271278368243659,0.009966706024726853,2.3566131863261557,,,,,,not_physical_completion,"[462.2027662503952, 366.9995197846416, 215.7215553427798, -0.11271278368243659, 0.009966706024726853, 2.3566131863261557]","{""command_id_unavailable"": true, ""final_internal_force_setpoint_verified"": false}"
E1_on_r02_20260917T180946_1789636186200651410_aqclx4_k,3791,,,1789636190000658688,1678941354925,receipt_only_no_header,,,/ur10skku/targetF,valid,,,,,controller_reported_target,targetF,runtime_force_coordinate_unknown,,,N,,,,,,,0.0,0.0,0.0,,,not_physical_completion,"[0.0, 0.0, 0.0, 0.0, 0.0, 0.0]","{""command_id_unavailable"": true, ""final_internal_force_setpoint_verified"": false}"
E1_on_r02_20260917T180946_1789636186200651410_aqclx4_k,3795,,,1789636190001298916,1678941995184,receipt_only_no_header,,,/ur10skku/targetP,valid,,,,,controller_reported_target,targetP,robot_base,rotvec_rad,mm,,462.28728746898156,366.86408720032114,215.70041700186698,-0.1132706793237403,0.010016456411573178,2.3566058397753262,,,,,,not_physical_completion,"[462.28728746898156, 366.86408720032114, 215.70041700186698, -0.1132706793237403, 0.010016456411573178, 2.3566058397753262]","{""command_id_unavailable"": true, ""final_internal_force_setpoint_verified"": false}"
E1_on_r02_20260917T180946_1789636186200651410_aqclx4_k,3796,,,1789636190001329284,1678942025461,receipt_only_no_header,,,/ur10skku/targetF,valid,,,,,controller_reported_target,targetF,runtime_force_coordinate_unknown,,,N,,,,,,,0.0,0.0,0.0,,,not_physical_completion,"[0.0, 0.0, 0.0, 0.0, 0.0, 0.0]","{""command_id_unavailable"": true, ""final_internal_force_setpoint_verified"": false}"
E1_on_r02_20260917T180946_1789636186200651410_aqclx4_k,3799,,,1789636190001567477,1678942263865,receipt_only_no_header,,,/ur10skku/targetP,valid,,,,,controller_reported_target,targetP,robot_base,rotvec_rad,mm,,462.3718086875679,366.72865461600065,215.67927866095417,-0.11383143974422626,0.010066462268690493,2.3565983615160477,,,,,,not_physical_completion,"[462.3718086875679, 366.72865461600065, 215.67927866095417, -0.11383143974422626, 0.010066462268690493, 2.3565983615160477]","{""command_id_unavailable"": true, ""final_internal_force_setpoint_verified"": false}"
E1_on_r02_20260917T180946_1789636186200651410_aqclx4_k,3800,,,1789636190001594258,1678942290566,receipt_only_no_header,,,/ur10skku/targetF,valid,,,,,controller_reported_target,targetF,runtime_force_coordinate_unknown,,,N,,,,,,,0.0,0.0,0.0,,,not_physical_completion,"[0.0, 0.0, 0.0, 0.0, 0.0, 0.0]","{""command_id_unavailable"": true, ""final_internal_force_setpoint_verified"": false}"
E1_on_r02_20260917T180946_1789636186200651410_aqclx4_k,3803,,,1789636190001890341,1678942586689,receipt_only_no_header,,,/ur10skku/targetP,valid,,,,,controller_reported_target,targetP,robot_base,rotvec_rad,mm,,462.4563299061543,366.59322203168017,215.65814032004135,-0.11439513023412765,0.010116729418393115,2.3565907492160267,,,,,,not_physical_completion,"[462.4563299061543, 366.59322203168017, 215.65814032004135, -0.11439513023412765, 0.010116729418393115, 2.3565907492160267]","{""command_id_unavailable"": true, ""final_internal_force_setpoint_verified"": false}"
E1_on_r02_20260917T180946_1789636186200651410_aqclx4_k,3804,,,1789636190001917062,1678942613199,receipt_only_no_header,,,/ur10skku/targetF,valid,,,,,controller_reported_target,targetF,runtime_force_coordinate_unknown,,,N,,,,,,,0.0,0.0,0.0,,,not_physical_completion,"[0.0, 0.0, 0.0, 0.0, 0.0, 0.0]","{""command_id_unavailable"": true, ""final_internal_force_setpoint_verified"": false}"
E1_on_r02_20260917T180946_1789636186200651410_aqclx4_k,3807,,,1789636190002288900,1678942985177,receipt_only_no_header,,,/ur10skku/targetP,valid,,,,,controller_reported_target,targetP,robot_base,rotvec_rad,mm,,462.54085112474064,366.4577894473597,215.63700197912854,-0.11496181728920189,0.010167263790499974,2.3565830004746275,,,,,,not_physical_completion,"[462.54085112474064, 366.4577894473597, 215.63700197912854, -0.11496181728920189, 0.010167263790499974, 2.3565830004746275]","{""command_id_unavailable"": true, ""final_internal_force_setpoint_verified"": false}"
E1_on_r02_20260917T180946_1789636186200651410_aqclx4_k,3808,,,1789636190002319067,1678943015234,receipt_only_no_header,,,/ur10skku/targetF,valid,,,,,controller_reported_target,targetF,runtime_force_coordinate_unknown,,,N,,,,,,,0.0,0.0,0.0,,,not_physical_completion,"[0.0, 0.0, 0.0, 0.0, 0.0, 0.0]","{""command_id_unavailable"": true, ""final_internal_force_setpoint_verified"": false}"
E1_on_r02_20260917T180946_1789636186200651410_aqclx4_k,3828,,,1789636190031945993,1678972643783,receipt_only_no_header,,,/ur10skku/targetP,valid,,,,,controller_reported_target,targetP,robot_base,rotvec_rad,mm,,462.625372343327,366.3223568630392,215.61586363821573,-0.11553156864891248,0.010218071425739503,2.3565751128207295,,,,,,not_physical_completion,"[462.625372343327, 366.3223568630392, 215.61586363821573, -0.11553156864891248, 0.010218071425739503, 2.3565751128207295]","{""command_id_unavailable"": true, ""final_internal_force_setpoint_verified"": false}"
E1_on_r02_20260917T180946_1789636186200651410_aqclx4_k,3833,,,1789636190032549291,1678973245759,receipt_only_no_header,,,/ur10skku/targetP,valid,,,,,controller_reported_target,targetP,robot_base,rotvec_rad,mm,,462.70989356191336,366.1869242787187,215.59472529730292,-0.11610445333588743,0.010269158479268452,2.356567083710496,,,,,,not_physical_completion,"[462.70989356191336, 366.1869242787187, 215.59472529730292, -0.11610445333588743, 0.010269158479268452, 2.356567083710496]","{""command_id_unavailable"": true, ""final_internal_force_setpoint_verified"": false}"
E1_on_r02_20260917T180946_1789636186200651410_aqclx4_k,3834,,,1789636190032578226,1678973274343,receipt_only_no_header,,,/ur10skku/targetF,valid,,,,,controller_reported_target,targetF,runtime_force_coordinate_unknown,,,N,,,,,,,0.0,0.0,0.0,,,not_physical_completion,"[0.0, 0.0, 0.0, 0.0, 0.0, 0.0]","{""command_id_unavailable"": true, ""final_internal_force_setpoint_verified"": false}"
E1_on_r02_20260917T180946_1789636186200651410_aqclx4_k,3839,,,1789636190032963048,1678973659376,receipt_only_no_header,,,/ur10skku/targetP,valid,,,,,controller_reported_target,targetP,robot_base,rotvec_rad,mm,,462.7944147804997,366.05149169439824,215.5735869563901,-0.11668054169671006,0.010320531224309436,2.356558910525056,,,,,,not_physical_completion,"[462.7944147804997, 366.05149169439824, 215.5735869563901, -0.11668054169671006, 0.010320531224309436, 2.356558910525056]","{""command_id_unavailable"": true, ""final_internal_force_setpoint_verified"": false}"
E1_on_r02_20260917T180946_1789636186200651410_aqclx4_k,3840,,,1789636190032990881,1678973687169,receipt_only_no_header,,,/ur10skku/targetF,valid,,,,,controller_reported_target,targetF,runtime_force_coordinate_unknown,,,N,,,,,,,0.0,0.0,0.0,,,not_physical_completion,"[0.0, 0.0, 0.0, 0.0, 0.0, 0.0]","{""command_id_unavailable"": true, ""final_internal_force_setpoint_verified"": false}"
E1_on_r02_20260917T180946_1789636186200651410_aqclx4_k,3844,,,1789636190033592957,1678974290266,receipt_only_no_header,,,/ur10skku/targetP,valid,,,,,controller_reported_target,targetP,robot_base,rotvec_rad,mm,,462.8789359990861,365.91605911007775,215.5524486154773,-0.11725990544409988,0.0103721960559125,2.356550590568086,,,,,,not_physical_completion,"[462.8789359990861, 365.91605911007775, 215.5524486154773, -0.11725990544409988, 0.0103721960559125, 2.356550590568086]","{""command_id_unavailable"": true, ""final_internal_force_setpoint_verified"": false}"
E1_on_r02_20260917T180946_1789636186200651410_aqclx4_k,3845,,,1789636190033628064,1678974324572,receipt_only_no_header,,,/ur10skku/targetF,valid,,,,,controller_reported_target,targetF,runtime_force_coordinate_unknown,,,N,,,,,,,0.0,0.0,0.0,,,not_physical_completion,"[0.0, 0.0, 0.0, 0.0, 0.0, 0.0]","{""command_id_unavailable"": true, ""final_internal_force_setpoint_verified"": false}"
E1_on_r02_20260917T180946_1789636186200651410_aqclx4_k,3847,,,1789636190033894871,1678974591550,receipt_only_no_header,,,/ur10skku/targetP,valid,,,,,controller_reported_target,targetP,robot_base,rotvec_rad,mm,,462.96345721767244,365.78062652575727,215.53131027456448,-0.11784261770054438,0.010424159494846064,2.356542121063294,,,,,,not_physical_completion,"[462.96345721767244, 365.78062652575727, 215.53131027456448, -0.11784261770054438, 0.010424159494846064, 2.356542121063294]","{""command_id_unavailable"": true, ""final_internal_force_setpoint_verified"": false}"
E1_on_r02_20260917T180946_1789636186200651410_aqclx4_k,3848,,,1789636190033924468,1678974620845,receipt_only_no_header,,,/ur10skku/targetF,valid,,,,,controller_reported_target,targetF,runtime_force_coordinate_unknown,,,N,,,,,,,0.0,0.0,0.0,,,not_physical_completion,"[0.0, 0.0, 0.0, 0.0, 0.0, 0.0]","{""command_id_unavailable"": true, ""final_internal_force_setpoint_verified"": false}"
E1_on_r02_20260917T180946_1789636186200651410_aqclx4_k,3852,,,1789636190034192578,1678974888996,receipt_only_no_header,,,/ur10skku/targetP,valid,,,,,controller_reported_target,targetP,robot_base,rotvec_rad,mm,,463.0479784362588,365.6451939414368,215.51017193365166,-0.11842875304344647,0.010476428191623009,2.3565334991518014,,,,,,not_physical_completion,"[463.0479784362588, 365.6451939414368, 215.51017193365166, -0.11842875304344647, 0.010476428191623009, 2.3565334991518014]","{""command_id_unavailable"": true, ""final_internal_force_setpoint_verified"": false}"
E1_on_r02_20260917T180946_1789636186200651410_aqclx4_k,3853,,,1789636190034220331,1678974916618,receipt_only_no_header,,,/ur10skku/targetF,valid,,,,,controller_reported_target,targetF,runtime_force_coordinate_unknown,,,N,,,,,,,0.0,0.0,0.0,,,not_physical_completion,"[0.0, 0.0, 0.0, 0.0, 0.0, 0.0]","{""command_id_unavailable"": true, ""final_internal_force_setpoint_verified"": false}"
E1_on_r02_20260917T180946_1789636186200651410_aqclx4_k,3857,,,1789636190035067423,1678975763881,receipt_only_no_header,,,/ur10skku/targetP,valid,,,,,controller_reported_target,targetP,robot_base,rotvec_rad,mm,,463.13249965484516,365.5097613571163,215.48903359273885,-0.11901838755185291,0.010529008930667775,2.3565247218894103,,,,,,not_physical_completion,"[463.13249965484516, 365.5097613571163, 215.48903359273885, -0.11901838755185291, 0.010529008930667775, 2.3565247218894103]","{""command_id_unavailable"": true, ""final_internal_force_setpoint_verified"": false}"
E1_on_r02_20260917T180946_1789636186200651410_aqclx4_k,3858,,,1789636190035095396,1678975791634,receipt_only_no_header,,,/ur10skku/targetF,valid,,,,,controller_reported_target,targetF,runtime_force_coordinate_unknown,,,N,,,,,,,0.0,0.0,0.0,,,not_physical_completion,"[0.0, 0.0, 0.0, 0.0, 0.0, 0.0]","{""command_id_unavailable"": true, ""final_internal_force_setpoint_verified"": false}"
E1_on_r02_20260917T180946_1789636186200651410_aqclx4_k,3862,,,1789636190035400897,1678976097225,receipt_only_no_header,,,/ur10skku/targetP,valid,,,,,controller_reported_target,targetP,robot_base,rotvec_rad,mm,,463.2170208734315,365.3743287727958,215.46789525182604,-0.11961159885483619,0.010581908634630887,2.3565157862437625,,,,,,not_physical_completion,"[463.2170208734315, 365.3743287727958, 215.46789525182604, -0.11961159885483619, 0.010581908634630887, 2.3565157862437625]","{""command_id_unavailable"": true, ""final_internal_force_setpoint_verified"": false}"
E1_on_r02_20260917T180946_1789636186200651410_aqclx4_k,3863,,,1789636190035427067,1678976123205,receipt_only_no_header,,,/ur10skku/targetF,valid,,,,,controller_reported_target,targetF,runtime_force_coordinate_unknown,,,N,,,,,,,0.0,0.0,0.0,,,not_physical_completion,"[0.0, 0.0, 0.0, 0.0, 0.0, 0.0]","{""command_id_unavailable"": true, ""final_internal_force_setpoint_verified"": false}"
E1_on_r02_20260917T180946_1789636186200651410_aqclx4_k,3867,,,1789636190035941636,1678976637954,receipt_only_no_header,,,/ur10skku/targetP,valid,,,,,controller_reported_target,targetP,robot_base,rotvec_rad,mm,,463.30086592226917,365.23997964914986,215.44692601764055,-0.12020114314484698,0.010634481335922923,2.3565068013523365,,,,,,not_physical_completion,"[463.30086592226917, 365.23997964914986, 215.44692601764055, -0.12020114314484698, 0.010634481335922923, 2.3565068013523365]","{""command_id_unavailable"": true, ""final_internal_force_setpoint_verified"": false}"
E1_on_r02_20260917T180946_1789636186200651410_aqclx4_k,3868,,,1789636190035967456,1678976663583,receipt_only_no_header,,,/ur10skku/targetF,valid,,,,,controller_reported_target,targetF,runtime_force_coordinate_unknown,,,N,,,,,,,0.0,0.0,0.0,,,not_physical_completion,"[0.0, 0.0, 0.0, 0.0, 0.0, 0.0]","{""command_id_unavailable"": true, ""final_internal_force_setpoint_verified"": false}"
E1_on_r02_20260917T180946_1789636186200651410_aqclx4_k,3872,,,1789636190036243621,1678976939828,receipt_only_no_header,,,/ur10skku/targetF,valid,,,,,controller_reported_target,targetF,runtime_force_coordinate_unknown,,,N,,,,,,,0.0,0.0,0.0,,,not_physical_completion,"[0.0, 0.0, 0.0, 0.0, 0.0, 0.0]","{""command_id_unavailable"": true, ""final_internal_force_setpoint_verified"": false}"
E1_on_r02_20260917T180946_1789636186200651410_aqclx4_k,3888,,,1789636190066199062,1679006895991,receipt_only_no_header,,,/ur10skku/targetP,valid,,,,,controller_reported_target,targetP,robot_base,rotvec_rad,mm,,463.3840348013581,365.1067139861785,215.42612589018236,-0.12078701693530607,0.010686726723558035,2.356497769211601,,,,,,not_physical_completion,"[463.3840348013581, 365.1067139861785, 215.42612589018236, -0.12078701693530607, 0.010686726723558035, 2.356497769211601]","{""command_id_unavailable"": true, ""final_internal_force_setpoint_verified"": false}"
E1_on_r02_20260917T180946_1789636186200651410_aqclx4_k,3889,,,1789636190066235802,1679006932791,receipt_only_no_header,,,/ur10skku/targetF,valid,,,,,controller_reported_target,targetF,runtime_force_coordinate_unknown,,,N,,,,,,,0.0,0.0,0.0,,,not_physical_completion,"[0.0, 0.0, 0.0, 0.0, 0.0, 0.0]","{""command_id_unavailable"": true, ""final_internal_force_setpoint_verified"": false}"
E1_on_r02_20260917T180946_1789636186200651410_aqclx4_k,3897,,,1789636190133675479,1679074372879,receipt_only_no_header,,,/ur10skku/targetP,valid,,,,,controller_reported_target,targetP,robot_base,rotvec_rad,mm,,463.46652751069837,364.9745317838817,215.40549486945147,-0.12136921650064365,0.01073864446523872,2.3564886918121526,,,,,,not_physical_completion,"[463.46652751069837, 364.9745317838817, 215.40549486945147, -0.12136921650064365, 0.01073864446523872, 2.3564886918121526]","{""command_id_unavailable"": true, ""final_internal_force_setpoint_verified"": false}"
E1_on_r02_20260917T180946_1789636186200651410_aqclx4_k,3898,,,1789636190133710196,1679074406683,receipt_only_no_header,,,/ur10skku/targetF,valid,,,,,controller_reported_target,targetF,runtime_force_coordinate_unknown,,,N,,,,,,,0.0,0.0,0.0,,,not_physical_completion,"[0.0, 0.0, 0.0, 0.0, 0.0, 0.0]","{""command_id_unavailable"": true, ""final_internal_force_setpoint_verified"": false}"
E1_on_r02_20260917T180946_1789636186200651410_aqclx4_k,3902,,,1789636190134356495,1679075052873,receipt_only_no_header,,,/ur10skku/targetP,valid,,,,,controller_reported_target,targetP,robot_base,rotvec_rad,mm,,463.5483440502899,364.84343304225945,215.38503295544788,-0.12194773787531332,0.01079023420726783,2.356479571138896,,,,,,not_physical_completion,"[463.5483440502899, 364.84343304225945, 215.38503295544788, -0.12194773787531332, 0.01079023420726783, 2.356479571138896]","{""command_id_unavailable"": true, ""final_internal_force_setpoint_verified"": false}"
E1_on_r02_20260917T180946_1789636186200651410_aqclx4_k,3903,,,1789636190134384449,1679075080666,receipt_only_no_header,,,/ur10skku/targetF,valid,,,,,controller_reported_target,targetF,runtime_force_coordinate_unknown,,,N,,,,,,,0.0,0.0,0.0,,,not_physical_completion,"[0.0, 0.0, 0.0, 0.0, 0.0, 0.0]","{""command_id_unavailable"": true, ""final_internal_force_setpoint_verified"": false}"
E1_on_r02_20260917T180946_1789636186200651410_aqclx4_k,3905,,,1789636190134522521,1679075219019,receipt_only_no_header,,,/ur10skku/targetP,valid,,,,,controller_reported_target,targetP,robot_base,rotvec_rad,mm,,463.6294844201328,364.71341776131175,215.3647401481716,-0.12252257685274195,0.010841495574454975,2.3564704091712305,,,,,,not_physical_completion,"[463.6294844201328, 364.71341776131175, 215.3647401481716, -0.12252257685274195, 0.010841495574454975, 2.3564704091712305]","{""command_id_unavailable"": true, ""final_internal_force_setpoint_verified"": false}"
E1_on_r02_20260917T180946_1789636186200651410_aqclx4_k,3906,,,1789636190134551216,1679075247443,receipt_only_no_header,,,/ur10skku/targetF,valid,,,,,controller_reported_target,targetF,runtime_force_coordinate_unknown,,,N,,,,,,,0.0,0.0,0.0,,,not_physical_completion,"[0.0, 0.0, 0.0, 0.0, 0.0, 0.0]","{""command_id_unavailable"": true, ""final_internal_force_setpoint_verified"": false}"
E1_on_r02_20260917T180946_1789636186200651410_aqclx4_k,3922,,,1789636190166852230,1679107549329,receipt_only_no_header,,,/ur10skku/targetP,valid,,,,,controller_reported_target,targetP,robot_base,rotvec_rad,mm,,463.709948620227,364.5844859410386,215.3446164476226,-0.12309372898421485,0.010892428170017062,2.3564612078832283,,,,,,not_physical_completion,"[463.709948620227, 364.5844859410386, 215.3446164476226, -0.12309372898421485, 0.010892428170017062, 2.3564612078832283]","{""command_id_unavailable"": true, ""final_internal_force_setpoint_verified"": false}"
E1_on_r02_20260917T180946_1789636186200651410_aqclx4_k,3923,,,1789636190166885634,1679107582152,receipt_only_no_header,,,/ur10skku/targetF,valid,,,,,controller_reported_target,targetF,runtime_force_coordinate_unknown,,,N,,,,,,,0.0,0.0,0.0,,,not_physical_completion,"[0.0, 0.0, 0.0, 0.0, 0.0, 0.0]","{""command_id_unavailable"": true, ""final_internal_force_setpoint_verified"": false}"
E1_on_r02_20260917T180946_1789636186200651410_aqclx4_k,3927,,,1789636190167408539,1679108105097,receipt_only_no_header,,,/ur10skku/targetP,valid,,,,,controller_reported_target,targetP,robot_base,rotvec_rad,mm,,463.78973665057254,364.4566375814401,215.3246618538009,-0.12366118957769573,0.010943031575473081,2.3564519692438144,,,,,,not_physical_completion,"[463.78973665057254, 364.4566375814401, 215.3246618538009, -0.12366118957769573, 0.010943031575473081, 2.3564519692438144]","{""command_id_unavailable"": true, ""final_internal_force_setpoint_verified"": false}"
E1_on_r02_20260917T180946_1789636186200651410_aqclx4_k,3928,,,1789636190167438556,1679108135234,receipt_only_no_header,,,/ur10skku/targetF,valid,,,,,controller_reported_target,targetF,runtime_force_coordinate_unknown,,,N,,,,,,,0.0,0.0,0.0,,,not_physical_completion,"[0.0, 0.0, 0.0, 0.0, 0.0, 0.0]","{""command_id_unavailable"": true, ""final_internal_force_setpoint_verified"": false}"
E1_on_r02_20260917T180946_1789636186200651410_aqclx4_k,3932,,,1789636190167814431,1679108510759,receipt_only_no_header,,,/ur10skku/targetP,valid,,,,,controller_reported_target,targetP,robot_base,rotvec_rad,mm,,463.86884851116935,364.3298726825161,215.30487636670654,-0.12422495369658057,0.010993305350532976,2.3564426952169426,,,,,,not_physical_completion,"[463.86884851116935, 364.3298726825161, 215.30487636670654, -0.12422495369658057, 0.010993305350532976, 2.3564426952169426]","{""command_id_unavailable"": true, ""final_internal_force_setpoint_verified"": false}"
E1_on_r02_20260917T180946_1789636186200651410_aqclx4_k,3933,,,1789636190167842725,1679108539122,receipt_only_no_header,,,/ur10skku/targetF,valid,,,,,controller_reported_target,targetF,runtime_force_coordinate_unknown,,,N,,,,,,,0.0,0.0,0.0,,,not_physical_completion,"[0.0, 0.0, 0.0, 0.0, 0.0, 0.0]","{""command_id_unavailable"": true, ""final_internal_force_setpoint_verified"": false}"
E1_on_r02_20260917T180946_1789636186200651410_aqclx4_k,3937,,,1789636190168421436,1679109117954,receipt_only_no_header,,,/ur10skku/targetP,valid,,,,,controller_reported_target,targetP,robot_base,rotvec_rad,mm,,463.94728420201744,364.20419124426667,215.28525998633947,-0.12478501615838501,0.011043249032980564,2.356433387761772,,,,,,not_physical_completion,"[463.94728420201744, 364.20419124426667, 215.28525998633947, -0.12478501615838501, 0.011043249032980564, 2.356433387761772]","{""command_id_unavailable"": true, ""final_internal_force_setpoint_verified"": false}"
E1_on_r02_20260917T180946_1789636186200651410_aqclx4_k,3938,,,1789636190168453697,1679109150175,receipt_only_no_header,,,/ur10skku/targetF,valid,,,,,controller_reported_target,targetF,runtime_force_coordinate_unknown,,,N,,,,,,,0.0,0.0,0.0,,,not_physical_completion,"[0.0, 0.0, 0.0, 0.0, 0.0, 0.0]","{""command_id_unavailable"": true, ""final_internal_force_setpoint_verified"": false}"
E1_on_r02_20260917T180946_1789636186200651410_aqclx4_k,3942,,,1789636190168895718,1679109592337,receipt_only_no_header,,,/ur10skku/targetP,valid,,,,,controller_reported_target,targetP,robot_base,rotvec_rad,mm,,464.0250437231169,364.0795932666918,215.2658127126997,-0.12534137153336428,0.011092862138550498,2.3564240488328396,,,,,,not_physical_completion,"[464.0250437231169, 364.0795932666918, 215.2658127126997, -0.12534137153336428, 0.011092862138550498, 2.3564240488328396]","{""command_id_unavailable"": true, ""final_internal_force_setpoint_verified"": false}"
E1_on_r02_20260917T180946_1789636186200651410_aqclx4_k,3943,,,1789636190168925184,1679109621502,receipt_only_no_header,,,/ur10skku/targetF,valid,,,,,controller_reported_target,targetF,runtime_force_coordinate_unknown,,,N,,,,,,,0.0,0.0,0.0,,,not_physical_completion,"[0.0, 0.0, 0.0, 0.0, 0.0, 0.0]","{""command_id_unavailable"": true, ""final_internal_force_setpoint_verified"": false}"
E1_on_r02_20260917T180946_1789636186200651410_aqclx4_k,3947,,,1789636190169222400,1679109918728,receipt_only_no_header,,,/ur10skku/targetP,valid,,,,,controller_reported_target,targetP,robot_base,rotvec_rad,mm,,464.1021270744676,363.9560787497915,215.24653454578723,-0.1258940141430649,0.011142144160799068,2.35641468038023,,,,,,not_physical_completion,"[464.1021270744676, 363.9560787497915, 215.24653454578723, -0.1258940141430649, 0.011142144160799068, 2.35641468038023]","{""command_id_unavailable"": true, ""final_internal_force_setpoint_verified"": false}"
E1_on_r02_20260917T180946_1789636186200651410_aqclx4_k,3948,,,1789636190169250213,1679109946340,receipt_only_no_header,,,/ur10skku/targetF,valid,,,,,controller_reported_target,targetF,runtime_force_coordinate_unknown,,,N,,,,,,,0.0,0.0,0.0,,,not_physical_completion,"[0.0, 0.0, 0.0, 0.0, 0.0, 0.0]","{""command_id_unavailable"": true, ""final_internal_force_setpoint_verified"": false}"
E1_on_r02_20260917T180946_1789636186200651410_aqclx4_k,3952,,,1789636190169716691,1679110413168,receipt_only_no_header,,,/ur10skku/targetP,valid,,,,,controller_reported_target,targetP,robot_base,rotvec_rad,mm,,464.17853425606967,363.8336476935658,215.22742548560205,-0.12644293805880769,0.011191094570968955,2.3564052843497514,,,,,,not_physical_completion,"[464.17853425606967, 363.8336476935658, 215.22742548560205, -0.12644293805880769, 0.011191094570968955, 2.3564052843497514]","{""command_id_unavailable"": true, ""final_internal_force_setpoint_verified"": false}"
E1_on_r02_20260917T180946_1789636186200651410_aqclx4_k,3953,,,1789636190169745135,1679110441913,receipt_only_no_header,,,/ur10skku/targetF,valid,,,,,controller_reported_target,targetF,runtime_force_coordinate_unknown,,,N,,,,,,,0.0,0.0,0.0,,,not_physical_completion,"[0.0, 0.0, 0.0, 0.0, 0.0, 0.0]","{""command_id_unavailable"": true, ""final_internal_force_setpoint_verified"": false}"
E1_on_r02_20260917T180946_1789636186200651410_aqclx4_k,3957,,,1789636190170243403,1679110939861,receipt_only_no_header,,,/ur10skku/targetP,valid,,,,,controller_reported_target,targetP,robot_base,rotvec_rad,mm,,464.254265267923,363.7123000980146,215.20848553214418,-0.12698813710010065,0.011239712817847674,2.356395862683098,,,,,,not_physical_completion,"[464.254265267923, 363.7123000980146, 215.20848553214418, -0.12698813710010065, 0.011239712817847674, 2.356395862683098]","{""command_id_unavailable"": true, ""final_internal_force_setpoint_verified"": false}"
E1_on_r02_20260917T180946_1789636186200651410_aqclx4_k,3958,,,1789636190170272117,1679110968355,receipt_only_no_header,,,/ur10skku/targetF,valid,,,,,controller_reported_target,targetF,runtime_force_coordinate_unknown,,,N,,,,,,,0.0,0.0,0.0,,,not_physical_completion,"[0.0, 0.0, 0.0, 0.0, 0.0, 0.0]","{""command_id_unavailable"": true, ""final_internal_force_setpoint_verified"": false}"
E1_on_r02_20260917T180946_1789636186200651410_aqclx4_k,3962,,,1789636190170569113,1679111265460,receipt_only_no_header,,,/ur10skku/targetP,valid,,,,,controller_reported_target,targetP,robot_base,rotvec_rad,mm,,464.3293201100277,363.592035963138,215.1897146854136,-0.12752960483298142,0.011287998327619762,2.3563864173180216,,,,,,not_physical_completion,"[464.3293201100277, 363.592035963138, 215.1897146854136, -0.12752960483298142, 0.011287998327619762, 2.3563864173180216]","{""command_id_unavailable"": true, ""final_internal_force_setpoint_verified"": false}"
E1_on_r02_20260917T180946_1789636186200651410_aqclx4_k,3963,,,1789636190170595863,1679111291981,receipt_only_no_header,,,/ur10skku/targetF,valid,,,,,controller_reported_target,targetF,runtime_force_coordinate_unknown,,,N,,,,,,,0.0,0.0,0.0,,,not_physical_completion,"[0.0, 0.0, 0.0, 0.0, 0.0, 0.0]","{""command_id_unavailable"": true, ""final_internal_force_setpoint_verified"": false}"
E1_on_r02_20260917T180946_1789636186200651410_aqclx4_k,3967,,,1789636190171116204,1679111812611,receipt_only_no_header,,,/ur10skku/targetP,valid,,,,,controller_reported_target,targetP,robot_base,rotvec_rad,mm,,464.4036987823837,363.472855288936,215.17111294541033,-0.12806733456828812,0.011335950503712569,2.3563769501884946,,,,,,not_physical_completion,"[464.4036987823837, 363.472855288936, 215.17111294541033, -0.12806733456828812, 0.011335950503712569, 2.3563769501884946]","{""command_id_unavailable"": true, ""final_internal_force_setpoint_verified"": false}"
E1_on_r02_20260917T180946_1789636186200651410_aqclx4_k,3968,,,1789636190171144738,1679111840965,receipt_only_no_header,,,/ur10skku/targetF,valid,,,,,controller_reported_target,targetF,runtime_force_coordinate_unknown,,,N,,,,,,,0.0,0.0,0.0,,,not_physical_completion,"[0.0, 0.0, 0.0, 0.0, 0.0, 0.0]","{""command_id_unavailable"": true, ""final_internal_force_setpoint_verified"": false}"
E1_on_r02_20260917T180946_1789636186200651410_aqclx4_k,3992,,,1789636190200848770,1679141545168,receipt_only_no_header,,,/ur10skku/targetP,valid,,,,,controller_reported_target,targetP,robot_base,rotvec_rad,mm,,464.47740128499095,363.3547580754085,215.15268031213438,-0.1286013193598573,0.011383568726635573,2.356367463224876,,,,,,not_physical_completion,"[464.47740128499095, 363.3547580754085, 215.15268031213438, -0.1286013193598573, 0.011383568726635573, 2.356367463224876]","{""command_id_unavailable"": true, ""final_internal_force_setpoint_verified"": false}"
E1_on_r02_20260917T180946_1789636186200651410_aqclx4_k,3993,,,1789636190200877766,1679141573993,receipt_only_no_header,,,/ur10skku/targetF,valid,,,,,controller_reported_target,targetF,runtime_force_coordinate_unknown,,,N,,,,,,,0.0,0.0,0.0,,,not_physical_completion,"[0.0, 0.0, 0.0, 0.0, 0.0, 0.0]","{""command_id_unavailable"": true, ""final_internal_force_setpoint_verified"": false}"
E1_on_r02_20260917T180946_1789636186200651410_aqclx4_k,3999,,,1789636190201463941,1679142160178,receipt_only_no_header,,,/ur10skku/targetP,valid,,,,,controller_reported_target,targetP,robot_base,rotvec_rad,mm,,464.55042761784955,363.23774432255556,215.13441678558573,-0.1291315520026486,0.011430852353813118,2.3563579583540726,,,,,,not_physical_completion,"[464.55042761784955, 363.23774432255556, 215.13441678558573, -0.1291315520026486, 0.011430852353813118, 2.3563579583540726]","{""command_id_unavailable"": true, ""final_internal_force_setpoint_verified"": false}"
E1_on_r02_20260917T180946_1789636186200651410_aqclx4_k,4000,,,1789636190201491634,1679142187781,receipt_only_no_header,,,/ur10skku/targetF,valid,,,,,controller_reported_target,targetF,runtime_force_coordinate_unknown,,,N,,,,,,,0.0,0.0,0.0,,,not_physical_completion,"[0.0, 0.0, 0.0, 0.0, 0.0, 0.0]","{""command_id_unavailable"": true, ""final_internal_force_setpoint_verified"": false}"
E1_on_r02_20260917T180946_1789636186200651410_aqclx4_k,4006,,,1789636190202063081,1679142759178,receipt_only_no_header,,,/ur10skku/targetP,valid,,,,,controller_reported_target,targetP,robot_base,rotvec_rad,mm,,464.62277778095944,363.1218140303772,215.11632236576438,-0.12965802503079443,0.011477800719410503,2.356348437499702,,,,,,not_physical_completion,"[464.62277778095944, 363.1218140303772, 215.11632236576438, -0.12965802503079443, 0.011477800719410503, 2.356348437499702]","{""command_id_unavailable"": true, ""final_internal_force_setpoint_verified"": false}"
E1_on_r02_20260917T180946_1789636186200651410_aqclx4_k,4007,,,1789636190202089060,1679142785188,receipt_only_no_header,,,/ur10skku/targetF,valid,,,,,controller_reported_target,targetF,runtime_force_coordinate_unknown,,,N,,,,,,,0.0,0.0,0.0,,,not_physical_completion,"[0.0, 0.0, 0.0, 0.0, 0.0, 0.0]","{""command_id_unavailable"": true, ""final_internal_force_setpoint_verified"": false}"
E1_on_r02_20260917T180946_1789636186200651410_aqclx4_k,4012,,,1789636190202424168,1679143120536,receipt_only_no_header,,,/ur10skku/targetP,valid,,,,,controller_reported_target,targetP,robot_base,rotvec_rad,mm,,464.69445177432067,363.00696719887344,215.09839705267032,-0.13018073071557415,0.011524413134153328,2.356338902582253,,,,,,not_physical_completion,"[464.69445177432067, 363.00696719887344, 215.09839705267032, -0.13018073071557415, 0.011524413134153328, 2.356338902582253]","{""command_id_unavailable"": true, ""final_internal_force_setpoint_verified"": false}"
E1_on_r02_20260917T180946_1789636186200651410_aqclx4_k,4013,,,1789636190202450598,1679143146746,receipt_only_no_header,,,/ur10skku/targetF,valid,,,,,controller_reported_target,targetF,runtime_force_coordinate_unknown,,,N,,,,,,,0.0,0.0,0.0,,,not_physical_completion,"[0.0, 0.0, 0.0, 0.0, 0.0, 0.0]","{""command_id_unavailable"": true, ""final_internal_force_setpoint_verified"": false}"
E1_on_r02_20260917T180946_1789636186200651410_aqclx4_k,4018,,,1789636190202980877,1679143677205,receipt_only_no_header,,,/ur10skku/targetP,valid,,,,,controller_reported_target,targetP,robot_base,rotvec_rad,mm,,464.7654495979332,362.8932038280442,215.08064084630357,-0.13069966106331096,0.011570688885139933,2.3563293555192426,,,,,,not_physical_completion,"[464.7654495979332, 362.8932038280442, 215.08064084630357, -0.13069966106331096, 0.011570688885139933, 2.3563293555192426]","{""command_id_unavailable"": true, ""final_internal_force_setpoint_verified"": false}"
E1_on_r02_20260917T180946_1789636186200651410_aqclx4_k,4019,,,1789636190203008199,1679143704898,receipt_only_no_header,,,/ur10skku/targetF,valid,,,,,controller_reported_target,targetF,runtime_force_coordinate_unknown,,,N,,,,,,,0.0,0.0,0.0,,,not_physical_completion,"[0.0, 0.0, 0.0, 0.0, 0.0, 0.0]","{""command_id_unavailable"": true, ""final_internal_force_setpoint_verified"": false}"
E1_on_r02_20260917T180946_1789636186200651410_aqclx4_k,4023,,,1789636190203446764,1679144142921,receipt_only_no_header,,,/ur10skku/targetP,valid,,,,,controller_reported_target,targetP,robot_base,rotvec_rad,mm,,464.83577125179704,362.7805239178895,215.0630537466641,-0.13121480781319075,0.011616627235646895,2.3563197982253756,,,,,,not_physical_completion,"[464.83577125179704, 362.7805239178895, 215.0630537466641, -0.13121480781319075, 0.011616627235646895, 2.3563197982253756]","{""command_id_unavailable"": true, ""final_internal_force_setpoint_verified"": false}"
E1_on_r02_20260917T180946_1789636186200651410_aqclx4_k,4024,,,1789636190203473835,1679144169943,receipt_only_no_header,,,/ur10skku/targetF,valid,,,,,controller_reported_target,targetF,runtime_force_coordinate_unknown,,,N,,,,,,,0.0,0.0,0.0,,,not_physical_completion,"[0.0, 0.0, 0.0, 0.0, 0.0, 0.0]","{""command_id_unavailable"": true, ""final_internal_force_setpoint_verified"": false}"
E1_on_r02_20260917T180946_1789636186200651410_aqclx4_k,4042,,,1789636190234427856,1679175124204,receipt_only_no_header,,,/ur10skku/targetP,valid,,,,,controller_reported_target,targetP,robot_base,rotvec_rad,mm,,464.9054167359122,362.66892746840944,215.04563575375195,-0.13172616243500157,0.011662227424927445,2.3563102326127,,,,,,not_physical_completion,"[464.9054167359122, 362.66892746840944, 215.04563575375195, -0.13172616243500157, 0.011662227424927445, 2.3563102326127]","{""command_id_unavailable"": true, ""final_internal_force_setpoint_verified"": false}"
E1_on_r02_20260917T180946_1789636186200651410_aqclx4_k,4043,,,1789636190234456240,1679175152408,receipt_only_no_header,,,/ur10skku/targetF,valid,,,,,controller_reported_target,targetF,runtime_force_coordinate_unknown,,,N,,,,,,,0.0,0.0,0.0,,,not_physical_completion,"[0.0, 0.0, 0.0, 0.0, 0.0, 0.0]","{""command_id_unavailable"": true, ""final_internal_force_setpoint_verified"": false}"
E1_on_r02_20260917T180946_1789636186200651410_aqclx4_k,4048,,,1789636190234908010,1679175604127,receipt_only_no_header,,,/ur10skku/targetP,valid,,,,,controller_reported_target,targetP,robot_base,rotvec_rad,mm,,464.9743860502786,362.5584144796039,215.0283868675671,-0.13223371612679213,0.011707488668002645,2.3563006605907617,,,,,,not_physical_completion,"[464.9743860502786, 362.5584144796039, 215.0283868675671, -0.13223371612679213, 0.011707488668002645, 2.3563006605907617]","{""command_id_unavailable"": true, ""final_internal_force_setpoint_verified"": false}"
E1_on_r02_20260917T180946_1789636186200651410_aqclx4_k,4049,,,1789636190234934561,1679175630668,receipt_only_no_header,,,/ur10skku/targetF,valid,,,,,controller_reported_target,targetF,runtime_force_coordinate_unknown,,,N,,,,,,,0.0,0.0,0.0,,,not_physical_completion,"[0.0, 0.0, 0.0, 0.0, 0.0, 0.0]","{""command_id_unavailable"": true, ""final_internal_force_setpoint_verified"": false}"
E1_on_r02_20260917T180946_1789636186200651410_aqclx4_k,4051,,,1789636190235262715,1679175958902,receipt_only_no_header,,,/ur10skku/targetP,valid,,,,,controller_reported_target,targetP,robot_base,rotvec_rad,mm,,465.0426791948964,362.44898495147294,215.01130708810956,-0.1327374598124483,0.011752410155445288,2.3562910840667626,,,,,,not_physical_completion,"[465.0426791948964, 362.44898495147294, 215.01130708810956, -0.1327374598124483, 0.011752410155445288, 2.3562910840667626]","{""command_id_unavailable"": true, ""final_internal_force_setpoint_verified"": false}"
E1_on_r02_20260917T180946_1789636186200651410_aqclx4_k,4052,,,1789636190235289817,1679175986074,receipt_only_no_header,,,/ur10skku/targetF,valid,,,,,controller_reported_target,targetF,runtime_force_coordinate_unknown,,,N,,,,,,,0.0,0.0,0.0,,,not_physical_completion,"[0.0, 0.0, 0.0, 0.0, 0.0, 0.0]","{""command_id_unavailable"": true, ""final_internal_force_setpoint_verified"": false}"
E1_on_r02_20260917T180946_1789636186200651410_aqclx4_k,4056,,,1789636190235868317,1679176564555,receipt_only_no_header,,,/ur10skku/targetP,valid,,,,,controller_reported_target,targetP,robot_base,rotvec_rad,mm,,465.11029616976543,362.3406388840165,214.99439641537933,-0.13323738413918604,0.011796991053156309,2.3562815049457075,,,,,,not_physical_completion,"[465.11029616976543, 362.3406388840165, 214.99439641537933, -0.13323738413918604, 0.011796991053156309, 2.3562815049457075]","{""command_id_unavailable"": true, ""final_internal_force_setpoint_verified"": false}"
E1_on_r02_20260917T180946_1789636186200651410_aqclx4_k,4057,,,1789636190235894617,1679176590705,receipt_only_no_header,,,/ur10skku/targetF,valid,,,,,controller_reported_target,targetF,runtime_force_coordinate_unknown,,,N,,,,,,,0.0,0.0,0.0,,,not_physical_completion,"[0.0, 0.0, 0.0, 0.0, 0.0, 0.0]","{""command_id_unavailable"": true, ""final_internal_force_setpoint_verified"": false}"
E1_on_r02_20260917T180946_1789636186200651410_aqclx4_k,4060,,,1789636190236161235,1679176857422,receipt_only_no_header,,,/ur10skku/targetP,valid,,,,,controller_reported_target,targetP,robot_base,rotvec_rad,mm,,465.17723697488583,362.2333762772347,214.9776548493764,-0.13373347947495914,0.011841230502133628,2.356271925130561,,,,,,not_physical_completion,"[465.17723697488583, 362.2333762772347, 214.9776548493764, -0.13373347947495914, 0.011841230502133628, 2.356271925130561]","{""command_id_unavailable"": true, ""final_internal_force_setpoint_verified"": false}"
E1_on_r02_20260917T180946_1789636186200651410_aqclx4_k,4061,,,1789636190236187254,1679176883432,receipt_only_no_header,,,/ur10skku/targetF,valid,,,,,controller_reported_target,targetF,runtime_force_coordinate_unknown,,,N,,,,,,,0.0,0.0,0.0,,,not_physical_completion,"[0.0, 0.0, 0.0, 0.0, 0.0, 0.0]","{""command_id_unavailable"": true, ""final_internal_force_setpoint_verified"": false}"
E1_on_r02_20260917T180946_1789636186200651410_aqclx4_k,4064,,,1789636190236610900,1679177307098,receipt_only_no_header,,,/ur10skku/targetP,valid,,,,,controller_reported_target,targetP,robot_base,rotvec_rad,mm,,465.2435016102575,362.12719713112745,214.96108239010076,-0.13422573590578069,0.011885127618233274,2.356262346522397,,,,,,not_physical_completion,"[465.2435016102575, 362.12719713112745, 214.96108239010076, -0.13422573590578069, 0.011885127618233274, 2.356262346522397]","{""command_id_unavailable"": true, ""final_internal_force_setpoint_verified"": false}"
E1_on_r02_20260917T180946_1789636186200651410_aqclx4_k,4065,,,1789636190236637521,1679177333708,receipt_only_no_header,,,/ur10skku/targetF,valid,,,,,controller_reported_target,targetF,runtime_force_coordinate_unknown,,,N,,,,,,,0.0,0.0,0.0,,,not_physical_completion,"[0.0, 0.0, 0.0, 0.0, 0.0, 0.0]","{""command_id_unavailable"": true, ""final_internal_force_setpoint_verified"": false}"
E1_on_r02_20260917T180946_1789636186200651410_aqclx4_k,4069,,,1789636190236959333,1679177655591,receipt_only_no_header,,,/ur10skku/targetP,valid,,,,,controller_reported_target,targetP,robot_base,rotvec_rad,mm,,465.30909007588053,362.0221014456947,214.94467903755242,-0.13471414323295589,0.011928681491922631,2.356252771020547,,,,,,not_physical_completion,"[465.30909007588053, 362.0221014456947, 214.94467903755242, -0.13471414323295589, 0.011928681491922631, 2.356252771020547]","{""command_id_unavailable"": true, ""final_internal_force_setpoint_verified"": false}"
E1_on_r02_20260917T180946_1789636186200651410_aqclx4_k,4070,,,1789636190236984782,1679177680969,receipt_only_no_header,,,/ur10skku/targetF,valid,,,,,controller_reported_target,targetF,runtime_force_coordinate_unknown,,,N,,,,,,,0.0,0.0,0.0,,,not_physical_completion,"[0.0, 0.0, 0.0, 0.0, 0.0, 0.0]","{""command_id_unavailable"": true, ""final_internal_force_setpoint_verified"": false}"
E1_on_r02_20260917T180946_1789636186200651410_aqclx4_k,4097,,,1789636190312297151,1679252996634,receipt_only_no_header,,,/ur10skku/targetP,valid,,,,,controller_reported_target,targetP,robot_base,rotvec_rad,mm,,465.37400237175484,361.91808922093657,214.92844479173138,-0.13519869097022563,0.011971891188025711,2.3562432005227523,,,,,,not_physical_completion,"[465.37400237175484, 361.91808922093657, 214.92844479173138, -0.13519869097022563, 0.011971891188025711, 2.3562432005227523]","{""command_id_unavailable"": true, ""final_internal_force_setpoint_verified"": false}"
E1_on_r02_20260917T180946_1789636186200651410_aqclx4_k,4101,,,1789636190313172486,1679253869305,receipt_only_no_header,,,/ur10skku/targetP,valid,,,,,controller_reported_target,targetP,robot_base,rotvec_rad,mm,,465.43823849788043,361.815160456853,214.91237965263764,-0.13567936834081779,0.012014755745460182,2.356233636925308,,,,,,not_physical_completion,"[465.43823849788043, 361.815160456853, 214.91237965263764, -0.13567936834081779, 0.012014755745460182, 2.356233636925308]","{""command_id_unavailable"": true, ""final_internal_force_setpoint_verified"": false}"
E1_on_r02_20260917T180946_1789636186200651410_aqclx4_k,4102,,,1789636190313205549,1679253901676,receipt_only_no_header,,,/ur10skku/targetF,valid,,,,,controller_reported_target,targetF,runtime_force_coordinate_unknown,,,N,,,,,,,0.0,0.0,0.0,,,not_physical_completion,"[0.0, 0.0, 0.0, 0.0, 0.0, 0.0]","{""command_id_unavailable"": true, ""final_internal_force_setpoint_verified"": false}"
E1_on_r02_20260917T180946_1789636186200651410_aqclx4_k,4105,,,1789636190313625458,1679254321926,receipt_only_no_header,,,/ur10skku/targetF,valid,,,,,controller_reported_target,targetF,runtime_force_coordinate_unknown,,,N,,,,,,,0.0,0.0,0.0,,,not_physical_completion,"[0.0, 0.0, 0.0, 0.0, 0.0, 0.0]","{""command_id_unavailable"": true, ""final_internal_force_setpoint_verified"": false}"
E1_on_r02_20260917T180946_1789636186200651410_aqclx4_k,4129,,,1789636190362957520,1679303657154,receipt_only_no_header,,,/ur10skku/targetP,valid,,,,,controller_reported_target,targetP,robot_base,rotvec_rad,mm,,465.50179845425737,361.713315153444,214.89648362027123,-0.13615616427440602,0.012057274176966183,2.356224082123215,,,,,,not_physical_completion,"[465.50179845425737, 361.713315153444, 214.89648362027123, -0.13615616427440602, 0.012057274176966183, 2.356224082123215]","{""command_id_unavailable"": true, ""final_internal_force_setpoint_verified"": false}"
E1_on_r02_20260917T180946_1789636186200651410_aqclx4_k,4130,,,1789636190363023535,1679303722047,receipt_only_no_header,,,/ur10skku/targetF,valid,,,,,controller_reported_target,targetF,runtime_force_coordinate_unknown,,,N,,,,,,,0.0,0.0,0.0,,,not_physical_completion,"[0.0, 0.0, 0.0, 0.0, 0.0, 0.0]","{""command_id_unavailable"": true, ""final_internal_force_setpoint_verified"": false}"
E1_on_r02_20260917T180946_1789636186200651410_aqclx4_k,4147,,,1789636190396697001,1679337393960,receipt_only_no_header,,,/ur10skku/targetP,valid,,,,,controller_reported_target,targetP,robot_base,rotvec_rad,mm,,465.5646822408856,361.61255331070953,214.8807566946321,-0.13662906740397257,0.012099445468826554,2.3562145380103217,,,,,,not_physical_completion,"[465.5646822408856, 361.61255331070953, 214.8807566946321, -0.13662906740397257, 0.012099445468826554, 2.3562145380103217]","{""command_id_unavailable"": true, ""final_internal_force_setpoint_verified"": false}"
E1_on_r02_20260917T180946_1789636186200651410_aqclx4_k,4148,,,1789636190396729873,1679337426411,receipt_only_no_header,,,/ur10skku/targetF,valid,,,,,controller_reported_target,targetF,runtime_force_coordinate_unknown,,,N,,,,,,,0.0,0.0,0.0,,,not_physical_completion,"[0.0, 0.0, 0.0, 0.0, 0.0, 0.0]","{""command_id_unavailable"": true, ""final_internal_force_setpoint_verified"": false}"
E1_on_r02_20260917T180946_1789636186200651410_aqclx4_k,4150,,,1789636190396882494,1679337578932,receipt_only_no_header,,,/ur10skku/targetP,valid,,,,,controller_reported_target,targetP,robot_base,rotvec_rad,mm,,465.62688985776515,361.51287492864964,214.8651988757203,-0.13709806606257446,0.012141268580578464,2.35620500647947,,,,,,not_physical_completion,"[465.62688985776515, 361.51287492864964, 214.8651988757203, -0.13709806606257446, 0.012141268580578464, 2.35620500647947]","{""command_id_unavailable"": true, ""final_internal_force_setpoint_verified"": false}"
E1_on_r02_20260917T180946_1789636186200651410_aqclx4_k,4151,,,1789636190396910728,1679337606965,receipt_only_no_header,,,/ur10skku/targetF,valid,,,,,controller_reported_target,targetF,runtime_force_coordinate_unknown,,,N,,,,,,,0.0,0.0,0.0,,,not_physical_completion,"[0.0, 0.0, 0.0, 0.0, 0.0, 0.0]","{""command_id_unavailable"": true, ""final_internal_force_setpoint_verified"": false}"
E1_on_r02_20260917T180946_1789636186200651410_aqclx4_k,4155,,,1789636190397238191,1679337934508,receipt_only_no_header,,,/ur10skku/targetP,valid,,,,,controller_reported_target,targetP,robot_base,rotvec_rad,mm,,465.688421304896,361.4142800072643,214.84981016353578,-0.13756314828001054,0.012182742444716173,2.3561954894226433,,,,,,not_physical_completion,"[465.688421304896, 361.4142800072643, 214.84981016353578, -0.13756314828001054, 0.012182742444716173, 2.3561954894226433]","{""command_id_unavailable"": true, ""final_internal_force_setpoint_verified"": false}"
E1_on_r02_20260917T180946_1789636186200651410_aqclx4_k,4156,,,1789636190397265362,1679337961550,receipt_only_no_header,,,/ur10skku/targetF,valid,,,,,controller_reported_target,targetF,runtime_force_coordinate_unknown,,,N,,,,,,,0.0,0.0,0.0,,,not_physical_completion,"[0.0, 0.0, 0.0, 0.0, 0.0, 0.0]","{""command_id_unavailable"": true, ""final_internal_force_setpoint_verified"": false}"
E1_on_r02_20260917T180946_1789636186200651410_aqclx4_k,4160,,,1789636190397614757,1679338311656,receipt_only_no_header,,,/ur10skku/targetP,valid,,,,,controller_reported_target,targetP,robot_base,rotvec_rad,mm,,465.7492765822782,361.3167685465536,214.83459055807856,-0.13802430177938718,0.01222386596638479,2.3561859887311063,,,,,,not_physical_completion,"[465.7492765822782, 361.3167685465536, 214.83459055807856, -0.13802430177938718, 0.01222386596638479, 2.3561859887311063]","{""command_id_unavailable"": true, ""final_internal_force_setpoint_verified"": false}"
E1_on_r02_20260917T180946_1789636186200651410_aqclx4_k,4161,,,1789636190397644073,1679338340351,receipt_only_no_header,,,/ur10skku/targetF,valid,,,,,controller_reported_target,targetF,runtime_force_coordinate_unknown,,,N,,,,,,,0.0,0.0,0.0,,,not_physical_completion,"[0.0, 0.0, 0.0, 0.0, 0.0, 0.0]","{""command_id_unavailable"": true, ""final_internal_force_setpoint_verified"": false}"
E1_on_r02_20260917T180946_1789636186200651410_aqclx4_k,4163,,,1789636190397787586,1679338483884,receipt_only_no_header,,,/ur10skku/targetP,valid,,,,,controller_reported_target,targetP,robot_base,rotvec_rad,mm,,465.80945568991166,361.2203405465174,214.81954005934864,-0.13848151397358066,0.012264638023064803,2.356176506295549,,,,,,not_physical_completion,"[465.80945568991166, 361.2203405465174, 214.81954005934864, -0.13848151397358066, 0.012264638023064803, 2.356176506295549]","{""command_id_unavailable"": true, ""final_internal_force_setpoint_verified"": false}"
E1_on_r02_20260917T180946_1789636186200651410_aqclx4_k,4164,,,1789636190397813225,1679338509362,receipt_only_no_header,,,/ur10skku/targetF,valid,,,,,controller_reported_target,targetF,runtime_force_coordinate_unknown,,,N,,,,,,,0.0,0.0,0.0,,,not_physical_completion,"[0.0, 0.0, 0.0, 0.0, 0.0, 0.0]","{""command_id_unavailable"": true, ""final_internal_force_setpoint_verified"": false}"
E1_on_r02_20260917T180946_1789636186200651410_aqclx4_k,4170,,,1789636190398299009,1679338995327,receipt_only_no_header,,,/ur10skku/targetP,valid,,,,,controller_reported_target,targetP,robot_base,rotvec_rad,mm,,465.8689586277964,361.12499600715574,214.80465866734602,-0.1389347719615945,0.012305057464247236,2.356167044006229,,,,,,not_physical_completion,"[465.8689586277964, 361.12499600715574, 214.80465866734602, -0.1389347719615945, 0.012305057464247236, 2.356167044006229]","{""command_id_unavailable"": true, ""final_internal_force_setpoint_verified"": false}"
E1_on_r02_20260917T180946_1789636186200651410_aqclx4_k,4171,,,1789636190398333765,1679339030313,receipt_only_no_header,,,/ur10skku/targetF,valid,,,,,controller_reported_target,targetF,runtime_force_coordinate_unknown,,,N,,,,,,,0.0,0.0,0.0,,,not_physical_completion,"[0.0, 0.0, 0.0, 0.0, 0.0, 0.0]","{""command_id_unavailable"": true, ""final_internal_force_setpoint_verified"": false}"
E1_on_r02_20260917T180946_1789636186200651410_aqclx4_k,4173,,,1789636190398590885,1679339287222,receipt_only_no_header,,,/ur10skku/targetP,valid,,,,,controller_reported_target,targetP,robot_base,rotvec_rad,mm,,465.9277853959325,361.0307349284687,214.7899463820707,-0.13938406252480837,0.012345123111099133,2.3561576037531116,,,,,,not_physical_completion,"[465.9277853959325, 361.0307349284687, 214.7899463820707, -0.13938406252480837, 0.012345123111099133, 2.3561576037531116]","{""command_id_unavailable"": true, ""final_internal_force_setpoint_verified"": false}"
E1_on_r02_20260917T180946_1789636186200651410_aqclx4_k,4174,,,1789636190398618758,1679339314925,receipt_only_no_header,,,/ur10skku/targetF,valid,,,,,controller_reported_target,targetF,runtime_force_coordinate_unknown,,,N,,,,,,,0.0,0.0,0.0,,,not_physical_completion,"[0.0, 0.0, 0.0, 0.0, 0.0, 0.0]","{""command_id_unavailable"": true, ""final_internal_force_setpoint_verified"": false}"
E1_on_r02_20260917T180946_1789636186200651410_aqclx4_k,4177,,,1789636190398857853,1679339554100,receipt_only_no_header,,,/ur10skku/targetP,valid,,,,,controller_reported_target,targetP,robot_base,rotvec_rad,mm,,465.9859359943199,360.93755731045616,214.7754032035227,-0.13982937212311727,0.01238483375611929,2.3561481874260126,,,,,,not_physical_completion,"[465.9859359943199, 360.93755731045616, 214.7754032035227, -0.13982937212311727, 0.01238483375611929, 2.3561481874260126]","{""command_id_unavailable"": true, ""final_internal_force_setpoint_verified"": false}"
E1_on_r02_20260917T180946_1789636186200651410_aqclx4_k,4178,,,1789636190398884313,1679339580420,receipt_only_no_header,,,/ur10skku/targetF,valid,,,,,controller_reported_target,targetF,runtime_force_coordinate_unknown,,,N,,,,,,,0.0,0.0,0.0,,,not_physical_completion,"[0.0, 0.0, 0.0, 0.0, 0.0, 0.0]","{""command_id_unavailable"": true, ""final_internal_force_setpoint_verified"": false}"
E1_on_r02_20260917T180946_1789636186200651410_aqclx4_k,4180,,,1789636190399008710,1679339704977,receipt_only_no_header,,,/ur10skku/targetP,valid,,,,,controller_reported_target,targetP,robot_base,rotvec_rad,mm,,466.04341042295863,360.8454631531182,214.761029131702,-0.1402706868909579,0.012424188162783869,2.3561387969147347,,,,,,not_physical_completion,"[466.04341042295863, 360.8454631531182, 214.761029131702, -0.1402706868909579, 0.012424188162783869, 2.3561387969147347]","{""command_id_unavailable"": true, ""final_internal_force_setpoint_verified"": false}"
E1_on_r02_20260917T180946_1789636186200651410_aqclx4_k,4181,,,1789636190399034869,1679339730947,receipt_only_no_header,,,/ur10skku/targetF,valid,,,,,controller_reported_target,targetF,runtime_force_coordinate_unknown,,,N,,,,,,,0.0,0.0,0.0,,,not_physical_completion,"[0.0, 0.0, 0.0, 0.0, 0.0, 0.0]","{""command_id_unavailable"": true, ""final_internal_force_setpoint_verified"": false}"
